;Num_Acc;senc;catv;occutc;obs;obsm;choc;manv;num_veh
880;201500000611;0;30;0;0.0;2.0;1.0;15.0;A01
881;201500000611;0;10;0;0.0;2.0;3.0;1.0;B02
882;201500000612;0;1;0;0.0;0.0;0.0;13.0;B02
883;201500000612;0;21;0;0.0;0.0;6.0;1.0;A01
884;201500000613;0;7;0;0.0;0.0;1.0;2.0;A01
885;201500000613;0;7;0;0.0;0.0;4.0;2.0;C03
886;201500000613;0;7;0;0.0;0.0;4.0;2.0;B02
887;201500000614;0;33;0;0.0;2.0;7.0;17.0;B02
888;201500000614;0;7;0;0.0;2.0;8.0;15.0;A01
889;201500000615;0;7;0;0.0;2.0;7.0;19.0;B02
890;201500000615;0;7;0;0.0;2.0;1.0;1.0;A01
891;201500000616;0;7;0;0.0;0.0;6.0;17.0;B02
892;201500000616;0;33;0;0.0;2.0;1.0;17.0;A01
893;201500000617;0;7;0;0.0;2.0;7.0;15.0;A01
894;201500000617;0;7;0;0.0;2.0;1.0;1.0;B02
895;201500000618;0;7;0;0.0;0.0;7.0;15.0;A01
896;201500000618;0;33;0;0.0;2.0;1.0;1.0;B02
897;201500000619;0;7;0;0.0;2.0;8.0;10.0;A01
898;201500000619;0;2;0;0.0;2.0;1.0;1.0;B02
899;201500000620;0;7;0;0.0;2.0;2.0;1.0;A01
900;201500000620;0;33;0;0.0;2.0;1.0;5.0;B02
901;201500000621;0;7;0;0.0;2.0;2.0;1.0;A01
902;201500000621;0;33;0;0.0;0.0;0.0;0.0;B02
903;201500000623;0;7;0;0.0;2.0;3.0;2.0;A01
904;201500000623;0;7;0;0.0;2.0;8.0;19.0;B02
905;201500000624;0;7;0;0.0;2.0;3.0;1.0;B02
906;201500000624;0;7;0;0.0;2.0;2.0;19.0;A01
907;201500000625;0;33;0;0.0;2.0;1.0;1.0;B02
908;201500000625;0;7;0;0.0;2.0;7.0;1.0;A01
909;201500000626;0;7;0;2.0;0.0;1.0;14.0;A01
910;201500000627;0;7;0;0.0;2.0;1.0;1.0;B02
911;201500000627;0;7;0;0.0;2.0;7.0;11.0;A01
912;201500000628;0;7;0;0.0;2.0;3.0;1.0;B02
913;201500000628;0;99;0;0.0;2.0;1.0;13.0;A01
914;201500000631;0;7;0;0.0;2.0;1.0;2.0;B02
915;201500000631;0;7;0;0.0;2.0;3.0;15.0;A01
916;201500000632;0;30;0;0.0;0.0;7.0;1.0;A01
917;201500000633;0;7;0;0.0;2.0;3.0;1.0;B02
918;201500000633;0;7;0;0.0;2.0;3.0;1.0;A01
919;201500000634;0;7;0;0.0;2.0;1.0;1.0;B02
920;201500000634;0;7;0;0.0;2.0;2.0;1.0;A01
921;201500000635;0;15;0;0.0;2.0;3.0;1.0;B02
922;201500000635;0;7;0;0.0;2.0;3.0;13.0;A01
923;201500000636;0;7;0;0.0;2.0;1.0;1.0;A01
924;201500000636;0;7;0;0.0;2.0;7.0;19.0;B02
925;201500000637;0;7;0;0.0;0.0;1.0;17.0;A01
926;201500000637;0;7;0;0.0;0.0;1.0;1.0;B02
927;201500000639;0;7;0;0.0;2.0;1.0;1.0;B02
928;201500000639;0;7;0;0.0;2.0;1.0;13.0;A01
929;201500000640;0;2;0;0.0;0.0;0.0;1.0;A01
930;201500000641;0;7;0;0.0;0.0;6.0;10.0;B02
931;201500000641;0;33;0;0.0;2.0;1.0;17.0;A01
932;201500000642;0;31;0;8.0;0.0;1.0;1.0;A01
933;201500000643;0;7;0;0.0;2.0;2.0;17.0;B02
934;201500000643;0;7;0;0.0;0.0;6.0;15.0;A01
935;201500000644;0;7;0;0.0;2.0;1.0;11.0;A01
936;201500000644;0;7;0;0.0;2.0;1.0;1.0;B02
937;201500000645;0;31;0;1.0;0.0;1.0;1.0;A01
938;201500000645;0;38;0;0.0;2.0;4.0;24.0;B02
939;201500000647;0;7;0;0.0;2.0;5.0;15.0;B02
940;201500000647;0;33;0;0.0;2.0;1.0;1.0;A01
941;201500000648;0;7;0;16.0;0.0;1.0;1.0;A01
942;201500000649;0;21;0;0.0;2.0;2.0;1.0;B02
943;201500000649;0;21;0;6.0;2.0;8.0;1.0;A01
944;201500000650;0;7;0;0.0;0.0;3.0;1.0;A01
945;201500000651;0;7;0;0.0;0.0;2.0;15.0;A01
946;201500000651;0;7;0;0.0;2.0;1.0;1.0;B02
947;201500000653;0;10;0;2.0;0.0;1.0;1.0;A01
948;201500000654;0;2;0;0.0;2.0;1.0;0.0;B02
949;201500000654;0;7;0;0.0;2.0;3.0;1.0;A01
950;201500000655;0;7;0;8.0;0.0;3.0;1.0;A01
951;201500000656;0;7;0;0.0;2.0;1.0;1.0;C03
952;201500000656;0;21;0;0.0;0.0;6.0;1.0;A01
953;201500000656;0;7;0;0.0;2.0;1.0;21.0;B02
954;201500000657;0;7;0;0.0;0.0;3.0;13.0;A01
955;201500000657;0;7;0;0.0;0.0;3.0;0.0;B02
956;201500000658;0;7;0;0.0;2.0;6.0;19.0;B02
957;201500000658;0;30;0;0.0;2.0;1.0;1.0;A01
958;201500000659;1;7;0;0.0;1.0;0.0;0.0;A01
959;201500000660;0;33;0;0.0;0.0;1.0;1.0;B02
960;201500000660;0;2;0;0.0;0.0;8.0;1.0;A01
961;201500000662;0;7;0;8.0;0.0;1.0;14.0;A01
962;201500000663;0;10;0;0.0;2.0;8.0;15.0;B02
963;201500000663;0;2;0;0.0;2.0;7.0;17.0;A01
964;201500000665;0;7;0;0.0;2.0;3.0;15.0;A01
965;201500000665;0;15;0;0.0;2.0;1.0;1.0;B02
966;201500000666;0;7;0;0.0;1.0;3.0;1.0;A01
967;201500000667;0;7;0;13.0;0.0;3.0;19.0;A01
968;201500000669;0;7;0;13.0;0.0;1.0;1.0;A01
969;201500000670;0;7;0;0.0;2.0;2.0;21.0;A01
970;201500000670;0;7;0;0.0;2.0;3.0;0.0;B02
971;201500000671;0;10;0;2.0;0.0;1.0;1.0;A01
972;201500000672;0;7;0;8.0;0.0;1.0;1.0;A01
973;201500000673;0;7;0;0.0;2.0;1.0;1.0;A01
974;201500000673;0;7;0;0.0;2.0;1.0;1.0;B02
975;201500000674;0;7;0;0.0;2.0;1.0;1.0;B02
976;201500000674;0;7;0;0.0;2.0;2.0;1.0;A01
977;201500000675;0;7;0;0.0;2.0;1.0;2.0;C03
978;201500000675;0;7;0;0.0;2.0;1.0;1.0;B02
979;201500000675;0;7;0;0.0;2.0;1.0;1.0;A01
980;201500000679;0;3;0;0.0;2.0;1.0;1.0;A01
981;201500000679;0;10;0;0.0;2.0;8.0;15.0;B02
982;201500000680;0;33;0;0.0;2.0;1.0;21.0;A01
983;201500000680;0;7;0;0.0;2.0;8.0;1.0;B02
984;201500000681;0;21;0;0.0;0.0;8.0;16.0;A01
985;201500000681;0;7;0;0.0;2.0;2.0;2.0;B02
986;201500000682;0;7;0;0.0;2.0;1.0;1.0;A01
987;201500000682;0;7;0;0.0;0.0;8.0;19.0;B02
988;201500000683;0;7;0;0.0;2.0;1.0;1.0;B02
989;201500000683;0;33;0;0.0;2.0;1.0;1.0;A01
990;201500000684;0;30;0;13.0;0.0;1.0;1.0;A01
991;201500000685;0;33;0;0.0;2.0;8.0;1.0;B02
992;201500000685;0;33;0;0.0;2.0;2.0;17.0;A01
993;201500000686;0;31;0;0.0;2.0;1.0;1.0;B02
994;201500000686;0;7;0;0.0;2.0;3.0;16.0;A01
995;201500000687;0;7;0;0.0;2.0;7.0;5.0;A01
996;201500000687;0;7;0;0.0;2.0;1.0;1.0;B02
997;201500000688;0;10;0;0.0;2.0;3.0;1.0;B02
998;201500000688;0;7;0;0.0;2.0;3.0;13.0;A01
999;201500000689;0;7;0;16.0;0.0;9.0;1.0;A01
1000;201500000690;0;7;0;0.0;1.0;2.0;1.0;A01
1001;201500000691;0;7;0;0.0;2.0;4.0;1.0;B02
1002;201500000691;0;30;0;14.0;0.0;1.0;2.0;A01
1003;201500000692;0;7;0;0.0;2.0;1.0;1.0;B02
1004;201500000692;0;7;0;0.0;2.0;1.0;15.0;A01
1005;201500000694;0;30;0;0.0;2.0;8.0;1.0;B02
1006;201500000694;0;7;0;0.0;2.0;2.0;1.0;A01
1007;201500000696;0;7;0;0.0;2.0;3.0;1.0;B02
1008;201500000696;0;17;0;0.0;2.0;5.0;12.0;A01
1009;201500000698;0;7;0;0.0;2.0;7.0;15.0;A01
1010;201500000698;0;33;0;0.0;2.0;8.0;1.0;B02
1011;201500000699;0;33;0;6.0;0.0;1.0;1.0;A01
1012;201500000700;0;7;0;0.0;2.0;3.0;21.0;B02
1013;201500000700;0;7;0;0.0;2.0;3.0;13.0;A01
1014;201500000701;0;7;0;0.0;2.0;4.0;2.0;B02
1015;201500000701;0;7;0;0.0;2.0;1.0;2.0;A01
1016;201500000702;0;33;0;0.0;0.0;0.0;1.0;A01
1017;201500000703;0;7;0;16.0;0.0;3.0;21.0;A01
1018;201500000704;0;7;0;2.0;0.0;1.0;0.0;A01
1019;201500000705;0;7;0;0.0;2.0;3.0;1.0;B02
1020;201500000705;0;33;0;0.0;2.0;1.0;1.0;A01
1021;201500000707;0;7;0;0.0;2.0;1.0;1.0;B02
1022;201500000707;0;14;0;0.0;2.0;2.0;1.0;A01
1023;201500000708;0;7;0;0.0;2.0;3.0;1.0;A01
1024;201500000708;0;7;0;0.0;2.0;3.0;0.0;B02
1025;201500000709;0;33;0;0.0;0.0;7.0;0.0;A01
1026;201500000710;0;7;0;0.0;0.0;9.0;0.0;A01
1027;201500000711;0;7;0;0.0;2.0;5.0;1.0;A01
1028;201500000711;0;7;0;0.0;2.0;1.0;0.0;B02
1029;201500000712;0;7;0;0.0;2.0;2.0;19.0;A01
1030;201500000712;0;7;0;0.0;2.0;3.0;1.0;B02
1031;201500000713;0;10;0;6.0;0.0;1.0;14.0;A01
1032;201500000714;0;7;0;0.0;2.0;1.0;1.0;B02
1033;201500000714;0;7;0;0.0;2.0;3.0;15.0;A01
1034;201500000715;0;7;0;0.0;2.0;3.0;1.0;A01
1035;201500000715;0;7;0;0.0;2.0;3.0;1.0;B02
1036;201500000717;0;7;0;14.0;0.0;9.0;1.0;A01
1037;201500000718;0;7;0;8.0;2.0;1.0;1.0;A01
1038;201500000719;0;7;0;0.0;1.0;2.0;1.0;A01
1039;201500000720;0;33;0;13.0;2.0;7.0;13.0;A01
1040;201500000720;0;7;0;0.0;2.0;1.0;1.0;B02
1041;201500000721;0;33;0;0.0;6.0;1.0;1.0;A01
1042;201500000722;0;7;0;13.0;0.0;2.0;1.0;A01
1043;201500000723;0;7;0;0.0;2.0;1.0;1.0;A01
1044;201500000723;0;2;0;0.0;2.0;1.0;1.0;B01
1045;201500000724;0;10;0;0.0;2.0;2.0;19.0;A01
1046;201500000724;0;33;0;0.0;2.0;1.0;1.0;B02
1047;201500000725;0;7;0;0.0;2.0;2.0;13.0;A01
1048;201500000725;0;7;0;0.0;2.0;3.0;1.0;B02
1049;201500000726;0;7;0;0.0;2.0;1.0;1.0;A01
1050;201500000726;0;1;0;0.0;2.0;3.0;5.0;B02
1051;201500000727;0;7;0;0.0;2.0;2.0;1.0;A01
1052;201500000727;0;2;0;0.0;0.0;5.0;1.0;B02
1053;201500000728;0;7;0;16.0;0.0;9.0;1.0;A01
1054;201500000729;0;7;0;0.0;2.0;4.0;2.0;E05
1055;201500000729;0;7;0;0.0;2.0;1.0;2.0;A01
1056;201500000729;0;7;0;0.0;2.0;4.0;2.0;B02
1057;201500000729;0;7;0;0.0;2.0;4.0;2.0;C03
1058;201500000729;0;7;0;0.0;0.0;4.0;2.0;F06
1059;201500000729;0;7;0;0.0;2.0;4.0;2.0;D04
1060;201500000730;0;7;0;2.0;0.0;1.0;1.0;A01
1061;201500000731;0;7;0;6.0;0.0;2.0;1.0;A01
1062;201500000732;0;7;0;2.0;2.0;3.0;1.0;A01
1063;201500000733;0;7;0;0.0;2.0;4.0;15.0;A01
1064;201500000733;0;37;1;0.0;2.0;1.0;1.0;B02
1065;201500000734;0;7;0;0.0;0.0;2.0;1.0;A01
1066;201500000735;0;7;0;2.0;0.0;1.0;1.0;A01
1067;201500000736;0;33;0;0.0;2.0;1.0;1.0;A01
1068;201500000736;0;7;0;0.0;2.0;8.0;19.0;B02
1069;201500000737;0;33;0;0.0;0.0;0.0;1.0;A01
1070;201500000738;0;7;0;0.0;2.0;1.0;1.0;B02
1071;201500000738;0;7;0;0.0;2.0;3.0;15.0;A01
1072;201500000739;0;7;0;0.0;1.0;1.0;15.0;A01
1073;201500000740;0;1;0;0.0;2.0;1.0;1.0;B02
1074;201500000740;0;7;0;0.0;2.0;1.0;13.0;A01
1075;201500000741;0;7;0;0.0;2.0;2.0;1.0;A01
1076;201500000741;0;31;0;0.0;2.0;1.0;1.0;B02
1077;201500000742;0;33;0;16.0;0.0;1.0;1.0;A01
1078;201500000743;0;7;0;8.0;0.0;6.0;1.0;A01
1079;201500000744;0;36;0;0.0;2.0;1.0;13.0;A01
1080;201500000744;0;7;0;0.0;2.0;3.0;1.0;B02
1081;201500000745;0;7;0;2.0;0.0;1.0;0.0;A01
1082;201500000746;0;7;0;0.0;0.0;8.0;1.0;B02
1083;201500000746;0;7;0;0.0;0.0;1.0;15.0;A01
1084;201500000747;0;7;0;0.0;0.0;1.0;17.0;A01
1085;201500000747;0;7;0;0.0;0.0;7.0;1.0;B02
1086;201500000748;0;7;0;0.0;0.0;5.0;1.0;A01
1087;201500000748;0;33;0;0.0;0.0;1.0;1.0;B02
1088;201500000749;0;7;0;0.0;0.0;3.0;16.0;A01
1089;201500000749;0;33;0;0.0;2.0;1.0;1.0;B02
1090;201500000750;0;7;0;2.0;0.0;9.0;1.0;A01
1091;201500000751;0;7;0;0.0;2.0;3.0;13.0;A01
1092;201500000751;0;7;0;0.0;2.0;3.0;1.0;B02
1093;201500000752;0;7;0;0.0;1.0;2.0;0.0;A01
1094;201500000753;0;7;0;0.0;;;15.0;A02
1095;201500000753;0;33;0;0.0;2.0;1.0;17.0;B01
1096;201500000755;0;10;0;0.0;2.0;3.0;1.0;A01
1097;201500000755;0;30;0;0.0;2.0;1.0;1.0;B02
1098;201500000756;0;33;0;0.0;2.0;8.0;1.0;A01
1099;201500000756;0;33;0;0.0;2.0;7.0;1.0;B02
1100;201500000757;0;7;0;0.0;2.0;2.0;5.0;A01
1101;201500000757;0;7;0;0.0;2.0;3.0;1.0;B02
1102;201500000758;0;7;0;0.0;0.0;4.0;1.0;A01
1103;201500000758;0;30;0;0.0;2.0;2.0;1.0;B02
1104;201500000759;0;21;0;0.0;0.0;4.0;1.0;B02
1105;201500000759;0;10;0;0.0;2.0;3.0;1.0;A01
1106;201500000760;0;7;0;0.0;2.0;1.0;1.0;A01
1107;201500000760;0;7;0;0.0;0.0;1.0;1.0;B02
1108;201500000761;0;7;0;0.0;6.0;5.0;0.0;B02
1109;201500000761;0;10;0;0.0;2.0;3.0;14.0;A01
1110;201500000762;0;30;0;0.0;1.0;2.0;1.0;A01
1111;201500000763;0;7;0;2.0;0.0;1.0;1.0;A01
1112;201500000764;0;7;0;0.0;2.0;3.0;13.0;A01
1113;201500000764;0;10;0;0.0;2.0;1.0;1.0;B02
1114;201500000765;0;7;0;0.0;2.0;3.0;17.0;A01
1115;201500000765;0;30;0;0.0;2.0;1.0;2.0;B02
1116;201500000766;0;2;0;0.0;2.0;8.0;1.0;B02
1117;201500000766;0;7;0;0.0;2.0;2.0;19.0;A01
1118;201500000767;0;7;0;0.0;2.0;3.0;1.0;B02
1119;201500000767;0;7;0;0.0;2.0;1.0;19.0;A01
1120;201500000768;0;7;0;2.0;0.0;8.0;1.0;A01
1121;201500000769;0;7;0;0.0;2.0;1.0;15.0;B02
1122;201500000769;0;30;0;0.0;2.0;1.0;1.0;A01
1123;201500000770;0;15;0;0.0;0.0;8.0;1.0;A01
1124;201500000771;0;7;0;0.0;2.0;2.0;17.0;A01
1125;201500000771;0;7;0;13.0;0.0;6.0;1.0;B02
1126;201500000772;0;7;0;0.0;2.0;7.0;19.0;A01
1127;201500000772;0;7;0;0.0;2.0;1.0;1.0;B02
1128;201500000773;0;7;0;0.0;2.0;3.0;1.0;C03
1129;201500000773;0;33;0;0.0;2.0;6.0;1.0;B02
1130;201500000773;0;36;0;0.0;2.0;3.0;1.0;A01
1131;201500000774;0;7;0;0.0;0.0;9.0;1.0;A01
1132;201500000775;0;7;0;0.0;2.0;2.0;1.0;A01
1133;201500000775;0;7;0;0.0;2.0;2.0;1.0;B02
1134;201500000776;0;33;0;6.0;0.0;2.0;1.0;A01
1135;201500000777;0;33;0;0.0;2.0;1.0;1.0;A01
1136;201500000777;0;21;0;0.0;2.0;4.0;1.0;B02
1137;201500000778;0;7;0;0.0;2.0;2.0;1.0;A01
1138;201500000778;0;7;0;0.0;2.0;6.0;1.0;B02
1139;201500000779;0;7;0;0.0;1.0;2.0;1.0;A01
1140;201500000780;0;7;0;12.0;0.0;2.0;1.0;A01
1141;201500000781;0;14;0;0.0;2.0;5.0;24.0;C03
1142;201500000781;0;7;0;0.0;2.0;7.0;23.0;B02
1143;201500000781;0;30;0;0.0;2.0;1.0;1.0;A01
1144;201500000782;0;7;0;0.0;0.0;3.0;1.0;B02
1145;201500000782;0;7;0;0.0;2.0;1.0;19.0;A01
1146;201500000783;0;33;0;0.0;2.0;1.0;1.0;A01
1147;201500000783;0;10;0;0.0;2.0;8.0;15.0;B02
1148;201500000784;0;33;0;0.0;2.0;1.0;1.0;B02
1149;201500000784;0;10;0;0.0;0.0;3.0;19.0;A01
1150;201500000785;0;7;0;0.0;2.0;3.0;1.0;A01
1151;201500000785;0;1;0;0.0;2.0;6.0;19.0;B02
1152;201500000786;0;33;0;0.0;2.0;8.0;18.0;A01
1153;201500000786;0;7;0;0.0;2.0;7.0;9.0;B02
1154;201500000787;0;7;0;0.0;0.0;0.0;17.0;A01
1155;201500000787;0;33;0;13.0;2.0;1.0;21.0;B02
1156;201500000788;0;7;0;0.0;2.0;3.0;1.0;B02
1157;201500000788;0;2;0;0.0;2.0;1.0;9.0;A01
1158;201500000789;0;1;0;0.0;2.0;4.0;2.0;B02
1159;201500000789;0;10;0;0.0;2.0;2.0;2.0;A01
1160;201500000790;0;7;0;0.0;1.0;2.0;2.0;A01
1161;201500000791;0;17;0;0.0;0.0;6.0;1.0;A01
1162;201500000791;0;7;0;0.0;9.0;1.0;1.0;C03
1163;201500000791;0;30;0;0.0;2.0;1.0;1.0;B02
1164;201500000792;0;7;0;0.0;1.0;1.0;1.0;A01
1165;201500000793;0;7;0;0.0;2.0;1.0;2.0;A01
1166;201500000793;0;2;0;0.0;0.0;4.0;2.0;B02
1167;201500000794;0;7;0;15.0;0.0;8.0;11.0;A01
1168;201500000796;0;33;0;0.0;2.0;1.0;1.0;A01
1169;201500000796;0;21;0;0.0;2.0;5.0;17.0;B01
1170;201500000797;0;7;0;0.0;2.0;6.0;10.0;A01
1171;201500000797;0;33;0;0.0;2.0;1.0;1.0;B02
1172;201500000798;0;1;0;0.0;2.0;7.0;1.0;A01
1173;201500000798;0;7;0;0.0;9.0;1.0;1.0;B02
1174;201500000799;0;7;0;0.0;2.0;8.0;1.0;A01
1175;201500000799;0;7;0;0.0;2.0;1.0;17.0;B01
1176;201500000800;0;7;0;8.0;0.0;8.0;1.0;A01
1177;201500000801;0;7;0;0.0;2.0;0.0;1.0;A01
1178;201500000801;0;31;0;0.0;2.0;1.0;1.0;B02
1179;201500000802;0;2;0;0.0;2.0;1.0;1.0;B02
1180;201500000802;0;7;0;0.0;2.0;8.0;1.0;A01
1181;201500000804;0;14;0;0.0;2.0;0.0;2.0;A01
1182;201500000804;0;2;0;0.0;2.0;0.0;2.0;B02
1183;201500000805;0;7;0;13.0;0.0;2.0;1.0;A01
1184;201500000806;0;2;0;8.0;2.0;3.0;1.0;A01
1185;201500000807;0;7;0;0.0;2.0;8.0;5.0;A01
1186;201500000807;0;7;0;0.0;2.0;8.0;1.0;B02
1187;201500000807;0;7;0;0.0;2.0;1.0;1.0;C03
1188;201500000808;0;7;0;0.0;1.0;1.0;1.0;A01
1189;201500000809;0;2;0;13.0;2.0;3.0;15.0;B02
1190;201500000809;0;7;0;0.0;2.0;1.0;17.0;A01
1191;201500000810;0;2;0;0.0;2.0;1.0;17.0;B02
1192;201500000810;0;7;0;0.0;2.0;3.0;15.0;A01
1193;201500000811;0;33;0;0.0;2.0;1.0;1.0;A01
1194;201500000811;0;7;0;0.0;2.0;6.0;15.0;B02
1195;201500000812;0;7;0;0.0;1.0;2.0;1.0;A01
1196;201500000813;1;7;0;0.0;2.0;7.0;1.0;A02
1197;201500000813;0;2;0;0.0;2.0;1.0;1.0;A01
1198;201500000814;0;7;0;0.0;2.0;6.0;10.0;A01
1199;201500000814;0;2;0;0.0;2.0;1.0;1.0;B02
1200;201500000815;0;7;0;0.0;1.0;3.0;1.0;A01
1201;201500000816;0;7;0;0.0;2.0;2.0;1.0;A01
1202;201500000816;0;7;0;0.0;2.0;2.0;1.0;B02
1203;201500000817;0;7;0;2.0;0.0;8.0;1.0;A01
1204;201500000818;0;7;0;0.0;1.0;1.0;1.0;A01
1205;201500000819;0;7;0;2.0;0.0;8.0;1.0;A01
1206;201500000820;0;7;0;0.0;2.0;2.0;1.0;A01
1207;201500000820;0;7;0;0.0;2.0;3.0;19.0;B02
1208;201500000821;0;7;0;0.0;2.0;3.0;1.0;A01
1209;201500000821;0;7;0;0.0;2.0;2.0;19.0;B02
1210;201500000822;0;33;0;0.0;6.0;1.0;1.0;A01
1211;201500000823;0;7;0;0.0;1.0;1.0;1.0;A01
1212;201500000824;0;33;0;0.0;0.0;7.0;1.0;B02
1213;201500000824;0;7;0;0.0;0.0;3.0;9.0;A01
1214;201500000825;0;7;0;14.0;1.0;1.0;1.0;A01
1215;201500000826;0;7;0;0.0;2.0;2.0;15.0;B02
1216;201500000826;0;7;0;0.0;2.0;5.0;1.0;A01
1217;201500000827;0;7;0;0.0;2.0;3.0;5.0;A01
1218;201500000827;0;10;0;0.0;2.0;1.0;1.0;B02
1219;201500000828;0;7;0;16.0;0.0;2.0;1.0;A01
1220;201500000829;0;33;0;0.0;0.0;1.0;0.0;A01
1221;201500000830;0;7;0;0.0;2.0;2.0;19.0;A01
1222;201500000830;0;7;0;0.0;2.0;1.0;1.0;B02
1223;201500000832;0;7;0;0.0;2.0;3.0;1.0;B02
1224;201500000832;0;7;0;0.0;2.0;3.0;13.0;A01
1225;201500000833;0;7;0;3.0;0.0;8.0;21.0;C03
1226;201500000833;0;7;0;0.0;2.0;3.0;1.0;A01
1227;201500000833;0;7;0;0.0;2.0;3.0;1.0;B02
1228;201500000834;0;7;0;0.0;2.0;3.0;1.0;B02
1229;201500000834;0;3;0;0.0;2.0;8.0;19.0;A01
1230;201500000835;0;1;0;0.0;2.0;8.0;1.0;A01
1231;201500000835;0;10;0;0.0;9.0;1.0;19.0;B02
1232;201500000836;0;7;0;0.0;2.0;3.0;1.0;B02
1233;201500000836;0;7;0;0.0;2.0;5.0;1.0;A01
1234;201500000837;0;7;0;3.0;0.0;3.0;19.0;A01
1235;201500000838;0;33;0;0.0;2.0;1.0;1.0;B02
1236;201500000838;0;7;0;0.0;2.0;8.0;19.0;A01
1237;201500000839;0;7;0;0.0;2.0;1.0;1.0;B02
1238;201500000839;0;10;0;0.0;2.0;7.0;15.0;A01
1239;201500000840;0;7;0;0.0;2.0;3.0;15.0;B02
1240;201500000840;0;30;0;0.0;2.0;1.0;17.0;A01
1241;201500000841;0;30;0;0.0;2.0;1.0;5.0;A01
1242;201500000841;0;7;0;0.0;9.0;2.0;1.0;B02
1243;201500000842;0;7;0;0.0;1.0;3.0;1.0;A01
1244;201500000842;0;10;0;0.0;1.0;1.0;1.0;B02
1245;201500000843;2;7;0;2.0;0.0;1.0;6.0;A01
1246;201500000844;0;7;0;0.0;2.0;1.0;5.0;B02
1247;201500000844;0;7;0;3.0;2.0;1.0;1.0;A01
1248;201500000844;0;13;0;3.0;2.0;1.0;1.0;C03
1249;201500000845;0;7;0;0.0;0.0;1.0;1.0;A01
1250;201500000846;0;7;0;1.0;0.0;2.0;0.0;A01
1251;201500000847;0;1;0;0.0;0.0;1.0;0.0;B02
1252;201500000847;0;1;0;0.0;0.0;1.0;0.0;C03
1253;201500000847;0;7;0;0.0;2.0;1.0;13.0;A01
1254;201500000848;0;32;0;0.0;0.0;9.0;1.0;A01
1255;201500000849;0;7;0;13.0;0.0;1.0;1.0;A01
1256;201500000850;0;33;0;1.0;0.0;1.0;1.0;A01
1257;201500000851;0;33;0;13.0;0.0;7.0;1.0;A01
1258;201500000852;0;7;0;0.0;2.0;1.0;2.0;A01
1259;201500000852;0;10;0;0.0;0.0;4.0;2.0;B02
1260;201500000853;0;1;0;0.0;2.0;4.0;2.0;B02
1261;201500000853;0;14;0;0.0;2.0;8.0;2.0;A01
1262;201500000854;0;7;0;0.0;2.0;1.0;2.0;C03
1263;201500000854;0;7;0;0.0;0.0;4.0;1.0;A01
1264;201500000854;0;7;0;0.0;2.0;1.0;2.0;B02
1265;201500000856;0;7;0;0.0;1.0;6.0;4.0;A01
1266;201500000857;0;7;0;0.0;2.0;1.0;16.0;A01
1267;201500000857;0;1;0;0.0;2.0;5.0;1.0;B02
1268;201500000858;0;7;0;0.0;2.0;4.0;2.0;B02
1269;201500000858;0;33;0;0.0;2.0;1.0;2.0;A01
1270;201500000859;0;7;0;8.0;0.0;8.0;0.0;A01
1271;201500000860;0;7;0;0.0;2.0;3.0;13.0;A01
1272;201500000860;0;21;0;0.0;2.0;3.0;1.0;B02
1273;201500000861;0;7;0;0.0;2.0;1.0;1.0;B02
1274;201500000861;0;7;0;0.0;2.0;3.0;16.0;A01
1275;201500000862;0;2;0;0.0;2.0;3.0;1.0;B02
1276;201500000862;0;33;0;0.0;2.0;1.0;13.0;A01
1277;201500000863;0;7;0;0.0;2.0;6.0;19.0;A01
1278;201500000863;0;33;0;0.0;2.0;1.0;1.0;B02
1279;201500000864;0;2;0;0.0;2.0;1.0;1.0;A01
1280;201500000864;0;10;0;0.0;2.0;7.0;16.0;B02
1281;201500000865;0;7;0;0.0;9.0;2.0;2.0;A01
1282;201500000865;0;1;0;0.0;2.0;1.0;2.0;B02
1283;201500000866;0;30;0;0.0;2.0;8.0;15.0;B02
1284;201500000866;0;7;0;0.0;2.0;1.0;1.0;A01
1285;201500000867;0;7;0;0.0;2.0;3.0;1.0;A01
1286;201500000867;0;7;0;0.0;2.0;3.0;1.0;B02
1287;201500000868;0;7;0;2.0;0.0;1.0;1.0;A01
1288;201500000869;0;10;0;0.0;2.0;7.0;1.0;A01
1289;201500000869;0;7;0;0.0;2.0;1.0;1.0;B02
1290;201500000870;0;7;0;0.0;1.0;1.0;1.0;A01
1291;201500000871;0;7;0;0.0;2.0;3.0;15.0;B02
1292;201500000871;0;33;0;0.0;2.0;1.0;17.0;A01
1293;201500000872;0;7;0;13.0;0.0;8.0;1.0;A01
1294;201500000873;0;2;0;0.0;2.0;1.0;1.0;B02
1295;201500000873;0;7;0;0.0;2.0;3.0;10.0;A01
1296;201500000874;0;7;0;0.0;2.0;1.0;1.0;B02
1297;201500000874;0;7;0;0.0;2.0;1.0;1.0;A01
1298;201500000875;0;7;0;0.0;2.0;3.0;13.0;A01
1299;201500000875;0;7;0;0.0;2.0;3.0;1.0;B02
1300;201500000876;0;10;0;0.0;1.0;1.0;1.0;A01
1301;201500000877;0;30;0;13.0;0.0;1.0;1.0;A01
1302;201500000878;0;7;0;0.0;2.0;1.0;1.0;B02
1303;201500000878;0;7;0;0.0;2.0;7.0;15.0;A01
1304;201500000878;0;7;0;0.0;2.0;3.0;23.0;C03
1305;201500000879;0;7;0;13.0;0.0;1.0;1.0;A01
1306;201500000880;0;7;0;0.0;9.0;7.0;14.0;A01
1307;201500000880;0;1;0;0.0;0.0;8.0;1.0;B02
1308;201500000881;0;7;0;0.0;2.0;3.0;4.0;A01
1309;201500000881;0;7;0;0.0;2.0;1.0;1.0;B02
1310;201500000882;0;7;0;0.0;2.0;6.0;15.0;B02
1311;201500000882;0;31;0;0.0;2.0;1.0;1.0;A01