;Num_Acc;senc;catv;occutc;obs;obsm;choc;manv;num_veh
1741;201500001165;0;33;0;11.0;0.0;1.0;1.0;A01
1742;201500001166;0;7;0;0.0;0.0;0.0;1.0;A01
1743;201500001167;0;7;0;13.0;0.0;1.0;1.0;A01
1744;201500001169;0;21;0;0.0;9.0;6.0;1.0;A01
1745;201500001169;0;99;0;0.0;2.0;0.0;19.0;B02
1746;201500001170;0;7;0;2.0;0.0;3.0;1.0;A01
1747;201500001171;0;7;0;0.0;0.0;2.0;1.0;A01
1748;201500001172;0;7;0;0.0;2.0;1.0;13.0;A01
1749;201500001172;0;7;0;0.0;2.0;1.0;21.0;B02
1750;201500001172;0;7;0;0.0;2.0;1.0;21.0;C03
1751;201500001173;0;33;0;13.0;0.0;7.0;1.0;A01
1752;201500001175;0;33;0;0.0;2.0;2.0;1.0;A01
1753;201500001175;0;7;0;0.0;2.0;3.0;19.0;B02
1754;201500001176;0;7;0;0.0;2.0;2.0;1.0;A01
1755;201500001176;0;7;0;0.0;2.0;1.0;1.0;B02
1756;201500001177;0;7;0;0.0;2.0;1.0;0.0;A01
1757;201500001177;0;2;0;0.0;2.0;7.0;0.0;B02
1758;201500001178;0;33;0;0.0;2.0;1.0;13.0;A01
1759;201500001178;0;7;0;0.0;2.0;2.0;21.0;B02
1760;201500001179;0;33;0;0.0;2.0;1.0;1.0;B02
1761;201500001179;0;7;0;0.0;2.0;6.0;19.0;A01
1762;201500001180;0;33;0;13.0;0.0;7.0;14.0;A01
1763;201500001181;0;31;0;13.0;0.0;7.0;1.0;A01
1764;201500001182;0;7;0;0.0;2.0;3.0;19.0;A01
1765;201500001182;0;31;0;0.0;2.0;7.0;13.0;B02
1766;201500001183;0;21;0;0.0;2.0;2.0;1.0;A01
1767;201500001183;0;30;0;0.0;2.0;1.0;13.0;B02
1768;201500001184;0;7;0;13.0;0.0;1.0;0.0;A01
1769;201500001186;0;7;0;0.0;1.0;1.0;1.0;A01
1770;201500001187;0;32;0;3.0;0.0;8.0;17.0;A01
1771;201500001188;0;10;0;0.0;2.0;6.0;1.0;A01
1772;201500001188;0;7;0;0.0;2.0;1.0;1.0;B02
1773;201500001188;0;7;0;0.0;2.0;3.0;19.0;C03
1774;201500001189;0;7;0;0.0;9.0;1.0;1.0;A01
1775;201500001189;0;1;0;0.0;2.0;8.0;19.0;B02
1776;201500001190;0;7;0;0.0;0.0;2.0;0.0;A01
1777;201500001192;0;10;0;0.0;2.0;3.0;15.0;A01
1778;201500001192;0;33;0;0.0;2.0;1.0;1.0;B02
1779;201500001194;0;7;0;2.0;0.0;2.0;2.0;A01
1780;201500001195;0;10;0;0.0;2.0;5.0;15.0;B02
1781;201500001195;0;33;0;0.0;2.0;1.0;1.0;A01
1782;201500001195;0;7;0;0.0;2.0;3.0;1.0;C03
1783;201500001196;0;7;0;0.0;2.0;2.0;15.0;A01
1784;201500001196;0;7;0;0.0;2.0;1.0;1.0;B02
1785;201500001197;0;7;0;2.0;0.0;1.0;1.0;A01
1786;201500001198;0;7;0;0.0;2.0;1.0;16.0;B02
1787;201500001198;0;37;0;0.0;2.0;8.0;1.0;C03
1788;201500001198;0;1;0;0.0;2.0;8.0;19.0;A01
1789;201500001199;0;7;0;13.0;0.0;1.0;1.0;A01
1790;201500001200;1;2;0;0.0;2.0;1.0;17.0;B02
1791;201500001200;0;2;0;0.0;2.0;1.0;1.0;A01
1792;201500001201;0;7;0;0.0;2.0;8.0;15.0;B02
1793;201500001201;0;7;0;2.0;2.0;2.0;17.0;A01
1794;201500001202;0;7;0;0.0;2.0;3.0;1.0;A01
1795;201500001202;0;1;0;0.0;2.0;8.0;1.0;B02
1796;201500001203;0;2;0;0.0;2.0;1.0;1.0;A01
1797;201500001203;0;7;0;0.0;2.0;8.0;15.0;B02
1798;201500001204;0;7;0;0.0;2.0;3.0;13.0;A01
1799;201500001204;0;7;0;0.0;2.0;3.0;1.0;B02
1800;201500001205;0;7;0;0.0;2.0;3.0;1.0;B02
1801;201500001205;0;7;0;0.0;2.0;3.0;13.0;A01
1802;201500001206;0;7;0;0.0;1.0;7.0;1.0;A01
1803;201500001207;0;7;0;0.0;2.0;1.0;1.0;B02
1804;201500001207;0;7;0;0.0;2.0;1.0;1.0;A01
1805;201500001208;0;1;0;0.0;2.0;2.0;0.0;B02
1806;201500001208;0;7;0;0.0;9.0;2.0;13.0;A01
1807;201500001211;0;10;0;13.0;0.0;1.0;1.0;A01
1808;201500001212;0;7;0;0.0;2.0;1.0;9.0;A01
1809;201500001212;0;33;0;0.0;2.0;2.0;1.0;B02
1810;201500001214;0;7;0;0.0;2.0;3.0;13.0;A01
1811;201500001214;0;7;0;0.0;2.0;3.0;1.0;B02
1812;201500001216;0;7;0;0.0;0.0;9.0;2.0;A01
1813;201500001217;0;1;0;0.0;2.0;1.0;1.0;B02
1814;201500001217;0;7;0;0.0;9.0;3.0;1.0;A01
1815;201500001218;0;30;0;0.0;2.0;1.0;1.0;A01
1816;201500001218;0;7;0;0.0;2.0;3.0;17.0;B02
1817;201500001219;0;7;0;0.0;0.0;1.0;13.0;A01
1818;201500001220;0;7;0;0.0;2.0;3.0;13.0;A01
1819;201500001220;0;7;0;0.0;2.0;3.0;1.0;B02
1820;201500001221;0;7;0;0.0;1.0;2.0;1.0;A01
1821;201500001223;0;7;0;0.0;0.0;9.0;12.0;A01
1822;201500001224;0;7;0;0.0;1.0;2.0;1.0;A01
1823;201500001226;0;7;0;0.0;0.0;5.0;2.0;B02
1824;201500001226;0;33;0;0.0;0.0;5.0;2.0;A01
1825;201500001227;0;7;0;0.0;2.0;1.0;17.0;A01
1826;201500001227;0;21;0;0.0;2.0;8.0;15.0;B02
1827;201500001228;0;7;0;0.0;0.0;6.0;0.0;A01
1828;201500001228;0;33;0;0.0;2.0;1.0;0.0;B02
1829;201500001229;0;7;0;0.0;1.0;2.0;1.0;A01
1830;201500001230;0;7;0;0.0;9.0;8.0;9.0;A01
1831;201500001230;0;1;0;0.0;2.0;7.0;1.0;B02
1832;201500001231;0;10;0;4.0;0.0;0.0;1.0;A01
1833;201500001232;0;7;0;0.0;1.0;2.0;11.0;A01
1834;201500001233;0;7;0;0.0;2.0;2.0;17.0;A01
1835;201500001233;0;7;0;0.0;2.0;5.0;1.0;B02
1836;201500001234;0;2;0;0.0;2.0;1.0;13.0;B02
1837;201500001234;0;10;0;0.0;2.0;3.0;1.0;A01
1838;201500001235;0;15;0;0.0;2.0;4.0;2.0;B02
1839;201500001235;0;10;0;0.0;2.0;1.0;2.0;A01
1840;201500001236;0;7;0;0.0;2.0;4.0;15.0;B02
1841;201500001236;0;33;0;0.0;2.0;1.0;17.0;A01
1842;201500001238;0;7;0;0.0;1.0;7.0;1.0;A01
1843;201500001239;0;31;0;15.0;0.0;0.0;21.0;A01
1844;201500001240;0;7;0;7.0;0.0;1.0;1.0;A01
1845;201500001241;0;2;0;0.0;2.0;3.0;15.0;B02
1846;201500001241;0;7;0;0.0;2.0;2.0;1.0;A01
1847;201500001243;0;7;0;8.0;0.0;2.0;1.0;A01
1848;201500001244;0;10;0;0.0;9.0;3.0;1.0;B02
1849;201500001244;0;1;0;0.0;2.0;2.0;19.0;A01
1850;201500001245;0;7;0;11.0;0.0;1.0;1.0;A01
1851;201500001246;0;7;0;0.0;2.0;3.0;9.0;A01
1852;201500001246;0;2;0;0.0;2.0;4.0;15.0;B02
1853;201500001248;0;1;0;0.0;2.0;7.0;1.0;B02
1854;201500001248;0;7;0;0.0;9.0;1.0;9.0;A01
1855;201500001249;0;7;0;2.0;0.0;1.0;1.0;A01
1856;201500001250;0;7;0;3.0;0.0;9.0;1.0;A01
1857;201500001251;0;7;0;13.0;0.0;1.0;14.0;A01
1858;201500001252;0;7;0;0.0;2.0;8.0;9.0;A01
1859;201500001252;0;30;0;0.0;2.0;1.0;1.0;B02
1860;201500001253;0;7;0;0.0;2.0;4.0;1.0;A01
1861;201500001253;0;7;0;0.0;2.0;1.0;1.0;B02
1862;201500001254;0;7;0;0.0;1.0;3.0;1.0;A01
1863;201500001255;0;7;0;0.0;2.0;1.0;15.0;A01
1864;201500001255;0;33;0;0.0;2.0;1.0;1.0;B02
1865;201500001256;0;7;0;0.0;2.0;4.0;15.0;B02
1866;201500001256;0;33;0;0.0;2.0;1.0;11.0;A01
1867;201500001257;0;7;0;0.0;2.0;3.0;15.0;A01
1868;201500001257;0;7;0;0.0;2.0;1.0;1.0;B02
1869;201500001258;0;7;0;13.0;0.0;1.0;14.0;A01
1870;201500001260;0;7;0;2.0;0.0;1.0;1.0;A01
1871;201500001261;0;10;0;0.0;2.0;1.0;15.0;A01
1872;201500001261;0;7;0;0.0;2.0;1.0;1.0;B02
1873;201500001262;0;7;0;2.0;0.0;7.0;1.0;A01
1874;201500001263;0;7;0;0.0;2.0;2.0;1.0;B02
1875;201500001263;0;10;0;13.0;2.0;6.0;1.0;A01
1876;201500001264;0;10;0;0.0;2.0;1.0;1.0;A01
1877;201500001264;0;7;0;0.0;2.0;3.0;15.0;B02
1878;201500001265;0;7;0;0.0;1.0;2.0;1.0;A01
1879;201500001266;0;7;0;0.0;2.0;3.0;1.0;A01
1880;201500001266;0;30;0;0.0;2.0;6.0;15.0;B02
1881;201500001267;0;7;0;0.0;2.0;2.0;13.0;A01
1882;201500001267;0;7;0;0.0;2.0;1.0;1.0;B02
1883;201500001268;0;7;0;0.0;2.0;1.0;13.0;A01
1884;201500001268;0;10;0;0.0;2.0;1.0;1.0;B02
1885;201500001269;0;7;0;7.0;0.0;6.0;12.0;A01
1886;201500001270;0;33;0;8.0;0.0;1.0;0.0;A01
1887;201500001271;0;33;0;0.0;2.0;8.0;1.0;B02
1888;201500001271;0;7;0;0.0;2.0;3.0;1.0;A01
1889;201500001272;0;33;0;8.0;0.0;9.0;13.0;A01
1890;201500001273;0;7;0;0.0;2.0;1.0;1.0;B02
1891;201500001273;0;7;0;0.0;2.0;8.0;19.0;A01
1892;201500001274;0;33;0;0.0;9.0;0.0;0.0;A01
1893;201500001275;0;7;0;0.0;0.0;3.0;1.0;A01
1894;201500001276;0;7;0;0.0;1.0;1.0;15.0;A01
1895;201500001277;0;7;0;0.0;0.0;9.0;1.0;A01
1896;201500001278;0;10;0;0.0;2.0;1.0;1.0;B02
1897;201500001278;0;7;0;0.0;2.0;8.0;13.0;A01
1898;201500001279;0;7;0;13.0;0.0;8.0;21.0;A01
1899;201500001280;0;10;0;0.0;2.0;3.0;13.0;A01
1900;201500001280;0;15;0;0.0;2.0;3.0;1.0;B02
1901;201500001281;0;7;0;13.0;0.0;1.0;1.0;A01
1902;201500001282;0;36;0;13.0;0.0;2.0;1.0;A01
1903;201500001283;0;7;0;0.0;2.0;2.0;5.0;A01
1904;201500001283;0;7;0;0.0;2.0;2.0;1.0;B02
1905;201500001284;0;10;0;0.0;1.0;3.0;1.0;A01
1906;201500001285;0;10;0;0.0;2.0;3.0;15.0;A01
1907;201500001285;0;7;0;0.0;2.0;2.0;1.0;B02
1908;201500001286;0;7;0;2.0;0.0;1.0;1.0;A01
1909;201500001287;0;7;0;0.0;1.0;8.0;1.0;A01
1910;201500001288;0;7;0;0.0;2.0;1.0;1.0;B02
1911;201500001288;0;7;0;0.0;2.0;1.0;19.0;A01
1912;201500001289;0;7;0;0.0;2.0;3.0;1.0;B02
1913;201500001289;0;7;0;0.0;2.0;3.0;5.0;A01
1914;201500001290;0;7;0;16.0;0.0;9.0;1.0;A01
1915;201500001291;0;7;0;13.0;0.0;3.0;13.0;A01
1916;201500001292;0;7;0;0.0;2.0;2.0;17.0;A01
1917;201500001292;0;2;0;0.0;2.0;1.0;0.0;B02
1918;201500001293;0;1;0;0.0;2.0;7.0;1.0;B02
1919;201500001293;0;7;0;0.0;2.0;1.0;19.0;A01
1920;201500001294;0;7;0;16.0;0.0;9.0;1.0;A01
1921;201500001295;0;33;0;0.0;2.0;2.0;17.0;B02
1922;201500001295;0;21;0;0.0;2.0;3.0;15.0;A01
1923;201500001296;0;7;0;2.0;0.0;8.0;1.0;A01
1924;201500001297;0;10;0;3.0;0.0;2.0;1.0;A01
1925;201500001298;0;7;0;0.0;1.0;1.0;1.0;A01
1926;201500001299;0;7;0;0.0;2.0;5.0;19.0;A01
1927;201500001299;0;7;0;0.0;2.0;1.0;1.0;B02
1928;201500001300;0;2;0;0.0;2.0;1.0;13.0;A01
1929;201500001300;0;2;0;0.0;2.0;1.0;1.0;B02
1930;201500001301;0;1;0;14.0;0.0;4.0;15.0;A01
1931;201500001301;0;7;0;0.0;0.0;2.0;1.0;B02
1932;201500001303;0;33;0;13.0;0.0;1.0;1.0;A01
1933;201500001304;0;7;0;16.0;0.0;7.0;1.0;A01
1934;201500001305;0;7;0;0.0;2.0;1.0;1.0;A01
1935;201500001305;0;7;0;0.0;2.0;1.0;15.0;B02
1936;201500001306;0;7;0;13.0;0.0;1.0;14.0;A01
1937;201500001307;0;14;0;13.0;0.0;3.0;13.0;A01
1938;201500001308;0;10;0;13.0;2.0;3.0;13.0;A01
1939;201500001308;0;17;0;0.0;2.0;8.0;1.0;B01
1940;201500001310;0;7;0;0.0;1.0;2.0;1.0;A01
1941;201500001311;0;7;0;13.0;0.0;8.0;13.0;A01
1942;201500001312;0;10;0;0.0;2.0;3.0;10.0;A01
1943;201500001312;0;10;0;0.0;2.0;2.0;1.0;B02
1944;201500001313;0;7;0;0.0;2.0;8.0;19.0;B02
1945;201500001313;0;7;0;0.0;2.0;1.0;1.0;A01
1946;201500001315;0;7;0;0.0;2.0;3.0;13.0;A01
1947;201500001315;0;7;0;0.0;2.0;8.0;1.0;B02
1948;201500001316;0;7;0;6.0;0.0;1.0;15.0;A01
1949;201500001318;0;7;0;2.0;0.0;2.0;1.0;A01
1950;201500001319;0;7;0;0.0;1.0;1.0;1.0;A01
1951;201500001320;0;7;0;0.0;2.0;3.0;13.0;A01
1952;201500001320;0;7;0;0.0;2.0;3.0;1.0;B02
1953;201500001321;0;7;0;0.0;2.0;3.0;13.0;A01
1954;201500001321;0;7;0;0.0;2.0;3.0;1.0;B02
1955;201500001322;0;33;0;13.0;0.0;9.0;13.0;A01
1956;201500001323;0;7;0;13.0;0.0;9.0;1.0;A01
1957;201500001324;0;30;0;0.0;2.0;3.0;19.0;A01
1958;201500001324;0;7;0;0.0;2.0;2.0;1.0;B02
1959;201500001325;0;31;0;0.0;2.0;1.0;1.0;B02
1960;201500001325;0;7;0;0.0;2.0;2.0;15.0;A01
1961;201500001326;0;33;0;0.0;0.0;0.0;1.0;A01
1962;201500001327;0;10;0;0.0;2.0;1.0;1.0;B02
1963;201500001327;0;7;0;0.0;2.0;8.0;19.0;A01
1964;201500001329;0;33;0;0.0;2.0;2.0;17.0;A01
1965;201500001329;0;7;0;0.0;2.0;5.0;1.0;B02
1966;201500001330;0;7;0;0.0;1.0;1.0;15.0;B01
1967;201500001331;0;33;0;0.0;2.0;1.0;1.0;A01
1968;201500001331;0;10;0;0.0;2.0;7.0;19.0;B02
1969;201500001332;0;33;0;3.0;0.0;1.0;14.0;A01
1970;201500001333;0;33;0;0.0;0.0;1.0;14.0;A01
1971;201500001334;0;36;0;12.0;0.0;8.0;13.0;A01
1972;201500001335;0;7;0;0.0;1.0;1.0;1.0;A01
1973;201500001336;0;1;0;0.0;2.0;7.0;15.0;A01
1974;201500001336;0;10;0;0.0;2.0;3.0;21.0;B01
1975;201500001337;0;2;0;0.0;2.0;1.0;1.0;A01
1976;201500001337;0;7;0;0.0;2.0;8.0;1.0;B02
1977;201500001338;0;2;0;0.0;2.0;1.0;17.0;A01
1978;201500001338;0;7;0;0.0;2.0;8.0;15.0;B02
1979;201500001339;0;7;0;0.0;0.0;3.0;13.0;A01
1980;201500001339;0;33;0;0.0;0.0;8.0;1.0;B02
1981;201500001340;0;7;0;2.0;0.0;3.0;21.0;A01
1982;201500001341;0;33;0;0.0;2.0;1.0;13.0;A01
1983;201500001341;0;10;0;0.0;2.0;3.0;1.0;B02
1984;201500001342;0;7;0;0.0;2.0;2.0;2.0;A01
1985;201500001342;0;30;0;0.0;2.0;4.0;2.0;B02
1986;201500001345;0;30;0;13.0;0.0;1.0;13.0;A01
1987;201500001346;0;30;0;13.0;2.0;1.0;1.0;A01
1988;201500001346;0;7;0;0.0;2.0;5.0;15.0;B02
1989;201500001347;0;1;0;0.0;2.0;8.0;1.0;B02
1990;201500001347;0;7;0;0.0;2.0;3.0;13.0;A01
1991;201500001348;0;7;0;0.0;2.0;2.0;2.0;B02
1992;201500001348;0;30;0;0.0;2.0;4.0;2.0;A01
1993;201500001349;1;7;0;0.0;1.0;1.0;1.0;A01
1994;201500001350;0;33;0;0.0;2.0;1.0;17.0;A01
1995;201500001350;0;7;0;0.0;2.0;3.0;15.0;B02
1996;201500001351;0;3;0;1.0;1.0;4.0;20.0;A01
1997;201500001352;0;33;0;12.0;0.0;2.0;14.0;A01
1998;201500001353;0;7;0;0.0;2.0;8.0;19.0;B02
1999;201500001353;0;33;0;0.0;2.0;1.0;1.0;A01
2000;201500001354;0;7;0;13.0;0.0;2.0;1.0;A01
2001;201500001355;0;7;0;13.0;0.0;2.0;14.0;A01
2002;201500001356;0;31;0;0.0;2.0;2.0;2.0;B02
2003;201500001356;0;7;0;0.0;2.0;6.0;2.0;A01
2004;201500001357;0;7;0;0.0;1.0;3.0;15.0;A01
2005;201500001358;0;17;0;0.0;2.0;3.0;1.0;A01
2006;201500001358;0;7;0;15.0;2.0;1.0;13.0;B02
2007;201500001359;0;7;0;13.0;0.0;3.0;1.0;A01
2008;201500001360;0;7;0;0.0;1.0;1.0;16.0;A01
2009;201500001361;0;14;0;0.0;1.0;4.0;4.0;A01
2010;201500001362;0;30;0;13.0;2.0;8.0;1.0;B02
2011;201500001362;0;7;0;0.0;2.0;3.0;1.0;A01
2012;201500001363;0;3;0;0.0;1.0;2.0;1.0;A01
2013;201500001364;0;10;0;0.0;2.0;2.0;19.0;B02
2014;201500001364;0;10;0;6.0;2.0;3.0;1.0;A01
2015;201500001365;0;7;0;13.0;0.0;1.0;14.0;A01
2016;201500001366;0;7;0;8.0;0.0;9.0;14.0;A01
2017;201500001367;0;7;0;0.0;2.0;1.0;1.0;B02
2018;201500001367;0;7;0;0.0;2.0;1.0;15.0;A01
2019;201500001368;0;7;0;0.0;2.0;1.0;1.0;A01
2020;201500001368;0;7;0;0.0;2.0;6.0;1.0;B02
2021;201500001369;0;33;0;0.0;5.0;1.0;1.0;A01
2022;201500001370;0;30;0;13.0;0.0;9.0;14.0;A01
2023;201500001371;0;7;0;0.0;2.0;3.0;15.0;B02
2024;201500001371;0;7;0;0.0;2.0;1.0;1.0;A01
2025;201500001372;0;7;0;16.0;0.0;9.0;1.0;A01
2026;201500001373;0;7;0;0.0;0.0;9.0;14.0;A01
2027;201500001374;0;7;0;13.0;2.0;7.0;13.0;A01
2028;201500001374;0;7;0;0.0;2.0;1.0;1.0;B02
2029;201500001375;0;31;0;0.0;2.0;1.0;1.0;A01
2030;201500001375;0;7;0;1.0;0.0;6.0;24.0;C03
2031;201500001375;0;7;0;0.0;2.0;1.0;1.0;B02
2032;201500001375;0;7;0;1.0;0.0;8.0;24.0;D04
2033;201500001376;0;38;170;0.0;1.0;2.0;1.0;A01
2034;201500001378;0;7;0;0.0;2.0;3.0;23.0;C03
2035;201500001378;0;7;0;0.0;2.0;1.0;13.0;A01
2036;201500001378;0;7;0;0.0;2.0;3.0;21.0;B02
2037;201500001379;0;7;0;8.0;0.0;1.0;13.0;A01
2038;201500001381;0;7;0;0.0;1.0;7.0;21.0;A01
2039;201500001382;0;1;0;1.0;0.0;7.0;1.0;A01
2040;201500001383;0;10;0;0.0;2.0;1.0;1.0;B02
2041;201500001383;0;7;0;0.0;2.0;8.0;15.0;A01
2042;201500001385;0;7;0;2.0;0.0;6.0;13.0;A01
2043;201500001386;0;7;0;16.0;0.0;9.0;21.0;A01
2044;201500001387;0;7;0;3.0;0.0;7.0;14.0;A01
2045;201500001388;0;7;0;13.0;0.0;2.0;14.0;A01
2046;201500001389;0;33;0;0.0;2.0;1.0;1.0;A01
2047;201500001389;0;7;0;0.0;2.0;8.0;19.0;B02
2048;201500001391;0;7;0;2.0;0.0;3.0;21.0;A01
2049;201500001392;0;10;0;0.0;0.0;0.0;1.0;A01
2050;201500001393;0;7;0;0.0;2.0;3.0;1.0;A01
2051;201500001393;1;15;0;0.0;2.0;7.0;17.0;B02
2052;201500001394;0;7;0;2.0;0.0;1.0;13.0;A01
2053;201500001395;0;33;0;0.0;2.0;1.0;13.0;A01
2054;201500001395;0;7;0;0.0;2.0;2.0;1.0;B02
2055;201500001397;0;33;0;0.0;2.0;1.0;17.0;A01
2056;201500001397;0;7;0;0.0;2.0;3.0;15.0;B02
2057;201500001398;0;7;0;13.0;0.0;1.0;13.0;A01
2058;201500001399;0;7;0;0.0;2.0;3.0;15.0;B02
2059;201500001399;0;32;0;0.0;2.0;1.0;1.0;A01
2060;201500001400;0;33;0;13.0;0.0;1.0;13.0;A01
2061;201500001402;0;7;0;0.0;2.0;3.0;21.0;B02
2062;201500001402;0;7;0;0.0;2.0;3.0;13.0;A01
2063;201500001403;0;7;0;0.0;2.0;3.0;13.0;A01
2064;201500001403;0;7;0;13.0;2.0;3.0;1.0;B02
2065;201500001404;0;7;0;0.0;2.0;1.0;14.0;A01
2066;201500001404;0;7;0;0.0;2.0;3.0;23.0;B02
2067;201500001405;0;30;0;8.0;0.0;1.0;14.0;A01
2068;201500001406;0;7;0;0.0;2.0;3.0;13.0;A01
2069;201500001406;0;7;0;0.0;2.0;3.0;1.0;B02
2070;201500001407;0;7;0;0.0;2.0;2.0;19.0;A01
2071;201500001407;0;1;0;0.0;2.0;1.0;1.0;B02
2072;201500001408;0;10;0;0.0;2.0;1.0;1.0;B02
2073;201500001408;0;7;0;0.0;2.0;3.0;15.0;A01
2074;201500001409;0;7;0;6.0;2.0;8.0;1.0;B02
2075;201500001409;0;7;0;0.0;2.0;1.0;19.0;A01
2076;201500001410;0;30;0;0.0;2.0;8.0;1.0;A01
2077;201500001410;1;7;0;0.0;2.0;7.0;17.0;B02
2078;201500001411;0;7;0;0.0;2.0;3.0;1.0;B02
2079;201500001411;0;10;0;0.0;2.0;3.0;13.0;A01
2080;201500001412;0;7;0;0.0;2.0;2.0;9.0;A01
2081;201500001412;0;33;0;0.0;2.0;1.0;1.0;B02
2082;201500001413;0;7;0;0.0;2.0;2.0;1.0;A01
2083;201500001413;0;7;0;0.0;2.0;3.0;15.0;B02
2084;201500001414;0;10;0;0.0;2.0;3.0;13.0;A01
2085;201500001414;0;7;0;0.0;2.0;3.0;1.0;B02
2086;201500001414;0;7;0;0.0;2.0;3.0;1.0;C03
2087;201500001415;0;7;0;0.0;2.0;3.0;13.0;A01
2088;201500001415;0;17;0;0.0;2.0;3.0;21.0;B02
2089;201500001416;0;10;0;13.0;0.0;1.0;14.0;A01
2090;201500001417;0;7;0;13.0;0.0;2.0;14.0;A01
2091;201500001418;0;7;0;0.0;2.0;2.0;21.0;A01
2092;201500001418;0;21;0;0.0;2.0;2.0;0.0;B02
2093;201500001419;0;33;0;13.0;0.0;1.0;21.0;A01
2094;201500001420;0;2;0;0.0;2.0;1.0;21.0;A01
2095;201500001420;0;7;0;0.0;2.0;2.0;15.0;B02
2096;201500001421;0;7;0;8.0;0.0;7.0;13.0;A01
2097;201500001422;0;30;0;0.0;2.0;1.0;1.0;B02
2098;201500001422;0;7;0;0.0;2.0;8.0;19.0;A01
2099;201500001423;0;7;0;13.0;0.0;1.0;14.0;A01
2100;201500001424;0;7;0;0.0;2.0;1.0;1.0;A01
2101;201500001424;0;7;0;0.0;2.0;4.0;15.0;B02
2102;201500001425;0;33;0;0.0;2.0;1.0;21.0;A01
2103;201500001425;0;7;0;0.0;2.0;3.0;19.0;B02
2104;201500001426;0;7;0;15.0;5.0;2.0;1.0;A01
2105;201500001426;0;99;0;0.0;2.0;5.0;21.0;B02
2106;201500001427;0;7;0;0.0;2.0;6.0;21.0;B02
2107;201500001427;0;7;0;13.0;2.0;3.0;13.0;A01
2108;201500001428;0;7;0;0.0;2.0;1.0;1.0;A01
2109;201500001428;0;7;0;0.0;2.0;7.0;13.0;B02
2110;201500001429;0;7;0;0.0;2.0;1.0;1.0;A01
2111;201500001429;0;7;0;0.0;2.0;8.0;15.0;B02
2112;201500001429;0;15;0;0.0;2.0;5.0;1.0;C03
2113;201500001430;0;10;0;0.0;2.0;1.0;21.0;A01
2114;201500001430;0;3;0;0.0;2.0;3.0;15.0;B02
2115;201500001431;0;10;0;0.0;1.0;3.0;15.0;A01
2116;201500001432;0;7;0;0.0;2.0;1.0;13.0;A01
2117;201500001432;0;7;0;0.0;2.0;1.0;1.0;B02
2118;201500001432;0;10;0;1.0;0.0;1.0;21.0;C03
2119;201500001434;0;33;0;0.0;2.0;9.0;19.0;A01
2120;201500001434;0;7;0;0.0;2.0;3.0;21.0;B02
2121;201500001435;0;7;0;6.0;0.0;1.0;1.0;A01
2122;201500001437;0;7;0;0.0;2.0;7.0;13.0;A01
2123;201500001437;0;7;0;0.0;2.0;1.0;1.0;B01
2124;201500001438;0;1;0;0.0;1.0;1.0;1.0;A01
2125;201500001440;0;33;0;13.0;0.0;1.0;1.0;A01
2126;201500001441;0;7;0;0.0;2.0;3.0;1.0;A01
2127;201500001441;0;10;0;0.0;2.0;2.0;16.0;B01
2128;201500001442;0;7;0;6.0;0.0;8.0;1.0;A01
2129;201500001444;0;7;0;6.0;0.0;1.0;1.0;A01
2130;201500001445;0;21;0;0.0;0.0;2.0;15.0;B01
2131;201500001445;0;33;0;0.0;0.0;1.0;17.0;C01
2132;201500001446;0;7;0;14.0;0.0;1.0;2.0;A01
2133;201500001446;0;33;0;0.0;2.0;4.0;15.0;B01
2134;201500001448;0;33;0;0.0;2.0;1.0;13.0;A01
2135;201500001448;0;10;0;0.0;2.0;8.0;1.0;B01
2136;201500001449;0;7;0;0.0;2.0;1.0;6.0;A01
2137;201500001449;0;31;0;0.0;2.0;2.0;1.0;B01
2138;201500001452;1;7;0;0.0;2.0;4.0;23.0;Z03
2139;201500001452;0;7;0;0.0;2.0;9.0;23.0;B02
2140;201500001452;0;7;0;0.0;2.0;3.0;2.0;A01
2141;201500001453;0;7;0;0.0;2.0;4.0;1.0;C03
2142;201500001453;0;7;0;0.0;2.0;9.0;2.0;B02
2143;201500001453;0;7;0;0.0;2.0;1.0;2.0;A01
2144;201500001454;0;7;0;12.0;0.0;2.0;1.0;A01
2145;201500001455;0;7;0;0.0;2.0;8.0;19.0;A01
2146;201500001455;0;7;0;0.0;2.0;1.0;1.0;B01
2147;201500001456;0;7;0;1.0;2.0;4.0;24.0;C02
2148;201500001456;0;7;0;1.0;2.0;3.0;1.0;A01
2149;201500001457;0;7;0;0.0;2.0;1.0;2.0;A01
2150;201500001457;0;7;0;0.0;2.0;4.0;23.0;B02
2151;201500001458;0;7;0;0.0;2.0;4.0;1.0;B02
2152;201500001458;0;7;0;0.0;2.0;1.0;2.0;A01
2153;201500001459;0;7;0;0.0;1.0;3.0;1.0;A01
2154;201500001460;0;33;0;0.0;0.0;0.0;1.0;A01
2155;201500001461;0;7;0;0.0;2.0;3.0;10.0;A01
2156;201500001461;0;33;0;0.0;2.0;1.0;17.0;B01
2157;201500001463;0;7;0;0.0;2.0;1.0;2.0;A01
2158;201500001463;0;7;0;0.0;2.0;9.0;2.0;B01
2159;201500001463;0;7;0;0.0;2.0;4.0;1.0;C01
2160;201500001464;0;7;0;0.0;2.0;3.0;1.0;B01
2161;201500001464;0;7;0;0.0;2.0;3.0;15.0;A01
2162;201500001465;0;7;0;0.0;2.0;1.0;1.0;A02
2163;201500001465;0;34;0;0.0;2.0;7.0;1.0;A01
2164;201500001466;0;33;0;0.0;6.0;2.0;19.0;A01
2165;201500001467;0;7;0;0.0;2.0;2.0;15.0;A01
2166;201500001467;0;33;0;0.0;2.0;1.0;1.0;B01
2167;201500001468;0;7;0;0.0;2.0;1.0;1.0;B01