;Num_Acc;senc;catv;occutc;obs;obsm;choc;manv;num_veh
3455;201500002329;0;7;0;0.0;2.0;1.0;1.0;A01
3456;201500002330;0;7;0;0.0;2.0;1.0;13.0;A01
3457;201500002330;0;7;0;0.0;2.0;1.0;1.0;B02
3458;201500002331;0;7;0;0.0;2.0;3.0;15.0;B02
3459;201500002331;0;33;0;0.0;2.0;1.0;17.0;A01
3460;201500002333;0;7;0;0.0;0.0;3.0;1.0;B02
3461;201500002333;0;7;0;0.0;2.0;3.0;13.0;A01
3462;201500002335;0;7;0;0.0;2.0;3.0;15.0;B02
3463;201500002335;0;33;0;0.0;2.0;1.0;17.0;A01
3464;201500002336;0;2;0;0.0;2.0;1.0;1.0;B02
3465;201500002336;0;7;0;0.0;2.0;3.0;17.0;A01
3466;201500002337;0;33;0;0.0;2.0;1.0;13.0;A01
3467;201500002337;0;7;0;0.0;2.0;1.0;1.0;B02
3468;201500002338;0;7;0;2.0;0.0;3.0;13.0;A01
3469;201500002339;0;21;0;0.0;0.0;4.0;1.0;B02
3470;201500002339;0;2;0;0.0;2.0;1.0;1.0;A01
3471;201500002340;0;7;0;0.0;2.0;8.0;1.0;B02
3472;201500002340;0;10;0;0.0;2.0;2.0;1.0;A01
3473;201500002341;0;7;0;0.0;2.0;1.0;0.0;B02
3474;201500002341;0;7;0;0.0;2.0;1.0;17.0;A01
3475;201500002343;0;7;0;0.0;2.0;2.0;15.0;A01
3476;201500002343;0;7;0;0.0;2.0;1.0;1.0;B02
3477;201500002344;0;14;0;0.0;2.0;3.0;1.0;B02
3478;201500002344;0;7;0;0.0;2.0;3.0;1.0;A01
3479;201500002345;0;1;0;0.0;2.0;4.0;1.0;B02
3480;201500002345;0;7;0;0.0;2.0;2.0;17.0;A01
3481;201500002346;0;10;0;0.0;1.0;3.0;1.0;A01
3482;201500002347;0;7;0;0.0;2.0;8.0;15.0;A01
3483;201500002347;0;30;0;0.0;2.0;3.0;1.0;B02
3484;201500002348;0;7;0;0.0;2.0;3.0;1.0;B02
3485;201500002348;0;7;0;0.0;2.0;3.0;13.0;A01
3486;201500002349;0;7;0;0.0;2.0;3.0;1.0;B02
3487;201500002349;0;30;0;0.0;2.0;3.0;13.0;A01
3488;201500002350;0;7;0;6.0;0.0;1.0;1.0;A01
3489;201500002351;0;10;0;12.0;0.0;0.0;1.0;A01
3490;201500002353;0;7;0;8.0;0.0;1.0;14.0;A01
3491;201500002354;0;7;0;3.0;0.0;1.0;14.0;A01
3492;201500002355;0;7;0;0.0;2.0;2.0;15.0;A01
3493;201500002355;0;3;0;0.0;2.0;1.0;1.0;B02
3494;201500002356;0;32;0;13.0;0.0;1.0;1.0;A01
3495;201500002357;0;2;0;0.0;2.0;8.0;1.0;B02
3496;201500002357;0;7;0;0.0;2.0;2.0;15.0;A01
3497;201500002358;0;7;0;0.0;1.0;7.0;1.0;A01
3498;201500002359;0;1;0;0.0;2.0;1.0;15.0;B02
3499;201500002359;0;33;0;0.0;2.0;5.0;16.0;A01
3500;201500002360;0;7;0;0.0;1.0;1.0;1.0;A01
3501;201500002361;0;7;0;0.0;2.0;1.0;1.0;B02
3502;201500002361;0;21;0;0.0;2.0;5.0;15.0;A01
3503;201500002362;0;7;0;2.0;0.0;2.0;0.0;A01
3504;201500002363;0;36;0;0.0;0.0;0.0;1.0;A01
3505;201500002363;0;36;0;0.0;0.0;0.0;0.0;B02
3506;201500002363;0;36;0;0.0;0.0;0.0;1.0;C03
3507;201500002364;0;7;0;0.0;2.0;1.0;19.0;A01
3508;201500002364;0;7;0;0.0;0.0;7.0;1.0;B02
3509;201500002365;0;33;0;0.0;2.0;3.0;1.0;A01
3510;201500002365;0;7;0;0.0;2.0;8.0;19.0;B02
3511;201500002366;0;30;0;0.0;1.0;1.0;1.0;A01
3512;201500002367;0;7;0;0.0;2.0;3.0;13.0;A01
3513;201500002367;0;7;0;0.0;2.0;1.0;1.0;B02
3514;201500002368;0;7;0;0.0;0.0;1.0;1.0;B02
3515;201500002368;0;7;0;16.0;0.0;1.0;1.0;A01
3516;201500002369;0;10;0;0.0;2.0;2.0;1.0;A01
3517;201500002369;0;20;0;0.0;2.0;1.0;19.0;B02
3518;201500002370;0;7;0;0.0;1.0;2.0;1.0;A01
3519;201500002371;0;7;0;8.0;0.0;6.0;0.0;A01
3520;201500002372;0;1;0;0.0;2.0;3.0;2.0;B02
3521;201500002372;0;7;0;0.0;2.0;2.0;2.0;A01
3522;201500002373;0;30;0;0.0;2.0;1.0;21.0;B02
3523;201500002373;0;30;0;2.0;0.0;2.0;14.0;A01
3524;201500002375;0;7;0;2.0;0.0;1.0;1.0;A01
3525;201500002377;0;7;0;0.0;2.0;1.0;15.0;A01
3526;201500002377;0;7;0;0.0;2.0;1.0;1.0;B02
3527;201500002378;0;7;0;0.0;0.0;1.0;13.0;A01
3528;201500002378;0;10;0;0.0;2.0;3.0;1.0;C03
3529;201500002378;0;7;0;0.0;2.0;1.0;1.0;B02
3530;201500002379;0;7;0;0.0;9.0;4.0;24.0;B02
3531;201500002379;0;1;0;1.0;0.0;1.0;1.0;A01
3532;201500002380;0;7;0;2.0;0.0;3.0;14.0;A01
3533;201500002381;0;7;0;10.0;0.0;1.0;1.0;A01
3534;201500002382;0;3;0;0.0;2.0;1.0;1.0;B02
3535;201500002382;0;7;0;0.0;2.0;8.0;19.0;A01
3536;201500002383;0;7;0;6.0;0.0;1.0;1.0;A01
3537;201500002385;0;7;0;0.0;2.0;7.0;13.0;A01
3538;201500002385;0;7;0;0.0;2.0;1.0;1.0;B02
3539;201500002386;0;7;0;0.0;2.0;1.0;1.0;B02
3540;201500002386;0;3;0;0.0;2.0;7.0;19.0;A01
3541;201500002388;0;7;0;0.0;2.0;3.0;1.0;B02
3542;201500002388;0;2;0;0.0;2.0;1.0;13.0;A01
3543;201500002389;0;2;0;0.0;2.0;1.0;1.0;A01
3544;201500002389;0;7;0;0.0;2.0;4.0;1.0;B02
3545;201500002390;0;7;0;0.0;2.0;1.0;1.0;C03
3546;201500002390;0;7;0;0.0;2.0;3.0;1.0;B02
3547;201500002390;0;7;0;0.0;2.0;1.0;13.0;A01
3548;201500002391;0;7;0;0.0;1.0;3.0;1.0;A01
3549;201500002392;0;7;0;0.0;1.0;2.0;2.0;A01
3550;201500002394;0;7;0;0.0;0.0;1.0;0.0;B02
3551;201500002394;0;7;0;0.0;0.0;8.0;19.0;A01
3552;201500002395;0;7;0;13.0;0.0;1.0;13.0;A01
3553;201500002396;0;33;0;0.0;2.0;1.0;1.0;B02
3554;201500002396;0;14;0;0.0;2.0;7.0;15.0;A01
3555;201500002397;0;14;0;0.0;2.0;3.0;1.0;C03
3556;201500002397;0;7;0;0.0;2.0;2.0;14.0;A01
3557;201500002397;0;7;0;0.0;9.0;1.0;1.0;D04
3558;201500002397;0;20;0;0.0;2.0;6.0;1.0;B02
3559;201500002398;0;33;0;0.0;6.0;1.0;1.0;A01
3560;201500002398;0;33;0;0.0;0.0;6.0;21.0;B02
3561;201500002399;0;1;0;0.0;0.0;4.0;0.0;B02
3562;201500002399;0;10;0;0.0;2.0;1.0;1.0;A01
3563;201500002400;0;10;0;1.0;0.0;1.0;1.0;A01
3564;201500002400;0;7;0;0.0;2.0;1.0;1.0;C03
3565;201500002400;0;7;0;0.0;2.0;4.0;23.0;B02
3566;201500002400;0;7;0;0.0;2.0;6.0;23.0;D04
3567;201500002401;0;7;0;0.0;2.0;8.0;15.0;A01
3568;201500002401;0;7;0;0.0;2.0;1.0;1.0;B02
3569;201500002403;0;10;0;0.0;0.0;3.0;15.0;A01
3570;201500002403;0;33;0;0.0;2.0;1.0;2.0;B02
3571;201500002404;0;7;0;0.0;2.0;0.0;9.0;B01
3572;201500002404;0;32;0;0.0;2.0;1.0;1.0;A01
3573;201500002406;0;7;0;0.0;2.0;8.0;1.0;A01
3574;201500002406;0;32;0;0.0;2.0;1.0;9.0;B02
3575;201500002407;0;7;0;0.0;0.0;1.0;16.0;A01
3576;201500002407;0;33;0;0.0;0.0;8.0;23.0;B02
3577;201500002408;0;33;0;0.0;0.0;0.0;16.0;A01
3578;201500002409;0;10;0;0.0;0.0;1.0;9.0;A01
3579;201500002409;0;33;0;0.0;0.0;5.0;16.0;B02
3580;201500002410;0;7;0;0.0;2.0;2.0;15.0;A01
3581;201500002410;0;31;0;0.0;2.0;1.0;1.0;B02
3582;201500002411;0;31;0;0.0;0.0;0.0;0.0;A01
3583;201500002413;0;7;0;0.0;2.0;3.0;1.0;A01
3584;201500002413;0;7;0;0.0;2.0;2.0;13.0;B02
3585;201500002414;0;7;0;2.0;0.0;3.0;1.0;A01
3586;201500002415;0;7;0;0.0;2.0;3.0;13.0;A01
3587;201500002415;0;7;0;0.0;2.0;3.0;1.0;B02
3588;201500002416;0;7;0;0.0;1.0;3.0;1.0;A01
3589;201500002417;0;7;0;0.0;0.0;4.0;0.0;B02
3590;201500002417;0;7;0;0.0;0.0;1.0;0.0;A01
3591;201500002419;0;7;0;0.0;2.0;5.0;1.0;A01
3592;201500002419;0;30;0;0.0;2.0;1.0;1.0;B02
3593;201500002420;0;33;0;0.0;2.0;1.0;1.0;B02
3594;201500002420;0;10;0;0.0;0.0;2.0;9.0;A01
3595;201500002421;0;7;0;0.0;0.0;8.0;9.0;A01
3596;201500002421;0;30;0;0.0;2.0;1.0;1.0;B02
3597;201500002422;0;7;0;0.0;2.0;4.0;2.0;B02
3598;201500002422;0;7;0;0.0;2.0;4.0;2.0;C03
3599;201500002422;0;7;0;0.0;2.0;1.0;2.0;A01
3600;201500002423;0;7;0;0.0;2.0;4.0;15.0;B02
3601;201500002423;0;30;0;0.0;2.0;1.0;17.0;A01
3602;201500002424;0;33;0;0.0;2.0;0.0;2.0;A01
3603;201500002424;0;7;0;0.0;0.0;5.0;2.0;B02
3604;201500002425;0;33;0;0.0;2.0;8.0;1.0;B02
3605;201500002425;0;7;0;0.0;2.0;6.0;15.0;A01
3606;201500002426;0;33;0;0.0;2.0;7.0;17.0;B02
3607;201500002426;0;7;0;0.0;2.0;8.0;17.0;A01
3608;201500002427;0;33;0;13.0;0.0;1.0;13.0;A01
3609;201500002428;0;7;0;0.0;2.0;7.0;1.0;B02
3610;201500002428;0;7;0;0.0;2.0;1.0;1.0;A01
3611;201500002430;0;31;0;14.0;0.0;0.0;1.0;A01
3612;201500002432;0;30;0;0.0;2.0;1.0;1.0;B02
3613;201500002432;0;7;0;0.0;2.0;2.0;19.0;A01
3614;201500002433;0;7;0;0.0;1.0;2.0;1.0;A01
3615;201500002435;0;7;0;8.0;0.0;8.0;1.0;A01
3616;201500002436;0;2;0;0.0;2.0;1.0;1.0;A01
3617;201500002436;0;7;0;0.0;0.0;7.0;19.0;B02
3618;201500002437;0;30;0;6.0;0.0;1.0;0.0;A01
3619;201500002438;0;30;0;0.0;6.0;0.0;19.0;A01
3620;201500002439;0;7;0;0.0;2.0;2.0;19.0;A01
3621;201500002439;0;2;0;0.0;2.0;1.0;1.0;B02
3622;201500002440;0;33;0;0.0;2.0;1.0;17.0;A01
3623;201500002440;0;7;0;0.0;2.0;3.0;1.0;B02
3624;201500002441;0;33;0;2.0;0.0;1.0;0.0;A01
3625;201500002443;0;30;0;0.0;2.0;1.0;17.0;A01
3626;201500002443;0;7;0;0.0;2.0;3.0;1.0;B02
3627;201500002445;0;32;0;3.0;0.0;0.0;1.0;A01
3628;201500002446;0;7;0;0.0;0.0;3.0;17.0;A01
3629;201500002446;0;31;0;0.0;2.0;8.0;0.0;B02
3630;201500002448;0;7;0;0.0;2.0;1.0;1.0;B02
3631;201500002448;0;7;0;0.0;2.0;3.0;15.0;A01
3632;201500002449;0;13;0;0.0;2.0;3.0;1.0;A01
3633;201500002449;0;7;0;0.0;2.0;3.0;1.0;B02
3634;201500002451;0;7;0;0.0;0.0;8.0;1.0;A01
3635;201500002452;0;30;0;16.0;0.0;0.0;1.0;A01
3636;201500002453;0;33;0;6.0;0.0;1.0;1.0;A01
3637;201500002454;0;7;0;0.0;1.0;3.0;1.0;A01
3638;201500002455;0;31;0;0.0;6.0;8.0;19.0;A01
3639;201500002456;0;7;0;3.0;0.0;1.0;0.0;A01
3640;201500002457;0;7;0;0.0;2.0;1.0;0.0;B02
3641;201500002457;2;7;0;0.0;2.0;1.0;1.0;A01
3642;201500002458;0;7;0;0.0;0.0;2.0;15.0;A01
3643;201500002458;0;33;0;0.0;0.0;1.0;1.0;B02
3644;201500002459;0;10;0;3.0;2.0;6.0;1.0;A01
3645;201500002459;0;7;0;0.0;2.0;1.0;2.0;B02
3646;201500002460;0;7;0;0.0;0.0;5.0;12.0;A01
3647;201500002460;0;33;0;0.0;2.0;1.0;1.0;B02
3648;201500002461;0;33;0;2.0;0.0;1.0;0.0;A01
3649;201500002462;0;2;0;0.0;2.0;1.0;1.0;A01
3650;201500002462;0;7;0;0.0;2.0;7.0;19.0;B02
3651;201500002463;0;30;0;0.0;1.0;1.0;1.0;A01
3652;201500002464;0;7;0;0.0;2.0;1.0;1.0;B02
3653;201500002464;0;14;0;0.0;2.0;3.0;1.0;A01
3654;201500002465;0;7;0;0.0;1.0;2.0;2.0;A01
3655;201500002466;0;7;0;0.0;2.0;3.0;13.0;A01
3656;201500002466;0;7;0;0.0;2.0;8.0;1.0;B02
3657;201500002467;0;7;0;0.0;9.0;2.0;1.0;A01
3658;201500002467;0;1;0;0.0;2.0;4.0;1.0;C03
3659;201500002467;0;1;0;0.0;2.0;4.0;1.0;B02
3660;201500002468;0;7;0;0.0;2.0;8.0;10.0;A01
3661;201500002468;0;33;0;0.0;2.0;1.0;1.0;B02
3662;201500002469;0;7;0;2.0;0.0;1.0;13.0;A01
3663;201500002470;0;7;0;0.0;2.0;1.0;1.0;B02
3664;201500002470;0;7;0;0.0;2.0;1.0;1.0;A01
3665;201500002471;0;32;0;0.0;2.0;1.0;1.0;A01
3666;201500002471;0;7;0;0.0;2.0;6.0;4.0;B02
3667;201500002472;0;33;0;0.0;2.0;1.0;21.0;A01
3668;201500002472;0;7;0;0.0;2.0;6.0;15.0;B02
3669;201500002473;0;30;0;0.0;2.0;1.0;1.0;A01
3670;201500002473;0;10;0;0.0;2.0;3.0;1.0;B02
3671;201500002474;0;30;0;0.0;2.0;4.0;1.0;A01
3672;201500002474;0;7;0;0.0;2.0;1.0;1.0;B02
3673;201500002475;0;7;0;0.0;2.0;1.0;1.0;C03
3674;201500002475;0;7;0;0.0;2.0;4.0;23.0;B02
3675;201500002475;0;33;0;0.0;2.0;1.0;1.0;A01
3676;201500002476;0;7;0;0.0;2.0;3.0;1.0;B02
3677;201500002476;0;7;0;0.0;2.0;3.0;1.0;A01
3678;201500002477;0;1;0;0.0;2.0;2.0;13.0;A01
3679;201500002477;0;7;0;0.0;2.0;1.0;1.0;B02
3680;201500002478;0;7;0;0.0;0.0;1.0;13.0;A01
3681;201500002478;0;7;0;0.0;2.0;1.0;1.0;B02
3682;201500002479;0;33;0;0.0;2.0;1.0;1.0;A01
3683;201500002479;0;7;0;0.0;2.0;6.0;19.0;B02
3684;201500002480;0;7;0;0.0;1.0;1.0;1.0;A01
3685;201500002481;0;33;0;0.0;2.0;1.0;1.0;B02
3686;201500002481;0;10;0;0.0;2.0;2.0;19.0;A01
3687;201500002482;0;7;0;0.0;1.0;1.0;1.0;A01
3688;201500002483;0;7;0;0.0;0.0;3.0;16.0;A01
3689;201500002483;0;33;0;0.0;0.0;1.0;1.0;B02
3690;201500002484;0;10;0;13.0;0.0;3.0;1.0;A01
3691;201500002485;0;7;0;0.0;2.0;2.0;19.0;A01
3692;201500002485;0;1;0;0.0;2.0;1.0;15.0;B02
3693;201500002486;0;7;0;0.0;2.0;3.0;1.0;B02
3694;201500002486;0;7;0;0.0;2.0;2.0;1.0;A01
3695;201500002488;0;7;0;13.0;0.0;3.0;1.0;A01
3696;201500002490;0;7;0;0.0;2.0;1.0;17.0;A01
3697;201500002490;0;7;0;0.0;2.0;1.0;1.0;B02
3698;201500002491;0;7;0;0.0;2.0;1.0;1.0;A01
3699;201500002491;0;7;0;0.0;2.0;2.0;1.0;C03
3700;201500002491;0;7;0;0.0;2.0;3.0;1.0;B02
3701;201500002491;0;7;0;0.0;2.0;4.0;1.0;D04
3702;201500002493;0;33;0;0.0;2.0;8.0;13.0;A01
3703;201500002493;0;7;0;0.0;2.0;8.0;2.0;B02
3704;201500002494;0;7;0;13.0;0.0;3.0;13.0;A01
3705;201500002495;0;14;0;0.0;0.0;8.0;20.0;A01
3706;201500002495;0;10;0;0.0;0.0;1.0;1.0;B02
3707;201500002496;0;7;0;0.0;2.0;7.0;19.0;A01
3708;201500002496;0;33;0;0.0;2.0;1.0;1.0;B02
3709;201500002497;0;33;0;0.0;2.0;1.0;1.0;B02
3710;201500002497;0;7;0;0.0;2.0;5.0;15.0;A01
3711;201500002498;0;7;0;0.0;2.0;1.0;0.0;C03
3712;201500002498;0;7;0;0.0;2.0;4.0;1.0;B02
3713;201500002498;0;7;0;0.0;2.0;2.0;1.0;A01
3714;201500002499;0;7;0;0.0;2.0;3.0;15.0;A01
3715;201500002499;0;31;0;0.0;2.0;1.0;1.0;B02
3716;201500002500;0;33;0;0.0;2.0;1.0;1.0;B02
3717;201500002500;0;7;0;0.0;2.0;3.0;9.0;A02
3718;201500002501;0;7;0;0.0;0.0;6.0;1.0;B02
3719;201500002501;0;30;0;0.0;2.0;1.0;6.0;A01
3720;201500002502;0;7;0;0.0;0.0;3.0;19.0;A01
3721;201500002504;0;7;0;13.0;0.0;7.0;0.0;A01
3722;201500002505;0;7;0;0.0;1.0;1.0;0.0;A01
3723;201500002506;0;7;0;3.0;0.0;8.0;21.0;A01
3724;201500002507;0;31;0;13.0;0.0;0.0;1.0;A01
3725;201500002508;0;7;0;0.0;2.0;2.0;1.0;A01
3726;201500002508;0;14;0;0.0;2.0;2.0;1.0;B02
3727;201500002509;0;7;0;0.0;2.0;3.0;1.0;B02
3728;201500002509;0;1;0;0.0;2.0;4.0;13.0;A01
3729;201500002512;0;7;0;0.0;1.0;6.0;4.0;A01
3730;201500002513;0;33;0;16.0;0.0;1.0;1.0;A01
3731;201500002514;0;33;0;0.0;2.0;1.0;13.0;A01
3732;201500002514;0;7;0;0.0;2.0;3.0;1.0;B02
3733;201500002515;0;10;0;0.0;2.0;1.0;0.0;B02
3734;201500002515;0;15;0;0.0;2.0;1.0;1.0;A01
3735;201500002516;0;7;0;8.0;0.0;1.0;1.0;A01
3736;201500002517;0;7;0;2.0;0.0;2.0;1.0;A01
3737;201500002518;0;7;0;0.0;2.0;8.0;19.0;B02
3738;201500002518;0;14;0;0.0;2.0;1.0;1.0;A01
3739;201500002519;0;7;0;2.0;0.0;1.0;17.0;A01
3740;201500002520;0;7;0;6.0;0.0;1.0;1.0;A01
3741;201500002521;0;33;0;0.0;0.0;3.0;14.0;A01
3742;201500002522;0;7;0;0.0;2.0;2.0;9.0;A01
3743;201500002522;0;33;0;0.0;2.0;1.0;17.0;B02
3744;201500002523;0;2;0;12.0;0.0;7.0;1.0;A01
3745;201500002524;0;7;0;0.0;2.0;3.0;1.0;B02
3746;201500002524;0;2;0;0.0;2.0;1.0;1.0;A01
3747;201500002525;0;7;0;0.0;2.0;3.0;1.0;B02
3748;201500002525;0;7;0;0.0;2.0;3.0;1.0;A01
3749;201500002525;0;30;0;0.0;0.0;0.0;1.0;D04
3750;201500002525;0;14;0;0.0;2.0;8.0;1.0;C03
3751;201500002526;0;7;0;0.0;2.0;2.0;1.0;B02
3752;201500002526;0;1;0;0.0;2.0;5.0;6.0;A01
3753;201500002527;0;33;0;0.0;2.0;1.0;17.0;B02
3754;201500002527;0;10;0;0.0;0.0;6.0;15.0;A01
3755;201500002528;0;10;0;2.0;0.0;1.0;1.0;A01
3756;201500002529;0;7;0;0.0;2.0;1.0;13.0;A01
3757;201500002529;0;10;0;0.0;2.0;1.0;1.0;B02
3758;201500002530;0;7;0;0.0;2.0;1.0;13.0;A01
3759;201500002530;0;10;0;0.0;2.0;1.0;1.0;B02
3760;201500002531;0;7;0;0.0;2.0;3.0;1.0;B02
3761;201500002531;0;7;0;0.0;2.0;2.0;15.0;A01
3762;201500002532;0;7;0;0.0;0.0;7.0;20.0;A01
3763;201500002532;0;99;0;0.0;2.0;1.0;1.0;B02
3764;201500002533;0;10;0;0.0;2.0;7.0;21.0;B02
3765;201500002533;0;1;0;0.0;2.0;2.0;14.0;A01
3766;201500002536;0;7;0;0.0;0.0;3.0;13.0;B02
3767;201500002536;0;7;0;0.0;0.0;3.0;1.0;A01
3768;201500002537;0;30;0;0.0;2.0;3.0;13.0;A01
3769;201500002537;0;7;0;0.0;2.0;8.0;1.0;B02
3770;201500002538;0;30;0;0.0;2.0;8.0;16.0;A01
3771;201500002538;0;37;1;0.0;2.0;8.0;23.0;B02
3772;201500002539;0;31;0;0.0;2.0;1.0;21.0;A01
3773;201500002539;0;10;0;0.0;2.0;8.0;19.0;B02
3774;201500002540;0;7;0;0.0;2.0;2.0;1.0;C01
3775;201500002540;0;10;0;0.0;2.0;3.0;1.0;B01
3776;201500002540;0;7;0;0.0;2.0;3.0;13.0;A01
3777;201500002541;0;7;0;8.0;0.0;3.0;13.0;A01
3778;201500002542;0;7;0;0.0;2.0;3.0;1.0;A01
3779;201500002542;0;7;0;0.0;2.0;3.0;1.0;B02
3780;201500002543;0;7;0;0.0;2.0;4.0;0.0;B02
3781;201500002543;0;7;0;0.0;2.0;1.0;0.0;A01
3782;201500002544;0;7;0;0.0;2.0;7.0;1.0;A01
3783;201500002544;0;7;0;0.0;2.0;1.0;15.0;B01
3784;201500002545;0;7;0;0.0;2.0;3.0;1.0;B02
3785;201500002545;0;7;0;0.0;2.0;3.0;1.0;A01
3786;201500002548;0;7;0;2.0;0.0;1.0;0.0;A01
3787;201500002549;0;10;0;0.0;2.0;3.0;15.0;B02
3788;201500002549;0;10;0;0.0;2.0;3.0;1.0;A01
3789;201500002550;0;7;0;0.0;2.0;3.0;1.0;A01
3790;201500002550;0;30;0;0.0;2.0;1.0;15.0;B02
3791;201500002551;0;1;0;0.0;2.0;9.0;1.0;B02
3792;201500002551;0;7;0;0.0;2.0;2.0;11.0;A01
3793;201500002552;0;7;0;7.0;0.0;9.0;2.0;A01
3794;201500002553;0;7;0;0.0;2.0;3.0;21.0;A01
3795;201500002553;0;7;0;0.0;2.0;3.0;1.0;B02
3796;201500002554;0;7;0;0.0;2.0;3.0;1.0;B02
3797;201500002554;0;7;0;0.0;2.0;3.0;17.0;A01
3798;201500002554;0;7;0;0.0;2.0;5.0;1.0;C03
3799;201500002556;0;7;0;0.0;2.0;1.0;1.0;A01
3800;201500002556;0;7;0;0.0;2.0;8.0;19.0;B02
3801;201500002557;0;10;0;0.0;1.0;2.0;1.0;A01
3802;201500002558;0;30;0;0.0;2.0;8.0;1.0;B02
3803;201500002558;0;7;0;0.0;2.0;7.0;20.0;A01
3804;201500002559;0;7;0;13.0;0.0;9.0;1.0;A01
3805;201500002560;0;33;0;0.0;2.0;1.0;1.0;A01
3806;201500002560;0;33;0;0.0;2.0;1.0;9.0;B02
3807;201500002561;0;31;0;0.0;2.0;1.0;1.0;B02
3808;201500002561;0;7;0;0.0;2.0;3.0;15.0;A01
3809;201500002562;0;7;0;0.0;2.0;8.0;15.0;A01
3810;201500002562;0;31;0;0.0;2.0;1.0;17.0;B02
3811;201500002563;0;7;0;0.0;2.0;3.0;15.0;A01
3812;201500002563;0;30;0;0.0;2.0;1.0;1.0;B02
3813;201500002565;0;7;0;0.0;2.0;1.0;1.0;A01
3814;201500002565;0;10;0;0.0;2.0;4.0;1.0;B02
3815;201500002566;0;7;0;0.0;1.0;1.0;1.0;A01
3816;201500002567;0;7;0;0.0;2.0;1.0;1.0;B02
3817;201500002567;0;7;0;0.0;2.0;2.0;1.0;A01
3818;201500002568;0;10;0;0.0;2.0;3.0;13.0;A01
3819;201500002568;0;7;0;0.0;2.0;3.0;1.0;B02
3820;201500002569;0;33;0;6.0;0.0;1.0;1.0;A01
3821;201500002570;0;7;0;0.0;1.0;3.0;1.0;A01
3822;201500002571;0;33;0;13.0;0.0;1.0;1.0;A01
3823;201500002572;0;7;0;0.0;2.0;1.0;1.0;B02
3824;201500002572;0;7;0;0.0;2.0;1.0;1.0;A01
3825;201500002573;0;7;0;0.0;2.0;4.0;15.0;A01
3826;201500002573;0;33;0;0.0;2.0;1.0;1.0;B02
3827;201500002574;0;7;0;0.0;2.0;2.0;19.0;B02
3828;201500002574;0;33;0;0.0;2.0;8.0;1.0;A01
3829;201500002575;0;7;0;0.0;2.0;2.0;13.0;A01
3830;201500002575;0;7;0;0.0;2.0;1.0;1.0;B02
3831;201500002576;0;1;0;0.0;0.0;0.0;1.0;A01
3832;201500002577;0;10;0;0.0;2.0;1.0;1.0;B02
3833;201500002577;0;7;0;0.0;2.0;7.0;19.0;A01
3834;201500002578;0;7;0;0.0;2.0;2.0;2.0;A01
3835;201500002578;0;1;0;0.0;0.0;4.0;2.0;B02
3836;201500002579;0;7;0;0.0;2.0;1.0;1.0;A01
3837;201500002579;0;7;0;0.0;2.0;1.0;1.0;B02
3838;201500002579;0;7;0;0.0;2.0;1.0;1.0;C03
3839;201500002580;0;7;0;0.0;2.0;1.0;1.0;B02
3840;201500002580;0;7;0;0.0;2.0;2.0;1.0;A01
3841;201500002580;0;7;0;0.0;2.0;1.0;19.0;C03
3842;201500002581;0;30;0;0.0;2.0;1.0;13.0;B02
3843;201500002581;0;7;0;0.0;2.0;2.0;21.0;A01
3844;201500002582;0;14;0;0.0;2.0;1.0;1.0;B02
3845;201500002582;0;14;0;0.0;2.0;4.0;1.0;A01
3846;201500002583;0;33;0;0.0;2.0;1.0;1.0;B02
3847;201500002583;0;1;0;0.0;2.0;2.0;19.0;A01
3848;201500002584;0;7;0;13.0;0.0;1.0;13.0;A01
3849;201500002585;0;7;0;15.0;0.0;8.0;1.0;A01
3850;201500002586;0;7;0;1.0;0.0;1.0;1.0;B02
3851;201500002586;0;7;0;13.0;6.0;2.0;1.0;A01
3852;201500002587;0;7;0;13.0;0.0;2.0;14.0;A01
3853;201500002588;0;7;0;0.0;1.0;6.0;4.0;A01
3854;201500002589;0;33;0;0.0;2.0;1.0;17.0;A01
3855;201500002589;0;7;0;0.0;2.0;8.0;15.0;B02
3856;201500002590;0;7;0;13.0;0.0;9.0;1.0;A01
3857;201500002591;0;31;0;0.0;2.0;8.0;1.0;B02
3858;201500002591;0;7;0;0.0;2.0;8.0;13.0;A01
3859;201500002592;0;33;0;9.0;0.0;1.0;1.0;A01
3860;201500002593;0;7;0;0.0;2.0;1.0;17.0;B02
3861;201500002593;0;7;0;0.0;2.0;1.0;1.0;A01
3862;201500002594;0;7;0;0.0;2.0;3.0;1.0;A01
3863;201500002594;0;30;0;0.0;2.0;1.0;5.0;B02
3864;201500002595;0;7;0;0.0;1.0;2.0;1.0;A01
3865;201500002596;0;7;0;0.0;0.0;0.0;1.0;B02
3866;201500002596;0;7;0;0.0;0.0;2.0;1.0;A01
3867;201500002597;1;10;0;0.0;1.0;3.0;0.0;A01
3868;201500002598;0;33;0;0.0;0.0;0.0;1.0;A01
3869;201500002598;0;7;0;0.0;2.0;1.0;1.0;B02
3870;201500002599;0;7;0;0.0;2.0;6.0;15.0;A01
3871;201500002599;0;33;0;0.0;2.0;1.0;17.0;B02
3872;201500002600;0;3;0;13.0;0.0;1.0;0.0;A01
3873;201500002601;0;7;0;0.0;0.0;6.0;24.0;B02
3874;201500002601;0;10;0;0.0;0.0;2.0;1.0;A01
3875;201500002602;0;7;0;0.0;1.0;1.0;1.0;A01
3876;201500002603;0;1;0;0.0;2.0;3.0;6.0;A01
3877;201500002603;0;7;0;0.0;2.0;3.0;1.0;B02
3878;201500002605;0;7;0;13.0;0.0;9.0;1.0;A01
3879;201500002606;0;33;0;13.0;0.0;7.0;1.0;A01
3880;201500002607;0;7;0;16.0;0.0;9.0;19.0;A01
3881;201500002608;0;7;0;0.0;2.0;1.0;1.0;A01
3882;201500002608;0;7;0;0.0;2.0;1.0;1.0;B02