;Num_Acc;senc;catv;occutc;obs;obsm;choc;manv;num_veh
3883;201500002609;0;7;0;13.0;0.0;1.0;0.0;A01
3884;201500002610;0;7;0;0.0;2.0;1.0;5.0;B02
3885;201500002610;0;7;0;0.0;2.0;1.0;1.0;A01
3886;201500002611;0;7;0;0.0;2.0;1.0;5.0;B02
3887;201500002611;0;7;0;0.0;2.0;1.0;1.0;A01
3888;201500002612;0;14;0;0.0;2.0;3.0;13.0;A01
3889;201500002612;0;10;0;0.0;2.0;8.0;1.0;B02
3890;201500002612;0;7;0;0.0;2.0;3.0;1.0;C03
3891;201500002613;0;7;0;0.0;2.0;2.0;13.0;A01
3892;201500002613;0;10;0;0.0;2.0;2.0;21.0;B02
3893;201500002614;0;7;0;0.0;2.0;0.0;21.0;B02
3894;201500002614;0;7;0;0.0;2.0;1.0;13.0;A01
3895;201500002615;0;7;0;13.0;0.0;1.0;13.0;A01
3896;201500002616;0;2;0;0.0;2.0;1.0;13.0;A01
3897;201500002616;0;7;0;0.0;2.0;3.0;1.0;B02
3898;201500002617;0;7;0;2.0;0.0;3.0;14.0;A01
3899;201500002618;0;7;0;0.0;0.0;5.0;15.0;A01
3900;201500002618;0;33;0;0.0;2.0;1.0;1.0;B02
3901;201500002619;0;10;0;0.0;2.0;5.0;10.0;A01
3902;201500002619;0;7;0;0.0;2.0;2.0;1.0;B02
3903;201500002620;0;7;0;0.0;2.0;3.0;9.0;A01
3904;201500002620;0;30;0;0.0;2.0;1.0;1.0;B02
3905;201500002621;0;33;0;0.0;2.0;3.0;1.0;A01
3906;201500002621;0;7;0;0.0;2.0;8.0;1.0;B02
3907;201500002621;0;7;0;0.0;2.0;1.0;1.0;C03
3908;201500002622;0;7;0;13.0;0.0;1.0;14.0;A01
3909;201500002623;0;7;0;8.0;0.0;1.0;19.0;A01
3910;201500002624;0;33;0;0.0;6.0;1.0;1.0;A01
3911;201500002625;0;7;0;2.0;0.0;1.0;14.0;A01
3912;201500002626;0;7;0;1.0;0.0;1.0;1.0;A01
3913;201500002627;0;33;0;8.0;0.0;1.0;0.0;A01
3914;201500002628;0;33;0;0.0;2.0;1.0;13.0;A01
3915;201500002628;0;7;0;0.0;2.0;3.0;1.0;B02
3916;201500002629;0;7;0;2.0;0.0;3.0;14.0;A01
3917;201500002630;0;7;0;0.0;2.0;1.0;1.0;A01
3918;201500002630;0;7;0;0.0;2.0;8.0;9.0;B02
3919;201500002631;0;7;0;0.0;2.0;1.0;1.0;C03
3920;201500002631;0;7;0;0.0;2.0;1.0;6.0;A01
3921;201500002631;0;7;0;0.0;2.0;6.0;1.0;B02
3922;201500002632;0;7;0;6.0;0.0;1.0;17.0;A01
3923;201500002633;0;33;0;0.0;2.0;1.0;1.0;B02
3924;201500002633;0;7;0;0.0;2.0;5.0;15.0;A01
3925;201500002634;0;31;0;0.0;1.0;1.0;1.0;A01
3926;201500002635;0;1;0;0.0;0.0;8.0;1.0;B02
3927;201500002635;0;7;0;0.0;0.0;7.0;17.0;A01
3928;201500002636;0;7;0;0.0;2.0;0.0;15.0;A01
3929;201500002636;0;1;0;0.0;0.0;1.0;1.0;B02
3930;201500002637;0;7;0;0.0;2.0;3.0;13.0;A01
3931;201500002637;0;7;0;0.0;2.0;3.0;1.0;B02
3932;201500002638;0;7;0;0.0;2.0;3.0;1.0;A01
3933;201500002638;0;7;0;0.0;2.0;3.0;1.0;B02
3934;201500002639;0;31;0;0.0;9.0;7.0;23.0;D04
3935;201500002639;0;33;0;0.0;2.0;1.0;1.0;B02
3936;201500002639;0;7;0;0.0;2.0;3.0;13.0;A01
3937;201500002639;0;33;0;0.0;9.0;3.0;1.0;C03
3938;201500002639;0;7;0;0.0;2.0;1.0;1.0;E05
3939;201500002640;0;33;0;0.0;0.0;0.0;1.0;A01
3940;201500002641;0;7;0;2.0;0.0;1.0;0.0;A01
3941;201500002642;0;2;0;0.0;0.0;0.0;17.0;A01
3942;201500002643;0;10;0;0.0;2.0;1.0;16.0;A01
3943;201500002643;0;1;0;0.0;2.0;4.0;1.0;B02
3944;201500002644;0;15;0;0.0;2.0;1.0;1.0;A01
3945;201500002644;0;7;0;0.0;2.0;1.0;13.0;B02
3946;201500002645;0;7;0;0.0;2.0;1.0;1.0;B02
3947;201500002645;0;7;0;0.0;2.0;7.0;1.0;A01
3948;201500002646;0;7;0;6.0;0.0;2.0;14.0;A01
3949;201500002647;0;7;0;0.0;2.0;3.0;1.0;A01
3950;201500002647;0;7;0;0.0;2.0;3.0;11.0;B02
3951;201500002648;0;7;0;0.0;2.0;2.0;15.0;A01
3952;201500002648;0;7;0;0.0;2.0;2.0;1.0;B02
3953;201500002649;0;7;0;0.0;2.0;2.0;1.0;A01
3954;201500002649;0;1;0;0.0;0.0;4.0;1.0;B02
3955;201500002651;0;7;0;0.0;0.0;1.0;15.0;A01
3956;201500002651;0;33;0;0.0;2.0;1.0;1.0;B02
3957;201500002652;0;7;0;0.0;2.0;1.0;9.0;A01
3958;201500002652;0;30;0;0.0;2.0;8.0;1.0;B02
3959;201500002653;0;7;0;2.0;0.0;1.0;1.0;A01
3960;201500002654;0;7;0;6.0;0.0;3.0;14.0;A01
3961;201500002655;0;7;0;8.0;0.0;1.0;13.0;A01
3962;201500002656;0;7;0;0.0;2.0;3.0;13.0;A01
3963;201500002656;0;7;0;0.0;2.0;3.0;1.0;B02
3964;201500002657;0;33;0;2.0;0.0;0.0;1.0;A01
3965;201500002658;0;7;0;8.0;0.0;8.0;1.0;A01
3966;201500002659;0;7;0;0.0;2.0;2.0;13.0;B02
3967;201500002659;0;7;0;0.0;2.0;2.0;13.0;A01
3968;201500002660;0;7;0;6.0;0.0;1.0;1.0;A01
3969;201500002661;0;33;0;0.0;0.0;0.0;1.0;A01
3970;201500002663;0;33;0;16.0;0.0;1.0;1.0;A01
3971;201500002664;0;30;0;0.0;2.0;1.0;5.0;A01
3972;201500002664;0;7;0;0.0;2.0;1.0;1.0;B02
3973;201500002665;0;7;0;10.0;0.0;1.0;14.0;A01
3974;201500002666;0;7;0;0.0;2.0;2.0;13.0;A01
3975;201500002666;0;7;0;0.0;2.0;2.0;1.0;B02
3976;201500002667;0;10;0;0.0;9.0;3.0;1.0;B02
3977;201500002667;0;1;0;0.0;2.0;7.0;1.0;A01
3978;201500002669;0;7;0;0.0;2.0;1.0;1.0;B02
3979;201500002669;0;7;0;0.0;2.0;6.0;1.0;A01
3980;201500002670;0;10;0;6.0;0.0;3.0;0.0;A01
3981;201500002671;0;31;0;8.0;0.0;1.0;5.0;A01
3982;201500002673;0;7;0;0.0;1.0;1.0;1.0;A01
3983;201500002674;0;10;0;15.0;0.0;3.0;1.0;A01
3984;201500002675;0;7;0;13.0;0.0;3.0;1.0;A01
3985;201500002676;0;30;0;0.0;2.0;8.0;16.0;B02
3986;201500002676;0;7;0;0.0;2.0;1.0;1.0;A01
3987;201500002677;0;1;0;0.0;2.0;8.0;1.0;B02
3988;201500002677;0;7;0;0.0;2.0;7.0;17.0;A01
3989;201500002678;0;7;0;15.0;0.0;2.0;1.0;A01
3990;201500002679;0;30;0;0.0;6.0;1.0;1.0;A01
3991;201500002680;0;33;0;0.0;2.0;3.0;1.0;B02
3992;201500002680;0;10;0;0.0;2.0;3.0;1.0;A01
3993;201500002681;0;32;0;0.0;5.0;7.0;1.0;A01
3994;201500002682;0;7;0;2.0;0.0;1.0;1.0;A01
3995;201500002683;0;7;0;0.0;2.0;2.0;13.0;A01
3996;201500002683;0;7;0;0.0;2.0;2.0;21.0;B02
3997;201500002684;0;7;0;2.0;0.0;1.0;1.0;A01
3998;201500002685;0;1;0;0.0;0.0;7.0;15.0;A01
3999;201500002685;0;7;0;0.0;0.0;2.0;1.0;B02
4000;201500002686;0;30;0;0.0;0.0;0.0;1.0;A01
4001;201500002686;0;10;0;0.0;0.0;0.0;1.0;B02
4002;201500002687;0;33;0;0.0;2.0;1.0;15.0;A01
4003;201500002687;0;7;0;0.0;2.0;8.0;2.0;B02
4004;201500002688;0;7;0;0.0;2.0;3.0;15.0;A01
4005;201500002688;0;32;0;0.0;2.0;1.0;1.0;B02
4006;201500002689;0;10;0;0.0;1.0;2.0;1.0;A01
4007;201500002690;0;7;0;0.0;2.0;3.0;16.0;A01
4008;201500002690;0;10;0;0.0;2.0;3.0;1.0;B02
4009;201500002691;0;7;0;13.0;0.0;1.0;1.0;A01
4010;201500002694;0;7;0;0.0;2.0;1.0;1.0;B02
4011;201500002694;0;7;0;0.0;2.0;7.0;9.0;A01
4012;201500002695;0;31;0;0.0;2.0;1.0;1.0;A01
4013;201500002695;0;7;0;0.0;2.0;8.0;15.0;B02
4014;201500002696;0;7;0;2.0;0.0;3.0;1.0;A01
4015;201500002697;0;7;0;8.0;0.0;2.0;0.0;A01
4016;201500002699;0;7;0;0.0;0.0;4.0;23.0;B02
4017;201500002699;0;30;0;0.0;2.0;1.0;1.0;A01
4018;201500002700;0;7;0;0.0;2.0;3.0;13.0;A01
4019;201500002700;0;15;0;0.0;2.0;3.0;1.0;B02
4020;201500002702;0;10;0;2.0;0.0;0.0;1.0;A01
4021;201500002703;0;7;0;8.0;0.0;3.0;13.0;A01
4022;201500002705;0;7;0;8.0;0.0;9.0;1.0;A01
4023;201500002706;0;30;0;0.0;2.0;2.0;17.0;A01
4024;201500002706;0;7;0;0.0;2.0;8.0;1.0;B02
4025;201500002707;0;7;0;0.0;2.0;1.0;13.0;A01
4026;201500002707;0;7;0;0.0;2.0;1.0;1.0;B02
4027;201500002708;0;7;0;13.0;0.0;1.0;1.0;A01
4028;201500002710;0;7;0;2.0;0.0;1.0;13.0;A01
4029;201500002711;0;10;0;2.0;0.0;3.0;13.0;A01
4030;201500002712;0;7;0;13.0;0.0;2.0;0.0;A01
4031;201500002713;0;7;0;7.0;0.0;0.0;0.0;A01
4032;201500002714;0;7;0;0.0;2.0;3.0;1.0;A01
4033;201500002714;0;7;0;0.0;2.0;3.0;1.0;B02
4034;201500002715;0;30;0;1.0;0.0;1.0;0.0;A01
4035;201500002715;0;10;0;0.0;0.0;4.0;0.0;B02
4036;201500002716;0;17;0;13.0;0.0;8.0;1.0;A01
4037;201500002718;0;7;0;0.0;2.0;2.0;14.0;A01
4038;201500002718;0;7;0;0.0;2.0;6.0;1.0;B02
4039;201500002719;0;7;0;0.0;0.0;4.0;23.0;A01
4040;201500002719;0;2;0;1.0;0.0;1.0;1.0;B02
4041;201500002720;0;7;0;0.0;6.0;1.0;0.0;A01
4042;201500002720;0;7;0;0.0;6.0;1.0;0.0;B02
4043;201500002722;0;10;0;16.0;0.0;9.0;1.0;A01
4044;201500002723;0;7;0;0.0;1.0;1.0;1.0;A01
4045;201500002724;0;7;0;0.0;2.0;7.0;1.0;A01
4046;201500002724;0;30;0;0.0;2.0;8.0;1.0;B02
4047;201500002727;0;33;0;0.0;2.0;1.0;1.0;B02
4048;201500002727;0;7;0;0.0;2.0;3.0;15.0;A01
4049;201500002728;0;7;0;0.0;1.0;2.0;1.0;A01
4050;201500002729;0;7;0;2.0;0.0;1.0;1.0;A01
4051;201500002730;0;33;0;0.0;9.0;8.0;1.0;A01
4052;201500002731;0;7;0;0.0;0.0;3.0;5.0;A01
4053;201500002731;0;31;0;0.0;2.0;1.0;1.0;B02
4054;201500002732;0;33;0;0.0;2.0;1.0;13.0;A01
4055;201500002732;0;7;0;0.0;2.0;3.0;19.0;B02
4056;201500002733;0;10;0;0.0;2.0;6.0;17.0;A01
4057;201500002733;0;7;0;0.0;2.0;2.0;17.0;B02
4058;201500002733;0;1;0;0.0;2.0;1.0;0.0;C03
4059;201500002734;0;7;0;13.0;0.0;3.0;1.0;A01
4060;201500002735;0;7;0;0.0;0.0;1.0;13.0;A01
4061;201500002736;0;30;0;0.0;2.0;3.0;13.0;A01
4062;201500002736;0;7;0;0.0;2.0;8.0;14.0;B02
4063;201500002738;0;7;0;0.0;2.0;2.0;1.0;B01
4064;201500002738;0;7;0;0.0;2.0;3.0;1.0;C02
4065;201500002738;0;7;0;0.0;2.0;1.0;0.0;A03
4066;201500002739;0;7;0;2.0;0.0;1.0;1.0;A01
4067;201500002740;0;7;0;0.0;2.0;3.0;13.0;A01
4068;201500002740;0;7;0;0.0;2.0;3.0;1.0;B02
4069;201500002741;0;7;0;13.0;0.0;7.0;0.0;A01
4070;201500002742;0;7;0;8.0;0.0;1.0;1.0;A01
4071;201500002743;0;7;0;2.0;0.0;1.0;14.0;A01
4072;201500002744;0;7;0;0.0;2.0;1.0;13.0;A01
4073;201500002744;0;7;0;0.0;2.0;1.0;1.0;B02
4074;201500002746;0;7;0;0.0;2.0;5.0;15.0;A01
4075;201500002746;0;30;0;0.0;2.0;1.0;1.0;B02
4076;201500002747;0;7;0;0.0;2.0;1.0;1.0;A01
4077;201500002747;0;7;0;0.0;2.0;1.0;1.0;B02
4078;201500002748;0;10;0;0.0;1.0;3.0;1.0;A01
4079;201500002749;0;30;0;0.0;2.0;1.0;17.0;A01
4080;201500002749;0;7;0;0.0;2.0;3.0;15.0;B02
4081;201500002750;0;33;0;0.0;0.0;0.0;1.0;A01
4082;201500002751;0;7;0;0.0;2.0;1.0;9.0;A01
4083;201500002751;0;30;0;0.0;2.0;7.0;1.0;B02
4084;201500002752;0;14;0;0.0;0.0;0.0;1.0;A01
4085;201500002753;0;33;0;0.0;2.0;1.0;2.0;A01
4086;201500002753;0;7;0;0.0;2.0;6.0;15.0;B02
4087;201500002754;0;7;0;14.0;0.0;1.0;1.0;A01
4088;201500002755;0;7;0;2.0;0.0;0.0;1.0;A01
4089;201500002756;0;33;0;13.0;0.0;1.0;1.0;A01
4090;201500002757;0;33;0;0.0;2.0;1.0;1.0;B02
4091;201500002757;0;7;0;0.0;2.0;7.0;19.0;A01
4092;201500002758;0;7;0;0.0;0.0;6.0;0.0;A01
4093;201500002758;0;33;0;0.0;2.0;1.0;17.0;B02
4094;201500002760;0;7;0;0.0;2.0;3.0;15.0;A01
4095;201500002760;0;2;0;0.0;2.0;1.0;1.0;B02
4096;201500002761;1;15;0;0.0;1.0;0.0;2.0;B02
4097;201500002762;0;7;0;0.0;2.0;1.0;13.0;A01
4098;201500002762;0;14;0;0.0;2.0;3.0;1.0;B02
4099;201500002763;0;30;0;8.0;0.0;1.0;13.0;A01
4100;201500002764;0;7;0;0.0;2.0;8.0;19.0;A01
4101;201500002764;0;31;0;0.0;2.0;1.0;1.0;B02
4102;201500002765;0;7;0;0.0;2.0;1.0;1.0;A01
4103;201500002765;0;30;0;0.0;2.0;1.0;17.0;B02
4104;201500002766;0;7;0;0.0;1.0;3.0;1.0;A01
4105;201500002767;0;7;0;0.0;2.0;5.0;19.0;A01
4106;201500002767;0;7;0;0.0;2.0;1.0;1.0;B02
4107;201500002768;0;7;0;6.0;0.0;7.0;19.0;A01
4108;201500002770;0;7;0;6.0;0.0;8.0;1.0;A01
4109;201500002771;0;7;0;2.0;0.0;1.0;1.0;A01
4110;201500002772;0;10;0;2.0;0.0;3.0;13.0;A01
4111;201500002773;0;15;0;13.0;0.0;2.0;14.0;A01
4112;201500002774;0;7;0;6.0;0.0;9.0;1.0;A01
4113;201500002775;0;7;0;8.0;0.0;1.0;1.0;A01
4114;201500002776;0;7;0;13.0;0.0;2.0;1.0;A01
4115;201500002777;0;33;0;0.0;0.0;8.0;1.0;A01
4116;201500002778;0;7;0;0.0;1.0;4.0;4.0;A01
4117;201500002779;0;7;0;15.0;0.0;1.0;1.0;A01
4118;201500002780;0;10;0;6.0;0.0;1.0;1.0;A01
4119;201500002781;0;7;0;0.0;2.0;3.0;13.0;A01
4120;201500002781;0;7;0;0.0;2.0;3.0;1.0;B02
4121;201500002782;0;7;0;2.0;0.0;1.0;1.0;A01
4122;201500002783;0;33;0;13.0;0.0;1.0;1.0;A01
4123;201500002784;0;33;0;0.0;0.0;3.0;1.0;A01
4124;201500002785;0;7;0;13.0;0.0;9.0;1.0;A01
4125;201500002786;0;7;0;2.0;0.0;7.0;1.0;A01
4126;201500002787;0;7;0;13.0;6.0;3.0;1.0;A01
4127;201500002788;0;7;0;0.0;1.0;2.0;1.0;A01
4128;201500002789;0;2;0;0.0;0.0;8.0;10.0;A01
4129;201500002789;0;30;0;0.0;2.0;1.0;2.0;B02
4130;201500002790;0;7;0;0.0;2.0;3.0;13.0;A01
4131;201500002790;0;13;0;0.0;2.0;3.0;1.0;B02
4132;201500002791;0;7;0;0.0;2.0;7.0;19.0;A01
4133;201500002791;0;7;0;0.0;2.0;2.0;1.0;B02
4134;201500002792;0;7;0;13.0;0.0;2.0;14.0;A01
4135;201500002793;0;7;0;0.0;1.0;3.0;1.0;A01
4136;201500002794;0;7;0;15.0;0.0;1.0;13.0;A01
4137;201500002795;0;7;0;2.0;0.0;8.0;13.0;A01
4138;201500002797;0;14;0;0.0;2.0;2.0;13.0;A01
4139;201500002797;0;10;0;0.0;0.0;1.0;1.0;B02
4140;201500002798;0;7;0;13.0;0.0;1.0;1.0;A01
4141;201500002799;1;7;0;;2.0;;17.0;B02
4142;201500002799;0;2;0;0.0;2.0;4.0;1.0;A01
4143;201500002802;0;7;0;0.0;2.0;3.0;1.0;B02
4144;201500002802;0;7;0;0.0;2.0;8.0;15.0;A01
4145;201500002803;0;33;0;0.0;2.0;1.0;1.0;A01
4146;201500002803;0;7;0;0.0;2.0;5.0;19.0;B02
4147;201500002804;0;7;0;0.0;1.0;7.0;1.0;A01
4148;201500002805;0;10;0;0.0;2.0;3.0;1.0;A01
4149;201500002805;0;15;0;0.0;2.0;2.0;19.0;B02
4150;201500002805;0;7;0;0.0;2.0;1.0;23.0;C03
4151;201500002806;0;7;0;0.0;2.0;8.0;12.0;A01
4152;201500002806;0;2;0;0.0;2.0;1.0;1.0;B02
4153;201500002808;0;7;0;0.0;2.0;3.0;1.0;A01
4154;201500002808;0;7;0;0.0;2.0;3.0;1.0;B02
4155;201500002809;0;31;0;0.0;2.0;1.0;18.0;A01
4156;201500002809;0;7;0;0.0;9.0;2.0;16.0;B02
4157;201500002810;0;7;0;0.0;2.0;3.0;13.0;A01
4158;201500002810;0;7;0;0.0;2.0;3.0;1.0;B02
4159;201500002811;0;1;0;0.0;2.0;3.0;13.0;A01
4160;201500002811;0;7;0;0.0;2.0;2.0;1.0;B02
4161;201500002812;0;7;0;0.0;2.0;3.0;16.0;A01
4162;201500002812;0;7;0;0.0;1.0;7.0;1.0;B02
4163;201500002813;0;7;0;8.0;0.0;2.0;13.0;A01
4164;201500002814;0;7;0;0.0;9.0;2.0;1.0;A01
4165;201500002814;0;1;0;0.0;2.0;1.0;19.0;B02
4166;201500002815;0;7;0;0.0;2.0;3.0;13.0;A01
4167;201500002815;0;7;0;0.0;2.0;3.0;13.0;B02
4168;201500002817;0;10;0;0.0;0.0;1.0;0.0;A01
4169;201500002819;0;15;0;1.0;2.0;1.0;21.0;A01
4170;201500002819;0;7;0;0.0;1.0;8.0;19.0;E02
4171;201500002821;0;7;0;13.0;0.0;3.0;0.0;A01
4172;201500002822;0;7;0;0.0;2.0;3.0;13.0;A01
4173;201500002822;0;14;0;0.0;2.0;3.0;1.0;B02
4174;201500002823;0;7;0;0.0;1.0;7.0;1.0;A01
4175;201500002824;0;7;0;0.0;2.0;3.0;13.0;A01
4176;201500002824;0;10;0;0.0;2.0;3.0;0.0;B02
4177;201500002825;0;1;0;0.0;2.0;0.0;2.0;B02
4178;201500002825;0;10;0;0.0;9.0;3.0;17.0;A01
4179;201500002826;0;30;0;13.0;0.0;8.0;1.0;A01
4180;201500002827;0;10;0;0.0;0.0;1.0;17.0;A01
4181;201500002827;0;7;0;0.0;0.0;0.0;1.0;B02
4182;201500002828;0;7;0;0.0;2.0;8.0;18.0;A01
4183;201500002828;0;30;0;0.0;2.0;7.0;14.0;B02
4184;201500002829;0;7;0;8.0;0.0;9.0;1.0;A01
4185;201500002830;0;31;0;8.0;0.0;8.0;14.0;A01
4186;201500002831;0;7;0;0.0;2.0;1.0;1.0;B02
4187;201500002831;0;7;0;0.0;2.0;1.0;13.0;A01
4188;201500002832;0;7;0;0.0;2.0;3.0;15.0;A01
4189;201500002832;0;7;0;0.0;2.0;3.0;1.0;B02
4190;201500002833;0;1;0;2.0;0.0;3.0;13.0;A01
4191;201500002834;0;7;0;1.0;0.0;1.0;1.0;A01
4192;201500002835;0;2;0;13.0;0.0;0.0;0.0;A01
4193;201500002836;0;7;0;0.0;2.0;3.0;13.0;A01
4194;201500002836;0;7;0;0.0;2.0;3.0;1.0;B02
4195;201500002837;0;7;0;0.0;2.0;1.0;1.0;B02
4196;201500002837;0;7;0;3.0;2.0;2.0;13.0;A01
4197;201500002839;0;7;0;2.0;0.0;9.0;1.0;A01
4198;201500002840;0;7;0;6.0;0.0;1.0;2.0;A01
4199;201500002841;0;7;0;0.0;1.0;1.0;1.0;A01
4200;201500002842;0;7;0;0.0;2.0;2.0;1.0;B02
4201;201500002842;0;7;0;0.0;2.0;8.0;19.0;A01
4202;201500002843;0;30;0;12.0;0.0;1.0;12.0;A01
4203;201500002844;0;10;0;0.0;2.0;1.0;1.0;B02
4204;201500002844;0;7;0;0.0;2.0;3.0;1.0;A01
4205;201500002846;0;10;0;0.0;4.0;8.0;1.0;A01
4206;201500002846;0;39;1;0.0;2.0;1.0;1.0;B01
4207;201500002848;0;7;0;0.0;2.0;2.0;1.0;A01
4208;201500002848;0;7;0;0.0;2.0;3.0;19.0;B02
4209;201500002849;0;7;0;0.0;2.0;2.0;15.0;A01
4210;201500002849;0;7;0;0.0;2.0;7.0;1.0;B02
4211;201500002850;0;7;0;13.0;0.0;2.0;1.0;A01
4212;201500002851;0;7;0;0.0;2.0;8.0;19.0;A01
4213;201500002851;0;7;0;0.0;2.0;1.0;1.0;B02
4214;201500002852;0;7;0;0.0;2.0;5.0;15.0;A01
4215;201500002852;0;30;0;0.0;2.0;1.0;1.0;B02
4216;201500002853;0;7;0;0.0;2.0;3.0;1.0;B02
4217;201500002853;0;7;0;0.0;2.0;1.0;15.0;A01
4218;201500002854;0;7;0;0.0;0.0;7.0;1.0;A01
4219;201500002855;0;7;0;10.0;0.0;8.0;1.0;A01
4220;201500002856;0;31;0;0.0;2.0;1.0;1.0;B02
4221;201500002856;0;21;0;0.0;2.0;6.0;1.0;A01
4222;201500002857;0;7;0;8.0;0.0;1.0;1.0;A01
4223;201500002858;0;7;0;0.0;2.0;8.0;15.0;A01
4224;201500002858;0;7;0;0.0;2.0;1.0;1.0;B02
4225;201500002859;0;7;0;0.0;2.0;2.0;1.0;A01
4226;201500002859;0;7;0;0.0;2.0;3.0;19.0;B02
4227;201500002860;0;7;0;13.0;0.0;1.0;1.0;A01
4228;201500002862;0;7;0;8.0;0.0;3.0;13.0;A01
4229;201500002864;0;7;0;0.0;2.0;1.0;15.0;A01
4230;201500002864;0;7;0;0.0;2.0;1.0;1.0;B02
4231;201500002865;0;10;0;13.0;0.0;1.0;1.0;A01
4232;201500002866;0;7;0;13.0;0.0;1.0;0.0;A01
4233;201500002867;0;15;0;0.0;1.0;2.0;9.0;A01
4234;201500002868;0;7;0;0.0;1.0;1.0;1.0;A01
4235;201500002869;0;7;0;0.0;0.0;8.0;19.0;A01
4236;201500002869;0;10;0;0.0;0.0;1.0;1.0;B02
4237;201500002870;0;14;0;0.0;2.0;7.0;19.0;A01
4238;201500002870;0;7;0;0.0;2.0;1.0;1.0;B02
4239;201500002871;0;7;0;0.0;2.0;3.0;15.0;A01
4240;201500002871;0;1;0;0.0;2.0;1.0;1.0;B02
4241;201500002872;0;33;0;0.0;6.0;1.0;1.0;A01
4242;201500002873;0;7;0;0.0;0.0;3.0;1.0;B02
4243;201500002873;0;7;0;0.0;0.0;8.0;1.0;A01
4244;201500002874;0;7;0;0.0;2.0;3.0;19.0;A01
4245;201500002874;0;7;0;0.0;0.0;1.0;1.0;B02
4246;201500002875;0;33;0;14.0;0.0;2.0;1.0;A01
4247;201500002876;0;33;0;0.0;0.0;0.0;1.0;A01
4248;201500002877;0;7;0;2.0;0.0;1.0;19.0;A01
4249;201500002878;0;7;0;2.0;0.0;1.0;1.0;A01
4250;201500002879;0;7;0;0.0;1.0;2.0;1.0;A01
4251;201500002880;0;10;0;0.0;2.0;2.0;1.0;B02
4252;201500002880;0;7;0;0.0;2.0;3.0;19.0;A01
4253;201500002881;0;7;0;0.0;1.0;4.0;4.0;A01
4254;201500002882;0;7;0;13.0;0.0;2.0;1.0;A01
4255;201500002883;0;7;0;13.0;0.0;8.0;17.0;A01
4256;201500002884;0;7;0;2.0;0.0;2.0;1.0;A01
4257;201500002885;0;7;0;0.0;2.0;1.0;1.0;B02
4258;201500002885;0;7;0;0.0;2.0;8.0;19.0;A01
4259;201500002886;0;7;0;6.0;0.0;1.0;1.0;A01
4260;201500002887;0;33;0;7.0;0.0;1.0;1.0;A01
4261;201500002888;0;10;0;0.0;0.0;2.0;0.0;A01
4262;201500002889;0;14;0;13.0;0.0;2.0;1.0;A01
4263;201500002890;0;7;0;0.0;2.0;8.0;19.0;A01
4264;201500002890;0;10;0;0.0;2.0;1.0;1.0;B02
4265;201500002891;0;7;0;0.0;2.0;3.0;13.0;A01
4266;201500002891;0;7;0;0.0;2.0;3.0;1.0;B02
4267;201500002892;0;10;0;0.0;2.0;1.0;1.0;B02
4268;201500002892;0;7;0;0.0;2.0;1.0;13.0;A01
4269;201500002893;0;7;0;0.0;0.0;0.0;1.0;A01
4270;201500002895;0;33;0;0.0;2.0;4.0;13.0;A01
4271;201500002895;0;7;0;0.0;0.0;3.0;1.0;B02
4272;201500002896;0;1;0;0.0;2.0;7.0;0.0;B02
4273;201500002896;0;7;0;0.0;9.0;3.0;0.0;A01
4274;201500002898;0;7;0;3.0;2.0;7.0;13.0;A01
4275;201500002898;0;7;0;0.0;2.0;1.0;1.0;B02
4276;201500002899;0;7;0;0.0;2.0;2.0;13.0;B02
4277;201500002899;0;7;0;0.0;2.0;1.0;1.0;A01
4278;201500002901;0;31;0;8.0;0.0;1.0;1.0;A01
4279;201500002902;0;33;0;0.0;2.0;1.0;13.0;B02
4280;201500002902;0;7;0;0.0;2.0;3.0;21.0;A01
4281;201500002903;0;7;0;0.0;0.0;9.0;1.0;A01
4282;201500002904;0;7;0;0.0;2.0;2.0;1.0;B02
4283;201500002904;0;1;0;0.0;2.0;1.0;5.0;A01
4284;201500002905;0;7;0;0.0;0.0;2.0;1.0;B02
4285;201500002905;0;15;0;0.0;0.0;3.0;1.0;A01
4286;201500002906;0;1;0;0.0;0.0;5.0;1.0;B02
4287;201500002906;0;7;0;0.0;2.0;2.0;9.0;A01
4288;201500002907;0;7;0;0.0;0.0;1.0;1.0;A01
4289;201500002907;0;7;0;0.0;0.0;2.0;19.0;B02
4290;201500002908;0;7;0;0.0;1.0;1.0;1.0;A01
4291;201500002909;0;10;0;0.0;2.0;3.0;0.0;B02
4292;201500002909;0;7;0;0.0;1.0;7.0;0.0;A01
4293;201500002911;0;7;0;0.0;2.0;2.0;1.0;A01
4294;201500002911;0;2;0;0.0;2.0;8.0;19.0;B02
4295;201500002912;0;7;0;13.0;0.0;1.0;1.0;A01
4296;201500002913;0;7;0;0.0;2.0;1.0;19.0;A01
4297;201500002913;0;7;0;0.0;0.0;2.0;1.0;B02
4298;201500002914;0;30;0;8.0;0.0;1.0;0.0;A01
4299;201500002915;0;1;0;0.0;0.0;8.0;0.0;B02
4300;201500002915;0;7;0;0.0;9.0;7.0;0.0;A01
4301;201500002916;0;10;0;0.0;2.0;1.0;1.0;B02
4302;201500002916;0;7;0;0.0;2.0;1.0;1.0;A01
4303;201500002917;0;31;0;0.0;2.0;8.0;1.0;B02
4304;201500002917;0;7;0;0.0;2.0;8.0;17.0;A01
4305;201500002918;0;35;0;1.0;0.0;1.0;1.0;A01
4306;201500002919;0;2;0;0.0;0.0;1.0;0.0;A01
4307;201500002919;0;7;0;0.0;0.0;1.0;0.0;B02
4308;201500002920;0;30;0;0.0;2.0;1.0;1.0;B02
4309;201500002920;0;7;0;0.0;2.0;3.0;1.0;A01
4310;201500002923;0;2;0;0.0;0.0;0.0;1.0;A01
4311;201500002924;0;1;0;0.0;0.0;0.0;14.0;A01