;Num_Acc;senc;catv;occutc;obs;obsm;choc;manv;num_veh
4312;201500002926;0;31;0;7.0;0.0;1.0;0.0;A01
4313;201500002927;0;7;0;0.0;2.0;7.0;17.0;A01
4314;201500002927;0;2;0;0.0;2.0;8.0;15.0;B02
4315;201500002928;0;7;0;0.0;1.0;4.0;4.0;A01
4316;201500002929;0;7;0;6.0;0.0;1.0;1.0;A01
4317;201500002930;0;7;0;2.0;0.0;2.0;2.0;A01
4318;201500002931;0;7;0;0.0;1.0;1.0;1.0;A01
4319;201500002932;0;10;0;0.0;2.0;1.0;0.0;B02
4320;201500002932;0;10;0;0.0;2.0;5.0;19.0;A01
4321;201500002933;0;7;0;13.0;0.0;1.0;1.0;A01
4322;201500002934;0;33;0;0.0;5.0;1.0;1.0;A01
4323;201500002935;0;10;0;0.0;2.0;3.0;1.0;B02
4324;201500002935;0;7;0;0.0;2.0;3.0;13.0;A01
4325;201500002936;0;7;0;0.0;2.0;0.0;13.0;A01
4326;201500002936;0;7;0;0.0;2.0;0.0;1.0;B02
4327;201500002936;0;7;0;0.0;2.0;0.0;1.0;C03
4328;201500002937;0;7;0;13.0;0.0;1.0;1.0;A01
4329;201500002938;0;7;0;6.0;0.0;9.0;1.0;A01
4330;201500002940;0;33;0;0.0;1.0;8.0;1.0;A01
4331;201500002941;0;33;0;0.0;2.0;1.0;1.0;B02
4332;201500002941;0;7;0;0.0;2.0;3.0;15.0;A01
4333;201500002942;0;10;0;0.0;2.0;8.0;19.0;A01
4334;201500002942;0;7;0;0.0;2.0;1.0;1.0;B02
4335;201500002944;0;7;0;0.0;0.0;1.0;15.0;A01
4336;201500002944;0;1;0;0.0;0.0;0.0;0.0;B02
4337;201500002945;0;7;0;0.0;0.0;1.0;0.0;B02
4338;201500002945;0;10;0;0.0;0.0;3.0;15.0;A01
4339;201500002946;0;30;0;0.0;5.0;1.0;1.0;A01
4340;201500002947;1;33;0;0.0;2.0;7.0;2.0;B02
4341;201500002947;0;1;0;0.0;2.0;8.0;13.0;A01
4342;201500002948;0;7;0;0.0;0.0;2.0;16.0;A01
4343;201500002948;0;1;0;0.0;0.0;8.0;1.0;B02
4344;201500002949;0;30;0;0.0;0.0;0.0;1.0;A01
4345;201500002950;0;7;0;0.0;1.0;3.0;1.0;A01
4346;201500002952;0;33;0;13.0;0.0;3.0;1.0;A01
4347;201500002953;0;7;0;0.0;2.0;3.0;1.0;B02
4348;201500002953;0;7;0;0.0;2.0;1.0;13.0;A01
4349;201500002954;0;7;0;8.0;1.0;0.0;13.0;A01
4350;201500002955;0;10;0;0.0;2.0;8.0;1.0;C03
4351;201500002955;0;7;0;0.0;2.0;3.0;13.0;A01
4352;201500002955;0;7;0;0.0;2.0;3.0;1.0;B02
4353;201500002956;0;7;0;0.0;2.0;2.0;13.0;A01
4354;201500002956;0;10;0;0.0;2.0;1.0;1.0;B02
4355;201500002957;0;7;0;0.0;2.0;1.0;13.0;A01
4356;201500002957;0;7;0;0.0;2.0;1.0;1.0;B02
4357;201500002958;0;2;0;0.0;0.0;8.0;15.0;A01
4358;201500002959;0;7;0;13.0;0.0;1.0;1.0;A01
4359;201500002960;0;10;0;0.0;2.0;1.0;13.0;A01
4360;201500002960;0;7;0;0.0;2.0;1.0;1.0;B02
4361;201500002961;0;1;0;0.0;2.0;3.0;1.0;B02
4362;201500002961;0;7;0;0.0;9.0;5.0;17.0;A01
4363;201500002962;0;7;0;0.0;2.0;8.0;1.0;B02
4364;201500002962;0;7;0;0.0;2.0;3.0;13.0;A01
4365;201500002962;0;7;0;0.0;2.0;3.0;1.0;C03
4366;201500002963;0;7;0;0.0;2.0;1.0;16.0;A01
4367;201500002963;0;7;0;0.0;2.0;2.0;1.0;B02
4368;201500002964;0;7;0;13.0;0.0;9.0;1.0;A01
4369;201500002965;0;7;0;0.0;2.0;2.0;15.0;A01
4370;201500002965;0;33;0;0.0;2.0;1.0;1.0;B02
4371;201500002966;0;33;0;0.0;2.0;1.0;1.0;B02
4372;201500002966;0;33;0;0.0;2.0;1.0;1.0;C03
4373;201500002966;0;33;0;0.0;2.0;1.0;1.0;A01
4374;201500002966;0;33;0;0.0;2.0;3.0;1.0;D04
4375;201500002967;0;1;0;0.0;2.0;1.0;5.0;B02
4376;201500002967;0;7;0;0.0;9.0;1.0;1.0;A01
4377;201500002968;0;7;0;0.0;2.0;3.0;17.0;A01
4378;201500002968;0;14;0;0.0;2.0;3.0;1.0;B02
4379;201500002969;0;7;0;0.0;2.0;1.0;1.0;B02
4380;201500002969;0;7;0;0.0;2.0;3.0;19.0;A01
4381;201500002970;0;7;0;6.0;0.0;3.0;9.0;A01
4382;201500002971;0;1;0;0.0;2.0;1.0;1.0;B02
4383;201500002971;0;7;0;0.0;2.0;2.0;15.0;A01
4384;201500002972;0;31;0;15.0;0.0;7.0;13.0;A01
4385;201500002973;0;7;0;0.0;2.0;3.0;15.0;B02
4386;201500002973;0;7;0;0.0;2.0;2.0;17.0;A01
4387;201500002974;0;7;0;16.0;0.0;2.0;1.0;A01
4388;201500002976;0;7;0;0.0;2.0;2.0;1.0;A01
4389;201500002976;0;21;0;0.0;2.0;5.0;15.0;B02
4390;201500002977;0;2;0;0.0;2.0;1.0;18.0;A01
4391;201500002977;0;7;0;0.0;2.0;2.0;20.0;B02
4392;201500002978;0;7;0;2.0;0.0;3.0;13.0;A01
4393;201500002979;0;7;0;0.0;2.0;3.0;1.0;B02
4394;201500002979;0;7;0;0.0;2.0;3.0;13.0;A01
4395;201500002980;0;7;0;0.0;2.0;3.0;15.0;B02
4396;201500002980;0;34;0;0.0;2.0;7.0;17.0;A01
4397;201500002981;0;7;0;2.0;0.0;1.0;1.0;A01
4398;201500002982;0;7;0;0.0;1.0;3.0;4.0;A01
4399;201500002983;0;7;0;13.0;0.0;9.0;1.0;A01
4400;201500002984;0;14;0;0.0;2.0;2.0;15.0;A01
4401;201500002984;0;17;0;0.0;2.0;2.0;1.0;B02
4402;201500002985;0;7;0;0.0;2.0;7.0;15.0;A01
4403;201500002985;0;1;0;0.0;2.0;1.0;1.0;B02
4404;201500002986;0;7;0;0.0;2.0;1.0;1.0;B02
4405;201500002986;0;7;0;0.0;2.0;1.0;1.0;A01
4406;201500002987;0;21;0;16.0;0.0;8.0;1.0;A01
4407;201500002988;0;7;0;0.0;0.0;9.0;1.0;A01
4408;201500002990;0;31;0;0.0;2.0;1.0;1.0;A01
4409;201500002990;0;7;0;0.0;2.0;2.0;15.0;B02
4410;201500002991;0;10;0;8.0;0.0;3.0;2.0;A01
4411;201500002992;0;1;0;0.0;2.0;1.0;1.0;B02
4412;201500002992;0;7;0;0.0;9.0;5.0;20.0;A01
4413;201500002993;0;33;0;0.0;2.0;1.0;1.0;A01
4414;201500002993;0;7;0;0.0;2.0;3.0;15.0;B02
4415;201500002994;0;7;0;0.0;2.0;1.0;5.0;A01
4416;201500002994;0;7;0;0.0;2.0;4.0;1.0;B02
4417;201500002995;0;7;0;0.0;2.0;1.0;17.0;A01
4418;201500002995;0;7;0;0.0;2.0;1.0;21.0;B02
4419;201500002996;0;30;0;0.0;2.0;3.0;18.0;A01
4420;201500002996;0;7;0;0.0;2.0;2.0;16.0;B02
4421;201500002997;0;14;0;0.0;1.0;2.0;16.0;A01
4422;201500002998;0;2;0;0.0;2.0;1.0;1.0;A01
4423;201500002998;0;10;0;0.0;2.0;5.0;15.0;B02
4424;201500002999;0;10;0;0.0;0.0;0.0;17.0;C03
4425;201500002999;0;14;0;0.0;2.0;3.0;21.0;A01
4426;201500002999;0;7;0;0.0;2.0;8.0;1.0;B02
4427;201500003000;0;1;0;0.0;2.0;7.0;1.0;B02
4428;201500003000;0;7;0;0.0;2.0;3.0;9.0;A01
4429;201500003002;0;1;0;0.0;2.0;4.0;15.0;B02
4430;201500003002;0;7;0;0.0;2.0;3.0;17.0;A01
4431;201500003003;0;33;0;4.0;0.0;1.0;0.0;A01
4432;201500003004;0;36;0;13.0;0.0;1.0;19.0;A01
4433;201500003005;0;33;0;4.0;0.0;0.0;14.0;A01
4434;201500003006;0;7;0;16.0;0.0;9.0;1.0;A01
4435;201500003007;0;7;0;0.0;2.0;2.0;0.0;B02
4436;201500003007;0;7;0;0.0;2.0;2.0;0.0;A01
4437;201500003008;0;31;0;0.0;2.0;9.0;13.0;A01
4438;201500003008;0;15;0;0.0;2.0;1.0;1.0;B02
4439;201500003009;0;7;0;3.0;0.0;1.0;1.0;A01
4440;201500003010;0;7;0;0.0;2.0;6.0;1.0;C03
4441;201500003010;0;7;0;0.0;2.0;3.0;17.0;A01
4442;201500003010;0;7;0;0.0;2.0;3.0;1.0;B02
4443;201500003011;0;7;0;2.0;0.0;3.0;0.0;A01
4444;201500003012;0;7;0;2.0;0.0;0.0;1.0;A01
4445;201500003013;0;14;0;0.0;2.0;6.0;1.0;B02
4446;201500003013;0;7;0;0.0;2.0;1.0;13.0;A01
4447;201500003013;0;7;0;0.0;2.0;2.0;21.0;C03
4448;201500003015;0;7;0;8.0;0.0;7.0;1.0;A01
4449;201500003016;0;7;0;0.0;2.0;1.0;15.0;B02
4450;201500003016;0;7;0;0.0;2.0;1.0;1.0;A01
4451;201500003017;0;7;0;0.0;0.0;4.0;23.0;B02
4452;201500003017;0;7;0;0.0;2.0;1.0;1.0;A01
4453;201500003018;0;3;0;2.0;0.0;1.0;1.0;A01
4454;201500003019;0;7;0;0.0;1.0;2.0;1.0;A01
4455;201500003020;0;7;0;0.0;2.0;1.0;13.0;A01
4456;201500003020;0;7;0;0.0;2.0;1.0;1.0;B02
4457;201500003021;0;33;0;12.0;0.0;1.0;13.0;A01
4458;201500003022;0;7;0;2.0;0.0;2.0;13.0;A01
4459;201500003023;0;7;0;0.0;2.0;5.0;13.0;A01
4460;201500003023;0;10;0;0.0;2.0;1.0;1.0;B02
4461;201500003024;0;7;0;0.0;2.0;1.0;19.0;A01
4462;201500003024;0;7;0;0.0;2.0;8.0;1.0;B02
4463;201500003025;0;7;0;0.0;2.0;7.0;19.0;A01
4464;201500003025;0;7;0;0.0;2.0;1.0;1.0;B02
4465;201500003026;0;7;0;13.0;0.0;1.0;0.0;A01
4466;201500003027;0;2;0;0.0;2.0;1.0;15.0;A01
4467;201500003027;0;10;0;0.0;2.0;2.0;1.0;B02
4468;201500003029;0;7;0;2.0;0.0;3.0;1.0;A01
4469;201500003030;0;36;0;0.0;0.0;9.0;1.0;A01
4470;201500003031;0;7;0;8.0;0.0;1.0;24.0;A01
4471;201500003032;0;7;0;0.0;2.0;1.0;1.0;B02
4472;201500003032;0;7;0;0.0;2.0;2.0;13.0;A01
4473;201500003033;0;7;0;6.0;0.0;3.0;1.0;A01
4474;201500003034;0;7;0;0.0;2.0;2.0;19.0;A01
4475;201500003034;0;2;0;0.0;2.0;1.0;1.0;B02
4476;201500003036;0;7;0;0.0;2.0;7.0;19.0;A01
4477;201500003036;0;7;0;0.0;2.0;1.0;1.0;B02
4478;201500003037;0;7;0;13.0;0.0;9.0;13.0;A01
4479;201500003038;0;7;0;0.0;1.0;7.0;1.0;A01
4480;201500003039;0;33;0;0.0;0.0;1.0;0.0;A01
4481;201500003040;0;33;0;0.0;0.0;1.0;0.0;A01
4482;201500003041;0;7;0;0.0;2.0;1.0;5.0;A01
4483;201500003041;0;7;0;0.0;2.0;1.0;1.0;B02
4484;201500003042;0;7;0;0.0;0.0;3.0;1.0;A01
4485;201500003042;0;7;0;0.0;0.0;3.0;1.0;B02
4486;201500003043;0;7;0;13.0;0.0;9.0;1.0;A01
4487;201500003044;0;10;0;0.0;1.0;1.0;1.0;A01
4488;201500003045;0;33;0;0.0;2.0;0.0;17.0;A01
4489;201500003045;0;10;0;0.0;0.0;0.0;17.0;B02
4490;201500003045;0;10;0;0.0;0.0;4.0;2.0;C03
4491;201500003046;0;7;0;0.0;1.0;2.0;16.0;A01
4492;201500003047;0;7;0;0.0;2.0;7.0;14.0;A01
4493;201500003047;0;7;0;0.0;2.0;1.0;1.0;B02
4494;201500003048;0;7;0;6.0;0.0;7.0;1.0;A01
4495;201500003049;0;7;0;0.0;0.0;2.0;1.0;A01
4496;201500003050;0;7;0;0.0;2.0;2.0;1.0;A01
4497;201500003050;0;36;0;0.0;2.0;0.0;15.0;B02
4498;201500003051;0;30;0;8.0;0.0;2.0;0.0;A01
4499;201500003052;0;10;0;0.0;2.0;3.0;17.0;A01
4500;201500003052;0;7;0;0.0;2.0;3.0;1.0;B02
4501;201500003052;0;33;0;0.0;2.0;4.0;17.0;C03
4502;201500003052;0;33;0;0.0;2.0;4.0;17.0;D04
4503;201500003053;0;2;0;6.0;0.0;1.0;1.0;A01
4504;201500003054;0;7;0;2.0;0.0;2.0;1.0;A01
4505;201500003055;0;7;0;13.0;0.0;1.0;1.0;A01
4506;201500003056;0;10;0;16.0;2.0;3.0;19.0;A01
4507;201500003056;0;10;0;16.0;2.0;1.0;5.0;B02
4508;201500003057;0;33;0;13.0;0.0;9.0;0.0;A01
4509;201500003058;0;33;0;6.0;0.0;1.0;2.0;A01
4510;201500003059;0;30;0;0.0;2.0;1.0;5.0;A01
4511;201500003059;0;7;0;0.0;2.0;6.0;1.0;B02
4512;201500003060;0;7;0;13.0;0.0;1.0;1.0;A01
4513;201500003061;0;10;0;0.0;0.0;7.0;1.0;A01
4514;201500003061;0;7;0;0.0;2.0;1.0;1.0;B02
4515;201500003062;0;33;0;0.0;0.0;8.0;1.0;A01
4516;201500003063;0;7;0;0.0;9.0;2.0;15.0;A01
4517;201500003063;0;1;0;0.0;2.0;1.0;1.0;B02
4518;201500003064;0;7;0;1.0;0.0;2.0;1.0;A01
4519;201500003064;0;7;0;0.0;0.0;3.0;23.0;B02
4520;201500003065;0;10;0;2.0;0.0;7.0;1.0;A01
4521;201500003066;0;10;0;2.0;0.0;7.0;1.0;A01
4522;201500003067;0;7;0;10.0;0.0;1.0;1.0;A01
4523;201500003068;0;10;0;0.0;2.0;3.0;1.0;A01
4524;201500003068;0;7;0;0.0;0.0;5.0;15.0;B02
4525;201500003068;0;7;0;0.0;2.0;3.0;1.0;C03
4526;201500003069;0;7;0;0.0;0.0;0.0;13.0;A01
4527;201500003069;0;7;0;13.0;0.0;2.0;17.0;B02
4528;201500003070;0;36;0;8.0;0.0;2.0;1.0;A01
4529;201500003071;0;7;0;0.0;9.0;1.0;0.0;A01
4530;201500003071;0;21;0;0.0;0.0;0.0;0.0;B02
4531;201500003072;0;7;0;13.0;0.0;1.0;13.0;A01
4532;201500003073;0;7;0;0.0;0.0;5.0;19.0;A01
4533;201500003073;0;33;0;0.0;2.0;1.0;1.0;B02
4534;201500003074;0;30;0;0.0;0.0;1.0;1.0;A01
4535;201500003075;0;30;0;0.0;2.0;2.0;1.0;A01
4536;201500003075;0;7;0;0.0;2.0;2.0;1.0;B02
4537;201500003076;0;33;0;0.0;0.0;1.0;1.0;A01
4538;201500003077;0;7;0;0.0;2.0;3.0;17.0;A01
4539;201500003077;0;7;0;0.0;2.0;3.0;1.0;C03
4540;201500003077;0;7;0;2.0;2.0;8.0;1.0;B02
4541;201500003078;0;7;0;0.0;2.0;1.0;1.0;A01
4542;201500003078;0;7;0;0.0;2.0;3.0;1.0;B02
4543;201500003079;0;7;0;0.0;2.0;6.0;1.0;A01
4544;201500003079;0;7;0;0.0;2.0;1.0;1.0;B02
4545;201500003080;0;7;0;0.0;2.0;7.0;15.0;A01
4546;201500003080;0;7;0;0.0;2.0;1.0;1.0;B02
4547;201500003081;0;7;0;0.0;0.0;1.0;1.0;A01
4548;201500003082;0;33;0;0.0;0.0;2.0;1.0;A01
4549;201500003083;0;7;0;2.0;0.0;1.0;1.0;A01
4550;201500003084;0;7;0;0.0;9.0;2.0;1.0;A01
4551;201500003085;0;7;0;0.0;2.0;3.0;1.0;A01
4552;201500003085;0;10;0;0.0;2.0;2.0;15.0;B02
4553;201500003086;0;21;0;0.0;0.0;8.0;19.0;A01
4554;201500003086;0;7;0;0.0;2.0;1.0;1.0;B02
4555;201500003087;0;7;0;0.0;1.0;8.0;15.0;A01
4556;201500003088;0;7;0;7.0;0.0;3.0;0.0;A01
4557;201500003089;0;7;0;13.0;0.0;2.0;1.0;A01
4558;201500003090;0;7;0;0.0;2.0;3.0;13.0;A01
4559;201500003090;0;7;0;0.0;2.0;3.0;1.0;B02
4560;201500003091;0;7;0;0.0;1.0;2.0;1.0;A01
4561;201500003092;0;1;0;0.0;2.0;1.0;1.0;B02
4562;201500003092;0;7;0;0.0;9.0;2.0;15.0;A01
4563;201500003093;0;7;0;3.0;0.0;1.0;1.0;A01
4564;201500003094;0;33;0;8.0;0.0;1.0;14.0;A01
4565;201500003095;0;7;0;0.0;2.0;9.0;17.0;A01
4566;201500003095;0;7;0;0.0;2.0;9.0;1.0;B02
4567;201500003095;0;7;0;0.0;2.0;9.0;21.0;C03
4568;201500003096;0;20;0;0.0;2.0;1.0;13.0;A01
4569;201500003096;0;7;0;0.0;2.0;1.0;1.0;B02
4570;201500003098;0;7;0;0.0;2.0;1.0;13.0;A01
4571;201500003098;0;7;0;0.0;2.0;3.0;1.0;B02
4572;201500003100;0;10;0;0.0;2.0;1.0;1.0;A01
4573;201500003100;0;7;0;0.0;2.0;1.0;1.0;B02
4574;201500003101;0;7;0;0.0;2.0;1.0;0.0;A01
4575;201500003101;0;7;0;0.0;2.0;4.0;0.0;B02
4576;201500003103;0;7;0;0.0;2.0;3.0;13.0;A01
4577;201500003103;0;17;0;0.0;2.0;3.0;1.0;B02
4578;201500003104;0;7;0;2.0;0.0;9.0;1.0;A01
4579;201500003105;0;33;0;0.0;2.0;1.0;17.0;B02
4580;201500003105;0;30;0;0.0;2.0;8.0;10.0;A01
4581;201500003107;0;7;0;13.0;0.0;1.0;1.0;A01
4582;201500003108;0;7;0;0.0;4.0;7.0;9.0;A01
4583;201500003108;0;39;40;0.0;2.0;2.0;1.0;B02
4584;201500003110;0;7;0;0.0;2.0;3.0;15.0;B02
4585;201500003110;0;33;0;0.0;2.0;1.0;17.0;A01
4586;201500003111;0;10;0;0.0;2.0;8.0;13.0;A01
4587;201500003111;0;17;0;0.0;2.0;8.0;21.0;B02
4588;201500003112;0;7;0;0.0;2.0;7.0;15.0;A01
4589;201500003112;0;33;0;0.0;2.0;7.0;1.0;B02
4590;201500003113;0;7;0;13.0;0.0;1.0;1.0;A01
4591;201500003114;0;7;0;0.0;2.0;1.0;1.0;A01
4592;201500003114;0;21;0;0.0;2.0;4.0;1.0;B02
4593;201500003115;0;7;0;2.0;0.0;0.0;1.0;A01
4594;201500003116;0;7;0;0.0;2.0;3.0;9.0;B02
4595;201500003116;0;7;0;0.0;2.0;2.0;1.0;A01
4596;201500003117;0;10;0;16.0;0.0;9.0;1.0;A01
4597;201500003118;0;7;0;6.0;0.0;1.0;1.0;A01
4598;201500003119;0;7;0;0.0;2.0;1.0;1.0;B02
4599;201500003119;0;14;0;0.0;2.0;7.0;1.0;A01
4600;201500003120;0;7;0;0.0;2.0;3.0;1.0;B02
4601;201500003120;0;7;0;0.0;2.0;2.0;5.0;A01
4602;201500003121;0;7;0;2.0;0.0;2.0;1.0;A01
4603;201500003123;0;7;0;0.0;2.0;3.0;13.0;A01
4604;201500003123;0;14;0;0.0;2.0;3.0;1.0;B02
4605;201500003124;0;7;0;0.0;2.0;6.0;1.0;A01
4606;201500003124;0;7;0;0.0;2.0;1.0;0.0;B02
4607;201500003125;0;7;0;0.0;2.0;1.0;2.0;A01
4608;201500003125;0;7;0;0.0;2.0;6.0;2.0;B02
4609;201500003126;0;7;0;0.0;2.0;8.0;1.0;A01
4610;201500003126;0;33;0;0.0;2.0;1.0;0.0;B02
4611;201500003127;0;7;0;13.0;0.0;1.0;1.0;A01
4612;201500003128;0;7;0;0.0;2.0;2.0;15.0;A01
4613;201500003128;0;30;0;0.0;2.0;1.0;1.0;B02
4614;201500003129;0;10;0;16.0;0.0;9.0;1.0;A01
4615;201500003130;0;7;0;0.0;2.0;1.0;1.0;A01
4616;201500003130;0;7;0;0.0;2.0;1.0;15.0;B02
4617;201500003132;0;10;0;0.0;2.0;3.0;13.0;A01
4618;201500003132;0;37;40;0.0;2.0;3.0;1.0;B02
4619;201500003133;0;7;0;13.0;0.0;9.0;1.0;A01
4620;201500003134;0;7;0;0.0;2.0;1.0;1.0;B02
4621;201500003134;0;7;0;0.0;2.0;8.0;10.0;A01
4622;201500003135;0;7;0;0.0;1.0;3.0;1.0;A01
4623;201500003136;0;7;0;2.0;0.0;8.0;17.0;A01
4624;201500003137;0;7;0;0.0;2.0;6.0;9.0;A01
4625;201500003137;0;7;0;0.0;2.0;1.0;1.0;B02
4626;201500003138;0;33;0;0.0;2.0;1.0;17.0;A01
4627;201500003138;0;20;0;0.0;2.0;5.0;17.0;B02
4628;201500003138;0;21;0;0.0;0.0;8.0;1.0;C03
4629;201500003139;0;10;0;0.0;2.0;4.0;1.0;A01
4630;201500003139;0;2;0;0.0;2.0;1.0;1.0;B02
4631;201500003140;0;7;0;8.0;0.0;1.0;14.0;A01
4632;201500003141;0;14;0;0.0;2.0;1.0;1.0;B02
4633;201500003141;0;35;0;0.0;2.0;7.0;19.0;A01
4634;201500003142;0;2;0;0.0;2.0;3.0;21.0;A01
4635;201500003142;0;7;0;0.0;2.0;3.0;13.0;B02
4636;201500003143;0;7;0;13.0;0.0;1.0;1.0;A01
4637;201500003144;0;7;0;0.0;1.0;1.0;14.0;A01
4638;201500003145;0;7;0;2.0;0.0;7.0;1.0;A01
4639;201500003146;0;7;0;13.0;0.0;3.0;1.0;A01
4640;201500003147;0;36;0;16.0;0.0;9.0;1.0;A01
4641;201500003148;0;7;0;2.0;0.0;1.0;19.0;A01
4642;201500003149;1;7;0;0.0;1.0;3.0;13.0;A01
4643;201500003150;0;7;0;2.0;0.0;2.0;1.0;A01
4644;201500003151;0;33;0;0.0;2.0;2.0;17.0;B02
4645;201500003151;0;7;0;0.0;2.0;6.0;11.0;A01
4646;201500003152;0;7;0;0.0;6.0;1.0;6.0;A01
4647;201500003153;0;7;0;0.0;2.0;4.0;9.0;B02
4648;201500003153;0;7;0;0.0;2.0;4.0;1.0;D04
4649;201500003153;0;7;0;0.0;2.0;5.0;9.0;C03
4650;201500003153;0;10;0;0.0;2.0;1.0;1.0;A01
4651;201500003153;0;10;0;0.0;2.0;8.0;1.0;E05
4652;201500003155;0;7;0;2.0;0.0;1.0;1.0;A01
4653;201500003156;0;1;0;0.0;2.0;1.0;13.0;A01
4654;201500003156;0;7;0;0.0;2.0;3.0;1.0;B02
4655;201500003157;0;33;0;8.0;0.0;1.0;1.0;A01
4656;201500003158;0;7;0;0.0;2.0;2.0;2.0;A01
4657;201500003158;0;1;0;0.0;0.0;4.0;2.0;B02
4658;201500003159;0;7;0;0.0;2.0;2.0;1.0;A01
4659;201500003159;0;1;0;0.0;0.0;5.0;19.0;B02
4660;201500003160;0;7;0;0.0;2.0;1.0;13.0;A01
4661;201500003160;0;7;0;0.0;2.0;1.0;1.0;B02
4662;201500003160;0;7;0;0.0;2.0;8.0;1.0;C03
4663;201500003160;0;10;0;0.0;2.0;1.0;1.0;D04
4664;201500003161;0;7;0;0.0;0.0;0.0;1.0;A01
4665;201500003162;0;7;0;0.0;2.0;2.0;9.0;A01
4666;201500003162;0;10;0;0.0;0.0;3.0;1.0;B02
4667;201500003163;0;7;0;0.0;0.0;9.0;1.0;A01
4668;201500003164;0;7;0;0.0;2.0;3.0;13.0;A01
4669;201500003164;0;7;0;0.0;2.0;3.0;1.0;B02
4670;201500003165;0;7;0;1.0;1.0;1.0;1.0;A01
4671;201500003165;0;21;0;0.0;2.0;8.0;24.0;B02
4672;201500003166;0;1;0;0.0;2.0;7.0;1.0;A01
4673;201500003166;0;10;0;0.0;9.0;5.0;4.0;B02
4674;201500003167;0;7;0;0.0;2.0;7.0;13.0;A01
4675;201500003167;0;7;0;0.0;2.0;1.0;1.0;B02
4676;201500003168;0;7;0;0.0;2.0;1.0;17.0;A01
4677;201500003168;0;7;0;0.0;2.0;3.0;1.0;B02
4678;201500003169;0;7;0;0.0;1.0;2.0;1.0;A01
4679;201500003170;0;7;0;0.0;2.0;3.0;15.0;A01
4680;201500003170;0;33;0;0.0;2.0;1.0;1.0;B02
4681;201500003171;0;7;0;0.0;2.0;1.0;1.0;A01
4682;201500003171;0;7;0;0.0;2.0;1.0;1.0;B02
4683;201500003172;0;7;0;8.0;0.0;9.0;13.0;A01
4684;201500003173;0;7;0;0.0;2.0;2.0;1.0;B02
4685;201500003173;0;7;0;0.0;2.0;2.0;15.0;A01
4686;201500003174;0;33;0;16.0;0.0;8.0;1.0;A01
4687;201500003175;0;7;0;0.0;2.0;8.0;1.0;B02
4688;201500003175;0;7;0;0.0;2.0;2.0;19.0;A01
4689;201500003176;0;7;0;0.0;2.0;7.0;22.0;A01
4690;201500003176;0;1;0;1.0;2.0;7.0;1.0;B02
4691;201500003177;0;7;0;0.0;2.0;2.0;1.0;B02
4692;201500003177;0;7;0;0.0;2.0;2.0;19.0;A01
4693;201500003178;0;10;0;16.0;0.0;1.0;1.0;A01
4694;201500003179;0;7;0;0.0;1.0;1.0;13.0;A01
4695;201500003180;0;7;0;0.0;2.0;3.0;1.0;A01
4696;201500003180;0;7;0;0.0;2.0;1.0;13.0;B02
4697;201500003181;0;33;0;0.0;0.0;0.0;1.0;A01
4698;201500003182;0;7;0;2.0;0.0;1.0;13.0;A01
4699;201500003184;0;7;0;0.0;2.0;2.0;13.0;A01
4700;201500003184;0;33;0;0.0;2.0;6.0;15.0;B02
4701;201500003185;0;7;0;0.0;1.0;1.0;1.0;A01
4702;201500003187;0;7;0;13.0;0.0;8.0;1.0;A01
4703;201500003188;0;7;0;0.0;0.0;2.0;14.0;A01
4704;201500003189;0;7;0;8.0;0.0;2.0;14.0;A01
4705;201500003190;0;7;0;0.0;1.0;2.0;1.0;A01
4706;201500003191;0;7;0;0.0;2.0;1.0;1.0;B02
4707;201500003191;0;7;0;0.0;2.0;3.0;16.0;A01
4708;201500003192;0;1;0;0.0;0.0;1.0;9.0;B02
4709;201500003192;0;7;0;0.0;0.0;2.0;1.0;A01
4710;201500003193;0;30;0;0.0;0.0;4.0;2.0;B02
4711;201500003193;0;7;0;0.0;2.0;1.0;2.0;A01
4712;201500003194;0;7;0;0.0;2.0;8.0;19.0;A01
4713;201500003194;0;33;0;0.0;2.0;1.0;1.0;B02
4714;201500003195;0;33;0;6.0;0.0;1.0;1.0;A01
4715;201500003197;0;7;0;0.0;1.0;8.0;1.0;A01
4716;201500003198;0;2;0;0.0;2.0;1.0;1.0;B02
4717;201500003198;0;7;0;0.0;2.0;7.0;19.0;A01
4718;201500003199;0;7;0;0.0;2.0;2.0;1.0;A01
4719;201500003199;0;10;0;0.0;2.0;3.0;1.0;B02
4720;201500003200;0;1;0;0.0;2.0;1.0;17.0;B02
4721;201500003200;0;7;0;0.0;9.0;3.0;15.0;A01
4722;201500003201;0;33;0;0.0;2.0;1.0;17.0;A01
4723;201500003201;0;7;0;0.0;0.0;6.0;19.0;B02
4724;201500003202;0;7;0;0.0;2.0;8.0;19.0;A01
4725;201500003202;0;33;0;0.0;2.0;1.0;17.0;B02
4726;201500003203;0;7;0;0.0;2.0;3.0;13.0;A01
4727;201500003203;0;7;0;0.0;2.0;3.0;13.0;B02
4728;201500003204;0;7;0;0.0;2.0;7.0;1.0;B02
4729;201500003204;0;30;0;0.0;2.0;1.0;9.0;A01
4730;201500003205;0;7;0;16.0;0.0;2.0;1.0;A01
4731;201500003206;0;10;0;0.0;2.0;1.0;1.0;B02
4732;201500003206;0;7;0;0.0;2.0;1.0;13.0;A01
4733;201500003207;0;10;0;0.0;2.0;8.0;1.0;A01
4734;201500003207;0;7;0;0.0;2.0;1.0;19.0;B02
4735;201500003209;0;7;0;0.0;2.0;3.0;15.0;A01
4736;201500003209;0;33;0;0.0;2.0;3.0;1.0;B02
4737;201500003210;0;33;0;13.0;0.0;1.0;1.0;A01
4738;201500003211;0;7;0;14.0;1.0;1.0;2.0;A01
4739;201500003211;0;7;0;0.0;2.0;9.0;23.0;B01