;Num_Acc;senc;catv;occutc;obs;obsm;choc;manv;num_veh
5169;201500003498;0;7;0;0.0;2.0;3.0;1.0;A01
5170;201500003498;0;7;0;0.0;0.0;3.0;13.0;B02
5171;201500003499;0;7;0;0.0;2.0;3.0;15.0;A01
5172;201500003499;0;2;0;0.0;2.0;1.0;1.0;B02
5173;201500003500;0;7;0;8.0;0.0;2.0;1.0;A01
5174;201500003501;0;7;0;0.0;1.0;3.0;1.0;A01
5175;201500003502;0;38;1;0.0;1.0;2.0;1.0;A01
5176;201500003503;0;34;0;0.0;2.0;7.0;1.0;B02
5177;201500003503;0;7;0;0.0;2.0;8.0;1.0;A01
5178;201500003504;0;31;0;0.0;2.0;1.0;1.0;B02
5179;201500003504;0;10;0;0.0;2.0;3.0;15.0;A01
5180;201500003505;0;7;0;6.0;0.0;1.0;0.0;A01
5181;201500003506;0;30;0;8.0;0.0;1.0;1.0;A01
5182;201500003508;0;7;0;13.0;0.0;1.0;1.0;A01
5183;201500003509;0;7;0;0.0;1.0;1.0;1.0;A01
5184;201500003510;0;2;0;0.0;2.0;1.0;1.0;A01
5185;201500003510;0;7;0;0.0;2.0;2.0;1.0;B02
5186;201500003510;0;7;0;0.0;2.0;1.0;13.0;C03
5187;201500003511;0;7;0;0.0;2.0;3.0;11.0;B02
5188;201500003511;0;33;0;0.0;2.0;1.0;3.0;A01
5189;201500003512;0;7;0;0.0;2.0;1.0;1.0;A01
5190;201500003512;0;7;0;0.0;2.0;1.0;1.0;B02
5191;201500003514;0;2;0;0.0;2.0;1.0;1.0;B02
5192;201500003514;0;7;0;0.0;2.0;6.0;15.0;A01
5193;201500003515;0;31;0;0.0;0.0;0.0;0.0;A01
5194;201500003516;0;10;0;0.0;2.0;3.0;0.0;B02
5195;201500003516;0;31;0;0.0;2.0;1.0;5.0;A01
5196;201500003518;0;7;0;0.0;2.0;1.0;13.0;B02
5197;201500003518;0;7;0;0.0;2.0;3.0;1.0;A01
5198;201500003519;0;7;0;2.0;0.0;2.0;1.0;A01
5199;201500003520;0;7;0;0.0;2.0;3.0;1.0;B02
5200;201500003520;0;2;0;0.0;2.0;3.0;20.0;A01
5201;201500003522;0;30;0;0.0;0.0;7.0;1.0;A01
5202;201500003523;0;31;0;0.0;2.0;7.0;1.0;B02
5203;201500003523;0;7;0;0.0;2.0;1.0;19.0;A01
5204;201500003524;0;7;0;0.0;1.0;1.0;1.0;A01
5205;201500003525;0;33;0;0.0;2.0;1.0;1.0;A01
5206;201500003525;0;7;0;0.0;2.0;2.0;15.0;B02
5207;201500003526;0;33;0;12.0;0.0;8.0;13.0;A01
5208;201500003527;0;7;0;0.0;2.0;1.0;2.0;A01
5209;201500003527;0;2;0;0.0;2.0;7.0;2.0;B02
5210;201500003529;0;7;0;0.0;0.0;1.0;0.0;B02
5211;201500003529;0;7;0;0.0;0.0;1.0;0.0;C03
5212;201500003529;0;7;0;0.0;2.0;3.0;13.0;A01
5213;201500003530;0;33;0;13.0;0.0;2.0;1.0;A01
5214;201500003531;0;7;0;0.0;1.0;2.0;1.0;A01
5215;201500003532;0;34;0;0.0;2.0;1.0;1.0;B02
5216;201500003532;0;10;0;0.0;2.0;2.0;15.0;A01
5217;201500003533;0;7;0;0.0;2.0;5.0;16.0;A01
5218;201500003533;0;2;0;0.0;2.0;3.0;2.0;B02
5219;201500003534;0;7;0;0.0;1.0;1.0;1.0;A01
5220;201500003535;0;7;0;0.0;2.0;1.0;1.0;B02
5221;201500003535;0;7;0;0.0;2.0;1.0;1.0;A01
5222;201500003536;0;7;0;0.0;2.0;1.0;1.0;A01
5223;201500003536;0;7;0;0.0;2.0;3.0;1.0;B02
5224;201500003537;0;7;0;13.0;0.0;9.0;1.0;A01
5225;201500003538;0;33;0;0.0;2.0;1.0;17.0;A01
5226;201500003538;0;7;0;0.0;2.0;8.0;1.0;B02
5227;201500003539;0;7;0;16.0;0.0;1.0;1.0;A01
5228;201500003540;0;7;0;0.0;0.0;1.0;6.0;A01
5229;201500003541;0;7;0;0.0;2.0;1.0;13.0;A01
5230;201500003541;0;7;0;0.0;2.0;1.0;0.0;B02
5231;201500003544;0;33;0;0.0;2.0;1.0;1.0;B02
5232;201500003544;0;7;0;0.0;2.0;1.0;15.0;A01
5233;201500003545;0;3;0;6.0;0.0;1.0;0.0;A01
5234;201500003546;0;7;0;0.0;0.0;6.0;1.0;A01
5235;201500003546;0;10;0;0.0;9.0;8.0;1.0;B02
5236;201500003546;0;1;0;0.0;2.0;2.0;21.0;C03
5237;201500003547;0;7;0;2.0;0.0;7.0;13.0;A01
5238;201500003548;0;7;0;0.0;2.0;3.0;13.0;A01
5239;201500003548;0;7;0;0.0;2.0;3.0;1.0;B02
5240;201500003549;0;33;0;0.0;6.0;1.0;21.0;A01
5241;201500003550;0;7;0;13.0;0.0;1.0;1.0;A01
5242;201500003551;0;2;0;0.0;1.0;3.0;21.0;A01
5243;201500003552;0;7;0;0.0;2.0;2.0;0.0;B02
5244;201500003552;0;99;0;0.0;2.0;8.0;1.0;A01
5245;201500003553;0;30;0;0.0;0.0;2.0;1.0;A01
5246;201500003554;0;32;0;0.0;2.0;1.0;1.0;B02
5247;201500003554;0;7;0;0.0;0.0;4.0;23.0;A01
5248;201500003555;0;33;0;0.0;2.0;1.0;1.0;B02
5249;201500003555;0;7;0;0.0;0.0;6.0;1.0;A01
5250;201500003556;0;3;0;13.0;0.0;1.0;0.0;A01
5251;201500003558;0;10;0;0.0;2.0;5.0;1.0;A01
5252;201500003558;0;7;0;0.0;2.0;1.0;19.0;B02
5253;201500003559;0;7;0;13.0;0.0;2.0;1.0;A01
5254;201500003560;0;7;0;0.0;2.0;3.0;1.0;B02
5255;201500003560;0;7;0;0.0;2.0;3.0;1.0;A01
5256;201500003561;0;7;0;2.0;0.0;3.0;14.0;A01
5257;201500003562;0;10;0;2.0;0.0;1.0;14.0;A01
5258;201500003563;0;7;0;13.0;0.0;1.0;1.0;A01
5259;201500003564;0;7;0;13.0;0.0;2.0;1.0;A01
5260;201500003565;0;30;0;0.0;2.0;3.0;15.0;B02
5261;201500003565;0;30;0;0.0;2.0;2.0;1.0;A01
5262;201500003566;0;33;0;0.0;2.0;1.0;1.0;B02
5263;201500003566;0;10;0;0.0;2.0;3.0;1.0;A01
5264;201500003567;0;7;0;2.0;0.0;1.0;13.0;A01
5265;201500003568;0;7;0;0.0;0.0;1.0;1.0;B02
5266;201500003568;0;38;1;0.0;0.0;1.0;1.0;A01
5267;201500003570;0;7;0;2.0;0.0;2.0;13.0;A01
5268;201500003571;0;7;0;2.0;0.0;1.0;1.0;A01
5269;201500003572;0;2;0;0.0;2.0;1.0;1.0;B02
5270;201500003572;0;10;0;0.0;2.0;2.0;15.0;A01
5271;201500003573;0;7;0;0.0;2.0;3.0;13.0;A01
5272;201500003573;0;7;0;0.0;2.0;3.0;1.0;B02
5273;201500003574;0;31;0;2.0;0.0;7.0;16.0;A01
5274;201500003575;0;10;0;8.0;0.0;1.0;13.0;A01
5275;201500003576;0;7;0;0.0;1.0;3.0;1.0;A01
5276;201500003577;0;7;0;0.0;2.0;1.0;11.0;A01
5277;201500003577;0;30;0;0.0;2.0;3.0;1.0;B02
5278;201500003578;0;33;0;0.0;0.0;1.0;1.0;B02
5279;201500003578;0;14;0;0.0;0.0;5.0;1.0;A01
5280;201500003579;0;30;0;0.0;2.0;1.0;1.0;B02
5281;201500003579;0;7;0;0.0;2.0;7.0;15.0;A01
5282;201500003580;0;7;0;0.0;2.0;7.0;13.0;A01
5283;201500003580;0;7;0;0.0;2.0;1.0;1.0;B02
5284;201500003581;0;1;0;0.0;0.0;4.0;0.0;A01
5285;201500003581;0;7;0;0.0;9.0;2.0;1.0;B02
5286;201500003582;0;1;0;0.0;2.0;1.0;1.0;B02
5287;201500003582;0;7;0;0.0;9.0;5.0;15.0;A01
5288;201500003583;0;33;0;0.0;2.0;1.0;0.0;B02
5289;201500003583;0;7;0;0.0;2.0;3.0;15.0;A01
5290;201500003584;0;7;0;6.0;0.0;1.0;13.0;A01
5291;201500003585;0;7;0;6.0;0.0;4.0;1.0;A01
5292;201500003586;0;7;0;6.0;0.0;1.0;0.0;A01
5293;201500003587;0;7;0;0.0;2.0;3.0;1.0;B02
5294;201500003587;0;32;0;0.0;2.0;1.0;1.0;A01
5295;201500003588;0;7;0;2.0;0.0;2.0;1.0;A01
5296;201500003589;0;7;0;8.0;1.0;5.0;1.0;A01
5297;201500003589;0;7;0;0.0;2.0;3.0;16.0;B02
5298;201500003590;0;7;0;0.0;1.0;1.0;15.0;A01
5299;201500003591;0;7;0;0.0;1.0;3.0;1.0;A01
5300;201500003592;0;7;0;0.0;2.0;1.0;1.0;B02
5301;201500003592;0;7;0;0.0;2.0;7.0;13.0;A01
5302;201500003593;0;10;0;2.0;0.0;3.0;13.0;A01
5303;201500003594;0;7;0;0.0;1.0;7.0;1.0;A01
5304;201500003595;0;7;0;2.0;0.0;1.0;15.0;A01
5305;201500003597;0;7;0;2.0;0.0;2.0;1.0;A01
5306;201500003598;0;1;0;0.0;2.0;4.0;1.0;A01
5307;201500003598;0;17;0;0.0;2.0;6.0;1.0;B02
5308;201500003599;0;7;0;0.0;2.0;8.0;1.0;B02
5309;201500003599;0;7;0;0.0;2.0;1.0;19.0;A01
5310;201500003600;1;7;0;1.0;1.0;2.0;1.0;A01
5311;201500003600;0;7;0;0.0;2.0;8.0;24.0;B02
5312;201500003601;0;33;0;5.0;0.0;1.0;2.0;A01
5313;201500003602;0;30;0;16.0;0.0;9.0;14.0;A01
5314;201500003603;0;34;0;0.0;2.0;1.0;1.0;B02
5315;201500003603;0;7;0;0.0;2.0;3.0;19.0;A01
5316;201500003604;0;7;0;8.0;0.0;1.0;14.0;A01
5317;201500003605;0;33;0;0.0;0.0;7.0;1.0;A01
5318;201500003606;0;7;0;8.0;0.0;9.0;6.0;A01
5319;201500003607;0;7;0;2.0;0.0;1.0;1.0;A01
5320;201500003608;0;7;0;2.0;0.0;5.0;1.0;A01
5321;201500003609;0;7;0;10.0;0.0;2.0;0.0;A01
5322;201500003610;0;7;0;0.0;2.0;8.0;19.0;B02
5323;201500003610;0;30;0;0.0;2.0;8.0;1.0;A01
5324;201500003611;0;7;0;2.0;0.0;1.0;1.0;A01
5325;201500003612;0;7;0;6.0;0.0;3.0;1.0;A01
5326;201500003613;0;30;0;0.0;0.0;1.0;1.0;A01
5327;201500003614;0;33;0;16.0;0.0;1.0;1.0;A01
5328;201500003615;0;7;0;2.0;5.0;9.0;13.0;A01
5329;201500003616;0;10;0;13.0;0.0;1.0;1.0;A01
5330;201500003617;0;7;0;0.0;1.0;6.0;4.0;A01
5331;201500003618;0;1;0;14.0;0.0;0.0;1.0;A01
5332;201500003619;0;7;0;0.0;2.0;1.0;1.0;A01
5333;201500003619;0;10;0;0.0;0.0;3.0;1.0;B02
5334;201500003620;0;10;0;13.0;0.0;7.0;14.0;A01
5335;201500003621;0;1;0;0.0;2.0;8.0;1.0;B02
5336;201500003621;0;1;0;0.0;2.0;8.0;1.0;C03
5337;201500003621;0;7;0;0.0;2.0;7.0;17.0;A01
5338;201500003622;0;7;0;0.0;2.0;1.0;19.0;A01
5339;201500003622;0;7;0;2.0;2.0;9.0;1.0;B02
5340;201500003623;0;7;0;0.0;2.0;8.0;19.0;A01
5341;201500003623;0;7;0;0.0;2.0;1.0;1.0;B02
5342;201500003625;0;33;0;0.0;2.0;8.0;1.0;B02
5343;201500003625;0;7;0;0.0;2.0;1.0;15.0;A01
5344;201500003626;2;10;0;0.0;2.0;1.0;1.0;A01
5345;201500003626;0;1;0;0.0;2.0;5.0;1.0;B02
5346;201500003627;0;7;0;0.0;9.0;1.0;1.0;A01
5347;201500003628;0;20;0;0.0;2.0;2.0;19.0;B02
5348;201500003628;0;14;0;0.0;2.0;1.0;1.0;A01
5349;201500003629;0;7;0;8.0;0.0;1.0;1.0;A01
5350;201500003630;0;33;0;2.0;0.0;0.0;13.0;A01
5351;201500003631;0;7;0;0.0;9.0;5.0;17.0;A01
5352;201500003631;0;1;0;0.0;2.0;8.0;2.0;B02
5353;201500003632;0;10;0;8.0;0.0;1.0;1.0;A01
5354;201500003633;0;7;0;13.0;0.0;2.0;1.0;A01
5355;201500003634;0;31;0;0.0;0.0;1.0;1.0;B02
5356;201500003634;0;7;0;0.0;2.0;3.0;19.0;A01
5357;201500003636;0;7;0;0.0;1.0;2.0;1.0;A01
5358;201500003637;0;7;0;0.0;9.0;2.0;1.0;A01
5359;201500003637;0;1;0;0.0;2.0;4.0;1.0;B02
5360;201500003638;0;30;0;2.0;0.0;1.0;13.0;A01
5361;201500003639;0;7;0;0.0;2.0;3.0;1.0;B02
5362;201500003639;0;7;0;0.0;2.0;2.0;15.0;A01
5363;201500003640;0;7;0;2.0;0.0;1.0;1.0;A01
5364;201500003641;0;7;0;0.0;2.0;1.0;1.0;B02
5365;201500003641;0;7;0;0.0;2.0;1.0;1.0;A01
5366;201500003642;0;7;0;0.0;2.0;3.0;1.0;B02
5367;201500003642;0;7;0;0.0;2.0;3.0;15.0;A01
5368;201500003643;0;33;0;0.0;0.0;7.0;15.0;A01
5369;201500003644;0;7;0;2.0;0.0;1.0;1.0;A01
5370;201500003645;0;7;0;0.0;1.0;2.0;1.0;A01
5371;201500003646;0;33;0;12.0;0.0;0.0;1.0;A01
5372;201500003647;0;7;0;15.0;0.0;1.0;0.0;A01
5373;201500003648;0;30;0;0.0;2.0;2.0;17.0;A01
5374;201500003648;0;7;0;0.0;2.0;3.0;20.0;B02
5375;201500003649;0;30;0;6.0;0.0;1.0;0.0;A01
5376;201500003650;0;7;0;16.0;0.0;0.0;16.0;A01
5377;201500003653;0;7;0;2.0;0.0;6.0;1.0;A01
5378;201500003654;0;7;0;0.0;2.0;3.0;19.0;A01
5379;201500003654;0;7;0;0.0;2.0;1.0;1.0;B02
5380;201500003655;0;31;0;0.0;2.0;1.0;1.0;B02
5381;201500003655;0;7;0;0.0;2.0;1.0;13.0;A01
5382;201500003656;0;7;0;0.0;2.0;1.0;1.0;B02
5383;201500003656;0;7;0;0.0;2.0;8.0;19.0;A01
5384;201500003657;0;33;0;0.0;2.0;1.0;2.0;B02
5385;201500003657;0;10;0;0.0;2.0;4.0;2.0;A01
5386;201500003658;0;7;0;1.0;0.0;1.0;1.0;A01
5387;201500003659;0;7;0;0.0;2.0;1.0;17.0;B02
5388;201500003659;0;1;0;0.0;2.0;8.0;15.0;A01
5389;201500003660;0;7;0;0.0;2.0;3.0;15.0;A01
5390;201500003660;0;2;0;0.0;2.0;8.0;1.0;B02
5391;201500003661;0;7;0;0.0;2.0;1.0;5.0;A01
5392;201500003661;0;7;0;0.0;2.0;1.0;1.0;B02
5393;201500003662;0;1;0;0.0;2.0;0.0;15.0;B02
5394;201500003662;0;31;0;0.0;9.0;1.0;1.0;A01
5395;201500003664;0;33;0;16.0;0.0;9.0;1.0;A01
5396;201500003665;0;7;0;0.0;9.0;2.0;1.0;A01
5397;201500003665;0;1;0;0.0;2.0;1.0;9.0;B02
5398;201500003666;0;33;0;0.0;2.0;8.0;1.0;A01
5399;201500003666;0;7;0;0.0;2.0;8.0;15.0;B02
5400;201500003667;0;32;0;0.0;2.0;2.0;17.0;A01
5401;201500003667;0;3;0;0.0;2.0;8.0;15.0;B02
5402;201500003669;0;33;0;13.0;0.0;1.0;0.0;A01
5403;201500003670;0;33;0;16.0;0.0;1.0;1.0;A01
5404;201500003672;0;7;0;0.0;2.0;3.0;1.0;B02
5405;201500003672;0;7;0;0.0;2.0;3.0;13.0;A01
5406;201500003673;0;7;0;13.0;0.0;1.0;13.0;A01
5407;201500003674;0;33;0;0.0;2.0;3.0;13.0;A01
5408;201500003674;0;33;0;0.0;2.0;3.0;1.0;B02
5409;201500003675;0;2;0;0.0;2.0;1.0;1.0;B02
5410;201500003675;0;7;0;0.0;2.0;5.0;19.0;A01
5411;201500003676;0;7;0;0.0;0.0;7.0;1.0;A01
5412;201500003677;0;1;0;0.0;0.0;4.0;1.0;B02
5413;201500003677;0;1;0;0.0;2.0;0.0;1.0;A01
5414;201500003679;0;7;0;0.0;1.0;1.0;1.0;A01
5415;201500003680;0;7;0;8.0;0.0;1.0;14.0;A01
5416;201500003680;0;10;0;0.0;9.0;3.0;2.0;B02
5417;201500003681;0;7;0;0.0;2.0;2.0;15.0;A01
5418;201500003681;0;33;0;0.0;2.0;1.0;1.0;B02
5419;201500003682;0;10;0;0.0;1.0;2.0;1.0;A01
5420;201500003683;0;7;0;0.0;2.0;1.0;0.0;B02
5421;201500003683;0;33;0;0.0;2.0;1.0;13.0;A01
5422;201500003684;0;7;0;0.0;2.0;3.0;1.0;B02
5423;201500003684;0;7;0;0.0;2.0;1.0;13.0;A01
5424;201500003685;0;2;0;0.0;2.0;1.0;17.0;A01
5425;201500003685;0;7;0;0.0;2.0;3.0;1.0;B02
5426;201500003687;0;7;0;0.0;2.0;1.0;17.0;B02
5427;201500003687;0;7;0;0.0;2.0;4.0;13.0;A01
5428;201500003688;0;20;0;0.0;0.0;0.0;14.0;A01
5429;201500003689;0;1;0;1.0;0.0;1.0;1.0;A01
5430;201500003689;0;10;0;0.0;9.0;6.0;24.0;B02
5431;201500003690;0;1;0;0.0;2.0;8.0;19.0;A01
5432;201500003690;0;7;0;0.0;9.0;1.0;1.0;B01
5433;201500003691;0;7;0;0.0;1.0;1.0;15.0;A01
5434;201500003692;0;7;0;0.0;1.0;1.0;1.0;A01
5435;201500003693;0;7;0;0.0;2.0;8.0;9.0;A01
5436;201500003693;0;33;0;0.0;2.0;1.0;1.0;B01
5437;201500003694;0;7;0;0.0;2.0;2.0;2.0;A01
5438;201500003694;0;2;0;0.0;0.0;4.0;2.0;B01
5439;201500003695;0;36;0;8.0;0.0;3.0;14.0;A01
5440;201500003696;0;15;0;0.0;2.0;1.0;2.0;A01
5441;201500003696;0;7;0;0.0;0.0;4.0;23.0;B01
5442;201500003697;0;7;0;0.0;2.0;2.0;13.0;A01
5443;201500003697;0;15;0;0.0;2.0;3.0;1.0;B02
5444;201500003698;0;15;0;0.0;2.0;3.0;2.0;A01
5445;201500003698;0;7;0;0.0;2.0;5.0;15.0;B02
5446;201500003699;0;7;0;0.0;2.0;1.0;13.0;A01
5447;201500003699;0;7;0;0.0;2.0;1.0;1.0;B02
5448;201500003700;0;15;0;3.0;2.0;3.0;1.0;B02
5449;201500003700;0;7;0;0.0;2.0;1.0;13.0;A01
5450;201500003700;0;7;0;0.0;2.0;1.0;2.0;D04
5451;201500003700;0;7;0;0.0;2.0;3.0;2.0;C03
5452;201500003701;0;33;0;0.0;0.0;0.0;1.0;A01
5453;201500003703;0;7;0;0.0;2.0;1.0;13.0;A01
5454;201500003703;0;7;0;0.0;2.0;1.0;1.0;C03
5455;201500003703;0;7;0;0.0;2.0;8.0;1.0;B02
5456;201500003704;0;1;0;0.0;0.0;0.0;0.0;A01
5457;201500003705;0;7;0;0.0;2.0;3.0;1.0;A01
5458;201500003705;0;32;0;0.0;2.0;1.0;1.0;B02
5459;201500003709;0;7;0;0.0;0.0;9.0;1.0;A01
5460;201500003710;0;7;0;0.0;2.0;9.0;2.0;B02
5461;201500003710;0;7;0;0.0;2.0;1.0;2.0;C03
5462;201500003710;0;7;0;0.0;2.0;1.0;2.0;D04
5463;201500003710;0;7;0;0.0;2.0;2.0;17.0;A01
5464;201500003710;0;17;0;0.0;2.0;1.0;1.0;E05
5465;201500003711;0;7;0;13.0;0.0;3.0;1.0;A01
5466;201500003712;0;7;0;0.0;2.0;1.0;13.0;A01
5467;201500003712;0;14;0;0.0;2.0;1.0;1.0;B02
5468;201500003713;0;7;0;0.0;2.0;3.0;15.0;A01
5469;201500003713;0;33;0;0.0;2.0;1.0;1.0;B02
5470;201500003714;0;7;0;0.0;2.0;3.0;1.0;B02
5471;201500003714;0;10;0;0.0;2.0;2.0;19.0;A01
5472;201500003715;0;31;0;0.0;2.0;1.0;1.0;A01
5473;201500003715;0;33;0;0.0;2.0;1.0;0.0;B01
5474;201500003716;0;7;0;0.0;0.0;3.0;19.0;A01
5475;201500003716;0;30;0;0.0;2.0;2.0;1.0;B02
5476;201500003718;0;7;0;13.0;0.0;1.0;1.0;A01
5477;201500003719;0;7;0;0.0;2.0;8.0;1.0;B02
5478;201500003719;0;36;0;0.0;2.0;3.0;1.0;A01
5479;201500003720;0;7;0;0.0;1.0;4.0;4.0;A01
5480;201500003722;0;10;0;0.0;2.0;1.0;1.0;B02
5481;201500003722;0;7;0;0.0;2.0;7.0;1.0;A01
5482;201500003724;0;7;0;6.0;0.0;1.0;1.0;A01
5483;201500003725;0;1;0;0.0;0.0;0.0;1.0;A01
5484;201500003726;0;33;0;0.0;2.0;1.0;1.0;B02
5485;201500003726;0;7;0;0.0;2.0;3.0;9.0;A01
5486;201500003727;0;7;0;0.0;2.0;1.0;1.0;B02
5487;201500003727;0;7;0;0.0;2.0;3.0;13.0;A01
5488;201500003728;0;7;0;0.0;2.0;1.0;1.0;B02
5489;201500003728;0;7;0;0.0;2.0;1.0;13.0;A01
5490;201500003729;0;7;0;0.0;2.0;3.0;1.0;B02
5491;201500003729;0;7;0;0.0;2.0;3.0;13.0;A01
5492;201500003730;0;31;0;0.0;2.0;3.0;13.0;A01
5493;201500003730;0;7;0;0.0;2.0;3.0;1.0;B02
5494;201500003732;0;33;0;16.0;0.0;1.0;1.0;A01
5495;201500003734;0;7;0;13.0;0.0;8.0;1.0;A01
5496;201500003735;0;7;0;0.0;1.0;1.0;1.0;A01
5497;201500003736;0;33;0;0.0;0.0;1.0;1.0;A01
5498;201500003737;0;2;0;0.0;2.0;1.0;13.0;A01
5499;201500003737;0;10;0;0.0;2.0;3.0;1.0;B02
5500;201500003738;0;2;0;0.0;2.0;1.0;15.0;A01
5501;201500003738;0;7;0;0.0;2.0;2.0;1.0;B02
5502;201500003739;0;7;0;2.0;0.0;1.0;1.0;A01
5503;201500003740;0;31;0;0.0;2.0;1.0;1.0;A01
5504;201500003740;0;31;0;0.0;2.0;4.0;16.0;B02
5505;201500003741;0;7;0;0.0;1.0;2.0;1.0;A01
5506;201500003742;0;33;0;0.0;2.0;1.0;1.0;B02
5507;201500003742;0;7;0;0.0;2.0;3.0;15.0;A01
5508;201500003743;0;7;0;2.0;0.0;2.0;1.0;A01
5509;201500003744;0;30;0;12.0;0.0;8.0;13.0;A01
5510;201500003745;0;7;0;2.0;0.0;1.0;1.0;A01
5511;201500003746;0;33;0;0.0;2.0;8.0;1.0;A01
5512;201500003746;0;7;0;0.0;2.0;7.0;17.0;B02
5513;201500003747;0;33;0;6.0;0.0;3.0;1.0;A01
5514;201500003748;0;7;0;2.0;0.0;2.0;1.0;A01
5515;201500003749;0;7;0;13.0;1.0;8.0;1.0;A01
5516;201500003751;0;7;0;0.0;2.0;7.0;14.0;B02
5517;201500003751;0;7;0;0.0;2.0;0.0;12.0;A01
5518;201500003753;0;7;0;13.0;0.0;0.0;1.0;A01
5519;201500003754;0;21;0;0.0;2.0;1.0;9.0;A01
5520;201500003754;0;33;0;0.0;2.0;1.0;1.0;B02
5521;201500003755;0;7;0;0.0;2.0;2.0;1.0;A01
5522;201500003755;0;1;0;0.0;2.0;4.0;1.0;B02
5523;201500003756;0;38;6;7.0;0.0;2.0;14.0;A01
5524;201500003757;0;7;0;0.0;1.0;2.0;1.0;A01
5525;201500003758;0;7;0;0.0;2.0;8.0;23.0;C03
5526;201500003758;0;7;0;0.0;2.0;2.0;15.0;A01
5527;201500003758;0;7;0;0.0;2.0;1.0;1.0;B02
5528;201500003758;0;7;0;0.0;2.0;1.0;1.0;D04
5529;201500003759;0;7;0;13.0;0.0;3.0;1.0;A01
5530;201500003760;0;7;0;7.0;0.0;7.0;1.0;A01
5531;201500003761;0;7;0;0.0;0.0;4.0;1.0;C03
5532;201500003761;0;31;0;0.0;2.0;1.0;2.0;A01
5533;201500003761;0;7;0;0.0;0.0;4.0;1.0;B02
5534;201500003762;0;7;0;0.0;2.0;3.0;13.0;A01
5535;201500003762;0;7;0;0.0;2.0;3.0;1.0;B02
5536;201500003763;0;7;0;0.0;2.0;7.0;15.0;A01
5537;201500003763;0;33;0;0.0;2.0;7.0;1.0;B02
5538;201500003764;0;7;0;0.0;2.0;2.0;1.0;A01
5539;201500003764;0;7;0;0.0;2.0;2.0;1.0;B02
5540;201500003765;0;7;0;0.0;0.0;0.0;1.0;A01
5541;201500003766;0;7;0;0.0;2.0;8.0;10.0;A01
5542;201500003766;0;15;0;0.0;2.0;2.0;1.0;B02
5543;201500003767;0;7;0;12.0;1.0;8.0;23.0;A01
5544;201500003768;0;7;0;2.0;0.0;9.0;1.0;A01
5545;201500003769;0;31;0;0.0;0.0;1.0;1.0;A01
5546;201500003770;0;33;0;0.0;2.0;1.0;1.0;B02
5547;201500003770;0;7;0;0.0;2.0;1.0;13.0;A01
5548;201500003771;0;7;0;0.0;2.0;1.0;2.0;A01
5549;201500003771;0;1;0;0.0;2.0;4.0;2.0;B02
5550;201500003772;0;7;0;0.0;2.0;1.0;9.0;A01
5551;201500003772;0;1;0;0.0;2.0;8.0;15.0;B02
5552;201500003773;0;7;0;0.0;2.0;1.0;1.0;B02
5553;201500003773;0;7;0;0.0;2.0;3.0;19.0;A01
5554;201500003774;0;7;0;0.0;2.0;8.0;15.0;A01
5555;201500003774;0;7;0;0.0;2.0;2.0;17.0;B02
5556;201500003775;0;7;0;0.0;2.0;3.0;15.0;A01
5557;201500003775;0;2;0;0.0;2.0;3.0;1.0;B02
5558;201500003776;0;31;0;0.0;2.0;8.0;1.0;B02
5559;201500003776;0;7;0;0.0;2.0;7.0;14.0;A01
5560;201500003777;0;7;0;0.0;2.0;1.0;13.0;A01
5561;201500003777;0;7;0;0.0;2.0;1.0;1.0;B02
5562;201500003778;0;2;0;3.0;0.0;1.0;1.0;A01
5563;201500003779;0;7;0;0.0;2.0;1.0;15.0;A01
5564;201500003779;0;30;0;0.0;2.0;1.0;1.0;B02
5565;201500003780;0;2;0;0.0;2.0;1.0;1.0;A01
5566;201500003780;0;7;0;0.0;2.0;7.0;16.0;B02
5567;201500003781;0;33;0;0.0;0.0;0.0;1.0;A01
5568;201500003782;0;7;0;0.0;2.0;1.0;1.0;A01
5569;201500003782;0;10;0;0.0;2.0;4.0;1.0;B02
5570;201500003783;0;7;0;16.0;0.0;9.0;14.0;A01
5571;201500003784;0;7;0;0.0;2.0;3.0;13.0;A01
5572;201500003784;0;10;0;0.0;2.0;3.0;1.0;B02
5573;201500003785;0;7;0;0.0;1.0;1.0;1.0;A01
5574;201500003786;0;33;0;16.0;0.0;0.0;14.0;A01
5575;201500003787;0;7;0;2.0;0.0;7.0;14.0;A01
5576;201500003788;0;7;0;0.0;1.0;3.0;19.0;A01
5577;201500003789;0;7;0;0.0;2.0;7.0;19.0;A01
5578;201500003789;0;17;0;0.0;2.0;1.0;1.0;B02
5579;201500003790;0;2;0;0.0;2.0;8.0;15.0;B02
5580;201500003790;0;7;0;0.0;2.0;1.0;17.0;A01
5581;201500003791;0;7;0;0.0;2.0;1.0;1.0;B02
5582;201500003791;0;7;0;0.0;2.0;1.0;13.0;A01
5583;201500003792;0;10;0;13.0;0.0;9.0;17.0;A01
5584;201500003793;0;7;0;13.0;0.0;3.0;13.0;A01
5585;201500003794;0;7;0;13.0;0.0;3.0;13.0;A01
5586;201500003795;0;7;0;2.0;0.0;1.0;14.0;A01
5587;201500003796;0;2;0;0.0;2.0;8.0;13.0;A02
5588;201500003796;0;7;0;0.0;2.0;2.0;1.0;B01
5589;201500003797;0;7;0;0.0;2.0;4.0;2.0;B02
5590;201500003797;0;10;0;0.0;2.0;1.0;2.0;A03
5591;201500003797;0;7;0;0.0;2.0;4.0;2.0;C01
5592;201500003798;0;10;0;16.0;0.0;9.0;14.0;A01
5593;201500003799;0;14;0;10.0;2.0;3.0;21.0;B02
5594;201500003799;0;7;0;10.0;2.0;3.0;1.0;A01
5595;201500003800;0;7;0;0.0;2.0;3.0;1.0;A01
5596;201500003800;0;33;0;0.0;2.0;8.0;1.0;B02