;Num_Acc;senc;catv;occutc;obs;obsm;choc;manv;num_veh
6026;201500004118;0;7;0;0.0;2.0;2.0;16.0;A01
6027;201500004118;0;7;0;0.0;2.0;3.0;1.0;B02
6028;201500004119;0;2;0;0.0;2.0;1.0;2.0;A01
6029;201500004119;0;7;0;0.0;2.0;5.0;15.0;B02
6030;201500004120;0;10;0;0.0;2.0;1.0;1.0;B02
6031;201500004120;0;7;0;0.0;2.0;7.0;19.0;A01
6032;201500004121;0;1;0;0.0;2.0;8.0;2.0;A01
6033;201500004121;0;1;0;0.0;2.0;7.0;2.0;B02
6034;201500004122;0;7;0;6.0;0.0;7.0;1.0;A01
6035;201500004123;0;7;0;0.0;2.0;7.0;1.0;A01
6036;201500004123;0;7;0;0.0;2.0;1.0;19.0;B02
6037;201500004124;0;7;0;13.0;0.0;1.0;0.0;A01
6038;201500004125;0;7;0;0.0;2.0;1.0;19.0;A01
6039;201500004125;0;1;0;0.0;2.0;6.0;1.0;B02
6040;201500004126;0;7;0;0.0;0.0;6.0;23.0;A01
6041;201500004127;0;7;0;0.0;9.0;9.0;1.0;A01
6042;201500004128;0;7;0;6.0;0.0;1.0;1.0;A01
6043;201500004129;0;7;0;0.0;2.0;3.0;15.0;A01
6044;201500004129;0;30;0;0.0;2.0;1.0;1.0;B02
6045;201500004130;0;7;0;0.0;2.0;2.0;13.0;A01
6046;201500004130;0;7;0;0.0;2.0;1.0;1.0;B02
6047;201500004131;0;31;0;3.0;0.0;1.0;1.0;A01
6048;201500004132;0;7;0;13.0;0.0;1.0;19.0;A01
6049;201500004133;0;7;0;13.0;0.0;1.0;1.0;A01
6050;201500004134;0;7;0;2.0;0.0;1.0;1.0;A01
6051;201500004135;0;7;0;2.0;0.0;3.0;1.0;A01
6052;201500004136;0;7;0;0.0;1.0;2.0;1.0;A01
6053;201500004137;0;7;0;0.0;2.0;2.0;1.0;B02
6054;201500004137;0;7;0;0.0;2.0;3.0;1.0;A01
6055;201500004138;0;10;0;0.0;2.0;7.0;1.0;A01
6056;201500004138;0;30;0;0.0;2.0;1.0;1.0;B02
6057;201500004139;0;7;0;0.0;2.0;6.0;10.0;A01
6058;201500004139;0;7;0;0.0;2.0;3.0;1.0;B02
6059;201500004140;0;7;0;13.0;0.0;0.0;1.0;A01
6060;201500004141;0;7;0;0.0;2.0;1.0;17.0;A01
6061;201500004141;0;7;0;0.0;2.0;3.0;15.0;B02
6062;201500004142;0;30;0;3.0;0.0;8.0;1.0;A01
6063;201500004143;0;32;0;0.0;0.0;7.0;1.0;A01
6064;201500004144;0;33;0;2.0;0.0;2.0;1.0;A01
6065;201500004145;0;33;0;0.0;2.0;8.0;3.0;B02
6066;201500004145;0;10;0;0.0;2.0;2.0;12.0;A01
6067;201500004146;0;31;0;0.0;0.0;7.0;1.0;B02
6068;201500004146;1;7;0;0.0;2.0;2.0;5.0;A01
6069;201500004147;0;7;0;0.0;1.0;1.0;2.0;A01
6070;201500004148;0;7;0;0.0;1.0;7.0;1.0;A01
6071;201500004149;0;7;0;0.0;2.0;1.0;1.0;B02
6072;201500004149;0;33;0;0.0;2.0;1.0;1.0;A01
6073;201500004150;0;7;0;0.0;1.0;3.0;1.0;A01
6074;201500004151;2;10;0;;1.0;;;A01
6075;201500004152;0;33;0;0.0;2.0;7.0;1.0;B02
6076;201500004152;0;7;0;0.0;2.0;1.0;15.0;A01
6077;201500004153;0;33;0;4.0;0.0;7.0;1.0;A01
6078;201500004154;0;7;0;14.0;0.0;1.0;1.0;A01
6079;201500004155;0;33;0;0.0;2.0;1.0;1.0;A01
6080;201500004155;0;7;0;0.0;2.0;6.0;2.0;B02
6081;201500004157;0;33;0;0.0;0.0;0.0;0.0;A01
6082;201500004158;0;33;0;0.0;2.0;1.0;13.0;A01
6083;201500004158;0;33;0;0.0;2.0;8.0;1.0;B02
6084;201500004159;0;33;0;0.0;0.0;0.0;0.0;A01
6085;201500004161;0;33;0;0.0;2.0;1.0;0.0;B02
6086;201500004161;0;7;0;0.0;2.0;8.0;10.0;A01
6087;201500004162;0;33;0;0.0;0.0;1.0;1.0;A01
6088;201500004163;0;2;0;0.0;0.0;7.0;17.0;B02
6089;201500004163;0;7;0;0.0;0.0;3.0;15.0;A01
6090;201500004164;0;7;0;0.0;1.0;3.0;1.0;A01
6091;201500004166;0;33;0;12.0;0.0;7.0;1.0;A01
6092;201500004167;0;7;0;0.0;2.0;1.0;1.0;B02
6093;201500004167;0;7;0;0.0;2.0;2.0;13.0;A01
6094;201500004168;0;33;0;4.0;0.0;1.0;1.0;A01
6095;201500004169;0;7;0;0.0;2.0;3.0;1.0;A01
6096;201500004169;0;7;0;0.0;2.0;3.0;1.0;B02
6097;201500004170;0;7;0;0.0;1.0;3.0;1.0;A01
6098;201500004171;0;33;0;0.0;2.0;1.0;19.0;A01
6099;201500004171;0;7;0;0.0;2.0;8.0;19.0;B02
6100;201500004172;0;7;0;8.0;0.0;1.0;1.0;A01
6101;201500004174;0;7;0;0.0;2.0;1.0;9.0;A01
6102;201500004174;0;7;0;0.0;2.0;7.0;15.0;B02
6103;201500004175;0;7;0;0.0;1.0;7.0;1.0;B01
6104;201500004178;0;31;0;0.0;2.0;1.0;1.0;B02
6105;201500004178;0;7;0;0.0;2.0;2.0;15.0;A01
6106;201500004179;0;7;0;4.0;2.0;9.0;17.0;A01
6107;201500004179;0;7;0;0.0;2.0;1.0;1.0;B02
6108;201500004180;0;30;0;0.0;2.0;7.0;1.0;A01
6109;201500004180;0;7;0;0.0;2.0;3.0;9.0;B02
6110;201500004181;0;30;0;0.0;1.0;1.0;1.0;A01
6111;201500004182;0;7;0;0.0;1.0;1.0;15.0;A01
6112;201500004183;0;7;0;0.0;2.0;2.0;10.0;A01
6113;201500004183;0;33;0;1.0;2.0;8.0;1.0;B02
6114;201500004184;0;17;0;0.0;2.0;3.0;21.0;B02
6115;201500004184;0;7;0;0.0;2.0;3.0;5.0;A01
6116;201500004185;0;7;0;13.0;0.0;1.0;1.0;A01
6117;201500004186;0;14;0;0.0;0.0;0.0;15.0;A01
6118;201500004186;0;31;0;0.0;0.0;0.0;21.0;B02
6119;201500004187;0;7;0;0.0;2.0;1.0;13.0;A01
6120;201500004187;0;14;0;0.0;2.0;6.0;1.0;B02
6121;201500004188;0;7;0;0.0;2.0;3.0;5.0;A01
6122;201500004188;0;2;0;0.0;2.0;3.0;1.0;B02
6123;201500004189;0;7;0;12.0;0.0;7.0;1.0;A01
6124;201500004191;0;1;0;0.0;2.0;4.0;1.0;B02
6125;201500004191;0;7;0;0.0;9.0;1.0;1.0;A01
6126;201500004193;0;7;0;0.0;0.0;4.0;1.0;A01
6127;201500004194;0;2;0;0.0;2.0;1.0;18.0;A01
6128;201500004194;0;14;0;0.0;2.0;2.0;15.0;B02
6129;201500004196;0;7;0;0.0;2.0;0.0;15.0;A01
6130;201500004196;0;7;0;0.0;2.0;1.0;1.0;B02
6131;201500004197;0;31;0;0.0;2.0;7.0;17.0;A01
6132;201500004197;0;7;0;0.0;2.0;8.0;1.0;B02
6133;201500004198;0;7;0;6.0;0.0;8.0;1.0;A01
6134;201500004199;0;2;0;0.0;1.0;1.0;1.0;A01
6135;201500004201;0;7;0;0.0;2.0;5.0;15.0;A01
6136;201500004201;0;7;0;0.0;2.0;1.0;1.0;B02
6137;201500004203;0;14;0;0.0;2.0;1.0;1.0;B02
6138;201500004203;0;14;0;0.0;2.0;1.0;0.0;A01
6139;201500004204;0;7;0;2.0;0.0;1.0;1.0;A01
6140;201500004205;0;33;0;12.0;0.0;1.0;1.0;A01
6141;201500004206;0;7;0;0.0;2.0;3.0;13.0;A01
6142;201500004206;0;7;0;0.0;2.0;3.0;1.0;B02
6143;201500004207;0;7;0;0.0;2.0;3.0;23.0;B02
6144;201500004207;0;7;0;0.0;2.0;3.0;13.0;C03
6145;201500004207;0;7;0;0.0;2.0;1.0;1.0;A01
6146;201500004208;0;7;0;0.0;2.0;3.0;1.0;B02
6147;201500004208;0;7;0;0.0;2.0;3.0;1.0;A01
6148;201500004209;0;7;0;;2.0;1.0;;A01
6149;201500004209;0;7;0;;2.0;1.0;;A02
6150;201500004210;0;10;0;0.0;2.0;1.0;13.0;A01
6151;201500004210;0;10;0;0.0;2.0;3.0;1.0;C03
6152;201500004210;0;10;0;0.0;2.0;2.0;1.0;B02
6153;201500004211;0;7;0;2.0;0.0;1.0;1.0;A01
6154;201500004212;0;10;0;0.0;2.0;6.0;15.0;A01
6155;201500004212;0;33;0;0.0;2.0;3.0;1.0;B02
6156;201500004213;0;2;0;0.0;2.0;3.0;1.0;B02
6157;201500004213;0;7;0;3.0;2.0;3.0;13.0;A01
6158;201500004214;0;2;0;0.0;2.0;1.0;1.0;A01
6159;201500004214;0;7;0;0.0;2.0;1.0;9.0;B02
6160;201500004216;0;7;0;0.0;2.0;1.0;1.0;B02
6161;201500004216;0;10;0;0.0;2.0;1.0;1.0;C03
6162;201500004216;0;7;0;0.0;2.0;1.0;1.0;A01
6163;201500004218;0;7;0;0.0;2.0;1.0;5.0;A01
6164;201500004218;0;7;0;0.0;2.0;1.0;0.0;B02
6165;201500004219;0;31;0;8.0;0.0;1.0;1.0;A01
6166;201500004220;0;7;0;0.0;2.0;1.0;1.0;B02
6167;201500004220;0;33;0;0.0;2.0;1.0;19.0;A01
6168;201500004221;0;7;0;6.0;0.0;1.0;0.0;A01
6169;201500004222;0;10;0;2.0;0.0;1.0;1.0;A01
6170;201500004223;0;10;0;6.0;0.0;7.0;1.0;A01
6171;201500004224;0;7;0;0.0;0.0;2.0;15.0;A01
6172;201500004224;0;7;0;0.0;0.0;1.0;23.0;B02
6173;201500004225;0;7;0;0.0;2.0;1.0;9.0;A01
6174;201500004225;0;7;0;0.0;2.0;5.0;1.0;B02
6175;201500004226;0;1;0;0.0;0.0;1.0;1.0;B02
6176;201500004226;0;7;0;0.0;0.0;3.0;15.0;A01
6177;201500004227;0;7;0;3.0;0.0;0.0;1.0;A01
6178;201500004228;0;10;0;0.0;1.0;3.0;15.0;A01
6179;201500004229;0;10;0;0.0;2.0;1.0;15.0;B02
6180;201500004229;0;31;0;0.0;2.0;2.0;1.0;A01
6181;201500004230;0;7;0;2.0;0.0;3.0;0.0;A01
6182;201500004231;0;7;0;0.0;2.0;2.0;13.0;A01
6183;201500004231;0;7;0;0.0;2.0;2.0;21.0;B02
6184;201500004232;0;10;0;0.0;2.0;1.0;1.0;A01
6185;201500004232;0;7;0;0.0;2.0;8.0;1.0;B02
6186;201500004233;0;7;0;0.0;2.0;1.0;1.0;A01
6187;201500004233;0;7;0;0.0;2.0;1.0;13.0;B02
6188;201500004234;0;7;0;0.0;2.0;3.0;1.0;B02
6189;201500004234;0;7;0;0.0;2.0;3.0;13.0;A01
6190;201500004235;0;7;0;0.0;1.0;2.0;14.0;A01
6191;201500004236;0;7;0;13.0;0.0;4.0;4.0;A01
6192;201500004237;0;7;0;0.0;2.0;1.0;13.0;A01
6193;201500004237;0;15;0;0.0;2.0;1.0;1.0;B02
6194;201500004239;0;7;0;2.0;0.0;1.0;14.0;A01
6195;201500004240;0;7;0;0.0;1.0;8.0;1.0;A01
6196;201500004241;0;7;0;0.0;1.0;5.0;13.0;A01
6197;201500004242;0;10;0;0.0;0.0;2.0;15.0;A01
6198;201500004242;0;7;0;0.0;0.0;1.0;1.0;B02
6199;201500004244;0;31;0;0.0;2.0;1.0;1.0;A01
6200;201500004244;0;7;0;0.0;2.0;1.0;15.0;B02
6201;201500004246;0;7;0;0.0;1.0;1.0;1.0;A01
6202;201500004247;0;33;0;0.0;2.0;1.0;1.0;B02
6203;201500004247;0;7;0;0.0;2.0;8.0;15.0;A01
6204;201500004248;0;33;0;12.0;2.0;0.0;1.0;B02
6205;201500004248;0;33;0;12.0;2.0;0.0;1.0;A01
6206;201500004248;0;7;0;0.0;0.0;0.0;15.0;C03
6207;201500004249;0;33;0;6.0;0.0;1.0;14.0;A01
6208;201500004250;0;33;0;0.0;2.0;1.0;1.0;B02
6209;201500004250;0;7;0;0.0;2.0;2.0;15.0;A01
6210;201500004251;0;33;0;0.0;2.0;1.0;1.0;B02
6211;201500004251;0;10;0;0.0;2.0;7.0;15.0;A01
6212;201500004252;0;7;0;2.0;0.0;2.0;0.0;A01
6213;201500004253;0;1;0;;1.0;1.0;1.0;A01
6214;201500004254;0;7;0;8.0;0.0;7.0;1.0;A01
6215;201500004255;0;33;0;0.0;2.0;3.0;5.0;B02
6216;201500004255;1;7;0;0.0;2.0;3.0;5.0;A01
6217;201500004257;0;31;0;2.0;6.0;3.0;13.0;A01
6218;201500004259;0;33;0;0.0;0.0;7.0;1.0;A01
6219;201500004260;0;33;0;8.0;0.0;1.0;0.0;A01
6220;201500004262;0;3;0;0.0;2.0;2.0;13.0;A01
6221;201500004262;0;7;0;0.0;2.0;1.0;1.0;B02
6222;201500004263;0;7;0;0.0;2.0;1.0;1.0;B02
6223;201500004263;0;7;0;0.0;2.0;2.0;6.0;A01
6224;201500004264;0;14;0;0.0;2.0;1.0;21.0;B02
6225;201500004264;0;7;0;0.0;2.0;1.0;13.0;A01
6226;201500004265;0;7;0;0.0;2.0;3.0;1.0;A01
6227;201500004265;0;7;0;0.0;2.0;1.0;1.0;B02
6228;201500004266;0;7;0;8.0;0.0;7.0;19.0;A01
6229;201500004267;0;7;0;13.0;0.0;8.0;1.0;A01
6230;201500004268;0;33;0;1.0;0.0;8.0;1.0;A01
6231;201500004269;0;30;0;0.0;2.0;1.0;17.0;A01
6232;201500004269;0;7;0;0.0;2.0;3.0;1.0;B02
6233;201500004270;0;7;0;0.0;2.0;7.0;1.0;A01
6234;201500004270;0;7;0;0.0;2.0;1.0;1.0;B02
6235;201500004271;0;33;0;14.0;0.0;1.0;1.0;A01
6236;201500004272;0;30;0;0.0;2.0;5.0;17.0;A01
6237;201500004272;0;10;0;0.0;2.0;3.0;15.0;B02
6238;201500004273;0;7;0;0.0;2.0;1.0;10.0;A01
6239;201500004273;0;33;0;0.0;2.0;8.0;1.0;B02
6240;201500004274;0;10;0;0.0;1.0;2.0;1.0;A01
6241;201500004275;0;7;0;0.0;2.0;3.0;21.0;B02
6242;201500004275;0;7;0;0.0;2.0;3.0;5.0;A01
6243;201500004277;0;7;0;0.0;2.0;3.0;19.0;A01
6244;201500004277;0;33;0;0.0;2.0;2.0;1.0;B02
6245;201500004278;0;7;0;6.0;0.0;2.0;1.0;A01
6246;201500004279;0;7;0;2.0;0.0;8.0;2.0;A01
6247;201500004280;0;33;0;0.0;0.0;0.0;1.0;A01
6248;201500004281;0;2;0;0.0;2.0;2.0;1.0;A01
6249;201500004281;0;7;0;0.0;2.0;0.0;1.0;B02
6250;201500004282;0;1;0;0.0;2.0;1.0;1.0;B02
6251;201500004282;0;7;0;0.0;2.0;1.0;15.0;A01
6252;201500004283;0;30;0;0.0;0.0;1.0;1.0;A01
6253;201500004283;0;7;0;0.0;0.0;5.0;23.0;B02
6254;201500004284;0;7;0;13.0;0.0;1.0;1.0;A01
6255;201500004285;0;7;0;0.0;1.0;3.0;16.0;A01
6256;201500004286;0;7;0;1.0;0.0;3.0;1.0;A01
6257;201500004287;0;7;0;0.0;9.0;2.0;2.0;A01
6258;201500004287;0;1;0;0.0;2.0;0.0;2.0;B02
6259;201500004288;0;7;0;0.0;2.0;3.0;1.0;B02
6260;201500004288;0;7;0;0.0;2.0;1.0;5.0;A01
6261;201500004289;0;7;0;0.0;2.0;1.0;13.0;A01
6262;201500004289;0;7;0;0.0;2.0;3.0;1.0;B02
6263;201500004290;0;1;0;0.0;0.0;0.0;0.0;B02
6264;201500004290;0;7;0;0.0;9.0;5.0;0.0;A01
6265;201500004291;0;1;0;0.0;2.0;1.0;1.0;B02
6266;201500004291;0;7;0;0.0;9.0;2.0;19.0;A01
6267;201500004292;0;7;0;0.0;0.0;6.0;2.0;B02
6268;201500004292;0;7;0;0.0;2.0;3.0;2.0;A01
6269;201500004293;0;7;0;2.0;0.0;2.0;1.0;A01
6270;201500004295;0;7;0;0.0;2.0;1.0;13.0;A01
6271;201500004295;0;14;0;0.0;2.0;1.0;1.0;B02
6272;201500004296;0;17;0;0.0;9.0;7.0;16.0;A01
6273;201500004296;0;1;0;0.0;2.0;1.0;18.0;B02
6274;201500004297;0;2;0;0.0;2.0;1.0;1.0;A01
6275;201500004297;0;7;0;0.0;2.0;3.0;15.0;B02
6276;201500004298;0;7;0;0.0;2.0;2.0;1.0;A01
6277;201500004298;0;1;0;0.0;2.0;4.0;1.0;B02
6278;201500004299;0;7;0;0.0;2.0;6.0;19.0;A01
6279;201500004299;0;33;0;0.0;2.0;1.0;6.0;B02
6280;201500004300;0;7;0;0.0;0.0;1.0;1.0;A01
6281;201500004302;0;7;0;0.0;0.0;6.0;1.0;A01
6282;201500004302;0;31;0;0.0;2.0;1.0;1.0;B02
6283;201500004303;0;7;0;0.0;2.0;1.0;0.0;B02
6284;201500004303;0;7;0;0.0;2.0;8.0;1.0;A01
6285;201500004304;0;7;0;0.0;2.0;1.0;0.0;A01
6286;201500004304;0;7;0;0.0;2.0;1.0;0.0;B02
6287;201500004305;0;33;0;0.0;2.0;1.0;1.0;B02
6288;201500004305;0;7;0;0.0;2.0;1.0;15.0;A01
6289;201500004306;0;33;0;0.0;2.0;1.0;1.0;B02
6290;201500004306;0;7;0;0.0;2.0;8.0;10.0;A01
6291;201500004307;0;7;0;0.0;2.0;2.0;15.0;A01
6292;201500004307;0;1;0;0.0;2.0;1.0;1.0;B02
6293;201500004308;0;7;0;0.0;2.0;2.0;1.0;B02
6294;201500004308;0;7;0;0.0;2.0;2.0;1.0;A01
6295;201500004309;0;2;0;0.0;0.0;2.0;1.0;A01
6296;201500004310;0;33;0;0.0;2.0;1.0;1.0;B02
6297;201500004310;0;7;0;0.0;2.0;2.0;15.0;A01
6298;201500004311;0;10;0;0.0;2.0;1.0;1.0;B02
6299;201500004311;0;10;0;0.0;2.0;1.0;13.0;A01
6300;201500004312;0;10;0;0.0;2.0;5.0;6.0;A01
6301;201500004312;0;10;0;0.0;2.0;0.0;1.0;B02
6302;201500004313;0;1;0;0.0;2.0;8.0;13.0;B02
6303;201500004313;0;7;0;0.0;2.0;3.0;21.0;A01
6304;201500004314;0;7;0;0.0;9.0;3.0;17.0;A01
6305;201500004314;0;1;0;0.0;2.0;0.0;5.0;B02
6306;201500004315;0;7;0;0.0;2.0;3.0;1.0;B02
6307;201500004315;0;7;0;0.0;2.0;6.0;12.0;A01
6308;201500004316;0;1;0;0.0;2.0;8.0;1.0;B02
6309;201500004316;0;7;0;0.0;2.0;7.0;17.0;A01
6310;201500004318;0;7;0;0.0;9.0;6.0;16.0;A01
6311;201500004318;0;1;0;0.0;2.0;1.0;1.0;B02
6312;201500004319;0;7;0;0.0;2.0;1.0;1.0;B02
6313;201500004319;0;33;0;0.0;2.0;1.0;1.0;A01
6314;201500004320;0;7;0;0.0;2.0;1.0;13.0;B02
6315;201500004320;0;7;0;0.0;2.0;1.0;1.0;A01
6316;201500004321;0;7;0;0.0;0.0;3.0;1.0;A01
6317;201500004321;0;7;0;0.0;0.0;3.0;0.0;B02
6318;201500004322;0;7;0;2.0;0.0;8.0;0.0;A01
6319;201500004323;0;7;0;0.0;2.0;7.0;13.0;A01
6320;201500004323;0;37;45;0.0;2.0;1.0;1.0;B02
6321;201500004325;0;7;0;2.0;0.0;3.0;13.0;A01
6322;201500004326;0;7;0;0.0;0.0;3.0;9.0;A01
6323;201500004326;0;1;0;0.0;2.0;1.0;0.0;B02
6324;201500004327;0;36;0;13.0;0.0;1.0;13.0;A01
6325;201500004328;0;7;0;15.0;0.0;2.0;13.0;A01
6326;201500004329;0;7;0;2.0;0.0;7.0;17.0;A01
6327;201500004331;0;2;0;16.0;0.0;2.0;16.0;A01
6328;201500004332;0;10;0;0.0;2.0;0.0;23.0;C03
6329;201500004332;0;31;0;0.0;2.0;0.0;1.0;A01
6330;201500004332;0;7;0;0.0;2.0;0.0;15.0;B02
6331;201500004333;0;31;0;16.0;0.0;7.0;1.0;A01
6332;201500004334;0;7;0;2.0;0.0;2.0;1.0;A01
6333;201500004335;0;7;0;2.0;0.0;8.0;1.0;A01
6334;201500004336;0;7;0;0.0;1.0;7.0;1.0;A01
6335;201500004337;0;33;0;0.0;2.0;1.0;1.0;A01
6336;201500004337;0;7;0;0.0;2.0;8.0;13.0;B02
6337;201500004339;0;7;0;2.0;0.0;3.0;13.0;A01
6338;201500004340;0;7;0;6.0;0.0;1.0;1.0;A01
6339;201500004341;0;14;0;0.0;2.0;7.0;15.0;B02
6340;201500004341;0;33;0;0.0;2.0;1.0;1.0;A01
6341;201500004343;0;7;0;0.0;0.0;4.0;15.0;B02
6342;201500004343;0;33;0;0.0;2.0;1.0;2.0;A01
6343;201500004344;0;7;0;0.0;1.0;1.0;1.0;A01
6344;201500004345;0;7;0;14.0;0.0;4.0;21.0;A01
6345;201500004345;0;7;0;0.0;2.0;3.0;21.0;B02
6346;201500004345;0;7;0;1.0;0.0;9.0;2.0;C03
6347;201500004345;0;7;0;0.0;2.0;1.0;1.0;D04
6348;201500004346;0;10;0;0.0;2.0;2.0;1.0;B02
6349;201500004346;0;7;0;0.0;2.0;1.0;13.0;A01
6350;201500004347;0;31;0;0.0;2.0;1.0;1.0;A01
6351;201500004347;0;7;0;0.0;2.0;7.0;20.0;B02
6352;201500004348;0;7;0;0.0;2.0;7.0;13.0;A01
6353;201500004348;0;7;0;0.0;2.0;1.0;1.0;B02
6354;201500004349;0;7;0;3.0;0.0;2.0;0.0;A01
6355;201500004350;0;3;0;0.0;1.0;3.0;15.0;A01
6356;201500004351;0;7;0;2.0;0.0;0.0;1.0;A01
6357;201500004352;0;32;0;0.0;2.0;1.0;2.0;A01
6358;201500004352;0;7;0;0.0;0.0;5.0;2.0;B02
6359;201500004353;0;7;0;0.0;2.0;5.0;17.0;B02
6360;201500004353;0;7;0;0.0;2.0;3.0;17.0;A01
6361;201500004354;0;30;0;4.0;0.0;2.0;0.0;A01
6362;201500004355;0;7;0;0.0;2.0;8.0;1.0;C03
6363;201500004355;0;7;0;0.0;2.0;2.0;3.0;A01
6364;201500004355;0;7;0;0.0;2.0;3.0;1.0;B02
6365;201500004356;0;7;0;2.0;0.0;1.0;13.0;A01
6366;201500004357;0;33;0;0.0;2.0;1.0;17.0;A01
6367;201500004357;0;7;0;0.0;2.0;8.0;15.0;B02
6368;201500004358;0;7;0;2.0;0.0;1.0;1.0;A01
6369;201500004359;0;30;0;0.0;0.0;0.0;1.0;A01
6370;201500004360;0;33;0;0.0;0.0;0.0;17.0;A01
6371;201500004361;0;33;0;0.0;2.0;1.0;1.0;B02
6372;201500004361;0;7;0;0.0;2.0;2.0;15.0;A01
6373;201500004362;0;33;0;0.0;0.0;0.0;1.0;A01
6374;201500004363;0;7;0;0.0;2.0;3.0;16.0;B02
6375;201500004363;0;1;0;0.0;2.0;1.0;1.0;A01
6376;201500004366;0;7;0;2.0;0.0;3.0;1.0;A01
6377;201500004367;0;33;0;13.0;0.0;7.0;1.0;A01
6378;201500004368;0;33;0;12.0;0.0;2.0;14.0;A01
6379;201500004369;0;7;0;0.0;2.0;4.0;23.0;A01
6380;201500004369;0;7;0;0.0;2.0;1.0;2.0;C03
6381;201500004369;0;7;0;0.0;2.0;4.0;23.0;B02
6382;201500004369;0;7;0;0.0;2.0;3.0;1.0;D04
6383;201500004370;0;7;0;0.0;2.0;3.0;21.0;B02
6384;201500004370;0;7;0;0.0;2.0;3.0;13.0;A01
6385;201500004371;0;7;0;0.0;2.0;3.0;13.0;A01
6386;201500004371;0;15;0;0.0;2.0;3.0;1.0;B02
6387;201500004373;0;33;0;0.0;2.0;1.0;21.0;A01
6388;201500004373;0;14;0;0.0;2.0;8.0;19.0;B02
6389;201500004374;0;7;0;0.0;2.0;5.0;23.0;A01
6390;201500004374;0;7;0;0.0;2.0;1.0;1.0;B02
6391;201500004375;0;7;0;6.0;0.0;3.0;14.0;A01
6392;201500004376;0;7;0;13.0;0.0;2.0;1.0;A01
6393;201500004377;0;10;0;2.0;0.0;1.0;1.0;A01
6394;201500004378;0;30;0;0.0;2.0;1.0;1.0;A01
6395;201500004378;0;7;0;0.0;2.0;2.0;19.0;B02
6396;201500004379;0;7;0;2.0;0.0;8.0;1.0;A01
6397;201500004380;0;33;0;0.0;2.0;2.0;0.0;B02
6398;201500004380;0;7;0;0.0;2.0;2.0;9.0;A01
6399;201500004381;0;7;0;10.0;0.0;2.0;1.0;A01
6400;201500004382;0;7;0;0.0;9.0;3.0;15.0;A01
6401;201500004382;0;1;0;0.0;2.0;1.0;1.0;B02
6402;201500004382;0;1;0;0.0;2.0;4.0;1.0;C03
6403;201500004383;0;33;0;0.0;2.0;8.0;1.0;A01
6404;201500004383;0;7;0;0.0;2.0;8.0;0.0;B02
6405;201500004384;0;14;0;0.0;2.0;2.0;10.0;A01
6406;201500004384;0;33;0;0.0;2.0;1.0;1.0;B02
6407;201500004385;0;7;0;9.0;0.0;3.0;1.0;A01
6408;201500004386;0;7;0;0.0;2.0;2.0;1.0;B02
6409;201500004386;0;31;0;0.0;2.0;8.0;16.0;A01
6410;201500004387;0;33;0;0.0;2.0;4.0;23.0;B02
6411;201500004387;0;33;0;0.0;2.0;1.0;1.0;A01
6412;201500004388;0;7;0;0.0;0.0;4.0;15.0;A01
6413;201500004388;0;33;0;0.0;2.0;1.0;1.0;B02
6414;201500004389;0;7;0;0.0;2.0;1.0;19.0;A01
6415;201500004389;0;7;0;0.0;2.0;7.0;1.0;B02
6416;201500004391;0;7;0;0.0;2.0;3.0;1.0;B02
6417;201500004391;0;7;0;0.0;2.0;3.0;17.0;A01
6418;201500004392;0;7;0;0.0;1.0;2.0;1.0;A01
6419;201500004393;0;31;0;0.0;2.0;1.0;1.0;B02
6420;201500004393;0;7;0;0.0;2.0;2.0;15.0;A01
6421;201500004394;0;7;0;0.0;1.0;2.0;16.0;A01
6422;201500004395;0;7;0;0.0;2.0;1.0;1.0;A01
6423;201500004395;0;1;0;0.0;2.0;8.0;15.0;B02
6424;201500004396;0;7;0;16.0;0.0;9.0;13.0;A01
6425;201500004397;0;7;0;0.0;2.0;3.0;1.0;B02
6426;201500004397;0;7;0;0.0;2.0;3.0;3.0;A01
6427;201500004398;0;7;0;9.0;1.0;2.0;2.0;A01
6428;201500004400;0;7;0;0.0;2.0;1.0;2.0;C03
6429;201500004400;0;7;0;0.0;2.0;2.0;13.0;A01
6430;201500004400;0;7;0;0.0;2.0;2.0;1.0;B02
6431;201500004401;0;7;0;0.0;2.0;3.0;13.0;A01
6432;201500004401;0;33;0;0.0;2.0;8.0;1.0;B02
6433;201500004402;0;7;0;0.0;2.0;1.0;2.0;B02
6434;201500004402;0;37;10;0.0;2.0;3.0;21.0;D04
6435;201500004402;0;7;0;0.0;2.0;3.0;1.0;C03
6436;201500004402;0;7;0;0.0;2.0;4.0;1.0;A01
6437;201500004403;0;7;0;6.0;0.0;1.0;1.0;A01
6438;201500004404;0;7;0;13.0;0.0;1.0;1.0;A01
6439;201500004405;0;7;0;0.0;0.0;9.0;17.0;A01
6440;201500004406;0;30;0;15.0;0.0;1.0;1.0;A01
6441;201500004408;0;15;0;0.0;2.0;1.0;21.0;A01
6442;201500004408;0;7;0;0.0;2.0;1.0;13.0;B02
6443;201500004410;0;7;0;0.0;2.0;1.0;13.0;A01
6444;201500004410;0;7;0;0.0;2.0;1.0;1.0;B02
6445;201500004413;0;7;0;0.0;2.0;1.0;13.0;A01
6446;201500004413;0;7;0;0.0;2.0;1.0;1.0;B02
6447;201500004414;0;7;0;13.0;0.0;9.0;1.0;A01
6448;201500004415;0;14;0;6.0;0.0;2.0;1.0;A01
6449;201500004416;0;7;0;0.0;2.0;3.0;15.0;A01
6450;201500004416;0;7;0;0.0;2.0;1.0;1.0;B02
6451;201500004417;0;31;0;3.0;0.0;2.0;1.0;A01
6452;201500004418;0;7;0;2.0;0.0;1.0;13.0;A01
6453;201500004419;0;2;0;0.0;2.0;3.0;1.0;A01
6454;201500004420;0;7;0;1.0;0.0;2.0;21.0;C03