;Num_Acc;senc;catv;occutc;obs;obsm;choc;manv;num_veh
8598;201500005884;0;7;0;0.0;2.0;3.0;13.0;A01
8599;201500005884;0;7;0;0.0;2.0;3.0;1.0;B01
8600;201500005885;0;1;0;0.0;2.0;2.0;1.0;A01
8601;201500005885;0;7;0;0.0;9.0;3.0;1.0;B01
8602;201500005886;1;7;0;0.0;1.0;1.0;1.0;Z01
8603;201500005887;0;7;0;0.0;2.0;3.0;20.0;A01
8604;201500005887;0;2;0;0.0;2.0;1.0;1.0;B01
8605;201500005888;0;7;0;0.0;2.0;3.0;9.0;A01
8606;201500005888;0;2;0;0.0;2.0;1.0;1.0;B01
8607;201500005889;1;7;0;0.0;1.0;1.0;15.0;Z01
8608;201500005890;0;2;0;6.0;2.0;2.0;17.0;A01
8609;201500005890;0;7;0;0.0;2.0;3.0;15.0;B01
8610;201500005891;1;7;0;0.0;1.0;4.0;4.0;Z01
8611;201500005892;0;30;0;14.0;0.0;1.0;2.0;A01
8612;201500005892;0;7;0;0.0;0.0;4.0;23.0;B01
8613;201500005893;0;7;0;0.0;1.0;2.0;1.0;A01
8614;201500005894;0;2;0;0.0;2.0;1.0;1.0;A01
8615;201500005894;0;2;0;0.0;2.0;1.0;1.0;B01
8616;201500005895;0;7;0;0.0;1.0;1.0;1.0;A01
8617;201500005896;0;10;0;0.0;2.0;2.0;11.0;A01
8618;201500005896;0;30;0;0.0;2.0;1.0;1.0;B01
8619;201500005897;0;7;0;8.0;0.0;1.0;14.0;A01
8620;201500005898;0;7;0;0.0;2.0;1.0;20.0;A01
8621;201500005898;0;2;0;0.0;2.0;1.0;21.0;B01
8622;201500005899;0;10;0;1.0;1.0;7.0;1.0;A01
8623;201500005900;1;7;0;0.0;2.0;1.0;9.0;Z01
8624;201500005900;0;7;0;8.0;1.0;5.0;1.0;A01
8625;201500005901;2;7;0;6.0;0.0;1.0;14.0;A01
8626;201500005902;0;7;0;0.0;1.0;2.0;1.0;A01
8627;201500005903;0;7;0;0.0;2.0;1.0;13.0;A01
8628;201500005903;0;7;0;8.0;2.0;1.0;1.0;B01
8629;201500005903;0;7;0;0.0;2.0;0.0;0.0;C01
8630;201500005904;0;7;0;0.0;0.0;9.0;1.0;A01
8631;201500005905;0;7;0;0.0;2.0;1.0;5.0;A01
8632;201500005905;0;10;0;0.0;2.0;1.0;1.0;B02
8633;201500005906;0;7;0;2.0;0.0;7.0;1.0;A01
8634;201500005907;0;7;0;0.0;2.0;2.0;19.0;A01
8635;201500005907;0;33;0;0.0;2.0;2.0;1.0;B02
8636;201500005908;0;33;0;0.0;0.0;0.0;1.0;A01
8637;201500005909;0;2;0;0.0;0.0;7.0;1.0;A01
8638;201500005910;0;7;0;0.0;2.0;1.0;1.0;A01
8639;201500005910;0;7;0;0.0;2.0;8.0;19.0;B02
8640;201500005911;0;33;0;0.0;2.0;1.0;1.0;B02
8641;201500005911;0;10;0;0.0;2.0;2.0;15.0;A01
8642;201500005912;0;7;0;0.0;0.0;0.0;0.0;A01
8643;201500005913;0;7;0;2.0;0.0;8.0;1.0;A01
8644;201500005914;0;7;0;2.0;0.0;1.0;1.0;A01
8645;201500005915;0;7;0;0.0;2.0;8.0;15.0;B02
8646;201500005915;0;33;0;6.0;2.0;1.0;17.0;A01
8647;201500005916;0;7;0;0.0;2.0;3.0;19.0;B02
8648;201500005916;0;7;0;0.0;2.0;3.0;1.0;A01
8649;201500005917;0;7;0;0.0;2.0;3.0;17.0;B02
8650;201500005917;0;33;0;0.0;2.0;7.0;17.0;A01
8651;201500005918;0;7;0;0.0;1.0;3.0;1.0;A01
8652;201500005920;0;30;0;0.0;4.0;2.0;1.0;A01
8653;201500005920;0;39;0;0.0;2.0;3.0;0.0;B02
8654;201500005921;0;7;0;13.0;0.0;2.0;1.0;A01
8655;201500005922;0;7;0;13.0;0.0;1.0;1.0;A01
8656;201500005924;0;7;0;2.0;0.0;1.0;14.0;A01
8657;201500005925;0;31;0;6.0;0.0;1.0;0.0;A01
8658;201500005926;0;7;0;0.0;2.0;1.0;0.0;B02
8659;201500005926;0;7;0;0.0;2.0;1.0;13.0;A01
8660;201500005927;0;7;0;0.0;2.0;2.0;9.0;A01
8661;201500005927;0;1;0;0.0;0.0;8.0;1.0;B02
8662;201500005928;0;7;0;15.0;0.0;2.0;0.0;A01
8663;201500005929;0;7;0;0.0;1.0;1.0;1.0;A01
8664;201500005930;0;21;0;13.0;0.0;9.0;1.0;A01
8665;201500005931;0;14;0;0.0;0.0;5.0;23.0;A01
8666;201500005931;0;7;0;14.0;0.0;1.0;1.0;B02
8667;201500005932;0;7;0;0.0;1.0;1.0;15.0;A01
8668;201500005933;0;31;0;0.0;6.0;1.0;0.0;A01
8669;201500005934;0;21;0;3.0;0.0;5.0;14.0;A01
8670;201500005935;0;7;0;0.0;1.0;0.0;0.0;A01
8671;201500005936;0;7;0;0.0;0.0;9.0;14.0;A01
8672;201500005937;0;10;0;2.0;0.0;1.0;13.0;A01
8673;201500005938;0;7;0;2.0;0.0;1.0;1.0;A01
8674;201500005939;0;7;0;0.0;2.0;1.0;1.0;A01
8675;201500005939;0;33;0;0.0;2.0;8.0;0.0;B02
8676;201500005940;0;7;0;0.0;2.0;1.0;1.0;B02
8677;201500005940;0;7;0;0.0;2.0;8.0;15.0;A01
8678;201500005941;0;7;0;8.0;0.0;2.0;14.0;A01
8679;201500005942;0;31;0;2.0;0.0;7.0;1.0;A01
8680;201500005943;0;7;0;6.0;0.0;2.0;14.0;A01
8681;201500005944;0;7;0;13.0;0.0;5.0;1.0;A01
8682;201500005945;0;99;0;8.0;0.0;8.0;1.0;A01
8683;201500005946;0;7;0;0.0;2.0;2.0;1.0;A01
8684;201500005946;0;7;0;0.0;2.0;2.0;5.0;B02
8685;201500005947;0;7;0;6.0;0.0;2.0;13.0;A01
8686;201500005949;0;7;0;0.0;0.0;9.0;21.0;A01
8687;201500005950;0;7;0;8.0;0.0;0.0;1.0;A01
8688;201500005952;0;7;0;0.0;2.0;1.0;2.0;A01
8689;201500005952;0;7;0;0.0;2.0;4.0;2.0;B02
8690;201500005953;0;7;0;0.0;2.0;8.0;15.0;B02
8691;201500005953;0;10;0;0.0;2.0;1.0;17.0;A01
8692;201500005954;0;33;0;0.0;2.0;8.0;1.0;B02
8693;201500005954;0;2;0;0.0;2.0;8.0;5.0;A01
8694;201500005955;0;7;0;2.0;0.0;2.0;1.0;A01
8695;201500005956;0;31;0;8.0;0.0;1.0;1.0;A01
8696;201500005957;0;7;0;0.0;0.0;1.0;5.0;A01
8697;201500005957;0;7;0;0.0;0.0;4.0;1.0;C03
8698;201500005957;0;7;0;0.0;0.0;1.0;1.0;B02
8699;201500005957;0;7;0;0.0;0.0;1.0;1.0;D04
8700;201500005957;0;7;0;0.0;0.0;1.0;1.0;E05
8701;201500005958;0;32;0;0.0;2.0;3.0;1.0;B02
8702;201500005958;0;7;0;0.0;2.0;1.0;15.0;A01
8703;201500005959;0;10;0;2.0;0.0;1.0;14.0;A01
8704;201500005960;0;7;0;13.0;0.0;2.0;1.0;A01
8705;201500005961;0;15;0;0.0;2.0;3.0;1.0;A01
8706;201500005961;0;10;0;0.0;2.0;2.0;1.0;B02
8707;201500005962;0;7;0;0.0;0.0;1.0;1.0;A01
8708;201500005963;0;33;0;13.0;0.0;9.0;1.0;A01
8709;201500005964;0;7;0;0.0;2.0;2.0;13.0;A01
8710;201500005964;0;10;0;0.0;2.0;3.0;1.0;B02
8711;201500005965;0;7;0;9.0;0.0;1.0;2.0;A01
8712;201500005967;0;7;0;2.0;0.0;2.0;0.0;A01
8713;201500005968;0;7;0;0.0;2.0;1.0;1.0;B02
8714;201500005968;0;7;0;0.0;2.0;1.0;15.0;A01
8715;201500005969;0;33;0;0.0;0.0;0.0;1.0;A01
8716;201500005970;0;7;0;0.0;2.0;7.0;15.0;B02
8717;201500005970;0;2;0;0.0;2.0;1.0;1.0;A01
8718;201500005972;0;31;0;0.0;2.0;1.0;1.0;A01
8719;201500005972;0;7;0;0.0;2.0;3.0;15.0;B02
8720;201500005973;0;7;0;0.0;2.0;1.0;1.0;B02
8721;201500005973;0;7;0;0.0;2.0;3.0;5.0;A01
8722;201500005974;0;7;0;16.0;0.0;1.0;1.0;A01
8723;201500005975;0;1;0;0.0;1.0;1.0;1.0;A01
8724;201500005976;0;7;0;2.0;0.0;3.0;14.0;A01
8725;201500005977;0;31;0;12.0;0.0;1.0;1.0;A01
8726;201500005979;0;7;0;0.0;0.0;9.0;1.0;A01
8727;201500005980;0;15;0;0.0;1.0;5.0;1.0;A01
8728;201500005981;0;7;0;0.0;1.0;3.0;1.0;A01
8729;201500005982;0;7;0;0.0;2.0;1.0;13.0;A01
8730;201500005982;0;7;0;0.0;2.0;1.0;1.0;B02
8731;201500005983;0;34;0;14.0;0.0;2.0;1.0;A01
8732;201500005984;0;7;0;13.0;0.0;1.0;14.0;A01
8733;201500005985;0;15;0;16.0;0.0;8.0;1.0;A01
8734;201500005986;0;7;0;2.0;0.0;1.0;1.0;A01
8735;201500005987;0;17;0;0.0;2.0;2.0;15.0;A01
8736;201500005987;0;7;0;0.0;2.0;1.0;1.0;B02
8737;201500005988;0;15;0;0.0;2.0;3.0;13.0;A01
8738;201500005988;0;7;0;0.0;2.0;8.0;1.0;B02
8739;201500005989;0;7;0;0.0;2.0;8.0;1.0;B02
8740;201500005989;0;7;0;0.0;2.0;1.0;1.0;A01
8741;201500005990;0;7;0;0.0;2.0;7.0;1.0;A01
8742;201500005990;0;10;0;3.0;2.0;1.0;1.0;B02
8743;201500005991;0;7;0;0.0;1.0;1.0;2.0;A01
8744;201500005992;0;33;0;0.0;2.0;3.0;17.0;A01
8745;201500005992;0;7;0;0.0;2.0;3.0;1.0;B02
8746;201500005992;0;7;0;0.0;2.0;3.0;1.0;C03
8747;201500005992;0;7;0;0.0;2.0;1.0;1.0;D04
8748;201500005994;0;7;0;0.0;2.0;2.0;1.0;A01
8749;201500005994;0;7;0;0.0;0.0;7.0;19.0;B02
8750;201500005995;0;7;0;0.0;1.0;2.0;1.0;A01
8751;201500005996;0;7;0;6.0;0.0;1.0;1.0;A01
8752;201500005997;0;7;0;2.0;0.0;1.0;1.0;A01
8753;201500005998;0;7;0;0.0;1.0;3.0;1.0;A01
8754;201500005999;0;7;0;0.0;1.0;2.0;1.0;A01
8755;201500006000;0;30;0;0.0;0.0;8.0;1.0;A01
8756;201500006001;0;7;0;13.0;0.0;2.0;1.0;A01
8757;201500006002;0;7;0;0.0;1.0;3.0;1.0;A01
8758;201500006003;0;7;0;0.0;2.0;3.0;1.0;C03
8759;201500006003;0;7;0;0.0;2.0;1.0;1.0;A01
8760;201500006003;0;7;0;0.0;2.0;6.0;2.0;B02
8761;201500006004;0;7;0;2.0;0.0;1.0;1.0;A01
8762;201500006005;0;7;0;0.0;2.0;5.0;1.0;A01
8763;201500006005;0;37;1;0.0;0.0;2.0;1.0;B02
8764;201500006006;0;7;0;2.0;0.0;1.0;1.0;A01
8765;201500006007;0;7;0;0.0;2.0;2.0;13.0;A01
8766;201500006007;0;7;0;0.0;2.0;3.0;1.0;B02
8767;201500006008;0;30;0;15.0;0.0;1.0;1.0;A01
8768;201500006009;0;7;0;0.0;2.0;1.0;13.0;A01
8769;201500006009;0;7;0;0.0;2.0;1.0;1.0;B02
8770;201500006009;0;10;0;0.0;2.0;9.0;1.0;C03
8771;201500006010;0;7;0;0.0;1.0;2.0;1.0;A01
8772;201500006011;0;7;0;2.0;0.0;8.0;15.0;A01
8773;201500006013;0;7;0;0.0;0.0;3.0;1.0;A01
8774;201500006013;0;7;0;0.0;0.0;3.0;19.0;B02
8775;201500006014;0;7;0;13.0;0.0;1.0;1.0;A01
8776;201500006015;0;7;0;0.0;2.0;1.0;1.0;A01
8777;201500006015;0;1;0;0.0;2.0;8.0;15.0;B02
8778;201500006016;0;7;0;0.0;2.0;2.0;15.0;A01
8779;201500006016;0;7;0;0.0;2.0;1.0;1.0;B02
8780;201500006017;0;7;0;0.0;0.0;2.0;2.0;A01
8781;201500006018;0;7;0;0.0;0.0;7.0;1.0;A01
8782;201500006018;0;30;0;0.0;0.0;8.0;1.0;B02
8783;201500006019;0;7;0;0.0;0.0;1.0;1.0;A01
8784;201500006019;0;30;0;0.0;0.0;8.0;1.0;B02
8785;201500006020;0;7;0;0.0;2.0;4.0;2.0;A01
8786;201500006020;0;7;0;2.0;2.0;1.0;2.0;B02
8787;201500006021;0;7;0;0.0;1.0;1.0;1.0;A01
8788;201500006022;0;7;0;13.0;0.0;3.0;13.0;A01
8789;201500006023;0;7;0;13.0;0.0;2.0;14.0;A01
8790;201500006024;0;7;0;0.0;0.0;7.0;19.0;A01
8791;201500006024;0;1;0;0.0;0.0;1.0;15.0;B02
8792;201500006025;0;2;0;8.0;0.0;7.0;1.0;A01
8793;201500006026;0;7;0;0.0;0.0;2.0;13.0;A01
8794;201500006027;0;7;0;2.0;0.0;9.0;1.0;A01
8795;201500006028;0;7;0;2.0;0.0;9.0;1.0;A01
8796;201500006029;0;7;0;0.0;0.0;5.0;1.0;A01
8797;201500006029;0;33;0;0.0;2.0;1.0;1.0;B02
8798;201500006030;0;7;0;0.0;2.0;3.0;1.0;A01
8799;201500006030;0;10;0;0.0;2.0;3.0;13.0;B02
8800;201500006031;0;1;0;0.0;2.0;8.0;1.0;A01
8801;201500006031;0;7;0;0.0;9.0;7.0;14.0;B02
8802;201500006032;0;17;0;0.0;2.0;3.0;21.0;A01
8803;201500006032;0;7;0;0.0;2.0;3.0;13.0;B02
8804;201500006033;0;7;0;0.0;1.0;7.0;1.0;A01
8805;201500006034;0;14;0;0.0;2.0;1.0;1.0;A01
8806;201500006034;0;14;0;0.0;2.0;1.0;1.0;B02
8807;201500006035;0;7;0;0.0;9.0;0.0;0.0;A01
8808;201500006037;0;33;0;0.0;0.0;8.0;10.0;A01
8809;201500006038;0;7;0;3.0;0.0;1.0;0.0;A01
8810;201500006039;0;7;0;0.0;0.0;9.0;0.0;A01
8811;201500006041;0;7;0;0.0;2.0;2.0;15.0;A01
8812;201500006041;0;7;0;0.0;2.0;2.0;1.0;B02
8813;201500006042;0;30;0;0.0;0.0;0.0;16.0;A01
8814;201500006043;0;2;0;6.0;0.0;1.0;1.0;A01
8815;201500006044;0;7;0;0.0;2.0;6.0;15.0;A01
8816;201500006044;0;33;0;0.0;2.0;2.0;1.0;B02
8817;201500006045;0;7;0;13.0;0.0;9.0;1.0;A01
8818;201500006046;0;7;0;0.0;2.0;7.0;1.0;A01
8819;201500006046;0;7;0;0.0;2.0;1.0;1.0;B02
8820;201500006047;0;7;0;13.0;0.0;1.0;1.0;A01
8821;201500006048;0;7;0;0.0;2.0;1.0;13.0;A01
8822;201500006048;0;7;0;0.0;2.0;1.0;1.0;B02
8823;201500006049;0;7;0;0.0;2.0;1.0;13.0;A01
8824;201500006049;0;7;0;0.0;2.0;1.0;1.0;B02
8825;201500006050;0;7;0;2.0;0.0;3.0;0.0;A01
8826;201500006051;0;7;0;2.0;0.0;1.0;1.0;A01
8827;201500006052;0;7;0;2.0;0.0;7.0;1.0;A01
8828;201500006053;0;7;0;6.0;0.0;1.0;0.0;A01
8829;201500006054;0;7;0;0.0;1.0;1.0;1.0;A01
8830;201500006055;0;7;0;0.0;2.0;7.0;19.0;A01
8831;201500006055;0;2;0;0.0;2.0;1.0;1.0;B02
8832;201500006056;0;7;0;2.0;0.0;1.0;1.0;A01
8833;201500006057;0;1;0;0.0;2.0;1.0;13.0;A01
8834;201500006057;0;30;0;0.0;2.0;0.0;1.0;B02
8835;201500006058;0;7;0;0.0;2.0;1.0;1.0;A01
8836;201500006058;0;7;0;0.0;2.0;9.0;1.0;B02
8837;201500006058;0;7;0;0.0;2.0;4.0;1.0;C03
8838;201500006059;0;7;0;0.0;1.0;2.0;1.0;A01
8839;201500006060;0;1;0;0.0;0.0;1.0;1.0;A01
8840;201500006061;0;7;0;0.0;1.0;1.0;1.0;A01
8841;201500006062;0;7;0;0.0;2.0;2.0;1.0;A01
8842;201500006062;0;7;0;0.0;2.0;1.0;1.0;B02
8843;201500006063;0;7;0;3.0;2.0;1.0;5.0;A01
8844;201500006063;0;7;0;0.0;2.0;1.0;1.0;B02
8845;201500006064;0;7;0;0.0;2.0;1.0;5.0;A01
8846;201500006064;0;7;0;0.0;2.0;1.0;1.0;B02
8847;201500006065;0;7;0;0.0;9.0;1.0;1.0;A01
8848;201500006065;0;1;0;0.0;2.0;8.0;6.0;B02
8849;201500006066;0;33;0;16.0;0.0;3.0;1.0;A01
8850;201500006067;0;7;0;0.0;1.0;1.0;1.0;A01
8851;201500006068;0;30;0;0.0;0.0;4.0;15.0;A01
8852;201500006068;0;30;0;0.0;2.0;1.0;1.0;B02
8853;201500006069;0;7;0;13.0;0.0;3.0;1.0;A01
8854;201500006070;0;7;0;0.0;2.0;1.0;1.0;B02
8855;201500006070;0;15;0;0.0;2.0;3.0;4.0;A01
8856;201500006071;0;7;0;0.0;2.0;2.0;17.0;A01
8857;201500006071;0;7;0;0.0;2.0;6.0;13.0;B02
8858;201500006072;0;7;0;0.0;2.0;1.0;13.0;A01
8859;201500006072;0;7;0;0.0;2.0;3.0;1.0;B02
8860;201500006073;0;7;0;0.0;2.0;1.0;17.0;A01
8861;201500006073;0;10;0;0.0;2.0;6.0;1.0;B02
8862;201500006073;0;7;0;0.0;2.0;1.0;1.0;C03
8863;201500006074;0;7;0;0.0;2.0;7.0;17.0;A01
8864;201500006074;0;2;0;0.0;2.0;8.0;2.0;B02
8865;201500006076;0;7;0;2.0;0.0;2.0;1.0;A01
8866;201500006077;0;37;0;0.0;1.0;0.0;11.0;A01
8867;201500006078;0;7;0;0.0;1.0;4.0;20.0;A01
8868;201500006080;0;7;0;0.0;1.0;1.0;1.0;A01
8869;201500006081;0;7;0;0.0;2.0;3.0;3.0;A01
8870;201500006081;0;7;0;0.0;2.0;3.0;1.0;B02
8871;201500006081;0;7;0;0.0;2.0;3.0;1.0;C03
8872;201500006082;0;7;0;0.0;2.0;3.0;10.0;A01
8873;201500006082;0;33;0;0.0;2.0;7.0;17.0;B02
8874;201500006083;0;7;0;8.0;0.0;3.0;1.0;A01
8875;201500006084;0;7;0;0.0;2.0;3.0;15.0;A01
8876;201500006084;0;33;0;0.0;2.0;1.0;1.0;B02
8877;201500006085;0;31;0;0.0;1.0;1.0;21.0;A01
8878;201500006086;0;7;0;13.0;0.0;9.0;6.0;A01
8879;201500006087;0;31;0;0.0;0.0;1.0;1.0;A01
8880;201500006088;0;7;0;16.0;0.0;9.0;2.0;A01
8881;201500006089;0;7;0;13.0;2.0;1.0;14.0;A01
8882;201500006089;0;7;0;0.0;2.0;1.0;1.0;B02
8883;201500006090;0;7;0;6.0;0.0;1.0;14.0;A01
8884;201500006091;0;7;0;0.0;2.0;1.0;5.0;A01
8885;201500006091;0;7;0;0.0;2.0;1.0;1.0;B02
8886;201500006092;0;33;0;0.0;2.0;8.0;21.0;A01
8887;201500006092;0;10;0;0.0;2.0;8.0;1.0;B02
8888;201500006093;0;33;0;16.0;0.0;0.0;1.0;A01
8889;201500006094;2;7;0;0.0;9.0;1.0;2.0;B02
8890;201500006094;0;1;0;0.0;0.0;4.0;1.0;A01
8891;201500006095;0;7;0;0.0;2.0;3.0;2.0;A01
8892;201500006095;0;33;0;0.0;2.0;1.0;17.0;B02
8893;201500006096;0;10;0;1.0;0.0;3.0;19.0;A01
8894;201500006096;0;7;0;0.0;2.0;1.0;24.0;D02
8895;201500006097;0;7;0;6.0;0.0;1.0;1.0;A01
8896;201500006098;0;31;0;0.0;2.0;1.0;1.0;A01
8897;201500006098;0;10;0;0.0;0.0;2.0;1.0;B02
8898;201500006099;0;7;0;0.0;2.0;1.0;5.0;A01
8899;201500006099;0;7;0;0.0;2.0;1.0;1.0;B02
8900;201500006100;0;7;0;0.0;1.0;1.0;1.0;A01
8901;201500006101;0;7;0;13.0;0.0;1.0;1.0;A01
8902;201500006102;0;7;0;0.0;1.0;1.0;1.0;A01
8903;201500006103;0;7;0;0.0;2.0;3.0;15.0;A01
8904;201500006103;0;33;0;0.0;2.0;7.0;1.0;B02
8905;201500006104;0;7;0;2.0;0.0;3.0;0.0;A01
8906;201500006105;0;7;0;0.0;1.0;2.0;1.0;A01
8907;201500006106;0;7;0;0.0;2.0;3.0;0.0;A01
8908;201500006106;0;7;0;0.0;2.0;2.0;1.0;B02
8909;201500006107;0;33;0;0.0;0.0;7.0;1.0;A01
8910;201500006109;0;7;0;0.0;2.0;1.0;1.0;A01
8911;201500006109;0;1;0;0.0;2.0;3.0;15.0;B02
8912;201500006110;0;30;0;0.0;0.0;7.0;1.0;A01
8913;201500006111;0;7;0;6.0;0.0;1.0;14.0;A01
8914;201500006112;0;7;0;0.0;2.0;0.0;1.0;A01
8915;201500006113;0;2;0;0.0;2.0;1.0;1.0;A01
8916;201500006113;0;7;0;0.0;2.0;6.0;1.0;B02
8917;201500006114;0;7;0;0.0;2.0;3.0;13.0;A01
8918;201500006114;0;32;0;0.0;2.0;1.0;13.0;B02
8919;201500006115;0;7;0;2.0;0.0;9.0;2.0;A01
8920;201500006116;0;32;0;0.0;2.0;2.0;19.0;A01
8921;201500006116;0;7;0;0.0;2.0;1.0;1.0;B02
8922;201500006117;0;7;0;2.0;0.0;1.0;1.0;A01
8923;201500006118;0;10;0;0.0;1.0;1.0;1.0;A01
8924;201500006120;0;7;0;2.0;0.0;9.0;1.0;A01
8925;201500006121;0;32;0;0.0;2.0;1.0;17.0;A01
8926;201500006121;0;7;0;0.0;2.0;3.0;15.0;B02
8927;201500006122;0;7;0;0.0;1.0;7.0;1.0;A01
8928;201500006123;0;7;0;0.0;2.0;2.0;15.0;A01
8929;201500006123;0;30;0;0.0;2.0;7.0;13.0;B02
8930;201500006124;0;7;0;0.0;2.0;0.0;17.0;B02
8931;201500006124;0;7;0;0.0;2.0;0.0;13.0;A01
8932;201500006125;0;7;0;0.0;0.0;0.0;2.0;A01
8933;201500006126;0;7;0;0.0;2.0;3.0;9.0;A01
8934;201500006126;0;1;0;0.0;2.0;2.0;21.0;B02
8935;201500006127;0;7;0;0.0;2.0;8.0;15.0;B02
8936;201500006127;0;2;0;0.0;2.0;1.0;1.0;A01
8937;201500006128;0;7;0;0.0;1.0;2.0;1.0;A01
8938;201500006130;0;1;0;0.0;2.0;8.0;15.0;B02
8939;201500006130;0;7;0;0.0;2.0;3.0;1.0;A01
8940;201500006131;0;1;0;0.0;0.0;7.0;1.0;A01
8941;201500006131;0;7;0;0.0;0.0;8.0;22.0;B02
8942;201500006132;0;7;0;0.0;2.0;5.0;1.0;A01
8943;201500006132;0;7;0;0.0;2.0;3.0;13.0;B02
8944;201500006133;0;1;0;0.0;1.0;1.0;13.0;A01
8945;201500006134;0;7;0;0.0;2.0;2.0;1.0;A01
8946;201500006134;0;30;0;0.0;2.0;1.0;15.0;B02
8947;201500006135;0;7;0;0.0;2.0;1.0;20.0;A01
8948;201500006135;0;1;0;0.0;0.0;8.0;1.0;B02
8949;201500006136;0;7;0;0.0;1.0;7.0;17.0;A01
8950;201500006137;0;30;0;0.0;2.0;1.0;1.0;B02
8951;201500006137;0;7;0;0.0;2.0;7.0;15.0;A01
8952;201500006138;0;1;0;0.0;2.0;8.0;19.0;B02
8953;201500006138;0;7;0;0.0;9.0;1.0;1.0;A01
8954;201500006140;0;7;0;0.0;1.0;2.0;1.0;A01
8955;201500006141;0;2;0;0.0;2.0;2.0;2.0;A01
8956;201500006141;0;10;0;0.0;2.0;3.0;2.0;B02
8957;201500006142;0;21;0;0.0;2.0;6.0;1.0;B02
8958;201500006142;0;31;0;0.0;2.0;3.0;13.0;A01
8959;201500006143;0;7;0;0.0;2.0;1.0;13.0;B02
8960;201500006143;0;7;0;0.0;2.0;3.0;1.0;A01
8961;201500006144;0;7;0;13.0;0.0;1.0;13.0;A01
8962;201500006145;0;10;0;0.0;1.0;2.0;1.0;A01
8963;201500006146;0;15;0;0.0;2.0;3.0;1.0;B02
8964;201500006146;0;7;0;0.0;2.0;3.0;1.0;A01
8965;201500006147;0;7;0;0.0;2.0;1.0;13.0;A01
8966;201500006147;0;7;0;0.0;2.0;6.0;1.0;B02
8967;201500006148;0;7;0;13.0;0.0;0.0;13.0;A01
8968;201500006149;0;7;0;0.0;0.0;5.0;15.0;A01
8969;201500006149;0;33;0;0.0;0.0;2.0;21.0;B02
8970;201500006150;0;7;0;0.0;0.0;3.0;1.0;A01
8971;201500006150;0;7;0;0.0;2.0;3.0;1.0;B02
8972;201500006151;0;99;0;16.0;0.0;9.0;15.0;A01
8973;201500006152;0;7;0;13.0;0.0;9.0;1.0;B02
8974;201500006152;0;7;0;0.0;2.0;1.0;19.0;A01
8975;201500006154;0;7;0;0.0;2.0;4.0;23.0;B02
8976;201500006154;0;7;0;0.0;0.0;1.0;2.0;A01
8977;201500006155;0;7;0;0.0;2.0;8.0;13.0;A01
8978;201500006155;0;7;0;0.0;2.0;3.0;1.0;B02
8979;201500006156;0;7;0;0.0;1.0;3.0;19.0;A01
8980;201500006157;0;33;0;0.0;2.0;5.0;1.0;A01
8981;201500006157;0;7;0;0.0;2.0;2.0;1.0;B02
8982;201500006158;0;10;0;0.0;1.0;2.0;0.0;A01
8983;201500006160;0;7;0;2.0;0.0;1.0;2.0;A01
8984;201500006161;0;7;0;0.0;0.0;6.0;17.0;A01
8985;201500006161;0;33;0;2.0;2.0;2.0;17.0;B02
8986;201500006162;0;7;0;2.0;0.0;1.0;16.0;A01
8987;201500006163;0;34;0;0.0;0.0;0.0;2.0;A01
8988;201500006164;0;7;0;1.0;1.0;1.0;21.0;B01
8989;201500006165;0;7;0;0.0;2.0;3.0;1.0;B02
8990;201500006165;0;33;0;0.0;2.0;1.0;17.0;A01
8991;201500006166;0;7;0;1.0;2.0;7.0;1.0;A01
8992;201500006167;0;33;0;9.0;0.0;2.0;1.0;A01
8993;201500006168;0;7;0;0.0;2.0;3.0;15.0;B02
8994;201500006168;0;33;0;0.0;2.0;8.0;1.0;A01
8995;201500006170;0;7;0;2.0;0.0;2.0;1.0;A01
8996;201500006171;0;7;0;0.0;2.0;1.0;1.0;A01
8997;201500006171;0;7;0;0.0;2.0;1.0;1.0;B02
8998;201500006172;0;7;0;0.0;2.0;7.0;17.0;A01
8999;201500006172;0;2;0;0.0;2.0;8.0;15.0;B02
9000;201500006173;0;31;0;0.0;6.0;1.0;1.0;A01
9001;201500006175;0;7;0;8.0;0.0;1.0;1.0;A01
9002;201500006176;0;30;0;0.0;6.0;1.0;1.0;A01
9003;201500006177;0;7;0;0.0;2.0;3.0;1.0;A01
9004;201500006177;0;33;0;0.0;2.0;3.0;1.0;B02
9005;201500006179;0;7;0;0.0;0.0;1.0;1.0;A01
9006;201500006179;0;1;0;0.0;0.0;8.0;21.0;B02
9007;201500006180;0;33;0;0.0;2.0;7.0;1.0;A01
9008;201500006180;0;7;0;0.0;2.0;8.0;9.0;B02
9009;201500006182;0;21;0;0.0;2.0;3.0;1.0;B02
9010;201500006182;0;21;0;0.0;2.0;1.0;1.0;A01
9011;201500006183;0;7;0;16.0;0.0;0.0;1.0;A01
9012;201500006184;0;31;0;9.0;0.0;0.0;15.0;A01
9013;201500006186;0;7;0;0.0;0.0;4.0;17.0;A01
9014;201500006186;0;7;0;0.0;0.0;1.0;15.0;B02
9015;201500006187;0;7;0;2.0;0.0;1.0;1.0;A01
9016;201500006188;0;7;0;2.0;0.0;1.0;0.0;A01
9017;201500006189;0;7;0;0.0;0.0;5.0;13.0;A01
9018;201500006189;0;30;0;0.0;0.0;1.0;1.0;B02
9019;201500006190;0;7;0;2.0;0.0;1.0;13.0;A01
9020;201500006191;0;7;0;7.0;2.0;8.0;19.0;A01
9021;201500006191;0;7;0;0.0;2.0;1.0;1.0;B02
9022;201500006192;0;7;0;2.0;0.0;1.0;1.0;A01
9023;201500006193;0;7;0;0.0;2.0;2.0;1.0;B02
9024;201500006193;0;31;0;0.0;2.0;1.0;13.0;A01
9025;201500006194;0;7;0;0.0;2.0;3.0;1.0;B02
9026;201500006194;0;7;0;0.0;2.0;3.0;13.0;A01