;Num_Acc;senc;catv;occutc;obs;obsm;choc;manv;num_veh
9456;201500006503;0;7;0;0.0;1.0;7.0;1.0;A01
9457;201500006504;0;7;0;0.0;2.0;3.0;2.0;A01
9458;201500006504;0;7;0;0.0;0.0;5.0;15.0;B02
9459;201500006506;0;1;0;0.0;2.0;1.0;1.0;B02
9460;201500006506;0;7;0;0.0;2.0;3.0;15.0;A01
9461;201500006507;0;7;0;0.0;2.0;1.0;1.0;B01
9462;201500006507;0;7;0;0.0;2.0;1.0;1.0;A02
9463;201500006508;0;7;0;0.0;1.0;2.0;1.0;A01
9464;201500006509;0;7;0;13.0;0.0;1.0;21.0;A01
9465;201500006510;0;7;0;13.0;0.0;1.0;13.0;A01
9466;201500006512;0;99;0;15.0;0.0;8.0;1.0;A01
9467;201500006513;0;10;0;0.0;2.0;1.0;2.0;A01
9468;201500006513;0;38;0;0.0;2.0;8.0;23.0;B02
9469;201500006513;0;7;0;0.0;2.0;4.0;16.0;C03
9470;201500006514;0;7;0;0.0;2.0;7.0;1.0;B02
9471;201500006514;0;33;0;0.0;2.0;8.0;13.0;A01
9472;201500006515;0;7;0;13.0;0.0;1.0;0.0;A01
9473;201500006516;0;7;0;2.0;0.0;1.0;14.0;A01
9474;201500006517;0;7;0;0.0;2.0;1.0;1.0;B02
9475;201500006517;0;7;0;0.0;2.0;1.0;13.0;A01
9476;201500006519;0;7;0;0.0;2.0;8.0;19.0;A01
9477;201500006519;0;7;0;0.0;2.0;1.0;1.0;B02
9478;201500006520;0;7;0;0.0;1.0;1.0;1.0;A01
9479;201500006521;0;7;0;2.0;0.0;1.0;0.0;A01
9480;201500006522;0;7;0;13.0;0.0;1.0;1.0;A01
9481;201500006523;0;33;0;2.0;0.0;7.0;1.0;A01
9482;201500006524;0;33;0;1.0;0.0;1.0;0.0;A01
9483;201500006525;0;7;0;0.0;1.0;2.0;0.0;A01
9484;201500006526;0;33;0;1.0;0.0;3.0;0.0;A01
9485;201500006527;0;14;0;0.0;2.0;8.0;1.0;B02
9486;201500006527;0;14;0;0.0;2.0;1.0;19.0;A01
9487;201500006528;0;7;0;13.0;0.0;1.0;14.0;A01
9488;201500006529;0;7;0;0.0;0.0;1.0;1.0;A01
9489;201500006530;0;7;0;0.0;1.0;1.0;0.0;A01
9490;201500006531;1;10;0;0.0;0.0;0.0;17.0;B02
9491;201500006531;1;1;0;0.0;2.0;8.0;1.0;A01
9492;201500006532;0;33;0;0.0;0.0;7.0;1.0;A01
9493;201500006533;0;10;0;14.0;0.0;1.0;2.0;A01
9494;201500006533;0;7;0;0.0;0.0;4.0;23.0;B02
9495;201500006533;0;7;0;0.0;0.0;4.0;23.0;C03
9496;201500006533;0;15;0;0.0;0.0;0.0;1.0;D04
9497;201500006534;0;7;0;0.0;2.0;2.0;13.0;A01
9498;201500006534;0;7;0;0.0;2.0;3.0;1.0;B02
9499;201500006535;0;33;0;0.0;2.0;3.0;17.0;A01
9500;201500006535;0;7;0;0.0;2.0;6.0;0.0;B02
9501;201500006536;0;7;0;0.0;2.0;3.0;10.0;A01
9502;201500006536;0;7;0;1.0;2.0;2.0;1.0;B02
9503;201500006537;0;7;0;15.0;0.0;3.0;1.0;A01
9504;201500006538;0;14;0;0.0;0.0;1.0;1.0;B01
9505;201500006538;0;7;0;0.0;0.0;1.0;13.0;A02
9506;201500006539;0;10;0;0.0;2.0;7.0;17.0;A01
9507;201500006539;0;1;0;0.0;2.0;8.0;13.0;B02
9508;201500006541;0;1;0;0.0;2.0;2.0;1.0;A01
9509;201500006541;1;7;0;0.0;2.0;3.0;1.0;B02
9510;201500006542;0;33;0;0.0;0.0;7.0;0.0;A01
9511;201500006543;0;33;0;0.0;1.0;1.0;1.0;A01
9512;201500006544;0;7;0;0.0;0.0;9.0;0.0;A01
9513;201500006545;0;1;0;0.0;0.0;1.0;1.0;A01
9514;201500006546;0;7;0;0.0;2.0;1.0;21.0;A01
9515;201500006546;0;7;0;0.0;2.0;3.0;1.0;B02
9516;201500006547;0;1;0;0.0;5.0;0.0;1.0;A01
9517;201500006548;0;7;0;0.0;0.0;7.0;15.0;A01
9518;201500006548;0;7;0;0.0;2.0;1.0;1.0;B02
9519;201500006548;0;7;0;0.0;2.0;1.0;1.0;C03
9520;201500006549;0;7;0;0.0;2.0;7.0;1.0;A01
9521;201500006549;0;30;0;0.0;2.0;1.0;1.0;B02
9522;201500006550;0;7;0;13.0;0.0;1.0;1.0;A01
9523;201500006551;0;30;0;0.0;0.0;7.0;0.0;A01
9524;201500006552;0;7;0;13.0;0.0;1.0;2.0;A01
9525;201500006553;0;7;0;0.0;2.0;3.0;13.0;A01
9526;201500006553;0;7;0;0.0;2.0;3.0;1.0;B02
9527;201500006554;0;7;0;6.0;0.0;1.0;1.0;A01
9528;201500006555;0;30;0;0.0;0.0;8.0;1.0;A01
9529;201500006556;0;10;0;0.0;0.0;8.0;13.0;A01
9530;201500006557;0;7;0;4.0;0.0;1.0;0.0;A01
9531;201500006558;0;7;0;0.0;2.0;1.0;13.0;A01
9532;201500006558;0;14;0;0.0;2.0;3.0;21.0;B02
9533;201500006559;0;33;0;0.0;0.0;7.0;1.0;A01
9534;201500006560;0;33;0;0.0;2.0;1.0;2.0;A01
9535;201500006560;0;7;0;0.0;2.0;3.0;2.0;B02
9536;201500006560;0;7;0;0.0;2.0;4.0;2.0;C03
9537;201500006561;0;16;0;0.0;2.0;1.0;1.0;A01
9538;201500006561;0;21;0;0.0;0.0;4.0;1.0;B02
9539;201500006562;0;7;0;0.0;2.0;2.0;1.0;B02
9540;201500006562;0;32;0;0.0;0.0;7.0;1.0;A01
9541;201500006563;0;33;0;15.0;0.0;0.0;1.0;A01
9542;201500006564;0;7;0;0.0;2.0;3.0;13.0;A01
9543;201500006564;0;7;0;0.0;2.0;2.0;1.0;B02
9544;201500006565;0;30;0;0.0;2.0;1.0;1.0;B02
9545;201500006565;0;7;0;0.0;2.0;7.0;1.0;A01
9546;201500006566;0;31;0;0.0;2.0;1.0;13.0;A01
9547;201500006566;0;14;0;0.0;2.0;8.0;1.0;B02
9548;201500006567;0;7;0;13.0;0.0;2.0;1.0;A01
9549;201500006568;0;7;0;0.0;1.0;4.0;4.0;A01
9550;201500006569;0;10;0;0.0;2.0;1.0;17.0;A01
9551;201500006569;0;7;0;0.0;2.0;5.0;15.0;B02
9552;201500006570;0;7;0;6.0;0.0;2.0;14.0;A01
9553;201500006571;0;7;0;13.0;0.0;2.0;1.0;A01
9554;201500006572;0;10;0;0.0;2.0;7.0;19.0;A01
9555;201500006572;0;33;0;0.0;2.0;1.0;1.0;B02
9556;201500006573;0;7;0;0.0;2.0;1.0;1.0;A01
9557;201500006573;0;33;0;0.0;2.0;4.0;1.0;B02
9558;201500006574;0;33;0;0.0;0.0;0.0;1.0;A01
9559;201500006575;0;7;0;0.0;0.0;4.0;2.0;A01
9560;201500006575;0;7;0;0.0;2.0;1.0;2.0;B02
9561;201500006575;0;7;0;0.0;2.0;1.0;2.0;C03
9562;201500006576;0;7;0;0.0;1.0;2.0;1.0;A01
9563;201500006577;0;3;0;13.0;0.0;0.0;1.0;A01
9564;201500006578;0;7;0;0.0;9.0;7.0;1.0;A01
9565;201500006578;0;1;0;0.0;2.0;8.0;1.0;B02
9566;201500006579;0;7;0;13.0;0.0;1.0;1.0;A01
9567;201500006580;0;7;0;2.0;0.0;8.0;1.0;A01
9568;201500006581;0;7;0;0.0;2.0;3.0;17.0;A01
9569;201500006581;0;7;0;0.0;2.0;3.0;1.0;B02
9570;201500006582;0;31;0;0.0;0.0;7.0;1.0;A01
9571;201500006583;0;7;0;0.0;2.0;6.0;15.0;B01
9572;201500006583;0;30;0;0.0;2.0;1.0;17.0;A02
9573;201500006584;0;7;0;2.0;0.0;3.0;1.0;A01
9574;201500006585;0;7;0;13.0;0.0;1.0;1.0;A01
9575;201500006587;0;7;0;0.0;0.0;3.0;1.0;A01
9576;201500006588;0;7;0;0.0;2.0;3.0;13.0;A01
9577;201500006588;0;7;0;0.0;2.0;3.0;0.0;B02
9578;201500006589;0;7;0;0.0;2.0;1.0;0.0;A01
9579;201500006589;0;17;0;0.0;2.0;3.0;2.0;B02
9580;201500006590;0;7;0;0.0;2.0;3.0;1.0;A01
9581;201500006590;0;7;0;0.0;2.0;3.0;1.0;B02
9582;201500006590;0;7;0;0.0;9.0;1.0;1.0;C03
9583;201500006591;0;21;0;0.0;2.0;3.0;15.0;A01
9584;201500006591;0;7;0;0.0;2.0;5.0;1.0;B02
9585;201500006592;0;17;0;0.0;0.0;0.0;1.0;A01
9586;201500006592;0;10;0;0.0;2.0;1.0;2.0;C03
9587;201500006593;0;10;0;0.0;2.0;1.0;11.0;A01
9588;201500006593;0;33;0;0.0;2.0;1.0;1.0;B02
9589;201500006594;0;36;0;0.0;0.0;9.0;1.0;A01
9590;201500006595;0;7;0;0.0;2.0;3.0;5.0;A01
9591;201500006595;0;7;0;0.0;2.0;3.0;1.0;B02
9592;201500006596;0;36;0;2.0;0.0;1.0;1.0;A01
9593;201500006597;0;33;0;0.0;0.0;0.0;1.0;A01
9594;201500006598;0;10;0;0.0;2.0;3.0;13.0;A01
9595;201500006598;0;17;0;0.0;2.0;3.0;1.0;B02
9596;201500006599;0;7;0;0.0;2.0;1.0;13.0;A01
9597;201500006599;0;7;0;0.0;2.0;1.0;1.0;B02
9598;201500006600;0;7;0;2.0;0.0;1.0;1.0;A01
9599;201500006601;0;33;0;0.0;2.0;7.0;21.0;A01
9600;201500006601;0;7;0;0.0;2.0;8.0;23.0;B02
9601;201500006602;0;7;0;2.0;0.0;2.0;1.0;A01
9602;201500006603;0;2;0;0.0;2.0;1.0;1.0;A01
9603;201500006603;0;7;0;0.0;2.0;8.0;15.0;B02
9604;201500006604;0;7;0;0.0;2.0;1.0;1.0;B02
9605;201500006604;0;7;0;0.0;2.0;7.0;1.0;A01
9606;201500006607;0;7;0;0.0;0.0;1.0;1.0;A01
9607;201500006607;0;7;0;0.0;0.0;1.0;0.0;B02
9608;201500006609;0;33;0;0.0;5.0;1.0;1.0;A01
9609;201500006610;0;30;0;1.0;0.0;3.0;13.0;A01
9610;201500006611;0;10;0;0.0;1.0;5.0;4.0;A01
9611;201500006612;0;7;0;13.0;0.0;2.0;1.0;A01
9612;201500006613;0;33;0;0.0;0.0;0.0;1.0;A01
9613;201500006614;0;36;0;2.0;0.0;2.0;14.0;A01
9614;201500006615;0;7;0;6.0;0.0;3.0;19.0;A01
9615;201500006617;0;7;0;0.0;2.0;2.0;1.0;A01
9616;201500006617;0;15;0;0.0;2.0;2.0;1.0;B02
9617;201500006618;0;7;0;0.0;2.0;1.0;1.0;B02
9618;201500006618;0;2;0;0.0;2.0;1.0;1.0;A01
9619;201500006619;0;7;0;0.0;2.0;2.0;1.0;B02
9620;201500006619;0;7;0;0.0;2.0;3.0;1.0;A01
9621;201500006620;0;7;0;2.0;0.0;2.0;1.0;A01
9622;201500006621;0;33;0;0.0;2.0;3.0;1.0;B02
9623;201500006621;0;10;0;0.0;2.0;3.0;1.0;A01
9624;201500006622;0;10;0;0.0;2.0;8.0;19.0;A01
9625;201500006622;0;2;0;0.0;2.0;1.0;1.0;B02
9626;201500006623;0;30;0;13.0;0.0;3.0;1.0;A01
9627;201500006624;0;10;0;0.0;1.0;1.0;1.0;A01
9628;201500006625;0;7;0;0.0;2.0;3.0;1.0;A01
9629;201500006625;0;7;0;0.0;2.0;1.0;15.0;B02
9630;201500006626;0;7;0;0.0;2.0;1.0;13.0;A01
9631;201500006626;0;10;0;0.0;2.0;1.0;1.0;B02
9632;201500006627;0;7;0;0.0;2.0;9.0;1.0;A01
9633;201500006628;0;7;0;0.0;0.0;0.0;1.0;A01
9634;201500006629;0;30;0;0.0;0.0;0.0;21.0;A01
9635;201500006629;0;10;0;0.0;0.0;0.0;1.0;B02
9636;201500006630;0;7;0;8.0;0.0;7.0;14.0;A01
9637;201500006631;0;33;0;0.0;6.0;1.0;1.0;A01
9638;201500006632;0;33;0;16.0;0.0;8.0;15.0;A01
9639;201500006633;0;7;0;0.0;2.0;3.0;5.0;A01
9640;201500006633;0;38;0;0.0;2.0;3.0;5.0;B02
9641;201500006634;0;7;0;0.0;9.0;1.0;15.0;A01
9642;201500006634;0;1;0;0.0;2.0;1.0;23.0;B02
9643;201500006635;0;7;0;0.0;1.0;6.0;4.0;A01
9644;201500006636;0;36;0;0.0;0.0;0.0;1.0;A01
9645;201500006637;0;2;0;13.0;0.0;1.0;1.0;A01
9646;201500006638;0;33;0;0.0;2.0;7.0;1.0;C03
9647;201500006638;2;7;0;3.0;2.0;1.0;13.0;A01
9648;201500006638;0;33;0;0.0;2.0;1.0;1.0;B02
9649;201500006639;0;33;0;0.0;0.0;8.0;1.0;A01
9650;201500006640;0;33;0;0.0;0.0;1.0;14.0;A01
9651;201500006641;0;7;0;0.0;2.0;2.0;15.0;A01
9652;201500006641;0;7;0;0.0;2.0;1.0;1.0;B02
9653;201500006642;0;7;0;2.0;0.0;8.0;13.0;A01
9654;201500006643;0;7;0;13.0;0.0;9.0;1.0;A01
9655;201500006644;0;7;0;0.0;0.0;2.0;19.0;B02
9656;201500006644;0;33;0;0.0;2.0;1.0;1.0;A01
9657;201500006645;0;7;0;2.0;0.0;3.0;13.0;A01
9658;201500006646;0;10;0;0.0;2.0;2.0;1.0;B02
9659;201500006646;0;7;0;0.0;2.0;8.0;10.0;A01
9660;201500006647;0;7;0;0.0;2.0;1.0;1.0;B02
9661;201500006647;0;7;0;0.0;2.0;5.0;1.0;A01
9662;201500006648;0;7;0;6.0;0.0;3.0;16.0;A01
9663;201500006649;0;7;0;0.0;2.0;4.0;23.0;C03
9664;201500006649;0;7;0;0.0;2.0;3.0;1.0;B02
9665;201500006649;0;7;0;0.0;2.0;2.0;21.0;A01
9666;201500006651;0;7;0;0.0;2.0;2.0;1.0;A01
9667;201500006651;0;7;0;0.0;2.0;3.0;1.0;B02
9668;201500006652;0;7;0;0.0;2.0;3.0;1.0;A01
9669;201500006652;0;7;0;0.0;2.0;8.0;1.0;B02
9670;201500006653;0;7;0;2.0;0.0;1.0;13.0;A01
9671;201500006654;0;1;0;0.0;2.0;1.0;13.0;A01
9672;201500006654;0;7;0;0.0;9.0;3.0;1.0;B02
9673;201500006655;0;10;0;3.0;0.0;1.0;1.0;A01
9674;201500006656;0;3;0;8.0;0.0;1.0;14.0;A01
9675;201500006657;0;31;0;13.0;0.0;0.0;1.0;A01
9676;201500006658;0;17;0;0.0;2.0;5.0;1.0;A01
9677;201500006658;0;7;0;0.0;2.0;3.0;19.0;B02
9678;201500006659;0;7;0;0.0;0.0;2.0;1.0;A01
9679;201500006660;0;7;0;0.0;1.0;2.0;1.0;A01
9680;201500006661;0;7;0;0.0;0.0;3.0;1.0;A01
9681;201500006662;0;7;0;0.0;2.0;3.0;1.0;A01
9682;201500006662;0;7;0;0.0;2.0;3.0;1.0;B02
9683;201500006664;0;36;0;6.0;0.0;1.0;1.0;A01
9684;201500006665;0;7;0;0.0;2.0;8.0;19.0;A01
9685;201500006665;0;33;0;0.0;2.0;1.0;21.0;B02
9686;201500006666;0;7;0;0.0;2.0;1.0;13.0;A01
9687;201500006666;0;7;0;0.0;2.0;1.0;21.0;B02
9688;201500006667;0;7;0;0.0;2.0;3.0;1.0;A01
9689;201500006667;0;7;0;0.0;2.0;3.0;21.0;B02
9690;201500006668;0;7;0;0.0;0.0;3.0;1.0;B02
9691;201500006668;0;7;0;0.0;0.0;1.0;3.0;A01
9692;201500006669;0;7;0;1.0;0.0;6.0;0.0;B02
9693;201500006669;0;31;0;1.0;0.0;1.0;21.0;A01
9694;201500006670;0;33;0;0.0;0.0;1.0;1.0;A01
9695;201500006671;0;31;0;6.0;0.0;2.0;1.0;A01
9696;201500006672;0;38;0;2.0;0.0;3.0;13.0;A01
9697;201500006673;0;7;0;2.0;0.0;3.0;13.0;A01
9698;201500006674;0;7;0;0.0;0.0;9.0;13.0;A01
9699;201500006675;0;7;0;0.0;2.0;1.0;17.0;A01
9700;201500006675;0;7;0;0.0;2.0;1.0;21.0;B02
9701;201500006675;0;7;0;0.0;2.0;1.0;21.0;C03
9702;201500006676;0;33;0;0.0;0.0;9.0;1.0;A01
9703;201500006677;0;1;0;0.0;0.0;8.0;1.0;A01
9704;201500006677;0;7;0;0.0;2.0;1.0;19.0;B02
9705;201500006678;0;33;0;13.0;0.0;3.0;1.0;A01
9706;201500006679;0;7;0;0.0;0.0;1.0;13.0;A01
9707;201500006679;0;7;0;0.0;0.0;1.0;1.0;B02
9708;201500006680;0;7;0;0.0;2.0;3.0;13.0;A01
9709;201500006680;0;7;0;0.0;2.0;3.0;1.0;B02
9710;201500006681;0;7;0;0.0;0.0;3.0;0.0;A01
9711;201500006682;0;7;0;13.0;0.0;1.0;1.0;A01
9712;201500006683;0;7;0;0.0;2.0;8.0;1.0;A01
9713;201500006683;0;7;0;0.0;2.0;1.0;1.0;B02
9714;201500006684;0;30;0;0.0;0.0;1.0;1.0;A01
9715;201500006685;0;7;0;0.0;2.0;3.0;1.0;A01
9716;201500006685;0;31;0;0.0;2.0;1.0;1.0;B02
9717;201500006686;0;7;0;0.0;9.0;8.0;1.0;A01
9718;201500006686;0;1;0;0.0;2.0;1.0;1.0;B02
9719;201500006687;0;33;0;0.0;2.0;1.0;1.0;A01
9720;201500006687;0;17;0;0.0;2.0;6.0;1.0;B02
9721;201500006688;0;7;0;0.0;1.0;2.0;1.0;A01
9722;201500006689;0;7;0;0.0;2.0;7.0;15.0;A01
9723;201500006689;0;33;0;0.0;2.0;1.0;1.0;B02
9724;201500006691;0;30;0;0.0;2.0;1.0;16.0;A01
9725;201500006691;0;7;0;0.0;2.0;7.0;19.0;B02
9726;201500006692;0;30;0;0.0;2.0;8.0;9.0;A01
9727;201500006693;0;33;0;15.0;0.0;1.0;1.0;A01
9728;201500006694;0;2;0;0.0;0.0;0.0;13.0;A01
9729;201500006695;0;7;0;0.0;2.0;5.0;1.0;A01
9730;201500006695;0;34;0;0.0;2.0;1.0;1.0;B02
9731;201500006696;0;7;0;0.0;2.0;1.0;1.0;A01
9732;201500006696;0;1;0;0.0;2.0;4.0;1.0;B02
9733;201500006697;0;7;0;0.0;2.0;2.0;17.0;A01
9734;201500006697;0;21;0;0.0;2.0;8.0;15.0;B02
9735;201500006698;0;10;0;0.0;0.0;1.0;1.0;A01
9736;201500006698;0;2;0;0.0;0.0;4.0;1.0;B02
9737;201500006699;0;7;0;0.0;2.0;3.0;13.0;A01
9738;201500006699;0;7;0;0.0;2.0;3.0;1.0;B02
9739;201500006700;0;7;0;2.0;0.0;8.0;1.0;A01
9740;201500006701;0;7;0;0.0;2.0;7.0;16.0;A01
9741;201500006701;0;1;0;0.0;2.0;8.0;16.0;B02
9742;201500006702;0;7;0;0.0;0.0;5.0;15.0;A01
9743;201500006702;0;33;0;0.0;0.0;1.0;1.0;B02
9744;201500006704;0;2;0;1.0;0.0;7.0;0.0;B02
9745;201500006705;0;7;0;0.0;1.0;2.0;1.0;A01
9746;201500006706;0;17;0;16.0;0.0;0.0;0.0;A01
9747;201500006707;0;7;0;2.0;0.0;8.0;1.0;A01
9748;201500006708;0;7;0;0.0;9.0;2.0;17.0;A01
9749;201500006708;0;1;0;0.0;2.0;3.0;15.0;B02
9750;201500006709;0;33;0;0.0;2.0;3.0;17.0;A01
9751;201500006709;0;7;0;0.0;2.0;0.0;17.0;B02
9752;201500006709;0;7;0;0.0;2.0;3.0;1.0;C03
9753;201500006710;0;10;0;0.0;2.0;1.0;1.0;A01
9754;201500006710;0;7;0;0.0;2.0;9.0;5.0;B02
9755;201500006711;0;10;0;0.0;2.0;1.0;15.0;A01
9756;201500006711;0;10;0;0.0;2.0;1.0;1.0;B02
9757;201500006712;0;7;0;13.0;0.0;9.0;1.0;A01
9758;201500006713;0;7;0;16.0;0.0;9.0;1.0;A01
9759;201500006714;0;30;0;0.0;2.0;1.0;1.0;A01
9760;201500006714;0;7;0;0.0;2.0;3.0;19.0;B02
9761;201500006715;0;7;0;6.0;0.0;9.0;1.0;A01
9762;201500006716;0;33;0;13.0;0.0;2.0;14.0;A01
9763;201500006717;0;7;0;0.0;2.0;1.0;5.0;A01
9764;201500006717;0;7;0;0.0;2.0;1.0;1.0;B02
9765;201500006718;0;7;0;0.0;2.0;7.0;1.0;A01
9766;201500006718;0;7;0;0.0;2.0;1.0;0.0;B02
9767;201500006719;0;2;0;0.0;2.0;8.0;1.0;A01
9768;201500006719;0;15;0;0.0;2.0;6.0;1.0;B02
9769;201500006720;0;7;0;0.0;2.0;1.0;19.0;A01
9770;201500006720;0;7;0;0.0;0.0;1.0;1.0;B02
9771;201500006721;0;7;0;13.0;0.0;0.0;1.0;A01
9772;201500006722;0;7;0;0.0;2.0;1.0;5.0;A01
9773;201500006722;0;21;0;0.0;2.0;1.0;1.0;B02
9774;201500006723;0;10;0;0.0;2.0;3.0;13.0;A01
9775;201500006723;0;14;0;0.0;2.0;3.0;0.0;B02
9776;201500006724;0;38;0;13.0;0.0;8.0;13.0;A01
9777;201500006725;0;2;0;0.0;0.0;0.0;6.0;A01
9778;201500006726;0;7;0;0.0;2.0;7.0;13.0;A01
9779;201500006726;0;7;0;0.0;2.0;1.0;1.0;B02
9780;201500006727;0;7;0;0.0;2.0;3.0;19.0;B02
9781;201500006727;0;7;0;0.0;2.0;2.0;1.0;A01
9782;201500006728;0;7;0;0.0;2.0;1.0;13.0;A01
9783;201500006728;0;7;0;0.0;2.0;1.0;1.0;B02
9784;201500006729;0;7;0;3.0;0.0;1.0;15.0;A01
9785;201500006730;0;33;0;0.0;2.0;8.0;13.0;A01
9786;201500006730;0;7;0;0.0;2.0;1.0;1.0;B02
9787;201500006731;0;7;0;0.0;1.0;2.0;11.0;A01
9788;201500006732;0;7;0;0.0;2.0;1.0;1.0;A01
9789;201500006732;0;10;0;0.0;2.0;6.0;9.0;B02
9790;201500006733;0;7;0;8.0;0.0;3.0;1.0;A01
9791;201500006733;0;7;0;8.0;0.0;1.0;1.0;B02
9792;201500006734;0;7;0;0.0;1.0;1.0;0.0;A01
9793;201500006735;0;7;0;2.0;0.0;3.0;13.0;A01
9794;201500006736;0;10;0;0.0;2.0;4.0;6.0;A01
9795;201500006736;0;7;0;0.0;2.0;1.0;1.0;B02
9796;201500006737;0;7;0;2.0;2.0;1.0;1.0;A01
9797;201500006737;0;7;0;0.0;2.0;1.0;1.0;B02
9798;201500006738;0;17;0;0.0;1.0;5.0;15.0;A01
9799;201500006739;0;7;0;2.0;0.0;3.0;1.0;A01
9800;201500006740;0;33;0;0.0;2.0;3.0;5.0;A01
9801;201500006740;0;7;0;0.0;2.0;3.0;5.0;B02
9802;201500006741;0;7;0;2.0;0.0;1.0;13.0;A01
9803;201500006742;0;7;0;0.0;2.0;2.0;15.0;A01
9804;201500006742;0;7;0;0.0;2.0;1.0;1.0;B02
9805;201500006743;0;7;0;2.0;0.0;3.0;5.0;A01
9806;201500006745;0;7;0;1.0;1.0;1.0;2.0;A01
9807;201500006746;0;7;0;2.0;0.0;3.0;1.0;A01
9808;201500006747;0;7;0;0.0;2.0;2.0;13.0;A01
9809;201500006747;0;7;0;0.0;2.0;2.0;1.0;B02
9810;201500006748;0;7;0;0.0;2.0;1.0;13.0;A01
9811;201500006748;0;7;0;0.0;2.0;1.0;1.0;B02
9812;201500006749;0;7;0;0.0;2.0;3.0;13.0;A01
9813;201500006749;0;21;0;0.0;2.0;3.0;1.0;B02
9814;201500006751;0;7;0;0.0;1.0;4.0;4.0;A01
9815;201500006752;0;7;0;15.0;0.0;1.0;1.0;A01
9816;201500006753;0;7;0;2.0;0.0;1.0;19.0;A01
9817;201500006755;0;7;0;2.0;0.0;3.0;1.0;A01
9818;201500006757;0;7;0;0.0;2.0;7.0;19.0;A01
9819;201500006757;0;7;0;0.0;2.0;1.0;1.0;B02
9820;201500006758;0;7;0;2.0;0.0;3.0;1.0;A01
9821;201500006759;0;7;0;13.0;0.0;2.0;1.0;A01
9822;201500006760;0;36;0;15.0;0.0;1.0;0.0;A01
9823;201500006761;0;7;0;0.0;2.0;1.0;13.0;A01
9824;201500006761;0;7;0;0.0;2.0;1.0;1.0;B02
9825;201500006762;0;2;0;0.0;2.0;8.0;13.0;B02
9826;201500006762;0;10;0;0.0;2.0;8.0;1.0;A01
9827;201500006763;0;7;0;0.0;2.0;2.0;21.0;A01
9828;201500006763;0;21;0;0.0;2.0;6.0;2.0;B02
9829;201500006764;0;21;0;0.0;1.0;2.0;2.0;A01
9830;201500006765;0;7;0;2.0;0.0;3.0;1.0;A01
9831;201500006766;0;7;0;0.0;2.0;1.0;1.0;A01
9832;201500006766;0;7;0;0.0;2.0;3.0;1.0;B02
9833;201500006767;0;7;0;0.0;0.0;9.0;1.0;A01
9834;201500006768;0;7;0;13.0;0.0;1.0;1.0;A01
9835;201500006770;0;7;0;6.0;0.0;1.0;5.0;A01
9836;201500006771;0;2;0;0.0;2.0;1.0;1.0;B02
9837;201500006771;0;7;0;0.0;2.0;7.0;16.0;A01
9838;201500006772;0;31;0;3.0;0.0;1.0;1.0;A01
9839;201500006773;0;7;0;1.0;0.0;2.0;20.0;B02
9840;201500006773;0;7;0;0.0;1.0;3.0;1.0;A01
9841;201500006774;0;7;0;0.0;1.0;3.0;1.0;A01
9842;201500006777;0;7;0;8.0;0.0;2.0;1.0;A01
9843;201500006778;0;7;0;16.0;0.0;1.0;1.0;A01
9844;201500006780;0;7;0;0.0;1.0;7.0;1.0;A01
9845;201500006781;0;7;0;0.0;0.0;3.0;19.0;A01
9846;201500006781;0;33;0;0.0;0.0;1.0;17.0;B02
9847;201500006782;1;7;0;0.0;1.0;3.0;1.0;A01
9848;201500006783;0;7;0;0.0;2.0;1.0;1.0;A01
9849;201500006783;0;7;0;0.0;2.0;2.0;1.0;B02
9850;201500006784;0;1;0;0.0;2.0;1.0;13.0;A01
9851;201500006785;0;33;0;13.0;0.0;8.0;1.0;A01
9852;201500006786;0;33;0;2.0;0.0;2.0;1.0;A01
9853;201500006787;0;31;0;1.0;0.0;1.0;1.0;A01
9854;201500006788;0;7;0;0.0;2.0;1.0;1.0;B02
9855;201500006788;0;33;0;0.0;2.0;1.0;13.0;A01
9856;201500006789;0;33;0;3.0;0.0;3.0;1.0;A01
9857;201500006790;0;7;0;13.0;0.0;3.0;1.0;A01
9858;201500006791;0;33;0;0.0;2.0;8.0;1.0;A01
9859;201500006791;0;7;0;0.0;2.0;1.0;19.0;B02
9860;201500006792;0;7;0;0.0;2.0;1.0;2.0;B02
9861;201500006792;0;7;0;0.0;0.0;1.0;6.0;A01
9862;201500006793;0;7;0;13.0;0.0;1.0;1.0;A01
9863;201500006794;0;7;0;2.0;0.0;2.0;1.0;A01
9864;201500006795;0;7;0;0.0;0.0;0.0;0.0;A01
9865;201500006795;0;30;0;0.0;2.0;0.0;21.0;B02
9866;201500006796;0;7;0;6.0;0.0;4.0;4.0;A01
9867;201500006797;0;7;0;0.0;1.0;1.0;23.0;A01
9868;201500006798;0;10;0;0.0;0.0;8.0;1.0;A01
9869;201500006799;0;7;0;0.0;1.0;1.0;2.0;A01
9870;201500006800;0;30;0;1.0;0.0;1.0;1.0;A01
9871;201500006801;0;36;0;2.0;0.0;1.0;1.0;A01
9872;201500006802;0;7;0;15.0;0.0;1.0;1.0;A01
9873;201500006803;0;7;0;0.0;1.0;1.0;19.0;A01
9874;201500006804;0;7;0;0.0;0.0;3.0;15.0;B02
9875;201500006804;0;33;0;0.0;2.0;1.0;17.0;A01
9876;201500006805;0;7;0;0.0;1.0;8.0;1.0;A01
9877;201500006806;0;36;0;13.0;0.0;9.0;1.0;A01
9878;201500006807;0;7;0;0.0;2.0;2.0;15.0;A01
9879;201500006807;0;1;0;0.0;2.0;1.0;1.0;B02
9880;201500006809;0;7;0;8.0;0.0;1.0;1.0;A01
9881;201500006810;0;7;0;2.0;0.0;1.0;1.0;A01
9882;201500006811;0;3;0;2.0;0.0;9.0;15.0;A01
9883;201500006813;0;7;0;6.0;0.0;1.0;1.0;A01
9884;201500006814;0;7;0;13.0;0.0;3.0;1.0;A01