;Num_Acc;senc;catv;occutc;obs;obsm;choc;manv;num_veh
10306;201500007091;0;7;0;0.0;2.0;3.0;14.0;B02
10307;201500007092;0;17;0;0.0;0.0;5.0;23.0;A01
10308;201500007092;0;30;0;0.0;2.0;1.0;1.0;B02
10309;201500007093;0;30;0;0.0;2.0;1.0;1.0;B02
10310;201500007093;0;3;0;0.0;2.0;3.0;16.0;A01
10311;201500007094;0;33;0;0.0;2.0;1.0;13.0;A01
10312;201500007094;0;7;0;0.0;2.0;3.0;1.0;B02
10313;201500007095;0;7;0;2.0;0.0;3.0;0.0;A01
10314;201500007096;0;7;0;2.0;0.0;3.0;1.0;A01
10315;201500007097;0;7;0;0.0;2.0;3.0;1.0;A01
10316;201500007097;0;7;0;0.0;2.0;3.0;1.0;B02
10317;201500007098;0;30;0;0.0;2.0;1.0;1.0;A01
10318;201500007098;0;7;0;0.0;2.0;3.0;1.0;B02
10319;201500007099;0;30;0;0.0;2.0;1.0;1.0;A01
10320;201500007099;0;7;0;0.0;2.0;3.0;1.0;B02
10321;201500007100;0;33;0;0.0;0.0;9.0;1.0;A01
10322;201500007101;0;33;0;0.0;0.0;1.0;0.0;A01
10323;201500007102;0;33;0;0.0;2.0;1.0;1.0;A01
10324;201500007102;0;7;0;0.0;2.0;3.0;1.0;B02
10325;201500007103;0;7;0;0.0;1.0;3.0;1.0;A01
10326;201500007105;0;7;0;0.0;2.0;3.0;1.0;B02
10327;201500007105;0;33;0;0.0;2.0;1.0;13.0;A01
10328;201500007106;0;7;0;0.0;0.0;0.0;1.0;A01
10329;201500007107;0;33;0;0.0;2.0;7.0;1.0;A01
10330;201500007107;0;7;0;0.0;2.0;2.0;13.0;B02
10331;201500007108;0;7;0;0.0;1.0;2.0;1.0;A01
10332;201500007109;0;7;0;0.0;2.0;1.0;13.0;A01
10333;201500007109;0;7;0;0.0;2.0;1.0;1.0;B02
10334;201500007110;0;33;0;0.0;0.0;9.0;0.0;A01
10335;201500007111;0;7;0;0.0;1.0;1.0;1.0;A01
10336;201500007112;0;33;0;0.0;9.0;1.0;1.0;A01
10337;201500007113;0;7;0;2.0;0.0;8.0;1.0;A01
10338;201500007114;0;33;0;0.0;2.0;3.0;13.0;A01
10339;201500007114;0;7;0;0.0;2.0;6.0;1.0;B02
10340;201500007114;0;7;0;0.0;2.0;1.0;24.0;C03
10341;201500007115;0;7;0;0.0;2.0;8.0;10.0;A01
10342;201500007115;0;33;0;0.0;2.0;1.0;1.0;B02
10343;201500007116;0;7;0;0.0;2.0;3.0;13.0;A01
10344;201500007116;0;7;0;0.0;2.0;6.0;1.0;C03
10345;201500007116;0;7;0;0.0;2.0;1.0;1.0;B02
10346;201500007116;0;7;0;0.0;2.0;8.0;1.0;E05
10347;201500007116;0;7;0;0.0;2.0;8.0;1.0;D04
10348;201500007117;0;10;0;0.0;1.0;3.0;1.0;A01
10349;201500007118;0;7;0;13.0;2.0;5.0;9.0;A01
10350;201500007118;0;7;0;0.0;2.0;1.0;1.0;B02
10351;201500007119;0;7;0;0.0;0.0;4.0;2.0;A01
10352;201500007119;0;33;0;0.0;2.0;1.0;1.0;B02
10353;201500007120;0;7;0;13.0;0.0;1.0;1.0;A01
10354;201500007121;0;2;0;0.0;2.0;3.0;13.0;A01
10355;201500007121;0;7;0;0.0;2.0;3.0;1.0;B02
10356;201500007122;0;7;0;0.0;2.0;1.0;17.0;A01
10357;201500007122;0;7;0;0.0;2.0;1.0;1.0;B02
10358;201500007123;0;7;0;0.0;2.0;3.0;0.0;A01
10359;201500007123;0;33;0;0.0;2.0;3.0;0.0;B02
10360;201500007124;0;10;0;13.0;0.0;5.0;0.0;A01
10361;201500007125;0;7;0;8.0;0.0;1.0;1.0;A01
10362;201500007126;0;7;0;2.0;0.0;9.0;0.0;A01
10363;201500007127;0;7;0;0.0;2.0;2.0;13.0;A01
10364;201500007127;0;10;0;0.0;0.0;8.0;1.0;B02
10365;201500007128;0;7;0;0.0;2.0;2.0;13.0;A01
10366;201500007128;0;7;0;0.0;2.0;2.0;13.0;B02
10367;201500007129;0;7;0;0.0;2.0;3.0;9.0;A01
10368;201500007129;0;30;0;0.0;2.0;1.0;1.0;B02
10369;201500007130;0;10;0;0.0;2.0;3.0;21.0;A01
10370;201500007130;0;10;0;0.0;2.0;3.0;0.0;B02
10371;201500007131;0;33;0;3.0;0.0;7.0;1.0;A01
10372;201500007132;0;7;0;0.0;0.0;9.0;0.0;A01
10373;201500007133;0;7;0;13.0;0.0;1.0;13.0;A01
10374;201500007134;0;30;0;0.0;9.0;0.0;1.0;A01
10375;201500007135;0;7;0;0.0;2.0;3.0;1.0;A01
10376;201500007135;0;2;0;0.0;2.0;1.0;9.0;B02
10377;201500007136;0;7;0;0.0;2.0;1.0;1.0;B02
10378;201500007136;0;7;0;0.0;2.0;1.0;17.0;A01
10379;201500007137;0;7;0;0.0;2.0;1.0;19.0;A01
10380;201500007137;0;2;0;0.0;2.0;8.0;1.0;B02
10381;201500007138;0;7;0;0.0;2.0;2.0;0.0;A01
10382;201500007138;0;7;0;0.0;2.0;1.0;1.0;B02
10383;201500007138;0;7;0;0.0;2.0;3.0;1.0;C03
10384;201500007139;0;7;0;2.0;0.0;7.0;1.0;A01
10385;201500007140;0;3;0;0.0;2.0;8.0;19.0;A01
10386;201500007140;0;7;0;0.0;2.0;2.0;1.0;B02
10387;201500007141;0;7;0;0.0;1.0;3.0;1.0;A01
10388;201500007142;0;7;0;13.0;0.0;9.0;13.0;A01
10389;201500007143;0;7;0;0.0;2.0;2.0;13.0;A01
10390;201500007143;0;7;0;0.0;2.0;1.0;1.0;B02
10391;201500007144;0;7;0;0.0;2.0;1.0;1.0;A01
10392;201500007144;0;7;0;0.0;2.0;1.0;1.0;B02
10393;201500007145;0;7;0;0.0;2.0;1.0;9.0;A01
10394;201500007145;0;99;0;0.0;2.0;3.0;1.0;B02
10395;201500007145;0;10;0;0.0;2.0;3.0;1.0;C03
10396;201500007146;0;1;0;0.0;2.0;1.0;18.0;A01
10397;201500007146;0;7;0;0.0;9.0;2.0;16.0;B02
10398;201500007147;0;7;0;0.0;2.0;1.0;13.0;A01
10399;201500007147;0;7;0;0.0;2.0;1.0;1.0;B02
10400;201500007148;0;7;0;2.0;0.0;1.0;1.0;A01
10401;201500007149;0;7;0;0.0;0.0;4.0;23.0;A01
10402;201500007149;0;7;0;0.0;2.0;1.0;1.0;B02
10403;201500007150;0;7;0;0.0;2.0;2.0;1.0;A01
10404;201500007150;0;7;0;0.0;2.0;1.0;1.0;B02
10405;201500007151;0;7;0;2.0;0.0;9.0;1.0;A01
10406;201500007152;0;10;0;0.0;0.0;8.0;1.0;A01
10407;201500007152;0;1;0;0.0;2.0;1.0;19.0;B02
10408;201500007153;0;7;0;0.0;1.0;4.0;4.0;A01
10409;201500007154;0;1;0;0.0;2.0;0.0;1.0;A01
10410;201500007154;0;7;0;0.0;2.0;0.0;1.0;B02
10411;201500007155;0;33;0;0.0;0.0;0.0;0.0;A01
10412;201500007156;0;7;0;0.0;2.0;8.0;1.0;A01
10413;201500007156;0;33;0;0.0;2.0;4.0;1.0;B02
10414;201500007157;0;1;0;0.0;2.0;1.0;1.0;B02
10415;201500007157;0;7;0;0.0;2.0;2.0;15.0;A01
10416;201500007158;0;7;0;0.0;9.0;2.0;0.0;A01
10417;201500007158;0;1;0;0.0;2.0;3.0;0.0;B02
10418;201500007160;0;14;0;0.0;0.0;0.0;15.0;A01
10419;201500007160;0;2;0;0.0;2.0;0.0;21.0;B02
10420;201500007161;0;7;0;0.0;2.0;8.0;10.0;A01
10421;201500007161;0;33;0;0.0;2.0;1.0;17.0;B02
10422;201500007162;0;17;0;0.0;2.0;6.0;15.0;A01
10423;201500007162;0;33;0;0.0;2.0;1.0;1.0;B02
10424;201500007163;0;2;0;0.0;2.0;1.0;1.0;B02
10425;201500007163;0;7;0;0.0;0.0;8.0;20.0;A01
10426;201500007164;0;32;0;0.0;0.0;0.0;16.0;A01
10427;201500007165;0;10;0;0.0;0.0;6.0;11.0;A01
10428;201500007165;0;33;0;0.0;2.0;1.0;17.0;B02
10429;201500007166;0;7;0;0.0;2.0;2.0;1.0;A01
10430;201500007166;0;10;0;0.0;2.0;3.0;1.0;B02
10431;201500007167;0;10;0;2.0;0.0;1.0;1.0;A01
10432;201500007170;0;7;0;0.0;2.0;3.0;19.0;A01
10433;201500007170;0;2;0;0.0;2.0;1.0;1.0;B02
10434;201500007171;0;7;0;2.0;0.0;6.0;1.0;A01
10435;201500007172;0;7;0;6.0;0.0;1.0;0.0;A01
10436;201500007173;0;14;0;0.0;1.0;2.0;1.0;A01
10437;201500007174;0;7;0;0.0;1.0;1.0;1.0;A01
10438;201500007175;0;7;0;0.0;1.0;7.0;1.0;A01
10439;201500007176;0;7;0;0.0;1.0;2.0;1.0;A01
10440;201500007178;0;10;0;;;;;B02
10441;201500007178;0;7;0;;2.0;1.0;1.0;A01
10442;201500007179;0;7;0;0.0;2.0;6.0;15.0;A01
10443;201500007179;0;2;0;0.0;2.0;7.0;17.0;B01
10444;201500007180;0;7;0;0.0;1.0;7.0;1.0;A01
10445;201500007181;0;7;0;0.0;1.0;3.0;1.0;A01
10446;201500007182;0;7;0;0.0;1.0;3.0;0.0;A01
10447;201500007183;0;7;0;0.0;2.0;1.0;1.0;A01
10448;201500007183;0;7;0;0.0;2.0;4.0;1.0;B01
10449;201500007184;0;7;0;0.0;1.0;1.0;1.0;A01
10450;201500007185;0;7;0;0.0;1.0;1.0;1.0;A01
10451;201500007186;0;7;0;0.0;2.0;3.0;1.0;A01
10452;201500007186;0;7;0;0.0;2.0;3.0;1.0;B02
10453;201500007186;0;10;0;0.0;0.0;8.0;1.0;C03
10454;201500007187;0;7;0;0.0;0.0;0.0;1.0;A01
10455;201500007189;0;10;0;2.0;0.0;1.0;14.0;A01
10456;201500007190;0;10;0;0.0;1.0;1.0;1.0;A01
10457;201500007191;0;7;0;2.0;0.0;2.0;14.0;A01
10458;201500007192;0;7;0;6.0;0.0;1.0;1.0;A01
10459;201500007193;0;10;0;0.0;0.0;3.0;15.0;A01
10460;201500007193;0;1;0;0.0;2.0;1.0;1.0;B02
10461;201500007194;0;7;0;0.0;1.0;4.0;20.0;A01
10462;201500007195;0;7;0;2.0;0.0;2.0;1.0;A01
10463;201500007196;0;7;0;8.0;0.0;1.0;11.0;A01
10464;201500007197;0;7;0;0.0;2.0;7.0;2.0;A01
10465;201500007197;0;1;0;0.0;2.0;8.0;2.0;B02
10466;201500007198;0;7;0;0.0;2.0;2.0;1.0;B02
10467;201500007198;0;21;0;0.0;2.0;1.0;1.0;A01
10468;201500007199;0;33;0;0.0;2.0;1.0;0.0;B02
10469;201500007199;0;7;0;0.0;2.0;3.0;13.0;A01
10470;201500007200;0;7;0;2.0;0.0;8.0;1.0;A01
10471;201500007201;0;33;0;0.0;2.0;1.0;1.0;B02
10472;201500007201;0;7;0;0.0;2.0;3.0;15.0;A01
10473;201500007202;0;7;0;0.0;2.0;3.0;16.0;B02
10474;201500007202;0;1;0;0.0;2.0;1.0;15.0;A01
10475;201500007203;0;2;0;0.0;2.0;4.0;2.0;A01
10476;201500007203;0;10;0;0.0;2.0;1.0;2.0;B02
10477;201500007204;0;7;0;0.0;2.0;2.0;1.0;A01
10478;201500007204;0;1;0;0.0;2.0;4.0;1.0;B02
10479;201500007205;0;7;0;0.0;2.0;1.0;13.0;A01
10480;201500007205;0;7;0;0.0;2.0;1.0;1.0;B02
10481;201500007207;0;7;0;13.0;0.0;2.0;1.0;A01
10482;201500007208;0;21;0;13.0;0.0;2.0;1.0;A01
10483;201500007209;0;7;0;0.0;0.0;1.0;1.0;B02
10484;201500007209;0;7;0;0.0;0.0;1.0;13.0;A01
10485;201500007210;0;7;0;13.0;0.0;0.0;1.0;A01
10486;201500007211;0;7;0;0.0;2.0;1.0;1.0;B02
10487;201500007211;0;7;0;0.0;2.0;1.0;5.0;A01
10488;201500007212;0;33;0;1.0;0.0;1.0;1.0;A01
10489;201500007214;0;7;0;0.0;2.0;3.0;13.0;A01
10490;201500007214;0;7;0;0.0;2.0;3.0;1.0;B02
10491;201500007215;1;99;0;0.0;1.0;1.0;1.0;A01
10492;201500007217;0;33;0;8.0;0.0;1.0;1.0;A01
10493;201500007218;0;7;0;0.0;2.0;1.0;1.0;B02
10494;201500007218;0;31;0;0.0;2.0;8.0;15.0;A01
10495;201500007219;0;7;0;0.0;2.0;3.0;1.0;A01
10496;201500007219;0;30;0;0.0;2.0;1.0;1.0;B02
10497;201500007220;0;30;0;0.0;0.0;7.0;2.0;A01
10498;201500007221;0;7;0;0.0;0.0;2.0;1.0;B02
10499;201500007221;0;7;0;0.0;0.0;6.0;9.0;A01
10500;201500007222;0;7;0;6.0;0.0;2.0;1.0;A01
10501;201500007223;0;33;0;0.0;2.0;1.0;17.0;A01
10502;201500007223;0;7;0;0.0;2.0;3.0;1.0;B02
10503;201500007223;0;7;0;0.0;2.0;3.0;2.0;C03
10504;201500007224;0;7;0;0.0;0.0;6.0;1.0;A01
10505;201500007224;0;1;0;0.0;2.0;0.0;17.0;B02
10506;201500007225;0;10;0;0.0;0.0;2.0;19.0;A01
10507;201500007225;0;33;0;0.0;2.0;1.0;1.0;B02
10508;201500007226;0;33;0;0.0;1.0;1.0;21.0;A01
10509;201500007227;0;7;0;0.0;6.0;0.0;2.0;A01
10510;201500007228;0;30;0;0.0;0.0;8.0;1.0;A01
10511;201500007228;0;7;0;0.0;2.0;2.0;19.0;B02
10512;201500007229;0;7;0;0.0;2.0;3.0;1.0;B02
10513;201500007229;0;7;0;0.0;2.0;3.0;13.0;A01
10514;201500007229;0;7;0;0.0;2.0;8.0;1.0;C03
10515;201500007230;0;30;0;0.0;1.0;1.0;1.0;A01
10516;201500007231;1;17;0;0.0;2.0;2.0;2.0;A01
10517;201500007231;0;1;0;0.0;0.0;6.0;2.0;B02
10518;201500007232;0;21;0;0.0;2.0;0.0;19.0;A01
10519;201500007232;0;7;0;0.0;2.0;1.0;0.0;B02
10520;201500007233;0;7;0;0.0;2.0;7.0;15.0;A01
10521;201500007233;0;36;0;0.0;2.0;1.0;1.0;B02
10522;201500007234;0;7;0;0.0;2.0;1.0;13.0;A01
10523;201500007234;0;7;0;0.0;2.0;1.0;1.0;B02
10524;201500007235;0;7;0;0.0;2.0;5.0;4.0;A01
10525;201500007235;0;2;0;0.0;2.0;3.0;21.0;B02
10526;201500007236;0;10;0;0.0;2.0;8.0;19.0;A01
10527;201500007236;0;7;0;0.0;2.0;2.0;1.0;B02
10528;201500007237;0;33;0;16.0;0.0;8.0;1.0;A01
10529;201500007238;0;33;0;0.0;0.0;8.0;1.0;A01
10530;201500007239;0;7;0;0.0;2.0;1.0;5.0;A01
10531;201500007239;0;7;0;0.0;2.0;1.0;1.0;B02
10532;201500007240;0;7;0;0.0;2.0;4.0;13.0;A01
10533;201500007240;0;7;0;0.0;2.0;1.0;1.0;B02
10534;201500007241;0;30;0;6.0;0.0;7.0;1.0;A01
10535;201500007243;0;33;0;0.0;2.0;8.0;1.0;B02
10536;201500007243;0;7;0;0.0;0.0;3.0;15.0;A01
10537;201500007245;0;10;0;0.0;2.0;1.0;0.0;A01
10538;201500007245;0;7;0;0.0;2.0;1.0;0.0;B02
10539;201500007246;0;31;0;0.0;0.0;0.0;1.0;A01
10540;201500007247;0;7;0;7.0;0.0;9.0;1.0;A01
10541;201500007248;0;7;0;0.0;1.0;7.0;1.0;A01
10542;201500007249;0;7;0;2.0;0.0;8.0;13.0;A01
10543;201500007250;0;2;0;16.0;0.0;1.0;1.0;A01
10544;201500007251;0;7;0;0.0;2.0;3.0;13.0;A01
10545;201500007251;0;7;0;0.0;2.0;3.0;1.0;B02
10546;201500007252;0;7;0;2.0;0.0;3.0;0.0;A01
10547;201500007253;0;7;0;0.0;2.0;5.0;0.0;A01
10548;201500007253;0;31;0;0.0;2.0;1.0;1.0;B02
10549;201500007255;0;99;0;0.0;2.0;1.0;1.0;A01
10550;201500007255;0;99;0;0.0;0.0;4.0;1.0;B02
10551;201500007255;0;99;0;0.0;2.0;9.0;1.0;C03
10552;201500007256;0;7;0;0.0;2.0;2.0;2.0;A01
10553;201500007256;0;7;0;0.0;2.0;6.0;1.0;B02
10554;201500007256;0;7;0;0.0;0.0;0.0;0.0;C03
10555;201500007257;0;7;0;0.0;2.0;5.0;13.0;A01
10556;201500007257;0;7;0;0.0;2.0;3.0;2.0;B02
10557;201500007258;0;7;0;;1.0;1.0;1.0;A01
10558;201500007259;0;31;0;0.0;2.0;1.0;1.0;A01
10559;201500007259;0;7;0;;2.0;1.0;17.0;A02
10560;201500007260;0;33;0;;1.0;1.0;17.0;A01
10561;201500007261;0;33;0;0.0;2.0;8.0;0.0;A01
10562;201500007261;0;7;0;0.0;2.0;8.0;13.0;B01
10563;201500007262;0;7;0;0.0;2.0;0.0;11.0;A01
10564;201500007262;0;33;0;0.0;2.0;2.0;1.0;B01
10565;201500007263;0;7;0;0.0;2.0;8.0;10.0;A01
10566;201500007263;0;33;0;0.0;2.0;1.0;1.0;B02
10567;201500007264;0;7;0;0.0;2.0;3.0;0.0;B01
10568;201500007264;0;3;0;0.0;2.0;3.0;13.0;A01
10569;201500007265;0;7;0;0.0;2.0;8.0;0.0;B01
10570;201500007265;0;33;0;0.0;2.0;1.0;5.0;A01
10571;201500007267;0;7;0;;1.0;0.0;24.0;A01
10572;201500007268;0;7;0;0.0;2.0;7.0;21.0;B02
10573;201500007268;0;7;0;0.0;2.0;2.0;13.0;A01
10574;201500007269;0;7;0;12.0;0.0;1.0;1.0;A01
10575;201500007270;0;7;0;4.0;0.0;9.0;14.0;A01
10576;201500007271;0;7;0;0.0;2.0;3.0;13.0;A01
10577;201500007271;0;15;0;0.0;2.0;3.0;0.0;B02
10578;201500007272;0;7;0;0.0;2.0;7.0;13.0;A01
10579;201500007272;0;7;0;0.0;2.0;1.0;1.0;B02
10580;201500007273;0;7;0;13.0;0.0;0.0;1.0;A01
10581;201500007274;0;33;0;0.0;2.0;1.0;1.0;A01
10582;201500007274;0;7;0;0.0;2.0;2.0;9.0;B02
10583;201500007275;0;7;0;0.0;2.0;3.0;13.0;A01
10584;201500007275;0;7;0;0.0;2.0;3.0;1.0;B02
10585;201500007276;0;7;0;4.0;0.0;7.0;13.0;A01
10586;201500007278;0;2;0;10.0;0.0;3.0;13.0;A01
10587;201500007279;0;7;0;0.0;2.0;3.0;9.0;A01
10588;201500007279;0;33;0;0.0;2.0;1.0;1.0;B02
10589;201500007280;0;7;0;10.0;0.0;3.0;13.0;A01
10590;201500007281;0;31;0;0.0;1.0;1.0;1.0;A01
10591;201500007282;0;7;0;16.0;0.0;1.0;1.0;A01
10592;201500007283;0;7;0;15.0;0.0;9.0;14.0;A01
10593;201500007284;0;10;0;10.0;0.0;1.0;1.0;A01
10594;201500007285;0;7;0;0.0;2.0;1.0;1.0;B02
10595;201500007285;0;7;0;0.0;2.0;8.0;19.0;A01
10596;201500007286;0;10;0;0.0;1.0;4.0;4.0;A01
10597;201500007287;0;7;0;0.0;0.0;9.0;19.0;A01
10598;201500007288;0;7;0;0.0;1.0;7.0;1.0;A01
10599;201500007289;0;7;0;0.0;2.0;3.0;19.0;A01
10600;201500007289;0;14;0;0.0;2.0;2.0;1.0;B02
10601;201500007290;0;38;2;0.0;0.0;0.0;1.0;A01
10602;201500007291;0;7;0;0.0;2.0;1.0;1.0;A01
10603;201500007291;0;7;0;0.0;2.0;1.0;1.0;B02
10604;201500007294;0;7;0;0.0;2.0;3.0;13.0;A01
10605;201500007294;0;15;0;0.0;2.0;3.0;1.0;B02
10606;201500007294;0;7;0;0.0;2.0;2.0;1.0;C03
10607;201500007295;0;7;0;0.0;1.0;3.0;1.0;A01
10608;201500007296;0;33;0;15.0;0.0;1.0;2.0;A01
10609;201500007297;0;7;0;0.0;0.0;1.0;17.0;A01
10610;201500007298;0;7;0;1.0;0.0;8.0;22.0;A01
10611;201500007298;0;1;0;1.0;2.0;8.0;0.0;B02
10612;201500007299;0;33;0;0.0;0.0;0.0;1.0;A01
10613;201500007300;0;7;0;2.0;0.0;1.0;1.0;A01
10614;201500007301;0;10;0;0.0;2.0;1.0;17.0;A01
10615;201500007301;0;7;0;0.0;2.0;1.0;1.0;B02
10616;201500007302;0;10;0;0.0;0.0;8.0;15.0;A01
10617;201500007302;0;33;0;0.0;0.0;1.0;17.0;B02
10618;201500007303;0;7;0;0.0;1.0;2.0;1.0;A01
10619;201500007304;0;7;0;0.0;0.0;8.0;16.0;A01
10620;201500007304;0;7;0;0.0;0.0;7.0;1.0;B02
10621;201500007305;0;7;0;0.0;0.0;2.0;1.0;B02
10622;201500007305;0;30;0;0.0;0.0;4.0;2.0;A01
10623;201500007306;0;7;0;0.0;2.0;7.0;1.0;A01
10624;201500007306;0;7;0;0.0;2.0;1.0;1.0;B02
10625;201500007307;0;7;0;0.0;0.0;3.0;9.0;A01
10626;201500007307;0;37;1;0.0;0.0;1.0;1.0;B02
10627;201500007308;0;7;0;0.0;1.0;1.0;1.0;A01
10628;201500007309;0;7;0;0.0;2.0;1.0;1.0;A01
10629;201500007309;0;7;0;0.0;2.0;1.0;17.0;B02
10630;201500007310;0;33;0;0.0;2.0;3.0;1.0;B02
10631;201500007310;0;7;0;0.0;2.0;1.0;19.0;A01
10632;201500007311;0;7;0;0.0;2.0;2.0;17.0;A01
10633;201500007311;0;1;0;0.0;2.0;4.0;1.0;B02
10634;201500007312;0;7;0;1.0;1.0;7.0;1.0;A01
10635;201500007315;0;7;0;0.0;2.0;5.0;15.0;A01
10636;201500007315;0;33;0;0.0;2.0;7.0;1.0;B02
10637;201500007316;0;7;0;0.0;2.0;1.0;9.0;A01
10638;201500007316;0;7;0;0.0;2.0;1.0;1.0;B02
10639;201500007317;0;7;0;0.0;2.0;1.0;5.0;A01
10640;201500007317;0;10;0;0.0;2.0;8.0;1.0;B02
10641;201500007317;0;7;0;0.0;2.0;2.0;1.0;D04
10642;201500007317;0;7;0;0.0;2.0;1.0;1.0;C03
10643;201500007318;0;7;0;13.0;0.0;3.0;1.0;A01
10644;201500007319;0;7;0;0.0;2.0;2.0;17.0;A01
10645;201500007319;0;7;0;0.0;2.0;6.0;0.0;B02
10646;201500007320;0;33;0;0.0;2.0;8.0;5.0;A01
10647;201500007320;0;7;0;0.0;2.0;3.0;1.0;B02
10648;201500007321;0;7;0;0.0;2.0;1.0;2.0;A01
10649;201500007321;0;33;0;0.0;2.0;4.0;2.0;B02
10650;201500007322;0;33;0;0.0;0.0;1.0;1.0;A01
10651;201500007323;0;10;0;0.0;9.0;2.0;2.0;A01
10652;201500007323;0;1;0;0.0;2.0;4.0;2.0;B02
10653;201500007324;0;33;0;0.0;0.0;6.0;15.0;A01
10654;201500007324;0;33;0;0.0;2.0;2.0;2.0;B02
10655;201500007325;0;21;0;0.0;2.0;1.0;0.0;A01
10656;201500007325;0;7;0;0.0;2.0;1.0;13.0;B02
10657;201500007328;0;1;0;0.0;0.0;1.0;1.0;A01
10658;201500007329;0;33;0;3.0;0.0;1.0;1.0;A01
10659;201500007330;0;99;0;13.0;0.0;5.0;1.0;A01
10660;201500007331;0;7;0;0.0;2.0;3.0;13.0;A01
10661;201500007331;0;7;0;0.0;2.0;3.0;0.0;B02
10662;201500007332;0;30;0;13.0;0.0;1.0;1.0;A01
10663;201500007333;0;7;0;0.0;2.0;2.0;17.0;A01
10664;201500007333;0;21;0;0.0;2.0;6.0;15.0;B02
10665;201500007334;0;10;0;0.0;2.0;3.0;1.0;A01
10666;201500007334;0;7;0;0.0;2.0;2.0;13.0;B02
10667;201500007335;0;33;0;0.0;2.0;1.0;1.0;A01
10668;201500007335;0;7;0;0.0;2.0;3.0;13.0;B02
10669;201500007336;0;15;0;0.0;2.0;8.0;20.0;C03
10670;201500007336;0;7;0;0.0;2.0;1.0;1.0;B02
10671;201500007336;0;7;0;0.0;2.0;1.0;1.0;A01
10672;201500007337;0;36;0;0.0;0.0;1.0;1.0;A01
10673;201500007338;0;7;0;0.0;2.0;1.0;13.0;A01
10674;201500007338;0;7;0;0.0;2.0;3.0;1.0;B02
10675;201500007339;0;33;0;0.0;2.0;1.0;13.0;A01
10676;201500007339;0;7;0;0.0;2.0;3.0;1.0;B02
10677;201500007340;0;7;0;0.0;2.0;3.0;15.0;A01
10678;201500007340;0;7;0;0.0;2.0;3.0;1.0;B02
10679;201500007341;0;7;0;0.0;2.0;8.0;10.0;A01
10680;201500007341;0;15;0;0.0;2.0;1.0;1.0;B02
10681;201500007342;0;7;0;0.0;2.0;2.0;1.0;B02
10682;201500007342;0;7;0;0.0;2.0;3.0;15.0;A01
10683;201500007343;0;7;0;13.0;0.0;3.0;1.0;A01
10684;201500007344;0;14;0;0.0;1.0;1.0;1.0;A01
10685;201500007345;0;33;0;1.0;0.0;7.0;0.0;A01
10686;201500007345;0;7;0;0.0;0.0;6.0;0.0;B02
10687;201500007346;0;31;0;12.0;0.0;1.0;1.0;A01
10688;201500007347;0;34;0;0.0;2.0;1.0;17.0;A01
10689;201500007347;0;7;0;0.0;2.0;3.0;15.0;B02
10690;201500007348;0;7;0;0.0;2.0;1.0;1.0;A01
10691;201500007348;0;30;0;0.0;2.0;3.0;15.0;B02
10692;201500007350;0;7;0;0.0;2.0;3.0;1.0;A01
10693;201500007350;0;7;0;0.0;2.0;3.0;1.0;B02
10694;201500007351;0;7;0;13.0;0.0;1.0;1.0;A01
10695;201500007352;0;7;0;0.0;2.0;3.0;5.0;A01
10696;201500007352;0;10;0;0.0;2.0;6.0;1.0;B02
10697;201500007352;0;7;0;0.0;2.0;3.0;1.0;C03
10698;201500007353;0;7;0;8.0;0.0;2.0;1.0;A01
10699;201500007354;0;7;0;13.0;0.0;9.0;1.0;A01
10700;201500007354;0;7;0;0.0;0.0;2.0;21.0;B02
10701;201500007355;0;10;0;13.0;0.0;1.0;1.0;A01
10702;201500007356;0;7;0;13.0;0.0;1.0;1.0;A01
10703;201500007357;0;14;0;0.0;2.0;3.0;0.0;A01
10704;201500007357;0;7;0;0.0;2.0;3.0;13.0;B02
10705;201500007358;0;7;0;0.0;0.0;9.0;19.0;A01
10706;201500007359;0;7;0;0.0;2.0;2.0;5.0;A01
10707;201500007359;0;7;0;0.0;2.0;1.0;1.0;B02
10708;201500007360;0;17;0;6.0;0.0;1.0;13.0;A01
10709;201500007361;0;33;0;0.0;2.0;1.0;2.0;B02
10710;201500007361;0;7;0;0.0;0.0;5.0;2.0;A01
10711;201500007362;0;7;0;0.0;2.0;3.0;9.0;A01
10712;201500007362;0;32;0;0.0;2.0;7.0;1.0;B02
10713;201500007363;0;33;0;13.0;0.0;0.0;1.0;A01
10714;201500007364;0;7;0;2.0;0.0;3.0;1.0;A01
10715;201500007366;0;30;0;0.0;2.0;1.0;1.0;A01
10716;201500007366;0;7;0;0.0;2.0;3.0;15.0;B02
10717;201500007367;0;10;0;0.0;2.0;1.0;13.0;A01
10718;201500007367;0;7;0;0.0;2.0;1.0;1.0;B02
10719;201500007368;0;7;0;0.0;1.0;2.0;1.0;A01
10720;201500007369;0;7;0;13.0;0.0;1.0;1.0;A01
10721;201500007370;0;7;0;0.0;2.0;3.0;17.0;A01
10722;201500007370;0;33;0;0.0;2.0;2.0;17.0;B02
10723;201500007371;0;7;0;0.0;0.0;4.0;2.0;B02
10724;201500007371;0;7;0;0.0;0.0;1.0;2.0;A01
10725;201500007372;0;7;0;0.0;2.0;3.0;13.0;B02
10726;201500007372;0;7;0;0.0;2.0;1.0;13.0;A01