;Num_Acc;senc;catv;occutc;obs;obsm;choc;manv;num_veh
10727;201500007373;0;1;0;0.0;6.0;1.0;1.0;A01
10728;201500007374;0;21;0;0.0;0.0;0.0;15.0;B02
10729;201500007374;0;33;0;0.0;2.0;0.0;17.0;A01
10730;201500007375;0;33;0;13.0;0.0;8.0;16.0;A01
10731;201500007376;0;7;0;0.0;2.0;2.0;13.0;A01
10732;201500007376;0;7;0;0.0;2.0;1.0;1.0;B02
10733;201500007377;0;7;0;2.0;0.0;8.0;1.0;A01
10734;201500007378;0;33;0;0.0;0.0;8.0;0.0;A01
10735;201500007379;0;33;0;0.0;6.0;1.0;1.0;A01
10736;201500007380;0;7;0;0.0;2.0;1.0;1.0;A01
10737;201500007380;0;7;0;0.0;2.0;3.0;19.0;B02
10738;201500007381;0;7;0;0.0;2.0;2.0;1.0;B02
10739;201500007381;0;7;0;0.0;2.0;8.0;9.0;A01
10740;201500007383;0;30;0;12.0;0.0;8.0;1.0;A01
10741;201500007384;0;7;0;0.0;2.0;2.0;1.0;A01
10742;201500007384;0;7;0;0.0;2.0;2.0;1.0;B02
10743;201500007385;0;1;0;0.0;2.0;7.0;1.0;A01
10744;201500007386;0;30;0;12.0;0.0;1.0;15.0;A01
10745;201500007387;0;7;0;0.0;1.0;2.0;1.0;A01
10746;201500007388;0;7;0;1.0;0.0;1.0;16.0;A01
10747;201500007389;0;33;0;16.0;0.0;7.0;14.0;A01
10748;201500007390;0;14;0;0.0;0.0;7.0;14.0;A01
10749;201500007391;0;15;0;4.0;2.0;1.0;19.0;D04
10750;201500007391;0;7;0;14.0;0.0;0.0;21.0;C03
10751;201500007391;0;7;0;14.0;0.0;0.0;21.0;B02
10752;201500007391;0;7;0;0.0;2.0;8.0;21.0;A01
10753;201500007392;0;7;0;11.0;0.0;1.0;1.0;A01
10754;201500007393;0;7;0;3.0;0.0;2.0;1.0;A01
10755;201500007394;0;7;0;0.0;1.0;3.0;1.0;A01
10756;201500007395;0;7;0;3.0;0.0;1.0;1.0;A01
10757;201500007396;0;7;0;0.0;2.0;1.0;2.0;B02
10758;201500007396;0;15;0;4.0;0.0;1.0;6.0;A01
10759;201500007397;0;10;0;4.0;2.0;7.0;13.0;B02
10760;201500007397;0;10;0;0.0;2.0;2.0;1.0;C03
10761;201500007397;0;10;0;0.0;2.0;3.0;13.0;A01
10762;201500007398;0;7;0;4.0;0.0;3.0;13.0;A01
10763;201500007399;0;15;0;6.0;0.0;2.0;14.0;A01
10764;201500007400;0;15;0;0.0;2.0;1.0;1.0;A01
10765;201500007400;0;10;0;3.0;0.0;4.0;1.0;B02
10766;201500007401;0;7;0;3.0;0.0;1.0;14.0;A01
10767;201500007402;0;7;0;4.0;2.0;7.0;14.0;A01
10768;201500007402;0;15;0;0.0;2.0;8.0;1.0;B02
10769;201500007403;0;17;0;6.0;0.0;5.0;21.0;A01
10770;201500007403;0;17;0;0.0;9.0;1.0;1.0;B02
10771;201500007403;0;7;0;0.0;9.0;1.0;0.0;C03
10772;201500007403;0;7;0;0.0;9.0;1.0;1.0;D04
10773;201500007403;0;7;0;0.0;9.0;1.0;0.0;E05
10774;201500007403;0;7;0;0.0;9.0;1.0;1.0;F06
10775;201500007403;0;7;0;0.0;9.0;1.0;1.0;G07
10776;201500007404;0;7;0;0.0;2.0;1.0;19.0;A01
10777;201500007404;0;7;0;8.0;2.0;3.0;1.0;B02
10778;201500007405;1;7;0;0.0;2.0;1.0;1.0;Z02
10779;201500007405;0;7;0;0.0;2.0;8.0;1.0;A01
10780;201500007406;0;17;0;0.0;2.0;2.0;14.0;A01
10781;201500007406;0;17;0;0.0;2.0;6.0;23.0;B02
10782;201500007407;0;2;0;0.0;2.0;1.0;5.0;A01
10783;201500007407;0;7;0;0.0;2.0;1.0;1.0;B02
10784;201500007408;0;7;0;0.0;2.0;1.0;2.0;A01
10785;201500007408;0;7;0;0.0;2.0;4.0;2.0;B02
10786;201500007410;0;7;0;0.0;2.0;2.0;15.0;A01
10787;201500007410;0;7;0;0.0;2.0;3.0;1.0;B02
10788;201500007411;0;7;0;2.0;0.0;7.0;13.0;A01
10789;201500007412;0;7;0;0.0;2.0;8.0;11.0;A01
10790;201500007412;0;7;0;0.0;2.0;1.0;1.0;B02
10791;201500007413;0;7;0;6.0;0.0;2.0;1.0;A01
10792;201500007414;0;7;0;3.0;0.0;3.0;13.0;A01
10793;201500007415;0;33;0;0.0;2.0;1.0;21.0;A01
10794;201500007415;0;7;0;0.0;2.0;3.0;10.0;B02
10795;201500007416;0;7;0;0.0;2.0;2.0;1.0;A01
10796;201500007416;0;15;0;0.0;2.0;6.0;1.0;B02
10797;201500007417;0;38;1;0.0;2.0;2.0;1.0;B02
10798;201500007417;0;7;0;0.0;0.0;4.0;1.0;A01
10799;201500007418;0;33;0;0.0;2.0;1.0;1.0;A01
10800;201500007418;0;7;0;0.0;2.0;4.0;1.0;B02
10801;201500007419;0;7;0;0.0;2.0;1.0;13.0;A01
10802;201500007419;0;14;0;0.0;2.0;1.0;1.0;B02
10803;201500007420;0;7;0;0.0;2.0;2.0;21.0;A01
10804;201500007420;0;7;0;0.0;2.0;2.0;15.0;B02
10805;201500007421;0;7;0;4.0;2.0;3.0;1.0;A01
10806;201500007421;0;14;0;0.0;2.0;4.0;1.0;B02
10807;201500007422;0;33;0;7.0;0.0;1.0;16.0;A01
10808;201500007423;0;7;0;4.0;0.0;1.0;21.0;A01
10809;201500007424;0;7;0;2.0;6.0;3.0;1.0;A01
10810;201500007425;0;7;0;0.0;1.0;1.0;1.0;A01
10811;201500007426;0;17;0;0.0;0.0;5.0;2.0;C03
10812;201500007426;0;7;0;0.0;2.0;4.0;2.0;B02
10813;201500007426;0;7;0;0.0;2.0;1.0;2.0;A01
10814;201500007427;0;7;0;4.0;0.0;7.0;1.0;A01
10815;201500007428;0;7;0;6.0;0.0;2.0;14.0;A01
10816;201500007429;0;7;0;0.0;2.0;2.0;1.0;A01
10817;201500007429;0;14;0;0.0;0.0;6.0;1.0;B02
10818;201500007430;0;7;0;13.0;2.0;8.0;19.0;A01
10819;201500007430;0;7;0;13.0;2.0;1.0;1.0;B02
10820;201500007431;0;14;0;0.0;2.0;2.0;17.0;A01
10821;201500007431;0;1;0;0.0;2.0;3.0;15.0;B02
10822;201500007432;0;7;0;2.0;0.0;1.0;1.0;A01
10823;201500007433;0;7;0;13.0;0.0;1.0;1.0;A01
10824;201500007434;0;1;0;0.0;0.0;0.0;16.0;A01
10825;201500007435;0;31;0;0.0;2.0;1.0;1.0;A01
10826;201500007435;0;7;0;0.0;0.0;4.0;1.0;B02
10827;201500007436;0;7;0;0.0;2.0;2.0;1.0;A01
10828;201500007436;0;7;0;0.0;2.0;3.0;1.0;B02
10829;201500007437;0;7;0;0.0;2.0;2.0;15.0;A01
10830;201500007437;0;2;0;0.0;2.0;1.0;1.0;B02
10831;201500007438;0;10;0;0.0;2.0;1.0;15.0;A01
10832;201500007438;0;33;0;0.0;2.0;1.0;1.0;B02
10833;201500007440;0;7;0;0.0;2.0;2.0;1.0;B02
10834;201500007440;0;30;0;0.0;2.0;1.0;5.0;A01
10835;201500007441;0;10;0;2.0;0.0;1.0;5.0;A01
10836;201500007442;0;7;0;0.0;2.0;7.0;5.0;B02
10837;201500007442;0;33;0;0.0;2.0;7.0;5.0;A01
10838;201500007443;0;7;0;6.0;0.0;1.0;13.0;A01
10839;201500007444;0;7;0;0.0;2.0;3.0;13.0;A01
10840;201500007444;0;7;0;0.0;2.0;3.0;1.0;B02
10841;201500007445;0;10;0;0.0;0.0;0.0;18.0;A01
10842;201500007446;0;10;0;0.0;2.0;1.0;2.0;A01
10843;201500007446;0;17;0;0.0;2.0;0.0;2.0;B02
10844;201500007448;0;7;0;0.0;2.0;3.0;1.0;A01
10845;201500007448;0;7;0;0.0;2.0;3.0;1.0;B02
10846;201500007449;0;7;0;8.0;0.0;1.0;1.0;A01
10847;201500007450;0;17;0;0.0;2.0;2.0;1.0;A01
10848;201500007450;0;99;0;3.0;0.0;6.0;1.0;B02
10849;201500007450;0;7;0;0.0;2.0;6.0;1.0;C03
10850;201500007450;0;14;0;0.0;0.0;8.0;1.0;D04
10851;201500007451;0;7;0;0.0;2.0;8.0;19.0;A01
10852;201500007451;0;7;0;0.0;2.0;1.0;1.0;B02
10853;201500007452;0;7;0;0.0;2.0;2.0;19.0;A01
10854;201500007452;0;7;0;0.0;2.0;3.0;23.0;B02
10855;201500007452;0;31;0;0.0;2.0;1.0;1.0;C03
10856;201500007453;0;33;0;13.0;0.0;1.0;16.0;A01
10857;201500007454;0;7;0;0.0;0.0;1.0;1.0;B02
10858;201500007454;0;31;0;0.0;2.0;1.0;13.0;A01
10859;201500007455;0;10;0;0.0;0.0;6.0;1.0;B02
10860;201500007455;0;7;0;14.0;0.0;2.0;14.0;A01
10861;201500007456;0;10;0;2.0;0.0;1.0;13.0;A01
10862;201500007457;0;33;0;12.0;0.0;1.0;1.0;A01
10863;201500007458;0;7;0;0.0;1.0;2.0;1.0;A01
10864;201500007460;0;10;0;2.0;0.0;8.0;1.0;A01
10865;201500007461;0;7;0;0.0;0.0;9.0;0.0;A01
10866;201500007462;0;7;0;0.0;2.0;3.0;15.0;B02
10867;201500007462;0;33;0;0.0;2.0;1.0;17.0;A01
10868;201500007463;0;7;0;0.0;2.0;1.0;1.0;A01
10869;201500007463;0;7;0;0.0;2.0;8.0;19.0;B02
10870;201500007464;0;7;0;2.0;0.0;1.0;1.0;A01
10871;201500007466;0;7;0;0.0;2.0;3.0;1.0;B02
10872;201500007466;0;7;0;2.0;2.0;3.0;13.0;A01
10873;201500007467;0;7;0;0.0;2.0;1.0;1.0;B02
10874;201500007467;0;7;0;0.0;2.0;7.0;1.0;A01
10875;201500007468;0;33;0;13.0;0.0;1.0;0.0;A01
10876;201500007469;0;7;0;8.0;0.0;2.0;13.0;A01
10877;201500007470;0;33;0;0.0;2.0;1.0;1.0;A01
10878;201500007470;0;7;0;0.0;2.0;3.0;1.0;B02
10879;201500007471;0;7;0;0.0;0.0;3.0;0.0;B02
10880;201500007471;0;7;0;0.0;0.0;7.0;0.0;A01
10881;201500007472;1;10;0;1.0;0.0;3.0;1.0;A01
10882;201500007472;0;7;0;0.0;2.0;3.0;23.0;B02
10883;201500007473;0;17;0;13.0;0.0;2.0;1.0;A01
10884;201500007474;0;7;0;0.0;2.0;3.0;21.0;A01
10885;201500007474;0;7;0;0.0;2.0;3.0;5.0;B02
10886;201500007475;0;7;0;0.0;2.0;2.0;15.0;A01
10887;201500007475;0;7;0;0.0;2.0;8.0;1.0;B02
10888;201500007476;0;7;0;0.0;0.0;4.0;2.0;B02
10889;201500007476;0;33;0;0.0;2.0;1.0;2.0;A01
10890;201500007478;0;7;0;0.0;2.0;1.0;9.0;B02
10891;201500007478;0;32;0;0.0;2.0;8.0;1.0;A01
10892;201500007479;0;7;0;0.0;1.0;1.0;0.0;A01
10893;201500007480;0;7;0;0.0;0.0;3.0;1.0;C03
10894;201500007480;0;10;0;0.0;0.0;7.0;1.0;B02
10895;201500007480;0;7;0;0.0;2.0;1.0;1.0;A01
10896;201500007481;0;7;0;0.0;2.0;5.0;13.0;A01
10897;201500007481;0;7;0;0.0;2.0;1.0;1.0;B02
10898;201500007482;0;7;0;0.0;2.0;2.0;13.0;A01
10899;201500007482;0;7;0;0.0;2.0;1.0;1.0;B02
10900;201500007483;0;7;0;0.0;2.0;1.0;13.0;A01
10901;201500007483;0;7;0;0.0;2.0;1.0;1.0;B02
10902;201500007485;0;7;0;0.0;2.0;2.0;2.0;A01
10903;201500007485;0;7;0;0.0;2.0;6.0;2.0;B02
10904;201500007486;0;33;0;0.0;2.0;1.0;1.0;B02
10905;201500007486;0;7;0;0.0;0.0;8.0;15.0;A01
10906;201500007487;0;7;0;0.0;2.0;8.0;21.0;C03
10907;201500007487;0;7;0;0.0;2.0;8.0;21.0;D04
10908;201500007487;0;7;0;0.0;2.0;7.0;13.0;B02
10909;201500007487;0;7;0;0.0;2.0;7.0;23.0;A01
10910;201500007488;0;7;0;0.0;2.0;1.0;1.0;B02
10911;201500007488;0;7;0;0.0;2.0;2.0;13.0;A01
10912;201500007489;0;7;0;0.0;2.0;1.0;17.0;A01
10913;201500007489;0;7;0;0.0;2.0;1.0;1.0;B02
10914;201500007490;0;7;0;10.0;0.0;2.0;1.0;A01
10915;201500007491;0;7;0;0.0;1.0;1.0;1.0;A01
10916;201500007493;0;7;0;0.0;2.0;1.0;1.0;A01
10917;201500007493;0;2;0;0.0;2.0;1.0;13.0;B02
10918;201500007494;0;14;0;0.0;2.0;8.0;15.0;B02
10919;201500007494;0;33;0;0.0;2.0;1.0;1.0;A01
10920;201500007495;0;10;0;0.0;2.0;6.0;15.0;B02
10921;201500007495;0;33;0;0.0;2.0;1.0;17.0;A01
10922;201500007496;0;37;0;0.0;0.0;3.0;1.0;B02
10923;201500007496;0;7;0;0.0;0.0;3.0;1.0;A01
10924;201500007497;0;7;0;0.0;0.0;2.0;16.0;B02
10925;201500007497;0;33;0;0.0;0.0;1.0;18.0;A01
10926;201500007498;0;7;0;1.0;0.0;1.0;14.0;A01
10927;201500007498;0;7;0;0.0;2.0;1.0;24.0;B02
10928;201500007498;0;7;0;0.0;2.0;3.0;23.0;C03
10929;201500007499;0;7;0;0.0;0.0;5.0;1.0;C03
10930;201500007499;0;7;0;0.0;0.0;4.0;1.0;B02
10931;201500007499;0;7;0;0.0;2.0;1.0;9.0;A01
10932;201500007500;0;7;0;0.0;0.0;2.0;15.0;A01
10933;201500007500;0;34;0;0.0;2.0;1.0;1.0;B02
10934;201500007501;0;33;0;0.0;0.0;1.0;17.0;A01
10935;201500007501;0;7;0;0.0;0.0;6.0;15.0;B02
10936;201500007502;0;7;0;6.0;0.0;1.0;17.0;A01
10937;201500007503;0;7;0;13.0;0.0;1.0;17.0;A01
10938;201500007504;0;7;0;13.0;0.0;2.0;1.0;A01
10939;201500007505;0;14;0;0.0;0.0;4.0;15.0;B02
10940;201500007505;0;7;0;0.0;2.0;1.0;17.0;A01
10941;201500007506;0;7;0;13.0;0.0;7.0;1.0;A01
10942;201500007507;0;7;0;0.0;2.0;3.0;1.0;B02
10943;201500007507;0;7;0;0.0;2.0;3.0;13.0;A01
10944;201500007507;0;7;0;0.0;2.0;8.0;1.0;C03
10945;201500007508;0;10;0;0.0;2.0;5.0;1.0;B02
10946;201500007508;0;33;0;0.0;2.0;1.0;1.0;A01
10947;201500007509;0;7;0;0.0;0.0;1.0;1.0;A01
10948;201500007510;0;99;0;0.0;2.0;3.0;0.0;B02
10949;201500007510;0;7;0;0.0;2.0;3.0;13.0;A01
10950;201500007511;0;7;0;13.0;0.0;2.0;1.0;A01
10951;201500007512;0;7;0;0.0;2.0;8.0;13.0;A01
10952;201500007512;0;7;0;0.0;2.0;7.0;17.0;B02
10953;201500007513;0;34;0;2.0;0.0;1.0;1.0;A01
10954;201500007515;0;7;0;2.0;0.0;1.0;1.0;A01
10955;201500007516;0;7;0;0.0;2.0;7.0;15.0;A01
10956;201500007516;0;33;0;0.0;2.0;1.0;1.0;B02
10957;201500007517;0;10;0;0.0;2.0;3.0;23.0;A01
10958;201500007517;0;7;0;6.0;2.0;3.0;1.0;B02
10959;201500007518;0;10;0;0.0;0.0;7.0;20.0;A01
10960;201500007518;0;32;0;0.0;0.0;1.0;1.0;B02
10961;201500007519;0;10;0;0.0;2.0;1.0;1.0;B02
10962;201500007519;0;7;0;0.0;2.0;2.0;15.0;A01
10963;201500007520;0;7;0;0.0;1.0;1.0;1.0;A01
10964;201500007521;0;7;0;0.0;2.0;1.0;1.0;B02
10965;201500007521;0;7;0;0.0;0.0;7.0;19.0;A01
10966;201500007523;0;31;0;0.0;2.0;3.0;1.0;B02
10967;201500007523;0;7;0;0.0;2.0;1.0;19.0;A01
10968;201500007524;0;10;0;0.0;2.0;3.0;13.0;A01
10969;201500007524;0;33;0;0.0;2.0;1.0;1.0;B02
10970;201500007525;0;7;0;0.0;2.0;6.0;15.0;B02
10971;201500007525;0;34;0;0.0;2.0;1.0;17.0;A01
10972;201500007526;0;7;0;13.0;0.0;1.0;13.0;A01
10973;201500007527;0;7;0;0.0;0.0;2.0;1.0;A01
10974;201500007528;0;7;0;0.0;0.0;3.0;1.0;A01
10975;201500007529;0;33;0;0.0;0.0;1.0;17.0;A01
10976;201500007530;0;3;0;0.0;2.0;1.0;1.0;B02
10977;201500007530;0;10;0;0.0;2.0;1.0;1.0;A01
10978;201500007531;0;31;0;0.0;0.0;8.0;1.0;A01
10979;201500007532;0;7;0;0.0;9.0;2.0;1.0;A01
10980;201500007532;0;1;0;0.0;2.0;7.0;1.0;B02
10981;201500007533;0;7;0;0.0;2.0;3.0;15.0;B02
10982;201500007533;0;32;0;0.0;0.0;3.0;1.0;A01
10983;201500007534;0;33;0;0.0;0.0;0.0;1.0;A01
10984;201500007535;0;7;0;13.0;0.0;1.0;1.0;A01
10985;201500007536;0;1;0;0.0;0.0;6.0;2.0;B02
10986;201500007536;0;7;0;0.0;2.0;2.0;2.0;A01
10987;201500007537;0;33;0;0.0;2.0;1.0;1.0;B02
10988;201500007537;0;14;0;0.0;2.0;3.0;15.0;A01
10989;201500007538;0;7;0;13.0;0.0;9.0;1.0;A01
10990;201500007539;0;7;0;0.0;0.0;1.0;1.0;B02
10991;201500007539;0;7;0;0.0;0.0;8.0;15.0;A01
10992;201500007540;0;7;0;0.0;0.0;1.0;1.0;B02
10993;201500007540;0;7;0;0.0;0.0;1.0;13.0;A01
10994;201500007541;0;10;0;2.0;0.0;3.0;1.0;A01
10995;201500007542;0;14;0;0.0;2.0;3.0;1.0;A01
10996;201500007542;0;10;0;0.0;2.0;3.0;13.0;B02
10997;201500007543;0;7;0;2.0;2.0;3.0;13.0;A01
10998;201500007543;0;10;0;0.0;2.0;6.0;1.0;B02
10999;201500007544;0;7;0;0.0;0.0;9.0;0.0;A01
11000;201500007545;0;10;0;16.0;0.0;9.0;14.0;A01
11001;201500007546;0;7;0;0.0;2.0;1.0;1.0;A01
11002;201500007546;0;10;0;0.0;2.0;8.0;19.0;B02
11003;201500007547;0;7;0;0.0;9.0;5.0;15.0;A01
11004;201500007547;0;1;0;0.0;2.0;1.0;1.0;B02
11005;201500007548;0;10;0;0.0;2.0;1.0;1.0;A01
11006;201500007548;0;1;0;0.0;2.0;4.0;1.0;B02
11007;201500007549;0;7;0;0.0;2.0;4.0;15.0;B02
11008;201500007549;0;17;0;0.0;2.0;1.0;21.0;A01
11009;201500007550;0;10;0;0.0;2.0;3.0;19.0;B02
11010;201500007550;0;17;0;0.0;2.0;3.0;1.0;A01
11011;201500007551;0;7;0;2.0;0.0;1.0;14.0;A01
11012;201500007552;0;33;0;0.0;2.0;8.0;1.0;A01
11013;201500007552;0;1;0;0.0;0.0;4.0;1.0;B02
11014;201500007553;0;31;0;4.0;2.0;1.0;1.0;A01
11015;201500007553;0;7;0;0.0;2.0;1.0;1.0;B02
11016;201500007554;0;7;0;0.0;2.0;1.0;13.0;A01
11017;201500007554;0;7;0;0.0;2.0;1.0;1.0;B02
11018;201500007555;0;33;0;3.0;0.0;1.0;13.0;A01
11019;201500007556;0;33;0;13.0;0.0;2.0;1.0;A01
11020;201500007557;0;7;0;0.0;2.0;8.0;15.0;A01
11021;201500007557;0;33;0;0.0;2.0;1.0;17.0;B02
11022;201500007558;0;2;0;3.0;0.0;7.0;1.0;A01
11023;201500007559;0;33;0;0.0;2.0;1.0;1.0;B02
11024;201500007559;0;7;0;13.0;2.0;1.0;1.0;A01
11025;201500007560;0;33;0;0.0;2.0;1.0;2.0;A01
11026;201500007560;0;7;0;0.0;2.0;6.0;15.0;B02
11027;201500007561;0;33;0;4.0;0.0;1.0;1.0;A01
11028;201500007562;0;1;0;0.0;2.0;8.0;1.0;C03
11029;201500007562;0;7;0;0.0;2.0;1.0;1.0;B02
11030;201500007562;0;1;0;0.0;2.0;8.0;1.0;D04
11031;201500007562;0;33;0;0.0;2.0;1.0;1.0;A01
11032;201500007563;0;7;0;0.0;0.0;2.0;13.0;A01
11033;201500007563;0;33;0;0.0;0.0;8.0;1.0;B02
11034;201500007564;0;7;0;0.0;2.0;2.0;17.0;A01
11035;201500007564;0;7;0;0.0;2.0;3.0;15.0;B02
11036;201500007565;0;33;0;13.0;0.0;7.0;1.0;B02
11037;201500007565;0;33;0;13.0;0.0;7.0;1.0;A01
11038;201500007566;0;31;0;0.0;2.0;1.0;1.0;A01
11039;201500007566;0;3;0;0.0;2.0;2.0;1.0;B02
11040;201500007568;0;33;0;7.0;0.0;1.0;1.0;A01
11041;201500007569;0;7;0;0.0;2.0;1.0;19.0;A01
11042;201500007569;0;7;0;0.0;2.0;6.0;1.0;B02
11043;201500007570;0;10;0;0.0;0.0;0.0;1.0;A01
11044;201500007571;0;33;0;0.0;2.0;1.0;1.0;B02
11045;201500007571;0;7;0;0.0;2.0;2.0;15.0;A01
11046;201500007573;0;7;0;0.0;1.0;4.0;4.0;A01
11047;201500007574;0;7;0;13.0;0.0;1.0;1.0;A01
11048;201500007576;0;2;0;0.0;2.0;1.0;1.0;A01
11049;201500007576;0;38;0;0.0;2.0;4.0;1.0;B02
11050;201500007578;1;7;0;0.0;2.0;3.0;13.0;A01
11051;201500007578;0;31;0;0.0;2.0;8.0;1.0;B02
11052;201500007579;0;7;0;0.0;2.0;3.0;16.0;A01
11053;201500007579;0;33;0;0.0;2.0;3.0;15.0;B02
11054;201500007580;0;2;0;13.0;0.0;9.0;1.0;A01
11055;201500007581;0;7;0;0.0;1.0;3.0;1.0;A01
11056;201500007582;0;33;0;0.0;2.0;7.0;1.0;A01
11057;201500007582;0;7;0;0.0;2.0;8.0;19.0;B02
11058;201500007583;0;7;0;2.0;0.0;7.0;1.0;A01
11059;201500007584;0;2;0;0.0;2.0;3.0;1.0;A01
11060;201500007584;0;7;0;0.0;2.0;3.0;1.0;B02
11061;201500007585;0;7;0;0.0;2.0;1.0;1.0;A01
11062;201500007585;0;10;0;0.0;2.0;3.0;1.0;B02
11063;201500007586;0;7;0;0.0;2.0;3.0;1.0;B02
11064;201500007586;0;33;0;0.0;2.0;1.0;13.0;A01
11065;201500007587;0;2;0;16.0;0.0;1.0;1.0;A01
11066;201500007589;0;7;0;9.0;0.0;1.0;14.0;A01
11067;201500007590;0;7;0;0.0;2.0;8.0;9.0;B02
11068;201500007590;0;7;0;0.0;2.0;3.0;1.0;C03
11069;201500007590;0;34;0;0.0;2.0;1.0;1.0;A01
11070;201500007591;0;33;0;0.0;2.0;1.0;1.0;B02
11071;201500007591;0;7;0;0.0;2.0;2.0;19.0;A01
11072;201500007592;0;7;0;0.0;2.0;3.0;1.0;B02
11073;201500007592;0;2;0;0.0;2.0;1.0;13.0;A01
11074;201500007593;0;7;0;0.0;2.0;3.0;19.0;A01
11075;201500007593;0;33;0;0.0;2.0;1.0;17.0;B02
11076;201500007595;0;33;0;0.0;2.0;1.0;17.0;A01
11077;201500007595;0;7;0;0.0;2.0;1.0;1.0;C03
11078;201500007595;0;10;0;0.0;2.0;3.0;1.0;B02
11079;201500007596;0;33;0;0.0;2.0;1.0;1.0;B02
11080;201500007596;0;7;0;0.0;2.0;3.0;19.0;A01
11081;201500007598;0;10;0;0.0;2.0;5.0;15.0;B02
11082;201500007598;0;7;0;0.0;2.0;1.0;1.0;C03
11083;201500007598;0;15;0;0.0;2.0;3.0;1.0;A01
11084;201500007598;0;7;0;0.0;2.0;1.0;1.0;D04
11085;201500007599;0;33;0;0.0;2.0;1.0;17.0;B02
11086;201500007599;0;15;0;0.0;2.0;8.0;15.0;A01
11087;201500007600;0;7;0;0.0;1.0;1.0;1.0;A01
11088;201500007601;0;7;0;0.0;9.0;1.0;1.0;A01
11089;201500007602;0;14;0;0.0;2.0;2.0;1.0;B02
11090;201500007602;0;7;0;10.0;2.0;8.0;15.0;A01
11091;201500007603;0;7;0;0.0;2.0;1.0;0.0;A01
11092;201500007603;0;7;0;0.0;2.0;8.0;0.0;B02
11093;201500007604;0;7;0;2.0;0.0;2.0;1.0;A01
11094;201500007605;0;15;0;0.0;2.0;2.0;1.0;A01
11095;201500007605;0;7;0;0.0;0.0;8.0;16.0;B02
11096;201500007606;0;10;0;0.0;2.0;4.0;21.0;B02
11097;201500007606;0;7;0;0.0;2.0;1.0;19.0;A01
11098;201500007606;0;7;0;0.0;2.0;1.0;19.0;C03
11099;201500007607;0;7;0;0.0;2.0;2.0;15.0;A01
11100;201500007607;0;33;0;0.0;2.0;1.0;1.0;B02
11101;201500007609;0;10;0;0.0;2.0;6.0;1.0;C03
11102;201500007609;0;7;0;0.0;2.0;1.0;1.0;B02
11103;201500007609;0;10;0;0.0;2.0;1.0;1.0;A01
11104;201500007610;0;10;0;0.0;1.0;1.0;19.0;A01
11105;201500007613;0;7;0;0.0;0.0;3.0;9.0;B02
11106;201500007613;0;30;0;0.0;2.0;2.0;1.0;A01
11107;201500007614;0;31;0;0.0;2.0;1.0;1.0;A01
11108;201500007614;0;7;0;0.0;2.0;2.0;23.0;B02
11109;201500007615;0;17;0;0.0;0.0;6.0;1.0;B02
11110;201500007615;0;10;0;0.0;2.0;2.0;2.0;A01
11111;201500007619;0;33;0;13.0;0.0;1.0;14.0;A01
11112;201500007620;0;31;0;0.0;0.0;3.0;1.0;A01
11113;201500007621;0;7;0;0.0;2.0;1.0;13.0;A01
11114;201500007621;0;7;0;0.0;2.0;7.0;1.0;B02
11115;201500007621;0;7;0;0.0;2.0;1.0;1.0;C03
11116;201500007621;0;7;0;0.0;2.0;6.0;1.0;D04
11117;201500007622;0;7;0;0.0;2.0;9.0;17.0;A01
11118;201500007622;0;7;0;0.0;2.0;8.0;13.0;B02
11119;201500007623;0;7;0;0.0;2.0;8.0;9.0;A01
11120;201500007623;0;33;0;0.0;2.0;1.0;1.0;B02
11121;201500007624;0;7;0;0.0;2.0;1.0;0.0;C03
11122;201500007624;0;7;0;0.0;0.0;3.0;1.0;A01
11123;201500007624;0;7;0;0.0;2.0;8.0;0.0;B02
11124;201500007625;0;33;0;0.0;0.0;8.0;1.0;A01
11125;201500007626;0;7;0;0.0;2.0;1.0;1.0;A01
11126;201500007626;0;7;0;0.0;2.0;1.0;1.0;B02
11127;201500007627;0;7;0;13.0;0.0;9.0;1.0;A01
11128;201500007628;0;7;0;0.0;2.0;1.0;1.0;B02
11129;201500007628;0;33;0;0.0;2.0;1.0;1.0;A01
11130;201500007629;0;7;0;0.0;2.0;3.0;11.0;A01
11131;201500007629;0;38;0;0.0;2.0;3.0;1.0;B02
11132;201500007629;0;7;0;0.0;2.0;1.0;1.0;C03
11133;201500007631;0;15;0;0.0;2.0;3.0;21.0;B02
11134;201500007631;0;7;0;0.0;2.0;7.0;13.0;A01
11135;201500007632;0;7;0;2.0;0.0;2.0;14.0;A01
11136;201500007633;0;7;0;0.0;2.0;1.0;1.0;B02
11137;201500007633;0;7;0;0.0;2.0;8.0;13.0;A01
11138;201500007633;0;7;0;0.0;2.0;1.0;24.0;C03
11139;201500007634;0;7;0;0.0;2.0;1.0;15.0;A01
11140;201500007634;0;33;0;0.0;2.0;1.0;1.0;B02
11141;201500007635;0;7;0;0.0;2.0;3.0;13.0;A01
11142;201500007635;0;10;0;0.0;2.0;3.0;0.0;B02
11143;201500007636;0;1;0;0.0;2.0;3.0;1.0;B02
11144;201500007636;0;10;0;0.0;2.0;7.0;1.0;A01