;Num_Acc;senc;catv;occutc;obs;obsm;choc;manv;num_veh
11145;201500007637;0;7;0;0.0;2.0;1.0;1.0;B02
11146;201500007637;0;7;0;0.0;2.0;9.0;15.0;A01
11147;201500007637;0;7;0;0.0;2.0;1.0;1.0;C03
11148;201500007638;0;33;0;0.0;2.0;1.0;17.0;A01
11149;201500007638;0;7;0;0.0;2.0;1.0;13.0;B02
11150;201500007639;0;33;0;0.0;2.0;1.0;13.0;A01
11151;201500007639;0;7;0;0.0;2.0;1.0;1.0;B02
11152;201500007640;0;1;0;0.0;0.0;8.0;13.0;A01
11153;201500007640;0;7;0;0.0;2.0;6.0;1.0;B02
11154;201500007641;0;7;0;0.0;2.0;3.0;17.0;A01
11155;201500007641;0;33;0;0.0;2.0;1.0;1.0;B02
11156;201500007641;0;7;0;0.0;9.0;3.0;1.0;C03
11157;201500007642;0;33;0;0.0;2.0;4.0;2.0;C03
11158;201500007642;0;7;0;0.0;2.0;4.0;2.0;B02
11159;201500007642;0;33;0;0.0;2.0;1.0;2.0;A01
11160;201500007642;0;33;0;0.0;2.0;4.0;2.0;D04
11161;201500007643;0;1;0;0.0;0.0;0.0;13.0;A01
11162;201500007643;0;7;0;0.0;9.0;0.0;0.0;B02
11163;201500007644;0;7;0;0.0;0.0;2.0;1.0;A01
11164;201500007645;0;7;0;0.0;2.0;2.0;13.0;A01
11165;201500007645;0;33;0;0.0;2.0;1.0;9.0;B02
11166;201500007646;0;7;0;8.0;0.0;1.0;13.0;A01
11167;201500007648;0;7;0;0.0;2.0;1.0;1.0;B02
11168;201500007648;0;7;0;0.0;2.0;1.0;13.0;A01
11169;201500007649;0;33;0;0.0;0.0;8.0;2.0;A01
11170;201500007650;0;7;0;0.0;2.0;8.0;13.0;A01
11171;201500007650;0;7;0;0.0;2.0;8.0;1.0;B02
11172;201500007651;0;10;0;0.0;1.0;4.0;4.0;A01
11173;201500007652;0;7;0;0.0;2.0;3.0;1.0;A01
11174;201500007652;0;7;0;0.0;2.0;3.0;1.0;B02
11175;201500007653;0;33;0;0.0;0.0;1.0;0.0;A01
11176;201500007654;0;33;0;13.0;0.0;8.0;1.0;A01
11177;201500007655;0;10;0;2.0;0.0;1.0;1.0;A01
11178;201500007656;0;33;0;15.0;0.0;8.0;14.0;A01
11179;201500007657;0;33;0;0.0;0.0;7.0;1.0;A01
11180;201500007658;0;7;0;0.0;2.0;4.0;23.0;A01
11181;201500007658;0;7;0;0.0;2.0;1.0;2.0;B02
11182;201500007659;0;33;0;0.0;0.0;1.0;13.0;A01
11183;201500007659;0;7;0;0.0;0.0;3.0;1.0;B02
11184;201500007660;0;33;0;0.0;2.0;1.0;2.0;A01
11185;201500007660;0;7;0;0.0;2.0;6.0;1.0;B02
11186;201500007661;0;33;0;0.0;0.0;0.0;19.0;A01
11187;201500007662;0;33;0;3.0;0.0;7.0;1.0;A01
11188;201500007663;0;33;0;2.0;0.0;7.0;1.0;A01
11189;201500007664;0;7;0;2.0;0.0;9.0;1.0;A01
11190;201500007666;0;7;0;16.0;0.0;9.0;19.0;A01
11191;201500007667;0;10;0;6.0;0.0;3.0;1.0;A01
11192;201500007668;0;10;0;13.0;0.0;1.0;17.0;A01
11193;201500007669;0;7;0;16.0;0.0;2.0;1.0;A01
11194;201500007670;0;7;0;0.0;2.0;8.0;1.0;A01
11195;201500007670;0;33;0;0.0;2.0;3.0;1.0;B02
11196;201500007671;0;33;0;0.0;0.0;7.0;1.0;A01
11197;201500007672;0;30;0;2.0;0.0;1.0;1.0;A01
11198;201500007673;0;33;0;4.0;0.0;1.0;1.0;A01
11199;201500007674;0;7;0;0.0;0.0;5.0;0.0;B02
11200;201500007674;0;33;0;0.0;2.0;1.0;2.0;A01
11201;201500007675;0;33;0;16.0;0.0;0.0;1.0;A01
11202;201500007676;0;33;0;0.0;0.0;3.0;1.0;A01
11203;201500007677;0;10;0;1.0;1.0;3.0;1.0;A01
11204;201500007678;0;7;0;0.0;2.0;2.0;13.0;A01
11205;201500007678;0;33;0;0.0;2.0;6.0;0.0;B02
11206;201500007679;0;10;0;13.0;0.0;1.0;1.0;A01
11207;201500007681;0;7;0;0.0;0.0;9.0;1.0;A01
11208;201500007682;0;1;0;0.0;0.0;4.0;1.0;B02
11209;201500007682;0;7;0;0.0;2.0;2.0;2.0;A01
11210;201500007683;0;7;0;0.0;2.0;1.0;1.0;A01
11211;201500007683;0;7;0;0.0;2.0;2.0;15.0;B02
11212;201500007684;0;7;0;13.0;0.0;1.0;1.0;A01
11213;201500007688;0;33;0;0.0;2.0;1.0;2.0;A01
11214;201500007688;0;10;0;0.0;0.0;6.0;23.0;B02
11215;201500007689;0;33;0;0.0;2.0;1.0;1.0;A01
11216;201500007689;0;7;0;0.0;2.0;3.0;1.0;B02
11217;201500007690;0;34;0;0.0;2.0;1.0;2.0;A01
11218;201500007690;0;7;0;0.0;2.0;6.0;2.0;B02
11219;201500007691;0;33;0;0.0;0.0;0.0;1.0;A01
11220;201500007692;0;33;0;0.0;2.0;1.0;1.0;B02
11221;201500007692;0;7;0;0.0;2.0;6.0;19.0;A01
11222;201500007693;0;33;0;0.0;0.0;3.0;1.0;A01
11223;201500007694;0;7;0;2.0;0.0;1.0;13.0;A01
11224;201500007695;0;7;0;0.0;2.0;3.0;2.0;B02
11225;201500007695;0;10;0;0.0;2.0;1.0;2.0;C03
11226;201500007695;0;7;0;0.0;2.0;3.0;13.0;A01
11227;201500007696;0;7;0;0.0;2.0;6.0;2.0;B02
11228;201500007696;0;7;0;0.0;2.0;1.0;2.0;A01
11229;201500007697;0;7;0;2.0;0.0;1.0;14.0;A01
11230;201500007698;0;7;0;13.0;9.0;1.0;13.0;A01
11231;201500007699;0;33;0;;2.0;0.0;1.0;B02
11232;201500007699;0;10;0;0.0;2.0;1.0;1.0;A01
11233;201500007700;0;7;0;0.0;2.0;3.0;13.0;A01
11234;201500007700;0;7;0;0.0;2.0;3.0;1.0;B02
11235;201500007700;0;7;0;0.0;2.0;3.0;1.0;C03
11236;201500007701;0;33;0;2.0;0.0;1.0;1.0;A01
11237;201500007702;0;7;0;0.0;2.0;2.0;19.0;A01
11238;201500007702;0;7;0;0.0;2.0;3.0;1.0;B02
11239;201500007703;0;1;0;0.0;2.0;3.0;1.0;B02
11240;201500007703;0;7;0;0.0;2.0;3.0;1.0;A01
11241;201500007704;0;33;0;0.0;0.0;0.0;2.0;A01
11242;201500007706;0;7;0;0.0;0.0;8.0;10.0;A01
11243;201500007706;0;33;0;0.0;0.0;1.0;2.0;B02
11244;201500007707;0;7;0;0.0;2.0;3.0;13.0;A01
11245;201500007707;0;7;0;0.0;2.0;3.0;1.0;B02
11246;201500007708;0;30;0;0.0;2.0;1.0;5.0;A01
11247;201500007708;0;10;0;0.0;2.0;1.0;1.0;B02
11248;201500007709;0;7;0;0.0;1.0;3.0;1.0;A01
11249;201500007710;0;7;0;0.0;1.0;1.0;1.0;A01
11250;201500007711;0;33;0;8.0;0.0;1.0;1.0;A01
11251;201500007712;0;7;0;0.0;2.0;7.0;16.0;A01
11252;201500007712;0;30;0;0.0;2.0;8.0;0.0;B02
11253;201500007713;0;7;0;0.0;2.0;1.0;1.0;A01
11254;201500007713;0;7;0;0.0;2.0;3.0;15.0;B02
11255;201500007713;0;7;0;0.0;2.0;8.0;2.0;C03
11256;201500007713;0;7;0;0.0;2.0;6.0;2.0;D04
11257;201500007714;0;7;0;0.0;0.0;8.0;15.0;B02
11258;201500007714;0;33;0;13.0;2.0;1.0;17.0;A01
11259;201500007715;0;7;0;0.0;2.0;3.0;13.0;A01
11260;201500007715;0;7;0;0.0;2.0;3.0;1.0;B02
11261;201500007716;0;7;0;0.0;1.0;2.0;1.0;A01
11262;201500007717;0;7;0;13.0;0.0;1.0;13.0;A01
11263;201500007718;0;33;0;14.0;0.0;0.0;1.0;A01
11264;201500007719;0;7;0;0.0;2.0;3.0;1.0;A01
11265;201500007719;0;7;0;0.0;2.0;3.0;13.0;B02
11266;201500007720;0;7;0;0.0;2.0;1.0;6.0;A01
11267;201500007720;0;7;0;8.0;;1.0;1.0;B02
11268;201500007721;0;7;0;0.0;;1.0;1.0;B02
11269;201500007721;0;7;0;0.0;2.0;2.0;15.0;A01
11270;201500007722;0;1;0;0.0;2.0;8.0;2.0;B02
11271;201500007722;0;7;0;0.0;2.0;7.0;17.0;A01
11272;201500007723;0;7;0;0.0;1.0;1.0;1.0;A01
11273;201500007724;0;7;0;0.0;1.0;1.0;1.0;A01
11274;201500007726;0;33;0;7.0;0.0;8.0;1.0;A01
11275;201500007727;0;33;0;0.0;2.0;1.0;1.0;A01
11276;201500007727;0;7;0;0.0;;3.0;9.0;B02
11277;201500007729;0;10;0;0.0;1.0;1.0;1.0;A01
11278;201500007730;0;33;0;0.0;0.0;1.0;2.0;A01
11279;201500007731;0;33;0;0.0;6.0;1.0;1.0;A01
11280;201500007732;0;7;0;13.0;2.0;2.0;14.0;A01
11281;201500007732;0;7;0;0.0;;7.0;21.0;B02
11282;201500007733;0;31;0;0.0;1.0;1.0;2.0;A01
11283;201500007734;0;33;0;0.0;;4.0;1.0;A01
11284;201500007734;0;10;0;0.0;2.0;1.0;1.0;B02
11285;201500007735;0;34;0;0.0;2.0;2.0;17.0;A01
11286;201500007735;0;7;0;0.0;2.0;3.0;15.0;B02
11287;201500007736;0;7;0;0.0;2.0;1.0;13.0;A01
11288;201500007736;0;7;0;0.0;;3.0;1.0;B02
11289;201500007737;0;7;0;13.0;0.0;1.0;1.0;A01
11290;201500007738;0;7;0;13.0;0.0;1.0;1.0;A01
11291;201500007739;0;33;0;16.0;0.0;1.0;13.0;A01
11292;201500007740;0;7;0;0.0;;8.0;15.0;B02
11293;201500007740;0;31;0;0.0;2.0;2.0;17.0;A01
11294;201500007743;0;7;0;0.0;2.0;8.0;13.0;A01
11295;201500007743;0;7;0;0.0;;7.0;1.0;D04
11296;201500007743;0;10;0;0.0;;7.0;1.0;C03
11297;201500007743;0;7;0;0.0;;8.0;1.0;B02
11298;201500007744;0;7;0;0.0;2.0;5.0;13.0;A01
11299;201500007744;0;7;0;0.0;;1.0;1.0;B02
11300;201500007746;0;2;0;0.0;2.0;1.0;1.0;B02
11301;201500007746;0;7;0;0.0;2.0;3.0;17.0;A01
11302;201500007748;0;7;0;0.0;2.0;3.0;13.0;A01
11303;201500007748;0;7;0;0.0;;1.0;1.0;B02
11304;201500007749;0;7;0;0.0;2.0;1.0;1.0;B02
11305;201500007749;0;35;0;0.0;2.0;6.0;13.0;A01
11306;201500007750;0;7;0;6.0;0.0;1.0;0.0;A01
11307;201500007751;0;7;0;0.0;;3.0;2.0;B02
11308;201500007751;0;7;0;0.0;2.0;3.0;13.0;A01
11309;201500007752;2;7;0;2.0;0.0;1.0;1.0;A01
11310;201500007753;0;33;0;0.0;2.0;3.0;17.0;A01
11311;201500007753;0;10;0;0.0;;5.0;15.0;B02
11312;201500007754;0;33;0;0.0;2.0;1.0;17.0;A01
11313;201500007754;0;7;0;0.0;;3.0;1.0;B02
11314;201500007755;0;7;0;0.0;;6.0;2.0;B01
11315;201500007755;0;7;0;0.0;2.0;2.0;2.0;A02
11316;201500007756;0;36;0;0.0;0.0;7.0;15.0;A01
11317;201500007757;0;33;0;0.0;2.0;1.0;1.0;A01
11318;201500007757;0;33;0;0.0;;4.0;1.0;B02
11319;201500007758;0;36;0;0.0;0.0;1.0;1.0;A01
11320;201500007759;0;7;0;2.0;0.0;7.0;13.0;A01
11321;201500007760;0;7;0;16.0;0.0;1.0;1.0;A01
11322;201500007761;0;33;0;0.0;2.0;1.0;13.0;A01
11323;201500007761;0;7;0;0.0;2.0;2.0;1.0;B02
11324;201500007762;2;3;0;0.0;1.0;2.0;1.0;A01
11325;201500007763;0;10;0;0.0;1.0;1.0;1.0;A01
11326;201500007764;0;7;0;0.0;2.0;3.0;1.0;B02
11327;201500007764;0;33;0;0.0;2.0;1.0;13.0;A01
11328;201500007765;0;33;0;13.0;0.0;1.0;1.0;A01
11329;201500007766;0;1;0;0.0;0.0;0.0;1.0;A01
11330;201500007767;0;30;0;0.0;0.0;7.0;1.0;A01
11331;201500007768;0;7;0;0.0;2.0;3.0;13.0;A01
11332;201500007768;0;7;0;0.0;;3.0;1.0;B02
11333;201500007769;0;7;0;3.0;0.0;2.0;1.0;A01
11334;201500007771;0;33;0;13.0;0.0;2.0;1.0;A01
11335;201500007772;0;7;0;0.0;2.0;2.0;17.0;A01
11336;201500007772;0;1;0;0.0;;8.0;1.0;B02
11337;201500007774;0;7;0;13.0;0.0;1.0;1.0;A01
11338;201500007775;0;7;0;13.0;0.0;9.0;14.0;A01
11339;201500007776;0;14;0;0.0;;1.0;1.0;A01
11340;201500007776;0;7;0;0.0;2.0;1.0;13.0;B02
11341;201500007778;0;7;0;0.0;2.0;3.0;1.0;C03
11342;201500007778;0;7;0;0.0;2.0;1.0;2.0;B02
11343;201500007778;0;7;0;0.0;0.0;4.0;1.0;A01
11344;201500007779;0;7;0;0.0;0.0;6.0;15.0;B02
11345;201500007779;0;32;0;0.0;0.0;1.0;17.0;A01
11346;201500007780;0;1;0;0.0;2.0;1.0;5.0;A01
11347;201500007780;0;7;0;0.0;2.0;3.0;1.0;B02
11348;201500007781;0;7;0;13.0;0.0;7.0;19.0;A01
11349;201500007782;0;7;0;2.0;0.0;1.0;1.0;A01
11350;201500007783;0;10;0;2.0;0.0;1.0;1.0;A01
11351;201500007785;0;33;0;0.0;2.0;1.0;13.0;A01
11352;201500007785;0;7;0;0.0;2.0;1.0;1.0;B02
11353;201500007786;0;7;0;8.0;0.0;1.0;1.0;A01
11354;201500007788;0;14;0;0.0;0.0;2.0;1.0;A01
11355;201500007789;0;33;0;0.0;2.0;1.0;13.0;B02
11356;201500007789;0;7;0;0.0;2.0;1.0;1.0;A01
11357;201500007790;0;33;0;0.0;0.0;0.0;1.0;A01
11358;201500007791;0;30;0;0.0;2.0;2.0;13.0;A01
11359;201500007791;0;7;0;0.0;2.0;1.0;1.0;B02
11360;201500007793;0;7;0;0.0;2.0;3.0;1.0;A01
11361;201500007793;0;7;0;0.0;2.0;3.0;1.0;B02
11362;201500007794;0;7;0;0.0;2.0;1.0;1.0;B02
11363;201500007794;0;7;0;0.0;2.0;1.0;5.0;A01
11364;201500007795;0;1;0;0.0;2.0;8.0;13.0;A01
11365;201500007795;0;15;0;0.0;2.0;8.0;1.0;B02
11366;201500007796;0;7;0;0.0;2.0;3.0;1.0;C03
11367;201500007796;0;7;0;0.0;2.0;3.0;1.0;B02
11368;201500007796;0;7;0;0.0;2.0;3.0;13.0;A01
11369;201500007797;0;30;0;0.0;2.0;3.0;18.0;A01
11370;201500007797;0;7;0;0.0;2.0;2.0;16.0;B02
11371;201500007798;0;33;0;0.0;2.0;7.0;21.0;B02
11372;201500007798;0;14;0;0.0;2.0;8.0;1.0;A01
11373;201500007799;0;7;0;10.0;0.0;1.0;1.0;A01
11374;201500007800;0;33;0;13.0;0.0;2.0;1.0;A01
11375;201500007801;0;7;0;0.0;2.0;0.0;11.0;A01
11376;201500007801;0;30;0;0.0;2.0;1.0;1.0;B02
11377;201500007802;0;14;0;0.0;9.0;2.0;2.0;A01
11378;201500007802;0;1;0;0.0;2.0;3.0;2.0;B02
11379;201500007803;0;31;0;0.0;0.0;7.0;1.0;A01
11380;201500007805;0;99;0;12.0;0.0;7.0;1.0;A01
11381;201500007806;0;10;0;0.0;2.0;1.0;1.0;B02
11382;201500007806;0;15;0;0.0;2.0;3.0;1.0;A01
11383;201500007807;0;7;0;0.0;2.0;3.0;1.0;B02
11384;201500007807;0;33;0;0.0;2.0;1.0;2.0;A01
11385;201500007808;0;32;0;0.0;2.0;1.0;17.0;A01
11386;201500007808;0;10;0;0.0;2.0;1.0;15.0;B02
11387;201500007809;0;7;0;0.0;9.0;3.0;15.0;B02
11388;201500007809;0;33;0;0.0;2.0;2.0;17.0;A01
11389;201500007810;0;33;0;0.0;1.0;1.0;1.0;A01
11390;201500007812;0;7;0;0.0;9.0;7.0;2.0;A01
11391;201500007812;0;1;0;0.0;2.0;8.0;2.0;B02
11392;201500007813;0;33;0;0.0;2.0;1.0;2.0;B02
11393;201500007813;0;33;0;0.0;2.0;1.0;17.0;A01
11394;201500007814;0;7;0;0.0;2.0;3.0;9.0;A01
11395;201500007814;0;1;0;0.0;2.0;1.0;1.0;B02
11396;201500007815;0;7;0;0.0;2.0;0.0;1.0;A01
11397;201500007815;0;1;0;0.0;2.0;1.0;1.0;B02
11398;201500007816;0;7;0;0.0;2.0;8.0;15.0;B02
11399;201500007816;0;31;0;0.0;2.0;7.0;13.0;A01
11400;201500007817;0;7;0;0.0;1.0;3.0;15.0;A01
11401;201500007818;0;7;0;0.0;2.0;3.0;15.0;B02
11402;201500007818;0;33;0;0.0;2.0;1.0;1.0;A01
11403;201500007819;0;7;0;10.0;0.0;1.0;14.0;A01
11404;201500007820;0;33;0;12.0;0.0;2.0;15.0;A01
11405;201500007821;0;30;0;0.0;2.0;1.0;1.0;B02
11406;201500007821;0;7;0;0.0;2.0;3.0;15.0;A01
11407;201500007822;0;7;0;6.0;0.0;1.0;1.0;A01
11408;201500007823;0;7;0;0.0;2.0;4.0;2.0;B02
11409;201500007823;0;31;0;0.0;2.0;1.0;2.0;A01
11410;201500007824;0;30;0;0.0;0.0;0.0;6.0;A01
11411;201500007825;0;33;0;4.0;0.0;8.0;1.0;A01
11412;201500007826;1;7;0;0.0;2.0;1.0;2.0;A01
11413;201500007826;0;7;0;0.0;2.0;4.0;2.0;B02
11414;201500007826;0;7;0;0.0;2.0;4.0;2.0;C03
11415;201500007828;0;33;0;0.0;2.0;8.0;11.0;A01
11416;201500007828;0;33;0;0.0;2.0;8.0;1.0;B02
11417;201500007829;0;1;0;0.0;2.0;8.0;1.0;A01
11418;201500007829;0;33;0;0.0;0.0;0.0;1.0;B02
11419;201500007830;0;7;0;6.0;0.0;9.0;1.0;A01
11420;201500007831;0;7;0;13.0;0.0;9.0;1.0;A01
11421;201500007832;2;7;0;0.0;2.0;3.0;13.0;A01
11422;201500007832;0;7;0;0.0;2.0;9.0;1.0;B02
11423;201500007833;0;7;0;13.0;0.0;2.0;1.0;A01
11424;201500007834;0;7;0;6.0;0.0;2.0;1.0;A01
11425;201500007835;0;7;0;0.0;2.0;3.0;13.0;B02
11426;201500007835;0;7;0;0.0;2.0;3.0;1.0;A01
11427;201500007836;0;7;0;0.0;0.0;9.0;0.0;A01
11428;201500007837;0;14;0;0.0;1.0;2.0;1.0;A01
11429;201500007838;0;7;0;0.0;2.0;3.0;13.0;A01
11430;201500007838;0;10;0;0.0;2.0;8.0;1.0;B02
11431;201500007839;0;1;0;0.0;2.0;1.0;15.0;B02
11432;201500007839;0;7;0;0.0;2.0;1.0;1.0;A01
11433;201500007840;0;7;0;0.0;2.0;1.0;1.0;B02
11434;201500007840;0;7;0;0.0;2.0;3.0;1.0;A01
11435;201500007841;0;7;0;0.0;2.0;8.0;10.0;A01
11436;201500007841;0;30;0;0.0;2.0;1.0;17.0;B02
11437;201500007842;0;7;0;0.0;0.0;1.0;0.0;B02
11438;201500007842;0;10;0;0.0;0.0;1.0;0.0;A01
11439;201500007844;0;14;0;3.0;0.0;2.0;1.0;A01
11440;201500007845;0;7;0;0.0;0.0;1.0;15.0;B02
11441;201500007845;0;33;0;0.0;0.0;1.0;1.0;A01
11442;201500007846;0;32;0;0.0;2.0;1.0;1.0;A01
11443;201500007846;0;10;0;0.0;2.0;5.0;15.0;B02
11444;201500007847;0;7;0;0.0;2.0;1.0;13.0;A01
11445;201500007847;0;7;0;0.0;2.0;1.0;1.0;B02
11446;201500007848;0;33;0;6.0;0.0;7.0;1.0;A01
11447;201500007849;0;33;0;0.0;2.0;0.0;5.0;A01
11448;201500007850;0;31;0;0.0;2.0;0.0;1.0;A01
11449;201500007850;0;7;0;0.0;0.0;0.0;15.0;B02
11450;201500007851;0;7;0;0.0;2.0;6.0;20.0;B02
11451;201500007851;0;34;0;0.0;2.0;2.0;2.0;A01
11452;201500007852;0;10;0;0.0;0.0;0.0;1.0;A01
11453;201500007852;0;7;0;0.0;1.0;8.0;1.0;B02
11454;201500007853;0;34;0;0.0;1.0;2.0;0.0;A01
11455;201500007854;0;7;0;0.0;2.0;1.0;1.0;B02
11456;201500007854;0;7;0;0.0;2.0;3.0;9.0;A01
11457;201500007855;0;33;0;0.0;2.0;1.0;1.0;A01
11458;201500007855;0;7;0;0.0;2.0;3.0;1.0;B02
11459;201500007856;0;7;0;9.0;0.0;2.0;1.0;A01
11460;201500007857;0;7;0;0.0;2.0;6.0;23.0;B02
11461;201500007857;0;10;0;0.0;2.0;3.0;1.0;C03
11462;201500007857;0;33;0;14.0;0.0;1.0;3.0;A01
11463;201500007859;0;7;0;5.0;0.0;9.0;14.0;A01
11464;201500007860;0;7;0;13.0;0.0;1.0;1.0;A01
11465;201500007861;0;7;0;0.0;2.0;3.0;23.0;B02
11466;201500007861;0;33;0;0.0;0.0;1.0;13.0;A01
11467;201500007862;0;33;0;12.0;0.0;1.0;2.0;A01
11468;201500007863;0;33;0;0.0;0.0;7.0;2.0;A01
11469;201500007864;0;10;0;13.0;0.0;1.0;14.0;A01
11470;201500007865;0;7;0;0.0;9.0;1.0;13.0;A01
11471;201500007865;0;1;0;0.0;2.0;1.0;0.0;B02
11472;201500007866;0;7;0;5.0;0.0;3.0;0.0;A01
11473;201500007867;0;33;0;0.0;2.0;2.0;21.0;A01
11474;201500007867;0;14;0;0.0;0.0;2.0;13.0;B02
11475;201500007868;0;7;0;0.0;0.0;1.0;0.0;A01
11476;201500007868;0;1;0;0.0;0.0;0.0;0.0;B02
11477;201500007869;0;7;0;0.0;2.0;2.0;1.0;A01
11478;201500007869;0;1;0;0.0;2.0;8.0;13.0;B02
11479;201500007870;0;7;0;0.0;2.0;1.0;1.0;F06
11480;201500007870;0;7;0;0.0;2.0;6.0;1.0;D04
11481;201500007870;0;7;0;0.0;2.0;2.0;13.0;B02
11482;201500007870;0;7;0;0.0;2.0;1.0;1.0;A01
11483;201500007870;0;7;0;0.0;2.0;4.0;1.0;E05
11484;201500007870;0;7;0;0.0;0.0;0.0;1.0;G07
11485;201500007870;0;7;0;3.0;0.0;7.0;21.0;C03
11486;201500007871;0;7;0;0.0;1.0;7.0;0.0;A01
11487;201500007872;0;7;0;0.0;2.0;3.0;5.0;A01
11488;201500007872;0;34;0;0.0;2.0;1.0;1.0;B02
11489;201500007873;0;7;0;0.0;1.0;2.0;1.0;A01
11490;201500007874;0;10;0;2.0;0.0;8.0;14.0;A01
11491;201500007875;0;31;0;0.0;0.0;1.0;9.0;A01
11492;201500007875;0;33;0;0.0;0.0;1.0;9.0;B02
11493;201500007876;0;7;0;0.0;2.0;7.0;13.0;A01
11494;201500007876;0;7;0;0.0;2.0;1.0;1.0;B02
11495;201500007877;0;2;0;0.0;2.0;3.0;1.0;B02
11496;201500007877;0;31;0;0.0;2.0;3.0;13.0;A01
11497;201500007879;0;7;0;3.0;0.0;2.0;1.0;A01
11498;201500007880;0;33;0;0.0;0.0;0.0;0.0;A01
11499;201500007882;0;7;0;13.0;0.0;3.0;13.0;A01
11500;201500007883;0;7;0;0.0;1.0;2.0;1.0;A01
11501;201500007884;0;10;0;0.0;2.0;1.0;1.0;B02
11502;201500007884;0;7;0;0.0;2.0;1.0;13.0;A01
11503;201500007885;0;7;0;13.0;0.0;9.0;19.0;A01
11504;201500007886;0;7;0;0.0;2.0;7.0;15.0;A01
11505;201500007886;0;7;0;0.0;2.0;3.0;1.0;B02
11506;201500007887;0;7;0;8.0;0.0;1.0;1.0;A01
11507;201500007888;0;33;0;0.0;2.0;1.0;17.0;B02
11508;201500007888;0;7;0;0.0;2.0;3.0;15.0;A01
11509;201500007889;0;7;0;0.0;2.0;1.0;1.0;B02
11510;201500007889;0;7;0;0.0;2.0;2.0;13.0;A01
11511;201500007890;0;33;0;0.0;1.0;1.0;1.0;A01
11512;201500007891;0;1;0;0.0;2.0;1.0;13.0;B02
11513;201500007891;0;7;0;0.0;9.0;3.0;1.0;A01
11514;201500007892;0;34;0;0.0;2.0;0.0;18.0;A01
11515;201500007892;0;7;0;0.0;2.0;5.0;15.0;B02
11516;201500007893;0;7;0;0.0;2.0;5.0;10.0;A01
11517;201500007893;0;33;0;0.0;2.0;1.0;1.0;B02
11518;201500007894;0;2;0;0.0;2.0;3.0;1.0;B02
11519;201500007894;0;7;0;0.0;2.0;3.0;13.0;A01
11520;201500007895;0;10;0;8.0;0.0;7.0;1.0;A01
11521;201500007896;0;7;0;0.0;2.0;3.0;13.0;A01
11522;201500007896;0;7;0;0.0;2.0;1.0;1.0;B02
11523;201500007897;0;14;0;0.0;2.0;4.0;4.0;A01
11524;201500007897;0;30;0;0.0;2.0;1.0;2.0;B02
11525;201500007898;0;33;0;0.0;2.0;1.0;1.0;B02
11526;201500007898;0;7;0;0.0;2.0;8.0;10.0;A01
11527;201500007899;0;33;0;0.0;6.0;1.0;1.0;A01
11528;201500007900;0;10;0;0.0;1.0;4.0;4.0;A01
11529;201500007901;0;30;0;0.0;2.0;1.0;14.0;A01
11530;201500007901;0;7;0;0.0;2.0;5.0;23.0;B02
11531;201500007902;0;33;0;0.0;2.0;1.0;1.0;B02
11532;201500007902;0;7;0;0.0;2.0;3.0;13.0;A01
11533;201500007903;0;7;0;2.0;0.0;2.0;0.0;A01
11534;201500007904;0;7;0;0.0;0.0;3.0;15.0;A01
11535;201500007904;0;7;0;0.0;0.0;3.0;1.0;B02
11536;201500007905;0;7;0;0.0;0.0;0.0;14.0;A01
11537;201500007906;0;7;0;0.0;0.0;7.0;1.0;A01
11538;201500007907;0;7;0;0.0;2.0;8.0;9.0;A01
11539;201500007907;0;7;0;0.0;2.0;2.0;1.0;B02
11540;201500007909;0;2;0;9.0;2.0;8.0;18.0;B02
11541;201500007909;0;7;0;0.0;2.0;2.0;16.0;A01
11542;201500007910;0;7;0;0.0;2.0;3.0;11.0;B02
11543;201500007910;0;14;0;0.0;2.0;6.0;19.0;A01
11544;201500007911;0;33;0;16.0;0.0;1.0;1.0;A01
11545;201500007914;0;7;0;0.0;2.0;1.0;1.0;A01
11546;201500007914;0;10;0;0.0;2.0;4.0;1.0;B02
11547;201500007914;0;10;0;0.0;0.0;4.0;0.0;C03
11548;201500007915;0;31;0;12.0;1.0;1.0;1.0;A01
11549;201500007916;0;33;0;0.0;0.0;1.0;1.0;A01
11550;201500007917;0;7;0;14.0;0.0;1.0;13.0;A01
11551;201500007919;0;1;0;0.0;2.0;1.0;18.0;B02
11552;201500007919;0;10;0;0.0;2.0;7.0;16.0;A01
11553;201500007920;0;7;0;6.0;0.0;1.0;13.0;A01
11554;201500007921;0;7;0;0.0;2.0;1.0;13.0;A01
11555;201500007921;0;7;0;0.0;2.0;1.0;1.0;B02
11556;201500007922;0;10;0;0.0;1.0;1.0;1.0;A01
11557;201500007923;0;7;0;0.0;0.0;4.0;2.0;B02
11558;201500007923;0;10;0;0.0;2.0;1.0;2.0;A01
11559;201500007924;0;15;0;0.0;9.0;7.0;2.0;A01
11560;201500007924;0;1;0;0.0;2.0;8.0;2.0;B02
11561;201500007925;0;7;0;8.0;0.0;1.0;1.0;A01
11562;201500007926;0;7;0;0.0;2.0;1.0;5.0;A01
11563;201500007926;0;14;0;0.0;2.0;1.0;1.0;B02