;Num_Acc;senc;catv;occutc;obs;obsm;choc;manv;num_veh
12402;201500008507;0;7;0;6.0;0.0;3.0;1.0;A01
12403;201500008508;0;1;0;14.0;0.0;1.0;16.0;A01
12404;201500008509;0;7;0;0.0;0.0;3.0;19.0;B02
12405;201500008509;0;7;0;0.0;2.0;1.0;1.0;A01
12406;201500008510;0;7;0;2.0;0.0;1.0;1.0;A01
12407;201500008511;0;7;0;2.0;0.0;2.0;19.0;A01
12408;201500008513;0;14;0;0.0;0.0;2.0;0.0;A01
12409;201500008514;0;10;0;0.0;2.0;1.0;13.0;A01
12410;201500008514;0;7;0;0.0;2.0;3.0;1.0;B02
12411;201500008515;0;7;0;13.0;0.0;1.0;1.0;A01
12412;201500008516;0;7;0;0.0;0.0;3.0;16.0;A01
12413;201500008516;0;2;0;0.0;2.0;1.0;21.0;B02
12414;201500008517;0;10;0;6.0;0.0;1.0;1.0;A01
12415;201500008518;0;7;0;0.0;2.0;2.0;1.0;B02
12416;201500008518;0;30;0;0.0;2.0;1.0;13.0;A01
12417;201500008519;0;7;0;0.0;1.0;0.0;1.0;A01
12418;201500008521;0;7;0;16.0;0.0;9.0;1.0;A01
12419;201500008522;0;7;0;0.0;2.0;3.0;1.0;B02
12420;201500008522;0;7;0;0.0;9.0;3.0;1.0;C03
12421;201500008522;0;7;0;0.0;2.0;3.0;13.0;A01
12422;201500008523;0;33;0;6.0;0.0;1.0;1.0;A01
12423;201500008524;0;7;0;0.0;2.0;1.0;1.0;A01
12424;201500008524;0;7;0;0.0;2.0;1.0;1.0;B02
12425;201500008525;0;7;0;0.0;2.0;3.0;1.0;A01
12426;201500008525;0;7;0;0.0;2.0;1.0;1.0;B02
12427;201500008526;0;7;0;0.0;2.0;3.0;9.0;A01
12428;201500008526;0;31;0;0.0;2.0;1.0;1.0;B02
12429;201500008527;0;7;0;0.0;2.0;3.0;15.0;B02
12430;201500008527;0;33;0;0.0;2.0;1.0;17.0;A01
12431;201500008528;0;7;0;0.0;2.0;3.0;15.0;A01
12432;201500008528;0;7;0;0.0;2.0;2.0;1.0;B02
12433;201500008529;0;7;0;0.0;0.0;6.0;15.0;A01
12434;201500008529;0;7;0;0.0;2.0;1.0;17.0;B02
12435;201500008530;0;7;0;0.0;2.0;3.0;17.0;B02
12436;201500008530;0;7;0;0.0;2.0;6.0;1.0;A01
12437;201500008530;0;10;0;0.0;2.0;3.0;0.0;C03
12438;201500008531;0;7;0;0.0;0.0;2.0;1.0;B02
12439;201500008531;0;1;0;0.0;0.0;1.0;15.0;A01
12440;201500008532;0;7;0;2.0;0.0;8.0;1.0;A01
12441;201500008533;0;7;0;0.0;9.0;1.0;1.0;A01
12442;201500008534;0;7;0;0.0;0.0;1.0;1.0;A01
12443;201500008535;0;7;0;2.0;0.0;1.0;1.0;A01
12444;201500008536;0;7;0;10.0;0.0;1.0;19.0;A01
12445;201500008537;0;31;0;0.0;2.0;1.0;1.0;B02
12446;201500008537;0;7;0;0.0;2.0;8.0;1.0;A01
12447;201500008538;0;7;0;0.0;2.0;8.0;0.0;A01
12448;201500008538;0;7;0;0.0;2.0;1.0;19.0;B02
12449;201500008539;0;33;0;0.0;2.0;1.0;1.0;B02
12450;201500008539;0;10;0;0.0;2.0;7.0;15.0;A01
12451;201500008540;0;7;0;0.0;2.0;3.0;21.0;A01
12452;201500008540;2;7;0;0.0;2.0;1.0;13.0;B02
12453;201500008541;0;7;0;0.0;2.0;4.0;23.0;B02
12454;201500008541;0;10;0;0.0;2.0;2.0;2.0;A01
12455;201500008542;0;33;0;0.0;0.0;0.0;13.0;A01
12456;201500008543;0;31;0;16.0;0.0;0.0;1.0;A01
12457;201500008544;0;7;0;0.0;2.0;1.0;1.0;B02
12458;201500008544;0;33;0;0.0;2.0;1.0;17.0;A01
12459;201500008545;0;7;0;0.0;2.0;2.0;15.0;A01
12460;201500008545;0;7;0;6.0;2.0;1.0;1.0;B02
12461;201500008546;0;34;0;13.0;0.0;7.0;0.0;A01
12462;201500008547;0;33;0;14.0;0.0;1.0;1.0;B02
12463;201500008547;0;33;0;0.0;2.0;8.0;21.0;A01
12464;201500008548;0;7;0;0.0;2.0;3.0;1.0;B02
12465;201500008548;0;33;0;0.0;2.0;1.0;15.0;A01
12466;201500008549;0;10;0;0.0;2.0;6.0;1.0;B02
12467;201500008549;0;33;0;0.0;2.0;2.0;13.0;A01
12468;201500008550;0;33;0;6.0;0.0;1.0;1.0;A01
12469;201500008551;0;33;0;14.0;0.0;1.0;13.0;A01
12470;201500008551;0;7;0;0.0;0.0;3.0;1.0;B02
12471;201500008552;0;30;0;0.0;0.0;1.0;0.0;A01
12472;201500008553;0;7;0;0.0;1.0;8.0;15.0;A01
12473;201500008554;0;7;0;6.0;0.0;2.0;1.0;A01
12474;201500008555;0;33;0;6.0;0.0;2.0;1.0;A01
12475;201500008556;0;7;0;0.0;2.0;1.0;13.0;A01
12476;201500008556;0;7;0;0.0;2.0;1.0;1.0;B02
12477;201500008557;0;7;0;0.0;1.0;1.0;1.0;A01
12478;201500008559;0;7;0;0.0;1.0;1.0;20.0;A01
12479;201500008560;0;7;0;0.0;1.0;1.0;1.0;A01
12480;201500008561;0;33;0;0.0;2.0;1.0;1.0;B02
12481;201500008561;0;7;0;0.0;2.0;2.0;15.0;A01
12482;201500008562;0;10;0;6.0;1.0;2.0;1.0;A01
12483;201500008563;0;33;0;0.0;0.0;3.0;21.0;B02
12484;201500008563;0;37;0;0.0;2.0;3.0;16.0;A01
12485;201500008564;0;7;0;0.0;0.0;1.0;1.0;A01
12486;201500008565;0;2;0;0.0;0.0;1.0;1.0;A01
12487;201500008566;0;7;0;0.0;2.0;1.0;1.0;B02
12488;201500008566;0;30;0;0.0;2.0;4.0;19.0;A01
12489;201500008567;0;2;0;0.0;2.0;1.0;1.0;B02
12490;201500008567;0;10;0;0.0;2.0;3.0;10.0;A01
12491;201500008568;0;7;0;13.0;0.0;0.0;1.0;A01
12492;201500008569;0;7;0;0.0;0.0;0.0;1.0;A01
12493;201500008571;0;7;0;6.0;0.0;1.0;1.0;A01
12494;201500008572;0;30;0;0.0;2.0;1.0;1.0;B02
12495;201500008572;0;7;0;0.0;2.0;2.0;15.0;A01
12496;201500008573;0;7;0;0.0;2.0;1.0;1.0;B02
12497;201500008573;0;7;0;0.0;2.0;3.0;15.0;A01
12498;201500008574;0;7;0;15.0;2.0;7.0;1.0;A01
12499;201500008574;0;7;0;0.0;2.0;1.0;1.0;B02
12500;201500008575;0;7;0;2.0;0.0;2.0;2.0;A01
12501;201500008576;0;7;0;0.0;1.0;2.0;1.0;A01
12502;201500008577;0;33;0;0.0;1.0;1.0;1.0;A01
12503;201500008578;0;7;0;16.0;0.0;2.0;1.0;A01
12504;201500008579;0;33;0;0.0;2.0;2.0;1.0;A01
12505;201500008579;0;7;0;0.0;2.0;2.0;19.0;B02
12506;201500008580;0;31;0;0.0;0.0;8.0;1.0;A01
12507;201500008581;0;7;0;0.0;2.0;3.0;1.0;B02
12508;201500008581;0;7;0;0.0;2.0;5.0;17.0;A01
12509;201500008582;0;7;0;0.0;2.0;3.0;15.0;A01
12510;201500008582;0;33;0;0.0;2.0;6.0;2.0;B02
12511;201500008583;0;7;0;0.0;2.0;8.0;13.0;A01
12512;201500008583;0;7;0;0.0;2.0;8.0;2.0;B02
12513;201500008584;0;7;0;0.0;1.0;3.0;1.0;A01
12514;201500008585;0;7;0;6.0;0.0;3.0;5.0;A01
12515;201500008586;0;7;0;0.0;2.0;2.0;9.0;A01
12516;201500008586;0;7;0;0.0;1.0;3.0;1.0;B02
12517;201500008587;0;7;0;2.0;0.0;2.0;1.0;A01
12518;201500008588;0;7;0;0.0;2.0;2.0;23.0;B02
12519;201500008588;0;33;0;0.0;2.0;1.0;5.0;A01
12520;201500008589;0;33;0;0.0;2.0;1.0;1.0;B02
12521;201500008589;0;7;0;0.0;2.0;1.0;15.0;A01
12522;201500008590;0;7;0;2.0;0.0;6.0;1.0;A01
12523;201500008591;0;33;0;0.0;2.0;7.0;1.0;C03
12524;201500008591;0;33;0;0.0;2.0;1.0;1.0;B02
12525;201500008591;0;7;0;0.0;0.0;5.0;15.0;A01
12526;201500008592;0;33;0;0.0;2.0;1.0;2.0;A01
12527;201500008592;0;10;0;0.0;2.0;6.0;1.0;B02
12528;201500008593;0;7;0;0.0;2.0;3.0;1.0;B02
12529;201500008593;0;7;0;0.0;2.0;2.0;9.0;A01
12530;201500008594;0;7;0;0.0;2.0;3.0;19.0;B02
12531;201500008594;0;7;0;0.0;2.0;1.0;1.0;A01
12532;201500008595;0;7;0;13.0;0.0;1.0;1.0;A01
12533;201500008596;0;7;0;0.0;2.0;4.0;1.0;B02
12534;201500008596;0;7;0;0.0;2.0;1.0;2.0;A01
12535;201500008597;0;7;0;13.0;0.0;2.0;2.0;A01
12536;201500008598;0;33;0;7.0;0.0;7.0;1.0;A01
12537;201500008599;0;10;0;2.0;0.0;3.0;1.0;A01
12538;201500008600;0;1;0;0.0;2.0;6.0;1.0;B02
12539;201500008600;0;7;0;0.0;2.0;2.0;17.0;A01
12540;201500008601;0;33;0;8.0;2.0;1.0;5.0;A01
12541;201500008601;0;7;0;0.0;2.0;3.0;15.0;B02
12542;201500008603;0;7;0;13.0;0.0;1.0;1.0;A01
12543;201500008604;0;3;0;0.0;2.0;1.0;5.0;A01
12544;201500008604;0;10;0;0.0;2.0;1.0;1.0;B02
12545;201500008605;0;7;0;0.0;2.0;1.0;13.0;B02
12546;201500008605;0;17;0;0.0;2.0;3.0;1.0;A01
12547;201500008606;0;7;0;0.0;1.0;1.0;20.0;A01
12548;201500008607;0;10;0;0.0;1.0;2.0;1.0;A01
12549;201500008608;0;7;0;0.0;2.0;1.0;1.0;A01
12550;201500008608;0;7;0;4.0;2.0;1.0;19.0;B02
12551;201500008609;0;31;0;0.0;2.0;0.0;1.0;A01
12552;201500008610;0;10;0;0.0;1.0;4.0;4.0;A01
12553;201500008612;0;31;0;13.0;0.0;1.0;1.0;A01
12554;201500008613;0;7;0;0.0;0.0;9.0;1.0;A01
12555;201500008614;0;33;0;0.0;0.0;2.0;17.0;A01
12556;201500008615;0;7;0;2.0;0.0;6.0;0.0;A01
12557;201500008616;0;7;0;0.0;2.0;2.0;15.0;B02
12558;201500008616;0;7;0;0.0;2.0;3.0;1.0;A01
12559;201500008617;0;7;0;0.0;2.0;5.0;1.0;B02
12560;201500008617;0;30;0;0.0;2.0;1.0;1.0;A01
12561;201500008618;0;33;0;0.0;0.0;1.0;0.0;A01
12562;201500008619;0;7;0;6.0;0.0;1.0;15.0;A01
12563;201500008620;0;7;0;0.0;2.0;3.0;0.0;B02
12564;201500008620;0;7;0;0.0;2.0;6.0;13.0;A01
12565;201500008621;0;7;0;0.0;2.0;1.0;1.0;B02
12566;201500008621;0;7;0;0.0;2.0;7.0;1.0;A01
12567;201500008622;0;10;0;0.0;2.0;3.0;0.0;B02
12568;201500008622;0;7;0;0.0;0.0;3.0;13.0;A01
12569;201500008623;0;7;0;13.0;0.0;2.0;0.0;A01
12570;201500008625;0;7;0;2.0;0.0;1.0;2.0;A01
12571;201500008626;0;7;0;0.0;9.0;3.0;1.0;A01
12572;201500008626;0;1;0;0.0;2.0;1.0;1.0;B02
12573;201500008627;0;33;0;15.0;0.0;1.0;13.0;A01
12574;201500008628;0;33;0;13.0;0.0;7.0;1.0;A01
12575;201500008629;0;7;0;0.0;0.0;2.0;19.0;A01
12576;201500008629;0;31;0;0.0;2.0;1.0;1.0;B02
12577;201500008630;0;15;0;0.0;2.0;1.0;1.0;A01
12578;201500008630;0;7;0;0.0;2.0;4.0;1.0;B02
12579;201500008630;0;14;0;0.0;0.0;4.0;1.0;C03
12580;201500008632;0;7;0;2.0;0.0;3.0;13.0;A01
12581;201500008634;0;7;0;0.0;2.0;1.0;0.0;A01
12582;201500008634;0;14;0;0.0;2.0;1.0;0.0;B02
12583;201500008635;0;7;0;0.0;2.0;2.0;15.0;A01
12584;201500008635;0;33;0;0.0;2.0;3.0;1.0;B02
12585;201500008636;0;1;0;0.0;9.0;2.0;2.0;A01
12586;201500008636;0;1;0;0.0;9.0;3.0;0.0;C03
12587;201500008636;0;1;0;0.0;9.0;3.0;2.0;B02
12588;201500008637;0;7;0;13.0;0.0;3.0;1.0;A01
12589;201500008638;0;7;0;0.0;2.0;3.0;2.0;B02
12590;201500008638;0;10;0;0.0;2.0;5.0;15.0;A01
12591;201500008639;0;31;0;0.0;6.0;0.0;21.0;A01
12592;201500008640;0;33;0;0.0;2.0;1.0;1.0;A01
12593;201500008640;0;7;0;0.0;0.0;4.0;15.0;B02
12594;201500008641;0;15;0;6.0;0.0;1.0;1.0;A01
12595;201500008642;0;31;0;0.0;2.0;8.0;15.0;B02
12596;201500008642;0;7;0;0.0;2.0;1.0;17.0;A01
12597;201500008643;0;7;0;13.0;0.0;1.0;1.0;A01
12598;201500008644;0;33;0;0.0;0.0;8.0;1.0;B02
12599;201500008644;0;7;0;0.0;0.0;2.0;6.0;A01
12600;201500008646;0;7;0;0.0;2.0;3.0;1.0;B02
12601;201500008646;0;7;0;0.0;2.0;3.0;1.0;A01
12602;201500008647;0;30;0;0.0;0.0;3.0;1.0;A01
12603;201500008648;0;10;0;0.0;2.0;1.0;13.0;A01
12604;201500008648;0;7;0;0.0;2.0;1.0;1.0;B02
12605;201500008649;0;37;0;0.0;0.0;0.0;9.0;A01
12606;201500008649;0;7;0;0.0;2.0;6.0;1.0;B02
12607;201500008649;0;33;0;0.0;2.0;1.0;1.0;C03
12608;201500008650;0;7;0;0.0;2.0;4.0;1.0;B02
12609;201500008650;0;7;0;0.0;2.0;1.0;1.0;A01
12610;201500008651;0;33;0;0.0;2.0;1.0;1.0;A01
12611;201500008651;0;7;0;0.0;2.0;3.0;1.0;B02
12612;201500008652;0;7;0;0.0;2.0;3.0;1.0;A01
12613;201500008652;0;31;0;0.0;2.0;7.0;19.0;B02
12614;201500008653;0;33;0;0.0;2.0;1.0;5.0;A01
12615;201500008653;0;7;0;0.0;2.0;3.0;15.0;B02
12616;201500008654;0;7;0;0.0;2.0;1.0;1.0;B02
12617;201500008654;0;7;0;0.0;2.0;1.0;13.0;A01
12618;201500008655;0;7;0;13.0;0.0;2.0;14.0;A01
12619;201500008656;0;7;0;0.0;2.0;1.0;1.0;B02
12620;201500008656;0;7;0;0.0;2.0;1.0;13.0;A01
12621;201500008657;0;10;0;0.0;2.0;6.0;1.0;B02
12622;201500008657;0;7;0;0.0;2.0;1.0;1.0;A01
12623;201500008658;0;15;0;0.0;2.0;8.0;15.0;A01
12624;201500008658;0;33;0;0.0;2.0;1.0;1.0;B02
12625;201500008659;0;7;0;0.0;2.0;4.0;17.0;B02
12626;201500008659;0;7;0;0.0;2.0;2.0;17.0;C03
12627;201500008659;0;7;0;0.0;2.0;4.0;1.0;A01
12628;201500008660;0;7;0;0.0;2.0;2.0;1.0;B02
12629;201500008660;0;7;0;0.0;2.0;3.0;15.0;A01
12630;201500008661;0;7;0;2.0;0.0;5.0;1.0;A01
12631;201500008662;0;33;0;0.0;2.0;1.0;1.0;A01
12632;201500008662;0;15;0;0.0;2.0;3.0;1.0;C03
12633;201500008662;0;7;0;0.0;2.0;4.0;1.0;B02
12634;201500008663;0;33;0;0.0;2.0;8.0;13.0;A01
12635;201500008663;0;7;0;0.0;2.0;8.0;13.0;B02
12636;201500008664;0;7;0;0.0;1.0;0.0;2.0;A01
12637;201500008665;0;7;0;0.0;2.0;2.0;15.0;A01
12638;201500008665;0;33;0;0.0;2.0;3.0;1.0;B02
12639;201500008666;0;33;0;16.0;0.0;7.0;19.0;A01
12640;201500008667;0;33;0;12.0;0.0;0.0;14.0;A01
12641;201500008668;0;7;0;6.0;0.0;1.0;0.0;A01
12642;201500008669;0;7;0;0.0;2.0;1.0;1.0;B02
12643;201500008669;0;7;0;0.0;2.0;1.0;17.0;A01
12644;201500008670;0;7;0;0.0;2.0;1.0;1.0;B02
12645;201500008670;0;7;0;0.0;2.0;3.0;13.0;A01
12646;201500008670;0;7;0;0.0;2.0;2.0;1.0;C03
12647;201500008671;0;7;0;0.0;2.0;3.0;1.0;B02
12648;201500008671;0;7;0;0.0;2.0;3.0;13.0;A01
12649;201500008672;0;33;0;0.0;2.0;2.0;1.0;B02
12650;201500008672;0;7;0;0.0;2.0;5.0;15.0;A01
12651;201500008674;0;7;0;0.0;1.0;2.0;1.0;A01
12652;201500008675;0;7;0;13.0;0.0;1.0;1.0;A01
12653;201500008676;0;7;0;0.0;2.0;8.0;10.0;A01
12654;201500008676;0;7;0;0.0;2.0;2.0;21.0;B02
12655;201500008677;0;10;0;0.0;2.0;6.0;1.0;A01
12656;201500008677;0;7;0;0.0;2.0;1.0;1.0;B02
12657;201500008678;0;7;0;6.0;0.0;1.0;1.0;A01
12658;201500008680;0;10;0;0.0;2.0;3.0;13.0;A01
12659;201500008680;0;7;0;0.0;2.0;3.0;21.0;B02
12660;201500008681;0;7;0;5.0;0.0;2.0;1.0;A01
12661;201500008682;0;7;0;0.0;2.0;2.0;15.0;A01
12662;201500008682;0;33;0;0.0;2.0;3.0;15.0;B02
12663;201500008683;0;7;0;13.0;0.0;1.0;1.0;A01
12664;201500008684;1;7;0;13.0;0.0;1.0;13.0;A01
12665;201500008685;0;7;0;13.0;0.0;9.0;1.0;A01
12666;201500008686;0;7;0;2.0;2.0;3.0;15.0;B02
12667;201500008686;0;1;0;0.0;2.0;7.0;2.0;A01
12668;201500008687;0;36;0;0.0;0.0;1.0;1.0;A01
12669;201500008688;0;33;0;16.0;0.0;0.0;1.0;A01
12670;201500008689;0;7;0;10.0;0.0;3.0;16.0;A01
12671;201500008690;0;7;0;2.0;0.0;1.0;1.0;A01
12672;201500008691;0;7;0;13.0;0.0;3.0;13.0;A01
12673;201500008693;0;33;0;0.0;2.0;8.0;1.0;B02
12674;201500008693;0;7;0;0.0;2.0;8.0;1.0;A01
12675;201500008694;0;33;0;5.0;0.0;7.0;17.0;A01
12676;201500008695;0;31;0;13.0;0.0;7.0;1.0;A01
12677;201500008696;0;21;0;0.0;2.0;3.0;15.0;A01
12678;201500008696;0;33;0;0.0;2.0;2.0;17.0;B02
12679;201500008697;0;10;0;13.0;0.0;3.0;1.0;A01
12680;201500008698;0;7;0;0.0;2.0;1.0;1.0;B02
12681;201500008698;0;7;0;3.0;2.0;7.0;13.0;A01
12682;201500008699;0;7;0;13.0;0.0;1.0;1.0;A01
12683;201500008701;0;7;0;13.0;0.0;2.0;1.0;A01
12684;201500008702;0;7;0;0.0;0.0;0.0;1.0;A01
12685;201500008703;0;7;0;16.0;0.0;0.0;13.0;A01
12686;201500008704;0;7;0;13.0;0.0;1.0;1.0;A01
12687;201500008705;0;7;0;2.0;0.0;2.0;1.0;A01
12688;201500008706;0;10;0;0.0;2.0;8.0;15.0;B02
12689;201500008706;0;33;0;0.0;2.0;1.0;17.0;A01
12690;201500008708;0;7;0;0.0;0.0;5.0;15.0;B02
12691;201500008708;0;7;0;0.0;0.0;3.0;1.0;A01
12692;201500008709;0;7;0;0.0;2.0;3.0;19.0;A01
12693;201500008709;0;33;0;0.0;2.0;1.0;1.0;B02
12694;201500008710;0;7;0;0.0;0.0;0.0;4.0;A01
12695;201500008712;0;7;0;0.0;2.0;8.0;24.0;A01
12696;201500008712;0;1;0;1.0;0.0;1.0;1.0;B02
12697;201500008713;0;33;0;0.0;0.0;1.0;2.0;A01
12698;201500008713;0;7;0;0.0;0.0;6.0;0.0;B02
12699;201500008714;0;33;0;0.0;2.0;1.0;17.0;A01
12700;201500008714;0;7;0;0.0;2.0;8.0;15.0;B02
12701;201500008715;0;10;0;0.0;2.0;1.0;2.0;A01
12702;201500008715;0;30;0;0.0;2.0;7.0;2.0;B02
12703;201500008717;0;7;0;0.0;2.0;1.0;1.0;C03
12704;201500008717;0;7;0;0.0;2.0;1.0;1.0;B02
12705;201500008717;0;10;0;0.0;2.0;1.0;13.0;A01
12706;201500008718;0;7;0;0.0;1.0;1.0;1.0;A01
12707;201500008719;0;10;0;0.0;2.0;3.0;1.0;B02
12708;201500008719;0;10;0;0.0;0.0;0.0;1.0;C03
12709;201500008719;0;31;0;0.0;2.0;3.0;17.0;A01
12710;201500008722;0;7;0;0.0;2.0;3.0;17.0;A01
12711;201500008722;0;7;0;0.0;2.0;3.0;1.0;B02
12712;201500008723;0;10;0;12.0;0.0;3.0;13.0;A01
12713;201500008724;0;7;0;0.0;2.0;1.0;17.0;A01
12714;201500008724;0;7;0;0.0;2.0;1.0;2.0;B02
12715;201500008724;0;7;0;0.0;2.0;3.0;1.0;C03
12716;201500008726;0;7;0;0.0;2.0;1.0;15.0;A01
12717;201500008726;0;7;0;4.0;2.0;3.0;1.0;B02
12718;201500008727;0;31;0;3.0;0.0;7.0;1.0;A01
12719;201500008728;0;7;0;0.0;0.0;1.0;2.0;A01
12720;201500008728;0;1;0;0.0;0.0;4.0;2.0;B02
12721;201500008729;0;7;0;0.0;2.0;3.0;9.0;A01
12722;201500008729;0;7;0;0.0;0.0;4.0;0.0;C03
12723;201500008729;0;7;0;0.0;0.0;4.0;0.0;D04
12724;201500008729;0;7;0;0.0;0.0;6.0;1.0;B02
12725;201500008730;0;32;0;0.0;2.0;1.0;1.0;B02
12726;201500008730;0;7;0;0.0;2.0;2.0;11.0;A01
12727;201500008731;0;36;0;3.0;0.0;1.0;0.0;A01
12728;201500008732;0;3;0;0.0;2.0;1.0;1.0;B02
12729;201500008732;0;7;0;0.0;2.0;4.0;2.0;A01
12730;201500008733;0;1;0;0.0;2.0;4.0;1.0;B02
12731;201500008733;0;7;0;0.0;9.0;2.0;1.0;A01
12732;201500008734;0;17;0;13.0;0.0;7.0;1.0;A01
12733;201500008735;0;7;0;8.0;;1.0;16.0;A01
12734;201500008736;0;33;0;0.0;0.0;8.0;1.0;A01
12735;201500008737;0;7;0;0.0;9.0;3.0;1.0;B02
12736;201500008737;0;1;0;0.0;2.0;5.0;16.0;A01
12737;201500008739;0;7;0;0.0;2.0;3.0;15.0;A01
12738;201500008739;0;32;0;0.0;2.0;2.0;1.0;B02
12739;201500008740;0;10;0;0.0;2.0;1.0;2.0;A01
12740;201500008740;0;7;0;0.0;2.0;4.0;2.0;B02
12741;201500008741;0;7;0;0.0;2.0;3.0;21.0;B02
12742;201500008741;0;7;0;0.0;2.0;3.0;13.0;A01
12743;201500008742;0;31;0;13.0;0.0;6.0;0.0;A01
12744;201500008743;0;7;0;0.0;9.0;5.0;0.0;A01
12745;201500008743;0;1;0;0.0;2.0;1.0;0.0;B02
12746;201500008744;0;37;10;0.0;1.0;1.0;1.0;A01
12747;201500008745;0;7;0;0.0;1.0;8.0;1.0;A01
12748;201500008746;0;33;0;0.0;1.0;1.0;1.0;A01
12749;201500008747;0;7;0;0.0;2.0;6.0;2.0;A01
12750;201500008747;0;33;0;0.0;2.0;1.0;2.0;B02
12751;201500008749;0;7;0;0.0;2.0;1.0;13.0;A01
12752;201500008749;0;7;0;0.0;2.0;3.0;1.0;B02
12753;201500008750;0;7;0;0.0;2.0;5.0;15.0;B02
12754;201500008750;0;33;0;0.0;2.0;1.0;1.0;A01
12755;201500008751;0;10;0;13.0;0.0;1.0;1.0;A01
12756;201500008752;0;7;0;0.0;0.0;1.0;0.0;A01
12757;201500008754;0;7;0;0.0;2.0;3.0;1.0;B02
12758;201500008754;0;32;0;0.0;2.0;1.0;13.0;A01
12759;201500008756;0;30;0;0.0;2.0;1.0;1.0;A01
12760;201500008756;0;7;0;0.0;2.0;1.0;1.0;B02
12761;201500008757;0;7;0;0.0;1.0;1.0;1.0;A01
12762;201500008758;0;33;0;0.0;0.0;8.0;1.0;A01
12763;201500008759;0;31;0;4.0;0.0;7.0;1.0;A01
12764;201500008760;0;7;0;0.0;1.0;2.0;1.0;A01
12765;201500008762;0;7;0;0.0;2.0;2.0;1.0;C03
12766;201500008762;0;1;0;0.0;0.0;1.0;15.0;B02
12767;201500008762;0;7;0;0.0;2.0;1.0;1.0;A01
12768;201500008763;0;99;0;0.0;0.0;0.0;10.0;A01
12769;201500008764;0;7;0;0.0;2.0;3.0;2.0;B02
12770;201500008764;0;7;0;0.0;2.0;1.0;6.0;A01
12771;201500008766;0;7;0;13.0;0.0;3.0;1.0;A01
12772;201500008767;0;7;0;0.0;2.0;1.0;1.0;B02
12773;201500008767;0;7;0;0.0;2.0;1.0;13.0;A01
12774;201500008768;0;7;0;2.0;0.0;1.0;0.0;A01
12775;201500008772;0;7;0;0.0;2.0;3.0;1.0;B02
12776;201500008772;0;7;0;0.0;2.0;3.0;13.0;A01
12777;201500008773;0;7;0;0.0;2.0;6.0;19.0;A01
12778;201500008773;0;33;0;0.0;2.0;1.0;1.0;B02
12779;201500008774;0;32;0;13.0;0.0;1.0;1.0;A01
12780;201500008775;0;7;0;2.0;0.0;7.0;1.0;A01
12781;201500008776;0;7;0;0.0;9.0;2.0;19.0;A01
12782;201500008776;0;1;0;0.0;2.0;2.0;1.0;B02
12783;201500008777;0;1;0;0.0;2.0;7.0;1.0;B02
12784;201500008777;0;7;0;0.0;9.0;1.0;9.0;A01
12785;201500008778;0;7;0;0.0;2.0;3.0;13.0;A01
12786;201500008778;0;7;0;0.0;2.0;8.0;1.0;B02
12787;201500008779;0;7;0;0.0;2.0;8.0;19.0;A01
12788;201500008779;0;33;0;0.0;2.0;1.0;1.0;B02
12789;201500008780;0;33;0;8.0;0.0;1.0;14.0;A01
12790;201500008781;0;33;0;16.0;0.0;9.0;0.0;A01
12791;201500008782;0;10;0;15.0;9.0;1.0;1.0;A01
12792;201500008782;0;1;0;0.0;2.0;1.0;1.0;B02
12793;201500008783;0;10;0;13.0;0.0;1.0;1.0;A01
12794;201500008784;0;31;0;0.0;2.0;4.0;1.0;B02
12795;201500008784;0;7;0;0.0;2.0;1.0;1.0;A01
12796;201500008786;0;7;0;0.0;1.0;2.0;1.0;A01
12797;201500008787;0;7;0;0.0;2.0;1.0;15.0;A01
12798;201500008787;0;7;0;0.0;2.0;1.0;1.0;B02
12799;201500008788;0;7;0;2.0;0.0;8.0;1.0;A01
12800;201500008789;0;7;0;0.0;2.0;1.0;1.0;B02
12801;201500008789;0;1;0;0.0;2.0;1.0;1.0;A01
12802;201500008790;0;37;0;0.0;0.0;7.0;17.0;B02
12803;201500008790;0;33;0;0.0;2.0;1.0;1.0;A01
12804;201500008791;0;33;0;1.0;5.0;1.0;19.0;A01
12805;201500008792;0;7;0;0.0;1.0;1.0;1.0;A01
12806;201500008793;0;7;0;0.0;2.0;2.0;19.0;A01
12807;201500008793;0;33;0;0.0;2.0;1.0;1.0;B02
12808;201500008795;0;7;0;6.0;0.0;8.0;0.0;A01
12809;201500008796;0;33;0;0.0;1.0;1.0;1.0;A01
12810;201500008797;0;7;0;0.0;0.0;8.0;15.0;A01
12811;201500008797;0;34;0;0.0;0.0;1.0;0.0;B02
12812;201500008798;0;33;0;0.0;2.0;1.0;1.0;A01
12813;201500008798;0;7;0;0.0;2.0;8.0;15.0;B02
12814;201500008799;0;7;0;0.0;2.0;3.0;1.0;A01
12815;201500008799;0;7;0;0.0;2.0;1.0;13.0;B02
12816;201500008800;0;7;0;0.0;0.0;4.0;1.0;A01
12817;201500008800;0;7;0;0.0;2.0;1.0;1.0;B02
12818;201500008801;0;33;0;6.0;0.0;1.0;17.0;A01
12819;201500008802;0;34;0;0.0;2.0;1.0;1.0;A01
12820;201500008802;2;7;0;0.0;2.0;2.0;9.0;B02