;Num_Acc;senc;catv;occutc;obs;obsm;choc;manv;num_veh
12821;201500008803;0;7;0;0.0;0.0;9.0;13.0;A01
12822;201500008804;0;10;0;0.0;2.0;1.0;13.0;A01
12823;201500008804;0;14;0;0.0;2.0;3.0;1.0;B02
12824;201500008805;0;7;0;0.0;2.0;1.0;13.0;A01
12825;201500008805;0;7;0;0.0;2.0;1.0;1.0;B02
12826;201500008806;0;7;0;0.0;2.0;1.0;5.0;A01
12827;201500008806;0;7;0;0.0;2.0;1.0;1.0;B02
12828;201500008807;0;7;0;0.0;2.0;2.0;15.0;A01
12829;201500008807;0;7;0;0.0;2.0;9.0;1.0;B02
12830;201500008807;0;7;0;0.0;2.0;1.0;1.0;C03
12831;201500008808;0;7;0;0.0;2.0;3.0;1.0;A01
12832;201500008808;0;7;0;0.0;2.0;3.0;1.0;B02
12833;201500008809;0;33;0;4.0;0.0;8.0;1.0;A01
12834;201500008810;0;14;0;0.0;9.0;0.0;1.0;A01
12835;201500008810;0;1;0;0.0;2.0;0.0;1.0;B02
12836;201500008811;0;33;0;0.0;0.0;7.0;1.0;A01
12837;201500008812;0;7;0;0.0;0.0;0.0;1.0;A01
12838;201500008813;0;7;0;0.0;1.0;1.0;1.0;A01
12839;201500008814;0;7;0;0.0;0.0;1.0;1.0;A01
12840;201500008815;0;7;0;0.0;2.0;3.0;13.0;A01
12841;201500008815;0;7;0;0.0;2.0;3.0;1.0;B02
12842;201500008816;0;7;0;0.0;1.0;2.0;1.0;A01
12843;201500008817;0;7;0;0.0;0.0;2.0;2.0;A01
12844;201500008817;0;14;0;0.0;0.0;6.0;2.0;B02
12845;201500008818;0;2;0;0.0;2.0;1.0;1.0;A01
12846;201500008818;0;10;0;0.0;0.0;4.0;1.0;B02
12847;201500008819;0;1;0;0.0;0.0;0.0;0.0;A01
12848;201500008819;1;7;0;0.0;2.0;0.0;0.0;B02
12849;201500008820;0;7;0;0.0;1.0;3.0;1.0;A01
12850;201500008821;0;30;0;0.0;0.0;1.0;0.0;A01
12851;201500008821;0;7;0;0.0;0.0;0.0;0.0;B02
12852;201500008822;0;7;0;0.0;1.0;3.0;1.0;A01
12853;201500008823;0;7;0;0.0;0.0;1.0;15.0;A01
12854;201500008823;0;33;0;0.0;0.0;7.0;1.0;B02
12855;201500008824;0;30;0;0.0;2.0;4.0;0.0;A01
12856;201500008824;2;7;0;0.0;2.0;1.0;1.0;B02
12857;201500008825;0;7;0;0.0;0.0;7.0;15.0;A01
12858;201500008825;0;7;0;0.0;2.0;2.0;1.0;B02
12859;201500008828;0;33;0;0.0;0.0;8.0;1.0;A01
12860;201500008829;0;7;0;0.0;2.0;3.0;15.0;A01
12861;201500008829;0;7;0;0.0;2.0;3.0;1.0;B02
12862;201500008830;0;33;0;0.0;0.0;0.0;0.0;A01
12863;201500008830;0;7;0;0.0;0.0;0.0;0.0;B02
12864;201500008831;0;7;0;0.0;0.0;3.0;15.0;A01
12865;201500008831;0;30;0;0.0;2.0;1.0;1.0;B02
12866;201500008835;0;7;0;0.0;2.0;4.0;1.0;A01
12867;201500008835;0;10;0;0.0;2.0;1.0;1.0;B02
12868;201500008836;0;33;0;0.0;2.0;3.0;0.0;A01
12869;201500008836;0;33;0;0.0;2.0;3.0;0.0;B02
12870;201500008837;0;7;0;5.0;2.0;8.0;1.0;A01
12871;201500008837;0;33;0;0.0;2.0;3.0;13.0;B02
12872;201500008839;0;7;0;0.0;2.0;1.0;5.0;A01
12873;201500008839;0;7;0;0.0;2.0;1.0;1.0;B02
12874;201500008840;0;7;0;0.0;2.0;1.0;17.0;A01
12875;201500008840;0;7;0;0.0;2.0;8.0;15.0;B02
12876;201500008841;0;2;0;0.0;2.0;3.0;1.0;A01
12877;201500008842;0;33;0;0.0;2.0;1.0;1.0;A01
12878;201500008842;0;33;0;0.0;2.0;4.0;14.0;B02
12879;201500008842;1;10;0;;;;17.0;Z03
12880;201500008842;1;10;0;;;;17.0;Z04
12881;201500008843;0;7;0;0.0;2.0;1.0;5.0;A01
12882;201500008843;0;7;0;0.0;2.0;3.0;1.0;B02
12883;201500008844;0;7;0;0.0;2.0;3.0;1.0;B02
12884;201500008844;0;7;0;0.0;2.0;3.0;15.0;A01
12885;201500008845;0;34;0;0.0;2.0;1.0;0.0;B02
12886;201500008845;0;14;0;0.0;0.0;6.0;1.0;A01
12887;201500008846;0;7;0;0.0;2.0;1.0;13.0;A01
12888;201500008846;0;15;0;0.0;2.0;1.0;1.0;B02
12889;201500008847;0;7;0;11.0;2.0;3.0;1.0;A01
12890;201500008847;0;7;0;0.0;2.0;7.0;9.0;B02
12891;201500008848;0;7;0;2.0;0.0;2.0;13.0;A01
12892;201500008849;0;7;0;0.0;2.0;3.0;15.0;A01
12893;201500008849;0;7;0;0.0;2.0;1.0;1.0;B02
12894;201500008850;0;33;0;0.0;0.0;1.0;13.0;A01
12895;201500008850;0;7;0;0.0;0.0;1.0;1.0;B02
12896;201500008851;0;7;0;0.0;2.0;1.0;1.0;B02
12897;201500008851;0;7;0;0.0;2.0;5.0;13.0;A01
12898;201500008852;0;33;0;6.0;0.0;2.0;1.0;A01
12899;201500008853;0;7;0;2.0;0.0;5.0;1.0;A01
12900;201500008854;0;7;0;0.0;0.0;6.0;15.0;A01
12901;201500008854;0;33;0;0.0;2.0;1.0;17.0;B02
12902;201500008855;0;7;0;0.0;0.0;1.0;13.0;A01
12903;201500008855;0;7;0;0.0;0.0;1.0;1.0;B02
12904;201500008856;0;10;0;6.0;2.0;7.0;17.0;A01
12905;201500008856;0;10;0;6.0;2.0;8.0;0.0;B02
12906;201500008857;0;7;0;8.0;2.0;2.0;13.0;A01
12907;201500008857;0;7;0;0.0;2.0;2.0;1.0;B02
12908;201500008858;0;7;0;0.0;2.0;3.0;1.0;A01
12909;201500008858;0;7;0;0.0;2.0;3.0;1.0;B02
12910;201500008859;0;7;0;0.0;1.0;1.0;1.0;A01
12911;201500008860;0;7;0;2.0;0.0;1.0;13.0;A01
12912;201500008861;0;36;0;13.0;0.0;1.0;21.0;A01
12913;201500008862;0;34;0;0.0;0.0;7.0;1.0;A01
12914;201500008863;0;31;0;0.0;2.0;1.0;17.0;A01
12915;201500008863;0;7;0;0.0;0.0;8.0;15.0;B02
12916;201500008864;0;7;0;2.0;0.0;2.0;1.0;A01
12917;201500008865;0;7;0;0.0;0.0;9.0;13.0;A01
12918;201500008866;0;7;0;0.0;2.0;3.0;13.0;A01
12919;201500008866;0;7;0;0.0;2.0;3.0;1.0;B02
12920;201500008867;0;7;0;0.0;2.0;2.0;1.0;B02
12921;201500008867;0;33;0;0.0;2.0;7.0;21.0;A01
12922;201500008868;0;7;0;6.0;0.0;2.0;15.0;A01
12923;201500008869;0;20;0;13.0;0.0;1.0;13.0;A01
12924;201500008870;0;7;0;0.0;2.0;2.0;15.0;B02
12925;201500008870;0;33;0;0.0;2.0;2.0;17.0;A01
12926;201500008872;0;30;0;0.0;2.0;1.0;1.0;B02
12927;201500008872;0;7;0;0.0;2.0;3.0;1.0;A01
12928;201500008873;0;38;0;0.0;2.0;1.0;1.0;C03
12929;201500008873;0;7;0;0.0;2.0;8.0;1.0;B02
12930;201500008873;0;7;0;0.0;2.0;1.0;13.0;A01
12931;201500008874;0;7;0;12.0;0.0;2.0;17.0;A01
12932;201500008875;0;7;0;0.0;2.0;1.0;21.0;A01
12933;201500008875;0;7;0;0.0;2.0;6.0;15.0;B02
12934;201500008875;0;7;0;0.0;2.0;1.0;1.0;C03
12935;201500008876;0;7;0;2.0;0.0;1.0;1.0;A01
12936;201500008878;0;7;0;0.0;2.0;3.0;1.0;B02
12937;201500008878;0;7;0;0.0;2.0;3.0;13.0;A01
12938;201500008880;0;7;0;0.0;2.0;1.0;1.0;B02
12939;201500008880;0;7;0;0.0;2.0;3.0;15.0;A01
12940;201500008881;0;33;0;11.0;0.0;1.0;1.0;A01
12941;201500008882;0;7;0;0.0;0.0;6.0;9.0;A01
12942;201500008882;0;7;0;0.0;2.0;1.0;1.0;B02
12943;201500008883;0;7;0;0.0;0.0;1.0;1.0;A01
12944;201500008884;0;7;0;0.0;1.0;1.0;1.0;A01
12945;201500008885;0;10;0;2.0;0.0;2.0;1.0;A01
12946;201500008886;0;33;0;3.0;0.0;3.0;1.0;A01
12947;201500008887;0;31;0;0.0;0.0;8.0;1.0;A01
12948;201500008889;0;33;0;0.0;2.0;1.0;13.0;A01
12949;201500008889;0;7;0;0.0;2.0;3.0;1.0;B02
12950;201500008890;0;34;0;0.0;2.0;8.0;13.0;A01
12951;201500008890;0;7;0;0.0;2.0;8.0;1.0;B02
12952;201500008890;0;7;0;0.0;2.0;1.0;1.0;C03
12953;201500008891;0;7;0;0.0;2.0;1.0;1.0;A01
12954;201500008891;0;14;0;0.0;2.0;1.0;1.0;B02
12955;201500008892;0;7;0;13.0;9.0;1.0;1.0;A01
12956;201500008893;0;33;0;0.0;0.0;3.0;1.0;A01
12957;201500008894;0;7;0;0.0;2.0;8.0;17.0;A01
12958;201500008894;0;33;0;0.0;2.0;7.0;17.0;B02
12959;201500008895;0;7;0;13.0;0.0;2.0;1.0;A01
12960;201500008896;0;7;0;2.0;0.0;9.0;1.0;A01
12961;201500008897;0;7;0;16.0;0.0;0.0;1.0;A01
12962;201500008898;0;7;0;13.0;2.0;1.0;13.0;A01
12963;201500008898;0;7;0;0.0;2.0;6.0;1.0;B02
12964;201500008898;0;7;0;0.0;2.0;3.0;1.0;C03
12965;201500008899;0;7;0;0.0;2.0;3.0;13.0;A01
12966;201500008899;0;14;0;0.0;2.0;3.0;1.0;B02
12967;201500008900;0;7;0;2.0;2.0;1.0;21.0;B02
12968;201500008900;0;10;0;0.0;2.0;3.0;15.0;A01
12969;201500008901;0;7;0;13.0;0.0;1.0;15.0;A01
12970;201500008902;0;7;0;0.0;2.0;3.0;13.0;A01
12971;201500008902;0;7;0;0.0;0.0;3.0;1.0;B02
12972;201500008903;0;33;0;0.0;2.0;1.0;1.0;A01
12973;201500008903;0;7;0;0.0;2.0;1.0;1.0;B02
12974;201500008903;0;7;0;0.0;2.0;8.0;1.0;C03
12975;201500008904;0;32;0;0.0;0.0;7.0;1.0;A01
12976;201500008905;0;7;0;13.0;0.0;9.0;1.0;A01
12977;201500008906;0;7;0;6.0;0.0;9.0;14.0;A01
12978;201500008908;0;7;0;13.0;0.0;9.0;13.0;A01
12979;201500008909;0;7;0;0.0;2.0;1.0;13.0;A01
12980;201500008909;0;7;0;0.0;2.0;1.0;1.0;B02
12981;201500008910;0;10;0;0.0;2.0;1.0;1.0;B02
12982;201500008910;0;7;0;0.0;0.0;4.0;1.0;A01
12983;201500008911;0;7;0;2.0;0.0;3.0;1.0;A01
12984;201500008912;0;10;0;0.0;2.0;6.0;2.0;B02
12985;201500008912;0;33;0;0.0;2.0;1.0;2.0;A01
12986;201500008913;0;7;0;0.0;2.0;4.0;2.0;A01
12987;201500008913;0;7;0;0.0;2.0;1.0;2.0;B02
12988;201500008913;0;7;0;0.0;2.0;3.0;5.0;C03
12989;201500008914;0;7;0;0.0;2.0;1.0;15.0;A01
12990;201500008914;0;10;0;0.0;2.0;1.0;1.0;B02
12991;201500008915;0;7;0;0.0;2.0;1.0;13.0;A01
12992;201500008915;0;15;0;0.0;2.0;1.0;1.0;B02
12993;201500008916;0;31;0;4.0;0.0;0.0;0.0;A01
12994;201500008917;0;7;0;0.0;2.0;3.0;13.0;A01
12995;201500008917;0;7;0;0.0;2.0;3.0;1.0;B02
12996;201500008918;0;7;0;13.0;2.0;7.0;17.0;B02
12997;201500008918;0;7;0;6.0;2.0;8.0;15.0;A01
12998;201500008919;0;7;0;13.0;0.0;1.0;1.0;A01
12999;201500008920;0;10;0;13.0;0.0;3.0;21.0;A01
13000;201500008921;0;7;0;0.0;1.0;1.0;0.0;A01
13001;201500008922;0;33;0;12.0;0.0;1.0;1.0;A01
13002;201500008923;0;7;0;0.0;1.0;4.0;20.0;A01
13003;201500008924;0;7;0;0.0;1.0;1.0;9.0;A01
13004;201500008925;0;10;0;0.0;2.0;3.0;9.0;B02
13005;201500008925;0;33;0;0.0;2.0;8.0;19.0;A01
13006;201500008926;0;31;0;6.0;0.0;3.0;1.0;A01
13007;201500008927;0;1;0;0.0;2.0;1.0;1.0;B02
13008;201500008927;0;7;0;0.0;9.0;2.0;15.0;A01
13009;201500008928;0;7;0;4.0;2.0;8.0;1.0;B02
13010;201500008928;0;10;0;0.0;2.0;3.0;13.0;A01
13011;201500008929;0;7;0;15.0;0.0;9.0;14.0;A01
13012;201500008930;0;7;0;1.0;0.0;3.0;1.0;A01
13013;201500008931;0;7;0;0.0;2.0;1.0;5.0;A01
13014;201500008931;0;7;0;0.0;2.0;1.0;1.0;B01
13015;201500008932;0;1;0;0.0;2.0;7.0;1.0;B01
13016;201500008932;0;7;0;0.0;9.0;1.0;9.0;A01
13017;201500008934;0;33;0;0.0;2.0;2.0;17.0;B01
13018;201500008934;0;7;0;0.0;;8.0;15.0;A01
13019;201500008935;0;7;0;0.0;1.0;1.0;1.0;A01
13020;201500008936;0;33;0;1.0;0.0;1.0;2.0;A01
13021;201500008936;0;7;0;0.0;;6.0;2.0;B01
13022;201500008937;0;7;0;0.0;1.0;1.0;16.0;A01
13023;201500008938;0;31;0;0.0;2.0;7.0;1.0;B01
13024;201500008938;0;7;0;0.0;;2.0;15.0;A01
13025;201500008939;0;33;0;0.0;2.0;1.0;1.0;B02
13026;201500008939;0;7;0;0.0;;7.0;15.0;A01
13027;201500008940;0;7;0;0.0;1.0;1.0;1.0;A01
13028;201500008941;0;7;0;0.0;1.0;2.0;0.0;A01
13029;201500008942;0;10;0;0.0;;3.0;15.0;B01
13030;201500008942;0;1;0;0.0;2.0;7.0;17.0;A01
13031;201500008943;0;7;0;0.0;2.0;1.0;1.0;A01
13032;201500008943;0;7;0;0.0;0.0;4.0;1.0;B01
13033;201500008944;0;7;0;0.0;2.0;7.0;19.0;A01
13034;201500008944;0;7;0;0.0;2.0;7.0;1.0;B01
13035;201500008945;0;30;0;0.0;2.0;8.0;1.0;A01
13036;201500008945;0;7;0;0.0;2.0;0.0;16.0;B01
13037;201500008946;0;7;0;0.0;1.0;5.0;4.0;A01
13038;201500008947;0;7;0;0.0;2.0;1.0;13.0;A01
13039;201500008947;0;17;0;0.0;;1.0;1.0;B01
13040;201500008948;0;7;0;0.0;2.0;7.0;1.0;A01
13041;201500008948;0;1;0;0.0;2.0;1.0;19.0;B01
13042;201500008949;0;7;0;0.0;0.0;6.0;15.0;B01
13043;201500008949;0;33;0;0.0;2.0;0.0;1.0;A01
13044;201500008950;0;7;0;0.0;1.0;2.0;1.0;A01
13045;201500008951;0;33;0;0.0;2.0;1.0;1.0;B01
13046;201500008951;0;7;0;0.0;;3.0;19.0;A01
13047;201500008952;0;7;0;13.0;0.0;9.0;14.0;A01
13048;201500008953;0;7;0;0.0;;2.0;15.0;A01
13049;201500008953;0;31;0;0.0;2.0;1.0;1.0;B01
13050;201500008954;0;7;0;0.0;1.0;1.0;21.0;A01
13051;201500008954;0;7;0;0.0;2.0;3.0;1.0;B01
13052;201500008955;0;1;0;0.0;2.0;8.0;13.0;A01
13053;201500008955;0;7;0;0.0;2.0;2.0;21.0;B01
13054;201500008956;0;7;0;0.0;1.0;1.0;1.0;A01
13055;201500008957;0;10;0;0.0;;1.0;1.0;B01
13056;201500008957;0;33;0;0.0;2.0;1.0;13.0;A01
13057;201500008958;0;7;0;0.0;;2.0;19.0;B01
13058;201500008958;0;33;0;0.0;2.0;1.0;1.0;A01
13059;201500008959;0;7;0;0.0;1.0;2.0;1.0;A01
13060;201500008960;0;33;0;0.0;2.0;1.0;1.0;A01
13061;201500008960;0;7;0;0.0;2.0;7.0;19.0;B01
13062;201500008961;0;1;0;0.0;;4.0;15.0;B01
13063;201500008961;1;7;0;0.0;2.0;1.0;9.0;Z01
13064;201500008962;0;7;0;0.0;1.0;1.0;16.0;A01
13065;201500008963;0;7;0;0.0;;8.0;1.0;B01
13066;201500008963;0;7;0;0.0;2.0;3.0;13.0;A01
13067;201500008964;0;7;0;0.0;;8.0;15.0;B01
13068;201500008964;0;2;0;0.0;2.0;1.0;1.0;A01
13069;201500008966;0;7;0;0.0;2.0;3.0;15.0;A01
13070;201500008966;0;31;0;0.0;;8.0;1.0;B01
13071;201500008967;0;7;0;10.0;2.0;8.0;1.0;B01
13072;201500008967;0;7;0;0.0;2.0;1.0;1.0;C01
13073;201500008967;0;7;0;10.0;2.0;1.0;1.0;A01
13074;201500008968;0;7;0;0.0;2.0;7.0;17.0;A01
13075;201500008968;0;7;0;0.0;;1.0;1.0;D01
13076;201500008968;0;7;0;0.0;;1.0;1.0;C01
13077;201500008968;0;38;2;0.0;;3.0;1.0;B01
13078;201500008969;0;7;0;0.0;1.0;3.0;1.0;A01
13079;201500008970;0;7;0;0.0;1.0;3.0;1.0;A01
13080;201500008971;0;7;0;0.0;2.0;1.0;1.0;A01
13081;201500008971;0;7;0;0.0;2.0;4.0;1.0;B01
13082;201500008971;0;7;0;0.0;0.0;4.0;1.0;C01
13083;201500008972;0;7;0;0.0;2.0;2.0;1.0;A01
13084;201500008972;0;1;0;0.0;2.0;4.0;19.0;B01
13085;201500008973;0;7;0;0.0;1.0;2.0;1.0;A01
13086;201500008974;0;38;20;13.0;0.0;2.0;0.0;A01
13087;201500008975;0;7;0;0.0;1.0;1.0;1.0;A01
13088;201500008976;0;7;0;0.0;2.0;3.0;9.0;A01
13089;201500008976;0;7;0;0.0;2.0;7.0;1.0;B02
13090;201500008977;0;7;0;15.0;0.0;1.0;1.0;A01
13091;201500008978;0;7;0;0.0;2.0;3.0;1.0;A01
13092;201500008978;0;31;0;0.0;2.0;1.0;9.0;B02
13093;201500008979;0;7;0;0.0;1.0;2.0;12.0;A01
13094;201500008980;0;10;0;2.0;0.0;1.0;15.0;A01
13095;201500008981;0;7;0;0.0;1.0;2.0;16.0;A01
13096;201500008982;0;7;0;0.0;2.0;0.0;1.0;B02
13097;201500008982;0;7;0;0.0;2.0;1.0;1.0;A01
13098;201500008985;0;7;0;6.0;0.0;1.0;1.0;A01
13099;201500008986;0;7;0;0.0;2.0;7.0;0.0;B02
13100;201500008986;0;7;0;0.0;2.0;1.0;1.0;A01
13101;201500008988;0;7;0;13.0;0.0;1.0;1.0;A01
13102;201500008989;0;7;0;0.0;2.0;1.0;1.0;C03
13103;201500008989;0;7;0;0.0;2.0;3.0;1.0;A01
13104;201500008989;0;10;0;0.0;2.0;3.0;1.0;B02
13105;201500008990;0;7;0;0.0;2.0;4.0;15.0;B02
13106;201500008990;0;7;0;0.0;2.0;1.0;1.0;A01
13107;201500008991;0;10;0;0.0;1.0;1.0;0.0;A01
13108;201500008992;0;7;0;0.0;2.0;1.0;16.0;B02
13109;201500008992;0;31;0;0.0;2.0;1.0;1.0;A01
13110;201500008993;0;33;0;0.0;2.0;1.0;1.0;A01
13111;201500008993;0;7;0;0.0;2.0;3.0;15.0;B02
13112;201500008995;0;7;0;0.0;0.0;3.0;1.0;B02
13113;201500008995;0;30;0;0.0;2.0;1.0;1.0;A01
13114;201500008996;0;7;0;0.0;2.0;1.0;0.0;B02
13115;201500008996;0;7;0;0.0;2.0;2.0;1.0;A01
13116;201500008997;0;2;0;0.0;2.0;1.0;17.0;B02
13117;201500008997;0;7;0;0.0;9.0;8.0;15.0;A01
13118;201500008998;0;7;0;0.0;2.0;1.0;14.0;A01
13119;201500008998;0;7;0;0.0;2.0;1.0;1.0;B02
13120;201500008999;0;7;0;0.0;1.0;3.0;15.0;A01
13121;201500009000;0;2;0;0.0;0.0;1.0;0.0;A01
13122;201500009001;0;30;0;0.0;2.0;1.0;1.0;B02
13123;201500009001;0;7;0;0.0;0.0;4.0;15.0;A01
13124;201500009002;0;7;0;3.0;0.0;9.0;21.0;A01
13125;201500009003;0;33;0;13.0;0.0;1.0;1.0;A01
13126;201500009005;0;7;0;0.0;0.0;6.0;20.0;B02
13127;201500009005;0;14;0;0.0;2.0;2.0;1.0;A01
13128;201500009006;0;7;0;0.0;2.0;2.0;1.0;A01
13129;201500009006;0;30;0;0.0;2.0;1.0;1.0;B02
13130;201500009007;0;7;0;0.0;0.0;0.0;2.0;A01
13131;201500009008;0;7;0;0.0;2.0;0.0;21.0;B02
13132;201500009008;0;17;0;0.0;2.0;8.0;0.0;C03
13133;201500009008;0;7;0;0.0;2.0;2.0;21.0;A01
13134;201500009009;0;7;0;0.0;1.0;7.0;0.0;A01
13135;201500009010;0;7;0;0.0;0.0;0.0;23.0;B02
13136;201500009010;0;33;0;1.0;0.0;0.0;21.0;A01
13137;201500009011;0;7;0;14.0;0.0;0.0;1.0;A01
13138;201500009012;0;7;0;0.0;1.0;3.0;2.0;A01
13139;201500009013;0;10;0;13.0;0.0;1.0;13.0;A01
13140;201500009014;0;7;0;0.0;0.0;3.0;0.0;A01
13141;201500009014;0;15;0;0.0;0.0;3.0;0.0;B02
13142;201500009015;0;10;0;0.0;0.0;6.0;23.0;B02
13143;201500009015;0;33;0;0.0;2.0;1.0;2.0;A01
13144;201500009016;0;33;0;0.0;0.0;1.0;17.0;B02
13145;201500009016;0;7;0;0.0;0.0;3.0;15.0;A01
13146;201500009017;0;33;0;0.0;2.0;1.0;19.0;A01
13147;201500009017;0;7;0;0.0;9.0;1.0;1.0;B02
13148;201500009018;0;33;0;0.0;2.0;3.0;13.0;A01
13149;201500009018;0;7;0;0.0;2.0;3.0;21.0;B02
13150;201500009018;0;7;0;0.0;2.0;8.0;0.0;D04
13151;201500009018;0;33;0;0.0;2.0;4.0;2.0;C03
13152;201500009019;0;7;0;0.0;9.0;7.0;1.0;B02
13153;201500009019;0;1;0;0.0;2.0;8.0;1.0;A01
13154;201500009020;0;7;0;2.0;0.0;3.0;1.0;A01
13155;201500009021;0;7;0;0.0;2.0;6.0;9.0;A01
13156;201500009021;0;31;0;0.0;2.0;1.0;1.0;B02
13157;201500009022;0;3;0;0.0;0.0;3.0;1.0;A01
13158;201500009022;0;7;0;0.0;2.0;3.0;1.0;B02
13159;201500009023;0;7;0;0.0;0.0;4.0;0.0;A01
13160;201500009023;0;7;0;1.0;0.0;1.0;0.0;B02
13161;201500009024;0;1;0;1.0;9.0;1.0;1.0;B02
13162;201500009024;0;7;0;1.0;9.0;8.0;22.0;A01
13163;201500009025;0;7;0;0.0;2.0;3.0;13.0;A01
13164;201500009025;0;7;0;0.0;2.0;3.0;1.0;B02
13165;201500009026;0;10;0;0.0;2.0;6.0;1.0;C03
13166;201500009026;0;7;0;0.0;2.0;3.0;11.0;B02
13167;201500009026;0;31;0;3.0;2.0;2.0;2.0;A01
13168;201500009027;0;2;0;0.0;0.0;2.0;1.0;A01
13169;201500009028;0;7;0;0.0;0.0;3.0;13.0;B02
13170;201500009028;0;7;0;0.0;2.0;1.0;1.0;A01
13171;201500009030;0;13;0;0.0;0.0;2.0;0.0;A01
13172;201500009030;0;1;0;0.0;0.0;0.0;0.0;B02
13173;201500009032;0;7;0;0.0;1.0;2.0;1.0;A01
13174;201500009033;0;7;0;0.0;2.0;3.0;1.0;B02
13175;201500009033;0;7;0;0.0;2.0;3.0;13.0;A01
13176;201500009034;0;33;0;0.0;0.0;7.0;16.0;A01
13177;201500009036;0;7;0;0.0;2.0;1.0;13.0;A01
13178;201500009036;0;7;0;0.0;2.0;1.0;1.0;B02
13179;201500009037;0;15;0;0.0;0.0;3.0;1.0;A01
13180;201500009039;0;7;0;2.0;0.0;8.0;1.0;A01
13181;201500009040;0;30;0;0.0;0.0;6.0;2.0;B02
13182;201500009040;0;7;0;0.0;2.0;2.0;2.0;A01
13183;201500009041;0;7;0;0.0;2.0;3.0;17.0;A01
13184;201500009041;0;7;0;0.0;2.0;3.0;1.0;B02
13185;201500009042;0;37;1;0.0;2.0;2.0;2.0;B02
13186;201500009042;0;7;0;12.0;2.0;3.0;1.0;A01
13187;201500009043;1;7;0;0.0;1.0;2.0;5.0;Z01
13188;201500009044;0;30;0;0.0;2.0;1.0;1.0;A01
13189;201500009044;0;7;0;0.0;2.0;4.0;2.0;B02
13190;201500009045;0;7;0;0.0;1.0;2.0;1.0;A01
13191;201500009046;0;10;0;0.0;2.0;3.0;1.0;B02
13192;201500009046;0;10;0;0.0;2.0;1.0;1.0;C03
13193;201500009046;0;7;0;0.0;2.0;1.0;5.0;A01
13194;201500009048;0;10;0;0.0;2.0;6.0;23.0;A01
13195;201500009048;0;10;0;0.0;2.0;2.0;2.0;B02
13196;201500009049;0;14;0;0.0;2.0;1.0;1.0;A01
13197;201500009049;0;7;0;0.0;2.0;7.0;13.0;B02
13198;201500009049;0;14;0;0.0;2.0;2.0;15.0;C03
13199;201500009050;0;7;0;2.0;0.0;1.0;1.0;A01
13200;201500009051;0;2;0;0.0;2.0;5.0;0.0;B02
13201;201500009051;0;7;0;0.0;2.0;3.0;1.0;A01
13202;201500009052;0;32;0;12.0;0.0;1.0;13.0;A01
13203;201500009053;0;33;0;0.0;2.0;1.0;1.0;B02
13204;201500009053;0;10;0;0.0;2.0;8.0;15.0;A01
13205;201500009054;0;7;0;0.0;1.0;2.0;1.0;A01
13206;201500009055;0;33;0;3.0;0.0;2.0;1.0;A01
13207;201500009056;0;7;0;0.0;2.0;2.0;15.0;A01
13208;201500009056;0;33;0;0.0;2.0;8.0;1.0;B02
13209;201500009057;0;7;0;0.0;2.0;3.0;13.0;A01
13210;201500009057;0;7;0;0.0;2.0;8.0;1.0;B02
13211;201500009058;0;14;0;0.0;2.0;1.0;1.0;B02
13212;201500009058;0;13;0;0.0;2.0;1.0;19.0;A01
13213;201500009059;0;7;0;16.0;0.0;3.0;13.0;A01
13214;201500009060;0;15;0;0.0;2.0;2.0;2.0;B02
13215;201500009060;0;7;0;0.0;2.0;6.0;23.0;A01
13216;201500009061;0;10;0;2.0;0.0;3.0;13.0;A01
13217;201500009062;0;33;0;0.0;2.0;3.0;21.0;A01
13218;201500009062;0;14;0;0.0;2.0;3.0;21.0;B02
13219;201500009063;0;7;0;8.0;0.0;3.0;1.0;A01
13220;201500009064;0;10;0;0.0;2.0;3.0;16.0;C03
13221;201500009064;0;7;0;0.0;2.0;1.0;19.0;B02
13222;201500009064;0;7;0;0.0;2.0;0.0;1.0;A01
13223;201500009066;0;10;0;0.0;2.0;4.0;1.0;B02
13224;201500009066;0;33;0;0.0;2.0;1.0;1.0;A01
13225;201500009067;0;7;0;0.0;2.0;7.0;9.0;A01
13226;201500009067;0;7;0;0.0;2.0;1.0;1.0;B02
13227;201500009069;0;7;0;0.0;2.0;8.0;10.0;A01
13228;201500009069;0;33;0;0.0;2.0;1.0;1.0;B02
13229;201500009070;0;14;0;0.0;1.0;1.0;20.0;A01
13230;201500009072;0;7;0;0.0;2.0;7.0;6.0;A01
13231;201500009072;0;7;0;0.0;2.0;1.0;1.0;B02
13232;201500009073;0;7;0;0.0;2.0;3.0;13.0;A01
13233;201500009073;0;7;0;0.0;2.0;2.0;1.0;B02
13234;201500009074;0;7;0;0.0;1.0;2.0;1.0;A01
13235;201500009076;0;7;0;0.0;2.0;1.0;9.0;A01
13236;201500009076;0;7;0;0.0;2.0;1.0;17.0;B02
13237;201500009077;0;7;0;0.0;2.0;1.0;1.0;B02
13238;201500009077;0;15;0;0.0;2.0;1.0;1.0;A01
13239;201500009078;0;7;0;0.0;0.0;9.0;1.0;A01
13240;201500009079;0;7;0;0.0;2.0;3.0;1.0;A01
13241;201500009079;0;2;0;0.0;2.0;1.0;13.0;B02