;Num_Acc;senc;catv;occutc;obs;obsm;choc;manv;num_veh
13242;201500009080;0;10;0;0.0;6.0;1.0;19.0;A01
13243;201500009081;0;7;0;0.0;2.0;1.0;1.0;A01
13244;201500009081;0;7;0;0.0;2.0;7.0;13.0;B02
13245;201500009082;0;33;0;8.0;0.0;1.0;1.0;A01
13246;201500009083;0;32;0;0.0;2.0;1.0;13.0;A01
13247;201500009083;0;7;0;0.0;2.0;3.0;0.0;B02
13248;201500009084;0;7;0;0.0;2.0;1.0;2.0;B02
13249;201500009084;0;7;0;0.0;2.0;3.0;10.0;A01
13250;201500009085;0;7;0;0.0;2.0;1.0;2.0;B02
13251;201500009085;0;7;0;0.0;2.0;4.0;23.0;A01
13252;201500009086;0;1;0;0.0;2.0;1.0;1.0;B02
13253;201500009086;0;7;0;0.0;2.0;7.0;19.0;A01
13254;201500009087;0;10;0;0.0;2.0;3.0;9.0;A01
13255;201500009087;0;30;0;0.0;2.0;7.0;1.0;B02
13256;201500009088;0;7;0;11.0;0.0;1.0;1.0;A01
13257;201500009089;0;33;0;0.0;2.0;1.0;13.0;A01
13258;201500009089;0;7;0;0.0;2.0;1.0;1.0;B02
13259;201500009090;0;33;0;0.0;2.0;1.0;1.0;A01
13260;201500009090;0;7;0;0.0;2.0;5.0;16.0;B02
13261;201500009091;0;7;0;0.0;2.0;1.0;9.0;B02
13262;201500009091;0;1;0;0.0;2.0;4.0;14.0;A01
13263;201500009092;0;15;0;5.0;0.0;8.0;19.0;A01
13264;201500009093;0;7;0;0.0;2.0;6.0;15.0;B02
13265;201500009093;0;33;0;0.0;2.0;1.0;1.0;A01
13266;201500009094;0;7;0;0.0;2.0;4.0;23.0;A01
13267;201500009094;0;7;0;0.0;2.0;1.0;1.0;B02
13268;201500009095;0;33;0;0.0;0.0;7.0;1.0;A01
13269;201500009096;0;7;0;0.0;2.0;3.0;1.0;A01
13270;201500009096;0;7;0;0.0;2.0;3.0;15.0;B02
13271;201500009097;0;30;0;9.0;2.0;1.0;17.0;B02
13272;201500009097;0;7;0;0.0;2.0;8.0;15.0;A01
13273;201500009099;0;7;0;6.0;2.0;2.0;1.0;A01
13274;201500009099;0;21;0;0.0;2.0;1.0;19.0;B02
13275;201500009100;0;7;0;0.0;2.0;6.0;1.0;A01
13276;201500009100;0;7;0;0.0;2.0;2.0;2.0;B02
13277;201500009101;0;30;0;0.0;2.0;1.0;1.0;A01
13278;201500009101;0;7;0;0.0;2.0;4.0;1.0;B02
13279;201500009102;0;30;0;0.0;2.0;4.0;15.0;B02
13280;201500009102;0;7;0;0.0;2.0;1.0;9.0;A01
13281;201500009103;0;7;0;0.0;1.0;1.0;1.0;A01
13282;201500009104;0;2;0;0.0;2.0;1.0;17.0;B02
13283;201500009104;0;7;0;0.0;2.0;6.0;10.0;A01
13284;201500009105;0;7;0;0.0;2.0;3.0;1.0;A01
13285;201500009105;0;7;0;0.0;2.0;2.0;9.0;B02
13286;201500009106;1;34;0;8.0;0.0;1.0;1.0;A01
13287;201500009107;0;7;0;9.0;0.0;1.0;1.0;A01
13288;201500009108;0;7;0;0.0;2.0;6.0;10.0;B02
13289;201500009108;0;33;0;0.0;2.0;1.0;11.0;A01
13290;201500009109;0;30;0;0.0;2.0;1.0;1.0;B02
13291;201500009109;0;7;0;0.0;2.0;8.0;15.0;A01
13292;201500009110;0;10;0;0.0;2.0;4.0;23.0;B02
13293;201500009110;0;7;0;0.0;2.0;1.0;1.0;A01
13294;201500009111;0;1;0;0.0;2.0;7.0;15.0;A01
13295;201500009111;0;7;0;0.0;2.0;3.0;15.0;B02
13296;201500009112;0;7;0;0.0;2.0;1.0;1.0;C03
13297;201500009112;0;7;0;0.0;2.0;1.0;11.0;B02
13298;201500009112;0;10;0;3.0;2.0;2.0;1.0;A01
13299;201500009113;0;7;0;0.0;1.0;1.0;0.0;A01
13300;201500009114;0;33;0;0.0;2.0;1.0;1.0;A01
13301;201500009114;0;3;0;0.0;2.0;8.0;15.0;B02
13302;201500009115;0;1;0;0.0;1.0;1.0;1.0;A01
13303;201500009116;0;2;0;0.0;2.0;7.0;1.0;B02
13304;201500009116;0;7;0;0.0;2.0;1.0;1.0;A01
13305;201500009117;0;7;0;0.0;1.0;1.0;1.0;A01
13306;201500009118;0;7;0;0.0;2.0;4.0;23.0;C03
13307;201500009118;0;7;0;0.0;2.0;4.0;23.0;D04
13308;201500009118;0;7;0;1.0;0.0;1.0;1.0;A01
13309;201500009118;0;7;0;0.0;2.0;4.0;23.0;B02
13310;201500009119;0;7;0;4.0;0.0;2.0;14.0;A01
13311;201500009120;0;7;0;0.0;2.0;7.0;13.0;A01
13312;201500009120;0;1;0;0.0;2.0;1.0;15.0;B02
13313;201500009121;0;7;0;0.0;2.0;3.0;15.0;A01
13314;201500009121;0;7;0;0.0;2.0;3.0;1.0;B02
13315;201500009122;0;7;0;0.0;1.0;3.0;1.0;A01
13316;201500009123;0;7;0;8.0;0.0;1.0;1.0;A01
13317;201500009124;0;33;0;0.0;6.0;1.0;1.0;A01
13318;201500009125;0;33;0;16.0;0.0;1.0;1.0;A01
13319;201500009126;0;7;0;2.0;0.0;8.0;1.0;A01
13320;201500009127;0;7;0;2.0;0.0;1.0;14.0;A01
13321;201500009128;0;7;0;0.0;2.0;3.0;1.0;A01
13322;201500009128;0;7;0;0.0;2.0;3.0;13.0;B02
13323;201500009130;0;7;0;6.0;0.0;8.0;13.0;A01
13324;201500009131;0;7;0;2.0;2.0;9.0;1.0;A01
13325;201500009131;0;7;0;0.0;2.0;1.0;19.0;B02
13326;201500009132;0;7;0;0.0;2.0;1.0;1.0;A01
13327;201500009132;0;7;0;0.0;2.0;1.0;17.0;B02
13328;201500009134;0;7;0;15.0;2.0;3.0;1.0;B02
13329;201500009134;0;33;0;0.0;2.0;1.0;13.0;A01
13330;201500009135;0;7;0;0.0;1.0;3.0;17.0;A01
13331;201500009136;0;7;0;0.0;2.0;1.0;13.0;A01
13332;201500009136;0;7;0;0.0;2.0;3.0;1.0;B02
13333;201500009137;0;7;0;0.0;1.0;3.0;1.0;A01
13334;201500009138;0;31;0;0.0;2.0;1.0;1.0;A01
13335;201500009138;0;7;0;0.0;2.0;8.0;19.0;B02
13336;201500009139;0;7;0;6.0;1.0;1.0;1.0;A01
13337;201500009140;0;7;0;2.0;0.0;1.0;1.0;A01
13338;201500009141;0;34;0;0.0;2.0;1.0;13.0;A01
13339;201500009141;0;7;0;0.0;2.0;1.0;1.0;B02
13340;201500009142;0;7;0;0.0;2.0;1.0;13.0;B02
13341;201500009142;0;7;0;0.0;2.0;2.0;1.0;C03
13342;201500009142;0;7;0;0.0;2.0;3.0;1.0;A01
13343;201500009143;0;33;0;4.0;0.0;7.0;1.0;A01
13344;201500009145;0;7;0;6.0;0.0;8.0;13.0;A01
13345;201500009146;0;7;0;0.0;2.0;3.0;1.0;A01
13346;201500009146;0;1;0;0.0;2.0;1.0;1.0;B02
13347;201500009147;0;7;0;2.0;0.0;1.0;14.0;A01
13348;201500009148;0;14;0;0.0;2.0;6.0;1.0;B02
13349;201500009148;0;7;0;0.0;2.0;2.0;17.0;A01
13350;201500009148;0;14;0;0.0;2.0;1.0;1.0;C03
13351;201500009149;0;7;0;0.0;2.0;1.0;1.0;B02
13352;201500009149;0;7;0;0.0;2.0;1.0;11.0;A01
13353;201500009150;0;1;0;16.0;0.0;1.0;1.0;A01
13354;201500009151;0;10;0;13.0;0.0;9.0;21.0;A01
13355;201500009152;0;7;0;0.0;2.0;3.0;13.0;A01
13356;201500009152;0;7;0;0.0;2.0;1.0;1.0;B02
13357;201500009152;0;15;0;0.0;2.0;3.0;1.0;C03
13358;201500009153;0;7;0;0.0;1.0;1.0;1.0;A01
13359;201500009154;0;7;0;0.0;2.0;1.0;17.0;A01
13360;201500009154;0;33;0;0.0;2.0;9.0;21.0;B02
13361;201500009155;0;7;0;0.0;2.0;1.0;1.0;B02
13362;201500009155;0;7;0;0.0;0.0;3.0;13.0;A01
13363;201500009156;0;33;0;0.0;2.0;4.0;2.0;B02
13364;201500009156;0;7;0;0.0;2.0;1.0;1.0;A01
13365;201500009157;0;10;0;0.0;2.0;6.0;9.0;A01
13366;201500009157;0;33;0;0.0;2.0;1.0;1.0;B02
13367;201500009158;0;7;0;0.0;1.0;2.0;1.0;A01
13368;201500009159;0;7;0;0.0;2.0;4.0;2.0;B02
13369;201500009159;0;7;0;0.0;2.0;3.0;17.0;A01
13370;201500009159;0;7;0;0.0;2.0;3.0;1.0;C03
13371;201500009160;0;7;0;0.0;2.0;6.0;2.0;A01
13372;201500009160;0;7;0;0.0;2.0;4.0;2.0;B02
13373;201500009160;0;7;0;0.0;2.0;9.0;2.0;C03
13374;201500009160;0;7;0;0.0;2.0;4.0;2.0;D04
13375;201500009160;0;7;0;0.0;2.0;1.0;1.0;E05
13376;201500009161;0;7;0;0.0;2.0;1.0;1.0;A01
13377;201500009161;0;1;0;0.0;2.0;4.0;2.0;B02
13378;201500009162;0;34;0;16.0;0.0;2.0;15.0;A01
13379;201500009163;0;7;0;0.0;2.0;2.0;15.0;B02
13380;201500009163;0;32;0;0.0;2.0;1.0;1.0;A01
13381;201500009164;0;7;0;0.0;0.0;1.0;13.0;A01
13382;201500009164;0;14;0;1.0;0.0;3.0;24.0;B02
13383;201500009165;0;7;0;0.0;1.0;2.0;1.0;A01
13384;201500009166;0;36;0;13.0;0.0;1.0;1.0;A01
13385;201500009167;0;7;0;0.0;0.0;1.0;1.0;A01
13386;201500009167;0;7;0;0.0;0.0;8.0;16.0;B02
13387;201500009168;0;7;0;0.0;2.0;1.0;13.0;A01
13388;201500009168;0;7;0;0.0;2.0;3.0;1.0;B02
13389;201500009168;0;7;0;0.0;2.0;8.0;1.0;C03
13390;201500009170;0;7;0;0.0;2.0;3.0;17.0;A01
13391;201500009170;0;15;0;0.0;2.0;3.0;1.0;B02
13392;201500009172;1;7;0;0.0;1.0;2.0;1.0;A01
13393;201500009173;0;7;0;0.0;2.0;1.0;1.0;B02
13394;201500009173;0;7;0;0.0;2.0;3.0;1.0;A01
13395;201500009174;0;7;0;0.0;2.0;1.0;15.0;A01
13396;201500009174;0;34;0;0.0;2.0;1.0;1.0;B02
13397;201500009175;0;10;0;2.0;0.0;3.0;1.0;A01
13398;201500009176;0;10;0;2.0;0.0;1.0;1.0;A01
13399;201500009178;0;7;0;0.0;0.0;2.0;1.0;A01
13400;201500009178;0;7;0;0.0;0.0;8.0;9.0;B02
13401;201500009179;0;7;0;0.0;2.0;3.0;15.0;A01
13402;201500009179;0;31;0;0.0;2.0;3.0;1.0;B02
13403;201500009180;0;7;0;2.0;0.0;7.0;1.0;A01
13404;201500009181;0;7;0;0.0;2.0;8.0;1.0;A01
13405;201500009181;0;21;0;0.0;0.0;1.0;1.0;B02
13406;201500009182;0;15;0;0.0;2.0;3.0;1.0;A01
13407;201500009182;0;7;0;0.0;2.0;1.0;13.0;B02
13408;201500009183;0;7;0;0.0;1.0;3.0;15.0;A01
13409;201500009184;0;7;0;2.0;0.0;8.0;1.0;A01
13410;201500009185;0;3;0;13.0;0.0;1.0;0.0;A01
13411;201500009186;0;7;0;0.0;2.0;2.0;17.0;B02
13412;201500009186;0;33;0;0.0;2.0;2.0;1.0;A01
13413;201500009187;0;7;0;0.0;0.0;6.0;2.0;A01
13414;201500009187;0;31;0;0.0;2.0;1.0;2.0;B02
13415;201500009188;0;7;0;0.0;0.0;0.0;2.0;A01
13416;201500009189;0;7;0;0.0;2.0;8.0;13.0;A01
13417;201500009189;0;7;0;0.0;2.0;3.0;1.0;B02
13418;201500009190;0;7;0;2.0;0.0;9.0;16.0;A01
13419;201500009192;0;7;0;0.0;2.0;2.0;15.0;A01
13420;201500009192;0;33;0;0.0;2.0;1.0;1.0;B02
13421;201500009192;0;7;0;0.0;2.0;1.0;1.0;C03
13422;201500009193;0;7;0;15.0;0.0;1.0;13.0;A01
13423;201500009194;0;7;0;0.0;9.0;2.0;1.0;A01
13424;201500009194;0;1;0;0.0;2.0;1.0;15.0;B02
13425;201500009195;0;7;0;0.0;2.0;2.0;15.0;A01
13426;201500009195;0;2;0;0.0;2.0;3.0;1.0;B02
13427;201500009196;0;7;0;0.0;0.0;2.0;1.0;A01
13428;201500009196;0;7;0;0.0;0.0;2.0;0.0;B02
13429;201500009197;0;33;0;3.0;0.0;0.0;1.0;A01
13430;201500009198;0;7;0;2.0;0.0;7.0;1.0;A01
13431;201500009199;0;33;0;0.0;0.0;0.0;0.0;A01
13432;201500009200;0;7;0;0.0;1.0;0.0;0.0;A01
13433;201500009201;0;7;0;0.0;2.0;2.0;11.0;A01
13434;201500009201;0;33;0;0.0;2.0;1.0;0.0;B02
13435;201500009202;0;33;0;0.0;2.0;2.0;17.0;A01
13436;201500009202;0;7;0;0.0;0.0;6.0;17.0;B02
13437;201500009203;0;2;0;0.0;0.0;9.0;17.0;A01
13438;201500009203;0;7;0;0.0;0.0;3.0;1.0;B02
13439;201500009204;0;33;0;0.0;2.0;9.0;1.0;A01
13440;201500009204;0;21;0;0.0;2.0;0.0;9.0;B02
13441;201500009206;0;7;0;13.0;0.0;9.0;17.0;A01
13442;201500009207;2;7;0;6.0;0.0;1.0;1.0;A01
13443;201500009208;0;7;0;0.0;2.0;1.0;1.0;A01
13444;201500009208;0;7;0;0.0;2.0;8.0;1.0;B02
13445;201500009209;0;7;0;0.0;2.0;2.0;1.0;A01
13446;201500009209;0;33;0;0.0;2.0;1.0;1.0;B02
13447;201500009210;0;33;0;2.0;0.0;1.0;0.0;A01
13448;201500009211;0;31;0;0.0;6.0;1.0;1.0;A01
13449;201500009212;0;7;0;2.0;0.0;8.0;14.0;A01
13450;201500009213;0;7;0;0.0;2.0;3.0;5.0;A01
13451;201500009213;0;7;0;0.0;2.0;3.0;1.0;B02
13452;201500009214;0;7;0;0.0;2.0;1.0;13.0;A01
13453;201500009214;0;10;0;0.0;0.0;1.0;1.0;B02
13454;201500009215;0;31;0;0.0;2.0;9.0;2.0;A01
13455;201500009215;0;7;0;0.0;0.0;6.0;2.0;B02
13456;201500009215;0;7;0;0.0;0.0;7.0;5.0;C03
13457;201500009215;0;37;1;1.0;0.0;0.0;24.0;D04
13458;201500009216;0;2;0;0.0;0.0;0.0;0.0;A01
13459;201500009218;0;7;0;0.0;1.0;1.0;11.0;A01
13460;201500009219;0;7;0;0.0;0.0;3.0;19.0;B02
13461;201500009219;0;10;0;0.0;0.0;1.0;0.0;A01
13462;201500009220;0;7;0;0.0;9.0;3.0;1.0;A01
13463;201500009220;0;7;0;0.0;2.0;1.0;2.0;B02
13464;201500009220;0;1;0;0.0;2.0;5.0;5.0;C03
13465;201500009221;0;33;0;0.0;2.0;5.0;17.0;A01
13466;201500009221;0;7;0;0.0;2.0;3.0;1.0;B02
13467;201500009222;0;7;0;0.0;2.0;3.0;13.0;A01
13468;201500009222;0;15;0;0.0;2.0;3.0;21.0;B02
13469;201500009222;0;7;0;0.0;2.0;1.0;1.0;C03
13470;201500009223;0;7;0;0.0;2.0;1.0;1.0;B02
13471;201500009223;0;30;0;0.0;0.0;7.0;1.0;A01
13472;201500009224;0;10;0;0.0;0.0;9.0;1.0;A01
13473;201500009225;0;33;0;0.0;0.0;0.0;0.0;A01
13474;201500009226;0;7;0;0.0;2.0;2.0;15.0;A01
13475;201500009226;0;33;0;0.0;2.0;1.0;1.0;B02
13476;201500009227;0;7;0;0.0;2.0;3.0;17.0;A01
13477;201500009227;0;7;0;0.0;2.0;3.0;1.0;B02
13478;201500009228;0;7;0;1.0;0.0;2.0;14.0;A01
13479;201500009228;0;10;0;0.0;2.0;4.0;24.0;B02
13480;201500009229;0;7;0;13.0;0.0;1.0;1.0;A01
13481;201500009230;0;7;0;0.0;0.0;3.0;5.0;A01
13482;201500009230;0;7;0;0.0;2.0;3.0;1.0;B02
13483;201500009231;0;30;0;2.0;0.0;1.0;1.0;A01
13484;201500009232;0;30;0;0.0;2.0;8.0;1.0;B02
13485;201500009232;0;21;0;0.0;0.0;3.0;15.0;A01
13486;201500009233;0;7;0;2.0;0.0;1.0;0.0;A01
13487;201500009234;0;7;0;15.0;0.0;3.0;1.0;B02
13488;201500009234;0;7;0;15.0;0.0;1.0;21.0;A01
13489;201500009235;0;10;0;0.0;2.0;1.0;1.0;A01
13490;201500009235;0;7;0;0.0;2.0;6.0;4.0;B02
13491;201500009236;0;7;0;0.0;2.0;3.0;1.0;B02
13492;201500009236;0;10;0;0.0;2.0;2.0;1.0;A01
13493;201500009237;0;7;0;0.0;2.0;3.0;13.0;A01
13494;201500009237;0;38;1;0.0;2.0;3.0;1.0;B02
13495;201500009237;0;7;0;0.0;2.0;3.0;1.0;C03
13496;201500009240;0;7;0;0.0;2.0;6.0;13.0;A01
13497;201500009240;0;7;0;0.0;2.0;3.0;1.0;B02
13498;201500009241;0;14;0;0.0;2.0;1.0;1.0;A01
13499;201500009241;0;10;0;3.0;0.0;6.0;1.0;B02
13500;201500009242;0;7;0;0.0;0.0;3.0;1.0;A01
13501;201500009243;0;7;0;0.0;0.0;2.0;1.0;A01
13502;201500009244;0;1;0;0.0;2.0;1.0;19.0;A01
13503;201500009244;0;7;0;0.0;9.0;7.0;1.0;B02
13504;201500009246;0;7;0;0.0;2.0;1.0;1.0;A01
13505;201500009246;0;7;0;0.0;2.0;1.0;1.0;B02
13506;201500009247;0;7;0;0.0;2.0;1.0;13.0;A01
13507;201500009247;0;7;0;0.0;2.0;1.0;2.0;B02
13508;201500009248;0;31;0;0.0;2.0;1.0;1.0;A01
13509;201500009248;0;7;0;0.0;0.0;8.0;11.0;B02
13510;201500009249;0;7;0;0.0;0.0;9.0;0.0;A01
13511;201500009250;0;7;0;1.0;0.0;1.0;1.0;A01
13512;201500009250;0;10;0;0.0;2.0;4.0;24.0;B02
13513;201500009251;0;7;0;0.0;2.0;1.0;2.0;A01
13514;201500009251;0;15;0;0.0;0.0;0.0;16.0;B02
13515;201500009252;0;7;0;1.0;0.0;1.0;2.0;A01
13516;201500009252;0;7;0;0.0;2.0;4.0;23.0;B02
13517;201500009252;0;7;0;0.0;2.0;4.0;23.0;C03
13518;201500009253;0;7;0;0.0;0.0;8.0;2.0;A01
13519;201500009253;0;7;0;0.0;0.0;2.0;2.0;B02
13520;201500009254;0;7;0;6.0;0.0;8.0;1.0;A01
13521;201500009255;0;7;0;0.0;0.0;9.0;1.0;A01
13522;201500009256;0;7;0;2.0;0.0;8.0;1.0;A01
13523;201500009257;0;7;0;0.0;2.0;2.0;15.0;A01
13524;201500009257;0;7;0;0.0;2.0;3.0;1.0;B02
13525;201500009258;0;31;0;16.0;0.0;0.0;1.0;A01
13526;201500009259;0;7;0;0.0;2.0;1.0;1.0;B02
13527;201500009259;0;7;0;0.0;2.0;8.0;1.0;A01
13528;201500009260;0;7;0;0.0;2.0;1.0;2.0;A01
13529;201500009260;0;10;0;0.0;2.0;4.0;2.0;B02
13530;201500009261;0;33;0;6.0;0.0;1.0;1.0;A01
13531;201500009263;0;33;0;16.0;0.0;7.0;1.0;A01
13532;201500009263;0;34;0;16.0;0.0;0.0;1.0;B02
13533;201500009263;0;33;0;0.0;0.0;0.0;21.0;C03
13534;201500009264;0;36;0;15.0;0.0;4.0;0.0;A01
13535;201500009265;0;7;0;0.0;2.0;1.0;21.0;A01
13536;201500009265;0;7;0;0.0;2.0;1.0;1.0;B02
13537;201500009266;0;7;0;0.0;2.0;2.0;15.0;A01
13538;201500009266;0;33;0;0.0;2.0;1.0;1.0;B02
13539;201500009267;0;7;0;0.0;0.0;3.0;12.0;A01
13540;201500009267;0;15;0;1.0;0.0;5.0;24.0;B02
13541;201500009268;0;7;0;0.0;1.0;0.0;0.0;A01
13542;201500009269;0;33;0;0.0;2.0;1.0;17.0;A01
13543;201500009269;0;7;0;0.0;0.0;8.0;15.0;B02
13544;201500009270;0;33;0;0.0;2.0;1.0;1.0;A01
13545;201500009270;0;15;0;0.0;2.0;7.0;15.0;B02
13546;201500009271;0;7;0;0.0;1.0;1.0;1.0;A01
13547;201500009272;0;7;0;0.0;2.0;1.0;1.0;A01
13548;201500009272;0;7;0;0.0;2.0;3.0;1.0;B02
13549;201500009273;0;7;0;4.0;0.0;9.0;17.0;A01
13550;201500009274;0;7;0;0.0;0.0;0.0;9.0;C03
13551;201500009274;0;7;0;0.0;0.0;0.0;13.0;A01
13552;201500009274;0;33;0;0.0;0.0;0.0;13.0;B02
13553;201500009275;0;2;0;16.0;0.0;0.0;1.0;A01
13554;201500009276;0;7;0;0.0;2.0;1.0;13.0;A01
13555;201500009276;0;10;0;0.0;2.0;1.0;1.0;B02
13556;201500009277;0;7;0;0.0;2.0;3.0;5.0;A01
13557;201500009277;0;7;0;0.0;0.0;3.0;1.0;B02
13558;201500009278;0;7;0;0.0;2.0;1.0;1.0;A01
13559;201500009278;0;7;0;0.0;2.0;7.0;13.0;B02
13560;201500009279;0;7;0;0.0;2.0;2.0;9.0;A01
13561;201500009279;0;33;0;0.0;2.0;7.0;1.0;B02
13562;201500009279;0;7;0;0.0;2.0;3.0;1.0;C03
13563;201500009280;0;7;0;0.0;2.0;1.0;2.0;A01
13564;201500009280;0;30;0;0.0;0.0;4.0;2.0;B02
13565;201500009281;0;7;0;0.0;2.0;7.0;19.0;A01
13566;201500009281;0;7;0;0.0;2.0;1.0;1.0;B02
13567;201500009282;0;7;0;0.0;0.0;1.0;13.0;A01
13568;201500009282;0;7;0;0.0;0.0;0.0;1.0;B02
13569;201500009283;0;7;0;0.0;2.0;3.0;1.0;A01
13570;201500009283;0;7;0;0.0;2.0;3.0;1.0;B02
13571;201500009284;0;7;0;0.0;2.0;1.0;13.0;A01
13572;201500009284;0;7;0;0.0;2.0;1.0;1.0;B02
13573;201500009286;0;10;0;0.0;2.0;7.0;13.0;A01
13574;201500009286;0;7;0;0.0;2.0;1.0;0.0;B02
13575;201500009287;0;7;0;2.0;0.0;8.0;1.0;A01
13576;201500009288;0;33;0;0.0;2.0;0.0;13.0;A01
13577;201500009288;0;7;0;0.0;2.0;0.0;19.0;B02
13578;201500009289;0;7;0;0.0;0.0;2.0;0.0;A01
13579;201500009289;0;10;0;0.0;0.0;6.0;0.0;B02
13580;201500009290;0;33;0;0.0;0.0;0.0;17.0;A01
13581;201500009290;0;7;0;0.0;2.0;1.0;1.0;B02
13582;201500009291;0;7;0;0.0;2.0;8.0;13.0;A01
13583;201500009291;0;7;0;0.0;2.0;1.0;1.0;B02
13584;201500009292;0;7;0;0.0;0.0;7.0;1.0;A01
13585;201500009292;0;7;0;0.0;0.0;1.0;17.0;B02
13586;201500009292;0;7;0;14.0;0.0;1.0;21.0;C03
13587;201500009293;0;10;0;0.0;2.0;7.0;1.0;A01
13588;201500009293;0;1;0;0.0;2.0;8.0;1.0;B02
13589;201500009294;0;7;0;0.0;1.0;2.0;1.0;A01
13590;201500009295;0;31;0;0.0;2.0;8.0;13.0;A01
13591;201500009295;0;7;0;0.0;2.0;2.0;13.0;B02
13592;201500009296;0;33;0;13.0;0.0;1.0;13.0;A01
13593;201500009297;0;7;0;0.0;2.0;2.0;15.0;A01
13594;201500009297;0;7;0;0.0;2.0;1.0;0.0;B02
13595;201500009298;0;7;0;0.0;2.0;1.0;13.0;A01
13596;201500009298;0;7;0;0.0;2.0;1.0;1.0;B02
13597;201500009299;0;31;0;0.0;2.0;1.0;1.0;A01
13598;201500009299;0;7;0;0.0;2.0;3.0;15.0;B02
13599;201500009300;0;7;0;13.0;0.0;1.0;0.0;A01
13600;201500009302;0;33;0;0.0;0.0;0.0;14.0;A01
13601;201500009303;0;7;0;0.0;2.0;3.0;13.0;A01
13602;201500009303;0;7;0;0.0;2.0;3.0;0.0;B02
13603;201500009304;0;7;0;0.0;2.0;1.0;13.0;A01
13604;201500009304;0;7;0;0.0;2.0;1.0;1.0;B02
13605;201500009305;0;7;0;0.0;2.0;3.0;1.0;B02
13606;201500009305;0;15;0;0.0;2.0;1.0;1.0;C03
13607;201500009305;0;7;0;0.0;2.0;2.0;15.0;A01
13608;201500009308;0;33;0;0.0;2.0;3.0;13.0;A01
13609;201500009308;0;7;0;0.0;2.0;3.0;1.0;B02
13610;201500009309;0;7;0;0.0;2.0;1.0;13.0;A01
13611;201500009309;0;7;0;0.0;2.0;1.0;1.0;B02
13612;201500009310;0;17;0;13.0;0.0;9.0;14.0;A01
13613;201500009311;0;7;0;0.0;2.0;1.0;1.0;A01
13614;201500009311;0;14;0;0.0;2.0;3.0;1.0;B02
13615;201500009312;0;7;0;0.0;0.0;9.0;0.0;A01
13616;201500009313;0;7;0;8.0;0.0;9.0;13.0;A01
13617;201500009314;0;7;0;2.0;0.0;2.0;1.0;A01
13618;201500009315;0;7;0;0.0;1.0;6.0;15.0;A01
13619;201500009316;0;7;0;0.0;2.0;1.0;1.0;A01
13620;201500009316;0;17;0;0.0;2.0;3.0;1.0;B02
13621;201500009317;0;7;0;8.0;0.0;3.0;17.0;A01
13622;201500009318;0;7;0;0.0;2.0;1.0;13.0;A01
13623;201500009318;0;7;0;0.0;2.0;1.0;1.0;B02
13624;201500009319;0;7;0;0.0;2.0;2.0;17.0;A01
13625;201500009319;0;7;0;0.0;2.0;1.0;1.0;B02
13626;201500009319;0;7;0;0.0;2.0;6.0;1.0;C03
13627;201500009320;0;33;0;0.0;2.0;8.0;0.0;A01
13628;201500009321;0;7;0;2.0;0.0;1.0;1.0;A01
13629;201500009322;0;17;0;0.0;0.0;7.0;23.0;A01
13630;201500009322;0;39;1;14.0;0.0;1.0;1.0;B02
13631;201500009323;0;7;0;0.0;0.0;0.0;1.0;A01
13632;201500009324;0;33;0;13.0;0.0;1.0;1.0;A01
13633;201500009325;0;7;0;0.0;2.0;1.0;1.0;A01
13634;201500009325;0;7;0;0.0;0.0;4.0;1.0;B02
13635;201500009326;0;2;0;0.0;2.0;3.0;1.0;B02
13636;201500009326;0;15;0;0.0;0.0;2.0;1.0;A01
13637;201500009327;0;7;0;0.0;2.0;3.0;20.0;A01
13638;201500009327;0;1;0;0.0;2.0;1.0;1.0;B02
13639;201500009328;0;7;0;0.0;2.0;2.0;1.0;B02
13640;201500009328;0;33;0;0.0;2.0;1.0;13.0;A01
13641;201500009329;0;33;0;0.0;0.0;8.0;1.0;A01
13642;201500009330;1;33;0;0.0;1.0;5.0;17.0;A01
13643;201500009331;0;7;0;0.0;0.0;3.0;13.0;A01
13644;201500009331;0;7;0;0.0;2.0;3.0;1.0;B02
13645;201500009331;0;7;0;14.0;0.0;1.0;1.0;C03
13646;201500009333;0;7;0;0.0;1.0;4.0;20.0;A01
13647;201500009334;0;7;0;0.0;2.0;3.0;1.0;B02
13648;201500009334;0;7;0;0.0;2.0;3.0;13.0;A01
13649;201500009335;0;7;0;0.0;1.0;2.0;1.0;A01
13650;201500009336;0;7;0;7.0;0.0;1.0;1.0;A01
13651;201500009337;0;10;0;0.0;2.0;1.0;15.0;A01
13652;201500009337;0;33;0;0.0;2.0;1.0;21.0;B02
13653;201500009338;0;7;0;8.0;0.0;3.0;1.0;A01
13654;201500009339;0;17;0;0.0;2.0;3.0;21.0;A01
13655;201500009339;0;7;0;0.0;2.0;1.0;1.0;E05
13656;201500009339;0;7;0;0.0;2.0;1.0;1.0;D04
13657;201500009339;0;7;0;0.0;2.0;4.0;15.0;B02
13658;201500009339;0;7;0;0.0;2.0;1.0;1.0;C03
13659;201500009340;0;33;0;0.0;2.0;1.0;2.0;A01
13660;201500009340;0;33;0;0.0;0.0;5.0;15.0;B02