;Num_Acc;senc;catv;occutc;obs;obsm;choc;manv;num_veh
14918;201500010181;0;32;0;0.0;2.0;7.0;1.0;A01
14919;201500010181;0;2;0;0.0;2.0;1.0;1.0;B01
14920;201500010184;0;2;0;0.0;2.0;1.0;1.0;B01
14921;201500010184;0;7;0;0.0;2.0;2.0;15.0;A01
14922;201500010185;0;7;0;0.0;2.0;3.0;1.0;B01
14923;201500010185;0;7;0;0.0;2.0;2.0;1.0;A01
14924;201500010186;0;7;0;0.0;2.0;3.0;9.0;A01
14925;201500010186;0;32;0;0.0;2.0;1.0;17.0;B01
14926;201500010188;0;7;0;0.0;1.0;1.0;1.0;A01
14927;201500010189;0;7;0;0.0;0.0;8.0;0.0;A01
14928;201500010189;0;1;0;0.0;2.0;1.0;0.0;B01
14929;201500010190;0;2;0;0.0;0.0;4.0;1.0;B01
14930;201500010190;0;7;0;0.0;2.0;1.0;2.0;A01
14931;201500010191;0;7;0;0.0;1.0;0.0;0.0;A01
14932;201500010192;0;33;0;0.0;0.0;7.0;1.0;B01
14933;201500010192;0;7;0;0.0;2.0;0.0;0.0;A01
14934;201500010193;0;7;0;0.0;2.0;8.0;15.0;A01
14935;201500010193;0;32;0;0.0;2.0;1.0;17.0;B01
14936;201500010194;0;7;0;0.0;0.0;7.0;16.0;A01
14937;201500010194;0;33;0;0.0;2.0;1.0;1.0;B01
14938;201500010195;0;33;0;0.0;2.0;1.0;0.0;B01
14939;201500010195;0;7;0;0.0;0.0;8.0;0.0;A01
14940;201500010196;0;2;0;0.0;2.0;1.0;0.0;A01
14941;201500010196;0;7;0;0.0;2.0;2.0;1.0;B01
14942;201500010197;0;2;0;0.0;2.0;4.0;1.0;B01
14943;201500010197;0;7;0;0.0;2.0;1.0;1.0;A01
14944;201500010199;0;7;0;0.0;0.0;8.0;0.0;A01
14945;201500010199;0;34;0;0.0;2.0;0.0;0.0;B01
14946;201500010200;0;7;0;0.0;2.0;1.0;1.0;A01
14947;201500010200;0;7;0;0.0;2.0;3.0;1.0;B01
14948;201500010200;0;7;0;0.0;2.0;1.0;0.0;C01
14949;201500010200;0;7;0;0.0;0.0;1.0;1.0;D01
14950;201500010201;0;7;0;1.0;1.0;1.0;1.0;A01
14951;201500010202;0;2;0;0.0;0.0;1.0;1.0;B01
14952;201500010202;0;17;0;0.0;2.0;8.0;0.0;A01
14953;201500010203;0;7;0;0.0;2.0;4.0;1.0;B01
14954;201500010203;0;7;0;0.0;2.0;1.0;1.0;A01
14955;201500010204;0;30;0;0.0;2.0;1.0;1.0;B01
14956;201500010204;0;7;0;0.0;2.0;4.0;1.0;A01
14957;201500010205;0;7;0;0.0;0.0;4.0;1.0;A01
14958;201500010205;0;30;0;0.0;2.0;1.0;1.0;B01
14959;201500010206;0;37;1;0.0;1.0;2.0;1.0;A01
14960;201500010207;0;32;0;0.0;2.0;1.0;1.0;A01
14961;201500010207;1;7;0;0.0;2.0;1.0;13.0;Z01
14962;201500010208;0;7;0;0.0;2.0;4.0;1.0;B01
14963;201500010208;0;7;0;0.0;2.0;1.0;1.0;A01
14964;201500010209;0;7;0;1.0;1.0;1.0;1.0;A01
14965;201500010209;0;7;0;0.0;1.0;4.0;1.0;B01
14966;201500010209;0;7;0;1.0;0.0;8.0;1.0;D01
14967;201500010210;0;2;0;0.0;2.0;7.0;9.0;A01
14968;201500010210;0;7;0;0.0;2.0;3.0;9.0;B01
14969;201500010211;0;7;0;0.0;2.0;1.0;1.0;A01
14970;201500010211;0;34;0;0.0;2.0;4.0;1.0;B01
14971;201500010212;0;7;0;0.0;2.0;1.0;1.0;A01
14972;201500010212;0;7;0;0.0;2.0;4.0;23.0;B01
14973;201500010213;0;7;0;0.0;2.0;3.0;1.0;A01
14974;201500010213;0;33;0;0.0;2.0;1.0;1.0;B01
14975;201500010214;0;37;1;0.0;2.0;1.0;1.0;A01
14976;201500010214;0;7;0;0.0;0.0;4.0;1.0;B01
14977;201500010215;0;7;0;0.0;1.0;3.0;1.0;A01
14978;201500010216;0;37;1;0.0;1.0;5.0;23.0;A01
14979;201500010217;0;1;0;0.0;2.0;0.0;0.0;B01
14980;201500010217;0;7;0;0.0;2.0;0.0;9.0;A01
14981;201500010218;0;1;0;0.0;0.0;0.0;1.0;B01
14982;201500010218;0;7;0;0.0;2.0;3.0;0.0;A01
14983;201500010219;0;7;0;0.0;2.0;7.0;9.0;A01
14984;201500010219;0;2;0;0.0;2.0;1.0;1.0;B01
14985;201500010220;0;7;0;0.0;2.0;4.0;1.0;B01
14986;201500010220;0;34;0;0.0;2.0;1.0;1.0;A01
14987;201500010221;0;7;0;0.0;2.0;7.0;1.0;B01
14988;201500010221;0;7;0;0.0;2.0;1.0;0.0;A01
14989;201500010222;0;7;0;0.0;1.0;1.0;1.0;A01
14990;201500010222;0;7;0;0.0;0.0;4.0;1.0;B01
14991;201500010223;0;33;0;0.0;2.0;2.0;1.0;B01
14992;201500010223;0;7;0;0.0;2.0;2.0;2.0;A01
14993;201500010224;0;7;0;0.0;2.0;3.0;9.0;A01
14994;201500010224;0;34;0;0.0;2.0;1.0;17.0;B01
14995;201500010225;0;37;1;0.0;0.0;4.0;1.0;A01
14996;201500010225;0;30;0;0.0;0.0;1.0;2.0;B01
14997;201500010226;0;7;0;0.0;1.0;0.0;0.0;A01
14998;201500010227;0;32;0;0.0;2.0;1.0;1.0;A01
14999;201500010227;0;7;0;0.0;2.0;1.0;1.0;B01
15000;201500010228;0;2;0;0.0;1.0;0.0;1.0;A01
15001;201500010229;0;2;0;0.0;2.0;1.0;17.0;B01
15002;201500010229;0;10;0;0.0;2.0;3.0;9.0;A01
15003;201500010230;0;7;0;0.0;2.0;2.0;15.0;A01
15004;201500010230;0;32;0;0.0;2.0;1.0;1.0;B01
15005;201500010231;0;2;0;0.0;2.0;4.0;1.0;B01
15006;201500010231;0;7;0;0.0;2.0;1.0;1.0;A01
15007;201500010232;0;7;0;0.0;2.0;2.0;15.0;A01
15008;201500010232;0;30;0;0.0;2.0;1.0;1.0;B01
15009;201500010234;0;34;0;0.0;1.0;1.0;1.0;A01
15010;201500010235;0;7;0;0.0;1.0;0.0;0.0;A01
15011;201500010236;0;2;0;0.0;2.0;1.0;1.0;B01
15012;201500010236;0;7;0;0.0;2.0;2.0;15.0;A01
15013;201500010237;0;7;0;0.0;1.0;1.0;1.0;A01
15014;201500010239;0;7;0;0.0;2.0;1.0;1.0;A01
15015;201500010239;0;7;0;0.0;2.0;4.0;0.0;B01
15016;201500010240;0;7;0;0.0;2.0;6.0;1.0;A01
15017;201500010240;0;30;0;0.0;2.0;2.0;1.0;B01
15018;201500010242;0;7;0;0.0;2.0;8.0;9.0;A01
15019;201500010242;0;33;0;0.0;2.0;1.0;1.0;B01
15020;201500010243;0;7;0;0.0;2.0;6.0;0.0;A01
15021;201500010243;0;30;0;0.0;2.0;3.0;1.0;B01
15022;201500010244;0;7;0;0.0;2.0;5.0;0.0;A01
15023;201500010244;0;7;0;0.0;2.0;1.0;1.0;B01
15024;201500010245;0;7;0;0.0;1.0;2.0;1.0;A01
15025;201500010246;0;30;0;0.0;2.0;1.0;1.0;B01
15026;201500010246;0;7;0;0.0;2.0;1.0;1.0;A01
15027;201500010248;0;7;0;2.0;0.0;1.0;1.0;A01
15028;201500010249;0;32;0;0.0;2.0;1.0;1.0;B01
15029;201500010249;0;30;0;0.0;2.0;8.0;15.0;A01
15030;201500010250;0;33;0;0.0;0.0;7.0;1.0;B01
15031;201500010250;0;7;0;0.0;2.0;3.0;15.0;A01
15032;201500010251;0;7;0;0.0;1.0;2.0;1.0;A01
15033;201500010252;0;30;0;0.0;0.0;0.0;0.0;A01
15034;201500010253;0;33;0;0.0;0.0;8.0;1.0;A01
15035;201500010254;0;7;0;0.0;1.0;7.0;0.0;B01
15036;201500010255;0;7;0;8.0;0.0;1.0;0.0;A01
15037;201500010256;0;10;0;0.0;0.0;0.0;0.0;A01
15038;201500010256;0;7;0;0.0;0.0;0.0;0.0;B01
15039;201500010256;0;7;0;0.0;0.0;0.0;0.0;C01
15040;201500010257;0;7;0;0.0;2.0;3.0;13.0;A01
15041;201500010257;0;37;1;0.0;2.0;3.0;1.0;B01
15042;201500010260;1;37;1;0.0;1.0;2.0;0.0;A01
15043;201500010261;0;2;0;6.0;0.0;1.0;0.0;A01
15044;201500010262;0;7;0;0.0;2.0;1.0;1.0;B01
15045;201500010262;0;7;0;0.0;2.0;1.0;13.0;A01
15046;201500010264;0;7;0;8.0;0.0;3.0;0.0;A01
15047;201500010266;0;7;0;0.0;1.0;1.0;0.0;A01
15048;201500010268;0;7;0;0.0;0.0;4.0;0.0;B01
15049;201500010268;0;7;0;0.0;2.0;1.0;2.0;A01
15050;201500010269;0;7;0;0.0;2.0;3.0;13.0;A01
15051;201500010269;0;7;0;0.0;2.0;3.0;1.0;B01
15052;201500010270;0;7;0;6.0;0.0;7.0;0.0;A01
15053;201500010270;0;7;0;0.0;2.0;3.0;0.0;B01
15054;201500010271;0;7;0;0.0;0.0;3.0;0.0;B01
15055;201500010271;0;10;0;0.0;2.0;1.0;15.0;A01
15056;201500010272;0;31;0;0.0;2.0;1.0;0.0;A01
15057;201500010272;0;7;0;0.0;0.0;2.0;15.0;B01
15058;201500010273;0;2;0;0.0;2.0;1.0;1.0;B01
15059;201500010273;0;7;0;0.0;2.0;2.0;15.0;A01
15060;201500010274;0;30;0;0.0;2.0;8.0;15.0;B01
15061;201500010274;0;7;0;0.0;2.0;2.0;15.0;A01
15062;201500010275;0;1;0;0.0;0.0;0.0;0.0;A01
15063;201500010276;0;7;0;0.0;1.0;3.0;15.0;A01
15064;201500010277;0;7;0;0.0;0.0;4.0;2.0;B01
15065;201500010277;0;7;0;0.0;2.0;1.0;2.0;A01
15066;201500010278;0;7;0;0.0;0.0;1.0;2.0;A01
15067;201500010278;0;7;0;0.0;0.0;4.0;2.0;D01
15068;201500010278;0;7;0;0.0;0.0;4.0;2.0;C01
15069;201500010278;0;7;0;0.0;0.0;4.0;2.0;B01
15070;201500010278;0;7;0;0.0;0.0;1.0;1.0;E01
15071;201500010279;0;7;0;13.0;0.0;2.0;0.0;A01
15072;201500010281;0;2;0;0.0;0.0;0.0;1.0;A01
15073;201500010283;0;2;0;0.0;0.0;8.0;1.0;A01
15074;201500010284;0;7;0;13.0;0.0;2.0;1.0;A01
15075;201500010285;1;13;0;0.0;2.0;8.0;1.0;Z01
15076;201500010285;0;33;0;0.0;2.0;7.0;17.0;B01
15077;201500010286;0;33;0;0.0;0.0;4.0;2.0;B01
15078;201500010286;0;7;0;0.0;2.0;1.0;2.0;A01
15079;201500010287;0;33;0;1.0;0.0;1.0;1.0;A01
15080;201500010288;0;7;0;0.0;2.0;4.0;2.0;B01
15081;201500010288;0;37;1;0.0;2.0;2.0;2.0;A01
15082;201500010289;0;7;0;0.0;2.0;1.0;1.0;A01
15083;201500010289;0;2;0;0.0;0.0;4.0;0.0;B01
15084;201500010290;0;10;0;0.0;0.0;3.0;2.0;A01
15085;201500010290;0;7;0;0.0;0.0;4.0;23.0;C01
15086;201500010290;0;2;0;0.0;0.0;1.0;2.0;B01
15087;201500010292;0;2;0;0.0;2.0;1.0;1.0;A01
15088;201500010292;0;99;0;0.0;2.0;3.0;15.0;B01
15089;201500010293;0;7;0;0.0;2.0;7.0;17.0;A01
15090;201500010293;0;32;0;0.0;2.0;8.0;1.0;B01
15091;201500010294;0;2;0;0.0;2.0;1.0;2.0;A01
15092;201500010294;1;7;0;0.0;0.0;4.0;23.0;B01
15093;201500010295;1;17;0;0.0;1.0;0.0;1.0;A01
15094;201500010296;0;30;0;0.0;2.0;1.0;17.0;A01
15095;201500010296;0;7;0;0.0;2.0;1.0;1.0;B01
15096;201500010297;0;2;0;0.0;0.0;1.0;0.0;A01
15097;201500010297;0;7;0;0.0;2.0;4.0;1.0;B01
15098;201500010298;1;7;0;0.0;0.0;1.0;2.0;A01
15099;201500010298;0;7;0;0.0;0.0;4.0;1.0;B01
15100;201500010300;0;7;0;0.0;2.0;2.0;2.0;A01
15101;201500010300;0;7;0;0.0;2.0;6.0;2.0;B01
15102;201500010301;0;7;0;0.0;2.0;3.0;11.0;A01
15103;201500010301;0;31;0;0.0;2.0;0.0;0.0;B01
15104;201500010302;0;7;0;6.0;0.0;3.0;2.0;A01
15105;201500010303;0;30;0;0.0;2.0;1.0;1.0;A01
15106;201500010303;0;7;0;0.0;0.0;0.0;0.0;B01
15107;201500010304;0;7;0;0.0;2.0;3.0;2.0;B01
15108;201500010304;0;7;0;0.0;2.0;3.0;2.0;A01
15109;201500010305;0;7;0;0.0;2.0;3.0;1.0;A01
15110;201500010305;0;7;0;0.0;2.0;3.0;1.0;C01
15111;201500010305;0;7;0;0.0;2.0;8.0;1.0;B01
15112;201500010306;0;7;0;0.0;2.0;2.0;15.0;B01
15113;201500010306;0;31;0;0.0;2.0;2.0;0.0;A01
15114;201500010307;0;7;0;4.0;0.0;2.0;1.0;A01
15115;201500010308;0;2;0;6.0;0.0;7.0;2.0;A01
15116;201500010311;0;7;0;0.0;2.0;1.0;9.0;B01
15117;201500010311;0;32;0;0.0;2.0;7.0;17.0;A01
15118;201500010312;0;33;0;10.0;0.0;1.0;0.0;A01
15119;201500010313;0;7;0;0.0;2.0;1.0;2.0;A01
15120;201500010313;0;7;0;0.0;2.0;4.0;2.0;B01
15121;201500010314;0;7;0;0.0;2.0;1.0;5.0;A01
15122;201500010314;0;7;0;8.0;2.0;9.0;1.0;B01
15123;201500010315;0;34;0;16.0;0.0;3.0;1.0;A01
15124;201500010316;0;7;0;0.0;2.0;0.0;0.0;A01
15125;201500010316;0;30;0;0.0;2.0;0.0;0.0;B01
15126;201500010317;0;7;0;0.0;0.0;7.0;4.0;C01
15127;201500010317;0;7;0;0.0;2.0;4.0;2.0;B01
15128;201500010317;0;7;0;0.0;0.0;1.0;2.0;A01
15129;201500010318;0;7;0;0.0;0.0;7.0;15.0;B01
15130;201500010318;0;30;0;0.0;2.0;1.0;1.0;A01
15131;201500010319;0;7;0;0.0;2.0;0.0;0.0;B01
15132;201500010319;0;10;0;8.0;2.0;0.0;0.0;A01
15133;201500010320;0;31;0;0.0;0.0;1.0;1.0;A01
15134;201500010321;0;2;0;0.0;0.0;8.0;21.0;A01
15135;201500010322;0;33;0;0.0;0.0;2.0;1.0;A01
15136;201500010323;0;2;0;1.0;0.0;0.0;1.0;A01
15137;201500010324;0;7;0;0.0;2.0;3.0;9.0;A01
15138;201500010324;0;2;0;0.0;2.0;1.0;1.0;B01
15139;201500010326;0;30;0;0.0;0.0;7.0;0.0;A01
15140;201500010327;0;7;0;1.0;0.0;1.0;14.0;A01
15141;201500010328;0;7;0;2.0;0.0;0.0;0.0;A01
15142;201500010329;0;10;0;0.0;1.0;1.0;1.0;A01
15143;201500010330;0;14;0;0.0;0.0;3.0;15.0;A01
15144;201500010330;0;30;0;0.0;0.0;3.0;1.0;B01
15145;201500010331;0;30;0;1.0;0.0;1.0;2.0;A01
15146;201500010331;0;7;0;0.0;0.0;5.0;23.0;B01
15147;201500010332;0;7;0;0.0;2.0;4.0;2.0;B01
15148;201500010332;0;7;0;0.0;2.0;3.0;2.0;A01
15149;201500010333;0;7;0;0.0;2.0;3.0;1.0;B01
15150;201500010333;0;7;0;0.0;2.0;1.0;1.0;A01
15151;201500010334;0;7;0;0.0;1.0;2.0;1.0;A01
15152;201500010335;0;7;0;15.0;0.0;3.0;1.0;A01
15153;201500010336;0;2;0;6.0;0.0;3.0;13.0;B01
15154;201500010337;0;7;0;0.0;2.0;3.0;0.0;A01
15155;201500010337;0;33;0;0.0;0.0;0.0;0.0;B01
15156;201500010338;0;10;0;0.0;2.0;1.0;2.0;A01
15157;201500010338;0;10;0;0.0;2.0;4.0;2.0;B01
15158;201500010339;0;10;0;0.0;2.0;3.0;1.0;B01
15159;201500010339;0;7;0;0.0;2.0;1.0;13.0;A01
15160;201500010340;0;33;0;0.0;2.0;0.0;17.0;A01
15161;201500010340;0;30;0;0.0;2.0;0.0;0.0;B01
15162;201500010342;0;7;0;0.0;1.0;0.0;2.0;A01
15163;201500010343;0;7;0;0.0;1.0;4.0;4.0;A01
15164;201500010344;0;14;0;0.0;0.0;0.0;0.0;B01
15165;201500010344;0;2;0;0.0;0.0;0.0;0.0;A01
15166;201500010345;0;7;0;4.0;0.0;0.0;0.0;A01
15167;201500010346;0;7;0;2.0;0.0;1.0;14.0;A01
15168;201500010347;0;2;0;0.0;0.0;7.0;1.0;A01
15169;201500010349;0;33;0;0.0;2.0;1.0;1.0;B01
15170;201500010349;0;7;0;0.0;2.0;3.0;5.0;A01
15171;201500010350;0;7;0;0.0;2.0;4.0;2.0;B01
15172;201500010350;0;7;0;0.0;2.0;1.0;2.0;A01
15173;201500010351;0;7;0;0.0;2.0;0.0;0.0;B01
15174;201500010351;0;33;0;0.0;2.0;1.0;13.0;A01
15175;201500010352;0;30;0;0.0;2.0;1.0;1.0;A01
15176;201500010352;0;7;0;0.0;2.0;6.0;1.0;B01
15177;201500010353;0;2;0;0.0;0.0;7.0;0.0;A01
15178;201500010354;0;2;0;0.0;0.0;2.0;1.0;A01
15179;201500010357;0;33;0;0.0;2.0;0.0;0.0;B01
15180;201500010357;0;7;0;0.0;2.0;0.0;0.0;A01
15181;201500010358;0;7;0;0.0;1.0;2.0;2.0;A01
15182;201500010359;0;31;0;0.0;5.0;1.0;0.0;A01
15183;201500010360;0;7;0;0.0;2.0;1.0;15.0;A01
15184;201500010360;0;30;0;0.0;2.0;8.0;1.0;B01
15185;201500010361;0;7;0;0.0;2.0;2.0;0.0;A01
15186;201500010361;0;7;0;0.0;0.0;0.0;0.0;B01
15187;201500010362;0;7;0;6.0;0.0;1.0;0.0;A01
15188;201500010363;0;33;0;0.0;0.0;0.0;0.0;A01
15189;201500010363;0;7;0;0.0;0.0;0.0;0.0;B01
15190;201500010364;0;7;0;0.0;2.0;3.0;1.0;B01
15191;201500010364;0;7;0;0.0;2.0;1.0;5.0;A01
15192;201500010365;0;7;0;0.0;2.0;3.0;15.0;A01
15193;201500010365;0;7;0;0.0;2.0;1.0;1.0;B01
15194;201500010366;0;7;0;0.0;0.0;0.0;0.0;B01
15195;201500010366;0;7;0;0.0;0.0;0.0;0.0;A01
15196;201500010367;0;33;0;0.0;2.0;2.0;2.0;B01
15197;201500010367;0;7;0;0.0;0.0;1.0;2.0;A01
15198;201500010368;0;33;0;14.0;0.0;1.0;1.0;A01
15199;201500010369;0;1;0;0.0;0.0;0.0;0.0;A01
15200;201500010371;0;10;0;5.0;0.0;7.0;14.0;A01
15201;201500010372;0;2;0;0.0;0.0;8.0;15.0;A01
15202;201500010373;0;7;0;0.0;2.0;8.0;15.0;B01
15203;201500010373;0;33;0;0.0;2.0;1.0;17.0;A01
15204;201500010374;0;3;0;0.0;2.0;1.0;1.0;C01
15205;201500010374;0;7;0;0.0;2.0;6.0;1.0;B01
15206;201500010374;0;7;0;0.0;2.0;1.0;13.0;A01
15207;201500010375;0;10;0;0.0;2.0;1.0;2.0;A01
15208;201500010375;0;32;0;0.0;2.0;4.0;0.0;B01
15209;201500010376;2;7;0;1.0;2.0;1.0;0.0;A01
15210;201500010376;0;7;0;0.0;2.0;8.0;1.0;B01
15211;201500010377;0;7;0;3.0;0.0;3.0;1.0;A01
15212;201500010378;0;7;0;0.0;0.0;9.0;1.0;A01
15213;201500010378;0;7;0;1.0;0.0;7.0;0.0;B01
15214;201500010379;0;7;0;0.0;2.0;3.0;5.0;A01
15215;201500010379;0;7;0;6.0;2.0;3.0;1.0;B01
15216;201500010380;0;7;0;0.0;2.0;1.0;16.0;A01
15217;201500010380;0;30;0;0.0;2.0;7.0;1.0;B01
15218;201500010382;1;7;0;0.0;2.0;0.0;0.0;A01
15219;201500010382;0;7;0;0.0;2.0;3.0;1.0;B01
15220;201500010383;0;7;0;0.0;1.0;1.0;1.0;A01
15221;201500010384;0;7;0;0.0;2.0;4.0;2.0;C01
15222;201500010384;0;7;0;0.0;2.0;4.0;2.0;D01
15223;201500010384;0;7;0;0.0;2.0;4.0;2.0;B01
15224;201500010384;0;7;0;0.0;2.0;1.0;2.0;A01
15225;201500010385;0;2;0;0.0;0.0;0.0;0.0;A01
15226;201500010386;0;34;0;0.0;0.0;1.0;1.0;B01
15227;201500010386;0;7;0;0.0;2.0;3.0;1.0;A01
15228;201500010387;0;7;0;14.0;2.0;1.0;2.0;A01
15229;201500010387;0;10;0;0.0;2.0;4.0;2.0;B01
15230;201500010388;0;7;0;0.0;1.0;1.0;1.0;A01
15231;201500010389;0;31;0;0.0;0.0;0.0;0.0;A01
15232;201500010391;0;7;0;0.0;1.0;2.0;1.0;A01
15233;201500010392;0;2;0;0.0;0.0;2.0;1.0;A01
15234;201500010393;0;7;0;0.0;2.0;1.0;9.0;A01
15235;201500010393;0;33;0;0.0;2.0;7.0;1.0;B01
15236;201500010394;0;7;0;1.0;0.0;1.0;13.0;A01
15237;201500010395;0;7;0;0.0;2.0;2.0;16.0;A01
15238;201500010395;0;33;0;0.0;2.0;6.0;16.0;B01
15239;201500010396;0;7;0;0.0;2.0;4.0;2.0;B01
15240;201500010396;1;7;0;0.0;2.0;1.0;2.0;Z01
15241;201500010397;0;30;0;0.0;0.0;0.0;0.0;A01
15242;201500010398;0;7;0;0.0;2.0;6.0;15.0;B01
15243;201500010398;0;30;0;0.0;2.0;1.0;1.0;A01
15244;201500010399;0;7;0;0.0;0.0;4.0;2.0;B01
15245;201500010399;0;3;0;0.0;2.0;1.0;2.0;A01
15246;201500010400;0;33;0;0.0;2.0;6.0;21.0;A01
15247;201500010400;0;7;0;0.0;0.0;0.0;0.0;B01
15248;201500010401;0;7;0;0.0;2.0;4.0;0.0;A01
15249;201500010401;0;7;0;0.0;0.0;0.0;1.0;C01
15250;201500010401;0;7;0;0.0;2.0;0.0;0.0;B01
15251;201500010402;0;7;0;1.0;0.0;4.0;23.0;C01
15252;201500010402;0;7;0;0.0;2.0;1.0;17.0;A01
15253;201500010402;0;7;0;0.0;0.0;8.0;15.0;B01
15254;201500010403;0;30;0;0.0;0.0;8.0;0.0;A01
15255;201500010404;0;7;0;0.0;2.0;1.0;1.0;B01
15256;201500010404;0;7;0;0.0;2.0;8.0;19.0;A01
15257;201500010406;0;7;0;0.0;2.0;3.0;15.0;A01
15258;201500010406;0;33;0;0.0;2.0;8.0;1.0;B01
15259;201500010407;0;33;0;0.0;2.0;7.0;1.0;A01
15260;201500010407;0;7;0;0.0;2.0;2.0;15.0;B01
15261;201500010408;0;7;0;15.0;2.0;1.0;14.0;A01
15262;201500010408;0;7;0;0.0;2.0;2.0;2.0;B01
15263;201500010409;0;7;0;0.0;2.0;2.0;1.0;B01
15264;201500010409;0;2;0;0.0;2.0;1.0;1.0;A01
15265;201500010410;0;7;0;16.0;0.0;0.0;0.0;A01
15266;201500010412;0;7;0;0.0;1.0;0.0;0.0;A01
15267;201500010413;0;7;0;3.0;0.0;3.0;1.0;A01
15268;201500010414;0;34;0;0.0;0.0;1.0;0.0;A01
15269;201500010415;0;7;0;3.0;6.0;3.0;21.0;A01
15270;201500010416;0;7;0;0.0;2.0;1.0;2.0;A01
15271;201500010416;0;7;0;0.0;2.0;4.0;1.0;B01
15272;201500010417;0;7;0;0.0;2.0;3.0;0.0;A01
15273;201500010417;0;30;0;0.0;2.0;4.0;0.0;B01
15274;201500010418;0;30;0;0.0;0.0;0.0;0.0;A01
15275;201500010419;0;7;0;0.0;1.0;6.0;4.0;A01
15276;201500010420;0;3;0;0.0;1.0;2.0;1.0;A01
15277;201500010421;0;7;0;8.0;0.0;2.0;2.0;A01
15278;201500010423;0;33;0;0.0;2.0;5.0;12.0;A01
15279;201500010423;0;7;0;0.0;2.0;3.0;1.0;B01
15280;201500010424;0;7;0;0.0;2.0;9.0;2.0;B01
15281;201500010424;1;7;0;0.0;2.0;4.0;0.0;C01
15282;201500010424;0;7;0;0.0;2.0;1.0;2.0;A01
15283;201500010426;0;7;0;0.0;2.0;3.0;0.0;A01
15284;201500010426;0;7;0;0.0;2.0;1.0;0.0;B01
15285;201500010427;0;7;0;1.0;0.0;1.0;5.0;A01
15286;201500010429;0;7;0;6.0;0.0;1.0;1.0;A01
15287;201500010430;0;7;0;0.0;2.0;3.0;1.0;C01
15288;201500010430;0;7;0;0.0;2.0;3.0;1.0;A01
15289;201500010430;0;31;0;0.0;2.0;4.0;15.0;B01
15290;201500010431;0;7;0;6.0;0.0;1.0;1.0;A01
15291;201500010432;0;7;0;0.0;2.0;1.0;1.0;B01
15292;201500010432;1;7;0;0.0;2.0;1.0;5.0;A01
15293;201500010433;0;7;0;0.0;2.0;6.0;2.0;B01
15294;201500010433;0;7;0;0.0;2.0;2.0;15.0;A01
15295;201500010434;0;7;0;0.0;2.0;2.0;16.0;A01
15296;201500010434;0;33;0;0.0;2.0;1.0;2.0;B01
15297;201500010435;0;33;0;0.0;0.0;0.0;0.0;A01
15298;201500010436;0;7;0;0.0;0.0;4.0;2.0;B01
15299;201500010436;0;7;0;0.0;2.0;2.0;2.0;A01
15300;201500010438;0;30;0;0.0;0.0;0.0;0.0;A01
15301;201500010439;0;7;0;0.0;2.0;3.0;15.0;A01
15302;201500010439;0;33;0;0.0;2.0;1.0;1.0;B01
15303;201500010440;0;7;0;0.0;2.0;1.0;2.0;A01
15304;201500010440;0;7;0;0.0;2.0;4.0;2.0;B01
15305;201500010441;0;7;0;0.0;1.0;2.0;0.0;A01
15306;201500010442;0;34;0;0.0;2.0;5.0;1.0;B01
15307;201500010442;0;7;0;0.0;2.0;1.0;1.0;C01
15308;201500010442;0;7;0;0.0;2.0;2.0;9.0;A01
15309;201500010443;0;30;0;0.0;0.0;3.0;0.0;A01
15310;201500010444;0;37;1;0.0;2.0;8.0;1.0;A01
15311;201500010444;1;14;0;0.0;2.0;3.0;13.0;B01
15312;201500010445;2;7;0;0.0;2.0;2.0;13.0;A01
15313;201500010445;0;7;0;0.0;2.0;2.0;1.0;B01
15314;201500010446;0;7;0;1.0;0.0;1.0;13.0;A01
15315;201500010447;0;7;0;0.0;0.0;0.0;0.0;A01
15316;201500010447;0;32;0;0.0;0.0;8.0;1.0;B01
15317;201500010448;0;7;0;6.0;0.0;3.0;2.0;A01
15318;201500010449;0;2;0;0.0;0.0;0.0;0.0;A01
15319;201500010450;0;30;0;0.0;0.0;7.0;1.0;A01
15320;201500010451;0;3;0;16.0;0.0;2.0;2.0;A01
15321;201500010452;0;7;0;0.0;1.0;1.0;1.0;A01
15322;201500010453;0;31;0;0.0;1.0;2.0;1.0;A01
15323;201500010454;0;32;0;0.0;2.0;3.0;1.0;A01
15324;201500010454;0;7;0;0.0;0.0;6.0;1.0;B01
15325;201500010456;0;33;0;0.0;2.0;5.0;17.0;A01
15326;201500010456;0;10;0;0.0;2.0;3.0;16.0;B01
15327;201500010457;0;7;0;0.0;0.0;0.0;0.0;A01
15328;201500010458;0;2;0;0.0;0.0;0.0;1.0;A01
15329;201500010459;0;34;0;0.0;2.0;1.0;1.0;B01
15330;201500010459;0;7;0;0.0;2.0;3.0;19.0;A01
15331;201500010460;0;7;0;0.0;2.0;1.0;1.0;C01
15332;201500010460;0;7;0;0.0;2.0;2.0;1.0;A01
15333;201500010460;0;7;0;0.0;0.0;7.0;15.0;B01
15334;201500010461;0;7;0;0.0;2.0;8.0;1.0;C01
15335;201500010461;0;7;0;0.0;2.0;5.0;15.0;B01
15336;201500010461;0;33;0;0.0;2.0;3.0;1.0;A01
15337;201500010462;0;7;0;0.0;2.0;9.0;2.0;B01
15338;201500010462;0;7;0;0.0;2.0;0.0;0.0;C01
15339;201500010462;0;7;0;0.0;2.0;1.0;2.0;A01