;Num_Acc;senc;catv;occutc;obs;obsm;choc;manv;num_veh
15759;201500010714;0;7;0;9.0;0.0;1.0;14.0;A01
15760;201500010715;0;37;20;0.0;1.0;5.0;0.0;A01
15761;201500010716;0;7;0;0.0;0.0;0.0;0.0;A01
15762;201500010716;0;30;0;0.0;0.0;0.0;0.0;B01
15763;201500010716;0;30;0;0.0;0.0;0.0;0.0;C01
15764;201500010716;0;30;0;0.0;0.0;0.0;0.0;D01
15765;201500010717;0;7;0;0.0;1.0;7.0;1.0;A01
15766;201500010718;0;31;0;8.0;2.0;1.0;2.0;A01
15767;201500010718;0;7;0;0.0;0.0;4.0;1.0;B01
15768;201500010719;0;2;0;0.0;2.0;1.0;1.0;B01
15769;201500010719;0;7;0;0.0;2.0;3.0;15.0;A01
15770;201500010720;1;7;0;0.0;2.0;1.0;17.0;A01
15771;201500010720;0;33;0;0.0;2.0;1.0;1.0;B01
15772;201500010721;0;37;1;0.0;1.0;3.0;15.0;A01
15773;201500010722;0;7;0;0.0;2.0;7.0;1.0;B01
15774;201500010722;0;31;0;0.0;2.0;7.0;15.0;A01
15775;201500010723;0;7;0;9.0;2.0;3.0;1.0;B01
15776;201500010723;0;7;0;0.0;2.0;2.0;12.0;A01
15777;201500010724;2;7;0;0.0;2.0;1.0;15.0;A01
15778;201500010724;0;33;0;0.0;2.0;8.0;1.0;B01
15779;201500010725;0;10;0;0.0;2.0;7.0;1.0;B01
15780;201500010725;0;31;0;0.0;2.0;8.0;3.0;A01
15781;201500010726;0;7;0;5.0;2.0;1.0;1.0;A01
15782;201500010726;0;7;0;0.0;2.0;6.0;3.0;B01
15783;201500010726;0;7;0;0.0;2.0;4.0;1.0;C01
15784;201500010727;0;7;0;0.0;2.0;1.0;1.0;B01
15785;201500010727;0;7;0;0.0;2.0;8.0;1.0;A01
15786;201500010728;0;1;0;0.0;0.0;0.0;21.0;A01
15787;201500010728;0;2;0;0.0;0.0;0.0;0.0;B01
15788;201500010729;0;7;0;0.0;0.0;5.0;23.0;B01
15789;201500010729;0;30;0;0.0;2.0;1.0;2.0;A01
15790;201500010730;0;10;0;0.0;1.0;4.0;4.0;A01
15791;201500010731;0;7;0;0.0;2.0;6.0;13.0;A01
15792;201500010731;0;34;0;0.0;2.0;1.0;1.0;B01
15793;201500010732;0;33;0;0.0;2.0;8.0;15.0;A01
15794;201500010732;0;37;1;0.0;2.0;2.0;1.0;B01
15795;201500010733;0;1;0;0.0;2.0;1.0;16.0;B01
15796;201500010733;0;7;0;0.0;9.0;3.0;15.0;A01
15797;201500010734;0;7;0;0.0;2.0;2.0;16.0;A01
15798;201500010734;0;33;0;0.0;2.0;3.0;1.0;B01
15799;201500010735;0;32;0;0.0;2.0;1.0;1.0;A01
15800;201500010735;0;7;0;0.0;2.0;3.0;15.0;B01
15801;201500010736;0;33;0;0.0;2.0;0.0;0.0;A01
15802;201500010736;1;7;0;0.0;2.0;0.0;0.0;Z01
15803;201500010737;0;7;0;0.0;9.0;2.0;1.0;A01
15804;201500010737;0;1;0;0.0;2.0;1.0;19.0;B01
15805;201500010739;0;7;0;6.0;2.0;1.0;1.0;B01
15806;201500010739;0;7;0;0.0;2.0;1.0;13.0;A01
15807;201500010740;0;7;0;0.0;1.0;3.0;15.0;A01
15808;201500010741;0;7;0;0.0;2.0;1.0;0.0;D01
15809;201500010741;0;7;0;0.0;2.0;2.0;0.0;A01
15810;201500010741;0;7;0;0.0;2.0;1.0;0.0;C01
15811;201500010741;0;7;0;0.0;2.0;1.0;0.0;B01
15812;201500010742;0;1;0;0.0;1.0;7.0;19.0;A01
15813;201500010743;0;7;0;1.0;2.0;2.0;12.0;A01
15814;201500010743;0;33;0;0.0;2.0;1.0;1.0;B01
15815;201500010744;0;7;0;0.0;1.0;1.0;0.0;A01
15816;201500010745;0;34;0;0.0;1.0;1.0;1.0;A01
15817;201500010746;0;7;0;1.0;0.0;3.0;1.0;A01
15818;201500010746;0;7;0;0.0;2.0;8.0;0.0;B01
15819;201500010747;0;32;0;1.0;0.0;1.0;13.0;A01
15820;201500010748;0;7;0;0.0;2.0;1.0;1.0;A01
15821;201500010748;0;7;0;0.0;2.0;4.0;1.0;B01
15822;201500010749;0;7;0;0.0;1.0;1.0;1.0;A01
15823;201500010750;0;31;0;0.0;2.0;6.0;15.0;A01
15824;201500010750;0;7;0;0.0;2.0;3.0;1.0;B01
15825;201500010751;0;2;0;0.0;2.0;1.0;1.0;A01
15826;201500010751;0;10;0;0.0;2.0;7.0;15.0;B01
15827;201500010753;0;31;0;0.0;2.0;1.0;1.0;B01
15828;201500010753;0;7;0;0.0;2.0;2.0;15.0;A01
15829;201500010754;0;2;0;0.0;2.0;1.0;13.0;A01
15830;201500010754;0;7;0;0.0;2.0;3.0;1.0;B01
15831;201500010755;0;30;0;0.0;2.0;2.0;1.0;B01
15832;201500010755;1;7;0;0.0;9.0;8.0;0.0;A01
15833;201500010756;0;33;0;0.0;0.0;3.0;2.0;B01
15834;201500010756;0;7;0;0.0;0.0;7.0;14.0;A01
15835;201500010757;0;7;0;0.0;9.0;1.0;15.0;A01
15836;201500010757;0;30;0;0.0;2.0;1.0;1.0;B01
15837;201500010759;0;7;0;0.0;9.0;3.0;20.0;B01
15838;201500010759;0;33;0;1.0;2.0;1.0;1.0;A01
15839;201500010760;0;7;0;0.0;1.0;5.0;17.0;A01
15840;201500010761;0;1;0;0.0;2.0;1.0;19.0;B01
15841;201500010761;0;7;0;0.0;0.0;5.0;15.0;A01
15842;201500010762;0;7;0;0.0;2.0;1.0;2.0;A01
15843;201500010762;0;7;0;0.0;2.0;1.0;2.0;B01
15844;201500010762;0;7;0;0.0;2.0;4.0;2.0;C01
15845;201500010762;0;7;0;0.0;2.0;4.0;2.0;D01
15846;201500010763;0;7;0;0.0;2.0;4.0;2.0;B01
15847;201500010763;0;7;0;0.0;2.0;1.0;2.0;A01
15848;201500010763;0;7;0;0.0;2.0;4.0;2.0;D01
15849;201500010763;0;7;0;0.0;2.0;4.0;2.0;C01
15850;201500010764;0;30;0;8.0;0.0;0.0;1.0;A01
15851;201500010765;0;32;0;0.0;0.0;0.0;1.0;A01
15852;201500010766;0;10;0;8.0;2.0;3.0;19.0;A01
15853;201500010766;0;37;7;0.0;2.0;2.0;1.0;B01
15854;201500010768;0;32;0;0.0;2.0;1.0;3.0;A01
15855;201500010768;0;10;0;0.0;2.0;6.0;23.0;B01
15856;201500010769;0;7;0;0.0;2.0;3.0;1.0;B01
15857;201500010769;0;2;0;0.0;2.0;1.0;0.0;A01
15858;201500010770;0;31;0;0.0;2.0;1.0;1.0;B01
15859;201500010770;0;7;0;0.0;2.0;7.0;15.0;A01
15860;201500010771;0;7;0;0.0;1.0;7.0;2.0;A01
15861;201500010772;0;31;0;0.0;2.0;1.0;1.0;B01
15862;201500010772;0;7;0;0.0;2.0;1.0;15.0;A01
15863;201500010773;0;2;0;0.0;2.0;1.0;1.0;B01
15864;201500010773;0;10;0;0.0;2.0;2.0;15.0;A01
15865;201500010774;0;37;10;0.0;2.0;3.0;21.0;B01
15866;201500010774;0;31;0;0.0;9.0;3.0;21.0;C01
15867;201500010774;0;7;0;0.0;2.0;8.0;13.0;A01
15868;201500010775;0;7;0;0.0;1.0;3.0;15.0;A01
15869;201500010776;0;7;0;0.0;1.0;3.0;1.0;A01
15870;201500010777;0;7;0;0.0;1.0;3.0;15.0;A01
15871;201500010778;0;7;0;0.0;2.0;4.0;2.0;C01
15872;201500010778;0;7;0;0.0;2.0;1.0;2.0;A01
15873;201500010778;0;7;0;0.0;2.0;4.0;2.0;B01
15874;201500010779;0;2;0;0.0;2.0;8.0;1.0;B01
15875;201500010779;0;7;0;0.0;2.0;7.0;12.0;A01
15876;201500010781;0;7;0;0.0;2.0;3.0;11.0;A01
15877;201500010781;0;31;0;0.0;2.0;7.0;1.0;B01
15878;201500010782;0;2;0;0.0;2.0;0.0;1.0;A01
15879;201500010782;0;7;0;0.0;2.0;6.0;15.0;B01
15880;201500010783;0;33;0;0.0;2.0;1.0;2.0;A01
15881;201500010783;0;7;0;0.0;0.0;0.0;0.0;B01
15882;201500010785;0;7;0;0.0;1.0;1.0;1.0;A01
15883;201500010786;0;33;0;0.0;2.0;1.0;1.0;B01
15884;201500010786;0;10;0;0.0;2.0;7.0;9.0;A01
15885;201500010787;0;33;0;0.0;2.0;1.0;17.0;B01
15886;201500010787;0;7;0;0.0;2.0;3.0;9.0;A01
15887;201500010788;0;7;0;0.0;2.0;3.0;15.0;A01
15888;201500010788;0;33;0;1.0;2.0;1.0;2.0;B01
15889;201500010789;0;7;0;0.0;1.0;2.0;1.0;A01
15890;201500010790;0;7;0;0.0;2.0;8.0;15.0;A01
15891;201500010790;0;7;0;0.0;2.0;2.0;1.0;B01
15892;201500010791;0;33;0;0.0;2.0;7.0;17.0;A01
15893;201500010791;0;7;0;0.0;2.0;3.0;15.0;B01
15894;201500010792;0;10;0;0.0;2.0;5.0;15.0;A01
15895;201500010792;0;34;0;0.0;2.0;7.0;1.0;B01
15896;201500010793;0;7;0;0.0;1.0;3.0;1.0;A01
15897;201500010794;0;31;0;0.0;2.0;1.0;21.0;B01
15898;201500010794;0;7;0;0.0;0.0;0.0;11.0;A01
15899;201500010796;0;7;0;0.0;2.0;8.0;4.0;B01
15900;201500010796;0;10;0;0.0;2.0;7.0;2.0;C01
15901;201500010796;0;2;0;0.0;2.0;0.0;0.0;A01
15902;201500010797;0;7;0;0.0;2.0;7.0;16.0;A01
15903;201500010797;0;30;0;0.0;2.0;8.0;18.0;B01
15904;201500010798;0;7;0;0.0;2.0;4.0;23.0;B01
15905;201500010798;0;2;0;0.0;0.0;1.0;7.0;A01
15906;201500010799;0;7;0;0.0;1.0;1.0;23.0;A01
15907;201500010800;0;33;0;2.0;2.0;1.0;1.0;B01
15908;201500010800;0;7;0;14.0;2.0;1.0;5.0;A01
15909;201500010801;0;32;0;0.0;2.0;1.0;17.0;B01
15910;201500010801;0;7;0;0.0;2.0;8.0;15.0;A01
15911;201500010802;0;7;0;0.0;2.0;5.0;2.0;B01
15912;201500010802;0;30;0;0.0;2.0;1.0;2.0;A01
15913;201500010803;0;7;0;0.0;2.0;6.0;0.0;B01
15914;201500010803;0;32;0;0.0;2.0;1.0;1.0;A01
15915;201500010805;0;32;0;0.0;2.0;9.0;1.0;A01
15916;201500010805;0;7;0;0.0;2.0;6.0;1.0;B01
15917;201500010806;0;7;0;0.0;2.0;7.0;12.0;A01
15918;201500010806;0;32;0;0.0;2.0;8.0;1.0;B01
15919;201500010807;0;7;0;0.0;0.0;0.0;1.0;A01
15920;201500010807;0;33;0;0.0;0.0;0.0;0.0;B01
15921;201500010808;0;10;0;0.0;2.0;8.0;15.0;B01
15922;201500010808;0;30;0;0.0;2.0;1.0;0.0;A01
15923;201500010809;0;33;0;0.0;2.0;1.0;1.0;B01
15924;201500010809;0;7;0;0.0;2.0;2.0;5.0;A01
15925;201500010810;0;7;0;0.0;2.0;3.0;1.0;B01
15926;201500010810;0;7;0;0.0;2.0;3.0;5.0;A01
15927;201500010811;0;7;0;0.0;0.0;5.0;2.0;B01
15928;201500010811;0;30;0;0.0;2.0;1.0;2.0;A01
15929;201500010812;0;7;0;12.0;0.0;1.0;0.0;A01
15930;201500010813;0;7;0;0.0;1.0;8.0;1.0;A01
15931;201500010814;0;7;0;0.0;1.0;3.0;15.0;A01
15932;201500010815;0;7;0;0.0;1.0;1.0;15.0;A01
15933;201500010816;0;7;0;1.0;2.0;3.0;20.0;A01
15934;201500010816;0;7;0;0.0;2.0;1.0;1.0;B01
15935;201500010817;0;7;0;0.0;2.0;1.0;2.0;A01
15936;201500010817;0;32;0;0.0;2.0;4.0;2.0;B01
15937;201500010818;0;7;0;0.0;2.0;3.0;2.0;A01
15938;201500010818;0;32;0;0.0;2.0;2.0;2.0;B01
15939;201500010819;0;7;0;0.0;1.0;1.0;19.0;A01
15940;201500010820;0;33;0;0.0;2.0;1.0;7.0;B01
15941;201500010820;0;10;0;0.0;2.0;2.0;16.0;A01
15942;201500010821;0;7;0;0.0;2.0;4.0;2.0;C01
15943;201500010821;0;2;0;0.0;2.0;4.0;2.0;B01
15944;201500010821;0;7;0;0.0;2.0;2.0;2.0;A01
15945;201500010822;2;32;0;0.0;2.0;1.0;1.0;A01
15946;201500010822;0;99;0;0.0;2.0;3.0;11.0;B01
15947;201500010823;0;7;0;0.0;1.0;3.0;0.0;A01
15948;201500010824;0;31;0;0.0;2.0;1.0;0.0;A01
15949;201500010824;0;7;0;0.0;2.0;5.0;2.0;B01
15950;201500010825;0;7;0;0.0;2.0;1.0;21.0;A01
15951;201500010825;0;7;0;1.0;2.0;3.0;9.0;B01
15952;201500010826;1;7;0;0.0;1.0;3.0;2.0;A01
15953;201500010827;0;37;1;0.0;2.0;3.0;1.0;A01
15954;201500010827;0;7;0;0.0;2.0;6.0;15.0;B01
15955;201500010829;0;31;0;0.0;2.0;1.0;1.0;B01
15956;201500010829;0;10;0;0.0;2.0;2.0;20.0;A01
15957;201500010830;0;7;0;0.0;2.0;1.0;0.0;A01
15958;201500010830;0;7;0;0.0;0.0;4.0;0.0;B01
15959;201500010831;0;7;0;0.0;1.0;2.0;1.0;A01
15960;201500010832;0;7;0;0.0;2.0;8.0;1.0;B01
15961;201500010832;0;7;0;0.0;2.0;2.0;1.0;A01
15962;201500010833;0;31;0;0.0;2.0;1.0;0.0;B01
15963;201500010833;0;7;0;0.0;2.0;7.0;1.0;A01
15964;201500010834;0;37;1;0.0;1.0;1.0;0.0;A01
15965;201500010835;0;15;0;0.0;9.0;2.0;0.0;A01
15966;201500010835;0;2;0;0.0;2.0;4.0;1.0;B01
15967;201500010835;0;10;0;0.0;2.0;6.0;1.0;C01
15968;201500010836;0;32;0;0.0;2.0;7.0;17.0;B01
15969;201500010836;0;7;0;0.0;2.0;8.0;15.0;A01
15970;201500010837;0;7;0;0.0;2.0;2.0;16.0;A01
15971;201500010837;0;30;0;0.0;2.0;1.0;2.0;B01
15972;201500010838;0;10;0;0.0;2.0;2.0;7.0;B01
15973;201500010838;0;7;0;0.0;2.0;3.0;15.0;A01
15974;201500010839;0;7;0;0.0;2.0;7.0;1.0;A01
15975;201500010839;0;7;0;0.0;2.0;3.0;2.0;B01
15976;201500010840;0;7;0;0.0;2.0;3.0;15.0;A01
15977;201500010840;0;33;0;0.0;2.0;1.0;1.0;B01
15978;201500010841;0;7;0;1.0;0.0;3.0;17.0;A01
15979;201500010842;0;34;0;0.0;2.0;3.0;1.0;B01
15980;201500010842;0;33;0;0.0;2.0;1.0;13.0;A01
15981;201500010843;0;7;0;0.0;2.0;8.0;15.0;A01
15982;201500010843;0;31;0;0.0;2.0;1.0;1.0;B01
15983;201500010844;0;7;0;0.0;2.0;3.0;15.0;A01
15984;201500010844;0;31;0;0.0;2.0;1.0;1.0;B01
15985;201500010845;0;10;0;0.0;2.0;1.0;1.0;A01
15986;201500010845;0;10;0;0.0;2.0;4.0;1.0;B01
15987;201500010845;0;10;0;0.0;2.0;0.0;0.0;C01
15988;201500010846;1;10;0;0.0;2.0;0.0;0.0;A01
15989;201500010846;0;7;0;0.0;2.0;6.0;2.0;B01
15990;201500010847;0;7;0;0.0;2.0;1.0;1.0;A01
15991;201500010847;0;7;0;0.0;2.0;2.0;15.0;B01
15992;201500010848;0;34;0;0.0;2.0;1.0;1.0;A01
15993;201500010848;0;2;0;0.0;2.0;0.0;1.0;B01
15994;201500010849;0;7;0;0.0;2.0;3.0;15.0;B01
15995;201500010849;0;2;0;0.0;2.0;1.0;17.0;A01
15996;201500010850;0;33;0;0.0;0.0;0.0;19.0;A01
15997;201500010850;0;2;0;0.0;0.0;0.0;1.0;B01
15998;201500010851;0;34;0;0.0;2.0;7.0;2.0;A01
15999;201500010851;1;7;0;0.0;2.0;0.0;2.0;Z01
16000;201500010852;0;7;0;0.0;2.0;6.0;13.0;A01
16001;201500010852;0;33;0;0.0;2.0;7.0;1.0;B01
16002;201500010853;0;33;0;15.0;0.0;0.0;0.0;A01
16003;201500010854;0;7;0;0.0;2.0;8.0;1.0;C01
16004;201500010854;0;7;0;0.0;2.0;5.0;1.0;B01
16005;201500010854;0;33;0;0.0;2.0;3.0;0.0;A01
16006;201500010855;0;32;0;0.0;2.0;2.0;9.0;A01
16007;201500010855;0;7;0;0.0;2.0;6.0;0.0;B01
16008;201500010857;0;7;0;0.0;2.0;8.0;22.0;A01
16009;201500010857;0;2;0;1.0;0.0;1.0;16.0;B01
16010;201500010858;0;10;0;0.0;1.0;7.0;16.0;A01
16011;201500010859;0;7;0;0.0;2.0;1.0;2.0;A01
16012;201500010859;0;7;0;0.0;2.0;0.0;0.0;B01
16013;201500010859;0;7;0;0.0;2.0;4.0;23.0;C01
16014;201500010860;0;7;0;0.0;2.0;0.0;13.0;A01
16015;201500010860;0;7;0;0.0;2.0;3.0;1.0;B01
16016;201500010861;0;7;0;0.0;0.0;4.0;23.0;B01
16017;201500010861;0;2;0;0.0;2.0;1.0;1.0;A01
16018;201500010862;0;7;0;0.0;1.0;2.0;15.0;A01
16019;201500010863;0;7;0;0.0;2.0;3.0;1.0;B01
16020;201500010863;0;2;0;0.0;2.0;1.0;1.0;A01
16021;201500010865;1;2;0;0.0;1.0;0.0;0.0;A01
16022;201500010866;0;7;0;0.0;2.0;3.0;2.0;B01
16023;201500010866;0;7;0;0.0;2.0;2.0;2.0;A01
16024;201500010868;0;7;0;0.0;2.0;8.0;15.0;A01
16025;201500010868;0;2;0;0.0;2.0;1.0;17.0;B01
16026;201500010869;0;37;1;0.0;2.0;2.0;1.0;A01
16027;201500010869;0;2;0;0.0;2.0;1.0;1.0;B01
16028;201500010871;0;7;0;0.0;2.0;4.0;1.0;C01
16029;201500010871;0;7;0;0.0;2.0;1.0;2.0;A01
16030;201500010871;0;7;0;0.0;2.0;4.0;2.0;B01
16031;201500010872;0;7;0;0.0;1.0;2.0;1.0;A01
16032;201500010873;0;33;0;0.0;1.0;1.0;1.0;A01
16033;201500010874;0;10;0;0.0;2.0;4.0;0.0;B01
16034;201500010874;0;2;0;0.0;1.0;1.0;1.0;A01
16035;201500010875;0;7;0;0.0;0.0;0.0;14.0;A01
16036;201500010875;0;2;0;0.0;2.0;0.0;3.0;B01
16037;201500010876;0;37;1;0.0;0.0;0.0;0.0;B01
16038;201500010876;0;7;0;0.0;2.0;5.0;16.0;A01
16039;201500010877;0;7;0;0.0;1.0;0.0;0.0;A01
16040;201500010878;0;34;0;0.0;2.0;8.0;0.0;A01
16041;201500010878;0;7;0;0.0;0.0;7.0;1.0;B01
16042;201500010879;0;7;0;0.0;2.0;7.0;15.0;A01
16043;201500010879;0;2;0;0.0;2.0;1.0;1.0;B01
16044;201500010880;0;33;0;0.0;2.0;3.0;1.0;A01
16045;201500010880;0;7;0;0.0;2.0;0.0;0.0;B01
16046;201500010882;0;34;0;0.0;2.0;2.0;1.0;A01
16047;201500010882;0;7;0;0.0;2.0;3.0;15.0;B01
16048;201500010884;0;34;0;0.0;2.0;0.0;0.0;B01
16049;201500010884;0;33;0;0.0;2.0;8.0;11.0;A01
16050;201500010885;0;40;1;0.0;1.0;2.0;1.0;A01
16051;201500010886;0;10;0;0.0;2.0;1.0;1.0;A01
16052;201500010886;0;7;0;0.0;2.0;4.0;1.0;B01
16053;201500010886;0;7;0;0.0;2.0;4.0;1.0;C01
16054;201500010887;0;7;0;0.0;2.0;0.0;1.0;A01
16055;201500010887;0;32;0;0.0;2.0;0.0;1.0;B01
16056;201500010888;0;7;0;1.0;1.0;2.0;1.0;A01
16057;201500010889;0;1;0;0.0;2.0;1.0;0.0;B01
16058;201500010889;0;7;0;0.0;9.0;4.0;4.0;A01
16059;201500010890;0;32;0;0.0;0.0;8.0;1.0;A01
16060;201500010891;0;37;1;0.0;1.0;7.0;16.0;A01
16061;201500010892;0;30;0;0.0;6.0;1.0;1.0;A01
16062;201500010893;0;31;0;1.0;2.0;1.0;1.0;B01
16063;201500010893;0;7;0;0.0;2.0;3.0;15.0;A01
16064;201500010894;0;7;0;0.0;2.0;3.0;1.0;B01
16065;201500010894;0;7;0;0.0;2.0;2.0;1.0;A01
16066;201500010895;0;2;0;0.0;2.0;8.0;1.0;B01
16067;201500010895;0;7;0;0.0;2.0;1.0;15.0;A01
16068;201500010896;0;32;0;0.0;2.0;0.0;0.0;B01
16069;201500010896;0;7;0;0.0;2.0;0.0;15.0;A01
16070;201500010897;0;7;0;0.0;2.0;6.0;23.0;W01
16071;201500010897;0;31;0;0.0;2.0;7.0;19.0;A01
16072;201500010897;0;31;0;0.0;2.0;3.0;1.0;B01
16073;201500010898;0;33;0;0.0;1.0;1.0;1.0;A01
16074;201500010899;0;7;0;0.0;1.0;1.0;1.0;A01
16075;201500010900;0;30;0;0.0;2.0;7.0;1.0;B01
16076;201500010900;1;7;0;0.0;2.0;1.0;1.0;A01
16077;201500010901;0;7;0;0.0;2.0;1.0;1.0;B01
16078;201500010901;0;7;0;0.0;2.0;1.0;0.0;A01
16079;201500010902;0;33;0;1.0;2.0;2.0;0.0;A01
16080;201500010902;0;7;0;0.0;2.0;7.0;2.0;B01
16081;201500010903;0;33;0;0.0;1.0;3.0;1.0;A01
16082;201500010904;0;33;0;0.0;2.0;0.0;0.0;A01
16083;201500010904;0;7;0;0.0;2.0;0.0;0.0;B01
16084;201500010905;0;38;1;0.0;1.0;2.0;1.0;A01
16085;201500010906;0;30;0;0.0;2.0;3.0;0.0;B01
16086;201500010906;0;7;0;0.0;2.0;2.0;15.0;A01
16087;201500010907;0;10;0;1.0;2.0;0.0;0.0;A01
16088;201500010907;0;7;0;1.0;2.0;3.0;0.0;B01
16089;201500010908;0;7;0;0.0;2.0;4.0;1.0;B01
16090;201500010908;0;33;0;0.0;2.0;1.0;2.0;A01
16091;201500010909;0;7;0;1.0;0.0;2.0;1.0;A01
16092;201500010910;0;32;0;0.0;2.0;0.0;1.0;B01
16093;201500010910;0;10;0;0.0;2.0;2.0;9.0;A01
16094;201500010911;0;7;0;0.0;2.0;2.0;15.0;A01
16095;201500010911;0;32;0;0.0;2.0;8.0;1.0;B01
16096;201500010912;0;7;0;0.0;1.0;1.0;0.0;B01
16097;201500010912;0;2;0;0.0;1.0;1.0;19.0;A01
16098;201500010913;0;7;0;0.0;2.0;1.0;2.0;A01
16099;201500010913;0;33;0;0.0;2.0;4.0;2.0;B01
16100;201500010914;0;99;0;0.0;2.0;3.0;15.0;A01
16101;201500010914;0;33;0;0.0;2.0;1.0;17.0;B01
16102;201500010916;0;7;0;0.0;1.0;0.0;0.0;A01
16103;201500010917;0;7;0;3.0;0.0;1.0;1.0;A01
16104;201500010918;0;7;0;0.0;1.0;2.0;15.0;A01
16105;201500010919;0;2;0;1.0;0.0;1.0;1.0;A01
16106;201500010920;0;7;0;0.0;2.0;3.0;13.0;A01
16107;201500010920;0;7;0;0.0;2.0;2.0;23.0;B01
16108;201500010921;0;7;0;0.0;2.0;1.0;1.0;A01
16109;201500010921;0;1;0;0.0;2.0;8.0;19.0;B01
16110;201500010922;0;30;0;0.0;2.0;1.0;17.0;B01
16111;201500010922;0;7;0;0.0;2.0;3.0;15.0;A01
16112;201500010923;0;10;0;0.0;2.0;2.0;2.0;A01
16113;201500010923;0;33;0;0.0;2.0;4.0;1.0;B01
16114;201500010924;0;7;0;0.0;0.0;6.0;1.0;B01
16115;201500010924;0;2;0;0.0;2.0;0.0;13.0;A01
16116;201500010925;0;7;0;0.0;2.0;8.0;1.0;A01
16117;201500010925;0;7;0;0.0;2.0;1.0;15.0;B01
16118;201500010926;0;31;0;0.0;2.0;1.0;1.0;A01
16119;201500010926;0;7;0;0.0;2.0;3.0;15.0;B01
16120;201500010927;0;7;0;0.0;2.0;3.0;1.0;B01
16121;201500010927;0;2;0;0.0;2.0;3.0;1.0;A01
16122;201500010928;0;33;0;0.0;2.0;0.0;18.0;A01
16123;201500010928;0;7;0;0.0;2.0;7.0;0.0;B01
16124;201500010929;0;7;0;1.0;0.0;1.0;1.0;A01
16125;201500010929;0;7;0;0.0;2.0;4.0;23.0;W01
16126;201500010930;0;30;0;0.0;1.0;1.0;1.0;A01
16127;201500010931;0;7;0;0.0;2.0;1.0;1.0;A01
16128;201500010931;0;2;0;0.0;2.0;5.0;1.0;B01
16129;201500010932;0;33;0;0.0;2.0;1.0;1.0;A01
16130;201500010932;0;31;0;0.0;2.0;4.0;23.0;B01
16131;201500010933;0;7;0;0.0;2.0;1.0;2.0;A01
16132;201500010933;0;7;0;0.0;2.0;4.0;1.0;B01
16133;201500010934;0;7;0;0.0;2.0;1.0;0.0;A01
16134;201500010934;0;7;0;0.0;2.0;3.0;0.0;B01
16135;201500010935;0;7;0;0.0;2.0;1.0;2.0;A01
16136;201500010935;0;7;0;0.0;2.0;4.0;1.0;B01
16137;201500010936;0;7;0;1.0;0.0;0.0;1.0;A01
16138;201500010937;0;31;0;0.0;2.0;1.0;14.0;A01
16139;201500010937;0;7;0;0.0;2.0;3.0;1.0;B01
16140;201500010938;0;33;0;0.0;2.0;4.0;1.0;B01
16141;201500010938;0;7;0;0.0;2.0;3.0;2.0;A01
16142;201500010939;0;7;0;0.0;2.0;8.0;23.0;B01
16143;201500010939;0;7;0;0.0;2.0;8.0;14.0;A01
16144;201500010940;0;7;0;0.0;2.0;6.0;23.0;B01
16145;201500010940;0;30;0;0.0;2.0;1.0;2.0;A01
16146;201500010941;0;7;0;0.0;2.0;4.0;1.0;B01
16147;201500010941;0;30;0;0.0;2.0;1.0;2.0;A01
16148;201500010942;0;7;0;1.0;0.0;0.0;1.0;A01
16149;201500010943;0;30;0;0.0;2.0;1.0;1.0;B01
16150;201500010943;0;7;0;1.0;2.0;3.0;17.0;A01
16151;201500010944;0;30;0;0.0;2.0;1.0;15.0;B01
16152;201500010944;0;7;0;0.0;2.0;1.0;1.0;A01
16153;201500010945;0;13;0;0.0;1.0;1.0;1.0;A01
16154;201500010946;0;10;0;0.0;2.0;8.0;9.0;A01
16155;201500010946;0;33;0;0.0;2.0;8.0;1.0;B01
16156;201500010947;0;30;0;0.0;1.0;1.0;1.0;A01
16157;201500010948;0;7;0;0.0;1.0;2.0;1.0;A01
16158;201500010949;0;32;0;0.0;2.0;1.0;1.0;B01
16159;201500010949;0;10;0;0.0;2.0;1.0;5.0;A01
16160;201500010950;2;7;0;0.0;2.0;1.0;1.0;A01
16161;201500010950;0;7;0;0.0;2.0;3.0;1.0;B01
16162;201500010951;0;33;0;1.0;2.0;1.0;1.0;B01
16163;201500010951;0;1;0;0.0;2.0;0.0;1.0;A01
16164;201500010952;0;31;0;1.0;0.0;1.0;1.0;A01
16165;201500010953;1;7;0;0.0;2.0;1.0;1.0;A01
16166;201500010953;0;2;0;0.0;2.0;4.0;1.0;B01
16167;201500010954;0;10;0;0.0;2.0;3.0;19.0;A01
16168;201500010954;0;33;0;0.0;2.0;1.0;17.0;B01
16169;201500010956;0;10;0;1.0;2.0;5.0;1.0;A01
16170;201500010956;0;7;0;0.0;2.0;1.0;1.0;B01
16171;201500010957;0;33;0;0.0;2.0;2.0;1.0;B01
16172;201500010957;0;7;0;0.0;2.0;6.0;15.0;A01
16173;201500010958;0;99;0;0.0;2.0;5.0;1.0;B01
16174;201500010958;0;31;0;0.0;2.0;3.0;13.0;A01
16175;201500010959;0;7;0;0.0;2.0;1.0;1.0;A01
16176;201500010959;0;7;0;0.0;2.0;1.0;1.0;B01
16177;201500010960;0;38;1;1.0;0.0;0.0;13.0;A01