;Num_Acc;senc;catv;occutc;obs;obsm;choc;manv;num_veh
16599;201500011213;0;7;0;1.0;0.0;1.0;1.0;A01
16600;201500011214;0;7;0;0.0;2.0;7.0;1.0;A01
16601;201500011214;0;30;0;0.0;2.0;1.0;1.0;B01
16602;201500011215;0;7;0;0.0;2.0;4.0;23.0;B01
16603;201500011215;0;30;0;0.0;2.0;1.0;2.0;A01
16604;201500011216;0;1;0;1.0;0.0;1.0;0.0;B01
16605;201500011216;0;7;0;0.0;2.0;3.0;24.0;A01
16606;201500011217;0;7;0;0.0;2.0;1.0;1.0;A01
16607;201500011217;0;30;0;0.0;2.0;3.0;15.0;B01
16608;201500011218;0;2;0;0.0;2.0;3.0;1.0;A01
16609;201500011218;0;10;0;0.0;2.0;1.0;1.0;B01
16610;201500011219;0;7;0;0.0;2.0;3.0;15.0;A01
16611;201500011219;0;33;0;0.0;2.0;1.0;1.0;B01
16612;201500011220;0;7;0;0.0;2.0;8.0;0.0;B01
16613;201500011220;0;32;0;0.0;2.0;1.0;0.0;A01
16614;201500011221;0;2;0;0.0;2.0;1.0;1.0;A01
16615;201500011221;0;7;0;0.0;2.0;4.0;2.0;B01
16616;201500011222;0;7;0;0.0;2.0;1.0;0.0;A01
16617;201500011222;0;7;0;1.0;2.0;7.0;0.0;B01
16618;201500011223;0;7;0;0.0;2.0;3.0;15.0;A01
16619;201500011223;0;34;0;0.0;2.0;1.0;2.0;B01
16620;201500011224;1;7;0;0.0;2.0;3.0;3.0;A01
16621;201500011224;0;7;0;1.0;2.0;3.0;1.0;B01
16622;201500011224;0;7;0;0.0;2.0;8.0;0.0;C01
16623;201500011224;0;7;0;0.0;2.0;6.0;2.0;D01
16624;201500011225;0;10;0;0.0;2.0;1.0;2.0;A01
16625;201500011225;0;3;0;5.0;2.0;4.0;1.0;B01
16626;201500011226;0;15;0;0.0;2.0;1.0;2.0;B02
16627;201500011226;0;15;0;0.0;2.0;4.0;2.0;A01
16628;201500011227;0;7;0;0.0;1.0;4.0;20.0;A01
16629;201500011228;0;10;0;0.0;2.0;2.0;15.0;A01
16630;201500011228;0;33;0;0.0;2.0;1.0;1.0;B02
16631;201500011229;0;7;0;16.0;0.0;1.0;1.0;A01
16632;201500011230;0;33;0;0.0;2.0;1.0;1.0;B02
16633;201500011230;0;7;0;0.0;2.0;1.0;15.0;A01
16634;201500011231;0;7;0;0.0;2.0;1.0;1.0;A01
16635;201500011231;0;7;0;0.0;2.0;1.0;1.0;B01
16636;201500011232;0;7;0;0.0;0.0;0.0;0.0;A01
16637;201500011233;0;7;0;2.0;0.0;2.0;2.0;A01
16638;201500011234;0;10;0;0.0;2.0;6.0;15.0;A01
16639;201500011234;0;33;0;0.0;2.0;1.0;17.0;B02
16640;201500011236;0;7;0;0.0;1.0;1.0;1.0;A01
16641;201500011237;0;7;0;0.0;2.0;2.0;1.0;B02
16642;201500011237;0;7;0;0.0;2.0;1.0;21.0;C03
16643;201500011237;0;7;0;0.0;2.0;1.0;13.0;A01
16644;201500011238;0;2;0;5.0;0.0;7.0;1.0;A01
16645;201500011239;0;7;0;8.0;0.0;7.0;1.0;A01
16646;201500011240;0;1;0;0.0;9.0;1.0;2.0;A01
16647;201500011240;0;1;0;0.0;0.0;4.0;2.0;B02
16648;201500011241;0;7;0;0.0;2.0;3.0;1.0;B02
16649;201500011241;0;7;0;0.0;2.0;3.0;1.0;A01
16650;201500011242;0;7;0;13.0;0.0;9.0;1.0;A01
16651;201500011243;0;7;0;0.0;0.0;6.0;1.0;C03
16652;201500011243;0;7;0;0.0;2.0;1.0;1.0;B02
16653;201500011243;0;7;0;0.0;2.0;1.0;13.0;A01
16654;201500011244;0;31;0;0.0;2.0;8.0;9.0;B02
16655;201500011244;0;15;0;0.0;2.0;1.0;1.0;A01
16656;201500011245;0;33;0;0.0;2.0;1.0;17.0;A01
16657;201500011245;0;7;0;0.0;2.0;3.0;1.0;B02
16658;201500011246;0;7;0;0.0;1.0;4.0;4.0;A01
16659;201500011247;0;7;0;0.0;2.0;1.0;1.0;B02
16660;201500011247;0;7;0;0.0;2.0;1.0;5.0;A01
16661;201500011249;0;7;0;2.0;0.0;1.0;21.0;A01
16662;201500011250;0;7;0;0.0;2.0;3.0;0.0;B02
16663;201500011250;0;7;0;0.0;2.0;1.0;0.0;A01
16664;201500011251;0;7;0;0.0;0.0;8.0;17.0;A01
16665;201500011251;0;7;0;0.0;0.0;1.0;1.0;B02
16666;201500011252;0;7;0;0.0;2.0;1.0;1.0;B02
16667;201500011252;0;7;0;0.0;2.0;3.0;19.0;A01
16668;201500011253;0;2;0;0.0;2.0;4.0;1.0;B02
16669;201500011253;0;7;0;0.0;2.0;3.0;1.0;A01
16670;201500011254;0;7;0;2.0;0.0;1.0;13.0;A01
16671;201500011255;0;7;0;0.0;1.0;1.0;1.0;A01
16672;201500011256;0;7;0;8.0;0.0;3.0;1.0;A01
16673;201500011257;0;33;0;0.0;2.0;1.0;2.0;B01
16674;201500011257;0;7;0;0.0;2.0;3.0;10.0;A01
16675;201500011258;0;7;0;0.0;2.0;0.0;0.0;B01
16676;201500011258;0;2;0;0.0;2.0;0.0;0.0;A01
16677;201500011260;0;33;0;0.0;2.0;3.0;21.0;A01
16678;201500011261;0;7;0;0.0;2.0;3.0;1.0;A01
16679;201500011261;0;7;0;0.0;2.0;3.0;1.0;B01
16680;201500011262;1;7;0;0.0;2.0;0.0;0.0;A01
16681;201500011262;0;30;0;0.0;2.0;0.0;0.0;B01
16682;201500011263;1;2;0;4.0;2.0;1.0;1.0;A01
16683;201500011264;0;33;0;15.0;0.0;1.0;0.0;A01
16684;201500011265;0;7;0;0.0;2.0;6.0;15.0;B01
16685;201500011265;0;33;0;0.0;2.0;3.0;2.0;A01
16686;201500011266;0;7;0;0.0;2.0;3.0;19.0;A01
16687;201500011266;0;33;0;0.0;2.0;1.0;1.0;B01
16688;201500011267;0;7;0;0.0;2.0;3.0;15.0;B01
16689;201500011267;0;33;0;0.0;2.0;1.0;3.0;A01
16690;201500011268;0;7;0;0.0;0.0;4.0;15.0;A01
16691;201500011268;1;7;0;0.0;2.0;0.0;1.0;B01
16692;201500011269;0;7;0;0.0;2.0;8.0;1.0;A01
16693;201500011269;0;7;0;0.0;2.0;1.0;1.0;B01
16694;201500011270;0;33;0;0.0;0.0;0.0;0.0;A01
16695;201500011271;0;7;0;0.0;2.0;1.0;1.0;A01
16696;201500011271;0;2;0;0.0;2.0;1.0;15.0;B01
16697;201500011272;0;7;0;0.0;2.0;1.0;2.0;A01
16698;201500011272;0;7;0;0.0;2.0;4.0;2.0;B01
16699;201500011273;0;7;0;0.0;2.0;8.0;1.0;B01
16700;201500011273;0;7;0;0.0;2.0;3.0;1.0;A01
16701;201500011274;0;7;0;0.0;0.0;0.0;0.0;A01
16702;201500011275;0;13;0;0.0;1.0;1.0;1.0;A01
16703;201500011276;0;7;0;13.0;0.0;2.0;2.0;A01
16704;201500011277;0;37;0;0.0;1.0;5.0;15.0;A01
16705;201500011278;0;7;0;0.0;0.0;2.0;15.0;A01
16706;201500011278;0;1;0;0.0;0.0;1.0;1.0;B01
16707;201500011279;0;10;0;0.0;2.0;1.0;13.0;A01
16708;201500011279;0;7;0;0.0;2.0;1.0;0.0;B01
16709;201500011280;0;7;0;6.0;0.0;1.0;14.0;A01
16710;201500011281;0;33;0;16.0;0.0;1.0;1.0;A01
16711;201500011283;0;7;0;0.0;1.0;3.0;9.0;A01
16712;201500011284;0;33;0;13.0;0.0;1.0;1.0;A01
16713;201500011285;0;7;0;0.0;1.0;1.0;1.0;A01
16714;201500011286;0;7;0;0.0;2.0;9.0;2.0;B01
16715;201500011286;0;7;0;0.0;2.0;4.0;2.0;C01
16716;201500011286;0;7;0;0.0;2.0;1.0;2.0;A01
16717;201500011287;0;7;0;0.0;2.0;2.0;0.0;A01
16718;201500011287;0;7;0;0.0;2.0;3.0;0.0;B01
16719;201500011288;0;7;0;2.0;0.0;0.0;1.0;A01
16720;201500011289;0;7;0;0.0;1.0;0.0;15.0;A01
16721;201500011290;0;7;0;0.0;9.0;7.0;15.0;A01
16722;201500011290;0;1;0;0.0;2.0;1.0;21.0;B01
16723;201500011291;0;7;0;0.0;1.0;2.0;1.0;A01
16724;201500011292;0;7;0;0.0;2.0;7.0;1.0;B01
16725;201500011292;0;7;0;0.0;2.0;1.0;9.0;A01
16726;201500011293;0;1;0;0.0;0.0;0.0;0.0;A01
16727;201500011294;0;7;0;11.0;0.0;1.0;2.0;A01
16728;201500011295;0;33;0;0.0;0.0;0.0;0.0;A01
16729;201500011296;0;7;0;0.0;0.0;0.0;0.0;B01
16730;201500011296;0;7;0;0.0;0.0;0.0;0.0;A01
16731;201500011297;0;7;0;0.0;2.0;3.0;15.0;B01
16732;201500011297;0;30;0;0.0;2.0;1.0;13.0;A01
16733;201500011298;0;7;0;0.0;1.0;1.0;1.0;A01
16734;201500011299;0;7;0;0.0;2.0;1.0;2.0;B01
16735;201500011299;0;7;0;0.0;2.0;4.0;2.0;A01
16736;201500011300;0;7;0;0.0;2.0;3.0;0.0;A01
16737;201500011300;0;1;0;0.0;2.0;0.0;1.0;B01
16738;201500011301;0;7;0;2.0;0.0;1.0;19.0;A01
16739;201500011302;0;7;0;0.0;2.0;3.0;13.0;A01
16740;201500011302;0;7;0;0.0;2.0;3.0;1.0;B02
16741;201500011303;0;7;0;0.0;2.0;3.0;21.0;B02
16742;201500011303;0;7;0;0.0;2.0;3.0;13.0;A01
16743;201500011304;0;30;0;0.0;2.0;3.0;2.0;B02
16744;201500011304;0;7;0;0.0;2.0;2.0;9.0;A01
16745;201500011305;0;7;0;0.0;2.0;2.0;1.0;B02
16746;201500011305;0;7;0;0.0;2.0;3.0;10.0;A01
16747;201500011306;0;33;0;7.0;0.0;1.0;14.0;A01
16748;201500011307;0;33;0;0.0;2.0;1.0;17.0;A01
16749;201500011307;0;7;0;0.0;2.0;2.0;0.0;B02
16750;201500011308;0;7;0;0.0;2.0;1.0;1.0;A01
16751;201500011308;0;7;0;0.0;2.0;3.0;15.0;B02
16752;201500011309;0;33;0;0.0;2.0;1.0;1.0;B02
16753;201500011309;0;10;0;0.0;2.0;8.0;1.0;A01
16754;201500011310;0;33;0;9.0;0.0;1.0;1.0;A01
16755;201500011311;0;7;0;0.0;2.0;0.0;1.0;C03
16756;201500011311;0;7;0;0.0;0.0;1.0;1.0;B02
16757;201500011311;0;7;0;16.0;0.0;0.0;1.0;D04
16758;201500011311;0;7;0;0.0;2.0;1.0;5.0;A01
16759;201500011312;0;7;0;3.0;0.0;8.0;1.0;A01
16760;201500011313;0;7;0;0.0;1.0;3.0;1.0;A01
16761;201500011314;0;33;0;0.0;0.0;0.0;0.0;A01
16762;201500011315;0;7;0;0.0;1.0;0.0;0.0;A01
16763;201500011316;0;30;0;0.0;0.0;1.0;1.0;A01
16764;201500011317;0;7;0;10.0;0.0;2.0;2.0;A01
16765;201500011319;1;7;0;0.0;2.0;8.0;1.0;B01
16766;201500011319;0;7;0;0.0;2.0;2.0;15.0;A01
16767;201500011320;0;7;0;0.0;0.0;4.0;23.0;C01
16768;201500011320;0;7;0;0.0;0.0;0.0;0.0;B01
16769;201500011320;0;33;0;14.0;0.0;1.0;2.0;A01
16770;201500011321;0;33;0;0.0;2.0;1.0;17.0;A01
16771;201500011321;0;7;0;0.0;2.0;8.0;0.0;B01
16772;201500011322;0;2;0;0.0;0.0;7.0;14.0;A01
16773;201500011323;0;33;0;0.0;2.0;1.0;1.0;B01
16774;201500011323;0;7;0;0.0;2.0;3.0;15.0;A01
16775;201500011324;0;7;0;0.0;2.0;1.0;2.0;B01
16776;201500011324;0;7;0;0.0;2.0;1.0;13.0;A01
16777;201500011327;0;1;0;0.0;2.0;1.0;2.0;A01
16778;201500011327;0;1;0;0.0;0.0;4.0;2.0;B01
16779;201500011328;0;7;0;0.0;0.0;7.0;18.0;A01
16780;201500011328;0;7;0;0.0;0.0;8.0;1.0;B01
16781;201500011329;0;10;0;0.0;1.0;7.0;1.0;A01
16782;201500011330;0;7;0;0.0;1.0;2.0;2.0;A01
16783;201500011331;0;10;0;6.0;0.0;1.0;1.0;A01
16784;201500011332;0;7;0;0.0;1.0;2.0;1.0;A01
16785;201500011333;0;30;0;0.0;0.0;0.0;1.0;C01
16786;201500011333;0;7;0;0.0;2.0;1.0;1.0;B01
16787;201500011333;0;2;0;0.0;2.0;1.0;13.0;A01
16788;201500011334;0;7;0;0.0;1.0;2.0;15.0;A01
16789;201500011335;0;7;0;0.0;1.0;3.0;1.0;A01
16790;201500011336;0;7;0;16.0;0.0;3.0;1.0;A01
16791;201500011337;0;33;0;0.0;0.0;0.0;1.0;A01
16792;201500011338;0;7;0;0.0;1.0;1.0;19.0;A01
16793;201500011339;0;32;0;0.0;2.0;1.0;1.0;B02
16794;201500011339;0;7;0;0.0;2.0;2.0;15.0;A01
16795;201500011340;0;31;0;0.0;2.0;1.0;17.0;A01
16796;201500011340;0;7;0;0.0;2.0;8.0;15.0;B02
16797;201500011341;0;33;0;13.0;0.0;1.0;1.0;A01
16798;201500011342;0;7;0;0.0;2.0;8.0;10.0;A01
16799;201500011342;0;33;0;0.0;2.0;1.0;1.0;B02
16800;201500011343;0;10;0;0.0;2.0;8.0;1.0;B02
16801;201500011343;0;10;0;0.0;2.0;3.0;13.0;A01
16802;201500011344;0;33;0;0.0;2.0;1.0;1.0;B02
16803;201500011344;0;7;0;0.0;0.0;6.0;19.0;A01
16804;201500011345;0;7;0;0.0;2.0;6.0;1.0;B02
16805;201500011345;0;33;0;0.0;2.0;2.0;17.0;A01
16806;201500011346;0;33;0;0.0;0.0;1.0;1.0;A01
16807;201500011347;0;7;0;4.0;0.0;1.0;1.0;A01
16808;201500011348;0;7;0;2.0;0.0;8.0;1.0;A01
16809;201500011349;0;7;0;0.0;2.0;2.0;2.0;A01
16810;201500011349;0;30;0;0.0;2.0;4.0;2.0;B02
16811;201500011350;0;7;0;0.0;2.0;1.0;1.0;C03
16812;201500011350;0;7;0;0.0;2.0;3.0;1.0;A01
16813;201500011350;0;7;0;0.0;2.0;3.0;1.0;B02
16814;201500011351;0;7;0;0.0;0.0;0.0;1.0;A01
16815;201500011352;0;7;0;12.0;0.0;1.0;1.0;A01
16816;201500011353;0;7;0;0.0;1.0;6.0;1.0;A01
16817;201500011354;0;7;0;13.0;0.0;3.0;1.0;A01
16818;201500011355;0;32;0;0.0;0.0;0.0;1.0;A01
16819;201500011356;0;7;0;0.0;2.0;7.0;15.0;A01
16820;201500011356;0;38;0;0.0;2.0;3.0;1.0;B02
16821;201500011357;0;7;0;13.0;0.0;3.0;1.0;A01
16822;201500011358;0;33;0;16.0;0.0;8.0;0.0;A01
16823;201500011359;0;7;0;4.0;0.0;9.0;1.0;A01
16824;201500011360;0;7;0;13.0;0.0;3.0;21.0;A01
16825;201500011361;0;7;0;2.0;0.0;1.0;1.0;A01
16826;201500011362;0;33;0;0.0;2.0;1.0;1.0;B02
16827;201500011362;0;10;0;0.0;2.0;8.0;19.0;A01
16828;201500011364;0;7;0;0.0;2.0;1.0;1.0;A01
16829;201500011364;0;7;0;0.0;2.0;3.0;1.0;B02
16830;201500011365;0;7;0;4.0;0.0;2.0;1.0;A01
16831;201500011367;0;15;0;3.0;9.0;7.0;1.0;A01
16832;201500011367;0;7;0;0.0;9.0;0.0;1.0;C03
16833;201500011367;0;7;0;0.0;0.0;0.0;1.0;B02
16834;201500011367;0;7;0;0.0;9.0;0.0;1.0;D04
16835;201500011369;0;33;0;0.0;2.0;9.0;17.0;A01
16836;201500011369;0;14;0;0.0;2.0;4.0;1.0;C03
16837;201500011369;0;3;0;0.0;2.0;6.0;1.0;B02
16838;201500011370;0;10;0;3.0;0.0;7.0;1.0;A01
16839;201500011371;0;7;0;0.0;2.0;2.0;3.0;B02
16840;201500011371;0;17;0;0.0;2.0;6.0;1.0;A01
16841;201500011373;0;33;0;0.0;2.0;7.0;1.0;A01
16842;201500011373;0;7;0;0.0;2.0;1.0;15.0;B02
16843;201500011375;0;7;0;4.0;0.0;3.0;1.0;A01
16844;201500011376;0;7;0;0.0;2.0;6.0;1.0;B02
16845;201500011376;0;7;0;0.0;2.0;2.0;2.0;A01
16846;201500011377;0;7;0;13.0;0.0;1.0;1.0;A01
16847;201500011378;0;7;0;3.0;0.0;9.0;14.0;A01
16848;201500011379;0;7;0;13.0;0.0;1.0;0.0;A01
16849;201500011380;0;7;0;16.0;0.0;2.0;1.0;A01
16850;201500011381;0;30;0;16.0;0.0;8.0;2.0;A01
16851;201500011382;0;7;0;2.0;0.0;8.0;1.0;A01
16852;201500011383;0;7;0;0.0;2.0;2.0;19.0;B02
16853;201500011383;0;7;0;0.0;2.0;1.0;1.0;A01
16854;201500011384;0;17;0;1.0;9.0;3.0;1.0;A01
16855;201500011384;0;7;0;0.0;2.0;1.0;1.0;C03
16856;201500011384;0;10;0;0.0;2.0;5.0;23.0;B02
16857;201500011387;0;7;0;0.0;2.0;3.0;12.0;A01
16858;201500011387;0;17;0;0.0;2.0;4.0;1.0;B02
16859;201500011388;0;7;0;0.0;2.0;3.0;13.0;A01
16860;201500011388;0;10;0;0.0;2.0;3.0;1.0;B02
16861;201500011389;0;7;0;8.0;0.0;8.0;1.0;A01
16862;201500011390;0;33;0;0.0;0.0;0.0;1.0;A01
16863;201500011392;0;10;0;3.0;0.0;2.0;0.0;A01
16864;201500011393;0;30;0;0.0;2.0;1.0;1.0;B02
16865;201500011393;0;7;0;0.0;2.0;1.0;15.0;A01
16866;201500011394;0;33;0;2.0;0.0;1.0;1.0;A01
16867;201500011395;1;17;0;0.0;1.0;0.0;0.0;A01
16868;201500011396;0;7;0;0.0;2.0;7.0;0.0;A01
16869;201500011397;2;7;0;3.0;0.0;3.0;1.0;A01
16870;201500011398;0;1;0;;2.0;8.0;1.0;B02
16871;201500011398;0;10;0;;2.0;3.0;1.0;A01
16872;201500011399;0;14;0;0.0;0.0;0.0;14.0;A01
16873;201500011400;0;7;0;0.0;1.0;2.0;1.0;A01
16874;201500011401;0;7;0;0.0;2.0;2.0;1.0;B02
16875;201500011401;0;7;0;0.0;0.0;0.0;15.0;A01
16876;201500011401;0;7;0;0.0;2.0;3.0;23.0;C03
16877;201500011402;0;7;0;8.0;0.0;2.0;14.0;A01
16878;201500011403;0;7;0;0.0;0.0;1.0;1.0;B02
16879;201500011403;0;30;0;0.0;2.0;1.0;13.0;A01
16880;201500011404;0;7;0;0.0;2.0;2.0;13.0;A01
16881;201500011404;0;99;0;0.0;0.0;2.0;1.0;B02
16882;201500011405;0;7;0;0.0;1.0;2.0;1.0;A01
16883;201500011406;0;30;0;0.0;2.0;1.0;15.0;B02
16884;201500011406;0;7;0;0.0;2.0;3.0;19.0;A01
16885;201500011408;0;7;0;13.0;2.0;9.0;14.0;A01
16886;201500011408;0;7;0;0.0;2.0;5.0;9.0;B02
16887;201500011409;1;30;0;0.0;0.0;0.0;0.0;Z01
16888;201500011409;0;1;0;0.0;0.0;0.0;0.0;B02
16889;201500011410;0;33;0;0.0;2.0;1.0;2.0;A01
16890;201500011410;0;7;0;0.0;0.0;4.0;2.0;C03
16891;201500011410;0;7;0;0.0;2.0;4.0;2.0;B02
16892;201500011411;0;7;0;0.0;2.0;1.0;9.0;A01
16893;201500011411;0;30;0;0.0;2.0;2.0;1.0;B02
16894;201500011412;0;7;0;0.0;0.0;4.0;15.0;A01
16895;201500011412;0;33;0;0.0;2.0;1.0;13.0;B02
16896;201500011413;0;33;0;0.0;2.0;1.0;2.0;A01
16897;201500011413;0;7;0;0.0;0.0;6.0;2.0;B02
16898;201500011413;0;33;0;0.0;2.0;1.0;21.0;C03
16899;201500011413;0;7;0;0.0;2.0;1.0;1.0;D04
16900;201500011414;0;30;0;0.0;0.0;0.0;1.0;B02
16901;201500011414;0;10;0;0.0;0.0;0.0;15.0;A01
16902;201500011415;0;7;0;0.0;2.0;7.0;1.0;B02
16903;201500011415;0;30;0;0.0;2.0;3.0;19.0;A01
16904;201500011416;0;7;0;0.0;1.0;0.0;1.0;A01
16905;201500011417;0;7;0;0.0;0.0;5.0;1.0;A01
16906;201500011417;0;30;0;0.0;2.0;1.0;19.0;B02
16907;201500011418;0;7;0;0.0;2.0;5.0;1.0;B02
16908;201500011418;0;7;0;8.0;2.0;3.0;9.0;A01
16909;201500011419;0;7;0;16.0;0.0;9.0;1.0;A01
16910;201500011420;0;7;0;0.0;2.0;3.0;1.0;B02
16911;201500011420;0;30;0;0.0;2.0;1.0;5.0;A01
16912;201500011422;0;7;0;0.0;2.0;4.0;2.0;B02
16913;201500011422;0;30;0;1.0;2.0;1.0;2.0;A01
16914;201500011423;0;7;0;2.0;0.0;1.0;18.0;A01
16915;201500011424;0;7;0;0.0;1.0;3.0;1.0;A01
16916;201500011425;0;7;0;0.0;2.0;5.0;20.0;A01
16917;201500011425;0;1;0;0.0;2.0;1.0;1.0;B02
16918;201500011426;0;33;0;0.0;6.0;1.0;1.0;A01
16919;201500011427;0;30;0;0.0;0.0;2.0;11.0;A01
16920;201500011427;0;7;0;0.0;0.0;3.0;1.0;B02
16921;201500011428;0;7;0;11.0;0.0;1.0;0.0;A01
16922;201500011429;0;7;0;13.0;0.0;2.0;17.0;A01
16923;201500011430;0;7;0;3.0;0.0;1.0;1.0;A01
16924;201500011431;0;7;0;2.0;0.0;9.0;14.0;A01
16925;201500011432;0;7;0;15.0;0.0;2.0;1.0;A01
16926;201500011433;0;7;0;0.0;2.0;4.0;2.0;B02
16927;201500011433;0;7;0;0.0;2.0;1.0;2.0;A01
16928;201500011434;0;10;0;0.0;2.0;2.0;17.0;A01
16929;201500011434;0;15;0;0.0;2.0;6.0;1.0;B02
16930;201500011435;0;10;0;0.0;0.0;9.0;14.0;A01
16931;201500011436;0;7;0;0.0;2.0;1.0;1.0;A01
16932;201500011436;0;15;0;0.0;2.0;4.0;1.0;B02
16933;201500011437;0;10;0;3.0;0.0;2.0;1.0;A01
16934;201500011438;0;7;0;13.0;0.0;2.0;0.0;A01
16935;201500011439;0;1;0;0.0;0.0;0.0;0.0;A01
16936;201500011440;0;7;0;3.0;0.0;1.0;9.0;A01
16937;201500011441;0;7;0;5.0;0.0;1.0;14.0;A01
16938;201500011443;0;7;0;4.0;0.0;2.0;14.0;A01
16939;201500011444;0;7;0;0.0;2.0;8.0;21.0;A01
16940;201500011444;0;7;0;0.0;2.0;7.0;2.0;B02
16941;201500011445;0;10;0;0.0;2.0;1.0;1.0;A01
16942;201500011445;0;14;0;0.0;0.0;6.0;1.0;B02
16943;201500011446;0;10;0;0.0;2.0;1.0;17.0;A01
16944;201500011446;0;15;0;0.0;2.0;3.0;17.0;B02
16945;201500011446;0;33;0;3.0;0.0;3.0;21.0;C03
16946;201500011448;0;7;0;3.0;0.0;1.0;1.0;A01
16947;201500011449;0;7;0;3.0;2.0;8.0;0.0;A01
16948;201500011449;0;7;0;3.0;2.0;2.0;0.0;B02
16949;201500011450;0;7;0;4.0;0.0;2.0;1.0;A01
16950;201500011451;0;33;0;16.0;0.0;8.0;0.0;A01
16951;201500011452;0;7;0;4.0;0.0;5.0;1.0;A01
16952;201500011452;0;7;0;1.0;0.0;7.0;1.0;B02
16953;201500011452;0;7;0;1.0;0.0;1.0;1.0;C03
16954;201500011452;0;7;0;0.0;1.0;1.0;1.0;D04
16955;201500011452;0;7;0;0.0;1.0;8.0;0.0;E05
16956;201500011453;0;7;0;3.0;0.0;1.0;1.0;A01
16957;201500011454;0;7;0;4.0;0.0;3.0;1.0;A01
16958;201500011455;0;7;0;0.0;2.0;3.0;1.0;A01
16959;201500011455;0;7;0;0.0;2.0;7.0;1.0;C03
16960;201500011455;0;10;0;4.0;2.0;5.0;1.0;B02
16961;201500011456;0;33;0;0.0;1.0;2.0;21.0;A01
16962;201500011457;0;7;0;11.0;0.0;0.0;1.0;A01
16963;201500011458;0;7;0;0.0;2.0;2.0;0.0;A01
16964;201500011458;0;7;0;0.0;2.0;6.0;0.0;B02
16965;201500011459;0;7;0;0.0;2.0;4.0;1.0;A01
16966;201500011459;0;7;0;0.0;2.0;2.0;12.0;B02
16967;201500011460;0;7;0;4.0;0.0;3.0;13.0;A01
16968;201500011461;0;33;0;0.0;0.0;1.0;1.0;A01
16969;201500011463;0;7;0;6.0;0.0;1.0;15.0;A01
16970;201500011464;0;7;0;0.0;2.0;1.0;2.0;A01
16971;201500011464;0;17;0;0.0;2.0;4.0;2.0;B02
16972;201500011465;0;10;0;0.0;2.0;5.0;17.0;A01
16973;201500011465;0;17;0;0.0;2.0;3.0;1.0;B02
16974;201500011466;0;17;0;0.0;0.0;1.0;21.0;A01
16975;201500011466;0;7;0;0.0;0.0;4.0;23.0;B02
16976;201500011466;0;7;0;0.0;0.0;4.0;23.0;C03
16977;201500011466;0;17;0;0.0;0.0;4.0;23.0;D04
16978;201500011466;0;7;0;0.0;0.0;7.0;23.0;E05
16979;201500011467;0;7;0;0.0;1.0;0.0;1.0;B01
16980;201500011468;0;15;0;0.0;2.0;0.0;1.0;A01
16981;201500011468;0;10;0;0.0;2.0;2.0;11.0;B02
16982;201500011468;0;15;0;0.0;2.0;5.0;1.0;C03
16983;201500011469;0;7;0;0.0;2.0;1.0;2.0;A01
16984;201500011469;0;7;0;0.0;2.0;4.0;2.0;B02
16985;201500011470;0;7;0;0.0;2.0;2.0;3.0;A01
16986;201500011470;0;15;0;0.0;0.0;0.0;1.0;B02
16987;201500011471;0;7;0;4.0;0.0;1.0;1.0;A01
16988;201500011472;0;7;0;3.0;0.0;1.0;1.0;B02
16989;201500011472;0;7;0;3.0;2.0;1.0;1.0;A01
16990;201500011473;0;7;0;0.0;2.0;1.0;19.0;A01
16991;201500011473;0;7;0;0.0;2.0;1.0;2.0;B02
16992;201500011473;0;7;0;0.0;0.0;1.0;0.0;C03
16993;201500011473;0;7;0;0.0;0.0;1.0;0.0;D04
16994;201500011474;0;10;0;14.0;0.0;1.0;1.0;A01
16995;201500011475;0;33;0;4.0;0.0;7.0;1.0;A01
16996;201500011476;0;7;0;13.0;0.0;4.0;23.0;E05
16997;201500011476;0;7;0;0.0;2.0;4.0;23.0;B02
16998;201500011476;0;15;0;0.0;2.0;1.0;1.0;A01
16999;201500011476;0;7;0;13.0;2.0;4.0;23.0;C03
17000;201500011476;0;7;0;4.0;2.0;9.0;23.0;D04
17001;201500011477;0;10;0;3.0;0.0;1.0;1.0;A01
17002;201500011478;0;17;0;0.0;2.0;6.0;1.0;A01
17003;201500011478;0;7;0;0.0;0.0;6.0;2.0;B02
17004;201500011478;0;7;0;0.0;2.0;5.0;0.0;C03
17005;201500011478;0;7;0;0.0;2.0;6.0;2.0;D04
17006;201500011479;0;17;0;0.0;2.0;6.0;1.0;B02
17007;201500011479;0;7;0;0.0;2.0;2.0;17.0;A01
17008;201500011479;0;17;0;1.0;0.0;1.0;1.0;C03
17009;201500011480;0;7;0;4.0;0.0;1.0;1.0;A01
17010;201500011481;0;7;0;6.0;0.0;2.0;17.0;A01
17011;201500011482;0;7;0;4.0;0.0;3.0;1.0;A01
17012;201500011483;0;7;0;0.0;0.0;4.0;1.0;B02
17013;201500011483;0;17;0;0.0;2.0;3.0;1.0;C03
17014;201500011483;0;7;0;0.0;2.0;1.0;1.0;A01
17015;201500011484;0;7;0;0.0;0.0;6.0;2.0;A01
17016;201500011484;0;17;0;0.0;2.0;8.0;21.0;B02
17017;201500011485;0;7;0;0.0;2.0;5.0;17.0;A01