;Num_Acc;senc;catv;occutc;obs;obsm;choc;manv;num_veh
17437;201500011752;0;7;0;1.0;0.0;1.0;17.0;A01
17438;201500011753;0;14;0;0.0;0.0;6.0;23.0;B02
17439;201500011753;0;15;0;1.0;0.0;2.0;1.0;A01
17440;201500011754;0;1;0;0.0;0.0;0.0;0.0;B01
17441;201500011754;0;7;0;0.0;2.0;4.0;2.0;A01
17442;201500011754;0;7;0;0.0;2.0;4.0;2.0;C01
17443;201500011755;0;7;0;0.0;1.0;3.0;15.0;A01
17444;201500011756;0;3;0;0.0;2.0;2.0;1.0;A01
17445;201500011756;0;30;0;0.0;2.0;1.0;9.0;B01
17446;201500011757;0;7;0;0.0;1.0;0.0;0.0;A01
17447;201500011758;0;34;0;0.0;2.0;1.0;1.0;B01
17448;201500011758;0;7;0;0.0;2.0;2.0;10.0;A01
17449;201500011759;0;7;0;0.0;1.0;0.0;0.0;A01
17450;201500011760;0;7;0;0.0;9.0;3.0;2.0;B01
17451;201500011760;0;7;0;13.0;0.0;0.0;0.0;A01
17452;201500011760;0;7;0;0.0;9.0;1.0;1.0;C01
17453;201500011761;0;7;0;0.0;1.0;1.0;1.0;A01
17454;201500011762;0;2;0;0.0;0.0;0.0;0.0;B01
17455;201500011762;0;7;0;0.0;0.0;0.0;0.0;A01
17456;201500011763;0;7;0;0.0;2.0;5.0;15.0;B01
17457;201500011763;0;30;0;0.0;2.0;1.0;2.0;A01
17458;201500011764;0;7;0;0.0;1.0;1.0;11.0;A01
17459;201500011765;1;33;0;0.0;1.0;0.0;0.0;A01
17460;201500011766;0;7;0;0.0;0.0;0.0;0.0;B01
17461;201500011766;0;1;0;0.0;2.0;1.0;1.0;A01
17462;201500011767;0;33;0;0.0;2.0;1.0;1.0;F01
17463;201500011767;0;7;0;0.0;2.0;8.0;15.0;A01
17464;201500011769;0;37;5;0.0;1.0;5.0;16.0;A01
17465;201500011771;0;30;0;0.0;2.0;0.0;1.0;A01
17466;201500011772;0;7;0;0.0;2.0;2.0;15.0;B02
17467;201500011772;0;38;1;0.0;2.0;3.0;1.0;A01
17468;201500011773;0;38;32;8.0;0.0;1.0;1.0;A01
17469;201500011774;0;10;0;4.0;0.0;3.0;13.0;A01
17470;201500011775;0;7;0;4.0;2.0;4.0;1.0;B01
17471;201500011775;0;7;0;0.0;2.0;1.0;1.0;A01
17472;201500011776;0;10;0;0.0;2.0;2.0;1.0;A01
17473;201500011776;0;7;0;0.0;2.0;4.0;21.0;B01
17474;201500011777;0;7;0;14.0;0.0;1.0;17.0;A01
17475;201500011778;0;7;0;0.0;2.0;4.0;1.0;B01
17476;201500011778;0;7;0;0.0;2.0;1.0;1.0;A01
17477;201500011779;0;7;0;0.0;2.0;4.0;1.0;C01
17478;201500011779;0;7;0;0.0;2.0;1.0;1.0;A01
17479;201500011779;0;7;0;3.0;2.0;4.0;1.0;B01
17480;201500011781;0;7;0;0.0;2.0;1.0;2.0;A01
17481;201500011781;0;7;0;0.0;2.0;4.0;1.0;B02
17482;201500011781;0;7;0;0.0;2.0;4.0;1.0;C03
17483;201500011782;0;7;0;0.0;2.0;1.0;2.0;A01
17484;201500011782;0;7;0;0.0;0.0;4.0;1.0;B02
17485;201500011783;0;17;0;0.0;0.0;6.0;0.0;B02
17486;201500011783;0;10;0;0.0;2.0;1.0;14.0;A01
17487;201500011784;0;10;0;0.0;0.0;4.0;1.0;A01
17488;201500011784;0;7;0;0.0;2.0;1.0;12.0;B02
17489;201500011785;0;7;0;3.0;2.0;1.0;1.0;A01
17490;201500011785;0;7;0;0.0;2.0;8.0;20.0;B02
17491;201500011786;0;30;0;0.0;2.0;1.0;9.0;B02
17492;201500011786;0;14;0;0.0;2.0;7.0;1.0;A01
17493;201500011787;0;7;0;2.0;0.0;3.0;2.0;A01
17494;201500011788;0;32;0;0.0;2.0;7.0;14.0;A01
17495;201500011788;0;33;0;0.0;2.0;8.0;1.0;B02
17496;201500011789;0;17;0;0.0;0.0;8.0;0.0;B02
17497;201500011789;0;14;0;0.0;0.0;8.0;0.0;A01
17498;201500011790;0;7;0;0.0;0.0;8.0;0.0;B02
17499;201500011790;0;14;0;1.0;9.0;7.0;1.0;A01
17500;201500011791;0;17;0;1.0;0.0;1.0;1.0;A01
17501;201500011791;0;7;0;0.0;0.0;4.0;2.0;C03
17502;201500011791;0;17;0;1.0;0.0;4.0;2.0;B02
17503;201500011792;0;14;0;0.0;0.0;3.0;17.0;A01
17504;201500011793;0;17;0;1.0;0.0;2.0;1.0;A01
17505;201500011793;0;15;0;0.0;2.0;6.0;23.0;B02
17506;201500011794;0;30;0;15.0;2.0;2.0;1.0;A01
17507;201500011794;0;30;0;0.0;2.0;6.0;18.0;B02
17508;201500011795;0;10;0;0.0;1.0;5.0;4.0;A01
17509;201500011796;0;7;0;0.0;2.0;1.0;15.0;A01
17510;201500011796;0;7;0;0.0;2.0;3.0;1.0;B02
17511;201500011796;0;15;0;0.0;2.0;3.0;23.0;C03
17512;201500011797;0;7;0;0.0;2.0;3.0;1.0;B02
17513;201500011797;0;7;0;0.0;2.0;3.0;13.0;A01
17514;201500011798;0;7;0;0.0;1.0;5.0;4.0;A01
17515;201500011800;0;38;40;0.0;9.0;5.0;6.0;A01
17516;201500011800;0;1;0;0.0;2.0;3.0;1.0;B02
17517;201500011801;0;7;0;0.0;2.0;1.0;15.0;A01
17518;201500011801;0;2;0;0.0;2.0;1.0;1.0;B02
17519;201500011803;0;7;0;12.0;0.0;3.0;1.0;A01
17520;201500011804;0;31;0;13.0;0.0;1.0;1.0;A01
17521;201500011805;0;7;0;0.0;2.0;7.0;1.0;A01
17522;201500011805;0;7;0;0.0;2.0;1.0;1.0;B02
17523;201500011806;0;10;0;13.0;0.0;1.0;1.0;A01
17524;201500011809;0;32;0;0.0;2.0;5.0;1.0;A01
17525;201500011809;0;7;0;0.0;2.0;1.0;9.0;B02
17526;201500011810;0;1;0;0.0;0.0;4.0;1.0;A01
17527;201500011811;0;7;0;0.0;2.0;2.0;13.0;A01
17528;201500011811;0;14;0;0.0;2.0;2.0;1.0;B02
17529;201500011812;0;17;0;3.0;0.0;1.0;1.0;A01
17530;201500011814;0;7;0;0.0;2.0;1.0;17.0;A01
17531;201500011814;0;7;0;0.0;2.0;2.0;1.0;B02
17532;201500011814;0;17;0;0.0;2.0;3.0;1.0;C03
17533;201500011816;0;14;0;0.0;0.0;0.0;1.0;A01
17534;201500011817;0;7;0;0.0;0.0;7.0;1.0;A01
17535;201500011818;0;38;18;0.0;1.0;6.0;4.0;A01
17536;201500011819;0;38;13;0.0;2.0;3.0;19.0;A01
17537;201500011819;0;7;0;0.0;2.0;2.0;1.0;B02
17538;201500011820;0;17;0;0.0;2.0;7.0;16.0;A01
17539;201500011820;0;7;0;0.0;2.0;1.0;13.0;B02
17540;201500011821;0;7;0;0.0;2.0;3.0;11.0;A01
17541;201500011821;0;17;0;0.0;2.0;3.0;1.0;B02
17542;201500011822;0;14;0;0.0;2.0;3.0;13.0;A01
17543;201500011822;0;10;0;0.0;2.0;3.0;1.0;B02
17544;201500011824;0;7;0;13.0;0.0;1.0;14.0;A01
17545;201500011825;0;7;0;3.0;0.0;0.0;13.0;A01
17546;201500011825;0;7;0;0.0;2.0;1.0;1.0;B02
17547;201500011826;0;7;0;0.0;2.0;3.0;13.0;B02
17548;201500011826;0;7;0;3.0;0.0;3.0;0.0;A01
17549;201500011827;0;33;0;0.0;2.0;1.0;2.0;A01
17550;201500011827;0;7;0;0.0;2.0;6.0;2.0;B02
17551;201500011828;0;10;0;0.0;2.0;1.0;1.0;C03
17552;201500011828;0;10;0;0.0;2.0;7.0;1.0;D04
17553;201500011828;0;7;0;0.0;2.0;1.0;1.0;A01
17554;201500011828;0;17;0;0.0;2.0;4.0;1.0;B02
17555;201500011829;0;7;0;0.0;2.0;4.0;1.0;E05
17556;201500011829;0;7;0;0.0;2.0;4.0;1.0;D04
17557;201500011829;0;7;0;0.0;2.0;1.0;1.0;A01
17558;201500011829;0;7;0;0.0;2.0;4.0;1.0;C03
17559;201500011829;0;7;0;0.0;2.0;4.0;1.0;F06
17560;201500011829;0;7;0;3.0;0.0;4.0;1.0;B02
17561;201500011830;0;7;0;0.0;2.0;1.0;1.0;D04
17562;201500011830;0;7;0;0.0;0.0;4.0;1.0;B02
17563;201500011830;0;7;0;0.0;2.0;1.0;1.0;A01
17564;201500011830;0;7;0;0.0;2.0;4.0;1.0;C03
17565;201500011831;0;15;0;0.0;0.0;0.0;1.0;A01
17566;201500011831;0;7;0;0.0;9.0;1.0;1.0;B02
17567;201500011832;0;33;0;0.0;2.0;2.0;12.0;A01
17568;201500011832;0;7;0;0.0;2.0;3.0;11.0;B02
17569;201500011833;0;15;0;0.0;0.0;7.0;0.0;A01
17570;201500011834;0;17;0;1.0;1.0;2.0;14.0;A01
17571;201500011835;0;38;30;14.0;2.0;1.0;2.0;B02
17572;201500011835;0;7;0;3.0;2.0;8.0;13.0;A01
17573;201500011836;0;10;0;3.0;0.0;6.0;1.0;A01
17574;201500011836;0;7;0;0.0;9.0;1.0;1.0;B02
17575;201500011837;0;7;0;0.0;9.0;1.0;0.0;A01
17576;201500011839;0;17;0;0.0;2.0;8.0;1.0;A01
17577;201500011839;0;7;0;3.0;2.0;1.0;1.0;B02
17578;201500011840;0;7;0;3.0;2.0;3.0;1.0;B02
17579;201500011840;0;14;0;3.0;2.0;3.0;6.0;A01
17580;201500011841;0;15;0;0.0;2.0;2.0;21.0;A01
17581;201500011841;0;7;0;0.0;2.0;3.0;23.0;B02
17582;201500011842;0;15;0;1.0;0.0;2.0;14.0;A01
17583;201500011842;0;10;0;0.0;0.0;6.0;24.0;B02
17584;201500011843;0;7;0;4.0;0.0;3.0;1.0;A01
17585;201500011844;0;14;0;3.0;0.0;8.0;1.0;A01
17586;201500011845;0;10;0;0.0;2.0;2.0;13.0;A01
17587;201500011845;0;7;0;0.0;2.0;6.0;1.0;B02
17588;201500011846;0;7;0;4.0;0.0;9.0;1.0;A01
17589;201500011847;0;7;0;0.0;1.0;2.0;2.0;A01
17590;201500011848;0;7;0;0.0;2.0;2.0;17.0;B02
17591;201500011848;0;14;0;0.0;2.0;6.0;11.0;A01
17592;201500011849;0;7;0;3.0;0.0;7.0;14.0;A01
17593;201500011850;0;10;0;0.0;0.0;9.0;0.0;A01
17594;201500011851;0;7;0;0.0;2.0;4.0;2.0;A01
17595;201500011851;0;7;0;0.0;2.0;1.0;2.0;B02
17596;201500011852;0;7;0;3.0;2.0;3.0;1.0;A01
17597;201500011852;0;17;0;0.0;2.0;6.0;1.0;B02
17598;201500011853;0;14;0;4.0;0.0;1.0;13.0;A01
17599;201500011854;0;33;0;0.0;1.0;1.0;1.0;A01
17600;201500011855;0;7;0;0.0;2.0;8.0;1.0;B02
17601;201500011855;0;33;0;0.0;2.0;2.0;17.0;A01
17602;201500011856;0;7;0;0.0;2.0;8.0;10.0;B02
17603;201500011856;0;33;0;0.0;2.0;1.0;2.0;A01
17604;201500011857;0;1;0;0.0;2.0;1.0;1.0;B02
17605;201500011857;0;7;0;0.0;0.0;5.0;15.0;A01
17606;201500011858;0;7;0;0.0;1.0;2.0;19.0;A01
17607;201500011859;0;10;0;0.0;2.0;1.0;1.0;B02
17608;201500011859;0;7;0;0.0;2.0;1.0;13.0;A01
17609;201500011860;0;33;0;0.0;2.0;1.0;17.0;B02
17610;201500011860;0;7;0;0.0;2.0;8.0;15.0;A01
17611;201500011861;0;1;0;0.0;2.0;1.0;19.0;A01
17612;201500011861;0;7;0;0.0;9.0;6.0;1.0;B02
17613;201500011862;0;10;0;0.0;1.0;7.0;16.0;A01
17614;201500011863;0;7;0;0.0;2.0;1.0;1.0;A01
17615;201500011863;0;7;0;0.0;2.0;3.0;15.0;B02
17616;201500011864;0;17;0;0.0;9.0;0.0;2.0;A01
17617;201500011864;0;1;0;0.0;2.0;0.0;2.0;B02
17618;201500011865;0;7;0;0.0;2.0;7.0;13.0;A01
17619;201500011865;0;7;0;0.0;2.0;1.0;1.0;B02
17620;201500011866;0;33;0;3.0;0.0;7.0;1.0;A01
17621;201500011867;0;10;0;0.0;2.0;1.0;19.0;A01
17622;201500011867;0;7;0;0.0;2.0;8.0;1.0;B02
17623;201500011868;0;7;0;0.0;0.0;5.0;0.0;A01
17624;201500011868;0;1;0;0.0;0.0;1.0;0.0;B02
17625;201500011869;0;7;0;13.0;0.0;3.0;2.0;A01
17626;201500011870;0;7;0;0.0;2.0;3.0;2.0;A01
17627;201500011870;0;30;0;0.0;2.0;4.0;23.0;B01
17628;201500011870;0;10;0;0.0;2.0;3.0;1.0;C01
17629;201500011871;0;99;0;0.0;0.0;0.0;1.0;A01
17630;201500011871;0;7;0;0.0;2.0;3.0;1.0;B02
17631;201500011872;0;30;0;0.0;2.0;1.0;19.0;A01
17632;201500011872;0;7;0;0.0;2.0;2.0;1.0;B02
17633;201500011873;0;32;0;0.0;2.0;3.0;17.0;A01
17634;201500011873;0;7;0;0.0;2.0;3.0;15.0;B02
17635;201500011874;0;30;0;0.0;2.0;1.0;5.0;A01
17636;201500011874;0;7;0;0.0;2.0;8.0;1.0;B02
17637;201500011875;0;10;0;0.0;2.0;3.0;21.0;A01
17638;201500011875;0;7;0;0.0;2.0;9.0;15.0;B02
17639;201500011875;0;17;0;0.0;2.0;3.0;1.0;C03
17640;201500011876;0;7;0;0.0;2.0;5.0;15.0;B02
17641;201500011876;0;33;0;0.0;2.0;1.0;1.0;A01
17642;201500011877;0;7;0;0.0;2.0;2.0;17.0;A01
17643;201500011877;0;1;0;0.0;2.0;8.0;15.0;B02
17644;201500011878;0;7;0;0.0;2.0;8.0;9.0;A01
17645;201500011878;0;7;0;0.0;2.0;1.0;1.0;B02
17646;201500011879;0;7;0;0.0;2.0;1.0;17.0;A01
17647;201500011879;0;7;0;0.0;2.0;1.0;1.0;B02
17648;201500011880;0;7;0;8.0;0.0;8.0;1.0;A01
17649;201500011881;0;7;0;2.0;0.0;1.0;1.0;A01
17650;201500011881;0;7;0;1.0;0.0;3.0;0.0;B02
17651;201500011881;0;7;0;1.0;0.0;3.0;0.0;C03
17652;201500011881;0;7;0;1.0;0.0;1.0;0.0;D04
17653;201500011882;0;10;0;0.0;1.0;2.0;1.0;A01
17654;201500011883;0;7;0;9.0;2.0;2.0;0.0;A01
17655;201500011883;0;33;0;0.0;2.0;3.0;0.0;B02
17656;201500011884;0;7;0;13.0;0.0;3.0;0.0;A01
17657;201500011885;0;1;0;1.0;0.0;1.0;1.0;A01
17658;201500011885;0;7;0;0.0;0.0;6.0;23.0;B02
17659;201500011886;0;7;0;0.0;2.0;1.0;5.0;A01
17660;201500011886;0;7;0;0.0;2.0;1.0;1.0;B02
17661;201500011887;0;7;0;2.0;0.0;1.0;13.0;A01
17662;201500011888;0;7;0;3.0;0.0;1.0;13.0;A01
17663;201500011889;0;33;0;8.0;0.0;3.0;1.0;A01
17664;201500011890;0;7;0;0.0;2.0;1.0;5.0;A01
17665;201500011890;0;10;0;0.0;2.0;1.0;1.0;B02
17666;201500011891;0;10;0;0.0;2.0;1.0;5.0;A01
17667;201500011891;0;7;0;0.0;2.0;1.0;5.0;B02
17668;201500011892;0;7;0;2.0;0.0;2.0;13.0;A01
17669;201500011893;0;10;0;13.0;0.0;3.0;0.0;A01
17670;201500011894;0;10;0;0.0;2.0;1.0;1.0;A01
17671;201500011894;0;7;0;0.0;2.0;3.0;1.0;B02
17672;201500011895;0;33;0;0.0;2.0;1.0;18.0;A01
17673;201500011895;0;7;0;0.0;0.0;5.0;2.0;B02
17674;201500011897;0;7;0;0.0;2.0;7.0;19.0;A01
17675;201500011897;0;7;0;0.0;2.0;1.0;1.0;B02
17676;201500011898;0;10;0;0.0;2.0;1.0;1.0;C03
17677;201500011898;0;14;0;0.0;2.0;1.0;1.0;B02
17678;201500011898;0;10;0;0.0;2.0;3.0;14.0;A01
17679;201500011899;0;30;0;0.0;0.0;0.0;1.0;A01
17680;201500011900;0;33;0;16.0;0.0;0.0;1.0;A01
17681;201500011901;0;10;0;0.0;1.0;3.0;1.0;A01
17682;201500011902;0;7;0;0.0;2.0;8.0;13.0;A01
17683;201500011902;0;7;0;0.0;2.0;8.0;1.0;B02
17684;201500011902;0;7;0;0.0;2.0;1.0;1.0;C03
17685;201500011903;0;7;0;0.0;2.0;1.0;1.0;A01
17686;201500011903;0;7;0;0.0;2.0;6.0;2.0;B02
17687;201500011903;0;10;0;0.0;2.0;3.0;1.0;C03
17688;201500011904;0;7;0;0.0;2.0;2.0;1.0;A01
17689;201500011904;0;10;0;0.0;2.0;3.0;1.0;B02
17690;201500011904;0;7;0;0.0;2.0;3.0;1.0;C03
17691;201500011905;0;7;0;0.0;1.0;1.0;1.0;A01
17692;201500011906;0;7;0;0.0;1.0;8.0;1.0;A01
17693;201500011908;0;7;0;3.0;0.0;3.0;1.0;A01
17694;201500011909;0;7;0;4.0;0.0;3.0;21.0;A01
17695;201500011910;0;7;0;0.0;2.0;6.0;2.0;B02
17696;201500011910;0;33;0;0.0;2.0;3.0;2.0;A01
17697;201500011911;0;7;0;0.0;2.0;1.0;13.0;A01
17698;201500011911;0;7;0;0.0;2.0;1.0;1.0;B02
17699;201500011912;0;33;0;4.0;0.0;8.0;2.0;A01
17700;201500011913;0;7;0;0.0;0.0;8.0;1.0;B02
17701;201500011913;0;7;0;0.0;0.0;2.0;12.0;A01
17702;201500011914;0;7;0;4.0;0.0;9.0;0.0;A01
17703;201500011915;0;7;0;0.0;0.0;4.0;23.0;B02
17704;201500011915;0;7;0;0.0;2.0;1.0;2.0;A01
17705;201500011916;0;7;0;14.0;0.0;1.0;1.0;A01
17706;201500011917;0;7;0;0.0;2.0;7.0;1.0;A01
17707;201500011917;0;7;0;0.0;2.0;1.0;1.0;B01
17708;201500011918;2;7;0;1.0;2.0;1.0;0.0;B01
17709;201500011918;0;7;0;2.0;0.0;7.0;0.0;A01
17710;201500011919;0;7;0;0.0;1.0;1.0;1.0;A01
17711;201500011920;0;7;0;0.0;1.0;2.0;1.0;A01
17712;201500011921;0;7;0;0.0;1.0;1.0;1.0;A01
17713;201500011923;0;7;0;0.0;2.0;6.0;23.0;B02
17714;201500011923;0;17;0;1.0;0.0;2.0;0.0;A01
17715;201500011924;0;7;0;0.0;2.0;3.0;1.0;A01
17716;201500011924;0;7;0;0.0;2.0;3.0;1.0;B02
17717;201500011924;0;14;0;0.0;2.0;3.0;1.0;C03
17718;201500011926;0;7;0;13.0;0.0;1.0;1.0;A01
17719;201500011927;0;7;0;0.0;2.0;1.0;2.0;A01
17720;201500011927;0;7;0;0.0;0.0;4.0;23.0;B02
17721;201500011928;0;7;0;0.0;2.0;2.0;17.0;A01
17722;201500011928;0;7;0;0.0;2.0;6.0;1.0;B02
17723;201500011929;0;7;0;0.0;2.0;1.0;21.0;B02
17724;201500011929;0;7;0;0.0;2.0;1.0;21.0;C03
17725;201500011929;0;7;0;3.0;0.0;1.0;23.0;A01
17726;201500011930;0;38;0;0.0;0.0;0.0;0.0;B02
17727;201500011930;0;7;0;3.0;0.0;3.0;21.0;A01
17728;201500011933;0;10;0;8.0;0.0;1.0;14.0;A01
17729;201500011934;0;7;0;2.0;0.0;2.0;13.0;A01
17730;201500011935;0;21;0;13.0;0.0;2.0;14.0;A01
17731;201500011936;0;7;0;8.0;0.0;8.0;1.0;A01
17732;201500011937;0;7;0;0.0;2.0;2.0;1.0;B02
17733;201500011937;0;7;0;0.0;2.0;2.0;13.0;A01
17734;201500011938;0;7;0;1.0;1.0;1.0;1.0;A01
17735;201500011939;0;7;0;0.0;2.0;3.0;13.0;A01
17736;201500011939;0;13;0;0.0;2.0;3.0;1.0;B02
17737;201500011940;0;7;0;13.0;0.0;1.0;14.0;A01
17738;201500011941;0;10;0;0.0;1.0;2.0;1.0;A01
17739;201500011942;0;7;0;0.0;2.0;1.0;2.0;B02
17740;201500011942;0;7;0;0.0;2.0;4.0;1.0;A01
17741;201500011943;0;7;0;10.0;0.0;3.0;1.0;A01
17742;201500011944;0;33;0;0.0;2.0;1.0;1.0;A01
17743;201500011944;0;7;0;0.0;0.0;3.0;9.0;B02
17744;201500011945;0;7;0;0.0;0.0;7.0;15.0;A01
17745;201500011945;0;34;0;0.0;2.0;1.0;1.0;B02
17746;201500011946;0;7;0;0.0;2.0;2.0;5.0;A01
17747;201500011946;0;7;0;0.0;2.0;3.0;1.0;B02
17748;201500011947;0;7;0;0.0;0.0;6.0;15.0;A01
17749;201500011947;0;1;0;0.0;2.0;1.0;17.0;B02
17750;201500011948;0;7;0;0.0;0.0;1.0;13.0;B02
17751;201500011948;0;10;0;0.0;0.0;3.0;1.0;A01
17752;201500011949;0;33;0;0.0;0.0;0.0;0.0;A01
17753;201500011949;0;7;0;0.0;2.0;3.0;1.0;B02
17754;201500011950;0;1;0;0.0;2.0;4.0;2.0;B02
17755;201500011950;0;7;0;0.0;9.0;2.0;2.0;A01
17756;201500011951;0;7;0;0.0;2.0;3.0;1.0;C03
17757;201500011951;0;7;0;0.0;2.0;1.0;1.0;B02
17758;201500011951;0;7;0;0.0;2.0;1.0;5.0;A01
17759;201500011952;0;7;0;13.0;0.0;1.0;14.0;A01
17760;201500011953;0;7;0;0.0;9.0;3.0;1.0;B02
17761;201500011953;0;1;0;0.0;2.0;3.0;13.0;A01
17762;201500011954;0;1;0;10.0;0.0;5.0;1.0;A01
17763;201500011955;0;33;0;3.0;0.0;7.0;1.0;A01
17764;201500011956;0;33;0;13.0;0.0;1.0;1.0;B02
17765;201500011956;0;33;0;13.0;0.0;1.0;1.0;A01
17766;201500011957;0;7;0;2.0;0.0;7.0;11.0;A01
17767;201500011958;0;7;0;3.0;0.0;3.0;0.0;A01
17768;201500011959;0;7;0;2.0;0.0;1.0;19.0;A01
17769;201500011960;0;13;0;0.0;0.0;3.0;13.0;A01
17770;201500011961;0;7;0;3.0;0.0;1.0;1.0;A01
17771;201500011963;0;7;0;4.0;0.0;1.0;0.0;A01
17772;201500011964;0;13;0;0.0;2.0;1.0;1.0;A01
17773;201500011964;0;7;0;0.0;2.0;6.0;0.0;B02
17774;201500011964;0;7;0;0.0;2.0;2.0;0.0;E05
17775;201500011964;0;7;0;0.0;2.0;4.0;0.0;C03
17776;201500011964;0;7;0;0.0;2.0;6.0;0.0;D04
17777;201500011965;0;7;0;0.0;0.0;3.0;23.0;A01
17778;201500011965;0;17;0;1.0;0.0;2.0;1.0;B02
17779;201500011966;0;7;0;14.0;0.0;1.0;0.0;C03
17780;201500011966;0;7;0;3.0;0.0;1.0;0.0;A01
17781;201500011966;0;7;0;14.0;0.0;3.0;0.0;B02
17782;201500011967;0;7;0;3.0;0.0;2.0;0.0;A01
17783;201500011968;0;7;0;13.0;0.0;1.0;1.0;A01
17784;201500011969;0;17;0;0.0;0.0;7.0;15.0;A01
17785;201500011970;0;7;0;0.0;2.0;1.0;2.0;A01
17786;201500011970;0;15;0;0.0;2.0;4.0;0.0;B02
17787;201500011971;0;7;0;3.0;0.0;3.0;1.0;A01
17788;201500011972;0;7;0;3.0;0.0;2.0;1.0;A01
17789;201500011973;0;7;0;13.0;0.0;9.0;14.0;A01
17790;201500011974;0;7;0;3.0;0.0;3.0;2.0;A01
17791;201500011975;0;7;0;13.0;0.0;1.0;14.0;A01
17792;201500011976;0;7;0;13.0;0.0;2.0;1.0;A01
17793;201500011977;0;30;0;0.0;2.0;8.0;1.0;A01
17794;201500011977;0;7;0;0.0;2.0;8.0;23.0;C03
17795;201500011977;0;38;2;0.0;2.0;3.0;1.0;B02
17796;201500011978;0;17;0;0.0;1.0;2.0;1.0;A01
17797;201500011979;0;10;0;0.0;2.0;8.0;15.0;A01
17798;201500011979;0;15;0;0.0;2.0;1.0;17.0;B02
17799;201500011980;0;14;0;2.0;0.0;8.0;1.0;A01
17800;201500011982;0;15;0;0.0;2.0;2.0;1.0;A01
17801;201500011982;0;21;0;0.0;2.0;6.0;1.0;B02
17802;201500011983;0;33;0;0.0;2.0;1.0;13.0;A01
17803;201500011983;0;37;41;0.0;2.0;1.0;1.0;B02
17804;201500011984;0;10;0;3.0;0.0;3.0;1.0;A01
17805;201500011985;0;7;0;0.0;2.0;4.0;2.0;A01
17806;201500011985;0;7;0;0.0;2.0;1.0;2.0;B02
17807;201500011985;0;10;0;0.0;2.0;2.0;21.0;C03
17808;201500011986;0;7;0;0.0;2.0;1.0;5.0;A01
17809;201500011986;0;7;0;0.0;2.0;3.0;1.0;B02
17810;201500011987;0;33;0;0.0;0.0;9.0;18.0;A01
17811;201500011988;0;7;0;0.0;9.0;8.0;1.0;C03
17812;201500011988;0;7;0;0.0;2.0;3.0;17.0;A01
17813;201500011988;0;7;0;0.0;2.0;5.0;17.0;B02
17814;201500011989;0;7;0;0.0;2.0;1.0;0.0;B02
17815;201500011989;0;17;0;0.0;2.0;1.0;0.0;A01
17816;201500011990;0;7;0;3.0;0.0;3.0;1.0;A01
17817;201500011991;0;7;0;0.0;2.0;3.0;1.0;A01
17818;201500011991;0;17;0;0.0;2.0;6.0;1.0;B02
17819;201500011992;0;14;0;13.0;0.0;7.0;2.0;A01
17820;201500011993;0;17;0;3.0;0.0;7.0;1.0;A01
17821;201500011994;0;7;0;4.0;0.0;1.0;1.0;A01
17822;201500011995;0;7;0;3.0;0.0;2.0;1.0;A01
17823;201500011996;0;7;0;0.0;0.0;0.0;2.0;A01
17824;201500011997;0;7;0;0.0;0.0;4.0;1.0;A01
17825;201500011997;0;33;0;0.0;2.0;1.0;2.0;B02
17826;201500011998;0;33;0;0.0;2.0;1.0;1.0;A01
17827;201500011998;0;10;0;0.0;2.0;5.0;1.0;B02
17828;201500011999;0;7;0;0.0;2.0;3.0;5.0;A01
17829;201500011999;0;14;0;0.0;2.0;8.0;5.0;B02
17830;201500012000;0;10;0;16.0;0.0;9.0;14.0;A01
17831;201500012001;0;1;0;6.0;0.0;1.0;1.0;A01
17832;201500012002;0;1;0;0.0;0.0;1.0;1.0;B02
17833;201500012002;0;7;0;0.0;0.0;6.0;15.0;A01
17834;201500012003;0;7;0;0.0;5.0;1.0;1.0;A01
17835;201500012005;0;34;0;0.0;0.0;5.0;0.0;B02
17836;201500012005;0;33;0;0.0;2.0;3.0;2.0;A01
17837;201500012006;0;7;0;0.0;2.0;4.0;2.0;B02
17838;201500012006;0;7;0;0.0;2.0;1.0;2.0;C03
17839;201500012006;0;7;0;0.0;2.0;4.0;2.0;A01
17840;201500012007;0;14;0;0.0;2.0;2.0;2.0;A01
17841;201500012007;0;33;0;0.0;0.0;4.0;2.0;B02
17842;201500012008;0;7;0;0.0;2.0;1.0;2.0;A01
17843;201500012008;0;7;0;0.0;0.0;4.0;2.0;B02
17844;201500012009;0;7;0;3.0;0.0;1.0;21.0;A01
17845;201500012009;0;7;0;3.0;0.0;2.0;21.0;B02
17846;201500012011;0;33;0;0.0;0.0;9.0;1.0;B02
17847;201500012011;0;10;0;0.0;0.0;7.0;12.0;A01
17848;201500012012;0;33;0;0.0;0.0;7.0;11.0;A01
17849;201500012013;0;17;0;0.0;2.0;4.0;2.0;A01
17850;201500012013;0;7;0;0.0;2.0;1.0;2.0;B02
17851;201500012014;0;32;0;0.0;2.0;1.0;2.0;A01
17852;201500012014;0;10;0;0.0;0.0;4.0;2.0;B02
17853;201500012015;0;14;0;0.0;2.0;6.0;2.0;B02
17854;201500012015;0;33;0;0.0;2.0;1.0;2.0;A01
17855;201500012019;0;31;0;0.0;0.0;8.0;18.0;A01