;Num_Acc;senc;catv;occutc;obs;obsm;choc;manv;num_veh
17856;201500012020;0;38;1;4.0;2.0;8.0;2.0;A01
17857;201500012020;0;10;0;0.0;2.0;4.0;2.0;B02
17858;201500012020;0;7;0;0.0;2.0;4.0;2.0;C03
17859;201500012020;0;33;0;0.0;2.0;4.0;23.0;D04
17860;201500012020;0;7;0;6.0;0.0;0.0;24.0;E05
17861;201500012020;0;7;0;0.0;2.0;2.0;1.0;F06
17862;201500012021;0;7;0;0.0;2.0;8.0;11.0;A01
17863;201500012021;0;34;0;0.0;2.0;7.0;1.0;B02
17864;201500012022;0;7;0;0.0;2.0;7.0;2.0;L12
17865;201500012022;0;7;0;0.0;2.0;4.0;2.0;I09
17866;201500012022;0;7;0;0.0;2.0;4.0;2.0;G07
17867;201500012022;0;7;0;0.0;2.0;4.0;2.0;J10
17868;201500012022;0;7;0;0.0;2.0;4.0;2.0;M13
17869;201500012022;0;10;0;0.0;2.0;4.0;2.0;O15
17870;201500012022;0;7;0;0.0;2.0;8.0;2.0;F06
17871;201500012022;0;7;0;0.0;2.0;4.0;2.0;P16
17872;201500012022;0;7;0;0.0;0.0;4.0;2.0;D04
17873;201500012022;0;7;0;0.0;0.0;4.0;2.0;C03
17874;201500012022;0;15;0;0.0;2.0;1.0;6.0;A01
17875;201500012022;0;10;0;0.0;2.0;3.0;2.0;H08
17876;201500012022;0;10;0;0.0;2.0;7.0;2.0;K11
17877;201500012022;0;33;0;0.0;2.0;4.0;2.0;B02
17878;201500012022;0;10;0;0.0;2.0;7.0;2.0;N14
17879;201500012022;0;10;0;0.0;2.0;4.0;2.0;E05
17880;201500012023;0;33;0;0.0;2.0;2.0;3.0;A01
17881;201500012023;0;14;0;0.0;2.0;6.0;1.0;B02
17882;201500012024;0;10;0;0.0;2.0;2.0;19.0;A01
17883;201500012024;0;33;0;0.0;2.0;1.0;1.0;B02
17884;201500012025;0;33;0;0.0;2.0;1.0;2.0;A01
17885;201500012025;0;14;0;0.0;2.0;6.0;1.0;B02
17886;201500012026;0;7;0;3.0;0.0;2.0;1.0;A01
17887;201500012027;0;33;0;0.0;2.0;1.0;2.0;A01
17888;201500012027;0;7;0;0.0;0.0;4.0;2.0;B02
17889;201500012028;0;7;0;9.0;0.0;1.0;0.0;A01
17890;201500012029;0;7;0;7.0;0.0;9.0;0.0;A01
17891;201500012030;0;7;0;14.0;0.0;1.0;1.0;A01
17892;201500012031;0;17;0;0.0;2.0;1.0;1.0;A01
17893;201500012031;0;7;0;0.0;2.0;4.0;23.0;C03
17894;201500012031;0;7;0;0.0;2.0;4.0;23.0;B02
17895;201500012031;0;17;0;0.0;2.0;4.0;23.0;D04
17896;201500012032;0;7;0;0.0;2.0;2.0;17.0;A01
17897;201500012032;0;15;0;0.0;0.0;6.0;1.0;B02
17898;201500012033;0;7;0;3.0;0.0;9.0;13.0;A01
17899;201500012035;0;7;0;0.0;2.0;3.0;5.0;A01
17900;201500012035;0;7;0;4.0;0.0;7.0;1.0;C03
17901;201500012035;0;7;0;0.0;2.0;3.0;1.0;B02
17902;201500012037;0;10;0;1.0;0.0;1.0;0.0;B02
17903;201500012037;0;7;0;0.0;0.0;3.0;5.0;A01
17904;201500012038;0;38;0;0.0;2.0;7.0;1.0;B02
17905;201500012038;0;10;0;3.0;2.0;1.0;11.0;A01
17906;201500012039;0;7;0;0.0;2.0;2.0;11.0;A01
17907;201500012039;0;15;0;0.0;2.0;6.0;1.0;B02
17908;201500012040;0;7;0;0.0;2.0;1.0;5.0;A01
17909;201500012040;0;7;0;0.0;2.0;1.0;1.0;B02
17910;201500012041;0;10;0;4.0;0.0;5.0;1.0;A01
17911;201500012042;1;7;0;0.0;2.0;2.0;17.0;C03
17912;201500012042;0;7;0;4.0;0.0;6.0;12.0;A01
17913;201500012042;0;7;0;1.0;0.0;1.0;1.0;B02
17914;201500012043;0;7;0;2.0;0.0;3.0;1.0;A01
17915;201500012044;0;17;0;14.0;0.0;1.0;2.0;B02
17916;201500012044;0;17;0;0.0;0.0;4.0;23.0;A01
17917;201500012045;0;7;0;3.0;0.0;1.0;1.0;A01
17918;201500012046;0;7;0;0.0;2.0;1.0;2.0;A01
17919;201500012046;0;7;0;0.0;2.0;4.0;0.0;B02
17920;201500012047;0;7;0;0.0;2.0;1.0;2.0;A01
17921;201500012047;0;7;0;0.0;0.0;4.0;2.0;B02
17922;201500012048;0;14;0;0.0;2.0;3.0;1.0;B01
17923;201500012048;0;17;0;0.0;2.0;3.0;23.0;C02
17924;201500012048;0;10;0;13.0;2.0;3.0;15.0;A03
17925;201500012049;0;38;13;0.0;2.0;1.0;1.0;B02
17926;201500012049;0;7;0;0.0;0.0;4.0;10.0;A01
17927;201500012050;0;17;0;0.0;2.0;3.0;21.0;B02
17928;201500012050;0;7;0;0.0;2.0;3.0;13.0;A01
17929;201500012050;0;7;0;0.0;2.0;8.0;21.0;C03
17930;201500012051;0;37;2;0.0;2.0;2.0;1.0;A01
17931;201500012051;0;30;0;0.0;2.0;3.0;19.0;B02
17932;201500012052;0;7;0;0.0;2.0;3.0;13.0;A01
17933;201500012052;0;17;0;0.0;2.0;8.0;1.0;B02
17934;201500012053;0;14;0;0.0;1.0;1.0;1.0;A01
17935;201500012054;0;7;0;0.0;2.0;3.0;13.0;A01
17936;201500012054;0;17;0;0.0;2.0;3.0;1.0;B02
17937;201500012055;0;1;0;0.0;2.0;1.0;13.0;A01
17938;201500012055;0;15;0;0.0;2.0;8.0;1.0;B02
17939;201500012057;0;30;0;0.0;2.0;3.0;2.0;A01
17940;201500012057;0;15;0;0.0;0.0;5.0;17.0;B02
17941;201500012058;0;7;0;0.0;2.0;3.0;13.0;A01
17942;201500012058;0;15;0;0.0;2.0;3.0;1.0;B02
17943;201500012059;0;10;0;0.0;2.0;1.0;13.0;A01
17944;201500012059;0;14;0;0.0;2.0;3.0;1.0;B02
17945;201500012060;0;7;0;0.0;2.0;8.0;17.0;A01
17946;201500012060;0;7;0;0.0;2.0;1.0;2.0;B02
17947;201500012060;0;7;0;0.0;2.0;1.0;1.0;C03
17948;201500012060;0;7;0;0.0;2.0;8.0;1.0;D04
17949;201500012061;0;7;0;0.0;2.0;3.0;5.0;A01
17950;201500012061;0;14;0;0.0;2.0;3.0;1.0;B02
17951;201500012062;0;7;0;0.0;2.0;1.0;15.0;A01
17952;201500012062;0;17;0;0.0;2.0;2.0;2.0;B02
17953;201500012063;0;7;0;0.0;2.0;8.0;1.0;B01
17954;201500012063;0;14;0;0.0;2.0;2.0;16.0;A01
17955;201500012064;0;14;0;0.0;1.0;1.0;1.0;A01
17956;201500012066;0;1;0;12.0;2.0;1.0;18.0;B02
17957;201500012066;0;17;0;0.0;0.0;5.0;16.0;A01
17958;201500012068;0;17;0;3.0;0.0;7.0;1.0;A01
17959;201500012070;0;7;0;13.0;0.0;1.0;1.0;A01
17960;201500012071;0;7;0;16.0;0.0;2.0;1.0;A01
17961;201500012072;0;7;0;0.0;0.0;1.0;1.0;A01
17962;201500012073;0;38;0;0.0;2.0;2.0;19.0;B02
17963;201500012073;0;7;0;0.0;2.0;8.0;1.0;A01
17964;201500012074;0;1;0;0.0;2.0;4.0;2.0;B02
17965;201500012074;0;15;0;0.0;2.0;2.0;2.0;A01
17966;201500012075;0;3;0;0.0;2.0;3.0;13.0;A01
17967;201500012075;0;38;4;0.0;2.0;3.0;1.0;B02
17968;201500012076;0;7;0;0.0;2.0;3.0;1.0;A01
17969;201500012076;0;17;0;0.0;2.0;8.0;1.0;B02
17970;201500012077;0;7;0;0.0;0.0;1.0;1.0;B02
17971;201500012077;0;38;34;0.0;0.0;6.0;19.0;A01
17972;201500012078;0;10;0;0.0;2.0;1.0;5.0;A01
17973;201500012078;0;14;0;0.0;2.0;1.0;1.0;B02
17974;201500012079;0;7;0;0.0;1.0;2.0;2.0;A01
17975;201500012080;0;33;0;0.0;2.0;1.0;2.0;A01
17976;201500012080;0;20;0;0.0;0.0;4.0;0.0;B02
17977;201500012081;0;7;0;2.0;0.0;1.0;1.0;A01
17978;201500012082;0;30;0;0.0;2.0;1.0;17.0;B02
17979;201500012082;0;33;0;0.0;2.0;1.0;13.0;A01
17980;201500012083;0;1;0;0.0;0.0;4.0;1.0;B02
17981;201500012083;0;7;0;0.0;0.0;9.0;14.0;A01
17982;201500012084;0;7;0;0.0;2.0;3.0;15.0;B02
17983;201500012084;0;37;0;0.0;2.0;3.0;16.0;A01
17984;201500012085;0;7;0;3.0;0.0;3.0;2.0;A01
17985;201500012085;0;7;0;0.0;2.0;0.0;1.0;B02
17986;201500012086;0;10;0;0.0;2.0;1.0;2.0;B02
17987;201500012086;0;14;0;0.0;2.0;4.0;2.0;A01
17988;201500012087;0;7;0;13.0;0.0;1.0;14.0;A01
17989;201500012089;0;10;0;0.0;2.0;2.0;0.0;B02
17990;201500012089;0;17;0;0.0;2.0;6.0;23.0;A01
17991;201500012090;0;33;0;0.0;0.0;8.0;1.0;A01
17992;201500012091;0;7;0;0.0;2.0;6.0;13.0;A01
17993;201500012091;0;14;0;0.0;2.0;2.0;1.0;B02
17994;201500012092;0;7;0;0.0;2.0;1.0;1.0;A01
17995;201500012092;0;7;0;0.0;0.0;6.0;14.0;B02
17996;201500012093;0;7;0;0.0;0.0;6.0;1.0;A01
17997;201500012093;0;15;0;0.0;2.0;2.0;12.0;B02
17998;201500012094;0;7;0;0.0;2.0;1.0;2.0;A01
17999;201500012094;0;7;0;0.0;0.0;4.0;2.0;B02
18000;201500012095;0;10;0;0.0;2.0;7.0;12.0;A01
18001;201500012095;0;33;0;0.0;2.0;6.0;1.0;B02
18002;201500012096;0;7;0;0.0;2.0;4.0;12.0;B02
18003;201500012096;0;7;0;0.0;2.0;1.0;2.0;A01
18004;201500012097;0;7;0;0.0;2.0;1.0;2.0;A01
18005;201500012097;0;7;0;0.0;2.0;5.0;2.0;D04
18006;201500012097;0;7;0;0.0;2.0;4.0;2.0;C03
18007;201500012097;0;7;0;0.0;2.0;4.0;2.0;B02
18008;201500012098;0;7;0;4.0;0.0;1.0;2.0;A01
18009;201500012099;1;7;0;0.0;2.0;8.0;11.0;B02
18010;201500012099;0;33;0;0.0;2.0;7.0;17.0;A01
18011;201500012100;0;7;0;0.0;1.0;1.0;1.0;A01
18012;201500012101;0;7;0;3.0;0.0;2.0;1.0;A01
18013;201500012103;0;31;0;0.0;0.0;7.0;13.0;A01
18014;201500012104;0;33;0;0.0;2.0;7.0;17.0;B02
18015;201500012104;0;10;0;0.0;2.0;8.0;13.0;A01
18016;201500012105;0;17;0;0.0;2.0;6.0;24.0;A01
18017;201500012105;0;13;0;1.0;0.0;2.0;1.0;B02
18018;201500012106;0;7;0;0.0;2.0;1.0;1.0;A01
18019;201500012106;0;7;0;3.0;2.0;4.0;2.0;B02
18020;201500012108;0;31;0;0.0;0.0;0.0;12.0;A01
18021;201500012109;0;17;0;0.0;0.0;0.0;1.0;B02
18022;201500012109;0;7;0;3.0;0.0;1.0;14.0;A01
18023;201500012109;0;7;0;0.0;0.0;0.0;1.0;C03
18024;201500012110;0;34;0;0.0;2.0;1.0;1.0;B02
18025;201500012110;0;10;0;0.0;2.0;2.0;12.0;A01
18026;201500012111;0;33;0;0.0;2.0;6.0;2.0;A01
18027;201500012112;0;15;0;0.0;2.0;4.0;4.0;A01
18028;201500012112;0;33;0;0.0;2.0;3.0;2.0;B02
18029;201500012113;0;7;0;3.0;0.0;2.0;1.0;A01
18030;201500012114;0;7;0;4.0;0.0;1.0;0.0;A01
18031;201500012116;0;33;0;4.0;0.0;8.0;21.0;A01
18032;201500012117;0;17;0;0.0;1.0;2.0;2.0;A01
18033;201500012118;0;7;0;0.0;2.0;7.0;1.0;B02
18034;201500012118;0;33;0;0.0;2.0;8.0;18.0;A01
18035;201500012119;0;33;0;0.0;2.0;9.0;3.0;A01
18036;201500012119;0;17;0;0.0;2.0;0.0;1.0;C03
18037;201500012119;0;14;0;0.0;2.0;0.0;1.0;B02
18038;201500012120;0;33;0;0.0;0.0;8.0;2.0;A01
18039;201500012121;0;32;0;4.0;0.0;2.0;1.0;A01
18040;201500012122;0;7;0;0.0;0.0;1.0;1.0;A01
18041;201500012123;0;33;0;0.0;0.0;7.0;17.0;A01
18042;201500012124;0;7;0;4.0;0.0;1.0;1.0;A01
18043;201500012125;0;7;0;4.0;0.0;8.0;3.0;A01
18044;201500012126;0;15;0;0.0;2.0;8.0;11.0;C03
18045;201500012126;0;7;0;0.0;2.0;6.0;11.0;A01
18046;201500012126;0;7;0;0.0;2.0;2.0;1.0;B02
18047;201500012127;0;7;0;0.0;2.0;1.0;2.0;A01
18048;201500012127;0;17;0;0.0;0.0;4.0;2.0;C02
18049;201500012128;0;10;0;0.0;9.0;2.0;1.0;A01
18050;201500012129;0;30;0;0.0;2.0;1.0;1.0;A01
18051;201500012129;0;7;0;0.0;2.0;2.0;15.0;B02
18052;201500012130;0;7;0;0.0;1.0;2.0;1.0;A01
18053;201500012131;0;7;0;0.0;2.0;1.0;1.0;A01
18054;201500012131;0;38;1;0.0;2.0;1.0;1.0;B02
18055;201500012133;0;7;0;0.0;1.0;1.0;1.0;A01
18056;201500012134;0;10;0;0.0;1.0;3.0;1.0;A01
18057;201500012135;0;15;0;4.0;9.0;6.0;2.0;B02
18058;201500012135;0;7;0;4.0;2.0;3.0;1.0;C03
18059;201500012135;0;33;0;4.0;2.0;7.0;17.0;A01
18060;201500012136;0;7;0;5.0;0.0;3.0;1.0;A01
18061;201500012137;0;7;0;0.0;9.0;1.0;1.0;A01
18062;201500012137;0;33;0;0.0;2.0;1.0;0.0;B02
18063;201500012138;0;7;0;0.0;1.0;1.0;0.0;A01
18064;201500012139;0;7;0;0.0;2.0;2.0;1.0;A01
18065;201500012139;0;1;0;0.0;2.0;1.0;5.0;B02
18066;201500012140;0;33;0;0.0;0.0;7.0;1.0;A01
18067;201500012141;0;7;0;5.0;0.0;2.0;1.0;A01
18068;201500012142;0;7;0;0.0;1.0;3.0;1.0;A01
18069;201500012143;0;7;0;0.0;2.0;1.0;1.0;B02
18070;201500012143;0;7;0;0.0;2.0;1.0;13.0;A01
18071;201500012144;0;7;0;0.0;0.0;1.0;0.0;A01
18072;201500012145;0;7;0;0.0;2.0;3.0;2.0;A01
18073;201500012145;0;33;0;0.0;2.0;2.0;2.0;B02
18074;201500012146;0;7;0;0.0;1.0;3.0;1.0;A01
18075;201500012147;0;7;0;0.0;9.0;2.0;3.0;A01
18076;201500012147;0;33;0;0.0;0.0;1.0;3.0;B02
18077;201500012149;0;7;0;0.0;1.0;7.0;1.0;A01
18078;201500012150;0;7;0;0.0;2.0;8.0;15.0;A01
18079;201500012150;0;33;0;0.0;2.0;0.0;3.0;B02
18080;201500012152;0;7;0;0.0;2.0;7.0;15.0;A01
18081;201500012152;0;7;0;0.0;2.0;1.0;1.0;B02
18082;201500012153;0;7;0;0.0;1.0;1.0;1.0;A01
18083;201500012154;0;7;0;0.0;1.0;3.0;1.0;A01
18084;201500012155;0;10;0;0.0;2.0;2.0;17.0;A01
18085;201500012155;0;1;0;0.0;2.0;6.0;15.0;B02
18086;201500012156;0;10;0;8.0;0.0;1.0;1.0;A01
18087;201500012157;0;7;0;0.0;0.0;8.0;1.0;A01
18088;201500012158;0;7;0;3.0;0.0;7.0;1.0;A01
18089;201500012159;0;14;0;0.0;2.0;1.0;1.0;B02
18090;201500012159;0;7;0;0.0;2.0;2.0;15.0;A01
18091;201500012160;0;14;0;0.0;6.0;8.0;19.0;A01
18092;201500012161;0;7;0;13.0;0.0;1.0;1.0;A01
18093;201500012163;0;7;0;0.0;2.0;3.0;1.0;C03
18094;201500012163;0;7;0;0.0;2.0;4.0;15.0;A01
18095;201500012163;0;15;0;0.0;2.0;3.0;2.0;B02
18096;201500012164;0;17;0;14.0;0.0;1.0;2.0;A01
18097;201500012164;0;15;0;0.0;0.0;4.0;2.0;B02
18098;201500012165;0;7;0;0.0;2.0;3.0;13.0;A01
18099;201500012165;0;7;0;0.0;2.0;1.0;1.0;B02
18100;201500012165;0;7;0;0.0;2.0;3.0;2.0;C03
18101;201500012166;0;38;8;0.0;2.0;3.0;1.0;B02
18102;201500012166;0;7;0;0.0;2.0;3.0;13.0;A01
18103;201500012167;0;14;0;0.0;2.0;3.0;1.0;B02
18104;201500012167;0;7;0;0.0;2.0;3.0;13.0;A01
18105;201500012168;0;7;0;0.0;2.0;8.0;24.0;A01
18106;201500012168;0;14;0;1.0;0.0;7.0;1.0;B02
18107;201500012169;0;14;0;0.0;1.0;4.0;4.0;A01
18108;201500012170;0;7;0;0.0;2.0;1.0;1.0;A01
18109;201500012170;0;7;0;0.0;0.0;4.0;23.0;B01
18110;201500012171;0;10;0;0.0;2.0;8.0;13.0;A01
18111;201500012171;0;10;0;0.0;2.0;3.0;1.0;B01
18112;201500012171;0;7;0;0.0;2.0;1.0;1.0;C01
18113;201500012172;0;7;0;6.0;0.0;1.0;0.0;A01
18114;201500012173;0;7;0;0.0;2.0;1.0;1.0;B01
18115;201500012173;0;7;0;0.0;2.0;1.0;15.0;A01
18116;201500012174;0;7;0;0.0;2.0;3.0;13.0;A01
18117;201500012174;0;7;0;0.0;2.0;1.0;1.0;C01
18118;201500012174;0;7;0;0.0;2.0;8.0;1.0;B01
18119;201500012175;0;7;0;0.0;0.0;0.0;11.0;A01
18120;201500012175;0;33;0;0.0;0.0;0.0;1.0;B01
18121;201500012178;1;14;0;0.0;1.0;3.0;1.0;Z01
18122;201500012179;0;10;0;0.0;2.0;4.0;1.0;A01
18123;201500012179;0;7;0;0.0;2.0;1.0;1.0;B02
18124;201500012180;0;10;0;0.0;2.0;2.0;14.0;B02
18125;201500012180;0;7;0;0.0;2.0;8.0;1.0;A01
18126;201500012181;0;33;0;13.0;0.0;1.0;1.0;A01
18127;201500012182;0;1;0;0.0;2.0;8.0;1.0;B02
18128;201500012182;0;7;0;0.0;9.0;7.0;14.0;A01
18129;201500012183;0;37;0;0.0;0.0;5.0;16.0;A01
18130;201500012183;0;1;0;0.0;2.0;3.0;18.0;B02
18131;201500012184;0;7;0;0.0;2.0;8.0;9.0;A01
18132;201500012184;0;7;0;0.0;2.0;1.0;1.0;B01
18133;201500012185;0;2;0;0.0;0.0;1.0;13.0;A01
18134;201500012185;0;31;0;0.0;9.0;1.0;1.0;B01
18135;201500012186;0;33;0;8.0;0.0;0.0;0.0;A01
18136;201500012187;0;7;0;0.0;2.0;2.0;1.0;A01
18137;201500012187;0;7;0;0.0;2.0;8.0;0.0;B01
18138;201500012188;0;17;0;3.0;2.0;1.0;6.0;A01
18139;201500012188;0;7;0;0.0;9.0;1.0;21.0;C03
18140;201500012188;0;17;0;0.0;2.0;3.0;1.0;B02
18141;201500012189;0;15;0;0.0;2.0;2.0;1.0;B02
18142;201500012189;0;7;0;0.0;9.0;1.0;1.0;C03
18143;201500012189;0;15;0;0.0;2.0;6.0;9.0;A01
18144;201500012190;0;14;0;3.0;0.0;2.0;1.0;A01
18145;201500012191;0;99;0;0.0;2.0;8.0;0.0;B02
18146;201500012191;0;7;0;0.0;2.0;2.0;14.0;A01
18147;201500012192;0;33;0;3.0;0.0;3.0;9.0;A01
18148;201500012194;0;7;0;3.0;0.0;3.0;23.0;A01
18149;201500012194;0;7;0;14.0;2.0;1.0;1.0;C03
18150;201500012194;0;7;0;0.0;1.0;2.0;1.0;B02
18151;201500012195;0;7;0;0.0;2.0;1.0;2.0;B02
18152;201500012195;0;7;0;3.0;0.0;3.0;21.0;A01
18153;201500012196;0;7;0;0.0;2.0;1.0;2.0;A01
18154;201500012196;0;7;0;0.0;0.0;4.0;2.0;B02
18155;201500012197;0;10;0;0.0;2.0;2.0;1.0;A01
18156;201500012197;0;14;0;0.0;2.0;3.0;2.0;B02
18157;201500012197;0;7;0;0.0;2.0;1.0;2.0;C03
18158;201500012198;0;17;0;0.0;2.0;2.0;21.0;B02
18159;201500012198;0;7;0;0.0;2.0;6.0;13.0;A01
18160;201500012199;0;17;0;13.0;2.0;2.0;21.0;B01
18161;201500012199;0;7;0;13.0;2.0;2.0;17.0;A01
18162;201500012200;0;15;0;0.0;2.0;4.0;23.0;C03
18163;201500012200;0;15;0;0.0;2.0;1.0;1.0;A01
18164;201500012200;0;15;0;0.0;2.0;4.0;23.0;B02
18165;201500012201;0;7;0;13.0;0.0;1.0;17.0;A01
18166;201500012202;0;7;0;0.0;2.0;4.0;2.0;E05
18167;201500012202;0;7;0;0.0;2.0;4.0;1.0;D04
18168;201500012202;0;10;0;0.0;2.0;4.0;2.0;C03
18169;201500012202;0;7;0;0.0;2.0;7.0;1.0;B02
18170;201500012202;0;7;0;0.0;2.0;1.0;2.0;A01
18171;201500012203;0;7;0;0.0;2.0;3.0;13.0;A01
18172;201500012203;0;31;0;0.0;2.0;7.0;17.0;B02
18173;201500012204;0;14;0;0.0;2.0;1.0;2.0;B02
18174;201500012204;0;15;0;0.0;0.0;5.0;1.0;A01
18175;201500012205;0;10;0;0.0;2.0;8.0;9.0;A01
18176;201500012205;0;31;0;0.0;2.0;2.0;1.0;B02
18177;201500012206;0;33;0;0.0;0.0;7.0;1.0;A01
18178;201500012207;0;7;0;3.0;0.0;2.0;1.0;A01
18179;201500012208;0;7;0;0.0;2.0;2.0;1.0;A01
18180;201500012208;0;7;0;0.0;2.0;4.0;2.0;C03
18181;201500012208;0;7;0;0.0;2.0;4.0;2.0;B02
18182;201500012208;0;33;0;0.0;2.0;1.0;1.0;D04
18183;201500012209;0;7;0;0.0;2.0;2.0;2.0;A01
18184;201500012209;0;33;0;0.0;2.0;4.0;2.0;B02
18185;201500012210;0;7;0;14.0;0.0;1.0;1.0;A01
18186;201500012211;0;7;0;3.0;0.0;1.0;0.0;A01
18187;201500012212;0;7;0;4.0;0.0;1.0;19.0;A01
18188;201500012213;0;31;0;3.0;0.0;3.0;0.0;A01
18189;201500012214;0;7;0;3.0;0.0;1.0;21.0;A01
18190;201500012215;0;7;0;0.0;0.0;4.0;23.0;A01
18191;201500012215;0;33;0;0.0;2.0;1.0;21.0;B02
18192;201500012216;0;7;0;8.0;0.0;1.0;0.0;A01
18193;201500012217;0;7;0;0.0;2.0;1.0;17.0;B02
18194;201500012217;0;21;0;0.0;2.0;3.0;15.0;A01
18195;201500012218;0;33;0;0.0;0.0;8.0;0.0;A01
18196;201500012219;0;33;0;0.0;2.0;1.0;1.0;B02
18197;201500012219;0;10;0;0.0;2.0;7.0;19.0;A01
18198;201500012220;0;33;0;13.0;0.0;7.0;1.0;A01
18199;201500012221;0;33;0;0.0;0.0;8.0;1.0;A01
18200;201500012222;0;7;0;6.0;0.0;1.0;1.0;A01
18201;201500012223;0;7;0;2.0;0.0;3.0;14.0;A01
18202;201500012224;0;7;0;4.0;0.0;1.0;1.0;A01
18203;201500012225;0;38;0;0.0;2.0;3.0;1.0;B02
18204;201500012225;0;7;0;0.0;2.0;2.0;1.0;A01
18205;201500012226;0;7;0;0.0;2.0;7.0;1.0;B02
18206;201500012226;0;33;0;0.0;2.0;3.0;9.0;A01
18207;201500012228;0;7;0;3.0;0.0;7.0;1.0;A01
18208;201500012229;0;7;0;4.0;0.0;9.0;1.0;A01
18209;201500012230;0;7;0;4.0;0.0;3.0;1.0;A01
18210;201500012231;0;7;0;13.0;0.0;2.0;1.0;A01
18211;201500012232;0;7;0;3.0;0.0;2.0;1.0;B02
18212;201500012232;0;7;0;0.0;0.0;1.0;0.0;A01
18213;201500012233;0;10;0;0.0;2.0;8.0;19.0;A01
18214;201500012233;0;15;0;0.0;2.0;2.0;1.0;B02
18215;201500012234;0;7;0;0.0;2.0;1.0;1.0;C03
18216;201500012234;0;7;0;0.0;2.0;1.0;1.0;A01
18217;201500012234;0;31;0;0.0;2.0;4.0;1.0;B02
18218;201500012235;0;7;0;13.0;0.0;1.0;14.0;A01
18219;201500012236;0;14;0;0.0;2.0;2.0;13.0;A01
18220;201500012236;0;10;0;0.0;0.0;6.0;15.0;B02
18221;201500012236;0;7;0;0.0;2.0;1.0;1.0;C03
18222;201500012237;0;7;0;13.0;0.0;4.0;1.0;A01
18223;201500012238;0;15;0;0.0;0.0;3.0;0.0;B02
18224;201500012238;0;7;0;0.0;2.0;1.0;0.0;A01
18225;201500012239;0;38;42;0.0;2.0;2.0;1.0;B02
18226;201500012239;0;7;0;0.0;2.0;1.0;13.0;A01
18227;201500012239;0;7;0;0.0;2.0;0.0;21.0;C03
18228;201500012240;0;7;0;0.0;2.0;1.0;1.0;C03
18229;201500012240;0;7;0;0.0;2.0;1.0;1.0;B02
18230;201500012240;0;14;0;0.0;2.0;4.0;2.0;A01
18231;201500012241;0;7;0;3.0;0.0;2.0;1.0;A01
18232;201500012242;0;33;0;0.0;2.0;1.0;1.0;B02
18233;201500012242;0;15;0;0.0;2.0;5.0;11.0;A01
18234;201500012243;0;33;0;0.0;0.0;8.0;2.0;A01
18235;201500012245;0;31;0;0.0;2.0;1.0;2.0;A01
18236;201500012245;0;7;0;0.0;0.0;4.0;2.0;B02
18237;201500012246;0;7;0;0.0;2.0;2.0;13.0;A01
18238;201500012246;0;7;0;0.0;2.0;6.0;1.0;B02
18239;201500012247;0;14;0;0.0;0.0;4.0;11.0;A01
18240;201500012247;0;7;0;0.0;2.0;1.0;1.0;B02
18241;201500012248;0;14;0;2.0;0.0;3.0;14.0;A01
18242;201500012250;0;7;0;13.0;0.0;1.0;1.0;A01
18243;201500012251;0;7;0;3.0;0.0;2.0;1.0;A01
18244;201500012252;0;7;0;3.0;0.0;1.0;1.0;A01
18245;201500012254;0;14;0;0.0;2.0;1.0;2.0;A01
18246;201500012254;0;7;0;0.0;2.0;4.0;4.0;B02
18247;201500012255;0;15;0;0.0;2.0;8.0;13.0;A01
18248;201500012255;0;10;0;0.0;2.0;8.0;1.0;B02
18249;201500012257;0;7;0;0.0;2.0;1.0;17.0;A01
18250;201500012257;0;14;0;0.0;2.0;3.0;1.0;B02
18251;201500012257;0;14;0;3.0;0.0;3.0;1.0;C03
18252;201500012257;0;7;0;0.0;2.0;3.0;1.0;D04
18253;201500012258;0;30;0;0.0;2.0;1.0;19.0;B02
18254;201500012258;0;14;0;0.0;2.0;3.0;1.0;A01
18255;201500012259;0;14;0;0.0;2.0;3.0;15.0;A01
18256;201500012259;0;33;0;6.0;2.0;1.0;17.0;B02
18257;201500012261;0;15;0;1.0;0.0;1.0;1.0;A01
18258;201500012261;0;10;0;0.0;0.0;4.0;23.0;B02
18259;201500012262;0;15;0;3.0;0.0;8.0;1.0;A01
18260;201500012263;0;17;0;0.0;2.0;4.0;1.0;B02
18261;201500012263;0;7;0;0.0;2.0;8.0;17.0;A01
18262;201500012265;0;7;0;8.0;0.0;1.0;1.0;A01
18263;201500012266;0;7;0;4.0;0.0;3.0;1.0;A01
18264;201500012266;0;15;0;14.0;0.0;3.0;1.0;B02
18265;201500012266;0;7;0;14.0;0.0;1.0;1.0;C03
18266;201500012266;0;7;0;14.0;0.0;3.0;1.0;D04
18267;201500012267;0;7;0;0.0;2.0;8.0;5.0;A01
18268;201500012267;0;7;0;0.0;2.0;8.0;17.0;B02
18269;201500012267;0;14;0;0.0;2.0;8.0;1.0;C03
18270;201500012268;0;33;0;0.0;0.0;8.0;1.0;A01
18271;201500012269;0;14;0;0.0;2.0;2.0;2.0;A01
18272;201500012269;0;1;0;0.0;2.0;0.0;2.0;B02
18273;201500012270;0;7;0;13.0;0.0;1.0;1.0;A01