;Num_Acc;senc;catv;occutc;obs;obsm;choc;manv;num_veh
19114;201500012830;0;7;0;0.0;2.0;1.0;1.0;A01
19115;201500012831;0;7;0;14.0;0.0;3.0;21.0;A01
19116;201500012831;0;7;0;0.0;2.0;5.0;23.0;B01
19117;201500012832;0;7;0;0.0;2.0;1.0;1.0;A01
19118;201500012832;0;7;0;0.0;2.0;4.0;1.0;B01
19119;201500012833;0;33;0;0.0;2.0;7.0;21.0;A01
19120;201500012834;0;7;0;0.0;2.0;7.0;1.0;B01
19121;201500012834;0;7;0;0.0;2.0;4.0;4.0;A01
19122;201500012835;0;31;0;0.0;0.0;7.0;0.0;A01
19123;201500012836;0;2;0;0.0;2.0;1.0;1.0;A01
19124;201500012836;0;7;0;0.0;2.0;3.0;1.0;B01
19125;201500012837;0;7;0;0.0;1.0;3.0;1.0;A01
19126;201500012838;0;7;0;0.0;2.0;1.0;15.0;B01
19127;201500012838;0;2;0;0.0;2.0;1.0;1.0;A01
19128;201500012839;0;7;0;0.0;2.0;1.0;1.0;A01
19129;201500012839;0;7;0;0.0;2.0;4.0;1.0;B01
19130;201500012839;0;7;0;0.0;0.0;4.0;1.0;C01
19131;201500012840;0;7;0;0.0;1.0;1.0;1.0;A01
19132;201500012841;0;32;0;0.0;2.0;8.0;1.0;B01
19133;201500012841;0;7;0;0.0;2.0;1.0;1.0;A01
19134;201500012842;0;7;0;0.0;2.0;1.0;1.0;A01
19135;201500012842;0;7;0;0.0;2.0;4.0;1.0;B01
19136;201500012843;0;7;0;0.0;2.0;1.0;1.0;A01
19137;201500012843;0;7;0;0.0;2.0;0.0;1.0;B01
19138;201500012844;0;7;0;0.0;0.0;0.0;15.0;A01
19139;201500012845;0;7;0;0.0;1.0;4.0;4.0;A01
19140;201500012846;0;7;0;0.0;2.0;1.0;1.0;B01
19141;201500012846;0;7;0;0.0;2.0;2.0;1.0;A01
19142;201500012847;0;10;0;0.0;2.0;2.0;1.0;A01
19143;201500012847;0;15;0;0.0;2.0;3.0;1.0;B01
19144;201500012848;0;10;0;0.0;1.0;1.0;1.0;A01
19145;201500012849;0;7;0;2.0;0.0;9.0;13.0;A01
19146;201500012850;0;7;0;0.0;2.0;1.0;9.0;A01
19147;201500012850;0;1;0;0.0;2.0;0.0;15.0;B01
19148;201500012851;0;7;0;0.0;1.0;1.0;1.0;A01
19149;201500012852;0;7;0;0.0;2.0;4.0;1.0;B01
19150;201500012852;0;7;0;0.0;2.0;1.0;1.0;A01
19151;201500012853;0;2;0;0.0;2.0;1.0;1.0;B01
19152;201500012853;0;7;0;0.0;2.0;3.0;15.0;A01
19153;201500012854;0;7;0;0.0;2.0;1.0;1.0;A01
19154;201500012854;0;7;0;0.0;2.0;4.0;1.0;B01
19155;201500012855;0;7;0;0.0;2.0;4.0;1.0;B01
19156;201500012855;0;7;0;0.0;2.0;1.0;1.0;A01
19157;201500012856;0;7;0;0.0;1.0;1.0;16.0;A01
19158;201500012857;0;7;0;0.0;1.0;1.0;2.0;A01
19159;201500012858;0;2;0;0.0;0.0;0.0;0.0;A01
19160;201500012858;0;7;0;0.0;2.0;3.0;15.0;B01
19161;201500012859;0;7;0;0.0;1.0;1.0;1.0;A01
19162;201500012860;0;7;0;0.0;2.0;8.0;0.0;A01
19163;201500012861;0;2;0;0.0;1.0;1.0;1.0;A01
19164;201500012862;0;7;0;0.0;2.0;1.0;13.0;A01
19165;201500012862;0;7;0;0.0;2.0;1.0;1.0;B01
19166;201500012863;0;7;0;0.0;2.0;1.0;1.0;A01
19167;201500012863;0;7;0;0.0;2.0;5.0;1.0;B01
19168;201500012864;0;7;0;0.0;2.0;6.0;1.0;A01
19169;201500012864;0;10;0;0.0;2.0;1.0;1.0;B01
19170;201500012865;0;7;0;0.0;2.0;1.0;1.0;A01
19171;201500012865;0;7;0;0.0;2.0;4.0;1.0;B01
19172;201500012866;0;7;0;0.0;2.0;1.0;1.0;A01
19173;201500012866;0;1;0;0.0;2.0;0.0;12.0;B01
19174;201500012867;0;7;0;1.0;2.0;2.0;1.0;B01
19175;201500012867;0;7;0;0.0;2.0;1.0;1.0;A01
19176;201500012868;0;30;0;0.0;0.0;0.0;1.0;A01
19177;201500012869;0;1;0;0.0;2.0;8.0;19.0;B01
19178;201500012869;1;7;0;0.0;2.0;1.0;1.0;A01
19179;201500012870;0;7;0;0.0;2.0;0.0;2.0;A01
19180;201500012870;0;31;0;0.0;2.0;7.0;1.0;B01
19181;201500012871;0;34;0;0.0;0.0;4.0;2.0;B01
19182;201500012871;0;7;0;0.0;2.0;1.0;1.0;A01
19183;201500012872;0;7;0;0.0;2.0;3.0;1.0;A01
19184;201500012872;0;7;0;0.0;2.0;8.0;1.0;B01
19185;201500012873;0;1;0;0.0;2.0;5.0;1.0;B01
19186;201500012873;0;7;0;0.0;9.0;3.0;2.0;A01
19187;201500012874;0;7;0;0.0;1.0;1.0;1.0;A01
19188;201500012875;0;7;0;0.0;1.0;5.0;16.0;A01
19189;201500012876;0;7;0;0.0;2.0;4.0;1.0;B01
19190;201500012876;0;7;0;0.0;2.0;8.0;0.0;C01
19191;201500012876;0;30;0;0.0;2.0;9.0;0.0;A01
19192;201500012877;0;7;0;0.0;2.0;8.0;9.0;A01
19193;201500012877;0;7;0;0.0;2.0;1.0;1.0;B01
19194;201500012878;0;7;0;0.0;2.0;1.0;1.0;A01
19195;201500012878;0;7;0;0.0;2.0;1.0;1.0;B01
19196;201500012880;0;17;0;0.0;2.0;3.0;1.0;A01
19197;201500012880;0;7;0;0.0;2.0;8.0;15.0;B01
19198;201500012881;0;7;0;0.0;1.0;2.0;1.0;A01
19199;201500012882;0;7;0;0.0;1.0;1.0;1.0;A01
19200;201500012883;0;7;0;0.0;2.0;6.0;1.0;B01
19201;201500012883;0;7;0;0.0;2.0;3.0;1.0;A01
19202;201500012884;0;7;0;0.0;0.0;4.0;1.0;B01
19203;201500012884;0;7;0;0.0;2.0;1.0;1.0;A01
19204;201500012885;0;7;0;0.0;1.0;1.0;0.0;A01
19205;201500012886;0;7;0;0.0;2.0;1.0;0.0;A01
19206;201500012886;0;7;0;0.0;2.0;8.0;0.0;B01
19207;201500012888;0;33;0;0.0;0.0;9.0;0.0;A01
19208;201500012889;0;33;0;3.0;0.0;8.0;13.0;A01
19209;201500012890;0;7;0;0.0;2.0;5.0;21.0;A01
19210;201500012890;0;7;0;0.0;2.0;3.0;13.0;B02
19211;201500012892;0;7;0;0.0;2.0;8.0;15.0;B02
19212;201500012892;0;7;0;0.0;2.0;2.0;17.0;A01
19213;201500012893;0;31;0;0.0;2.0;1.0;2.0;A01
19214;201500012893;0;7;0;0.0;0.0;6.0;15.0;B02
19215;201500012894;0;7;0;0.0;2.0;2.0;9.0;A01
19216;201500012894;0;7;0;0.0;2.0;3.0;1.0;B02
19217;201500012895;0;10;0;0.0;1.0;3.0;1.0;A01
19218;201500012896;0;36;0;2.0;0.0;1.0;0.0;A01
19219;201500012898;0;7;0;0.0;2.0;1.0;2.0;A01
19220;201500012898;0;1;0;0.0;2.0;4.0;1.0;B02
19221;201500012899;0;17;0;0.0;2.0;3.0;16.0;A01
19222;201500012899;0;31;0;0.0;2.0;2.0;1.0;B02
19223;201500012900;0;10;0;0.0;2.0;3.0;1.0;B02
19224;201500012900;0;7;0;0.0;2.0;3.0;13.0;A01
19225;201500012901;0;7;0;0.0;2.0;3.0;10.0;A01
19226;201500012901;0;33;0;0.0;2.0;7.0;2.0;B02
19227;201500012902;0;7;0;0.0;2.0;2.0;15.0;A01
19228;201500012902;0;7;0;0.0;2.0;3.0;1.0;B02
19229;201500012903;0;7;0;0.0;2.0;3.0;1.0;B02
19230;201500012903;0;7;0;0.0;2.0;1.0;15.0;A01
19231;201500012904;0;7;0;13.0;0.0;9.0;1.0;A01
19232;201500012905;0;7;0;3.0;0.0;3.0;17.0;A01
19233;201500012907;0;33;0;0.0;6.0;1.0;1.0;A01
19234;201500012908;0;7;0;15.0;0.0;9.0;14.0;A01
19235;201500012909;0;7;0;0.0;2.0;2.0;2.0;A01
19236;201500012909;0;14;0;0.0;2.0;6.0;2.0;B02
19237;201500012910;0;33;0;0.0;2.0;8.0;3.0;A01
19238;201500012910;0;7;0;0.0;2.0;7.0;21.0;B02
19239;201500012911;0;7;0;14.0;0.0;9.0;21.0;A01
19240;201500012912;0;33;0;4.0;0.0;2.0;2.0;A01
19241;201500012913;0;10;0;0.0;2.0;3.0;1.0;B02
19242;201500012913;0;7;0;0.0;2.0;2.0;1.0;C03
19243;201500012913;0;7;0;0.0;2.0;1.0;13.0;A01
19244;201500012914;0;33;0;4.0;0.0;2.0;14.0;A01
19245;201500012915;0;10;0;3.0;2.0;3.0;1.0;A01
19246;201500012915;0;7;0;0.0;2.0;1.0;1.0;B02
19247;201500012916;0;7;0;3.0;0.0;1.0;1.0;A01
19248;201500012917;0;7;0;0.0;6.0;1.0;2.0;A01
19249;201500012918;0;33;0;0.0;2.0;1.0;2.0;A01
19250;201500012918;0;15;0;0.0;0.0;4.0;2.0;B01
19251;201500012919;0;1;0;14.0;0.0;1.0;1.0;A01
19252;201500012920;0;7;0;0.0;2.0;6.0;17.0;B02
19253;201500012920;0;33;0;0.0;2.0;2.0;1.0;A01
19254;201500012921;0;17;0;4.0;0.0;8.0;13.0;A01
19255;201500012922;0;1;0;0.0;2.0;1.0;2.0;B02
19256;201500012922;0;17;0;0.0;0.0;4.0;2.0;A01
19257;201500012923;0;33;0;0.0;2.0;1.0;21.0;A01
19258;201500012923;0;7;0;0.0;0.0;6.0;1.0;B02
19259;201500012924;0;7;0;3.0;0.0;1.0;1.0;A01
19260;201500012925;0;14;0;0.0;0.0;1.0;17.0;A01
19261;201500012926;0;7;0;0.0;0.0;4.0;2.0;D04
19262;201500012926;0;7;0;0.0;2.0;1.0;2.0;E05
19263;201500012926;0;7;0;3.0;0.0;8.0;1.0;A01
19264;201500012926;0;7;0;14.0;0.0;1.0;2.0;B02
19265;201500012926;0;7;0;14.0;0.0;8.0;2.0;C03
19266;201500012927;0;7;0;3.0;0.0;1.0;1.0;A01
19267;201500012928;0;7;0;4.0;0.0;1.0;14.0;A01
19268;201500012930;0;7;0;0.0;2.0;8.0;19.0;B02
19269;201500012930;0;17;0;0.0;2.0;1.0;1.0;A01
19270;201500012931;0;17;0;0.0;2.0;3.0;1.0;B02
19271;201500012931;0;7;0;0.0;2.0;3.0;13.0;A01
19272;201500012931;0;15;0;0.0;2.0;3.0;1.0;C03
19273;201500012932;0;7;0;0.0;2.0;2.0;0.0;B02
19274;201500012932;0;7;0;0.0;2.0;2.0;17.0;A01
19275;201500012933;0;30;0;6.0;0.0;3.0;1.0;A01
19276;201500012936;0;30;0;0.0;2.0;1.0;1.0;B02
19277;201500012936;0;7;0;0.0;2.0;5.0;15.0;A01
19278;201500012937;0;14;0;0.0;2.0;3.0;9.0;A01
19279;201500012937;0;37;3;0.0;2.0;5.0;1.0;B02
19280;201500012938;0;10;0;0.0;2.0;1.0;1.0;A01
19281;201500012938;0;7;0;0.0;2.0;4.0;1.0;B02
19282;201500012939;0;7;0;0.0;2.0;1.0;2.0;A01
19283;201500012939;0;7;0;0.0;0.0;4.0;2.0;B02
19284;201500012939;0;7;0;0.0;0.0;4.0;2.0;C03
19285;201500012940;0;7;0;4.0;2.0;1.0;17.0;A01
19286;201500012940;0;15;0;0.0;2.0;3.0;1.0;B02
19287;201500012941;0;7;0;3.0;0.0;1.0;1.0;A01
19288;201500012942;0;7;0;0.0;2.0;3.0;5.0;A01
19289;201500012942;0;7;0;3.0;0.0;2.0;21.0;B02
19290;201500012942;0;7;0;0.0;2.0;3.0;1.0;C03
19291;201500012942;0;10;0;0.0;9.0;1.0;1.0;D04
19292;201500012943;0;7;0;4.0;0.0;1.0;1.0;A01
19293;201500012945;0;17;0;4.0;0.0;3.0;6.0;A01
19294;201500012946;0;7;0;0.0;2.0;4.0;1.0;A01
19295;201500012946;0;7;0;0.0;2.0;1.0;2.0;B02
19296;201500012946;0;7;0;0.0;2.0;1.0;2.0;C03
19297;201500012947;0;7;0;0.0;2.0;1.0;2.0;A01
19298;201500012947;0;7;0;0.0;0.0;4.0;2.0;B02
19299;201500012948;0;7;0;0.0;2.0;6.0;1.0;B02
19300;201500012948;0;7;0;4.0;0.0;1.0;14.0;A01
19301;201500012949;0;7;0;3.0;0.0;3.0;1.0;A01
19302;201500012950;0;7;0;0.0;2.0;7.0;13.0;A01
19303;201500012950;0;17;0;0.0;2.0;1.0;21.0;B02
19304;201500012951;0;17;0;5.0;0.0;2.0;1.0;A01
19305;201500012952;0;7;0;0.0;2.0;2.0;19.0;B02
19306;201500012952;0;17;0;0.0;2.0;2.0;1.0;A01
19307;201500012953;0;17;0;3.0;0.0;1.0;1.0;A01
19308;201500012953;0;7;0;1.0;0.0;1.0;1.0;B02
19309;201500012954;0;7;0;0.0;2.0;3.0;1.0;B01
19310;201500012954;0;2;0;0.0;2.0;3.0;17.0;A01
19311;201500012955;0;7;0;10.0;0.0;2.0;1.0;A01
19312;201500012956;0;7;0;6.0;2.0;8.0;1.0;B01
19313;201500012956;0;7;0;0.0;2.0;8.0;15.0;A01
19314;201500012957;0;7;0;6.0;0.0;2.0;14.0;A01
19315;201500012958;0;7;0;8.0;0.0;1.0;1.0;A01
19316;201500012959;0;7;0;0.0;2.0;8.0;9.0;A01
19317;201500012959;0;30;0;0.0;2.0;1.0;1.0;B01
19318;201500012960;0;2;0;0.0;2.0;2.0;2.0;B01
19319;201500012960;0;7;0;0.0;2.0;0.0;0.0;A01
19320;201500012961;0;2;0;0.0;2.0;1.0;13.0;A01
19321;201500012961;0;7;0;0.0;2.0;6.0;15.0;B01
19322;201500012962;0;7;0;8.0;0.0;1.0;13.0;A01
19323;201500012963;0;7;0;0.0;2.0;2.0;1.0;B01
19324;201500012963;0;7;0;0.0;2.0;2.0;13.0;A01
19325;201500012964;0;2;0;0.0;2.0;1.0;1.0;B01
19326;201500012964;0;7;0;0.0;0.0;6.0;9.0;A01
19327;201500012965;0;2;0;0.0;2.0;1.0;2.0;B01
19328;201500012965;0;7;0;0.0;2.0;3.0;19.0;A01
19329;201500012966;0;7;0;0.0;2.0;7.0;14.0;A01
19330;201500012966;0;7;0;0.0;2.0;8.0;2.0;B01
19331;201500012967;0;1;0;12.0;0.0;1.0;2.0;B01
19332;201500012967;0;14;0;0.0;2.0;6.0;2.0;A01
19333;201500012968;0;7;0;0.0;1.0;2.0;1.0;A01
19334;201500012969;0;30;0;0.0;0.0;4.0;1.0;B01
19335;201500012969;0;7;0;0.0;2.0;3.0;9.0;A01
19336;201500012970;0;7;0;0.0;2.0;3.0;0.0;A01
19337;201500012970;0;7;0;0.0;2.0;0.0;0.0;B01
19338;201500012971;0;30;0;0.0;2.0;1.0;1.0;B01
19339;201500012971;0;7;0;0.0;2.0;3.0;15.0;A01
19340;201500012972;0;2;0;0.0;0.0;0.0;1.0;A01
19341;201500012973;0;2;0;0.0;2.0;1.0;10.0;A01
19342;201500012973;0;2;0;0.0;2.0;6.0;15.0;B01
19343;201500012975;0;7;0;0.0;9.0;1.0;15.0;A01
19344;201500012975;0;1;0;0.0;2.0;1.0;1.0;B01
19345;201500012976;0;10;0;0.0;2.0;5.0;15.0;A01
19346;201500012976;0;33;0;0.0;2.0;1.0;1.0;B01
19347;201500012977;0;7;0;0.0;2.0;1.0;1.0;A01
19348;201500012977;0;7;0;0.0;2.0;1.0;1.0;B01
19349;201500012978;0;7;0;0.0;1.0;2.0;9.0;A01
19350;201500012979;0;7;0;11.0;0.0;1.0;17.0;B01
19351;201500012979;0;7;0;0.0;2.0;3.0;2.0;A01
19352;201500012980;0;7;0;0.0;2.0;3.0;1.0;B01
19353;201500012980;0;10;0;0.0;2.0;3.0;5.0;A01
19354;201500012983;0;7;0;0.0;2.0;8.0;15.0;B01
19355;201500012983;0;1;0;0.0;2.0;3.0;9.0;A01
19356;201500012984;0;15;0;0.0;1.0;3.0;1.0;A01
19357;201500012985;0;7;0;8.0;2.0;3.0;1.0;B01
19358;201500012985;0;7;0;8.0;2.0;2.0;19.0;A01
19359;201500012986;0;7;0;0.0;9.0;2.0;15.0;A01
19360;201500012986;0;1;0;0.0;2.0;1.0;0.0;B01
19361;201500012987;0;7;0;0.0;2.0;5.0;2.0;A01
19362;201500012987;0;3;0;0.0;2.0;6.0;2.0;B01
19363;201500012988;0;7;0;0.0;0.0;0.0;17.0;A01
19364;201500012988;0;2;0;12.0;0.0;1.0;14.0;B01
19365;201500012989;0;7;0;0.0;2.0;3.0;9.0;A01
19366;201500012989;0;33;0;0.0;2.0;0.0;21.0;B01
19367;201500012990;0;7;0;0.0;1.0;3.0;1.0;A01
19368;201500012992;0;7;0;2.0;0.0;1.0;14.0;A01
19369;201500012993;0;7;0;0.0;2.0;6.0;12.0;A01
19370;201500012993;0;33;0;0.0;2.0;1.0;0.0;B01
19371;201500012994;0;7;0;0.0;1.0;1.0;2.0;A01
19372;201500012995;0;7;0;0.0;2.0;3.0;2.0;B01
19373;201500012995;0;7;0;11.0;2.0;2.0;15.0;A01
19374;201500012995;0;7;0;0.0;2.0;3.0;0.0;C01
19375;201500012997;0;2;0;0.0;0.0;7.0;0.0;A01
19376;201500012998;0;7;0;0.0;2.0;1.0;2.0;A01
19377;201500012998;0;7;0;0.0;2.0;4.0;23.0;C01
19378;201500012998;0;7;0;0.0;2.0;4.0;2.0;B01
19379;201500012999;0;2;0;0.0;0.0;0.0;1.0;A01
19380;201500013000;0;33;0;0.0;0.0;1.0;1.0;A01
19381;201500013001;0;7;0;0.0;2.0;3.0;2.0;A01
19382;201500013001;0;7;0;0.0;2.0;5.0;2.0;B01
19383;201500013002;0;7;0;8.0;0.0;1.0;19.0;A01
19384;201500013003;0;7;0;0.0;2.0;1.0;13.0;A01
19385;201500013003;0;7;0;0.0;2.0;1.0;1.0;C01
19386;201500013003;0;7;0;0.0;2.0;8.0;1.0;B01
19387;201500013003;0;7;0;0.0;2.0;7.0;1.0;D01
19388;201500013004;0;7;0;0.0;1.0;1.0;2.0;A01
19389;201500013005;0;10;0;0.0;2.0;1.0;2.0;B02
19390;201500013005;0;7;0;0.0;0.0;4.0;1.0;A01
19391;201500013008;0;7;0;13.0;0.0;1.0;1.0;A01
19392;201500013009;0;7;0;0.0;2.0;2.0;1.0;C03
19393;201500013009;0;10;0;3.0;0.0;2.0;1.0;A01
19394;201500013009;0;7;0;0.0;2.0;3.0;1.0;B02
19395;201500013010;0;7;0;3.0;0.0;1.0;14.0;A01
19396;201500013011;0;7;0;13.0;0.0;2.0;14.0;A01
19397;201500013013;0;7;0;4.0;0.0;3.0;13.0;A01
19398;201500013014;0;7;0;3.0;0.0;3.0;1.0;A01
19399;201500013015;0;17;0;1.0;0.0;1.0;2.0;A01
19400;201500013015;0;7;0;0.0;0.0;4.0;23.0;B02
19401;201500013016;0;7;0;3.0;0.0;2.0;1.0;A01
19402;201500013017;0;33;0;0.0;2.0;1.0;2.0;A01
19403;201500013017;0;7;0;0.0;2.0;6.0;2.0;B02
19404;201500013018;0;33;0;3.0;0.0;2.0;1.0;A01
19405;201500013020;0;33;0;13.0;2.0;5.0;5.0;B02
19406;201500013020;0;14;0;0.0;2.0;2.0;1.0;A01
19407;201500013021;0;17;0;0.0;0.0;4.0;2.0;B02
19408;201500013021;0;7;0;0.0;2.0;1.0;1.0;A01
19409;201500013022;0;7;0;3.0;0.0;3.0;13.0;A01
19410;201500013023;0;7;0;13.0;0.0;7.0;21.0;A01
19411;201500013024;0;7;0;4.0;0.0;9.0;1.0;A01
19412;201500013024;0;17;0;0.0;2.0;6.0;1.0;B02
19413;201500013024;0;7;0;0.0;2.0;2.0;2.0;C03
19414;201500013024;0;7;0;0.0;2.0;3.0;2.0;D04
19415;201500013025;0;7;0;4.0;0.0;2.0;1.0;A01
19416;201500013026;0;7;0;7.0;0.0;1.0;1.0;A01
19417;201500013028;0;17;0;2.0;0.0;7.0;1.0;A01
19418;201500013029;0;7;0;4.0;0.0;3.0;1.0;A01
19419;201500013030;0;33;0;3.0;0.0;8.0;1.0;A01
19420;201500013031;0;7;0;13.0;0.0;2.0;0.0;A01
19421;201500013032;0;7;0;0.0;2.0;2.0;9.0;A01
19422;201500013032;0;30;0;0.0;2.0;1.0;1.0;B01
19423;201500013033;0;7;0;0.0;2.0;4.0;2.0;B01
19424;201500013033;0;2;0;14.0;0.0;1.0;2.0;A01
19425;201500013034;0;7;0;2.0;2.0;1.0;1.0;A01
19426;201500013034;1;7;0;0.0;0.0;0.0;0.0;B01
19427;201500013035;0;7;0;0.0;2.0;4.0;15.0;B01
19428;201500013035;0;2;0;0.0;2.0;1.0;1.0;A01
19429;201500013036;0;7;0;12.0;0.0;3.0;1.0;A01
19430;201500013038;2;7;0;1.0;1.0;4.0;4.0;A01
19431;201500013040;0;32;0;0.0;2.0;1.0;1.0;A01
19432;201500013040;0;7;0;0.0;2.0;3.0;15.0;B01
19433;201500013041;0;7;0;4.0;0.0;3.0;13.0;A01
19434;201500013042;0;7;0;0.0;0.0;0.0;0.0;C01
19435;201500013042;0;7;0;0.0;0.0;0.0;0.0;B01
19436;201500013042;0;7;0;0.0;0.0;0.0;0.0;A01
19437;201500013043;0;34;0;0.0;2.0;8.0;1.0;A01
19438;201500013043;1;99;0;0.0;0.0;0.0;0.0;Z01
19439;201500013044;0;7;0;0.0;2.0;2.0;1.0;A01
19440;201500013044;0;7;0;0.0;2.0;1.0;1.0;B01
19441;201500013045;0;7;0;0.0;1.0;2.0;15.0;A01
19442;201500013046;0;33;0;0.0;2.0;1.0;1.0;A01
19443;201500013046;0;7;0;0.0;2.0;8.0;1.0;B01
19444;201500013048;0;10;0;0.0;1.0;6.0;0.0;A01
19445;201500013050;0;7;0;2.0;0.0;1.0;13.0;A01
19446;201500013051;0;7;0;0.0;2.0;1.0;1.0;A01
19447;201500013051;0;10;0;0.0;2.0;5.0;19.0;B01
19448;201500013052;0;2;0;0.0;0.0;0.0;0.0;A01
19449;201500013053;0;7;0;0.0;2.0;1.0;1.0;A01
19450;201500013053;0;7;0;0.0;2.0;3.0;9.0;B01
19451;201500013054;0;7;0;0.0;2.0;4.0;2.0;B01
19452;201500013054;0;7;0;0.0;2.0;1.0;2.0;A01
19453;201500013055;0;7;0;0.0;0.0;0.0;0.0;A01
19454;201500013056;0;32;0;0.0;2.0;4.0;1.0;B01
19455;201500013056;0;7;0;0.0;2.0;1.0;1.0;A01
19456;201500013058;0;7;0;0.0;0.0;0.0;2.0;B01
19457;201500013058;0;7;0;0.0;0.0;0.0;15.0;A01
19458;201500013059;0;7;0;0.0;2.0;3.0;15.0;A01
19459;201500013059;0;30;0;0.0;2.0;1.0;1.0;B01
19460;201500013060;0;7;0;0.0;2.0;1.0;2.0;A01
19461;201500013060;0;7;0;0.0;2.0;9.0;15.0;B01
19462;201500013060;0;7;0;0.0;2.0;1.0;1.0;C01
19463;201500013061;0;7;0;4.0;0.0;3.0;6.0;A01
19464;201500013062;1;1;0;0.0;0.0;0.0;0.0;Z01
19465;201500013062;0;30;0;0.0;9.0;1.0;1.0;A01
19466;201500013063;0;7;0;0.0;2.0;3.0;10.0;A01
19467;201500013063;0;30;0;0.0;2.0;2.0;1.0;B01
19468;201500013064;0;33;0;0.0;0.0;0.0;0.0;B01
19469;201500013064;0;7;0;0.0;2.0;2.0;1.0;A01
19470;201500013065;0;7;0;0.0;2.0;7.0;15.0;A01
19471;201500013065;0;33;0;0.0;2.0;1.0;1.0;B01
19472;201500013066;0;37;0;0.0;2.0;3.0;1.0;B01
19473;201500013066;0;30;0;0.0;2.0;1.0;5.0;A01
19474;201500013068;0;33;0;0.0;2.0;4.0;1.0;A01
19475;201500013068;0;33;0;0.0;0.0;6.0;1.0;B01
19476;201500013069;0;7;0;0.0;2.0;3.0;0.0;A01
19477;201500013069;0;2;0;0.0;2.0;1.0;0.0;B01
19478;201500013070;0;7;0;0.0;2.0;3.0;1.0;B01
19479;201500013070;0;30;0;0.0;2.0;1.0;1.0;A01
19480;201500013071;0;2;0;0.0;2.0;1.0;1.0;B01
19481;201500013071;0;7;0;0.0;2.0;8.0;0.0;A01
19482;201500013072;0;1;0;0.0;2.0;0.0;0.0;B01
19483;201500013072;0;7;0;0.0;2.0;2.0;11.0;A01
19484;201500013073;0;31;0;1.0;0.0;1.0;2.0;B01
19485;201500013073;0;7;0;0.0;2.0;8.0;22.0;A01
19486;201500013074;0;2;0;0.0;2.0;1.0;0.0;B01
19487;201500013074;0;7;0;0.0;2.0;3.0;0.0;A01
19488;201500013075;0;30;0;16.0;0.0;1.0;15.0;A01
19489;201500013076;0;7;0;0.0;2.0;1.0;1.0;B01
19490;201500013076;0;7;0;0.0;2.0;8.0;19.0;A01
19491;201500013077;0;7;0;0.0;1.0;8.0;23.0;A01
19492;201500013078;0;7;0;0.0;2.0;1.0;13.0;A01
19493;201500013078;0;37;0;0.0;2.0;3.0;2.0;B01
19494;201500013079;0;33;0;0.0;2.0;1.0;1.0;B01
19495;201500013079;0;7;0;0.0;2.0;3.0;15.0;A01
19496;201500013080;0;7;0;0.0;1.0;3.0;0.0;A01
19497;201500013081;0;31;0;0.0;1.0;0.0;0.0;A01
19498;201500013082;0;32;0;0.0;2.0;8.0;16.0;B01
19499;201500013082;0;7;0;0.0;2.0;7.0;16.0;A01
19500;201500013083;0;32;0;14.0;0.0;2.0;1.0;A01
19501;201500013083;0;7;0;0.0;2.0;8.0;1.0;B01
19502;201500013084;0;7;0;0.0;2.0;1.0;2.0;A01
19503;201500013084;0;33;0;0.0;2.0;4.0;23.0;B01
19504;201500013085;0;7;0;0.0;2.0;8.0;23.0;C01
19505;201500013085;0;7;0;0.0;2.0;7.0;16.0;B01
19506;201500013085;0;33;0;1.0;2.0;1.0;7.0;A01
19507;201500013086;0;7;0;0.0;0.0;8.0;20.0;B01
19508;201500013086;0;31;0;0.0;2.0;7.0;17.0;A01
19509;201500013087;0;33;0;0.0;2.0;1.0;17.0;B01
19510;201500013087;0;10;0;0.0;2.0;3.0;15.0;A01
19511;201500013088;0;10;0;0.0;1.0;1.0;1.0;A01
19512;201500013089;0;10;0;0.0;2.0;1.0;1.0;B01
19513;201500013089;0;10;0;0.0;2.0;1.0;13.0;A01
19514;201500013090;0;7;0;2.0;0.0;3.0;1.0;A01
19515;201500013091;0;7;0;0.0;1.0;5.0;0.0;A01
19516;201500013092;0;14;0;0.0;2.0;3.0;15.0;A01
19517;201500013092;0;14;0;0.0;2.0;3.0;1.0;B01
19518;201500013093;0;33;0;0.0;2.0;1.0;1.0;A01
19519;201500013093;0;10;0;0.0;2.0;7.0;15.0;B01
19520;201500013094;0;7;0;0.0;1.0;3.0;0.0;A01
19521;201500013095;0;30;0;0.0;1.0;1.0;1.0;A01
19522;201500013096;0;7;0;0.0;2.0;3.0;1.0;A01
19523;201500013096;0;33;0;0.0;2.0;5.0;1.0;B01
19524;201500013097;0;7;0;2.0;0.0;1.0;15.0;A01
19525;201500013098;1;37;0;0.0;1.0;2.0;1.0;Z01
19526;201500013100;0;7;0;0.0;0.0;0.0;0.0;B01
19527;201500013100;2;7;0;0.0;2.0;1.0;0.0;A01
19528;201500013100;0;7;0;0.0;0.0;0.0;0.0;C01
19529;201500013101;0;30;0;0.0;2.0;1.0;1.0;B01
19530;201500013101;0;7;0;0.0;2.0;7.0;15.0;A01
19531;201500013102;0;33;0;12.0;0.0;9.0;2.0;A01
19532;201500013103;0;7;0;3.0;2.0;2.0;1.0;A01
19533;201500013103;0;7;0;0.0;2.0;3.0;1.0;B01
19534;201500013104;0;33;0;0.0;1.0;0.0;21.0;A01