;Num_Acc;senc;catv;occutc;obs;obsm;choc;manv;num_veh
19535;201500013106;0;7;0;0.0;0.0;0.0;0.0;A01
19536;201500013106;0;7;0;0.0;0.0;0.0;0.0;B01
19537;201500013108;0;1;0;1.0;1.0;1.0;2.0;A01
19538;201500013108;1;7;0;1.0;0.0;0.0;0.0;Z01
19539;201500013109;0;7;0;0.0;2.0;1.0;2.0;A01
19540;201500013109;0;7;0;0.0;0.0;4.0;1.0;B01
19541;201500013110;0;7;0;0.0;0.0;8.0;1.0;B01
19542;201500013110;0;7;0;0.0;0.0;3.0;1.0;C01
19543;201500013110;0;7;0;0.0;2.0;1.0;1.0;A01
19544;201500013111;0;7;0;0.0;2.0;3.0;5.0;A01
19545;201500013111;0;7;0;0.0;2.0;1.0;1.0;B01
19546;201500013112;0;33;0;6.0;0.0;1.0;14.0;A01
19547;201500013113;0;7;0;15.0;1.0;3.0;13.0;A01
19548;201500013114;1;7;0;0.0;2.0;0.0;0.0;B01
19549;201500013114;0;1;0;0.0;0.0;0.0;0.0;A01
19550;201500013115;0;7;0;0.0;1.0;2.0;1.0;A01
19551;201500013116;0;33;0;0.0;2.0;7.0;17.0;A01
19552;201500013116;0;7;0;0.0;2.0;1.0;0.0;B01
19553;201500013117;1;33;0;0.0;1.0;0.0;1.0;A01
19554;201500013118;0;7;0;0.0;2.0;2.0;0.0;B01
19555;201500013118;0;1;0;0.0;2.0;1.0;0.0;A01
19556;201500013119;0;33;0;0.0;0.0;8.0;1.0;B01
19557;201500013119;0;7;0;0.0;0.0;2.0;2.0;A01
19558;201500013120;0;30;0;1.0;0.0;7.0;0.0;A01
19559;201500013122;0;7;0;0.0;2.0;1.0;2.0;B01
19560;201500013122;0;7;0;0.0;2.0;2.0;2.0;A01
19561;201500013123;0;7;0;0.0;2.0;1.0;0.0;A01
19562;201500013123;0;7;0;0.0;2.0;1.0;1.0;B01
19563;201500013124;0;7;0;0.0;2.0;3.0;13.0;A01
19564;201500013124;0;7;0;0.0;2.0;3.0;2.0;B01
19565;201500013126;0;17;0;0.0;2.0;5.0;9.0;B01
19566;201500013126;0;7;0;0.0;2.0;1.0;1.0;A01
19567;201500013127;0;10;0;0.0;2.0;3.0;11.0;A01
19568;201500013127;0;7;0;15.0;2.0;3.0;1.0;B01
19569;201500013128;0;7;0;0.0;2.0;7.0;13.0;A01
19570;201500013128;0;7;0;0.0;2.0;1.0;0.0;B01
19571;201500013129;0;2;0;0.0;1.0;1.0;16.0;A01
19572;201500013130;0;7;0;13.0;0.0;1.0;2.0;A01
19573;201500013131;0;7;0;0.0;2.0;7.0;2.0;C01
19574;201500013131;0;7;0;0.0;0.0;6.0;2.0;B01
19575;201500013131;0;7;0;0.0;2.0;1.0;13.0;A01
19576;201500013132;0;7;0;0.0;2.0;4.0;2.0;B01
19577;201500013132;0;7;0;0.0;2.0;1.0;2.0;A01
19578;201500013132;0;7;0;0.0;2.0;4.0;2.0;C01
19579;201500013133;0;30;0;12.0;0.0;1.0;0.0;A01
19580;201500013134;0;7;0;0.0;2.0;8.0;15.0;B01
19581;201500013134;0;33;0;0.0;2.0;2.0;17.0;A01
19582;201500013135;0;7;0;0.0;2.0;4.0;1.0;B01
19583;201500013135;0;7;0;0.0;2.0;1.0;1.0;A01
19584;201500013136;0;7;0;0.0;2.0;1.0;1.0;A01
19585;201500013136;0;2;0;0.0;2.0;1.0;1.0;B01
19586;201500013137;0;7;0;0.0;1.0;1.0;1.0;A01
19587;201500013138;0;7;0;0.0;0.0;4.0;2.0;B01
19588;201500013138;0;15;0;0.0;2.0;0.0;2.0;A01
19589;201500013139;0;7;0;0.0;2.0;3.0;15.0;A01
19590;201500013139;0;34;0;0.0;2.0;7.0;1.0;B01
19591;201500013140;0;7;0;0.0;1.0;7.0;0.0;A01
19592;201500013142;0;34;0;0.0;2.0;1.0;1.0;B01
19593;201500013142;0;7;0;0.0;2.0;7.0;15.0;A01
19594;201500013143;0;7;0;0.0;2.0;3.0;1.0;A01
19595;201500013143;0;7;0;0.0;2.0;7.0;1.0;B01
19596;201500013144;0;7;0;0.0;1.0;3.0;1.0;A01
19597;201500013145;0;7;0;0.0;0.0;4.0;2.0;A01
19598;201500013145;0;7;0;0.0;2.0;1.0;2.0;B01
19599;201500013146;0;7;0;0.0;1.0;1.0;0.0;A01
19600;201500013147;0;7;0;0.0;2.0;3.0;1.0;B01
19601;201500013147;0;3;0;0.0;2.0;2.0;1.0;A01
19602;201500013148;0;7;0;0.0;2.0;1.0;1.0;B01
19603;201500013148;0;7;0;0.0;2.0;4.0;1.0;A01
19604;201500013151;0;30;0;0.0;2.0;0.0;2.0;A01
19605;201500013151;0;30;0;0.0;2.0;0.0;2.0;B01
19606;201500013152;0;7;0;0.0;6.0;3.0;1.0;A01
19607;201500013153;0;7;0;0.0;1.0;3.0;1.0;A01
19608;201500013154;0;7;0;0.0;0.0;4.0;2.0;B01
19609;201500013154;0;15;0;0.0;2.0;1.0;2.0;A01
19610;201500013155;0;7;0;0.0;2.0;3.0;15.0;A01
19611;201500013155;0;31;0;0.0;2.0;2.0;17.0;B01
19612;201500013156;0;7;0;0.0;0.0;0.0;0.0;B01
19613;201500013156;0;33;0;0.0;2.0;1.0;0.0;A01
19614;201500013157;0;33;0;0.0;0.0;0.0;1.0;A01
19615;201500013158;0;7;0;0.0;1.0;1.0;19.0;A01
19616;201500013159;0;7;0;0.0;1.0;7.0;16.0;A01
19617;201500013160;0;7;0;15.0;2.0;7.0;15.0;A01
19618;201500013160;0;7;0;2.0;2.0;1.0;2.0;B01
19619;201500013161;0;7;0;0.0;1.0;1.0;13.0;A01
19620;201500013162;0;10;0;0.0;2.0;5.0;2.0;B01
19621;201500013162;0;7;0;0.0;2.0;3.0;2.0;A01
19622;201500013163;0;32;0;2.0;0.0;7.0;14.0;A01
19623;201500013164;0;7;0;15.0;2.0;1.0;14.0;A01
19624;201500013164;0;1;0;0.0;0.0;6.0;1.0;B01
19625;201500013165;0;7;0;0.0;1.0;2.0;15.0;A01
19626;201500013166;0;33;0;0.0;2.0;1.0;2.0;B01
19627;201500013166;0;7;0;0.0;2.0;1.0;9.0;A01
19628;201500013167;1;7;0;0.0;1.0;2.0;0.0;Z01
19629;201500013168;0;7;0;0.0;2.0;4.0;2.0;A01
19630;201500013168;1;99;0;0.0;0.0;0.0;0.0;Z01
19631;201500013170;0;7;0;0.0;2.0;2.0;1.0;A01
19632;201500013170;0;1;0;0.0;2.0;3.0;0.0;B01
19633;201500013171;0;7;0;0.0;1.0;2.0;1.0;A01
19634;201500013172;0;7;0;0.0;9.0;1.0;17.0;A01
19635;201500013173;0;7;0;2.0;0.0;8.0;17.0;A01
19636;201500013174;0;7;0;16.0;0.0;2.0;2.0;A01
19637;201500013174;0;7;0;14.0;0.0;7.0;15.0;B01
19638;201500013175;0;7;0;15.0;0.0;1.0;1.0;A01
19639;201500013176;0;7;0;0.0;1.0;7.0;1.0;A01
19640;201500013177;0;7;0;1.0;0.0;1.0;1.0;A01
19641;201500013178;0;7;0;0.0;2.0;4.0;2.0;B01
19642;201500013178;0;14;0;0.0;2.0;1.0;2.0;A01
19643;201500013179;0;2;0;0.0;0.0;8.0;0.0;A01
19644;201500013180;0;7;0;0.0;2.0;0.0;0.0;B01
19645;201500013180;0;7;0;0.0;2.0;3.0;0.0;C01
19646;201500013180;0;7;0;0.0;2.0;1.0;0.0;A01
19647;201500013181;0;7;0;0.0;2.0;7.0;15.0;A01
19648;201500013181;0;7;0;0.0;2.0;1.0;1.0;B01
19649;201500013182;0;2;0;0.0;2.0;1.0;21.0;A01
19650;201500013182;0;7;0;0.0;2.0;8.0;1.0;B01
19651;201500013183;0;7;0;1.0;2.0;7.0;0.0;A01
19652;201500013183;0;7;0;0.0;0.0;0.0;0.0;B01
19653;201500013184;0;7;0;6.0;0.0;1.0;0.0;A01
19654;201500013185;0;7;0;0.0;2.0;3.0;9.0;A01
19655;201500013185;0;7;0;0.0;2.0;2.0;1.0;B01
19656;201500013186;0;30;0;0.0;2.0;1.0;0.0;B01
19657;201500013186;0;7;0;0.0;2.0;3.0;9.0;A01
19658;201500013187;0;7;0;0.0;2.0;1.0;2.0;A01
19659;201500013187;0;7;0;0.0;2.0;4.0;2.0;C01
19660;201500013187;0;7;0;0.0;2.0;4.0;2.0;B01
19661;201500013189;0;2;0;0.0;2.0;8.0;11.0;A01
19662;201500013189;0;10;0;0.0;2.0;2.0;1.0;B01
19663;201500013190;0;7;0;0.0;2.0;1.0;1.0;A01
19664;201500013190;0;7;0;0.0;2.0;4.0;15.0;B01
19665;201500013191;0;7;0;0.0;2.0;3.0;9.0;B01
19666;201500013191;0;31;0;0.0;2.0;1.0;17.0;A01
19667;201500013192;0;2;0;0.0;2.0;4.0;2.0;B01
19668;201500013192;0;7;0;0.0;2.0;2.0;2.0;A01
19669;201500013193;0;7;0;0.0;1.0;3.0;15.0;A01
19670;201500013194;0;7;0;0.0;2.0;4.0;0.0;B01
19671;201500013194;0;7;0;0.0;2.0;1.0;2.0;A01
19672;201500013195;0;7;0;0.0;2.0;7.0;1.0;A01
19673;201500013195;0;32;0;0.0;2.0;1.0;1.0;B01
19674;201500013196;0;33;0;0.0;0.0;1.0;0.0;A01
19675;201500013197;0;7;0;0.0;2.0;6.0;15.0;A01
19676;201500013197;0;33;0;0.0;2.0;1.0;15.0;B01
19677;201500013198;0;7;0;0.0;2.0;5.0;10.0;A01
19678;201500013198;0;34;0;0.0;2.0;1.0;2.0;B01
19679;201500013199;0;7;0;0.0;2.0;1.0;1.0;B01
19680;201500013199;0;7;0;0.0;2.0;1.0;13.0;A01
19681;201500013200;0;7;0;0.0;1.0;0.0;0.0;A01
19682;201500013201;0;7;0;0.0;2.0;1.0;15.0;A01
19683;201500013201;0;30;0;0.0;2.0;0.0;0.0;B01
19684;201500013202;0;7;0;0.0;2.0;4.0;2.0;B01
19685;201500013202;0;14;0;0.0;2.0;1.0;2.0;A01
19686;201500013203;0;7;0;0.0;2.0;0.0;0.0;A01
19687;201500013203;0;34;0;0.0;2.0;0.0;0.0;B01
19688;201500013204;0;37;0;0.0;2.0;1.0;1.0;B01
19689;201500013204;0;7;0;0.0;2.0;6.0;2.0;A01
19690;201500013205;0;7;0;0.0;2.0;2.0;15.0;B01
19691;201500013205;0;32;0;0.0;2.0;1.0;1.0;A01
19692;201500013206;0;7;0;0.0;1.0;2.0;1.0;A01
19693;201500013207;0;7;0;12.0;0.0;3.0;1.0;A01
19694;201500013208;0;3;0;0.0;2.0;3.0;1.0;B01
19695;201500013208;0;33;0;0.0;2.0;7.0;12.0;A01
19696;201500013209;0;7;0;0.0;2.0;5.0;2.0;B01
19697;201500013209;0;31;0;0.0;2.0;1.0;2.0;A01
19698;201500013210;0;7;0;0.0;2.0;4.0;1.0;B01
19699;201500013210;0;7;0;0.0;2.0;1.0;1.0;A01
19700;201500013211;0;7;0;0.0;2.0;8.0;1.0;C01
19701;201500013211;0;7;0;0.0;2.0;3.0;13.0;A01
19702;201500013211;0;7;0;0.0;2.0;8.0;1.0;B01
19703;201500013212;0;33;0;0.0;2.0;2.0;17.0;A01
19704;201500013212;0;7;0;0.0;2.0;3.0;15.0;B01
19705;201500013214;0;7;0;0.0;2.0;5.0;15.0;B01
19706;201500013214;0;13;0;0.0;2.0;2.0;1.0;A01
19707;201500013216;0;7;0;0.0;2.0;3.0;2.0;B01
19708;201500013216;0;7;0;0.0;2.0;2.0;0.0;A01
19709;201500013217;0;30;0;0.0;1.0;1.0;1.0;A01
19710;201500013218;0;7;0;0.0;2.0;0.0;15.0;A01
19711;201500013218;0;34;0;0.0;2.0;0.0;1.0;B01
19712;201500013220;0;33;0;0.0;2.0;1.0;1.0;B01
19713;201500013220;0;7;0;0.0;2.0;8.0;15.0;A01
19714;201500013221;0;7;0;8.0;0.0;1.0;1.0;A01
19715;201500013223;0;30;0;0.0;2.0;1.0;1.0;A01
19716;201500013223;0;7;0;0.0;2.0;2.0;1.0;B01
19717;201500013225;0;7;0;0.0;2.0;0.0;0.0;A01
19718;201500013225;1;30;0;0.0;2.0;0.0;0.0;Z01
19719;201500013226;0;7;0;0.0;2.0;3.0;15.0;A01
19720;201500013226;0;33;0;0.0;2.0;1.0;16.0;B01
19721;201500013227;1;7;0;0.0;2.0;5.0;14.0;Z01
19722;201500013227;0;34;0;0.0;2.0;1.0;1.0;A01
19723;201500013229;0;7;0;0.0;2.0;1.0;15.0;A01
19724;201500013229;0;30;0;0.0;2.0;1.0;1.0;B01
19725;201500013230;0;7;0;0.0;2.0;4.0;1.0;B01
19726;201500013230;0;7;0;0.0;2.0;1.0;1.0;A01
19727;201500013231;0;32;0;0.0;2.0;1.0;1.0;B01
19728;201500013231;0;7;0;0.0;2.0;5.0;15.0;A01
19729;201500013232;0;7;0;0.0;1.0;3.0;15.0;A01
19730;201500013233;0;7;0;0.0;2.0;1.0;1.0;A01
19731;201500013233;0;7;0;0.0;1.0;4.0;1.0;B01
19732;201500013234;0;7;0;0.0;2.0;8.0;0.0;A01
19733;201500013234;0;34;0;0.0;2.0;1.0;0.0;B01
19734;201500013235;0;7;0;0.0;2.0;4.0;2.0;A01
19735;201500013235;0;10;0;0.0;2.0;4.0;2.0;B01
19736;201500013236;0;7;0;0.0;1.0;0.0;0.0;A01
19737;201500013237;0;7;0;1.0;0.0;2.0;1.0;A01
19738;201500013238;0;2;0;0.0;2.0;4.0;1.0;A01
19739;201500013238;1;7;0;0.0;2.0;2.0;1.0;Z01
19740;201500013240;0;7;0;0.0;2.0;5.0;15.0;B01
19741;201500013240;0;34;0;0.0;2.0;1.0;0.0;A01
19742;201500013242;0;2;0;0.0;2.0;1.0;1.0;B01
19743;201500013242;0;7;0;0.0;2.0;3.0;15.0;A01
19744;201500013243;0;7;0;0.0;2.0;4.0;2.0;B01
19745;201500013243;0;7;0;0.0;2.0;1.0;2.0;A01
19746;201500013243;0;7;0;0.0;0.0;4.0;2.0;C01
19747;201500013244;0;31;0;0.0;2.0;4.0;15.0;B01
19748;201500013244;0;7;0;0.0;2.0;3.0;2.0;A01
19749;201500013245;0;7;0;0.0;2.0;4.0;1.0;A01
19750;201500013245;0;7;0;0.0;2.0;1.0;1.0;B01
19751;201500013246;0;7;0;0.0;2.0;1.0;1.0;A01
19752;201500013246;0;7;0;0.0;2.0;4.0;16.0;B01
19753;201500013247;0;7;0;0.0;0.0;6.0;10.0;A01
19754;201500013247;0;2;0;0.0;2.0;2.0;2.0;B01
19755;201500013248;0;2;0;0.0;2.0;3.0;18.0;A01
19756;201500013248;0;7;0;0.0;0.0;5.0;0.0;B01
19757;201500013249;0;7;0;0.0;2.0;6.0;10.0;A01
19758;201500013249;0;1;0;0.0;2.0;0.0;0.0;B01
19759;201500013250;0;7;0;0.0;2.0;6.0;15.0;A01
19760;201500013250;0;33;0;0.0;2.0;1.0;1.0;B01
19761;201500013251;2;7;0;0.0;2.0;7.0;15.0;A01
19762;201500013251;0;7;0;0.0;2.0;1.0;1.0;B01
19763;201500013252;0;7;0;0.0;2.0;8.0;0.0;B01
19764;201500013252;0;7;0;0.0;2.0;1.0;0.0;A01
19765;201500013254;0;10;0;0.0;2.0;3.0;1.0;B01
19766;201500013254;0;10;0;0.0;0.0;3.0;1.0;A01
19767;201500013255;0;7;0;0.0;2.0;1.0;2.0;A01
19768;201500013255;0;7;0;0.0;0.0;0.0;0.0;B01
19769;201500013256;0;99;0;0.0;2.0;4.0;2.0;B01
19770;201500013256;0;7;0;0.0;2.0;1.0;2.0;A01
19771;201500013257;2;99;0;0.0;1.0;1.0;1.0;A01
19772;201500013258;0;34;0;3.0;0.0;8.0;1.0;A01
19773;201500013259;1;7;0;0.0;1.0;0.0;0.0;A01
19774;201500013260;0;32;0;0.0;2.0;2.0;1.0;B01
19775;201500013260;0;7;0;0.0;2.0;1.0;15.0;A01
19776;201500013262;0;7;0;0.0;2.0;5.0;1.0;B01
19777;201500013262;0;7;0;0.0;2.0;8.0;21.0;A01
19778;201500013262;0;7;0;0.0;2.0;6.0;1.0;C01
19779;201500013263;0;7;0;0.0;2.0;6.0;15.0;B01
19780;201500013263;0;10;0;0.0;2.0;3.0;15.0;A01
19781;201500013264;0;7;0;0.0;2.0;1.0;0.0;A01
19782;201500013264;0;7;0;0.0;2.0;4.0;2.0;B01
19783;201500013265;1;10;0;0.0;1.0;4.0;4.0;A01
19784;201500013266;0;34;0;0.0;0.0;0.0;1.0;A01
19785;201500013267;0;2;0;0.0;2.0;2.0;17.0;A01
19786;201500013267;0;7;0;0.0;2.0;3.0;15.0;B01
19787;201500013268;0;7;0;0.0;2.0;0.0;2.0;B01
19788;201500013268;0;7;0;0.0;2.0;0.0;0.0;C01
19789;201500013268;0;7;0;0.0;2.0;0.0;0.0;D01
19790;201500013268;0;7;0;0.0;2.0;1.0;2.0;A01
19791;201500013269;0;1;0;0.0;2.0;7.0;17.0;A01
19792;201500013269;0;7;0;0.0;2.0;3.0;15.0;B01
19793;201500013270;0;7;0;0.0;2.0;1.0;1.0;A01
19794;201500013270;0;7;0;0.0;2.0;4.0;1.0;B01
19795;201500013272;0;7;0;0.0;2.0;7.0;1.0;B01
19796;201500013272;0;7;0;0.0;2.0;3.0;16.0;A01
19797;201500013273;0;7;0;0.0;2.0;7.0;1.0;B01
19798;201500013273;0;7;0;0.0;2.0;2.0;15.0;A01
19799;201500013274;0;7;0;0.0;2.0;8.0;1.0;B01
19800;201500013274;0;7;0;0.0;2.0;1.0;0.0;A01
19801;201500013275;0;33;0;0.0;2.0;1.0;1.0;B01
19802;201500013275;0;7;0;0.0;2.0;1.0;15.0;A01
19803;201500013276;0;7;0;0.0;2.0;4.0;2.0;B01
19804;201500013276;0;7;0;0.0;2.0;1.0;2.0;A01
19805;201500013276;0;7;0;0.0;2.0;4.0;2.0;C01
19806;201500013277;0;30;0;0.0;1.0;0.0;0.0;A01
19807;201500013278;0;32;0;0.0;1.0;1.0;17.0;A01
19808;201500013279;0;10;0;0.0;2.0;3.0;9.0;A01
19809;201500013279;0;34;0;0.0;2.0;4.0;0.0;B01
19810;201500013280;0;1;0;0.0;0.0;0.0;0.0;B01
19811;201500013280;0;7;0;0.0;0.0;1.0;0.0;A01
19812;201500013281;0;31;0;0.0;2.0;2.0;16.0;B01
19813;201500013281;0;7;0;0.0;2.0;3.0;1.0;A01
19814;201500013282;0;7;0;0.0;2.0;7.0;0.0;B01
19815;201500013282;0;7;0;0.0;2.0;4.0;20.0;A01
19816;201500013283;0;40;0;0.0;1.0;3.0;1.0;A01
19817;201500013285;0;10;0;0.0;2.0;0.0;0.0;A01
19818;201500013285;0;33;0;0.0;2.0;0.0;0.0;B01
19819;201500013286;0;33;0;0.0;2.0;1.0;1.0;B01
19820;201500013286;0;7;0;0.0;2.0;8.0;19.0;A01
19821;201500013287;0;32;0;0.0;2.0;1.0;0.0;A01
19822;201500013287;0;7;0;0.0;2.0;7.0;0.0;B01
19823;201500013288;1;7;0;0.0;1.0;2.0;1.0;Z01
19824;201500013290;0;7;0;0.0;2.0;3.0;9.0;A01
19825;201500013290;0;7;0;0.0;2.0;2.0;1.0;B01
19826;201500013291;0;10;0;0.0;2.0;5.0;1.0;A01
19827;201500013291;0;7;0;0.0;2.0;6.0;1.0;B01
19828;201500013292;0;7;0;0.0;2.0;6.0;15.0;B01
19829;201500013292;0;34;0;0.0;2.0;1.0;17.0;A01
19830;201500013293;0;7;0;0.0;2.0;0.0;0.0;A01
19831;201500013293;0;31;0;0.0;2.0;3.0;1.0;B01
19832;201500013295;0;7;0;0.0;2.0;1.0;1.0;B01
19833;201500013295;0;7;0;0.0;2.0;3.0;15.0;A01
19834;201500013296;0;33;0;0.0;2.0;4.0;0.0;B01
19835;201500013296;0;7;0;0.0;2.0;2.0;2.0;A01
19836;201500013297;0;7;0;0.0;2.0;4.0;2.0;B01
19837;201500013297;0;7;0;0.0;2.0;1.0;2.0;A01
19838;201500013298;0;7;0;0.0;2.0;4.0;2.0;C01
19839;201500013298;0;7;0;0.0;2.0;4.0;2.0;B01
19840;201500013298;0;7;0;0.0;2.0;1.0;2.0;A01
19841;201500013300;0;7;0;0.0;2.0;0.0;0.0;B01
19842;201500013300;0;7;0;0.0;2.0;0.0;0.0;A01
19843;201500013302;0;30;0;0.0;2.0;1.0;1.0;B01
19844;201500013302;0;7;0;0.0;2.0;2.0;15.0;A01
19845;201500013303;0;7;0;0.0;0.0;0.0;1.0;A01
19846;201500013303;0;7;0;0.0;1.0;3.0;1.0;B01
19847;201500013304;0;7;0;0.0;1.0;0.0;16.0;A01
19848;201500013305;0;10;0;0.0;2.0;1.0;2.0;A01
19849;201500013305;0;7;0;0.0;2.0;4.0;2.0;B01
19850;201500013306;0;33;0;0.0;2.0;1.0;1.0;B01
19851;201500013306;0;7;0;0.0;2.0;2.0;15.0;A01
19852;201500013306;0;7;0;0.0;2.0;6.0;0.0;C01
19853;201500013309;0;7;0;0.0;2.0;1.0;15.0;B01
19854;201500013309;0;2;0;0.0;0.0;1.0;0.0;A01
19855;201500013310;0;10;0;0.0;2.0;3.0;15.0;B01
19856;201500013310;0;33;0;0.0;2.0;7.0;0.0;A01
19857;201500013312;0;7;0;0.0;2.0;6.0;15.0;A01
19858;201500013312;0;31;0;0.0;2.0;1.0;1.0;B01
19859;201500013313;0;33;0;0.0;2.0;7.0;1.0;B01
19860;201500013313;0;7;0;0.0;2.0;1.0;1.0;A01
19861;201500013314;0;10;0;0.0;1.0;6.0;0.0;A01
19862;201500013315;0;33;0;0.0;2.0;2.0;17.0;B01
19863;201500013315;0;7;0;0.0;2.0;3.0;15.0;A01
19864;201500013316;0;7;0;0.0;2.0;3.0;1.0;B01
19865;201500013316;0;7;0;0.0;2.0;1.0;15.0;A01
19866;201500013317;0;30;0;0.0;2.0;2.0;13.0;B01
19867;201500013317;0;7;0;0.0;2.0;6.0;20.0;A01
19868;201500013318;1;2;0;0.0;1.0;0.0;1.0;A01
19869;201500013319;0;7;0;0.0;2.0;0.0;0.0;B01
19870;201500013319;0;30;0;0.0;2.0;2.0;1.0;A01
19871;201500013321;0;7;0;0.0;2.0;8.0;9.0;A01
19872;201500013321;0;31;0;0.0;2.0;1.0;1.0;B01
19873;201500013322;0;7;0;0.0;2.0;3.0;20.0;A01
19874;201500013322;0;30;0;0.0;2.0;1.0;1.0;B01
19875;201500013323;0;7;0;9.0;1.0;1.0;14.0;A01
19876;201500013324;0;7;0;0.0;2.0;3.0;6.0;A01
19877;201500013324;0;34;0;0.0;2.0;3.0;6.0;B01
19878;201500013325;0;2;0;0.0;2.0;1.0;0.0;B01
19879;201500013325;0;7;0;0.0;2.0;5.0;0.0;A01
19880;201500013326;1;7;0;0.0;0.0;0.0;0.0;Z01
19881;201500013326;0;7;0;15.0;2.0;7.0;1.0;A01
19882;201500013327;0;30;0;0.0;2.0;1.0;1.0;B01
19883;201500013327;0;7;0;0.0;2.0;6.0;15.0;A01
19884;201500013328;0;7;0;0.0;2.0;2.0;0.0;A01
19885;201500013328;0;10;0;0.0;2.0;0.0;0.0;B01
19886;201500013329;0;1;0;0.0;2.0;1.0;1.0;B01
19887;201500013329;0;7;0;0.0;2.0;1.0;15.0;A01
19888;201500013330;0;7;0;0.0;2.0;2.0;15.0;A01
19889;201500013330;0;10;0;0.0;2.0;1.0;1.0;B01
19890;201500013331;0;31;0;0.0;2.0;1.0;17.0;A01
19891;201500013331;0;7;0;0.0;2.0;3.0;20.0;B01
19892;201500013332;0;7;0;0.0;2.0;6.0;1.0;B01
19893;201500013332;1;7;0;0.0;2.0;2.0;17.0;A01
19894;201500013332;0;7;0;0.0;2.0;4.0;1.0;C01
19895;201500013333;0;7;0;0.0;2.0;1.0;2.0;A01
19896;201500013333;0;7;0;0.0;2.0;4.0;2.0;C01
19897;201500013333;0;7;0;0.0;2.0;4.0;2.0;B01
19898;201500013334;0;7;0;7.0;2.0;1.0;0.0;B01
19899;201500013334;0;7;0;0.0;0.0;7.0;15.0;A01
19900;201500013335;0;7;0;0.0;4.0;2.0;1.0;A01
19901;201500013335;0;40;0;0.0;2.0;3.0;1.0;B01
19902;201500013336;0;7;0;0.0;1.0;1.0;0.0;A01
19903;201500013337;0;10;0;0.0;2.0;3.0;15.0;A01
19904;201500013337;0;30;0;0.0;2.0;1.0;17.0;B01
19905;201500013338;0;7;0;0.0;2.0;4.0;2.0;B01
19906;201500013338;0;10;0;0.0;2.0;1.0;2.0;A01
19907;201500013340;0;7;0;0.0;2.0;1.0;16.0;A01
19908;201500013340;0;33;0;0.0;2.0;7.0;1.0;B01
19909;201500013341;0;7;0;0.0;2.0;6.0;10.0;A01
19910;201500013341;0;34;0;0.0;2.0;1.0;1.0;B01
19911;201500013342;0;7;0;0.0;1.0;1.0;0.0;A01
19912;201500013343;0;7;0;0.0;2.0;4.0;0.0;C01
19913;201500013343;0;7;0;0.0;2.0;1.0;2.0;B01
19914;201500013343;0;7;0;0.0;2.0;1.0;2.0;A01
19915;201500013344;0;7;0;0.0;2.0;4.0;1.0;B01
19916;201500013344;0;30;0;0.0;2.0;1.0;1.0;A01
19917;201500013345;0;7;0;0.0;2.0;2.0;2.0;A01
19918;201500013345;0;7;0;0.0;0.0;8.0;11.0;B01
19919;201500013346;0;7;0;0.0;2.0;5.0;20.0;A01
19920;201500013346;0;30;0;0.0;2.0;1.0;21.0;B01
19921;201500013347;0;33;0;0.0;2.0;3.0;1.0;B01
19922;201500013347;0;7;0;0.0;2.0;3.0;9.0;A01
19923;201500013348;0;7;0;0.0;2.0;4.0;0.0;A01
19924;201500013348;0;7;0;0.0;2.0;1.0;0.0;B01
19925;201500013349;0;7;0;0.0;2.0;3.0;1.0;B01
19926;201500013349;0;7;0;0.0;2.0;3.0;15.0;A01
19927;201500013350;0;33;0;0.0;0.0;8.0;0.0;A01
19928;201500013351;0;7;0;0.0;2.0;3.0;1.0;A01
19929;201500013351;0;7;0;0.0;2.0;3.0;1.0;B01
19930;201500013352;0;7;0;0.0;1.0;0.0;0.0;A01
19931;201500013353;0;10;0;0.0;2.0;2.0;15.0;A01
19932;201500013353;0;7;0;0.0;2.0;7.0;0.0;B01
19933;201500013354;0;7;0;0.0;2.0;5.0;2.0;B01
19934;201500013354;0;33;0;0.0;2.0;3.0;2.0;A01
19935;201500013355;0;7;0;0.0;1.0;2.0;1.0;A01
19936;201500013356;0;7;0;0.0;2.0;1.0;2.0;A01
19937;201500013356;0;7;0;0.0;0.0;4.0;2.0;B01
19938;201500013357;0;1;0;1.0;0.0;2.0;17.0;B01
19939;201500013357;0;15;0;1.0;0.0;0.0;24.0;A01
19940;201500013358;0;7;0;0.0;2.0;4.0;2.0;B01
19941;201500013358;1;99;0;0.0;2.0;2.0;0.0;Z01
19942;201500013359;0;7;0;0.0;2.0;7.0;10.0;A01
19943;201500013359;0;7;0;0.0;2.0;1.0;1.0;B01
19944;201500013360;0;34;0;2.0;0.0;1.0;1.0;A01
19945;201500013361;0;7;0;0.0;2.0;1.0;19.0;B01
19946;201500013361;0;30;0;0.0;2.0;2.0;17.0;A01
19947;201500013362;0;34;0;0.0;2.0;3.0;18.0;A01
19948;201500013362;0;7;0;0.0;2.0;2.0;15.0;B01
19949;201500013363;0;7;0;0.0;2.0;8.0;15.0;B01
19950;201500013363;0;33;0;0.0;2.0;2.0;17.0;A01
19951;201500013364;0;7;0;0.0;2.0;5.0;16.0;A01
19952;201500013364;0;30;0;0.0;2.0;1.0;2.0;B01
19953;201500013365;0;7;0;0.0;0.0;4.0;2.0;B01
19954;201500013365;0;33;0;0.0;2.0;1.0;2.0;A01