;Num_Acc;senc;catv;occutc;obs;obsm;choc;manv;num_veh
19955;201500013366;0;33;0;9.0;2.0;1.0;17.0;A01
19956;201500013366;0;7;0;0.0;2.0;3.0;15.0;B01
19957;201500013367;0;7;0;0.0;2.0;8.0;2.0;A01
19958;201500013367;0;32;0;0.0;2.0;7.0;2.0;B01
19959;201500013368;0;30;0;0.0;2.0;2.0;1.0;B01
19960;201500013368;0;7;0;0.0;2.0;8.0;9.0;A01
19961;201500013369;0;7;0;0.0;0.0;4.0;23.0;B01
19962;201500013369;0;10;0;0.0;2.0;1.0;16.0;A01
19963;201500013370;0;31;0;0.0;2.0;7.0;3.0;A01
19964;201500013370;0;7;0;0.0;2.0;3.0;15.0;B01
19965;201500013371;0;7;0;0.0;2.0;5.0;16.0;B01
19966;201500013371;0;30;0;0.0;2.0;1.0;18.0;A01
19967;201500013372;0;7;0;0.0;1.0;1.0;0.0;A01
19968;201500013373;1;7;0;0.0;0.0;0.0;0.0;Z01
19969;201500013373;0;32;0;0.0;2.0;6.0;2.0;B01
19970;201500013374;0;7;0;0.0;2.0;3.0;1.0;B01
19971;201500013374;0;33;0;0.0;2.0;1.0;13.0;A01
19972;201500013375;0;3;0;0.0;2.0;5.0;15.0;A01
19973;201500013375;0;32;0;0.0;2.0;1.0;1.0;B01
19974;201500013377;0;7;0;0.0;2.0;1.0;19.0;A01
19975;201500013377;0;7;0;0.0;2.0;8.0;1.0;B01
19976;201500013378;0;7;0;0.0;1.0;1.0;1.0;A01
19977;201500013379;0;1;0;0.0;2.0;0.0;0.0;B01
19978;201500013379;0;7;0;0.0;9.0;2.0;9.0;A01
19979;201500013380;0;7;0;0.0;2.0;3.0;15.0;B01
19980;201500013380;0;33;0;0.0;2.0;1.0;2.0;A01
19981;201500013381;0;32;0;0.0;2.0;8.0;1.0;B01
19982;201500013381;0;7;0;0.0;2.0;3.0;9.0;A01
19983;201500013382;0;7;0;0.0;2.0;7.0;2.0;B01
19984;201500013382;0;7;0;0.0;2.0;3.0;15.0;A01
19985;201500013383;0;7;0;0.0;2.0;1.0;2.0;A01
19986;201500013383;0;7;0;0.0;2.0;4.0;1.0;B01
19987;201500013384;0;7;0;0.0;2.0;2.0;1.0;B01
19988;201500013384;0;7;0;0.0;2.0;0.0;1.0;A01
19989;201500013385;0;7;0;0.0;2.0;1.0;1.0;B01
19990;201500013385;0;7;0;0.0;2.0;2.0;15.0;A01
19991;201500013386;0;7;0;0.0;2.0;4.0;2.0;B01
19992;201500013386;0;7;0;0.0;2.0;1.0;2.0;A01
19993;201500013387;0;7;0;0.0;1.0;2.0;1.0;A01
19994;201500013388;0;30;0;0.0;2.0;1.0;3.0;A01
19995;201500013388;0;7;0;0.0;2.0;8.0;15.0;B01
19996;201500013389;0;30;0;0.0;2.0;6.0;9.0;A01
19997;201500013389;0;7;0;0.0;2.0;2.0;1.0;B01
19998;201500013390;0;7;0;0.0;1.0;1.0;24.0;A01
19999;201500013392;0;10;0;0.0;2.0;8.0;15.0;B01
20000;201500013392;0;2;0;0.0;2.0;1.0;2.0;A01
20001;201500013393;0;30;0;0.0;0.0;4.0;1.0;B01
20002;201500013393;0;7;0;0.0;2.0;1.0;1.0;A01
20003;201500013394;0;31;0;0.0;2.0;1.0;1.0;B01
20004;201500013394;0;7;0;0.0;2.0;3.0;9.0;A01
20005;201500013395;0;7;0;2.0;0.0;1.0;14.0;A01
20006;201500013396;0;10;0;0.0;1.0;4.0;4.0;A01
20007;201500013397;0;31;0;0.0;2.0;7.0;15.0;A01
20008;201500013397;0;7;0;0.0;2.0;6.0;0.0;B01
20009;201500013398;0;7;0;0.0;2.0;1.0;2.0;A01
20010;201500013398;0;7;0;0.0;2.0;4.0;2.0;B01
20011;201500013399;0;30;0;0.0;2.0;1.0;0.0;B01
20012;201500013399;0;7;0;0.0;2.0;5.0;15.0;A01
20013;201500013401;0;7;0;0.0;2.0;1.0;1.0;A01
20014;201500013401;0;7;0;0.0;2.0;3.0;0.0;B01
20015;201500013402;0;7;0;0.0;2.0;1.0;2.0;A01
20016;201500013402;0;7;0;0.0;2.0;4.0;2.0;B01
20017;201500013403;0;7;0;0.0;2.0;2.0;1.0;B01
20018;201500013403;0;7;0;0.0;2.0;3.0;9.0;A01
20019;201500013404;0;32;0;0.0;2.0;1.0;1.0;A01
20020;201500013404;0;7;0;0.0;2.0;4.0;15.0;B01
20021;201500013405;0;7;0;0.0;2.0;1.0;1.0;B01
20022;201500013405;0;7;0;0.0;2.0;1.0;13.0;A01
20023;201500013406;0;7;0;0.0;1.0;1.0;15.0;A01
20024;201500013407;0;31;0;0.0;2.0;5.0;2.0;B01
20025;201500013407;0;7;0;0.0;2.0;3.0;2.0;A01
20026;201500013408;0;7;0;8.0;0.0;2.0;1.0;A01
20027;201500013409;0;7;0;0.0;2.0;4.0;2.0;B01
20028;201500013409;0;7;0;0.0;2.0;1.0;2.0;A01
20029;201500013410;0;3;0;0.0;1.0;2.0;1.0;A01
20030;201500013411;0;7;0;0.0;2.0;1.0;1.0;C01
20031;201500013411;0;7;0;0.0;2.0;2.0;1.0;B01
20032;201500013411;0;7;0;0.0;2.0;1.0;1.0;A01
20033;201500013412;0;30;0;0.0;2.0;1.0;3.0;A01
20034;201500013412;0;7;0;0.0;2.0;6.0;0.0;B01
20035;201500013413;0;7;0;0.0;2.0;1.0;1.0;B01
20036;201500013413;0;7;0;0.0;2.0;1.0;16.0;A01
20037;201500013414;0;7;0;0.0;2.0;4.0;2.0;B01
20038;201500013414;0;30;0;0.0;2.0;1.0;2.0;A01
20039;201500013415;0;7;0;0.0;1.0;1.0;1.0;A01
20040;201500013416;0;7;0;0.0;1.0;4.0;4.0;A01
20041;201500013417;0;7;0;0.0;2.0;1.0;1.0;B01
20042;201500013417;0;1;0;0.0;2.0;1.0;9.0;A01
20043;201500013418;0;7;0;0.0;2.0;8.0;10.0;A01
20044;201500013418;0;30;0;0.0;2.0;1.0;1.0;B01
20045;201500013419;0;32;0;0.0;2.0;1.0;2.0;A01
20046;201500013419;0;7;0;0.0;2.0;4.0;0.0;B01
20047;201500013419;0;7;0;0.0;9.0;0.0;15.0;C01
20048;201500013420;0;10;0;0.0;1.0;4.0;4.0;A01
20049;201500013421;0;30;0;0.0;2.0;1.0;9.0;A01
20050;201500013421;0;7;0;0.0;2.0;2.0;1.0;B01
20051;201500013422;0;7;0;0.0;1.0;1.0;1.0;A01
20052;201500013423;2;7;0;0.0;2.0;1.0;19.0;A01
20053;201500013423;0;7;0;0.0;2.0;2.0;1.0;B01
20054;201500013424;0;10;0;0.0;2.0;4.0;2.0;B01
20055;201500013424;0;10;0;0.0;2.0;1.0;0.0;A01
20056;201500013425;0;7;0;0.0;2.0;4.0;2.0;B01
20057;201500013425;0;7;0;0.0;2.0;3.0;9.0;A01
20058;201500013426;0;7;0;0.0;2.0;4.0;2.0;B01
20059;201500013426;0;7;0;0.0;2.0;1.0;2.0;A01
20060;201500013427;0;10;0;0.0;2.0;2.0;1.0;B01
20061;201500013427;0;30;0;0.0;2.0;1.0;13.0;A01
20062;201500013429;0;7;0;0.0;1.0;1.0;1.0;A01
20063;201500013430;0;7;0;0.0;2.0;3.0;1.0;B01
20064;201500013430;0;7;0;0.0;2.0;1.0;17.0;A01
20065;201500013431;0;32;0;0.0;2.0;3.0;3.0;A01
20066;201500013431;0;7;0;0.0;2.0;2.0;12.0;B01
20067;201500013432;0;33;0;0.0;2.0;1.0;3.0;A01
20068;201500013432;0;7;0;0.0;2.0;1.0;10.0;B01
20069;201500013433;0;7;0;0.0;2.0;8.0;13.0;A01
20070;201500013433;0;7;0;0.0;2.0;8.0;1.0;B01
20071;201500013434;0;33;0;0.0;1.0;1.0;1.0;A01
20072;201500013436;0;30;0;0.0;2.0;1.0;1.0;A01
20073;201500013436;0;7;0;0.0;2.0;4.0;2.0;B01
20074;201500013437;0;7;0;0.0;2.0;4.0;2.0;C01
20075;201500013437;0;7;0;0.0;2.0;1.0;2.0;A01
20076;201500013437;0;7;0;0.0;2.0;4.0;2.0;B01
20077;201500013438;0;7;0;12.0;2.0;3.0;14.0;A01
20078;201500013438;0;7;0;0.0;2.0;2.0;15.0;B01
20079;201500013438;0;7;0;0.0;2.0;8.0;23.0;C01
20080;201500013439;0;7;0;0.0;2.0;5.0;1.0;B01
20081;201500013439;0;7;0;0.0;2.0;1.0;16.0;A01
20082;201500013440;0;7;0;0.0;2.0;1.0;2.0;A01
20083;201500013440;0;7;0;0.0;2.0;4.0;2.0;C01
20084;201500013440;0;7;0;0.0;2.0;4.0;2.0;B01
20085;201500013440;0;7;0;0.0;2.0;1.0;1.0;D01
20086;201500013441;0;34;0;0.0;2.0;2.0;2.0;A01
20087;201500013441;0;7;0;0.0;2.0;4.0;2.0;B01
20088;201500013442;0;7;0;0.0;2.0;2.0;1.0;B01
20089;201500013442;0;33;0;0.0;2.0;3.0;1.0;A01
20090;201500013444;0;3;0;12.0;0.0;9.0;15.0;A01
20091;201500013445;0;7;0;0.0;1.0;2.0;1.0;A01
20092;201500013446;0;7;0;0.0;2.0;1.0;15.0;A01
20093;201500013446;0;7;0;0.0;2.0;3.0;1.0;B01
20094;201500013447;0;7;0;0.0;2.0;6.0;2.0;B01
20095;201500013447;0;30;0;0.0;2.0;1.0;2.0;A01
20096;201500013448;0;7;0;0.0;2.0;8.0;1.0;B01
20097;201500013448;0;10;0;0.0;2.0;7.0;12.0;A01
20098;201500013449;0;7;0;0.0;2.0;1.0;2.0;A01
20099;201500013449;0;7;0;0.0;2.0;4.0;2.0;B01
20100;201500013450;0;7;0;0.0;2.0;4.0;2.0;B01
20101;201500013450;1;7;0;0.0;2.0;1.0;2.0;A01
20102;201500013451;0;7;0;0.0;2.0;4.0;2.0;C01
20103;201500013451;0;7;0;0.0;2.0;4.0;2.0;B01
20104;201500013451;0;7;0;0.0;2.0;1.0;2.0;A01
20105;201500013452;0;7;0;0.0;2.0;4.0;2.0;B01
20106;201500013452;0;7;0;0.0;2.0;4.0;2.0;C01
20107;201500013452;0;10;0;0.0;2.0;1.0;2.0;A01
20108;201500013453;0;30;0;0.0;2.0;2.0;17.0;A01
20109;201500013453;0;7;0;0.0;2.0;6.0;23.0;B01
20110;201500013454;0;30;0;0.0;2.0;1.0;1.0;B01
20111;201500013454;0;7;0;0.0;2.0;8.0;15.0;A01
20112;201500013455;0;30;0;0.0;2.0;1.0;1.0;B01
20113;201500013455;0;7;0;0.0;2.0;2.0;15.0;A01
20114;201500013456;0;7;0;0.0;2.0;1.0;1.0;A01
20115;201500013456;0;10;0;0.0;2.0;4.0;1.0;B01
20116;201500013456;0;7;0;0.0;2.0;4.0;1.0;C01
20117;201500013457;0;7;0;0.0;2.0;1.0;2.0;A01
20118;201500013457;0;7;0;0.0;2.0;4.0;2.0;B01
20119;201500013458;0;34;0;0.0;2.0;1.0;1.0;B01
20120;201500013458;1;7;0;0.0;2.0;1.0;16.0;A01
20121;201500013459;0;7;0;0.0;1.0;2.0;2.0;A01
20122;201500013460;0;30;0;0.0;2.0;1.0;2.0;A01
20123;201500013460;0;7;0;0.0;2.0;4.0;23.0;B01
20124;201500013461;0;7;0;0.0;2.0;3.0;10.0;A01
20125;201500013461;0;30;0;0.0;2.0;1.0;1.0;B01
20126;201500013462;0;7;0;0.0;1.0;4.0;4.0;A01
20127;201500013463;0;7;0;0.0;1.0;1.0;16.0;A01
20128;201500013464;0;7;0;0.0;2.0;8.0;15.0;A01
20129;201500013464;0;32;0;0.0;2.0;1.0;1.0;B01
20130;201500013465;0;7;0;0.0;2.0;6.0;2.0;B01
20131;201500013465;0;7;0;0.0;2.0;2.0;2.0;A01
20132;201500013466;0;7;0;0.0;2.0;3.0;15.0;A01
20133;201500013466;0;33;0;0.0;2.0;1.0;1.0;B01
20134;201500013467;1;1;0;0.0;1.0;2.0;1.0;Z01
20135;201500013468;0;30;0;0.0;2.0;8.0;1.0;B01
20136;201500013468;0;7;0;0.0;2.0;1.0;15.0;A01
20137;201500013469;0;7;0;0.0;2.0;4.0;0.0;B01
20138;201500013469;0;30;0;0.0;2.0;1.0;2.0;A01
20139;201500013470;0;7;0;0.0;2.0;8.0;10.0;A01
20140;201500013470;0;33;0;0.0;2.0;1.0;1.0;B01
20141;201500013472;0;30;0;0.0;2.0;1.0;9.0;A01
20142;201500013472;0;30;0;0.0;2.0;2.0;1.0;B01
20143;201500013473;0;7;0;0.0;2.0;4.0;2.0;C01
20144;201500013473;0;7;0;0.0;2.0;1.0;2.0;A01
20145;201500013473;0;7;0;0.0;2.0;4.0;2.0;B01
20146;201500013474;0;1;0;1.0;0.0;0.0;2.0;B01
20147;201500013474;0;7;0;0.0;2.0;8.0;24.0;A01
20148;201500013474;0;7;0;0.0;2.0;1.0;2.0;C01
20149;201500013475;0;7;0;0.0;1.0;2.0;1.0;A01
20150;201500013477;0;30;0;0.0;2.0;3.0;1.0;B01
20151;201500013477;0;30;0;0.0;2.0;8.0;2.0;A01
20152;201500013478;0;30;0;0.0;2.0;1.0;1.0;B01
20153;201500013478;0;7;0;0.0;2.0;3.0;9.0;A01
20154;201500013480;0;30;0;0.0;2.0;3.0;15.0;B01
20155;201500013480;0;7;0;0.0;2.0;2.0;16.0;A01
20156;201500013481;0;7;0;0.0;2.0;3.0;1.0;B01
20157;201500013481;0;33;0;0.0;2.0;1.0;13.0;A01
20158;201500013482;0;30;0;0.0;2.0;1.0;1.0;B01
20159;201500013482;0;7;0;0.0;2.0;2.0;10.0;A01
20160;201500013483;0;7;0;0.0;2.0;1.0;16.0;A01
20161;201500013483;0;32;0;0.0;2.0;4.0;1.0;B01
20162;201500013484;0;7;0;0.0;2.0;1.0;2.0;A01
20163;201500013484;0;7;0;0.0;2.0;4.0;2.0;B01
20164;201500013485;0;34;0;0.0;2.0;8.0;3.0;A01
20165;201500013485;0;7;0;0.0;2.0;8.0;2.0;B01
20166;201500013486;0;7;0;6.0;2.0;1.0;13.0;A01
20167;201500013486;0;7;0;3.0;2.0;1.0;1.0;B01
20168;201500013488;0;7;0;0.0;2.0;3.0;1.0;B01
20169;201500013488;0;7;0;0.0;2.0;3.0;21.0;A01
20170;201500013489;0;7;0;0.0;2.0;8.0;5.0;A01
20171;201500013489;0;7;0;0.0;2.0;3.0;16.0;B01
20172;201500013490;0;1;0;0.0;2.0;4.0;2.0;B01
20173;201500013490;0;7;0;0.0;2.0;3.0;2.0;A01
20174;201500013491;0;34;0;0.0;2.0;7.0;17.0;A01
20175;201500013491;0;7;0;0.0;2.0;8.0;15.0;B01
20176;201500013492;0;30;0;0.0;2.0;7.0;17.0;A01
20177;201500013492;0;7;0;0.0;2.0;3.0;15.0;B01
20178;201500013493;0;7;0;0.0;2.0;5.0;1.0;B01
20179;201500013493;0;7;0;0.0;2.0;1.0;9.0;A01
20180;201500013494;0;31;0;0.0;2.0;1.0;1.0;B01
20181;201500013494;0;7;0;0.0;2.0;5.0;15.0;A01
20182;201500013495;0;10;0;0.0;2.0;1.0;15.0;A01
20183;201500013495;0;34;0;0.0;2.0;1.0;1.0;B01
20184;201500013496;0;1;0;0.0;2.0;7.0;1.0;B01
20185;201500013496;0;7;0;0.0;2.0;1.0;9.0;A01
20186;201500013497;0;7;0;0.0;2.0;8.0;1.0;B01
20187;201500013497;0;3;0;0.0;2.0;3.0;19.0;A01
20188;201500013498;0;7;0;0.0;2.0;4.0;2.0;B01
20189;201500013498;0;7;0;0.0;2.0;1.0;2.0;A01
20190;201500013499;0;10;0;0.0;2.0;4.0;2.0;C01
20191;201500013499;0;10;0;0.0;2.0;3.0;2.0;A01
20192;201500013499;0;7;0;0.0;2.0;4.0;2.0;D01
20193;201500013499;0;7;0;0.0;2.0;4.0;2.0;B01
20194;201500013501;0;7;0;0.0;2.0;1.0;15.0;A01
20195;201500013501;0;7;0;0.0;2.0;3.0;15.0;C01
20196;201500013501;0;7;0;0.0;2.0;7.0;1.0;B01
20197;201500013503;0;30;0;0.0;2.0;1.0;13.0;A01
20198;201500013503;0;30;0;0.0;2.0;1.0;2.0;C01
20199;201500013503;0;7;0;0.0;2.0;1.0;1.0;B01
20200;201500013504;0;7;0;0.0;2.0;4.0;2.0;B01
20201;201500013504;0;7;0;0.0;2.0;1.0;2.0;A01
20202;201500013505;0;7;0;0.0;1.0;3.0;15.0;A01
20203;201500013506;0;7;0;0.0;2.0;2.0;20.0;B01
20204;201500013506;0;30;0;0.0;2.0;1.0;18.0;A01
20205;201500013507;0;30;0;0.0;2.0;8.0;17.0;A01
20206;201500013507;0;7;0;0.0;2.0;7.0;17.0;B01
20207;201500013508;0;7;0;0.0;2.0;3.0;2.0;B01
20208;201500013508;0;33;0;0.0;2.0;1.0;2.0;A01
20209;201500013509;0;7;0;0.0;2.0;3.0;1.0;C01
20210;201500013509;0;7;0;0.0;2.0;3.0;0.0;B01
20211;201500013509;0;7;0;0.0;2.0;3.0;0.0;A01
20212;201500013510;0;2;0;0.0;2.0;4.0;2.0;B01
20213;201500013510;0;7;0;0.0;2.0;4.0;2.0;A01
20214;201500013511;0;7;0;0.0;2.0;1.0;1.0;C01
20215;201500013511;0;99;0;0.0;2.0;1.0;5.0;A01
20216;201500013511;0;7;0;0.0;2.0;8.0;1.0;B01
20217;201500013512;0;7;0;2.0;0.0;9.0;13.0;A01
20218;201500013513;0;7;0;0.0;1.0;2.0;0.0;A01
20219;201500013515;0;7;0;0.0;1.0;1.0;1.0;A01
20220;201500013516;0;7;0;0.0;2.0;5.0;1.0;A01
20221;201500013516;0;7;0;0.0;2.0;1.0;1.0;B01
20222;201500013517;0;2;0;0.0;2.0;1.0;17.0;A01
20223;201500013517;0;7;0;0.0;2.0;1.0;15.0;B01
20224;201500013518;0;32;0;0.0;2.0;1.0;2.0;B01
20225;201500013518;0;7;0;0.0;2.0;8.0;15.0;A01
20226;201500013521;0;7;0;0.0;2.0;1.0;5.0;B01
20227;201500013521;0;7;0;0.0;2.0;3.0;15.0;A01
20228;201500013522;0;7;0;0.0;0.0;0.0;1.0;B01
20229;201500013522;0;7;0;0.0;2.0;1.0;0.0;A01
20230;201500013523;0;34;0;0.0;2.0;1.0;2.0;B01
20231;201500013523;0;7;0;0.0;2.0;1.0;15.0;A01
20232;201500013527;0;7;0;0.0;0.0;3.0;15.0;A01
20233;201500013527;0;30;0;0.0;0.0;1.0;1.0;B01
20234;201500013528;1;10;0;0.0;2.0;2.0;13.0;A01
20235;201500013528;0;7;0;0.0;2.0;0.0;2.0;B01
20236;201500013529;0;7;0;8.0;0.0;1.0;0.0;A01
20237;201500013530;0;7;0;0.0;2.0;3.0;1.0;B01
20238;201500013530;0;7;0;0.0;2.0;3.0;15.0;A01
20239;201500013532;0;7;0;0.0;2.0;2.0;2.0;A01
20240;201500013532;0;7;0;0.0;2.0;6.0;15.0;B01
20241;201500013533;0;3;0;0.0;1.0;2.0;19.0;A01
20242;201500013534;0;7;0;0.0;2.0;4.0;2.0;B01
20243;201500013534;0;7;0;0.0;2.0;1.0;2.0;A01
20244;201500013535;0;33;0;0.0;9.0;1.0;2.0;A01
20245;201500013535;0;2;0;0.0;9.0;4.0;2.0;B01
20246;201500013536;0;7;0;0.0;2.0;3.0;15.0;B01
20247;201500013536;0;33;0;0.0;2.0;1.0;1.0;A01
20248;201500013537;0;10;0;0.0;2.0;1.0;1.0;A01
20249;201500013537;0;7;0;15.0;2.0;4.0;1.0;B01
20250;201500013538;0;33;0;0.0;2.0;1.0;1.0;A01
20251;201500013538;0;7;0;0.0;2.0;6.0;1.0;B01
20252;201500013539;0;7;0;0.0;0.0;8.0;15.0;B01
20253;201500013539;0;2;0;0.0;0.0;2.0;17.0;A01
20254;201500013540;0;7;0;0.0;0.0;1.0;1.0;B01
20255;201500013540;0;7;0;0.0;0.0;8.0;1.0;A01
20256;201500013542;0;7;0;0.0;2.0;0.0;0.0;B01
20257;201500013542;0;7;0;0.0;9.0;0.0;0.0;C01
20258;201500013542;1;7;0;0.0;2.0;1.0;2.0;A01
20259;201500013543;0;7;0;0.0;1.0;8.0;1.0;A01
20260;201500013545;0;7;0;0.0;0.0;3.0;15.0;B01
20261;201500013545;0;7;0;0.0;0.0;1.0;2.0;A01
20262;201500013546;0;10;0;0.0;2.0;8.0;0.0;C01
20263;201500013546;0;7;0;0.0;2.0;5.0;1.0;B01
20264;201500013546;0;7;0;0.0;2.0;1.0;1.0;A01
20265;201500013548;0;7;0;0.0;2.0;1.0;1.0;B01
20266;201500013548;0;7;0;0.0;2.0;6.0;9.0;A01
20267;201500013549;0;7;0;0.0;1.0;3.0;5.0;A01
20268;201500013550;0;7;0;0.0;2.0;3.0;0.0;A01
20269;201500013550;0;7;0;0.0;2.0;3.0;1.0;B01
20270;201500013551;0;7;0;0.0;2.0;3.0;0.0;A01
20271;201500013551;0;34;0;0.0;2.0;2.0;2.0;B01
20272;201500013552;0;30;0;0.0;2.0;0.0;0.0;A01
20273;201500013552;0;10;0;0.0;2.0;0.0;0.0;B01
20274;201500013553;0;2;0;0.0;2.0;3.0;9.0;B01
20275;201500013553;0;7;0;0.0;9.0;0.0;1.0;A01
20276;201500013554;0;7;0;1.0;2.0;7.0;1.0;B01
20277;201500013554;0;7;0;0.0;2.0;1.0;1.0;A01
20278;201500013556;0;7;0;0.0;2.0;2.0;15.0;A01
20279;201500013556;0;2;0;0.0;2.0;1.0;1.0;B01
20280;201500013557;0;7;0;0.0;2.0;4.0;1.0;C01
20281;201500013557;0;7;0;0.0;2.0;9.0;2.0;B01
20282;201500013557;0;7;0;0.0;2.0;1.0;2.0;A01
20283;201500013558;0;1;0;0.0;2.0;8.0;19.0;A01
20284;201500013558;0;33;0;0.0;2.0;1.0;2.0;B01
20285;201500013559;0;7;0;0.0;2.0;0.0;0.0;B01
20286;201500013559;0;7;0;0.0;0.0;1.0;2.0;A01
20287;201500013559;0;7;0;0.0;2.0;4.0;2.0;C01
20288;201500013560;0;7;0;0.0;2.0;3.0;9.0;A01
20289;201500013560;0;1;0;0.0;2.0;2.0;1.0;B01
20290;201500013561;0;7;0;0.0;1.0;1.0;6.0;A01
20291;201500013562;0;15;0;0.0;2.0;8.0;15.0;A01
20292;201500013562;0;7;0;0.0;2.0;1.0;1.0;B01
20293;201500013563;0;7;0;0.0;9.0;1.0;1.0;B01
20294;201500013563;0;7;0;0.0;2.0;1.0;13.0;A01
20295;201500013564;0;7;0;0.0;2.0;2.0;12.0;A01
20296;201500013564;0;7;0;15.0;2.0;3.0;0.0;B01
20297;201500013565;0;7;0;0.0;2.0;7.0;0.0;A01
20298;201500013565;0;30;0;0.0;2.0;1.0;0.0;B01
20299;201500013566;0;7;0;11.0;0.0;1.0;20.0;A01
20300;201500013567;0;7;0;0.0;2.0;3.0;15.0;A01
20301;201500013567;0;7;0;0.0;2.0;2.0;2.0;B01
20302;201500013568;0;32;0;0.0;2.0;1.0;1.0;B01
20303;201500013568;0;33;0;0.0;2.0;1.0;17.0;A01
20304;201500013568;0;7;0;0.0;2.0;2.0;1.0;C01
20305;201500013569;0;30;0;15.0;0.0;1.0;0.0;A01
20306;201500013570;0;33;0;0.0;2.0;1.0;1.0;B01
20307;201500013570;0;7;0;0.0;2.0;5.0;15.0;A01
20308;201500013571;1;7;0;0.0;1.0;0.0;0.0;Z01
20309;201500013572;0;7;0;0.0;1.0;1.0;1.0;A01
20310;201500013573;0;32;0;0.0;2.0;1.0;1.0;A01
20311;201500013573;0;7;0;0.0;2.0;3.0;9.0;B01
20312;201500013574;0;7;0;0.0;2.0;0.0;0.0;A01
20313;201500013574;0;34;0;0.0;2.0;0.0;0.0;B01
20314;201500013575;0;7;0;14.0;0.0;4.0;23.0;B01
20315;201500013575;0;7;0;0.0;2.0;4.0;23.0;C01
20316;201500013575;0;14;0;14.0;0.0;1.0;2.0;A01
20317;201500013576;0;1;0;0.0;0.0;0.0;0.0;A01
20318;201500013577;0;2;0;0.0;2.0;1.0;1.0;A01
20319;201500013577;0;7;0;0.0;2.0;2.0;20.0;B01
20320;201500013578;0;7;0;0.0;2.0;2.0;2.0;B01
20321;201500013578;0;7;0;0.0;2.0;2.0;15.0;A01
20322;201500013581;0;34;0;0.0;2.0;8.0;1.0;B01
20323;201500013581;0;7;0;0.0;2.0;8.0;1.0;A01
20324;201500013582;0;1;0;0.0;1.0;0.0;0.0;A01
20325;201500013583;0;7;0;0.0;2.0;5.0;19.0;B01
20326;201500013583;0;30;0;0.0;2.0;1.0;1.0;A01
20327;201500013584;0;7;0;0.0;2.0;1.0;2.0;A01
20328;201500013584;0;7;0;0.0;2.0;4.0;2.0;B01
20329;201500013586;1;7;0;0.0;2.0;0.0;16.0;Z01
20330;201500013586;0;32;0;0.0;2.0;3.0;1.0;A01
20331;201500013587;0;2;0;0.0;2.0;0.0;1.0;B01
20332;201500013587;0;7;0;0.0;2.0;0.0;15.0;A01
20333;201500013588;0;33;0;0.0;2.0;7.0;0.0;A01
20334;201500013588;0;7;0;0.0;2.0;1.0;15.0;B01
20335;201500013589;0;7;0;8.0;0.0;1.0;0.0;A01
20336;201500013590;0;37;0;0.0;1.0;3.0;1.0;A01
20337;201500013591;0;7;0;0.0;1.0;3.0;1.0;A01
20338;201500013592;0;32;0;0.0;2.0;1.0;1.0;A01
20339;201500013592;0;7;0;0.0;2.0;3.0;15.0;B01
20340;201500013593;2;7;0;0.0;2.0;7.0;22.0;A01
20341;201500013593;0;32;0;0.0;2.0;3.0;2.0;B01
20342;201500013594;0;7;0;0.0;2.0;8.0;1.0;B01
20343;201500013594;0;7;0;0.0;2.0;2.0;1.0;A01
20344;201500013595;0;7;0;15.0;0.0;1.0;13.0;A01
20345;201500013596;0;34;0;0.0;2.0;2.0;17.0;B01
20346;201500013596;0;7;0;0.0;2.0;3.0;13.0;A01
20347;201500013597;0;7;0;8.0;2.0;9.0;4.0;A01
20348;201500013597;0;7;0;0.0;2.0;2.0;1.0;B01
20349;201500013598;0;2;0;0.0;2.0;2.0;2.0;B01
20350;201500013598;0;7;0;0.0;2.0;8.0;15.0;A01
20351;201500013599;0;7;0;0.0;2.0;3.0;2.0;B01
20352;201500013599;0;31;0;0.0;2.0;1.0;2.0;A01
20353;201500013601;1;7;0;0.0;2.0;2.0;1.0;Z01
20354;201500013601;0;7;0;0.0;2.0;2.0;20.0;B01
20355;201500013603;0;7;0;13.0;0.0;1.0;0.0;A01
20356;201500013604;0;7;0;13.0;0.0;1.0;0.0;A01
20357;201500013605;0;31;0;0.0;1.0;2.0;3.0;A01
20358;201500013605;0;7;0;0.0;2.0;3.0;2.0;B01
20359;201500013606;0;7;0;0.0;1.0;3.0;1.0;A01
20360;201500013608;0;7;0;0.0;2.0;3.0;9.0;A01
20361;201500013608;0;32;0;0.0;2.0;1.0;1.0;B01
20362;201500013609;0;7;0;0.0;2.0;8.0;11.0;A01
20363;201500013609;0;32;0;0.0;2.0;2.0;2.0;B01
20364;201500013610;0;10;0;0.0;2.0;3.0;16.0;A01
20365;201500013610;0;31;0;0.0;2.0;0.0;1.0;B01
20366;201500013611;0;34;0;0.0;2.0;1.0;2.0;B01
20367;201500013611;0;7;0;0.0;2.0;1.0;13.0;A01
20368;201500013612;2;7;0;0.0;1.0;2.0;1.0;Z01
20369;201500013613;0;34;0;0.0;2.0;1.0;1.0;B01
20370;201500013613;0;7;0;0.0;2.0;2.0;14.0;A01
20371;201500013614;0;7;0;7.0;0.0;3.0;1.0;A01
20372;201500013615;0;34;0;0.0;1.0;0.0;0.0;A01
20373;201500013616;0;7;0;0.0;2.0;8.0;1.0;A01
20374;201500013616;0;7;0;0.0;2.0;0.0;0.0;B01
20375;201500013617;0;7;0;0.0;2.0;3.0;15.0;B01