;Num_Acc;senc;catv;occutc;obs;obsm;choc;manv;num_veh
20376;201500013617;0;31;0;1.0;2.0;8.0;18.0;A01
20377;201500013619;0;7;0;0.0;1.0;1.0;1.0;A01
20378;201500013621;0;2;0;0.0;2.0;8.0;1.0;B01
20379;201500013621;1;2;0;0.0;2.0;1.0;1.0;Z01
20380;201500013622;0;2;0;0.0;2.0;1.0;16.0;B01
20381;201500013622;1;7;0;0.0;2.0;1.0;15.0;Z01
20382;201500013623;0;7;0;0.0;1.0;2.0;24.0;A01
20383;201500013624;0;7;0;0.0;2.0;1.0;1.0;A01
20384;201500013624;0;7;0;0.0;2.0;5.0;15.0;B01
20385;201500013625;0;30;0;0.0;1.0;1.0;1.0;A01
20386;201500013626;0;7;0;0.0;2.0;2.0;9.0;B01
20387;201500013626;0;2;0;0.0;2.0;0.0;17.0;A01
20388;201500013628;0;7;0;0.0;2.0;1.0;1.0;A01
20389;201500013628;0;32;0;0.0;2.0;4.0;1.0;B01
20390;201500013629;0;2;0;0.0;1.0;0.0;0.0;A01
20391;201500013630;0;10;0;0.0;1.0;1.0;15.0;A01
20392;201500013631;0;10;0;0.0;2.0;3.0;1.0;A01
20393;201500013631;0;1;0;0.0;2.0;1.0;1.0;B01
20394;201500013632;0;33;0;0.0;2.0;1.0;0.0;B01
20395;201500013632;0;30;0;0.0;2.0;5.0;1.0;A01
20396;201500013634;0;7;0;0.0;2.0;4.0;2.0;B01
20397;201500013634;0;7;0;0.0;2.0;1.0;1.0;A01
20398;201500013635;0;32;0;0.0;2.0;1.0;1.0;B01
20399;201500013635;0;7;0;0.0;2.0;2.0;15.0;A01
20400;201500013636;0;7;0;0.0;2.0;3.0;15.0;A01
20401;201500013636;0;7;0;0.0;2.0;1.0;1.0;B01
20402;201500013637;0;7;0;0.0;2.0;3.0;1.0;B01
20403;201500013637;0;30;0;0.0;2.0;9.0;13.0;A01
20404;201500013638;0;7;0;0.0;1.0;1.0;2.0;A01
20405;201500013639;1;7;0;0.0;1.0;0.0;0.0;Z01
20406;201500013640;0;7;0;0.0;1.0;1.0;2.0;A01
20407;201500013641;0;7;0;0.0;2.0;2.0;9.0;B01
20408;201500013641;2;7;0;0.0;2.0;8.0;15.0;Z01
20409;201500013642;0;32;0;0.0;1.0;1.0;1.0;A01
20410;201500013643;0;34;0;0.0;2.0;1.0;2.0;A01
20411;201500013643;0;7;0;0.0;2.0;4.0;2.0;B01
20412;201500013644;0;7;0;0.0;2.0;3.0;13.0;A01
20413;201500013644;0;7;0;1.0;2.0;3.0;1.0;B01
20414;201500013645;0;7;0;0.0;2.0;1.0;15.0;B01
20415;201500013645;0;32;0;0.0;2.0;1.0;1.0;A01
20416;201500013646;0;7;0;0.0;2.0;1.0;1.0;A01
20417;201500013646;0;7;0;0.0;2.0;4.0;15.0;B01
20418;201500013647;0;33;0;0.0;2.0;8.0;1.0;A01
20419;201500013647;0;7;0;16.0;2.0;7.0;12.0;B01
20420;201500013649;0;20;0;1.0;1.0;1.0;1.0;A01
20421;201500013650;0;7;0;4.0;0.0;1.0;0.0;A01
20422;201500013651;0;33;0;0.0;2.0;5.0;17.0;A01
20423;201500013651;1;7;0;0.0;0.0;0.0;0.0;Z01
20424;201500013652;0;7;0;0.0;1.0;2.0;1.0;A01
20425;201500013653;0;30;0;0.0;2.0;1.0;1.0;B01
20426;201500013653;0;7;0;0.0;2.0;8.0;10.0;A01
20427;201500013654;0;32;0;0.0;2.0;2.0;1.0;B01
20428;201500013654;0;7;0;0.0;2.0;3.0;9.0;A01
20429;201500013655;0;33;0;0.0;0.0;0.0;0.0;A01
20430;201500013656;0;7;0;0.0;2.0;3.0;9.0;B01
20431;201500013656;0;32;0;0.0;2.0;1.0;17.0;A01
20432;201500013657;0;7;0;0.0;1.0;1.0;16.0;A01
20433;201500013658;0;2;0;0.0;2.0;1.0;17.0;A01
20434;201500013658;1;7;0;0.0;2.0;3.0;15.0;Z01
20435;201500013659;0;10;0;0.0;1.0;4.0;4.0;A01
20436;201500013660;0;7;0;0.0;1.0;1.0;1.0;A01
20437;201500013661;0;7;0;0.0;2.0;3.0;15.0;A01
20438;201500013661;0;2;0;0.0;2.0;1.0;1.0;B01
20439;201500013662;0;30;0;0.0;2.0;2.0;1.0;A01
20440;201500013662;1;33;0;0.0;2.0;0.0;15.0;Z01
20441;201500013663;0;7;0;0.0;2.0;9.0;23.0;C01
20442;201500013663;0;7;0;12.0;2.0;2.0;14.0;A01
20443;201500013663;0;33;0;0.0;2.0;1.0;17.0;B01
20444;201500013663;0;7;0;0.0;2.0;1.0;1.0;D01
20445;201500013664;0;34;0;0.0;1.0;1.0;1.0;A01
20446;201500013666;0;30;0;0.0;2.0;3.0;2.0;A01
20447;201500013666;1;7;0;0.0;2.0;7.0;13.0;Z01
20448;201500013667;0;10;0;0.0;2.0;3.0;1.0;B01
20449;201500013667;0;7;0;0.0;2.0;6.0;10.0;A01
20450;201500013668;1;7;0;0.0;1.0;1.0;1.0;Z01
20451;201500013669;0;7;0;0.0;2.0;3.0;10.0;A01
20452;201500013669;0;30;0;0.0;2.0;2.0;1.0;B01
20453;201500013670;0;7;0;0.0;2.0;1.0;1.0;A01
20454;201500013670;0;7;0;0.0;2.0;8.0;1.0;B01
20455;201500013671;0;33;0;0.0;2.0;1.0;1.0;A01
20456;201500013671;0;7;0;0.0;2.0;3.0;1.0;B01
20457;201500013672;0;33;0;0.0;2.0;1.0;21.0;A01
20458;201500013672;0;7;0;0.0;2.0;3.0;9.0;B01
20459;201500013674;0;33;0;10.0;0.0;8.0;0.0;A01
20460;201500013676;0;2;0;0.0;2.0;2.0;17.0;A01
20461;201500013676;0;7;0;0.0;2.0;3.0;15.0;B01
20462;201500013677;2;7;0;0.0;2.0;1.0;15.0;Z01
20463;201500013677;0;7;0;0.0;2.0;0.0;0.0;B01
20464;201500013678;0;7;0;0.0;2.0;7.0;15.0;A01
20465;201500013678;0;7;0;0.0;2.0;1.0;1.0;B01
20466;201500013679;0;33;0;0.0;2.0;1.0;1.0;B01
20467;201500013679;0;7;0;0.0;2.0;7.0;16.0;A01
20468;201500013680;0;7;0;0.0;2.0;4.0;1.0;B01
20469;201500013680;0;34;0;0.0;2.0;1.0;2.0;C01
20470;201500013680;0;2;0;0.0;2.0;0.0;15.0;A01
20471;201500013681;0;7;0;0.0;1.0;2.0;1.0;A01
20472;201500013682;0;33;0;0.0;2.0;1.0;1.0;B01
20473;201500013682;0;32;0;0.0;2.0;9.0;11.0;A01
20474;201500013682;0;7;0;0.0;2.0;1.0;1.0;C01
20475;201500013683;0;7;0;0.0;2.0;8.0;1.0;B01
20476;201500013683;0;7;0;0.0;2.0;8.0;17.0;A01
20477;201500013684;0;7;0;0.0;2.0;5.0;1.0;A01
20478;201500013684;0;7;0;1.0;2.0;5.0;1.0;B01
20479;201500013685;0;7;0;0.0;2.0;4.0;23.0;B01
20480;201500013685;0;7;0;0.0;2.0;1.0;1.0;A01
20481;201500013686;1;7;0;0.0;2.0;1.0;0.0;Z01
20482;201500013686;0;31;0;0.0;2.0;7.0;1.0;B01
20483;201500013688;0;7;0;0.0;2.0;3.0;13.0;A01
20484;201500013688;0;32;0;0.0;2.0;3.0;13.0;B01
20485;201500013689;0;32;0;0.0;2.0;4.0;2.0;B01
20486;201500013689;0;7;0;0.0;2.0;2.0;2.0;A01
20487;201500013690;0;2;0;0.0;0.0;8.0;1.0;A01
20488;201500013691;1;33;0;0.0;1.0;0.0;0.0;Z01
20489;201500013692;0;7;0;0.0;2.0;8.0;0.0;A01
20490;201500013692;0;31;0;0.0;2.0;7.0;17.0;B01
20491;201500013693;0;7;0;0.0;2.0;1.0;13.0;A01
20492;201500013693;0;37;0;0.0;2.0;1.0;23.0;B01
20493;201500013694;0;30;0;0.0;0.0;0.0;0.0;A01
20494;201500013695;0;7;0;0.0;1.0;2.0;1.0;A01
20495;201500013696;0;7;0;0.0;2.0;3.0;1.0;B01
20496;201500013696;0;10;0;0.0;2.0;3.0;1.0;A01
20497;201500013697;0;31;0;0.0;2.0;1.0;2.0;A01
20498;201500013697;0;7;0;0.0;2.0;6.0;15.0;B01
20499;201500013698;0;33;0;0.0;0.0;8.0;1.0;A01
20500;201500013699;0;33;0;0.0;2.0;0.0;2.0;A01
20501;201500013699;0;7;0;0.0;2.0;3.0;15.0;B01
20502;201500013700;0;37;10;0.0;2.0;3.0;16.0;B01
20503;201500013700;0;7;0;0.0;2.0;1.0;1.0;A01
20504;201500013701;0;7;0;0.0;2.0;8.0;15.0;A01
20505;201500013702;0;33;0;0.0;0.0;8.0;2.0;A01
20506;201500013703;0;32;0;0.0;1.0;8.0;1.0;A01
20507;201500013704;0;7;0;0.0;2.0;0.0;11.0;A01
20508;201500013704;0;7;0;0.0;2.0;8.0;21.0;B01
20509;201500013704;0;30;0;0.0;2.0;4.0;1.0;C01
20510;201500013705;0;7;0;0.0;2.0;6.0;2.0;B01
20511;201500013705;0;30;0;0.0;2.0;1.0;2.0;A01
20512;201500013706;0;7;0;0.0;0.0;0.0;2.0;B01
20513;201500013706;0;7;0;15.0;0.0;2.0;14.0;A01
20514;201500013707;0;31;0;0.0;0.0;0.0;1.0;A01
20515;201500013708;0;7;0;0.0;1.0;1.0;1.0;A01
20516;201500013709;0;10;0;0.0;2.0;3.0;1.0;A01
20517;201500013709;0;7;0;0.0;2.0;1.0;1.0;B01
20518;201500013710;1;10;0;0.0;2.0;8.0;11.0;Z01
20519;201500013710;0;30;0;0.0;2.0;7.0;1.0;B01
20520;201500013711;0;7;0;0.0;0.0;3.0;15.0;A01
20521;201500013711;0;2;0;0.0;2.0;1.0;1.0;B01
20522;201500013712;0;7;0;0.0;2.0;4.0;2.0;C01
20523;201500013712;0;7;0;0.0;2.0;1.0;2.0;A01
20524;201500013712;0;7;0;0.0;2.0;4.0;2.0;B01
20525;201500013713;0;7;0;0.0;2.0;3.0;10.0;B01
20526;201500013713;0;33;0;0.0;2.0;1.0;1.0;A01
20527;201500013714;0;32;0;12.0;0.0;3.0;2.0;A01
20528;201500013715;0;7;0;0.0;2.0;1.0;1.0;A01
20529;201500013715;0;7;0;0.0;2.0;4.0;23.0;C01
20530;201500013715;0;7;0;0.0;2.0;4.0;23.0;B01
20531;201500013716;0;30;0;0.0;2.0;1.0;1.0;B01
20532;201500013716;0;7;0;0.0;2.0;8.0;10.0;A01
20533;201500013718;1;7;0;0.0;1.0;0.0;0.0;Z01
20534;201500013719;2;7;0;0.0;1.0;1.0;0.0;Z01
20535;201500013720;0;7;0;0.0;2.0;8.0;15.0;A01
20536;201500013720;0;33;0;0.0;2.0;1.0;1.0;B01
20537;201500013721;0;7;0;0.0;1.0;3.0;1.0;A01
20538;201500013722;0;7;0;0.0;2.0;4.0;1.0;B01
20539;201500013722;0;7;0;0.0;2.0;4.0;2.0;C01
20540;201500013722;0;7;0;0.0;2.0;1.0;1.0;A01
20541;201500013723;0;7;0;1.0;0.0;1.0;0.0;A01
20542;201500013725;0;7;0;0.0;2.0;1.0;15.0;A01
20543;201500013725;0;32;0;0.0;2.0;1.0;1.0;B01
20544;201500013727;0;33;0;0.0;2.0;1.0;2.0;A01
20545;201500013727;0;7;0;0.0;2.0;0.0;0.0;B01
20546;201500013729;0;32;0;0.0;2.0;1.0;2.0;A01
20547;201500013729;0;7;0;0.0;2.0;6.0;10.0;B01
20548;201500013731;0;7;0;0.0;2.0;6.0;2.0;B01
20549;201500013731;0;7;0;0.0;2.0;2.0;2.0;A01
20550;201500013732;0;7;0;0.0;2.0;6.0;15.0;B01
20551;201500013732;0;33;0;0.0;2.0;1.0;17.0;A01
20552;201500013733;0;7;0;0.0;1.0;1.0;1.0;A01
20553;201500013734;0;7;0;0.0;1.0;2.0;1.0;A01
20554;201500013735;0;7;0;0.0;2.0;1.0;1.0;C01
20555;201500013735;0;34;0;0.0;2.0;1.0;17.0;A01
20556;201500013735;0;7;0;0.0;2.0;1.0;15.0;B01
20557;201500013736;0;7;0;0.0;0.0;0.0;0.0;B01
20558;201500013736;0;32;0;0.0;2.0;0.0;0.0;A01
20559;201500013736;0;7;0;0.0;2.0;0.0;0.0;C01
20560;201500013737;0;14;0;0.0;2.0;1.0;1.0;B01
20561;201500013737;0;7;0;0.0;2.0;1.0;13.0;A01
20562;201500013738;2;7;0;0.0;2.0;1.0;2.0;A01
20563;201500013738;0;7;0;0.0;2.0;4.0;2.0;B01
20564;201500013739;1;30;0;0.0;2.0;1.0;0.0;B01
20565;201500013739;0;7;0;0.0;0.0;2.0;19.0;A01
20566;201500013740;0;10;0;0.0;1.0;5.0;2.0;A01
20567;201500013741;0;7;0;0.0;2.0;3.0;1.0;B01
20568;201500013741;0;32;0;0.0;2.0;1.0;1.0;A01
20569;201500013742;0;31;0;0.0;2.0;1.0;2.0;B01
20570;201500013742;0;7;0;0.0;2.0;0.0;0.0;A01
20571;201500013743;0;7;0;0.0;2.0;1.0;1.0;A01
20572;201500013743;0;7;0;0.0;2.0;4.0;1.0;B01
20573;201500013744;0;7;0;0.0;2.0;3.0;6.0;B01
20574;201500013744;0;30;0;0.0;2.0;2.0;1.0;A01
20575;201500013745;0;33;0;0.0;2.0;1.0;2.0;A01
20576;201500013745;0;7;0;0.0;2.0;6.0;2.0;B01
20577;201500013746;0;7;0;0.0;2.0;2.0;16.0;B01
20578;201500013746;0;30;0;0.0;2.0;1.0;2.0;A01
20579;201500013747;0;7;0;0.0;2.0;1.0;1.0;C01
20580;201500013747;0;7;0;0.0;2.0;8.0;1.0;B01
20581;201500013747;0;31;0;0.0;2.0;7.0;17.0;A01
20582;201500013748;0;7;0;0.0;1.0;3.0;1.0;A01
20583;201500013749;0;7;0;0.0;1.0;7.0;21.0;A01
20584;201500013750;0;7;0;0.0;1.0;0.0;0.0;A01
20585;201500013751;0;37;0;0.0;2.0;3.0;1.0;B01
20586;201500013751;0;7;0;0.0;9.0;8.0;19.0;A01
20587;201500013752;1;32;0;0.0;1.0;1.0;1.0;Z01
20588;201500013753;1;7;0;0.0;2.0;0.0;2.0;Z01
20589;201500013753;0;33;0;0.0;2.0;7.0;21.0;B01
20590;201500013754;0;7;0;0.0;2.0;3.0;11.0;A01
20591;201500013754;0;33;0;0.0;2.0;1.0;1.0;B01
20592;201500013755;0;7;0;0.0;1.0;3.0;1.0;A01
20593;201500013756;1;7;0;0.0;1.0;1.0;1.0;Z01
20594;201500013757;0;2;0;14.0;0.0;1.0;1.0;A01
20595;201500013759;0;15;0;0.0;2.0;0.0;1.0;B01
20596;201500013759;0;7;0;3.0;0.0;1.0;5.0;A01
20597;201500013760;0;34;0;0.0;2.0;3.0;17.0;B01
20598;201500013760;0;7;0;0.0;2.0;3.0;0.0;A01
20599;201500013761;0;34;0;0.0;2.0;1.0;1.0;B01
20600;201500013761;0;7;0;0.0;2.0;2.0;15.0;A01
20601;201500013762;0;7;0;2.0;0.0;1.0;14.0;A01
20602;201500013763;0;32;0;0.0;2.0;0.0;0.0;A01
20603;201500013764;0;34;0;11.0;0.0;3.0;13.0;A01
20604;201500013765;0;33;0;0.0;0.0;0.0;0.0;A01
20605;201500013766;0;32;0;0.0;2.0;1.0;1.0;B01
20606;201500013766;0;7;0;0.0;2.0;3.0;1.0;A01
20607;201500013767;0;7;0;0.0;1.0;3.0;1.0;A01
20608;201500013768;0;10;0;0.0;2.0;8.0;9.0;A01
20609;201500013768;0;2;0;0.0;2.0;7.0;2.0;B01
20610;201500013770;0;7;0;0.0;2.0;1.0;15.0;A01
20611;201500013770;0;7;0;0.0;2.0;1.0;1.0;B01
20612;201500013771;0;7;0;0.0;2.0;3.0;1.0;B01
20613;201500013771;0;7;0;0.0;2.0;1.0;5.0;A01
20614;201500013772;0;7;0;0.0;1.0;2.0;1.0;A01
20615;201500013774;0;10;0;0.0;2.0;3.0;0.0;A01
20616;201500013774;0;7;0;0.0;2.0;0.0;0.0;B01
20617;201500013775;0;7;0;1.0;2.0;3.0;20.0;B01
20618;201500013775;2;7;0;0.0;2.0;2.0;1.0;A01
20619;201500013776;1;1;0;0.0;1.0;1.0;1.0;Z01
20620;201500013777;0;1;0;0.0;2.0;4.0;1.0;A01
20621;201500013777;1;7;0;0.0;2.0;0.0;0.0;Z01
20622;201500013778;0;7;0;0.0;1.0;1.0;16.0;A01
20623;201500013779;0;34;0;0.0;2.0;1.0;1.0;A01
20624;201500013779;0;7;0;0.0;2.0;4.0;1.0;B01
20625;201500013780;0;33;0;0.0;2.0;1.0;1.0;B01
20626;201500013780;1;7;0;0.0;2.0;1.0;1.0;Z01
20627;201500013780;0;7;0;0.0;2.0;1.0;15.0;C01
20628;201500013781;0;34;0;0.0;2.0;1.0;1.0;B01
20629;201500013781;0;32;0;0.0;2.0;1.0;5.0;A01
20630;201500013782;0;7;0;0.0;2.0;1.0;2.0;A01
20631;201500013782;0;7;0;0.0;2.0;4.0;23.0;B01
20632;201500013783;0;10;0;0.0;2.0;3.0;15.0;B01
20633;201500013783;0;33;0;0.0;2.0;2.0;1.0;A01
20634;201500013784;0;2;0;0.0;2.0;1.0;1.0;B01
20635;201500013784;0;7;0;0.0;2.0;1.0;0.0;A01
20636;201500013785;0;33;0;0.0;1.0;1.0;0.0;A01
20637;201500013786;0;7;0;0.0;1.0;2.0;1.0;A01
20638;201500013787;0;7;0;0.0;2.0;3.0;1.0;B01
20639;201500013787;0;33;0;0.0;2.0;1.0;17.0;A01
20640;201500013787;0;7;0;0.0;0.0;0.0;1.0;C01
20641;201500013788;0;7;0;0.0;1.0;2.0;1.0;A01
20642;201500013789;0;7;0;0.0;0.0;0.0;0.0;B01
20643;201500013789;0;7;0;0.0;0.0;0.0;0.0;A01
20644;201500013790;0;30;0;0.0;2.0;1.0;1.0;B01
20645;201500013790;0;7;0;0.0;2.0;2.0;17.0;A01
20646;201500013791;0;2;0;0.0;2.0;1.0;1.0;B01
20647;201500013791;0;7;0;0.0;2.0;3.0;1.0;A01
20648;201500013792;0;7;0;0.0;2.0;1.0;1.0;B01
20649;201500013792;0;7;0;0.0;2.0;1.0;1.0;A01
20650;201500013793;0;7;0;0.0;1.0;1.0;1.0;A01
20651;201500013795;0;7;0;0.0;9.0;1.0;1.0;B01
20652;201500013795;0;2;0;0.0;2.0;1.0;0.0;A01
20653;201500013796;0;7;0;0.0;2.0;7.0;10.0;A01
20654;201500013796;0;30;0;0.0;2.0;1.0;1.0;B01
20655;201500013797;0;33;0;0.0;0.0;0.0;0.0;B01
20656;201500013797;0;7;0;0.0;2.0;7.0;15.0;A01
20657;201500013798;0;7;0;0.0;2.0;6.0;2.0;B01
20658;201500013798;0;7;0;0.0;2.0;9.0;3.0;A01
20659;201500013798;0;7;0;0.0;2.0;3.0;1.0;C01
20660;201500013799;0;33;0;0.0;2.0;5.0;8.0;B01
20661;201500013799;0;7;0;0.0;2.0;2.0;15.0;A01
20662;201500013801;0;7;0;0.0;2.0;4.0;2.0;C01
20663;201500013801;0;7;0;0.0;2.0;4.0;2.0;B01
20664;201500013801;0;7;0;0.0;2.0;1.0;2.0;A01
20665;201500013803;0;37;0;0.0;2.0;1.0;1.0;A01
20666;201500013803;0;10;0;0.0;2.0;7.0;16.0;B01
20667;201500013804;0;7;0;0.0;1.0;3.0;15.0;A01
20668;201500013805;0;7;0;0.0;9.0;1.0;1.0;A01
20669;201500013805;0;1;0;0.0;2.0;7.0;19.0;B01
20670;201500013806;0;7;0;0.0;2.0;6.0;11.0;B01
20671;201500013806;0;30;0;0.0;2.0;2.0;17.0;A01
20672;201500013807;0;2;0;0.0;2.0;1.0;2.0;A01
20673;201500013807;0;1;0;0.0;2.0;0.0;2.0;B01
20674;201500013808;0;7;0;0.0;2.0;0.0;0.0;B01
20675;201500013808;0;7;0;0.0;2.0;0.0;2.0;C01
20676;201500013808;0;7;0;0.0;2.0;0.0;2.0;A01
20677;201500013809;0;7;0;0.0;2.0;2.0;11.0;B01
20678;201500013809;0;30;0;0.0;2.0;1.0;2.0;A01
20679;201500013810;0;7;0;0.0;2.0;3.0;15.0;A01
20680;201500013810;0;33;0;0.0;2.0;1.0;1.0;B01
20681;201500013811;0;7;0;0.0;2.0;2.0;1.0;A01
20682;201500013811;0;32;0;0.0;2.0;0.0;5.0;B01
20683;201500013812;0;7;0;0.0;2.0;3.0;15.0;A01
20684;201500013812;0;33;0;0.0;2.0;6.0;1.0;F01
20685;201500013813;0;7;0;0.0;2.0;8.0;0.0;A01
20686;201500013813;0;32;0;0.0;2.0;1.0;1.0;B01
20687;201500013814;0;2;0;0.0;2.0;2.0;15.0;B01
20688;201500013814;0;7;0;0.0;2.0;2.0;9.0;A01
20689;201500013815;0;7;0;0.0;2.0;4.0;1.0;C01
20690;201500013815;0;7;0;0.0;2.0;4.0;2.0;B01
20691;201500013815;0;10;0;0.0;2.0;1.0;2.0;A01
20692;201500013816;0;7;0;0.0;2.0;4.0;23.0;A01
20693;201500013816;1;7;0;0.0;2.0;1.0;1.0;Z01
20694;201500013817;0;33;0;0.0;2.0;1.0;1.0;B01
20695;201500013817;0;13;0;0.0;2.0;8.0;11.0;A01
20696;201500013818;0;7;0;0.0;2.0;1.0;1.0;B01
20697;201500013818;0;7;0;0.0;0.0;2.0;1.0;A01
20698;201500013818;0;7;0;0.0;2.0;3.0;16.0;C01
20699;201500013819;0;7;0;0.0;2.0;1.0;1.0;B01
20700;201500013819;0;34;0;0.0;2.0;1.0;17.0;A01
20701;201500013820;0;7;0;0.0;2.0;4.0;2.0;B01
20702;201500013820;0;7;0;0.0;2.0;1.0;2.0;A01
20703;201500013821;2;13;0;0.0;2.0;2.0;12.0;Z01
20704;201500013821;0;7;0;0.0;2.0;8.0;1.0;A01
20705;201500013822;0;40;0;0.0;1.0;3.0;1.0;A01
20706;201500013823;0;33;0;0.0;2.0;1.0;1.0;A01
20707;201500013823;0;34;0;0.0;2.0;6.0;1.0;B01
20708;201500013824;0;32;0;0.0;0.0;0.0;1.0;A01
20709;201500013825;0;33;0;0.0;2.0;7.0;21.0;B01
20710;201500013825;0;7;0;0.0;2.0;8.0;2.0;A01
20711;201500013826;0;7;0;0.0;2.0;3.0;15.0;B01
20712;201500013826;0;34;0;0.0;2.0;1.0;2.0;A01
20713;201500013828;0;7;0;0.0;2.0;3.0;0.0;A01
20714;201500013828;0;32;0;0.0;2.0;3.0;15.0;B01
20715;201500013829;0;38;0;0.0;2.0;1.0;2.0;A01
20716;201500013829;0;7;0;0.0;2.0;4.0;0.0;B01
20717;201500013831;0;2;0;0.0;2.0;1.0;1.0;A01
20718;201500013831;0;30;0;0.0;2.0;4.0;1.0;B01
20719;201500013832;0;7;0;0.0;2.0;4.0;3.0;B01
20720;201500013832;0;7;0;0.0;2.0;1.0;2.0;A01
20721;201500013832;0;7;0;0.0;2.0;4.0;2.0;C01
20722;201500013833;0;7;0;8.0;0.0;2.0;1.0;K01
20723;201500013834;0;34;0;0.0;2.0;1.0;1.0;B01
20724;201500013834;0;30;0;0.0;2.0;2.0;15.0;A01
20725;201500013835;1;7;0;0.0;2.0;3.0;15.0;Z01
20726;201500013835;0;30;0;0.0;2.0;1.0;1.0;A01
20727;201500013836;0;34;0;0.0;2.0;1.0;1.0;B01
20728;201500013836;0;7;0;0.0;2.0;5.0;15.0;A01
20729;201500013837;0;7;0;0.0;2.0;6.0;15.0;A01
20730;201500013837;0;31;0;0.0;2.0;3.0;17.0;B01
20731;201500013839;0;7;0;0.0;2.0;1.0;2.0;A01
20732;201500013839;0;7;0;0.0;2.0;4.0;2.0;B01
20733;201500013840;0;7;0;0.0;1.0;1.0;1.0;A01
20734;201500013841;0;32;0;0.0;2.0;3.0;1.0;B01
20735;201500013841;1;37;1;0.0;0.0;0.0;1.0;Z01
20736;201500013842;0;7;0;0.0;2.0;1.0;1.0;A01
20737;201500013842;0;7;0;0.0;2.0;4.0;2.0;B01
20738;201500013844;0;34;0;0.0;2.0;1.0;1.0;B01
20739;201500013844;0;7;0;0.0;2.0;3.0;10.0;A01
20740;201500013845;0;7;0;0.0;0.0;3.0;9.0;A01
20741;201500013845;0;7;0;0.0;2.0;1.0;1.0;B01
20742;201500013846;0;37;0;0.0;2.0;6.0;1.0;B01
20743;201500013846;0;30;0;0.0;2.0;7.0;17.0;A01
20744;201500013847;0;33;0;0.0;2.0;1.0;1.0;B01
20745;201500013847;0;7;0;0.0;2.0;3.0;9.0;A01
20746;201500013848;0;10;0;0.0;2.0;2.0;13.0;A01
20747;201500013848;0;10;0;0.0;2.0;1.0;1.0;B01
20748;201500013849;0;7;0;0.0;2.0;1.0;15.0;A01
20749;201500013849;0;7;0;0.0;2.0;1.0;1.0;B01
20750;201500013850;0;7;0;1.0;2.0;1.0;20.0;A01
20751;201500013850;0;13;0;0.0;2.0;8.0;1.0;B01
20752;201500013851;0;10;0;0.0;2.0;1.0;1.0;B01
20753;201500013851;0;7;0;0.0;2.0;7.0;15.0;A01
20754;201500013852;0;30;0;0.0;2.0;1.0;2.0;A01
20755;201500013852;0;30;0;0.0;2.0;4.0;15.0;B01
20756;201500013853;0;7;0;0.0;2.0;4.0;2.0;B01
20757;201500013853;0;7;0;0.0;2.0;1.0;2.0;A01
20758;201500013853;0;7;0;0.0;2.0;4.0;2.0;C01
20759;201500013854;0;30;0;0.0;2.0;3.0;13.0;A01
20760;201500013854;0;37;0;0.0;2.0;3.0;1.0;B01
20761;201500013855;0;7;0;0.0;2.0;1.0;13.0;A01
20762;201500013855;0;7;0;0.0;2.0;3.0;15.0;B01
20763;201500013856;0;34;0;14.0;0.0;1.0;1.0;A01
20764;201500013857;0;7;0;0.0;2.0;4.0;23.0;B01
20765;201500013857;0;7;0;1.0;0.0;1.0;2.0;A01
20766;201500013858;0;7;0;0.0;2.0;5.0;15.0;B01
20767;201500013858;0;33;0;0.0;2.0;1.0;1.0;A01
20768;201500013859;0;32;0;0.0;2.0;1.0;1.0;B01
20769;201500013859;0;37;0;0.0;2.0;1.0;15.0;A01
20770;201500013860;0;7;0;0.0;2.0;4.0;2.0;C01
20771;201500013860;0;7;0;0.0;2.0;4.0;2.0;B01
20772;201500013860;0;7;0;0.0;2.0;1.0;2.0;A01
20773;201500013861;0;7;0;0.0;2.0;4.0;2.0;C01
20774;201500013861;0;7;0;0.0;2.0;1.0;1.0;A01
20775;201500013861;0;7;0;0.0;2.0;4.0;2.0;B01
20776;201500013862;0;33;0;0.0;0.0;0.0;1.0;A01
20777;201500013863;0;7;0;0.0;2.0;2.0;15.0;A01
20778;201500013863;0;32;0;0.0;2.0;1.0;1.0;B01
20779;201500013864;2;2;0;0.0;1.0;1.0;0.0;A01
20780;201500013865;0;7;0;0.0;0.0;1.0;1.0;A01
20781;201500013865;0;7;0;0.0;9.0;0.0;0.0;B01
20782;201500013866;0;10;0;0.0;1.0;1.0;1.0;A01
20783;201500013867;0;7;0;0.0;2.0;2.0;10.0;A01
20784;201500013867;0;33;0;0.0;2.0;1.0;5.0;B01
20785;201500013868;0;7;0;0.0;2.0;1.0;9.0;A01
20786;201500013868;0;34;0;0.0;2.0;5.0;1.0;B01
20787;201500013869;0;7;0;0.0;1.0;2.0;16.0;A01
20788;201500013870;0;7;0;0.0;1.0;6.0;20.0;A01
20789;201500013871;0;33;0;8.0;0.0;1.0;0.0;A01
20790;201500013872;0;7;0;0.0;2.0;2.0;16.0;A01
20791;201500013872;0;32;0;0.0;2.0;8.0;1.0;B01
20792;201500013873;0;30;0;0.0;2.0;8.0;2.0;B01
20793;201500013873;0;7;0;0.0;0.0;1.0;2.0;A01
20794;201500013874;0;7;0;0.0;2.0;1.0;1.0;B01