;Num_Acc;senc;catv;occutc;obs;obsm;choc;manv;num_veh
20795;201500013874;0;7;0;0.0;2.0;2.0;1.0;A01
20796;201500013875;0;30;0;0.0;0.0;0.0;1.0;A01
20797;201500013876;1;7;0;0.0;1.0;1.0;16.0;Z01
20798;201500013877;0;2;0;0.0;2.0;0.0;1.0;A01
20799;201500013877;0;7;0;0.0;2.0;3.0;15.0;B01
20800;201500013878;0;34;0;0.0;2.0;5.0;0.0;A01
20801;201500013878;0;7;0;0.0;2.0;6.0;0.0;B01
20802;201500013879;0;7;0;0.0;1.0;8.0;17.0;A01
20803;201500013880;0;30;0;0.0;0.0;0.0;0.0;A01
20804;201500013881;0;32;0;0.0;2.0;1.0;1.0;A01
20805;201500013881;1;7;0;0.0;2.0;1.0;19.0;Z01
20806;201500013882;1;7;0;0.0;2.0;1.0;1.0;Z01
20807;201500013882;0;7;0;0.0;2.0;6.0;23.0;B01
20808;201500013882;0;7;0;0.0;2.0;4.0;23.0;A01
20809;201500013883;0;7;0;0.0;2.0;8.0;10.0;A01
20810;201500013883;0;7;0;0.0;2.0;2.0;1.0;B01
20811;201500013884;0;7;0;0.0;2.0;4.0;2.0;B01
20812;201500013884;0;7;0;0.0;2.0;1.0;2.0;A01
20813;201500013885;1;10;0;0.0;2.0;7.0;14.0;Z01
20814;201500013885;0;33;0;0.0;2.0;8.0;1.0;A01
20815;201500013886;0;31;0;0.0;2.0;8.0;0.0;B01
20816;201500013886;0;7;0;0.0;2.0;1.0;2.0;A01
20817;201500013887;0;7;0;0.0;2.0;1.0;1.0;B01
20818;201500013887;0;30;0;0.0;2.0;8.0;5.0;A01
20819;201500013888;0;2;0;0.0;2.0;0.0;0.0;B01
20820;201500013888;0;7;0;0.0;2.0;0.0;9.0;A01
20821;201500013890;0;40;0;0.0;1.0;1.0;1.0;A01
20822;201500013892;0;7;0;0.0;2.0;4.0;2.0;C01
20823;201500013892;0;7;0;0.0;2.0;1.0;2.0;A01
20824;201500013892;0;7;0;0.0;2.0;4.0;2.0;B01
20825;201500013893;0;7;0;0.0;2.0;2.0;16.0;B01
20826;201500013893;0;32;0;0.0;2.0;3.0;2.0;A01
20827;201500013894;0;7;0;6.0;0.0;1.0;1.0;A01
20828;201500013897;0;7;0;0.0;1.0;6.0;4.0;A01
20829;201500013898;0;7;0;0.0;2.0;7.0;15.0;B01
20830;201500013898;0;31;0;0.0;2.0;1.0;1.0;A01
20831;201500013899;0;14;0;0.0;1.0;1.0;1.0;A01
20832;201500013901;0;7;0;0.0;2.0;0.0;0.0;A01
20833;201500013901;0;7;0;0.0;2.0;0.0;0.0;B01
20834;201500013902;0;32;0;0.0;2.0;0.0;0.0;B01
20835;201500013902;0;2;0;0.0;2.0;0.0;1.0;A01
20836;201500013903;0;7;0;0.0;2.0;2.0;1.0;B01
20837;201500013903;0;7;0;0.0;2.0;5.0;4.0;A01
20838;201500013905;0;7;0;0.0;1.0;2.0;15.0;A01
20839;201500013906;0;34;0;0.0;2.0;4.0;1.0;B01
20840;201500013906;1;7;0;0.0;2.0;1.0;1.0;Z01
20841;201500013907;0;7;0;0.0;1.0;7.0;1.0;A01
20842;201500013908;0;32;0;0.0;2.0;7.0;1.0;B01
20843;201500013908;0;7;0;0.0;2.0;6.0;20.0;A01
20844;201500013910;0;7;0;0.0;2.0;0.0;15.0;A01
20845;201500013910;0;33;0;0.0;2.0;0.0;0.0;B01
20846;201500013911;0;7;0;6.0;2.0;1.0;1.0;A01
20847;201500013911;1;7;0;0.0;2.0;7.0;0.0;Z01
20848;201500013912;0;7;0;0.0;1.0;8.0;1.0;A01
20849;201500013913;0;7;0;0.0;2.0;7.0;15.0;A01
20850;201500013913;0;30;0;0.0;2.0;1.0;1.0;B01
20851;201500013914;0;7;0;6.0;0.0;1.0;0.0;A01
20852;201500013915;0;37;0;0.0;1.0;8.0;0.0;A01
20853;201500013916;0;33;0;0.0;2.0;1.0;1.0;B01
20854;201500013916;0;7;0;0.0;2.0;7.0;10.0;A01
20855;201500013917;0;7;0;0.0;2.0;3.0;9.0;A01
20856;201500013917;0;10;0;0.0;2.0;5.0;0.0;B01
20857;201500013919;0;33;0;0.0;1.0;1.0;1.0;A01
20858;201500013920;0;7;0;0.0;2.0;1.0;1.0;A01
20859;201500013920;0;7;0;1.0;2.0;6.0;1.0;B01
20860;201500013921;0;10;0;0.0;2.0;8.0;11.0;A01
20861;201500013921;0;7;0;0.0;2.0;2.0;1.0;B01
20862;201500013922;0;7;0;0.0;2.0;0.0;20.0;A01
20863;201500013922;0;30;0;0.0;2.0;8.0;2.0;B01
20864;201500013923;0;30;0;0.0;2.0;1.0;13.0;A01
20865;201500013923;0;37;1;0.0;2.0;1.0;1.0;B01
20866;201500013924;1;7;0;0.0;2.0;1.0;0.0;Z01
20867;201500013924;0;7;0;0.0;2.0;4.0;1.0;B01
20868;201500013925;0;7;0;0.0;2.0;4.0;1.0;B01
20869;201500013925;1;7;0;0.0;2.0;1.0;2.0;Z01
20870;201500013926;0;7;0;1.0;0.0;0.0;2.0;B01
20871;201500013926;0;34;0;0.0;2.0;3.0;2.0;A01
20872;201500013927;0;7;0;0.0;0.0;0.0;0.0;A01
20873;201500013927;0;30;0;0.0;0.0;0.0;0.0;B01
20874;201500013928;0;7;0;0.0;2.0;4.0;2.0;B01
20875;201500013928;0;2;0;0.0;2.0;1.0;2.0;A01
20876;201500013929;0;7;0;0.0;2.0;1.0;2.0;A01
20877;201500013929;0;7;0;0.0;2.0;4.0;2.0;B01
20878;201500013930;0;33;0;0.0;2.0;4.0;2.0;B01
20879;201500013930;0;7;0;0.0;2.0;1.0;2.0;A01
20880;201500013933;0;7;0;0.0;2.0;4.0;2.0;C01
20881;201500013933;0;7;0;0.0;2.0;4.0;2.0;B01
20882;201500013933;0;7;0;0.0;2.0;1.0;2.0;A01
20883;201500013934;0;30;0;0.0;0.0;0.0;0.0;A01
20884;201500013934;0;30;0;0.0;2.0;0.0;0.0;B01
20885;201500013935;1;7;0;0.0;2.0;1.0;9.0;Z01
20886;201500013935;0;34;0;0.0;2.0;1.0;1.0;A01
20887;201500013936;0;7;0;0.0;2.0;1.0;2.0;D01
20888;201500013936;0;7;0;0.0;2.0;4.0;2.0;E01
20889;201500013936;0;7;0;0.0;2.0;4.0;2.0;F02
20890;201500013936;0;7;0;0.0;2.0;6.0;0.0;B01
20891;201500013936;0;7;0;0.0;2.0;1.0;2.0;A01
20892;201500013936;0;7;0;0.0;2.0;4.0;0.0;C01
20893;201500013938;0;7;0;0.0;2.0;4.0;1.0;A01
20894;201500013938;1;7;0;0.0;2.0;1.0;2.0;Z01
20895;201500013939;0;7;0;0.0;2.0;1.0;1.0;A01
20896;201500013939;0;7;0;0.0;2.0;3.0;1.0;B01
20897;201500013940;0;7;0;0.0;1.0;2.0;19.0;A01
20898;201500013941;0;33;0;0.0;1.0;0.0;0.0;A01
20899;201500013943;0;7;0;0.0;2.0;3.0;15.0;A01
20900;201500013943;0;32;0;0.0;2.0;7.0;1.0;B01
20901;201500013944;0;7;0;1.0;1.0;7.0;0.0;A01
20902;201500013945;0;7;0;0.0;2.0;1.0;9.0;A01
20903;201500013945;0;7;0;0.0;2.0;1.0;1.0;B01
20904;201500013947;0;40;0;0.0;1.0;2.0;1.0;A01
20905;201500013948;0;33;0;0.0;2.0;1.0;1.0;A01
20906;201500013948;0;13;0;0.0;2.0;8.0;1.0;B01
20907;201500013949;0;33;0;0.0;0.0;0.0;1.0;A01
20908;201500013950;0;7;0;0.0;2.0;1.0;2.0;B01
20909;201500013950;0;7;0;0.0;2.0;4.0;2.0;A01
20910;201500013951;0;7;0;4.0;9.0;6.0;2.0;B01
20911;201500013951;0;33;0;4.0;2.0;5.0;2.0;A01
20912;201500013951;0;7;0;4.0;2.0;1.0;2.0;C01
20913;201500013952;0;7;0;0.0;2.0;2.0;12.0;A01
20914;201500013952;0;37;1;0.0;2.0;3.0;1.0;B01
20915;201500013953;0;7;0;0.0;2.0;2.0;9.0;B01
20916;201500013953;0;7;0;0.0;2.0;2.0;5.0;A01
20917;201500013954;0;32;0;0.0;2.0;8.0;1.0;A01
20918;201500013954;1;7;0;0.0;2.0;7.0;15.0;Z01
20919;201500013955;0;2;0;0.0;9.0;8.0;0.0;A01
20920;201500013956;0;7;0;0.0;1.0;1.0;1.0;A01
20921;201500013957;0;7;0;0.0;2.0;7.0;12.0;A01
20922;201500013957;0;33;0;0.0;2.0;8.0;2.0;B01
20923;201500013958;0;10;0;0.0;2.0;6.0;1.0;B01
20924;201500013958;0;7;0;0.0;2.0;1.0;15.0;A01
20925;201500013958;0;7;0;0.0;2.0;8.0;23.0;C01
20926;201500013959;0;30;0;0.0;9.0;0.0;1.0;A01
20927;201500013960;0;10;0;0.0;2.0;7.0;9.0;B01
20928;201500013960;0;7;0;0.0;2.0;3.0;1.0;A01
20929;201500013961;0;7;0;0.0;2.0;3.0;16.0;B01
20930;201500013961;0;7;0;0.0;2.0;3.0;15.0;A01
20931;201500013962;0;30;0;0.0;2.0;2.0;17.0;A01
20932;201500013962;0;7;0;0.0;2.0;3.0;17.0;B01
20933;201500013963;0;7;0;0.0;2.0;1.0;1.0;A01
20934;201500013963;0;7;0;0.0;2.0;9.0;1.0;B01
20935;201500013964;0;1;0;0.0;2.0;4.0;2.0;B01
20936;201500013964;0;7;0;0.0;2.0;1.0;2.0;A01
20937;201500013965;0;7;0;0.0;2.0;1.0;1.0;B01
20938;201500013965;0;34;0;0.0;2.0;1.0;1.0;A01
20939;201500013966;0;7;0;0.0;0.0;5.0;0.0;B01
20940;201500013966;0;33;0;0.0;2.0;5.0;1.0;A01
20941;201500013967;0;7;0;0.0;2.0;1.0;0.0;B01
20942;201500013967;0;7;0;0.0;2.0;2.0;0.0;A01
20943;201500013968;0;30;0;0.0;2.0;5.0;2.0;B01
20944;201500013968;0;7;0;0.0;2.0;3.0;15.0;A01
20945;201500013969;1;7;0;0.0;2.0;1.0;1.0;Z01
20946;201500013969;0;7;0;0.0;2.0;0.0;1.0;B01
20947;201500013970;0;7;0;0.0;2.0;1.0;1.0;A01
20948;201500013970;0;10;0;1.0;2.0;8.0;21.0;B01
20949;201500013971;0;7;0;0.0;2.0;2.0;1.0;B01
20950;201500013971;0;7;0;0.0;2.0;1.0;1.0;A01
20951;201500013972;0;7;0;0.0;2.0;3.0;1.0;B01
20952;201500013972;0;7;0;0.0;2.0;3.0;13.0;A01
20953;201500013973;0;7;0;0.0;2.0;1.0;1.0;A01
20954;201500013973;0;7;0;0.0;2.0;3.0;1.0;B01
20955;201500013974;0;7;0;0.0;2.0;3.0;9.0;B01
20956;201500013974;0;33;0;0.0;2.0;2.0;3.0;A01
20957;201500013975;0;99;0;0.0;2.0;0.0;0.0;C01
20958;201500013975;0;34;0;0.0;2.0;0.0;0.0;D01
20959;201500013975;0;33;0;0.0;2.0;0.0;0.0;A01
20960;201500013975;0;7;0;0.0;2.0;0.0;0.0;B01
20961;201500013976;0;7;0;4.0;0.0;3.0;1.0;A01
20962;201500013977;0;7;0;0.0;1.0;2.0;1.0;A01
20963;201500013978;0;14;0;0.0;2.0;6.0;1.0;B01
20964;201500013978;0;7;0;0.0;2.0;0.0;1.0;A01
20965;201500013979;0;7;0;0.0;2.0;1.0;1.0;B01
20966;201500013979;0;7;0;0.0;2.0;8.0;15.0;A01
20967;201500013980;0;7;0;0.0;2.0;2.0;2.0;A01
20968;201500013980;0;7;0;0.0;2.0;2.0;2.0;B01
20969;201500013981;0;7;0;0.0;2.0;1.0;2.0;B01
20970;201500013981;0;7;0;0.0;2.0;2.0;15.0;A01
20971;201500013982;0;33;0;0.0;2.0;1.0;1.0;A01
20972;201500013982;0;7;0;0.0;0.0;5.0;1.0;B01
20973;201500013983;0;7;0;0.0;2.0;2.0;0.0;A01
20974;201500013983;0;7;0;0.0;2.0;8.0;15.0;B01
20975;201500013984;0;30;0;0.0;2.0;1.0;2.0;B01
20976;201500013984;0;7;0;0.0;0.0;6.0;15.0;A01
20977;201500013985;0;7;0;0.0;2.0;8.0;1.0;B01
20978;201500013985;0;2;0;0.0;2.0;1.0;1.0;A01
20979;201500013986;0;34;0;0.0;2.0;1.0;1.0;B01
20980;201500013986;0;7;0;0.0;2.0;3.0;15.0;A01
20981;201500013987;0;7;0;0.0;2.0;6.0;1.0;B01
20982;201500013987;0;34;0;0.0;2.0;8.0;17.0;A01
20983;201500013987;0;7;0;0.0;2.0;3.0;1.0;C01
20984;201500013988;0;34;0;0.0;1.0;1.0;1.0;A01
20985;201500013989;0;30;0;0.0;0.0;8.0;0.0;A01
20986;201500013990;0;1;0;0.0;1.0;0.0;0.0;A01
20987;201500013991;0;7;0;1.0;0.0;2.0;1.0;A01
20988;201500013992;0;2;0;0.0;0.0;1.0;1.0;A01
20989;201500013993;0;33;0;0.0;2.0;7.0;14.0;B01
20990;201500013993;0;1;0;0.0;2.0;0.0;0.0;A01
20991;201500013994;0;30;0;0.0;2.0;0.0;2.0;B01
20992;201500013994;1;7;0;0.0;2.0;0.0;0.0;Z01
20993;201500013995;0;7;0;0.0;2.0;2.0;10.0;A01
20994;201500013995;0;33;0;0.0;2.0;1.0;1.0;B01
20995;201500013996;0;15;0;0.0;0.0;3.0;2.0;B01
20996;201500013996;0;34;0;0.0;2.0;0.0;0.0;A01
20997;201500013997;0;32;0;0.0;2.0;2.0;17.0;B01
20998;201500013997;0;7;0;0.0;2.0;3.0;15.0;A01
20999;201500013998;0;33;0;0.0;2.0;3.0;1.0;B01
21000;201500013998;0;7;0;0.0;9.0;2.0;15.0;A01
21001;201500013999;0;7;0;1.0;2.0;1.0;1.0;A01
21002;201500013999;0;7;0;0.0;2.0;1.0;9.0;B01
21003;201500014000;0;7;0;0.0;2.0;3.0;15.0;B01
21004;201500014000;0;33;0;0.0;2.0;3.0;15.0;A01
21005;201500014001;0;7;0;0.0;2.0;6.0;1.0;B01
21006;201500014001;0;7;0;0.0;2.0;2.0;15.0;A01
21007;201500014002;0;7;0;0.0;0.0;9.0;0.0;A01
21008;201500014005;0;7;0;0.0;2.0;8.0;1.0;A01
21009;201500014005;1;99;0;0.0;2.0;0.0;0.0;Z01
21010;201500014006;0;7;0;0.0;2.0;4.0;2.0;B01
21011;201500014006;0;7;0;0.0;2.0;1.0;2.0;A01
21012;201500014008;0;7;0;0.0;2.0;1.0;12.0;B01
21013;201500014008;0;37;6;0.0;2.0;6.0;23.0;A01
21014;201500014010;0;7;0;0.0;0.0;1.0;10.0;A01
21015;201500014010;0;34;0;0.0;0.0;3.0;0.0;B01
21016;201500014011;0;34;0;0.0;2.0;1.0;1.0;A01
21017;201500014011;0;7;0;0.0;2.0;4.0;1.0;B01
21018;201500014012;0;7;0;0.0;1.0;1.0;0.0;A01
21019;201500014013;0;7;0;0.0;2.0;3.0;15.0;B01
21020;201500014013;0;7;0;0.0;2.0;1.0;17.0;A01
21021;201500014014;0;30;0;0.0;2.0;1.0;13.0;A01
21022;201500014014;0;33;0;0.0;2.0;4.0;1.0;B01
21023;201500014015;0;32;0;0.0;0.0;2.0;15.0;A01
21024;201500014015;0;7;0;0.0;2.0;1.0;15.0;B01
21025;201500014016;0;7;0;0.0;2.0;6.0;13.0;B01
21026;201500014016;0;2;0;0.0;2.0;1.0;1.0;A01
21027;201500014017;0;7;0;15.0;2.0;7.0;1.0;A01
21028;201500014017;0;7;0;0.0;2.0;1.0;1.0;B01
21029;201500014018;0;7;0;0.0;2.0;8.0;15.0;B01
21030;201500014018;0;10;0;0.0;2.0;1.0;15.0;A01
21031;201500014019;0;7;0;12.0;0.0;2.0;1.0;A01
21032;201500014020;0;7;0;0.0;2.0;1.0;1.0;A01
21033;201500014020;0;7;0;0.0;2.0;4.0;1.0;B01
21034;201500014021;0;7;0;0.0;1.0;8.0;1.0;A01
21035;201500014022;0;31;0;0.0;2.0;1.0;1.0;B01
21036;201500014022;1;7;0;0.0;2.0;6.0;1.0;Z01
21037;201500014025;0;7;0;0.0;0.0;5.0;0.0;B01
21038;201500014025;0;33;0;0.0;2.0;5.0;2.0;A01
21039;201500014026;0;7;0;0.0;2.0;6.0;15.0;A01
21040;201500014026;0;32;0;0.0;2.0;1.0;1.0;B01
21041;201500014027;0;2;0;0.0;2.0;2.0;1.0;A01
21042;201500014027;0;7;0;0.0;2.0;6.0;1.0;B01
21043;201500014028;0;7;0;1.0;2.0;1.0;21.0;A01
21044;201500014028;0;7;0;1.0;2.0;1.0;1.0;B01
21045;201500014029;1;7;0;0.0;2.0;5.0;16.0;Z01
21046;201500014029;0;33;0;0.0;2.0;3.0;1.0;A01
21047;201500014030;0;7;0;1.0;2.0;2.0;19.0;A01
21048;201500014030;0;7;0;0.0;2.0;8.0;2.0;B01
21049;201500014031;0;32;0;0.0;2.0;3.0;17.0;A01
21050;201500014031;0;7;0;0.0;9.0;3.0;15.0;B01
21051;201500014032;0;34;0;0.0;0.0;0.0;1.0;A01
21052;201500014033;0;7;0;0.0;2.0;3.0;0.0;A01
21053;201500014033;0;7;0;0.0;2.0;7.0;3.0;B01
21054;201500014034;0;10;0;0.0;2.0;1.0;9.0;A01
21055;201500014034;0;30;0;0.0;2.0;7.0;0.0;B01
21056;201500014035;0;7;0;0.0;2.0;3.0;13.0;A01
21057;201500014035;0;7;0;0.0;2.0;3.0;1.0;B01
21058;201500014036;0;7;0;0.0;2.0;3.0;1.0;B01
21059;201500014036;0;7;0;0.0;2.0;2.0;1.0;A01
21060;201500014037;0;37;1;0.0;2.0;3.0;7.0;B01
21061;201500014037;0;1;0;0.0;2.0;2.0;12.0;A01
21062;201500014038;0;7;0;0.0;2.0;7.0;1.0;A01
21063;201500014038;0;7;0;0.0;2.0;1.0;1.0;B01
21064;201500014039;0;7;0;0.0;1.0;4.0;4.0;A01
21065;201500014040;0;7;0;13.0;2.0;9.0;1.0;B01
21066;201500014040;0;7;0;0.0;2.0;1.0;1.0;A01
21067;201500014041;0;32;0;0.0;2.0;0.0;0.0;A01
21068;201500014041;0;7;0;0.0;2.0;0.0;0.0;B01
21069;201500014042;0;7;0;0.0;2.0;3.0;2.0;C01
21070;201500014042;0;7;0;0.0;2.0;6.0;2.0;A01
21071;201500014042;0;7;0;0.0;2.0;5.0;2.0;B01
21072;201500014043;0;2;0;1.0;0.0;8.0;1.0;A01
21073;201500014044;0;7;0;0.0;1.0;2.0;1.0;A01
21074;201500014045;0;30;0;1.0;0.0;1.0;0.0;A01
21075;201500014046;0;7;0;0.0;0.0;0.0;15.0;A01
21076;201500014046;0;34;0;0.0;0.0;0.0;0.0;B01
21077;201500014047;0;7;0;0.0;1.0;0.0;1.0;A01
21078;201500014048;0;3;0;8.0;0.0;0.0;0.0;A01
21079;201500014049;0;7;0;0.0;2.0;5.0;5.0;A01
21080;201500014049;0;33;0;0.0;2.0;1.0;1.0;B01
21081;201500014050;0;32;0;0.0;2.0;0.0;0.0;A01
21082;201500014050;0;7;0;0.0;2.0;0.0;0.0;B01
21083;201500014051;0;7;0;0.0;2.0;2.0;1.0;A01
21084;201500014051;0;32;0;0.0;2.0;2.0;1.0;B01
21085;201500014052;0;32;0;0.0;0.0;8.0;1.0;A01
21086;201500014053;0;30;0;0.0;2.0;1.0;7.0;A01
21087;201500014053;0;7;0;0.0;2.0;2.0;14.0;B01
21088;201500014054;0;30;0;0.0;1.0;0.0;0.0;A01
21089;201500014055;0;33;0;0.0;0.0;0.0;21.0;A01
21090;201500014056;0;7;0;0.0;2.0;1.0;2.0;A01
21091;201500014056;0;7;0;0.0;2.0;4.0;2.0;B01
21092;201500014058;0;32;0;0.0;0.0;7.0;1.0;A01
21093;201500014059;0;34;0;0.0;1.0;1.0;21.0;A01
21094;201500014060;0;30;0;0.0;2.0;3.0;1.0;B01
21095;201500014060;0;10;0;0.0;2.0;7.0;16.0;A01
21096;201500014061;0;7;0;0.0;2.0;3.0;13.0;B01
21097;201500014061;0;32;0;0.0;2.0;2.0;17.0;A01
21098;201500014062;0;10;0;6.0;0.0;1.0;13.0;A01
21099;201500014063;0;30;0;0.0;0.0;0.0;1.0;A01
21100;201500014065;0;7;0;0.0;2.0;8.0;1.0;B01
21101;201500014065;0;7;0;0.0;2.0;1.0;1.0;A01
21102;201500014066;0;32;0;0.0;2.0;1.0;1.0;A01
21103;201500014066;1;7;0;0.0;2.0;4.0;16.0;Z01
21104;201500014067;0;7;0;0.0;2.0;2.0;1.0;B01
21105;201500014067;0;7;0;0.0;2.0;2.0;9.0;A01
21106;201500014068;2;30;0;0.0;2.0;1.0;2.0;A01
21107;201500014068;0;7;0;0.0;2.0;4.0;2.0;B01
21108;201500014069;0;32;0;0.0;2.0;8.0;1.0;A01
21109;201500014071;0;7;0;0.0;1.0;1.0;1.0;A01
21110;201500014072;0;37;0;0.0;2.0;2.0;2.0;A01
21111;201500014072;0;37;0;0.0;2.0;3.0;2.0;B01
21112;201500014073;0;33;0;0.0;9.0;3.0;1.0;A01
21113;201500014073;0;7;0;0.0;9.0;0.0;0.0;B01
21114;201500014074;0;34;0;0.0;0.0;0.0;0.0;B01
21115;201500014074;0;10;0;0.0;0.0;0.0;0.0;A01
21116;201500014075;0;7;0;0.0;2.0;3.0;1.0;C01
21117;201500014075;0;32;0;0.0;2.0;9.0;5.0;A01
21118;201500014075;0;32;0;0.0;2.0;9.0;1.0;B01
21119;201500014076;0;7;0;0.0;2.0;4.0;23.0;B01
21120;201500014076;0;31;0;0.0;2.0;1.0;2.0;A01
21121;201500014077;0;10;0;0.0;2.0;8.0;15.0;B01
21122;201500014077;0;33;0;0.0;2.0;1.0;17.0;A01
21123;201500014078;0;7;0;0.0;2.0;3.0;13.0;A01
21124;201500014078;0;7;0;0.0;2.0;3.0;1.0;B01
21125;201500014078;0;7;0;0.0;2.0;3.0;1.0;D01
21126;201500014078;0;7;0;0.0;2.0;8.0;1.0;C01
21127;201500014079;0;7;0;0.0;2.0;1.0;23.0;B01
21128;201500014079;0;7;0;14.0;0.0;1.0;23.0;A01
21129;201500014079;1;7;0;0.0;0.0;0.0;0.0;Z01
21130;201500014080;0;33;0;0.0;0.0;0.0;0.0;A01
21131;201500014081;0;7;0;0.0;2.0;3.0;19.0;A01
21132;201500014081;0;31;0;0.0;2.0;1.0;1.0;B01
21133;201500014082;0;7;0;0.0;1.0;3.0;17.0;A01
21134;201500014083;0;7;0;0.0;2.0;8.0;1.0;B01
21135;201500014083;0;7;0;0.0;2.0;2.0;12.0;A01
21136;201500014084;0;7;0;0.0;2.0;6.0;11.0;B01
21137;201500014084;0;32;0;0.0;2.0;1.0;1.0;A01
21138;201500014085;0;7;0;0.0;4.0;1.0;9.0;A01
21139;201500014085;0;40;0;0.0;2.0;3.0;1.0;B01
21140;201500014086;0;7;0;0.0;2.0;3.0;13.0;A01
21141;201500014086;0;31;0;0.0;2.0;1.0;1.0;B01
21142;201500014087;0;37;10;0.0;1.0;2.0;1.0;A01
21143;201500014088;0;7;0;0.0;0.0;8.0;23.0;B01
21144;201500014088;0;7;0;0.0;1.0;0.0;21.0;A01
21145;201500014089;0;2;0;0.0;1.0;1.0;1.0;A01
21146;201500014090;0;7;0;0.0;2.0;4.0;1.0;B01
21147;201500014090;0;7;0;0.0;2.0;1.0;1.0;A01
21148;201500014091;0;33;0;0.0;2.0;0.0;0.0;B01
21149;201500014091;0;7;0;0.0;2.0;2.0;10.0;A01
21150;201500014092;0;7;0;0.0;2.0;1.0;1.0;A01
21151;201500014092;0;30;0;0.0;2.0;8.0;1.0;B01
21152;201500014093;0;7;0;0.0;2.0;1.0;13.0;A01
21153;201500014093;0;7;0;0.0;2.0;1.0;1.0;B01
21154;201500014094;0;7;0;0.0;2.0;7.0;15.0;A01
21155;201500014094;0;7;0;0.0;2.0;1.0;1.0;B01
21156;201500014095;1;7;0;0.0;1.0;0.0;0.0;Z01
21157;201500014096;0;2;0;0.0;2.0;1.0;1.0;B01
21158;201500014096;0;10;0;0.0;2.0;1.0;15.0;A01
21159;201500014097;0;33;0;0.0;2.0;3.0;1.0;B01
21160;201500014097;0;7;0;0.0;2.0;2.0;15.0;A01
21161;201500014098;0;7;0;0.0;2.0;1.0;1.0;A01
21162;201500014098;0;7;0;0.0;2.0;3.0;23.0;B01
21163;201500014099;0;33;0;6.0;0.0;1.0;1.0;A01
21164;201500014100;0;7;0;0.0;2.0;3.0;15.0;A01
21165;201500014100;0;33;0;0.0;2.0;2.0;1.0;B01
21166;201500014101;0;33;0;0.0;0.0;1.0;2.0;B01
21167;201500014101;0;7;0;0.0;0.0;1.0;15.0;A01
21168;201500014102;0;31;0;0.0;2.0;2.0;1.0;B01
21169;201500014102;0;7;0;0.0;2.0;3.0;11.0;A01
21170;201500014103;0;1;0;0.0;0.0;0.0;0.0;A01
21171;201500014103;1;7;0;0.0;2.0;1.0;1.0;Z01
21172;201500014104;0;30;0;0.0;2.0;4.0;23.0;A01
21173;201500014104;1;7;0;0.0;2.0;1.0;1.0;Z01
21174;201500014105;0;7;0;0.0;2.0;3.0;13.0;A01
21175;201500014105;0;7;0;0.0;2.0;3.0;1.0;B01
21176;201500014106;0;7;0;0.0;2.0;1.0;11.0;A01
21177;201500014106;0;32;0;0.0;2.0;4.0;0.0;B01
21178;201500014107;0;7;0;0.0;1.0;2.0;1.0;A01
21179;201500014108;0;7;0;0.0;0.0;1.0;1.0;A01
21180;201500014109;1;7;0;0.0;0.0;0.0;0.0;Z01
21181;201500014109;0;33;0;0.0;2.0;2.0;17.0;A01
21182;201500014112;0;7;0;15.0;0.0;1.0;0.0;A01
21183;201500014113;1;7;0;0.0;1.0;1.0;1.0;Z01
21184;201500014114;0;30;0;0.0;0.0;7.0;1.0;A01
21185;201500014115;0;34;0;0.0;2.0;8.0;0.0;B01
21186;201500014115;0;10;0;0.0;2.0;3.0;0.0;A01
21187;201500014116;0;7;0;0.0;2.0;2.0;16.0;A01
21188;201500014116;0;37;4;0.0;2.0;3.0;1.0;B01
21189;201500014117;0;7;0;0.0;2.0;0.0;24.0;C01
21190;201500014117;0;7;0;0.0;2.0;0.0;23.0;B01
21191;201500014117;1;7;0;0.0;0.0;0.0;0.0;Z01
21192;201500014118;0;7;0;0.0;1.0;1.0;1.0;A01
21193;201500014119;0;7;0;6.0;0.0;1.0;14.0;A01
21194;201500014120;0;7;0;0.0;2.0;8.0;0.0;B01
21195;201500014120;0;7;0;0.0;2.0;3.0;1.0;A01
21196;201500014121;0;33;0;0.0;2.0;7.0;1.0;B01
21197;201500014121;0;7;0;0.0;2.0;1.0;16.0;A01
21198;201500014122;0;7;0;0.0;2.0;4.0;2.0;A01
21199;201500014122;1;7;0;0.0;2.0;1.0;2.0;Z01
21200;201500014123;0;7;0;0.0;2.0;4.0;24.0;B01
21201;201500014123;0;2;0;1.0;0.0;1.0;21.0;A01
21202;201500014124;0;7;0;0.0;1.0;1.0;1.0;A01
21203;201500014125;0;7;0;0.0;2.0;3.0;23.0;B01
21204;201500014125;0;7;0;0.0;2.0;3.0;1.0;A01
21205;201500014127;1;7;0;0.0;1.0;7.0;1.0;Z01
21206;201500014128;0;7;0;6.0;2.0;1.0;1.0;A01
21207;201500014128;0;7;0;0.0;2.0;4.0;2.0;B01
21208;201500014129;0;7;0;0.0;2.0;5.0;1.0;B01
21209;201500014129;0;7;0;0.0;2.0;1.0;1.0;A01
21210;201500014130;0;10;0;0.0;2.0;2.0;2.0;A01
21211;201500014130;0;1;0;0.0;2.0;4.0;2.0;B01
21212;201500014131;0;40;0;0.0;2.0;8.0;1.0;B01
21213;201500014131;0;7;0;0.0;2.0;2.0;1.0;A01
21214;201500014132;0;33;0;0.0;2.0;1.0;1.0;B01