;Num_Acc;senc;catv;occutc;obs;obsm;choc;manv;num_veh
21215;201500014132;0;7;0;0.0;2.0;6.0;16.0;A01
21216;201500014133;0;7;0;0.0;2.0;8.0;0.0;B01
21217;201500014133;0;32;0;0.0;2.0;1.0;1.0;A01
21218;201500014134;0;7;0;0.0;2.0;4.0;1.0;B01
21219;201500014134;0;7;0;0.0;2.0;1.0;1.0;A01
21220;201500014134;0;7;0;0.0;2.0;4.0;15.0;C01
21221;201500014135;0;10;0;0.0;2.0;3.0;19.0;A01
21222;201500014135;0;31;0;0.0;2.0;1.0;17.0;B01
21223;201500014137;0;7;0;0.0;2.0;3.0;10.0;A01
21224;201500014137;0;1;0;0.0;2.0;1.0;17.0;B01
21225;201500014138;2;7;0;0.0;2.0;1.0;15.0;A01
21226;201500014138;0;7;0;0.0;2.0;3.0;15.0;B01
21227;201500014140;0;7;0;0.0;1.0;2.0;2.0;A01
21228;201500014141;0;7;0;0.0;2.0;2.0;2.0;A01
21229;201500014141;0;14;0;0.0;2.0;0.0;0.0;B01
21230;201500014143;0;7;0;1.0;0.0;2.0;14.0;A01
21231;201500014143;0;7;0;0.0;2.0;6.0;24.0;B01
21232;201500014144;0;34;0;0.0;2.0;7.0;0.0;B01
21233;201500014144;1;7;0;0.0;2.0;0.0;5.0;A01
21234;201500014145;0;34;0;0.0;2.0;1.0;1.0;A01
21235;201500014145;2;7;0;0.0;2.0;2.0;1.0;Z01
21236;201500014146;0;32;0;0.0;2.0;1.0;2.0;A01
21237;201500014146;0;7;0;0.0;2.0;6.0;1.0;B01
21238;201500014147;0;32;0;1.0;2.0;1.0;2.0;A01
21239;201500014147;0;7;0;0.0;2.0;5.0;20.0;B01
21240;201500014148;0;34;0;0.0;2.0;7.0;0.0;A01
21241;201500014148;0;7;0;0.0;2.0;8.0;15.0;B01
21242;201500014151;0;7;0;0.0;2.0;6.0;1.0;B01
21243;201500014151;0;33;0;0.0;2.0;1.0;1.0;A01
21244;201500014151;0;7;0;0.0;2.0;3.0;1.0;C01
21245;201500014152;0;7;0;0.0;0.0;1.0;0.0;A01
21246;201500014152;0;10;0;0.0;2.0;4.0;2.0;B01
21247;201500014154;0;7;0;0.0;1.0;3.0;1.0;A01
21248;201500014155;0;7;0;1.0;0.0;1.0;2.0;A01
21249;201500014155;0;10;0;0.0;2.0;4.0;23.0;C01
21250;201500014155;0;7;0;1.0;0.0;4.0;23.0;B01
21251;201500014157;0;7;0;0.0;2.0;2.0;9.0;A01
21252;201500014157;0;2;0;0.0;2.0;3.0;1.0;B01
21253;201500014159;0;30;0;0.0;2.0;1.0;1.0;B01
21254;201500014159;1;7;0;0.0;2.0;1.0;1.0;Z01
21255;201500014160;0;7;0;0.0;2.0;6.0;2.0;B01
21256;201500014160;0;7;0;0.0;2.0;2.0;2.0;A01
21257;201500014161;0;7;0;6.0;2.0;7.0;1.0;B01
21258;201500014161;0;32;0;0.0;2.0;1.0;1.0;A01
21259;201500014162;0;2;0;0.0;2.0;1.0;1.0;A01
21260;201500014162;1;7;0;0.0;2.0;3.0;1.0;Z01
21261;201500014163;0;7;0;0.0;2.0;1.0;1.0;B01
21262;201500014163;0;7;0;0.0;2.0;2.0;1.0;A01
21263;201500014165;1;10;0;0.0;1.0;2.0;16.0;Z01
21264;201500014166;0;7;0;0.0;2.0;8.0;16.0;A01
21265;201500014166;0;34;0;0.0;2.0;7.0;16.0;B01
21266;201500014167;0;7;0;0.0;2.0;8.0;1.0;B01
21267;201500014167;0;7;0;0.0;2.0;2.0;16.0;A01
21268;201500014168;0;7;0;0.0;2.0;1.0;0.0;A01
21269;201500014168;0;7;0;0.0;2.0;4.0;0.0;B01
21270;201500014169;0;34;0;0.0;2.0;0.0;0.0;A01
21271;201500014169;0;7;0;0.0;2.0;2.0;1.0;B01
21272;201500014170;0;7;0;0.0;2.0;8.0;2.0;B01
21273;201500014170;0;7;0;0.0;2.0;1.0;2.0;A01
21274;201500014171;1;30;0;0.0;1.0;0.0;1.0;Z01
21275;201500014172;0;7;0;0.0;0.0;5.0;1.0;B01
21276;201500014172;2;7;0;0.0;0.0;1.0;0.0;A01
21277;201500014173;0;33;0;0.0;1.0;1.0;1.0;A01
21278;201500014174;0;7;0;0.0;2.0;2.0;15.0;A01
21279;201500014174;0;30;0;0.0;2.0;3.0;1.0;B01
21280;201500014175;0;33;0;0.0;2.0;3.0;17.0;A01
21281;201500014175;0;7;0;0.0;2.0;3.0;2.0;B01
21282;201500014176;0;7;0;8.0;0.0;2.0;0.0;A01
21283;201500014177;0;7;0;0.0;2.0;7.0;15.0;A01
21284;201500014177;0;32;0;0.0;2.0;7.0;13.0;C01
21285;201500014177;0;7;0;0.0;2.0;8.0;13.0;B01
21286;201500014178;0;7;0;1.0;2.0;5.0;0.0;B01
21287;201500014178;1;7;0;0.0;2.0;1.0;1.0;Z01
21288;201500014178;0;7;0;1.0;2.0;5.0;0.0;C01
21289;201500014178;0;7;0;0.0;2.0;8.0;19.0;A01
21290;201500014179;0;7;0;0.0;2.0;7.0;5.0;A01
21291;201500014179;0;7;0;0.0;2.0;1.0;1.0;B01
21292;201500014180;0;7;0;0.0;2.0;3.0;1.0;A01
21293;201500014180;0;7;0;0.0;2.0;3.0;15.0;B01
21294;201500014182;0;32;0;0.0;1.0;1.0;1.0;A01
21295;201500014183;0;33;0;0.0;2.0;7.0;5.0;B01
21296;201500014183;0;33;0;0.0;2.0;8.0;1.0;A01
21297;201500014184;0;33;0;8.0;2.0;1.0;1.0;B01
21298;201500014184;0;7;0;0.0;2.0;1.0;15.0;A01
21299;201500014185;0;7;0;0.0;0.0;3.0;15.0;B01
21300;201500014185;0;31;0;0.0;0.0;1.0;5.0;A01
21301;201500014186;0;7;0;8.0;2.0;1.0;1.0;A01
21302;201500014186;0;7;0;0.0;2.0;2.0;1.0;B01
21303;201500014187;0;7;0;1.0;0.0;3.0;1.0;A01
21304;201500014188;0;7;0;0.0;2.0;8.0;10.0;A01
21305;201500014188;0;32;0;0.0;2.0;1.0;1.0;B01
21306;201500014189;0;7;0;0.0;2.0;3.0;15.0;B01
21307;201500014189;0;7;0;0.0;2.0;1.0;1.0;A01
21308;201500014190;0;7;0;0.0;2.0;4.0;2.0;B01
21309;201500014190;0;7;0;0.0;2.0;1.0;2.0;A01
21310;201500014190;0;7;0;0.0;2.0;4.0;2.0;D01
21311;201500014190;0;7;0;0.0;2.0;4.0;2.0;C01
21312;201500014192;0;1;0;0.0;2.0;1.0;1.0;B01
21313;201500014192;0;7;0;0.0;2.0;2.0;16.0;A01
21314;201500014193;0;7;0;0.0;2.0;4.0;23.0;B01
21315;201500014193;1;7;0;0.0;2.0;1.0;1.0;Z01
21316;201500014194;0;33;0;0.0;1.0;1.0;1.0;A01
21317;201500014195;0;33;0;0.0;2.0;1.0;2.0;B01
21318;201500014195;0;7;0;0.0;2.0;2.0;15.0;A01
21319;201500014196;0;7;0;0.0;2.0;1.0;15.0;A01
21320;201500014196;0;33;0;0.0;2.0;8.0;1.0;B01
21321;201500014197;0;7;0;0.0;1.0;1.0;15.0;A01
21322;201500014198;1;7;0;0.0;1.0;4.0;1.0;Z01
21323;201500014199;0;34;0;0.0;2.0;1.0;1.0;A01
21324;201500014199;0;7;0;0.0;2.0;3.0;16.0;B01
21325;201500014200;0;34;0;0.0;2.0;1.0;1.0;A01
21326;201500014200;0;7;0;0.0;2.0;4.0;23.0;B01
21327;201500014201;0;7;0;0.0;2.0;6.0;15.0;B01
21328;201500014201;0;7;0;0.0;2.0;0.0;0.0;A01
21329;201500014202;0;7;0;0.0;0.0;4.0;0.0;A01
21330;201500014203;0;7;0;0.0;1.0;6.0;4.0;A01
21331;201500014204;0;2;0;0.0;2.0;5.0;16.0;B01
21332;201500014204;0;7;0;0.0;2.0;1.0;16.0;A01
21333;201500014205;0;32;0;0.0;0.0;0.0;0.0;A01
21334;201500014206;0;7;0;0.0;2.0;7.0;9.0;A01
21335;201500014206;0;7;0;0.0;2.0;1.0;1.0;B01
21336;201500014207;1;7;0;0.0;1.0;1.0;1.0;Z01
21337;201500014208;0;7;0;0.0;2.0;3.0;11.0;A01
21338;201500014208;0;7;0;0.0;2.0;2.0;11.0;B01
21339;201500014209;0;7;0;0.0;1.0;0.0;1.0;A01
21340;201500014211;0;7;0;1.0;0.0;3.0;13.0;B01
21341;201500014211;0;7;0;6.0;0.0;2.0;14.0;A01
21342;201500014212;1;7;0;0.0;1.0;1.0;1.0;Z01
21343;201500014213;1;7;0;0.0;1.0;0.0;1.0;Z01
21344;201500014214;1;7;0;0.0;2.0;3.0;15.0;B01
21345;201500014214;0;2;0;0.0;0.0;5.0;17.0;A01
21346;201500014215;0;1;0;0.0;2.0;0.0;0.0;B01
21347;201500014215;0;10;0;0.0;2.0;3.0;1.0;A01
21348;201500014216;0;7;0;0.0;1.0;1.0;1.0;A01
21349;201500014217;1;32;0;0.0;1.0;7.0;1.0;Z01
21350;201500014218;0;3;0;0.0;1.0;2.0;1.0;A01
21351;201500014220;0;7;0;0.0;2.0;0.0;0.0;B01
21352;201500014220;0;33;0;0.0;2.0;7.0;15.0;A01
21353;201500014221;0;7;0;0.0;1.0;6.0;0.0;A01
21354;201500014222;0;7;0;0.0;2.0;1.0;2.0;A01
21355;201500014222;0;7;0;0.0;2.0;4.0;23.0;C01
21356;201500014222;0;7;0;0.0;2.0;1.0;2.0;B01
21357;201500014223;0;7;0;0.0;2.0;1.0;19.0;A01
21358;201500014223;0;7;0;0.0;2.0;2.0;1.0;C01
21359;201500014223;0;7;0;0.0;2.0;5.0;1.0;B01
21360;201500014224;1;7;0;0.0;2.0;0.0;0.0;Z01
21361;201500014224;0;33;0;0.0;2.0;8.0;1.0;B01
21362;201500014225;0;33;0;0.0;2.0;1.0;1.0;B01
21363;201500014225;0;7;0;0.0;2.0;6.0;0.0;A01
21364;201500014226;0;7;0;0.0;2.0;3.0;1.0;B01
21365;201500014226;0;7;0;0.0;2.0;1.0;15.0;A01
21366;201500014227;0;10;0;0.0;1.0;3.0;1.0;A01
21367;201500014228;0;7;0;0.0;2.0;7.0;16.0;B01
21368;201500014228;0;30;0;0.0;2.0;1.0;1.0;A01
21369;201500014229;0;7;0;0.0;2.0;0.0;0.0;A01
21370;201500014229;0;7;0;0.0;2.0;0.0;0.0;B01
21371;201500014230;0;7;0;0.0;0.0;0.0;0.0;B01
21372;201500014230;0;7;0;0.0;2.0;7.0;15.0;A01
21373;201500014231;0;30;0;0.0;2.0;1.0;1.0;B01
21374;201500014231;0;7;0;0.0;2.0;0.0;1.0;A01
21375;201500014232;0;30;0;0.0;2.0;1.0;17.0;B01
21376;201500014232;0;7;0;0.0;2.0;3.0;15.0;A01
21377;201500014233;0;7;0;15.0;0.0;1.0;1.0;A01
21378;201500014234;0;7;0;0.0;1.0;1.0;15.0;A01
21379;201500014235;0;7;0;0.0;1.0;2.0;1.0;A01
21380;201500014236;0;7;0;0.0;2.0;3.0;15.0;A01
21381;201500014236;0;32;0;0.0;2.0;8.0;1.0;B01
21382;201500014237;0;7;0;0.0;1.0;3.0;0.0;A01
21383;201500014238;0;7;0;0.0;0.0;0.0;0.0;B01
21384;201500014238;0;30;0;0.0;0.0;0.0;2.0;A01
21385;201500014239;0;34;0;0.0;2.0;1.0;0.0;A01
21386;201500014239;0;7;0;0.0;2.0;3.0;2.0;B01
21387;201500014239;0;7;0;0.0;2.0;0.0;3.0;C01
21388;201500014240;0;7;0;6.0;2.0;4.0;0.0;B01
21389;201500014240;0;7;0;0.0;2.0;2.0;0.0;A01
21390;201500014241;0;7;0;8.0;0.0;1.0;19.0;A01
21391;201500014242;0;30;0;0.0;0.0;0.0;0.0;B01
21392;201500014242;1;7;0;0.0;2.0;0.0;0.0;Z01
21393;201500014242;2;7;0;0.0;0.0;0.0;0.0;A01
21394;201500014243;0;32;0;0.0;2.0;3.0;1.0;A01
21395;201500014243;1;7;0;0.0;2.0;5.0;10.0;Z01
21396;201500014244;0;7;0;0.0;2.0;2.0;1.0;B01
21397;201500014244;0;7;0;0.0;2.0;3.0;1.0;A01
21398;201500014245;0;7;0;0.0;2.0;1.0;9.0;B01
21399;201500014245;0;32;0;0.0;2.0;1.0;15.0;A01
21400;201500014246;0;33;0;0.0;2.0;1.0;13.0;A01
21401;201500014246;0;7;0;0.0;2.0;8.0;15.0;B01
21402;201500014248;0;33;0;0.0;2.0;1.0;15.0;A01
21403;201500014248;0;33;0;0.0;2.0;1.0;1.0;B01
21404;201500014249;0;32;0;0.0;2.0;1.0;1.0;B01
21405;201500014249;0;7;0;0.0;2.0;5.0;15.0;A01
21406;201500014250;1;7;0;0.0;1.0;0.0;0.0;Z01
21407;201500014252;0;34;0;1.0;0.0;9.0;1.0;A01
21408;201500014253;1;10;0;0.0;0.0;0.0;0.0;Z01
21409;201500014253;0;2;0;0.0;0.0;0.0;0.0;A01
21410;201500014254;0;7;0;0.0;2.0;2.0;15.0;B01
21411;201500014254;0;7;0;0.0;2.0;1.0;1.0;A01
21412;201500014255;0;7;0;0.0;2.0;2.0;1.0;B01
21413;201500014255;0;7;0;0.0;2.0;1.0;1.0;A01
21414;201500014256;0;30;0;0.0;2.0;1.0;1.0;B01
21415;201500014256;0;7;0;0.0;2.0;3.0;9.0;A01
21416;201500014257;0;7;0;0.0;2.0;1.0;1.0;B01
21417;201500014257;0;7;0;0.0;2.0;2.0;15.0;A01
21418;201500014258;0;7;0;0.0;2.0;8.0;1.0;B01
21419;201500014258;0;31;0;0.0;2.0;1.0;1.0;A01
21420;201500014260;0;7;0;0.0;2.0;8.0;1.0;C01
21421;201500014260;0;7;0;0.0;2.0;1.0;17.0;A01
21422;201500014260;0;7;0;0.0;2.0;1.0;1.0;B01
21423;201500014262;0;7;0;0.0;2.0;7.0;14.0;A01
21424;201500014262;0;34;0;0.0;2.0;8.0;1.0;B01
21425;201500014263;0;30;0;0.0;2.0;1.0;13.0;A01
21426;201500014263;0;7;0;0.0;2.0;5.0;15.0;B01
21427;201500014264;0;7;0;13.0;0.0;2.0;1.0;A01
21428;201500014265;0;7;0;0.0;9.0;7.0;16.0;A01
21429;201500014265;0;1;0;0.0;2.0;1.0;7.0;B01
21430;201500014266;1;7;0;0.0;2.0;0.0;0.0;Z01
21431;201500014266;0;33;0;0.0;2.0;2.0;0.0;A01
21432;201500014267;0;13;0;0.0;2.0;6.0;15.0;A01
21433;201500014267;0;33;0;0.0;2.0;4.0;1.0;B01
21434;201500014268;0;7;0;0.0;2.0;1.0;1.0;A01
21435;201500014268;0;7;0;0.0;2.0;4.0;2.0;B01
21436;201500014269;0;7;0;0.0;1.0;1.0;0.0;A01
21437;201500014274;0;2;0;0.0;0.0;0.0;2.0;A01
21438;201500014275;1;14;0;0.0;1.0;7.0;1.0;Z01
21439;201500014276;0;7;0;0.0;1.0;7.0;1.0;A01
21440;201500014277;0;7;0;0.0;2.0;6.0;13.0;B01
21441;201500014277;0;33;0;0.0;2.0;2.0;3.0;A01
21442;201500014278;0;7;0;1.0;1.0;2.0;21.0;A01
21443;201500014279;0;7;0;0.0;2.0;6.0;4.0;A01
21444;201500014279;0;1;0;0.0;2.0;5.0;19.0;B01
21445;201500014280;0;30;0;0.0;0.0;8.0;15.0;A01
21446;201500014281;0;30;0;0.0;2.0;2.0;17.0;A01
21447;201500014281;0;7;0;0.0;2.0;8.0;15.0;B01
21448;201500014283;0;7;0;0.0;1.0;1.0;1.0;A01
21449;201500014284;0;33;0;0.0;2.0;3.0;1.0;B01
21450;201500014284;0;7;0;0.0;2.0;5.0;15.0;A01
21451;201500014285;0;7;0;0.0;2.0;1.0;1.0;A01
21452;201500014285;0;7;0;0.0;2.0;4.0;1.0;C01
21453;201500014285;0;7;0;0.0;2.0;4.0;2.0;B01
21454;201500014286;0;33;0;0.0;2.0;7.0;19.0;B01
21455;201500014286;0;7;0;0.0;2.0;1.0;1.0;A01
21456;201500014288;0;2;0;0.0;2.0;1.0;6.0;A01
21457;201500014288;0;7;0;0.0;2.0;3.0;1.0;B01
21458;201500014289;0;33;0;0.0;2.0;1.0;1.0;A01
21459;201500014289;1;7;0;0.0;2.0;2.0;1.0;Z01
21460;201500014290;0;7;0;0.0;2.0;7.0;1.0;A01
21461;201500014290;0;31;0;0.0;2.0;1.0;1.0;B01
21462;201500014292;0;7;0;0.0;2.0;7.0;22.0;B01
21463;201500014292;0;30;0;1.0;0.0;3.0;18.0;A01
21464;201500014293;0;99;0;0.0;2.0;1.0;1.0;A01
21465;201500014293;0;7;0;0.0;2.0;4.0;1.0;B01
21466;201500014294;1;7;0;0.0;2.0;1.0;1.0;Z01
21467;201500014294;0;33;0;1.0;2.0;8.0;1.0;A01
21468;201500014295;0;7;0;0.0;2.0;3.0;1.0;B01
21469;201500014295;0;32;0;0.0;2.0;1.0;1.0;A01
21470;201500014296;1;7;0;0.0;1.0;2.0;1.0;Z01
21471;201500014297;0;7;0;0.0;1.0;3.0;1.0;A01
21472;201500014298;1;7;0;0.0;2.0;4.0;2.0;A01
21473;201500014298;1;7;0;0.0;2.0;1.0;0.0;Z01
21474;201500014299;0;7;0;0.0;1.0;4.0;4.0;A01
21475;201500014300;1;7;0;0.0;1.0;4.0;4.0;Z01
21476;201500014304;0;7;0;0.0;1.0;3.0;1.0;A01
21477;201500014305;0;33;0;0.0;2.0;3.0;1.0;B01
21478;201500014305;0;7;0;0.0;2.0;1.0;15.0;A01
21479;201500014306;0;30;0;0.0;2.0;0.0;1.0;A01
21480;201500014306;0;7;0;0.0;2.0;0.0;15.0;B01
21481;201500014307;0;7;0;0.0;2.0;3.0;15.0;A01
21482;201500014307;0;30;0;0.0;2.0;1.0;1.0;B01
21483;201500014308;0;37;2;0.0;2.0;3.0;1.0;B01
21484;201500014308;0;7;0;0.0;2.0;3.0;5.0;A01
21485;201500014310;0;7;0;0.0;1.0;3.0;1.0;A01
21486;201500014312;0;7;0;0.0;2.0;4.0;2.0;B01
21487;201500014312;0;7;0;0.0;2.0;1.0;2.0;A01
21488;201500014313;0;7;0;0.0;9.0;3.0;2.0;B01
21489;201500014313;0;33;0;0.0;2.0;1.0;2.0;A01
21490;201500014314;0;34;0;0.0;0.0;8.0;16.0;A01
21491;201500014316;0;2;0;0.0;2.0;1.0;15.0;A01
21492;201500014316;0;7;0;0.0;9.0;8.0;1.0;B01
21493;201500014317;0;7;0;0.0;2.0;3.0;2.0;B01
21494;201500014317;0;7;0;0.0;2.0;1.0;2.0;A01
21495;201500014318;1;7;0;0.0;2.0;0.0;1.0;Z01
21496;201500014318;0;30;0;0.0;2.0;6.0;15.0;A01
21497;201500014320;0;33;0;0.0;2.0;1.0;0.0;A01
21498;201500014320;0;33;0;0.0;2.0;4.0;0.0;B01
21499;201500014321;0;15;0;0.0;2.0;2.0;12.0;A01
21500;201500014321;0;3;0;0.0;2.0;7.0;1.0;B01
21501;201500014322;0;31;0;0.0;2.0;1.0;1.0;B01
21502;201500014322;0;7;0;0.0;2.0;3.0;19.0;A01
21503;201500014323;0;31;0;0.0;1.0;1.0;1.0;A01
21504;201500014325;2;7;0;0.0;2.0;1.0;2.0;Z01
21505;201500014325;0;7;0;0.0;2.0;4.0;1.0;B01
21506;201500014326;0;32;0;0.0;2.0;7.0;1.0;B01
21507;201500014326;0;7;0;0.0;2.0;3.0;1.0;A01
21508;201500014327;0;7;0;0.0;0.0;4.0;0.0;B01
21509;201500014327;0;7;0;0.0;2.0;1.0;2.0;A01
21510;201500014328;0;7;0;0.0;2.0;8.0;1.0;A01
21511;201500014328;0;7;0;0.0;2.0;1.0;1.0;B01
21512;201500014329;0;7;0;0.0;2.0;3.0;15.0;A01
21513;201500014329;0;32;0;0.0;2.0;2.0;17.0;B01
21514;201500014330;0;31;0;0.0;2.0;1.0;5.0;A01
21515;201500014330;0;7;0;0.0;2.0;8.0;15.0;B01
21516;201500014331;0;7;0;0.0;2.0;4.0;2.0;C01
21517;201500014331;0;7;0;0.0;2.0;4.0;2.0;B01
21518;201500014331;0;7;0;0.0;2.0;1.0;2.0;A01
21519;201500014332;0;32;0;0.0;2.0;0.0;21.0;A01
21520;201500014332;0;7;0;0.0;2.0;0.0;9.0;B01
21521;201500014333;0;37;0;0.0;2.0;7.0;1.0;B01
21522;201500014333;0;15;0;0.0;2.0;4.0;4.0;A01
21523;201500014334;0;32;0;0.0;0.0;0.0;0.0;A01
21524;201500014336;0;7;0;0.0;2.0;1.0;1.0;B01
21525;201500014336;0;7;0;0.0;2.0;1.0;15.0;A01
21526;201500014337;0;7;0;0.0;2.0;1.0;2.0;A01
21527;201500014337;0;7;0;0.0;2.0;4.0;2.0;C01
21528;201500014337;0;7;0;0.0;2.0;4.0;0.0;B01
21529;201500014338;0;7;0;0.0;1.0;2.0;1.0;B01
21530;201500014339;0;32;0;0.0;2.0;1.0;1.0;B01
21531;201500014339;0;7;0;0.0;2.0;3.0;15.0;A01
21532;201500014340;0;7;0;0.0;0.0;0.0;0.0;B01
21533;201500014340;0;34;0;0.0;0.0;1.0;0.0;A01
21534;201500014342;0;2;0;0.0;2.0;8.0;1.0;B01
21535;201500014342;0;7;0;0.0;2.0;7.0;9.0;A01
21536;201500014343;0;7;0;0.0;2.0;8.0;24.0;B01
21537;201500014343;0;7;0;1.0;0.0;2.0;1.0;A01
21538;201500014344;0;7;0;0.0;2.0;2.0;15.0;A01
21539;201500014344;0;7;0;0.0;2.0;1.0;1.0;B01
21540;201500014346;0;34;0;0.0;1.0;8.0;1.0;A01
21541;201500014347;0;7;0;0.0;9.0;2.0;15.0;B01
21542;201500014347;0;1;0;0.0;2.0;1.0;1.0;A01
21543;201500014348;0;7;0;0.0;1.0;3.0;1.0;A01
21544;201500014349;0;7;0;0.0;2.0;6.0;10.0;A01
21545;201500014349;0;2;0;0.0;2.0;2.0;2.0;B01
21546;201500014352;0;7;0;0.0;2.0;2.0;1.0;B01
21547;201500014352;0;7;0;0.0;2.0;5.0;1.0;A01
21548;201500014353;0;33;0;0.0;2.0;8.0;1.0;A01
21549;201500014353;0;33;0;0.0;2.0;8.0;0.0;B01
21550;201500014353;0;33;0;0.0;2.0;8.0;1.0;C01
21551;201500014354;0;33;0;0.0;2.0;1.0;1.0;B01
21552;201500014354;0;7;0;0.0;2.0;2.0;15.0;A01
21553;201500014355;0;2;0;0.0;0.0;7.0;14.0;A01
21554;201500014356;0;7;0;0.0;2.0;3.0;21.0;A01
21555;201500014356;0;34;0;0.0;2.0;5.0;1.0;B01
21556;201500014356;0;10;0;0.0;2.0;3.0;1.0;C01
21557;201500014357;0;34;0;0.0;2.0;1.0;1.0;A01
21558;201500014357;0;7;0;0.0;2.0;3.0;1.0;B01
21559;201500014358;0;7;0;0.0;2.0;5.0;22.0;A01
21560;201500014358;0;7;0;0.0;2.0;3.0;3.0;B01
21561;201500014360;0;7;0;0.0;1.0;1.0;1.0;A01
21562;201500014361;0;7;0;6.0;0.0;1.0;1.0;A01
21563;201500014362;0;32;0;0.0;2.0;3.0;1.0;A01
21564;201500014362;1;7;0;0.0;2.0;0.0;1.0;Z01
21565;201500014363;0;30;0;0.0;2.0;1.0;7.0;A01
21566;201500014363;0;7;0;0.0;2.0;4.0;16.0;B01
21567;201500014364;0;37;1;0.0;2.0;1.0;2.0;A01
21568;201500014364;0;37;2;0.0;2.0;4.0;23.0;B01
21569;201500014365;0;7;0;0.0;1.0;0.0;0.0;A01
21570;201500014366;0;7;0;0.0;2.0;1.0;2.0;A01
21571;201500014366;0;7;0;0.0;2.0;4.0;2.0;B01
21572;201500014366;0;7;0;0.0;2.0;4.0;2.0;D01
21573;201500014366;0;7;0;0.0;2.0;4.0;2.0;C01
21574;201500014366;0;7;0;0.0;2.0;4.0;2.0;E01
21575;201500014367;0;7;0;0.0;1.0;1.0;15.0;A01
21576;201500014368;0;7;0;0.0;1.0;3.0;15.0;A01
21577;201500014369;0;7;0;0.0;1.0;2.0;17.0;A01
21578;201500014371;0;7;0;0.0;2.0;1.0;1.0;B01
21579;201500014371;0;10;0;0.0;2.0;1.0;13.0;A01
21580;201500014372;0;7;0;15.0;0.0;1.0;2.0;A01
21581;201500014373;0;33;0;0.0;2.0;2.0;1.0;B01
21582;201500014373;0;30;0;0.0;2.0;3.0;1.0;A01
21583;201500014374;1;7;0;0.0;1.0;0.0;0.0;Z01
21584;201500014375;0;7;0;0.0;2.0;0.0;20.0;B01
21585;201500014375;0;34;0;0.0;2.0;6.0;3.0;A01
21586;201500014376;0;7;0;0.0;2.0;1.0;15.0;A01
21587;201500014376;0;34;0;0.0;2.0;2.0;17.0;B01
21588;201500014377;0;31;0;0.0;2.0;1.0;1.0;B01
21589;201500014377;0;7;0;0.0;2.0;5.0;15.0;A01
21590;201500014378;0;33;0;0.0;2.0;8.0;1.0;A01
21591;201500014378;1;7;0;0.0;0.0;0.0;15.0;Z01
21592;201500014379;0;7;0;0.0;2.0;4.0;2.0;B01
21593;201500014379;0;7;0;0.0;2.0;1.0;2.0;A01
21594;201500014380;0;33;0;0.0;1.0;8.0;0.0;A01
21595;201500014381;0;7;0;12.0;0.0;2.0;0.0;A01
21596;201500014382;0;7;0;0.0;1.0;1.0;1.0;A01
21597;201500014383;0;7;0;0.0;2.0;7.0;1.0;B01
21598;201500014383;0;14;0;0.0;2.0;2.0;12.0;A01
21599;201500014384;0;7;0;0.0;2.0;7.0;15.0;A01
21600;201500014384;0;2;0;0.0;2.0;1.0;1.0;B01
21601;201500014385;0;7;0;0.0;1.0;3.0;2.0;A01
21602;201500014386;1;30;0;0.0;1.0;1.0;1.0;Z01
21603;201500014388;0;33;0;0.0;2.0;1.0;1.0;B01
21604;201500014388;0;7;0;1.0;2.0;3.0;10.0;A01
21605;201500014389;0;7;0;0.0;2.0;4.0;24.0;B01
21606;201500014389;0;7;0;0.0;2.0;1.0;2.0;A01
21607;201500014390;0;7;0;0.0;1.0;1.0;1.0;A01
21608;201500014391;0;33;0;0.0;2.0;3.0;17.0;A01
21609;201500014391;0;7;0;0.0;2.0;3.0;0.0;B01
21610;201500014391;0;10;0;0.0;2.0;8.0;2.0;C01
21611;201500014392;0;7;0;0.0;2.0;7.0;2.0;A01
21612;201500014392;0;7;0;0.0;9.0;6.0;0.0;B01
21613;201500014393;0;30;0;0.0;1.0;1.0;0.0;A01
21614;201500014395;0;7;0;0.0;2.0;8.0;15.0;A01
21615;201500014395;0;7;0;0.0;2.0;3.0;1.0;B01
21616;201500014396;0;7;0;0.0;2.0;1.0;15.0;A01
21617;201500014396;0;32;0;0.0;2.0;1.0;1.0;B01
21618;201500014397;0;7;0;4.0;1.0;1.0;1.0;A01
21619;201500014398;0;2;0;0.0;2.0;1.0;7.0;A01
21620;201500014398;0;7;0;0.0;2.0;7.0;16.0;B01
21621;201500014399;0;7;0;0.0;2.0;2.0;1.0;B01
21622;201500014399;0;7;0;0.0;2.0;3.0;1.0;A01
21623;201500014400;0;7;0;0.0;2.0;4.0;16.0;B01
21624;201500014400;0;7;0;0.0;2.0;1.0;1.0;A01
21625;201500014401;0;32;0;0.0;2.0;1.0;2.0;B01
21626;201500014401;0;7;0;0.0;2.0;3.0;15.0;A01
21627;201500014402;0;33;0;0.0;2.0;0.0;21.0;B01
21628;201500014402;0;7;0;0.0;2.0;0.0;11.0;A01
21629;201500014403;0;34;0;0.0;2.0;8.0;1.0;A01
21630;201500014405;0;37;0;0.0;2.0;0.0;0.0;C01
21631;201500014405;0;7;0;0.0;2.0;0.0;0.0;B01
21632;201500014405;0;7;0;0.0;2.0;0.0;0.0;A01
21633;201500014406;1;10;0;0.0;1.0;0.0;1.0;Z01
21634;201500014407;0;7;0;0.0;9.0;6.0;13.0;A01
21635;201500014407;0;1;0;0.0;2.0;6.0;0.0;B01