;Num_Acc;senc;catv;occutc;obs;obsm;choc;manv;num_veh
22056;201500014667;0;13;0;0.0;2.0;8.0;15.0;A01
22057;201500014668;0;7;0;0.0;2.0;4.0;23.0;C01
22058;201500014668;0;7;0;0.0;2.0;4.0;23.0;B01
22059;201500014668;2;7;0;0.0;2.0;1.0;2.0;A01
22060;201500014669;0;7;0;0.0;0.0;1.0;21.0;A01
22061;201500014670;0;7;0;8.0;2.0;8.0;2.0;A01
22062;201500014670;0;7;0;0.0;2.0;1.0;2.0;B01
22063;201500014671;0;7;0;0.0;2.0;1.0;1.0;B01
22064;201500014671;0;7;0;0.0;2.0;3.0;1.0;A01
22065;201500014672;0;7;0;0.0;2.0;5.0;0.0;B01
22066;201500014672;0;7;0;0.0;2.0;3.0;9.0;A01
22067;201500014673;0;7;0;0.0;1.0;3.0;15.0;A01
22068;201500014674;2;7;0;3.0;0.0;1.0;0.0;Z01
22069;201500014675;0;31;0;0.0;2.0;1.0;1.0;B01
22070;201500014675;0;7;0;0.0;2.0;1.0;15.0;A01
22071;201500014676;0;32;0;0.0;2.0;8.0;17.0;A01
22072;201500014676;0;7;0;0.0;2.0;8.0;15.0;B01
22073;201500014677;1;7;0;0.0;2.0;0.0;0.0;B01
22074;201500014677;1;2;0;0.0;2.0;0.0;0.0;A01
22075;201500014679;0;2;0;0.0;1.0;0.0;0.0;A01
22076;201500014680;0;32;0;0.0;2.0;3.0;1.0;B01
22077;201500014680;0;7;0;0.0;2.0;7.0;12.0;A01
22078;201500014681;0;7;0;1.0;1.0;2.0;1.0;A01
22079;201500014682;0;33;0;0.0;2.0;1.0;18.0;A01
22080;201500014682;0;7;0;0.0;2.0;2.0;15.0;B01
22081;201500014683;0;31;0;0.0;1.0;1.0;1.0;A01
22082;201500014684;0;7;0;0.0;2.0;1.0;2.0;A01
22083;201500014684;0;7;0;0.0;2.0;3.0;2.0;B01
22084;201500014685;0;7;0;0.0;2.0;1.0;2.0;A01
22085;201500014685;0;7;0;0.0;2.0;0.0;0.0;C01
22086;201500014685;0;7;0;0.0;2.0;0.0;0.0;B01
22087;201500014686;0;7;0;0.0;2.0;7.0;16.0;B01
22088;201500014686;0;33;0;0.0;2.0;1.0;18.0;A01
22089;201500014687;0;7;0;0.0;2.0;1.0;1.0;A01
22090;201500014687;0;7;0;0.0;2.0;4.0;1.0;B01
22091;201500014688;0;7;0;0.0;2.0;1.0;15.0;A01
22092;201500014688;0;30;0;0.0;2.0;1.0;1.0;B01
22093;201500014689;0;33;0;0.0;0.0;0.0;0.0;A01
22094;201500014690;0;7;0;0.0;2.0;4.0;23.0;A01
22095;201500014690;0;7;0;0.0;2.0;0.0;0.0;B01
22096;201500014691;0;7;0;0.0;2.0;2.0;15.0;A01
22097;201500014691;0;2;0;0.0;2.0;1.0;1.0;B01
22098;201500014692;0;34;0;15.0;2.0;1.0;1.0;B01
22099;201500014692;0;7;0;0.0;2.0;1.0;15.0;A01
22100;201500014693;0;7;0;0.0;2.0;2.0;1.0;A01
22101;201500014693;0;7;0;0.0;2.0;3.0;1.0;B01
22102;201500014694;0;34;0;0.0;2.0;1.0;1.0;B01
22103;201500014694;0;7;0;0.0;2.0;2.0;15.0;A01
22104;201500014696;0;7;0;0.0;2.0;1.0;15.0;A01
22105;201500014696;0;33;0;0.0;2.0;1.0;1.0;B01
22106;201500014697;0;7;0;0.0;2.0;3.0;1.0;A01
22107;201500014697;0;10;0;0.0;2.0;3.0;1.0;B01
22108;201500014698;0;7;0;0.0;0.0;0.0;0.0;A01
22109;201500014698;0;34;0;0.0;0.0;3.0;0.0;B01
22110;201500014699;0;37;0;0.0;2.0;6.0;24.0;B01
22111;201500014699;0;33;0;1.0;0.0;1.0;2.0;A01
22112;201500014700;0;33;0;0.0;6.0;2.0;21.0;A01
22113;201500014701;0;7;0;1.0;0.0;2.0;14.0;A01
22114;201500014701;0;7;0;0.0;2.0;8.0;24.0;B01
22115;201500014702;0;33;0;0.0;0.0;7.0;1.0;A01
22116;201500014703;1;7;0;0.0;0.0;0.0;0.0;Z01
22117;201500014703;0;2;0;0.0;2.0;3.0;13.0;A01
22118;201500014704;0;7;0;0.0;9.0;3.0;15.0;A01
22119;201500014704;0;33;0;0.0;2.0;3.0;17.0;B01
22120;201500014705;0;34;0;0.0;2.0;1.0;1.0;B01
22121;201500014705;0;7;0;0.0;2.0;3.0;16.0;A01
22122;201500014706;0;32;0;0.0;2.0;0.0;17.0;B01
22123;201500014706;1;99;0;0.0;0.0;0.0;0.0;Z01
22124;201500014707;0;31;0;16.0;0.0;2.0;1.0;A01
22125;201500014709;0;7;0;0.0;2.0;3.0;1.0;A01
22126;201500014709;0;7;0;0.0;2.0;2.0;1.0;B01
22127;201500014710;0;2;0;0.0;2.0;9.0;1.0;A01
22128;201500014710;0;7;0;0.0;9.0;3.0;15.0;B01
22129;201500014711;0;7;0;0.0;2.0;0.0;0.0;B01
22130;201500014711;0;33;0;0.0;2.0;0.0;0.0;A01
22131;201500014712;0;7;0;0.0;2.0;1.0;0.0;A01
22132;201500014712;0;7;0;0.0;2.0;4.0;0.0;B01
22133;201500014713;0;32;0;0.0;2.0;1.0;1.0;B01
22134;201500014713;0;7;0;0.0;2.0;8.0;10.0;A01
22135;201500014714;0;7;0;0.0;2.0;6.0;1.0;A01
22136;201500014714;0;33;0;0.0;2.0;1.0;1.0;B01
22137;201500014715;0;7;0;0.0;0.0;4.0;23.0;B01
22138;201500014715;0;7;0;0.0;2.0;1.0;2.0;A01
22139;201500014716;0;7;0;0.0;2.0;3.0;19.0;B01
22140;201500014716;0;31;0;0.0;2.0;1.0;1.0;A01
22141;201500014717;0;10;0;0.0;2.0;2.0;1.0;A01
22142;201500014717;0;7;0;0.0;2.0;3.0;0.0;B01
22143;201500014718;1;7;0;0.0;2.0;0.0;0.0;Z01
22144;201500014718;0;34;0;0.0;2.0;8.0;0.0;B01
22145;201500014719;0;30;0;0.0;0.0;2.0;1.0;A01
22146;201500014720;0;7;0;0.0;1.0;3.0;0.0;A01
22147;201500014721;0;34;0;0.0;1.0;1.0;1.0;A01
22148;201500014722;0;30;0;14.0;2.0;7.0;1.0;A01
22149;201500014722;0;7;0;0.0;0.0;2.0;1.0;B01
22150;201500014724;0;7;0;0.0;2.0;7.0;0.0;A01
22151;201500014724;0;30;0;0.0;2.0;8.0;1.0;B01
22152;201500014725;0;7;0;0.0;1.0;3.0;1.0;A01
22153;201500014726;0;7;0;0.0;2.0;3.0;1.0;B01
22154;201500014726;0;30;0;0.0;2.0;1.0;17.0;A01
22155;201500014728;0;32;0;0.0;1.0;1.0;1.0;A01
22156;201500014729;0;7;0;0.0;2.0;1.0;2.0;A01
22157;201500014729;0;7;0;0.0;2.0;4.0;2.0;B01
22158;201500014730;0;10;0;0.0;1.0;1.0;0.0;A01
22159;201500014731;0;7;0;14.0;0.0;2.0;1.0;A01
22160;201500014732;0;7;0;0.0;2.0;8.0;0.0;B01
22161;201500014732;0;7;0;0.0;2.0;3.0;6.0;A01
22162;201500014733;0;32;0;0.0;2.0;9.0;1.0;B01
22163;201500014733;0;7;0;0.0;2.0;2.0;15.0;A01
22164;201500014734;0;7;0;0.0;1.0;1.0;17.0;A01
22165;201500014735;0;7;0;1.0;2.0;7.0;0.0;C01
22166;201500014735;0;7;0;1.0;2.0;8.0;1.0;B01
22167;201500014735;0;7;0;0.0;2.0;1.0;1.0;A01
22168;201500014736;0;33;0;0.0;2.0;9.0;0.0;B01
22169;201500014736;2;10;0;0.0;2.0;1.0;0.0;A01
22170;201500014737;0;7;0;0.0;1.0;2.0;1.0;A01
22171;201500014738;0;7;0;0.0;2.0;7.0;2.0;B01
22172;201500014738;0;7;0;0.0;2.0;1.0;16.0;A01
22173;201500014739;0;2;0;0.0;2.0;1.0;16.0;A01
22174;201500014739;0;33;0;0.0;2.0;8.0;1.0;B01
22175;201500014740;0;10;0;0.0;2.0;1.0;1.0;A01
22176;201500014740;0;7;0;0.0;2.0;4.0;2.0;B01
22177;201500014741;0;32;0;0.0;2.0;6.0;18.0;A01
22178;201500014741;0;7;0;0.0;2.0;2.0;1.0;B01
22179;201500014742;0;7;0;0.0;2.0;0.0;0.0;B01
22180;201500014742;0;7;0;0.0;2.0;6.0;13.0;A01
22181;201500014743;0;33;0;0.0;2.0;1.0;2.0;B01
22182;201500014743;0;7;0;0.0;2.0;3.0;10.0;A01
22183;201500014744;0;30;0;0.0;2.0;8.0;1.0;B01
22184;201500014744;0;7;0;0.0;2.0;8.0;15.0;A01
22185;201500014745;0;34;0;0.0;2.0;1.0;21.0;B01
22186;201500014745;0;7;0;0.0;2.0;8.0;10.0;A01
22187;201500014746;0;7;0;0.0;2.0;1.0;2.0;B01
22188;201500014746;0;33;0;15.0;2.0;8.0;2.0;A01
22189;201500014747;0;32;0;16.0;2.0;0.0;0.0;A01
22190;201500014747;0;7;0;0.0;2.0;8.0;1.0;B01
22191;201500014748;0;7;0;8.0;0.0;1.0;1.0;A01
22192;201500014749;0;30;0;0.0;0.0;0.0;0.0;A01
22193;201500014750;0;32;0;8.0;0.0;1.0;1.0;A01
22194;201500014751;1;7;0;0.0;2.0;3.0;15.0;Z01
22195;201500014751;0;2;0;0.0;2.0;1.0;1.0;A01
22196;201500014752;0;30;0;0.0;2.0;1.0;1.0;A01
22197;201500014752;0;7;0;0.0;2.0;3.0;15.0;B01
22198;201500014753;0;7;0;15.0;1.0;2.0;1.0;A01
22199;201500014754;0;7;0;0.0;2.0;1.0;1.0;B01
22200;201500014754;0;7;0;0.0;2.0;4.0;6.0;A01
22201;201500014755;0;99;0;0.0;1.0;7.0;1.0;A01
22202;201500014757;0;33;0;0.0;0.0;2.0;21.0;B01
22203;201500014757;0;7;0;0.0;2.0;6.0;15.0;A01
22204;201500014758;0;7;0;0.0;2.0;3.0;13.0;A01
22205;201500014758;0;7;0;0.0;2.0;3.0;0.0;B01
22206;201500014759;0;99;0;0.0;0.0;0.0;0.0;A01
22207;201500014760;0;10;0;0.0;2.0;8.0;19.0;B01
22208;201500014760;0;32;0;0.0;2.0;1.0;1.0;A01
22209;201500014761;0;7;0;0.0;2.0;4.0;1.0;B01
22210;201500014761;0;7;0;0.0;2.0;1.0;2.0;A01
22211;201500014762;0;7;0;0.0;2.0;0.0;0.0;A01
22212;201500014762;0;7;0;0.0;2.0;0.0;0.0;B01
22213;201500014763;0;7;0;9.0;0.0;2.0;0.0;A01
22214;201500014764;0;7;0;0.0;1.0;3.0;15.0;A01
22215;201500014766;0;34;0;0.0;0.0;7.0;21.0;A01
22216;201500014767;0;34;0;0.0;2.0;0.0;0.0;B01
22217;201500014767;0;7;0;0.0;2.0;2.0;16.0;A01
22218;201500014768;1;7;0;0.0;2.0;0.0;12.0;Z01
22219;201500014768;0;7;0;1.0;2.0;1.0;21.0;A01
22220;201500014769;0;7;0;0.0;2.0;1.0;5.0;A01
22221;201500014769;0;1;0;0.0;0.0;0.0;0.0;B01
22222;201500014770;0;7;0;0.0;2.0;3.0;15.0;A01
22223;201500014770;0;32;0;0.0;2.0;2.0;17.0;B01
22224;201500014771;0;1;0;0.0;2.0;4.0;2.0;B01
22225;201500014771;0;30;0;1.0;9.0;1.0;2.0;A01
22226;201500014771;1;7;0;0.0;2.0;0.0;2.0;Z01
22227;201500014772;0;30;0;0.0;2.0;1.0;2.0;A01
22228;201500014772;0;7;0;0.0;2.0;6.0;23.0;B01
22229;201500014773;0;7;0;1.0;2.0;2.0;1.0;A01
22230;201500014774;1;7;0;0.0;1.0;1.0;0.0;Z01
22231;201500014775;0;7;0;0.0;2.0;1.0;1.0;A01
22232;201500014775;0;7;0;0.0;2.0;4.0;2.0;B01
22233;201500014776;0;32;0;0.0;1.0;7.0;0.0;A01
22234;201500014777;0;7;0;0.0;2.0;8.0;10.0;A01
22235;201500014777;0;33;0;0.0;2.0;1.0;1.0;B01
22236;201500014778;0;33;0;0.0;2.0;1.0;1.0;B01
22237;201500014778;0;7;0;0.0;2.0;8.0;15.0;A01
22238;201500014779;0;32;0;0.0;2.0;0.0;1.0;B01
22239;201500014779;0;7;0;0.0;2.0;6.0;10.0;A01
22240;201500014781;0;10;0;0.0;2.0;5.0;0.0;B01
22241;201500014781;0;7;0;0.0;2.0;3.0;2.0;A01
22242;201500014782;0;2;0;1.0;2.0;1.0;12.0;A01
22243;201500014783;0;7;0;0.0;2.0;1.0;2.0;A01
22244;201500014783;0;7;0;0.0;2.0;4.0;23.0;B01
22245;201500014784;0;7;0;0.0;2.0;0.0;0.0;B01
22246;201500014784;0;32;0;0.0;2.0;0.0;0.0;A01
22247;201500014785;0;7;0;0.0;2.0;1.0;1.0;A01
22248;201500014785;0;7;0;0.0;2.0;3.0;1.0;B01
22249;201500014786;0;7;0;1.0;2.0;1.0;2.0;A01
22250;201500014787;0;7;0;0.0;1.0;3.0;1.0;A01
22251;201500014789;0;7;0;0.0;2.0;1.0;1.0;B01
22252;201500014789;0;34;0;0.0;2.0;1.0;5.0;A01
22253;201500014790;0;7;0;0.0;2.0;1.0;2.0;B01
22254;201500014790;0;17;0;0.0;2.0;6.0;4.0;A01
22255;201500014791;0;2;0;1.0;0.0;4.0;1.0;A01
22256;201500014792;0;7;0;0.0;2.0;0.0;0.0;B01
22257;201500014792;0;7;0;0.0;2.0;1.0;2.0;A01
22258;201500014793;0;7;0;0.0;2.0;3.0;15.0;A01
22259;201500014793;0;32;0;0.0;2.0;1.0;1.0;B01
22260;201500014794;0;7;0;0.0;2.0;6.0;1.0;B01
22261;201500014794;0;7;0;0.0;2.0;1.0;1.0;A01
22262;201500014796;0;30;0;0.0;2.0;2.0;2.0;A01
22263;201500014796;0;7;0;0.0;2.0;0.0;0.0;B01
22264;201500014797;0;33;0;0.0;2.0;0.0;1.0;B01
22265;201500014797;1;7;0;0.0;9.0;3.0;15.0;Z01
22266;201500014798;0;33;0;0.0;2.0;8.0;1.0;B01
22267;201500014798;0;7;0;0.0;2.0;3.0;1.0;A01
22268;201500014799;0;7;0;0.0;1.0;1.0;1.0;A01
22269;201500014800;0;2;0;0.0;2.0;1.0;1.0;B01
22270;201500014800;0;7;0;0.0;2.0;4.0;1.0;A01
22271;201500014801;0;7;0;1.0;2.0;1.0;2.0;B01
22272;201500014801;0;7;0;9.0;2.0;2.0;2.0;A01
22273;201500014802;0;7;0;0.0;1.0;1.0;1.0;A01
22274;201500014803;1;7;0;0.0;2.0;3.0;0.0;Z01
22275;201500014803;0;30;0;0.0;2.0;7.0;1.0;B01
22276;201500014804;0;7;0;0.0;2.0;2.0;1.0;B01
22277;201500014804;0;10;0;0.0;2.0;8.0;9.0;A01
22278;201500014805;0;7;0;9.0;2.0;7.0;1.0;A01
22279;201500014805;0;7;0;0.0;2.0;1.0;19.0;B01
22280;201500014806;0;7;0;14.0;0.0;1.0;1.0;A01
22281;201500014806;0;7;0;0.0;2.0;4.0;23.0;B01
22282;201500014807;0;31;0;0.0;0.0;0.0;0.0;A01
22283;201500014808;0;33;0;0.0;2.0;4.0;23.0;B01
22284;201500014808;0;7;0;0.0;2.0;1.0;2.0;A01
22285;201500014809;0;7;0;0.0;2.0;7.0;12.0;A01
22286;201500014809;0;32;0;0.0;2.0;1.0;1.0;B01
22287;201500014810;1;7;0;0.0;1.0;4.0;4.0;Z01
22288;201500014811;0;7;0;0.0;2.0;0.0;0.0;B01
22289;201500014811;0;7;0;0.0;2.0;7.0;15.0;A01
22290;201500014812;0;7;0;0.0;2.0;3.0;15.0;B01
22291;201500014812;0;7;0;0.0;2.0;1.0;1.0;A01
22292;201500014813;0;7;0;0.0;1.0;1.0;1.0;A01
22293;201500014814;0;7;0;0.0;0.0;1.0;1.0;A01
22294;201500014816;0;7;0;0.0;2.0;0.0;15.0;A01
22295;201500014816;0;32;0;0.0;2.0;1.0;1.0;B01
22296;201500014817;0;33;0;8.0;0.0;1.0;0.0;A01
22297;201500014818;0;7;0;0.0;2.0;0.0;0.0;B01
22298;201500014818;0;7;0;0.0;2.0;1.0;0.0;A01
22299;201500014820;0;34;0;0.0;0.0;0.0;0.0;A01
22300;201500014821;0;7;0;0.0;2.0;1.0;1.0;A01
22301;201500014821;0;7;0;0.0;2.0;8.0;0.0;B01
22302;201500014822;0;7;0;0.0;2.0;1.0;1.0;B01
22303;201500014822;0;7;0;0.0;2.0;3.0;1.0;A01
22304;201500014823;0;31;0;12.0;0.0;0.0;0.0;A01
22305;201500014824;0;7;0;0.0;2.0;2.0;21.0;A01
22306;201500014824;0;37;0;0.0;2.0;6.0;23.0;B01
22307;201500014825;0;7;0;8.0;0.0;9.0;0.0;A01
22308;201500014827;0;7;0;0.0;2.0;3.0;10.0;A01
22309;201500014827;0;10;0;0.0;2.0;0.0;0.0;C01
22310;201500014827;0;7;0;0.0;2.0;1.0;1.0;B01
22311;201500014828;0;7;0;0.0;2.0;1.0;1.0;A01
22312;201500014828;0;7;0;0.0;2.0;1.0;1.0;B01
22313;201500014829;0;30;0;0.0;0.0;8.0;21.0;A01
22314;201500014830;0;7;0;14.0;0.0;1.0;1.0;B01
22315;201500014830;0;7;0;0.0;0.0;4.0;23.0;A01
22316;201500014831;0;7;0;0.0;1.0;1.0;1.0;A01
22317;201500014833;2;2;0;0.0;2.0;3.0;1.0;A01
22318;201500014833;0;7;0;0.0;2.0;3.0;1.0;B01
22319;201500014834;0;7;0;0.0;2.0;4.0;23.0;B01
22320;201500014834;0;7;0;0.0;2.0;1.0;2.0;A01
22321;201500014835;1;7;0;0.0;2.0;0.0;0.0;Z01
22322;201500014835;0;2;0;0.0;2.0;1.0;2.0;A01
22323;201500014836;0;7;0;0.0;2.0;1.0;1.0;A01
22324;201500014836;0;7;0;0.0;2.0;4.0;1.0;B01
22325;201500014837;0;7;0;1.0;2.0;1.0;1.0;A01
22326;201500014837;0;7;0;1.0;2.0;9.0;0.0;B01
22327;201500014838;1;7;0;0.0;2.0;0.0;0.0;Z01
22328;201500014838;0;7;0;0.0;2.0;4.0;2.0;B01
22329;201500014839;0;33;0;0.0;2.0;1.0;2.0;B01
22330;201500014839;1;7;0;0.0;2.0;8.0;11.0;Z01
22331;201500014840;0;30;0;0.0;2.0;8.0;0.0;A01
22332;201500014840;0;7;0;0.0;2.0;7.0;0.0;B01
22333;201500014841;1;33;0;0.0;1.0;1.0;0.0;Z01
22334;201500014842;0;7;0;0.0;2.0;4.0;23.0;C01
22335;201500014842;0;7;0;0.0;2.0;4.0;23.0;B01
22336;201500014842;0;7;0;0.0;2.0;1.0;2.0;A01
22337;201500014844;0;7;0;0.0;1.0;1.0;1.0;A01
22338;201500014845;0;30;0;0.0;2.0;0.0;0.0;B01
22339;201500014845;0;7;0;0.0;2.0;0.0;0.0;A01
22340;201500014846;0;7;0;0.0;2.0;4.0;2.0;B01
22341;201500014846;0;30;0;0.0;2.0;1.0;2.0;A01
22342;201500014847;0;7;0;0.0;2.0;8.0;23.0;B01
22343;201500014847;0;33;0;0.0;2.0;1.0;1.0;A01
22344;201500014848;0;7;0;0.0;2.0;1.0;1.0;B01
22345;201500014848;0;7;0;0.0;2.0;7.0;15.0;A01
22346;201500014849;0;7;0;0.0;2.0;8.0;16.0;A01
22347;201500014849;0;30;0;0.0;2.0;2.0;2.0;B01
22348;201500014851;1;7;0;0.0;2.0;1.0;1.0;A01
22349;201500014851;0;33;0;0.0;2.0;7.0;15.0;B01
22350;201500014852;0;30;0;0.0;2.0;1.0;5.0;A01
22351;201500014852;0;7;0;0.0;2.0;8.0;23.0;D01
22352;201500014852;0;30;0;0.0;2.0;1.0;5.0;B01
22353;201500014852;0;7;0;0.0;2.0;1.0;1.0;C01
22354;201500014853;0;30;0;0.0;0.0;1.0;1.0;A01
22355;201500014854;0;32;0;0.0;2.0;1.0;1.0;B01
22356;201500014854;0;7;0;0.0;2.0;0.0;15.0;A01
22357;201500014855;0;7;0;0.0;1.0;1.0;15.0;A01
22358;201500014856;0;7;0;0.0;2.0;3.0;0.0;A01
22359;201500014856;0;30;0;0.0;2.0;1.0;0.0;B01
22360;201500014857;0;34;0;0.0;2.0;4.0;2.0;B01
22361;201500014857;0;10;0;0.0;2.0;1.0;2.0;A01
22362;201500014858;0;7;0;0.0;1.0;0.0;1.0;A01
22363;201500014860;0;2;0;8.0;0.0;1.0;1.0;A01
22364;201500014861;0;31;0;0.0;2.0;1.0;0.0;B01
22365;201500014861;0;7;0;0.0;2.0;2.0;12.0;A01
22366;201500014862;0;33;0;0.0;2.0;2.0;17.0;A01
22367;201500014862;0;7;0;0.0;2.0;8.0;0.0;B01
22368;201500014863;0;30;0;0.0;1.0;0.0;0.0;A01
22369;201500014864;0;30;0;0.0;2.0;1.0;18.0;A01
22370;201500014864;0;7;0;0.0;2.0;5.0;2.0;B01
22371;201500014866;0;7;0;0.0;2.0;4.0;1.0;B01
22372;201500014866;0;7;0;0.0;2.0;1.0;1.0;A01
22373;201500014867;0;7;0;0.0;2.0;3.0;15.0;B01
22374;201500014867;0;32;0;0.0;2.0;1.0;17.0;A01
22375;201500014868;0;30;0;0.0;2.0;1.0;1.0;A01
22376;201500014868;0;7;0;0.0;2.0;1.0;1.0;B01
22377;201500014869;0;7;0;0.0;1.0;6.0;1.0;A01
22378;201500014870;0;2;0;0.0;1.0;1.0;1.0;A01
22379;201500014871;0;33;0;0.0;2.0;1.0;1.0;B01
22380;201500014871;0;7;0;0.0;2.0;3.0;15.0;A01
22381;201500014872;0;32;0;1.0;2.0;1.0;1.0;A01
22382;201500014873;0;7;0;0.0;2.0;2.0;1.0;A01
22383;201500014873;0;7;0;0.0;2.0;3.0;1.0;B01
22384;201500014874;0;7;0;0.0;2.0;4.0;2.0;B01
22385;201500014874;0;32;0;0.0;2.0;1.0;17.0;A01
22386;201500014875;0;7;0;0.0;2.0;8.0;1.0;A01
22387;201500014875;0;31;0;0.0;2.0;7.0;1.0;B01
22388;201500014876;0;32;0;0.0;2.0;8.0;1.0;B01
22389;201500014876;0;7;0;7.0;2.0;1.0;1.0;A01
22390;201500014877;0;7;0;0.0;1.0;1.0;9.0;A01
22391;201500014878;0;2;0;0.0;2.0;8.0;10.0;A01
22392;201500014878;0;7;0;0.0;2.0;2.0;1.0;B01
22393;201500014879;0;7;0;0.0;1.0;2.0;1.0;A01
22394;201500014880;0;7;0;0.0;2.0;4.0;23.0;B01
22395;201500014880;0;7;0;0.0;2.0;4.0;23.0;A01
22396;201500014880;1;7;0;0.0;2.0;1.0;1.0;Z01
22397;201500014881;0;7;0;0.0;2.0;3.0;15.0;B01
22398;201500014881;0;30;0;0.0;2.0;8.0;19.0;A01
22399;201500014882;0;30;0;0.0;2.0;8.0;1.0;B01
22400;201500014882;0;7;0;0.0;2.0;1.0;0.0;A01
22401;201500014883;0;7;0;0.0;1.0;1.0;1.0;A01
22402;201500014884;0;7;0;0.0;2.0;3.0;1.0;B01
22403;201500014884;0;30;0;0.0;2.0;1.0;15.0;A01
22404;201500014886;0;7;0;0.0;1.0;1.0;1.0;A01
22405;201500014887;0;7;0;1.0;0.0;1.0;0.0;A01
22406;201500014889;0;7;0;0.0;2.0;3.0;1.0;B01
22407;201500014889;0;34;0;0.0;2.0;1.0;15.0;A01
22408;201500014890;0;7;0;0.0;2.0;3.0;1.0;A01
22409;201500014890;0;34;0;0.0;2.0;1.0;0.0;B01
22410;201500014891;0;7;0;9.0;2.0;6.0;17.0;A01
22411;201500014891;0;7;0;0.0;2.0;0.0;15.0;B01
22412;201500014892;0;99;0;0.0;2.0;0.0;0.0;B01
22413;201500014892;0;30;0;0.0;2.0;7.0;21.0;A01
22414;201500014893;1;2;0;0.0;1.0;0.0;5.0;Z01
22415;201500014894;0;30;0;0.0;1.0;0.0;0.0;A01
22416;201500014895;0;33;0;0.0;2.0;1.0;1.0;B01
22417;201500014895;0;7;0;0.0;2.0;1.0;15.0;A01
22418;201500014896;0;33;0;0.0;2.0;1.0;1.0;A01
22419;201500014896;1;7;0;0.0;2.0;5.0;15.0;Z01
22420;201500014897;0;7;0;8.0;2.0;1.0;21.0;A01
22421;201500014898;0;2;0;0.0;0.0;1.0;1.0;A01
22422;201500014899;0;32;0;0.0;2.0;1.0;9.0;A01
22423;201500014899;0;32;0;0.0;2.0;4.0;9.0;B01
22424;201500014900;0;30;0;0.0;0.0;2.0;0.0;A01
22425;201500014901;0;7;0;0.0;2.0;3.0;1.0;B01
22426;201500014901;0;7;0;0.0;2.0;2.0;1.0;A01
22427;201500014902;0;33;0;0.0;2.0;2.0;1.0;B01
22428;201500014902;0;7;0;0.0;2.0;3.0;1.0;A01
22429;201500014904;0;7;0;0.0;2.0;0.0;0.0;B01
22430;201500014904;0;7;0;0.0;2.0;1.0;2.0;A01
22431;201500014906;0;7;0;0.0;2.0;4.0;23.0;A01
22432;201500014907;0;33;0;15.0;0.0;1.0;1.0;A01
22433;201500014908;0;7;0;0.0;1.0;1.0;9.0;A01
22434;201500014909;0;2;0;0.0;2.0;0.0;17.0;A01
22435;201500014909;1;7;0;0.0;2.0;6.0;15.0;Z01
22436;201500014910;0;30;0;0.0;2.0;1.0;1.0;B01
22437;201500014910;0;7;0;0.0;2.0;7.0;19.0;A01
22438;201500014911;0;33;0;13.0;0.0;1.0;1.0;A01
22439;201500014912;0;31;0;0.0;2.0;1.0;2.0;A01
22440;201500014912;0;7;0;0.0;2.0;2.0;14.0;B01
22441;201500014913;1;34;0;0.0;1.0;1.0;1.0;Z01
22442;201500014914;0;30;0;8.0;2.0;8.0;1.0;A01
22443;201500014916;0;30;0;1.0;0.0;1.0;21.0;A01
22444;201500014917;0;37;0;0.0;2.0;3.0;1.0;B01
22445;201500014917;0;7;0;0.0;2.0;2.0;1.0;A01
22446;201500014918;0;31;0;0.0;2.0;1.0;0.0;B01
22447;201500014918;0;7;0;0.0;2.0;2.0;15.0;A01
22448;201500014919;0;33;0;0.0;2.0;2.0;1.0;A01
22449;201500014919;0;7;0;0.0;2.0;1.0;1.0;B01
22450;201500014920;0;30;0;0.0;2.0;5.0;1.0;A01
22451;201500014920;1;7;0;0.0;2.0;0.0;0.0;Z01
22452;201500014921;1;2;0;0.0;2.0;0.0;1.0;B01
22453;201500014922;0;30;0;0.0;2.0;0.0;1.0;A01
22454;201500014922;1;7;0;0.0;2.0;0.0;0.0;Z01
22455;201500014923;0;7;0;0.0;2.0;1.0;0.0;A01
22456;201500014923;0;7;0;0.0;2.0;7.0;1.0;B01
22457;201500014925;1;7;0;0.0;1.0;0.0;0.0;Z01
22458;201500014926;0;1;0;0.0;0.0;0.0;0.0;A01
22459;201500014927;0;7;0;0.0;2.0;1.0;1.0;A01
22460;201500014927;0;7;0;0.0;2.0;4.0;1.0;B01
22461;201500014928;0;30;0;0.0;2.0;8.0;17.0;A01
22462;201500014928;0;7;0;0.0;2.0;3.0;15.0;B01
22463;201500014929;0;33;0;12.0;0.0;3.0;16.0;A01
22464;201500014930;0;2;0;0.0;0.0;0.0;0.0;A01
22465;201500014931;0;7;0;0.0;2.0;6.0;3.0;A01
22466;201500014931;0;32;0;0.0;2.0;1.0;2.0;B01
22467;201500014932;0;33;0;0.0;2.0;1.0;1.0;B01
22468;201500014932;0;7;0;0.0;2.0;2.0;9.0;A01
22469;201500014933;0;7;0;0.0;0.0;0.0;0.0;A01
22470;201500014934;0;7;0;0.0;1.0;3.0;0.0;A01
22471;201500014935;0;7;0;0.0;2.0;1.0;0.0;B01
22472;201500014935;0;7;0;0.0;2.0;2.0;1.0;A01
22473;201500014936;0;33;0;0.0;2.0;2.0;1.0;A01
22474;201500014936;0;7;0;0.0;2.0;2.0;0.0;B01