;Num_Acc;senc;catv;occutc;obs;obsm;choc;manv;num_veh
22895;201500015193;0;7;0;0.0;2.0;7.0;2.0;A01
22896;201500015193;0;33;0;0.0;2.0;8.0;2.0;B01
22897;201500015194;0;2;0;0.0;2.0;1.0;1.0;A01
22898;201500015194;0;7;0;0.0;2.0;7.0;15.0;B01
22899;201500015196;0;7;0;15.0;0.0;0.0;1.0;A01
22900;201500015197;0;32;0;0.0;2.0;2.0;17.0;A01
22901;201500015197;1;7;0;0.0;2.0;8.0;0.0;Z01
22902;201500015198;0;33;0;0.0;0.0;3.0;0.0;A01
22903;201500015199;1;7;0;0.0;1.0;1.0;2.0;Z01
22904;201500015200;0;34;0;0.0;2.0;1.0;1.0;A01
22905;201500015200;1;7;0;0.0;0.0;0.0;0.0;Z01
22906;201500015202;0;7;0;0.0;2.0;6.0;15.0;B01
22907;201500015202;0;30;0;0.0;2.0;8.0;0.0;A01
22908;201500015203;0;10;0;0.0;2.0;8.0;16.0;A01
22909;201500015203;0;34;0;0.0;2.0;7.0;0.0;B01
22910;201500015204;1;32;0;0.0;1.0;0.0;0.0;Z01
22911;201500015205;0;33;0;1.0;0.0;1.0;1.0;A01
22912;201500015206;0;2;0;1.0;2.0;1.0;5.0;A01
22913;201500015206;0;37;0;1.0;2.0;1.0;0.0;B01
22914;201500015207;0;37;0;0.0;2.0;2.0;1.0;A01
22915;201500015207;0;7;0;0.0;2.0;3.0;19.0;B01
22916;201500015208;0;7;0;0.0;2.0;3.0;1.0;B01
22917;201500015208;0;7;0;0.0;2.0;1.0;1.0;A01
22918;201500015209;0;7;0;0.0;2.0;2.0;1.0;B01
22919;201500015209;0;7;0;0.0;2.0;3.0;15.0;A01
22920;201500015210;1;7;0;0.0;2.0;3.0;15.0;Z01
22921;201500015210;0;34;0;0.0;2.0;6.0;2.0;B01
22922;201500015212;0;7;0;0.0;1.0;2.0;2.0;A01
22923;201500015213;0;34;0;0.0;2.0;5.0;1.0;B01
22924;201500015213;0;7;0;0.0;2.0;2.0;15.0;A01
22925;201500015216;0;7;0;0.0;1.0;1.0;1.0;A01
22926;201500015217;0;33;0;0.0;2.0;0.0;0.0;B01
22927;201500015217;1;7;0;0.0;0.0;0.0;0.0;Z01
22928;201500015218;0;10;0;0.0;2.0;8.0;15.0;B01
22929;201500015218;0;2;0;0.0;2.0;1.0;17.0;A01
22930;201500015219;2;7;0;1.0;0.0;1.0;14.0;A01
22931;201500015220;0;7;0;0.0;2.0;4.0;2.0;B01
22932;201500015220;0;7;0;0.0;2.0;1.0;2.0;A01
22933;201500015220;0;7;0;0.0;2.0;4.0;2.0;C01
22934;201500015221;0;32;0;1.0;0.0;1.0;21.0;A01
22935;201500015221;0;7;0;0.0;2.0;0.0;0.0;B01
22936;201500015222;0;34;0;0.0;1.0;1.0;0.0;A01
22937;201500015223;0;32;0;0.0;1.0;1.0;1.0;A01
22938;201500015224;0;7;0;0.0;2.0;1.0;15.0;A01
22939;201500015224;0;34;0;0.0;2.0;1.0;1.0;B01
22940;201500015226;0;32;0;0.0;2.0;1.0;1.0;A01
22941;201500015226;0;7;0;0.0;2.0;5.0;1.0;B01
22942;201500015227;0;13;0;0.0;2.0;1.0;1.0;A01
22943;201500015227;0;10;0;0.0;2.0;4.0;1.0;B01
22944;201500015228;0;1;0;0.0;2.0;0.0;0.0;B01
22945;201500015228;0;10;0;0.0;2.0;0.0;0.0;A01
22946;201500015229;0;7;0;0.0;2.0;3.0;24.0;B01
22947;201500015229;0;37;0;1.0;0.0;2.0;1.0;A01
22948;201500015230;0;30;0;0.0;2.0;1.0;2.0;A01
22949;201500015230;0;7;0;0.0;2.0;7.0;2.0;B01
22950;201500015231;0;33;0;0.0;2.0;1.0;1.0;B01
22951;201500015231;0;7;0;0.0;2.0;8.0;9.0;A01
22952;201500015232;0;7;0;0.0;2.0;3.0;15.0;A01
22953;201500015232;0;30;0;0.0;2.0;2.0;2.0;B01
22954;201500015233;0;7;0;0.0;1.0;1.0;17.0;A01
22955;201500015234;0;33;0;0.0;2.0;1.0;2.0;B01
22956;201500015234;0;7;0;0.0;2.0;2.0;15.0;A01
22957;201500015235;0;7;0;0.0;9.0;3.0;9.0;A01
22958;201500015235;0;1;0;0.0;2.0;7.0;2.0;B01
22959;201500015236;0;7;0;0.0;1.0;1.0;1.0;A01
22960;201500015237;0;32;0;0.0;2.0;8.0;1.0;A01
22961;201500015237;1;7;0;0.0;2.0;0.0;0.0;Z01
22962;201500015238;0;10;0;0.0;1.0;1.0;1.0;A01
22963;201500015239;0;32;0;0.0;1.0;1.0;11.0;B01
22964;201500015240;0;7;0;0.0;2.0;1.0;1.0;A01
22965;201500015240;0;7;0;0.0;2.0;4.0;1.0;B01
22966;201500015241;0;7;0;0.0;2.0;3.0;11.0;A01
22967;201500015241;0;37;0;0.0;2.0;2.0;1.0;B01
22968;201500015242;0;7;0;0.0;2.0;8.0;15.0;A01
22969;201500015242;0;30;0;0.0;2.0;7.0;17.0;B01
22970;201500015243;0;33;0;0.0;2.0;1.0;1.0;A01
22971;201500015243;0;7;0;0.0;2.0;6.0;15.0;B01
22972;201500015244;0;7;0;0.0;2.0;7.0;16.0;B01
22973;201500015244;0;34;0;0.0;2.0;1.0;18.0;A01
22974;201500015245;0;34;0;0.0;2.0;3.0;2.0;B01
22975;201500015245;0;7;0;0.0;2.0;6.0;17.0;A01
22976;201500015246;0;7;0;0.0;1.0;2.0;1.0;A01
22977;201500015247;0;7;0;0.0;1.0;1.0;15.0;A01
22978;201500015248;0;33;0;0.0;0.0;1.0;0.0;A01
22979;201500015249;0;7;0;0.0;2.0;3.0;13.0;A01
22980;201500015249;0;7;0;0.0;2.0;5.0;1.0;B01
22981;201500015250;0;7;0;0.0;2.0;6.0;10.0;A01
22982;201500015250;0;34;0;0.0;2.0;1.0;1.0;B01
22983;201500015251;0;30;0;0.0;2.0;1.0;2.0;A01
22984;201500015251;0;7;0;0.0;2.0;4.0;23.0;B01
22985;201500015252;0;33;0;0.0;2.0;3.0;2.0;B01
22986;201500015252;2;7;0;0.0;2.0;3.0;15.0;A01
22987;201500015253;0;33;0;0.0;2.0;2.0;2.0;B01
22988;201500015253;0;7;0;0.0;2.0;3.0;15.0;A01
22989;201500015254;0;7;0;6.0;0.0;4.0;4.0;A01
22990;201500015255;2;7;0;0.0;2.0;1.0;1.0;Z01
22991;201500015255;0;7;0;0.0;2.0;2.0;1.0;B01
22992;201500015256;0;7;0;0.0;2.0;1.0;1.0;C01
22993;201500015256;0;34;0;0.0;2.0;2.0;17.0;A01
22994;201500015256;0;7;0;0.0;2.0;3.0;0.0;B01
22995;201500015257;0;31;0;0.0;2.0;1.0;1.0;B01
22996;201500015257;0;7;0;0.0;2.0;4.0;15.0;A01
22997;201500015258;1;7;0;0.0;1.0;0.0;0.0;Z01
22998;201500015259;0;7;0;0.0;2.0;2.0;16.0;A01
22999;201500015259;0;33;0;0.0;2.0;4.0;23.0;B01
23000;201500015260;0;30;0;0.0;0.0;0.0;11.0;A01
23001;201500015261;0;37;0;0.0;1.0;7.0;1.0;A01
23002;201500015262;0;34;0;0.0;2.0;1.0;1.0;B01
23003;201500015262;0;7;0;0.0;2.0;5.0;19.0;A01
23004;201500015264;0;10;0;0.0;2.0;6.0;15.0;A01
23005;201500015264;0;33;0;0.0;2.0;1.0;1.0;B01
23006;201500015266;0;7;0;0.0;2.0;7.0;9.0;A01
23007;201500015266;0;31;0;0.0;2.0;1.0;1.0;B01
23008;201500015267;0;34;0;1.0;0.0;1.0;5.0;A01
23009;201500015268;0;7;0;0.0;2.0;8.0;0.0;A01
23010;201500015268;0;2;0;0.0;2.0;7.0;0.0;B01
23011;201500015269;0;32;0;0.0;9.0;8.0;0.0;A01
23012;201500015270;0;10;0;0.0;2.0;1.0;15.0;A01
23013;201500015270;0;7;0;0.0;2.0;7.0;1.0;B01
23014;201500015271;0;7;0;0.0;2.0;1.0;1.0;B01
23015;201500015272;0;33;0;0.0;2.0;1.0;2.0;A01
23016;201500015272;0;7;0;0.0;2.0;4.0;2.0;B01
23017;201500015273;0;7;0;0.0;1.0;3.0;2.0;A01
23018;201500015274;0;34;0;0.0;2.0;1.0;0.0;B01
23019;201500015274;0;7;0;0.0;2.0;7.0;0.0;A01
23020;201500015275;0;7;0;0.0;1.0;7.0;0.0;A01
23021;201500015276;0;32;0;0.0;2.0;1.0;8.0;A01
23022;201500015276;0;7;0;0.0;2.0;2.0;15.0;B01
23023;201500015277;0;7;0;0.0;2.0;2.0;12.0;A01
23024;201500015277;0;34;0;0.0;2.0;3.0;1.0;B01
23025;201500015278;0;30;0;0.0;2.0;1.0;1.0;A01
23026;201500015278;0;7;0;0.0;2.0;6.0;1.0;B01
23027;201500015279;0;30;0;0.0;2.0;7.0;1.0;B01
23028;201500015279;0;7;0;0.0;2.0;3.0;16.0;A01
23029;201500015280;0;32;0;0.0;2.0;1.0;1.0;B01
23030;201500015280;0;7;0;0.0;2.0;8.0;1.0;A01
23031;201500015281;0;7;0;15.0;0.0;3.0;0.0;A01
23032;201500015283;0;7;0;0.0;2.0;4.0;23.0;B01
23033;201500015283;0;7;0;0.0;2.0;1.0;2.0;A01
23034;201500015284;0;7;0;0.0;2.0;7.0;15.0;A01
23035;201500015284;0;7;0;0.0;2.0;8.0;1.0;B01
23036;201500015285;0;33;0;0.0;2.0;1.0;1.0;B01
23037;201500015285;0;7;0;0.0;2.0;3.0;15.0;A01
23038;201500015286;0;31;0;0.0;2.0;1.0;1.0;A01
23039;201500015286;1;7;0;0.0;2.0;2.0;5.0;Z01
23040;201500015288;0;7;0;0.0;2.0;1.0;2.0;A01
23041;201500015288;0;7;0;0.0;2.0;4.0;2.0;B01
23042;201500015289;0;32;0;0.0;2.0;1.0;1.0;B01
23043;201500015289;0;7;0;0.0;2.0;3.0;15.0;A01
23044;201500015290;0;31;0;0.0;0.0;0.0;0.0;A01
23045;201500015291;0;7;0;0.0;2.0;8.0;1.0;B01
23046;201500015291;0;10;0;0.0;2.0;1.0;1.0;A01
23047;201500015292;0;7;0;8.0;0.0;1.0;1.0;A01
23048;201500015293;1;7;0;0.0;2.0;6.0;15.0;B01
23049;201500015293;0;31;0;0.0;2.0;1.0;3.0;A01
23050;201500015294;0;7;0;0.0;1.0;0.0;16.0;A01
23051;201500015295;0;33;0;0.0;2.0;1.0;17.0;B01
23052;201500015295;0;7;0;0.0;2.0;8.0;15.0;A01
23053;201500015296;0;7;0;0.0;2.0;2.0;9.0;B01
23054;201500015296;0;30;0;0.0;2.0;1.0;17.0;A01
23055;201500015297;0;30;0;0.0;2.0;8.0;15.0;A01
23056;201500015297;1;7;0;0.0;2.0;0.0;0.0;Z01
23057;201500015298;0;7;0;0.0;2.0;1.0;2.0;A01
23058;201500015298;0;34;0;0.0;2.0;4.0;23.0;B01
23059;201500015299;1;7;0;0.0;1.0;0.0;0.0;Z01
23060;201500015300;1;7;0;0.0;1.0;1.0;1.0;Z01
23061;201500015301;0;7;0;0.0;2.0;8.0;15.0;B01
23062;201500015301;0;33;0;0.0;2.0;3.0;1.0;A01
23063;201500015302;0;30;0;0.0;2.0;2.0;17.0;B01
23064;201500015302;0;7;0;0.0;2.0;3.0;15.0;A01
23065;201500015303;0;7;0;0.0;2.0;3.0;2.0;B01
23066;201500015303;0;7;0;0.0;2.0;1.0;15.0;A01
23067;201500015304;0;7;0;0.0;2.0;3.0;15.0;B01
23068;201500015304;0;30;0;0.0;2.0;1.0;17.0;A01
23069;201500015305;0;7;0;0.0;2.0;1.0;19.0;A01
23070;201500015305;0;30;0;0.0;2.0;2.0;1.0;B01
23071;201500015306;0;7;0;0.0;2.0;2.0;13.0;A01
23072;201500015306;0;7;0;0.0;2.0;8.0;21.0;B01
23073;201500015307;0;33;0;0.0;2.0;1.0;2.0;A01
23074;201500015307;0;7;0;0.0;2.0;5.0;15.0;B01
23075;201500015309;0;7;0;0.0;2.0;4.0;1.0;B01
23076;201500015309;0;7;0;0.0;2.0;1.0;1.0;A01
23077;201500015310;0;7;0;0.0;2.0;4.0;2.0;B01
23078;201500015310;0;7;0;0.0;2.0;1.0;2.0;A01
23079;201500015311;0;7;0;0.0;2.0;3.0;15.0;B01
23080;201500015311;0;7;0;0.0;2.0;1.0;1.0;A01
23081;201500015312;0;10;0;0.0;2.0;3.0;0.0;B01
23082;201500015312;0;10;0;0.0;2.0;7.0;16.0;A01
23083;201500015313;0;7;0;0.0;2.0;3.0;11.0;A01
23084;201500015313;0;33;0;0.0;2.0;1.0;17.0;B01
23085;201500015314;0;13;0;0.0;1.0;0.0;1.0;A01
23086;201500015315;0;7;0;0.0;2.0;7.0;15.0;A01
23087;201500015315;0;32;0;0.0;2.0;1.0;1.0;B01
23088;201500015316;0;7;0;0.0;1.0;1.0;1.0;A01
23089;201500015317;0;2;0;12.0;0.0;3.0;0.0;A01
23090;201500015318;0;7;0;16.0;0.0;1.0;0.0;A01
23091;201500015319;0;7;0;0.0;2.0;0.0;0.0;B01
23092;201500015319;0;30;0;0.0;2.0;0.0;0.0;A01
23093;201500015320;0;3;0;0.0;2.0;0.0;0.0;E01
23094;201500015320;0;7;0;0.0;2.0;0.0;0.0;A01
23095;201500015320;0;7;0;0.0;2.0;3.0;0.0;F01
23096;201500015321;0;33;0;0.0;2.0;7.0;3.0;A01
23097;201500015321;0;7;0;0.0;2.0;2.0;15.0;B01
23098;201500015322;1;7;0;0.0;2.0;3.0;20.0;Z01
23099;201500015322;0;34;0;0.0;2.0;7.0;1.0;B01
23100;201500015323;0;33;0;0.0;1.0;1.0;1.0;A01
23101;201500015325;0;7;0;0.0;2.0;3.0;15.0;A01
23102;201500015325;0;31;0;0.0;2.0;2.0;1.0;B01
23103;201500015327;0;7;0;1.0;1.0;2.0;1.0;A01
23104;201500015328;0;7;0;0.0;2.0;4.0;1.0;B01
23105;201500015328;1;30;0;0.0;2.0;1.0;1.0;A01
23106;201500015329;0;7;0;0.0;2.0;1.0;2.0;A01
23107;201500015329;0;7;0;0.0;2.0;4.0;2.0;B01
23108;201500015330;0;7;0;0.0;0.0;0.0;21.0;B01
23109;201500015330;0;34;0;0.0;0.0;0.0;21.0;A01
23110;201500015331;0;7;0;0.0;2.0;3.0;15.0;A01
23111;201500015331;0;32;0;0.0;2.0;8.0;1.0;B01
23112;201500015332;0;7;0;0.0;2.0;1.0;2.0;A01
23113;201500015332;0;7;0;0.0;2.0;4.0;2.0;B01
23114;201500015333;0;7;0;0.0;2.0;9.0;9.0;A01
23115;201500015333;0;7;0;0.0;2.0;1.0;1.0;B01
23116;201500015334;0;33;0;0.0;2.0;2.0;21.0;B01
23117;201500015334;0;7;0;0.0;2.0;8.0;15.0;A01
23118;201500015335;1;7;0;0.0;2.0;3.0;11.0;Z01
23119;201500015335;0;33;0;0.0;2.0;2.0;1.0;A01
23120;201500015336;0;34;0;0.0;2.0;6.0;1.0;A01
23121;201500015336;0;10;0;0.0;2.0;0.0;1.0;B01
23122;201500015337;0;2;0;0.0;0.0;0.0;0.0;A01
23123;201500015338;0;2;0;15.0;0.0;2.0;1.0;A01
23124;201500015339;0;33;0;0.0;2.0;3.0;14.0;A01
23125;201500015340;0;7;0;0.0;2.0;4.0;2.0;C01
23126;201500015340;0;7;0;0.0;0.0;4.0;2.0;D01
23127;201500015340;0;7;0;0.0;2.0;1.0;2.0;A01
23128;201500015340;0;7;0;0.0;2.0;4.0;2.0;B01
23129;201500015341;0;7;0;0.0;1.0;4.0;4.0;A01
23130;201500015343;0;1;0;0.0;2.0;1.0;5.0;A01
23131;201500015343;0;7;0;0.0;2.0;2.0;1.0;B01
23132;201500015344;1;7;0;0.0;2.0;1.0;1.0;B01
23133;201500015344;0;7;0;1.0;2.0;5.0;19.0;A01
23134;201500015345;0;30;0;0.0;2.0;2.0;1.0;B01
23135;201500015345;0;7;0;0.0;2.0;3.0;1.0;A01
23136;201500015346;1;7;0;0.0;1.0;0.0;1.0;Z01
23137;201500015347;0;30;0;0.0;2.0;1.0;9.0;A01
23138;201500015347;0;33;0;0.0;2.0;1.0;1.0;B01
23139;201500015348;0;7;0;0.0;2.0;1.0;2.0;A01
23140;201500015348;0;34;0;0.0;2.0;4.0;2.0;B01
23141;201500015349;0;7;0;0.0;2.0;1.0;2.0;A01
23142;201500015349;0;7;0;0.0;2.0;4.0;2.0;B01
23143;201500015349;0;13;0;0.0;2.0;4.0;2.0;C01
23144;201500015350;0;7;0;0.0;2.0;1.0;1.0;B01
23145;201500015350;0;7;0;0.0;2.0;7.0;13.0;A01
23146;201500015351;0;7;0;13.0;0.0;2.0;1.0;A01
23147;201500015352;0;2;0;0.0;2.0;0.0;17.0;A01
23148;201500015352;0;7;0;0.0;2.0;8.0;10.0;B01
23149;201500015353;1;7;0;0.0;2.0;0.0;13.0;Z01
23150;201500015353;0;30;0;0.0;2.0;6.0;3.0;A01
23151;201500015355;0;7;0;2.0;0.0;1.0;1.0;A01
23152;201500015356;0;7;0;0.0;1.0;3.0;1.0;A01
23153;201500015358;0;7;0;0.0;2.0;8.0;15.0;A01
23154;201500015358;0;33;0;0.0;2.0;1.0;17.0;B01
23155;201500015359;0;30;0;0.0;2.0;2.0;0.0;A01
23156;201500015359;0;7;0;0.0;2.0;0.0;0.0;B01
23157;201500015360;0;7;0;0.0;2.0;3.0;15.0;A01
23158;201500015360;0;7;0;0.0;2.0;3.0;16.0;B01
23159;201500015361;0;32;0;0.0;1.0;1.0;17.0;A01
23160;201500015362;0;7;0;16.0;1.0;2.0;15.0;A01
23161;201500015363;0;7;0;0.0;1.0;1.0;0.0;A01
23162;201500015364;0;33;0;0.0;2.0;7.0;17.0;A01
23163;201500015365;1;7;0;0.0;1.0;1.0;1.0;Z01
23164;201500015366;0;7;0;0.0;2.0;1.0;1.0;B01
23165;201500015366;0;7;0;0.0;2.0;4.0;1.0;A01
23166;201500015367;0;33;0;0.0;2.0;1.0;0.0;A01
23167;201500015367;0;7;0;0.0;2.0;3.0;0.0;B01
23168;201500015368;0;7;0;0.0;2.0;2.0;17.0;A01
23169;201500015368;0;7;0;0.0;2.0;6.0;2.0;B01
23170;201500015369;0;30;0;0.0;2.0;7.0;15.0;B01
23171;201500015369;1;7;0;0.0;2.0;2.0;1.0;Z01
23172;201500015370;0;2;0;0.0;2.0;0.0;0.0;A01
23173;201500015370;0;7;0;0.0;2.0;6.0;4.0;B01
23174;201500015372;0;7;0;0.0;2.0;2.0;1.0;A01
23175;201500015372;0;31;0;0.0;2.0;6.0;3.0;B01
23176;201500015373;0;7;0;0.0;2.0;0.0;0.0;C01
23177;201500015373;0;7;0;0.0;2.0;0.0;15.0;A01
23178;201500015373;0;7;0;0.0;2.0;3.0;1.0;B01
23179;201500015374;0;2;0;0.0;2.0;8.0;1.0;A01
23180;201500015374;1;7;0;0.0;2.0;3.0;2.0;Z01
23181;201500015375;0;7;0;0.0;2.0;1.0;1.0;A01
23182;201500015375;0;7;0;0.0;2.0;6.0;0.0;C01
23183;201500015375;0;7;0;0.0;2.0;3.0;1.0;B01
23184;201500015376;0;33;0;0.0;0.0;7.0;17.0;A01
23185;201500015376;0;7;0;0.0;2.0;1.0;19.0;B01
23186;201500015378;0;7;0;0.0;2.0;3.0;13.0;A01
23187;201500015378;0;7;0;0.0;2.0;5.0;1.0;B01
23188;201500015379;0;7;0;0.0;1.0;3.0;1.0;A01
23189;201500015380;0;7;0;0.0;2.0;3.0;1.0;B01
23190;201500015380;0;34;0;0.0;2.0;1.0;21.0;A01
23191;201500015381;0;34;0;0.0;1.0;3.0;1.0;A01
23192;201500015382;0;7;0;0.0;1.0;2.0;0.0;A01
23193;201500015383;0;14;0;9.0;0.0;1.0;1.0;A01
23194;201500015384;0;30;0;0.0;1.0;1.0;1.0;A01
23195;201500015385;0;7;0;0.0;2.0;0.0;0.0;A01
23196;201500015385;0;33;0;0.0;2.0;8.0;1.0;B01
23197;201500015385;1;7;0;0.0;2.0;4.0;4.0;Z01
23198;201500015386;1;32;0;0.0;2.0;0.0;0.0;Z01
23199;201500015386;0;34;0;0.0;2.0;4.0;2.0;A01
23200;201500015387;0;7;0;0.0;2.0;1.0;1.0;B01
23201;201500015387;0;7;0;0.0;2.0;6.0;15.0;A01
23202;201500015388;0;2;0;0.0;2.0;1.0;17.0;B01
23203;201500015388;0;7;0;0.0;2.0;3.0;15.0;A01
23204;201500015389;0;3;0;9.0;0.0;0.0;0.0;A01
23205;201500015391;0;7;0;0.0;2.0;1.0;1.0;A01
23206;201500015391;0;7;0;0.0;2.0;1.0;1.0;B01
23207;201500015392;0;7;0;0.0;2.0;6.0;0.0;B01
23208;201500015392;0;33;0;8.0;2.0;1.0;0.0;A01
23209;201500015393;0;7;0;0.0;2.0;3.0;13.0;A01
23210;201500015393;0;7;0;0.0;0.0;0.0;0.0;B01
23211;201500015394;0;7;0;0.0;2.0;8.0;15.0;A01
23212;201500015394;0;32;0;0.0;2.0;1.0;17.0;B01
23213;201500015395;0;7;0;0.0;2.0;6.0;23.0;B01
23214;201500015395;0;30;0;0.0;2.0;1.0;2.0;A01
23215;201500015396;0;7;0;0.0;2.0;3.0;1.0;B01
23216;201500015396;0;31;0;0.0;2.0;0.0;0.0;A01
23217;201500015397;0;30;0;0.0;2.0;0.0;1.0;B01
23218;201500015397;0;7;0;0.0;2.0;1.0;15.0;A01
23219;201500015399;0;7;0;12.0;0.0;3.0;14.0;A01
23220;201500015400;1;33;0;0.0;1.0;1.0;1.0;Z01
23221;201500015401;0;2;0;0.0;2.0;0.0;0.0;B01
23222;201500015401;0;10;0;0.0;2.0;0.0;0.0;C01
23223;201500015401;0;7;0;0.0;2.0;1.0;2.0;A01
23224;201500015402;0;34;0;0.0;9.0;1.0;1.0;A01
23225;201500015403;0;7;0;0.0;2.0;2.0;15.0;A01
23226;201500015403;0;32;0;0.0;2.0;1.0;1.0;B01
23227;201500015404;0;1;0;0.0;0.0;0.0;1.0;A01
23228;201500015405;0;30;0;0.0;2.0;4.0;23.0;B01
23229;201500015405;0;7;0;0.0;2.0;0.0;1.0;A01
23230;201500015406;0;7;0;0.0;2.0;4.0;23.0;B01
23231;201500015406;0;7;0;0.0;2.0;4.0;23.0;C01
23232;201500015406;0;7;0;0.0;2.0;1.0;2.0;A01
23233;201500015407;0;7;0;0.0;2.0;3.0;1.0;A01
23234;201500015407;0;33;0;0.0;2.0;1.0;13.0;B01
23235;201500015408;0;7;0;1.0;2.0;0.0;1.0;B01
23236;201500015408;0;7;0;0.0;2.0;2.0;2.0;A01
23237;201500015409;0;7;0;0.0;1.0;1.0;1.0;A01
23238;201500015410;0;7;0;0.0;2.0;1.0;2.0;A01
23239;201500015410;0;30;0;0.0;2.0;4.0;0.0;B01
23240;201500015411;0;7;0;0.0;2.0;2.0;15.0;B01
23241;201500015411;0;33;0;0.0;2.0;1.0;1.0;A01
23242;201500015412;0;7;0;0.0;2.0;1.0;1.0;A01
23243;201500015412;0;7;0;0.0;2.0;4.0;1.0;C01
23244;201500015412;0;7;0;0.0;2.0;4.0;1.0;B01
23245;201500015413;1;10;0;0.0;1.0;4.0;4.0;Z01
23246;201500015414;0;33;0;0.0;0.0;8.0;15.0;A01
23247;201500015416;0;7;0;0.0;2.0;0.0;0.0;B01
23248;201500015416;0;7;0;8.0;0.0;2.0;1.0;A01
23249;201500015417;0;7;0;0.0;2.0;3.0;0.0;B01
23250;201500015417;0;30;0;0.0;2.0;0.0;0.0;A01
23251;201500015418;0;7;0;0.0;2.0;4.0;2.0;B01
23252;201500015418;0;7;0;0.0;2.0;1.0;2.0;A01
23253;201500015418;0;7;0;0.0;2.0;4.0;2.0;C01
23254;201500015419;0;7;0;8.0;0.0;1.0;14.0;A01
23255;201500015420;0;7;0;0.0;2.0;1.0;1.0;C01
23256;201500015420;0;7;0;0.0;2.0;1.0;9.0;A01
23257;201500015420;0;7;0;0.0;2.0;6.0;0.0;B01
23258;201500015421;0;31;0;0.0;0.0;0.0;0.0;A01
23259;201500015422;0;7;0;0.0;2.0;0.0;0.0;A01
23260;201500015422;0;31;0;0.0;2.0;0.0;0.0;B01
23261;201500015423;0;7;0;0.0;2.0;6.0;0.0;A01
23262;201500015423;0;32;0;0.0;2.0;1.0;0.0;B01
23263;201500015424;0;33;0;0.0;2.0;3.0;1.0;B01
23264;201500015424;0;7;0;0.0;2.0;3.0;15.0;A01
23265;201500015425;0;32;0;0.0;2.0;2.0;1.0;B01
23266;201500015425;0;7;0;0.0;2.0;2.0;15.0;A01
23267;201500015426;0;7;0;14.0;2.0;0.0;0.0;B01
23268;201500015426;1;7;0;0.0;2.0;4.0;2.0;Z01
23269;201500015429;0;10;0;8.0;2.0;1.0;1.0;B01
23270;201500015429;0;7;0;0.0;2.0;7.0;16.0;A01
23271;201500015430;0;7;0;0.0;1.0;0.0;0.0;A01
23272;201500015431;0;33;0;0.0;0.0;1.0;0.0;A01
23273;201500015431;0;7;0;0.0;2.0;3.0;0.0;B01
23274;201500015432;0;7;0;0.0;1.0;2.0;13.0;A01
23275;201500015434;0;2;0;0.0;2.0;1.0;1.0;B01
23276;201500015434;0;7;0;0.0;2.0;5.0;15.0;A01
23277;201500015436;1;7;0;0.0;2.0;1.0;0.0;Z01
23278;201500015436;0;33;0;0.0;2.0;1.0;0.0;A01
23279;201500015437;0;2;0;0.0;2.0;1.0;0.0;B01
23280;201500015437;0;31;0;0.0;2.0;0.0;0.0;A01
23281;201500015438;0;34;0;0.0;1.0;1.0;1.0;A01
23282;201500015439;1;32;0;0.0;1.0;0.0;0.0;Z01
23283;201500015440;0;7;0;0.0;2.0;1.0;0.0;A01
23284;201500015440;0;7;0;0.0;2.0;7.0;0.0;B01
23285;201500015441;0;7;0;0.0;1.0;3.0;0.0;A01
23286;201500015442;0;7;0;0.0;2.0;2.0;21.0;A01
23287;201500015442;0;7;0;0.0;2.0;1.0;9.0;B01
23288;201500015443;0;2;0;0.0;0.0;1.0;2.0;A01
23289;201500015444;1;7;0;0.0;2.0;5.0;14.0;Z01
23290;201500015444;0;34;0;0.0;2.0;3.0;1.0;A01
23291;201500015445;0;7;0;0.0;2.0;0.0;0.0;B01
23292;201500015445;0;2;0;0.0;2.0;0.0;0.0;A01
23293;201500015446;0;7;0;0.0;2.0;0.0;0.0;A01
23294;201500015446;0;7;0;0.0;2.0;4.0;0.0;C01
23295;201500015446;0;7;0;0.0;2.0;0.0;0.0;B01
23296;201500015447;0;7;0;0.0;2.0;3.0;20.0;A01
23297;201500015447;0;7;0;0.0;2.0;3.0;0.0;B01
23298;201500015448;0;7;0;0.0;2.0;4.0;1.0;A01
23299;201500015448;1;7;0;0.0;2.0;1.0;0.0;Z01
23300;201500015450;0;7;0;0.0;2.0;2.0;2.0;A01
23301;201500015450;0;7;0;0.0;2.0;6.0;1.0;B01
23302;201500015451;0;32;0;0.0;1.0;1.0;16.0;A01
23303;201500015452;0;7;0;0.0;2.0;8.0;1.0;B01
23304;201500015452;0;32;0;0.0;1.0;1.0;17.0;A01
23305;201500015454;1;2;0;0.0;1.0;1.0;0.0;Z01
23306;201500015455;0;10;0;0.0;2.0;3.0;15.0;A01
23307;201500015455;0;32;0;0.0;2.0;2.0;1.0;B01
23308;201500015456;0;7;0;2.0;0.0;2.0;1.0;A01
23309;201500015457;0;7;0;0.0;2.0;4.0;0.0;C01
23310;201500015457;0;7;0;0.0;2.0;4.0;1.0;B01
23311;201500015457;0;10;0;0.0;2.0;1.0;1.0;A01
23312;201500015458;0;7;0;0.0;2.0;6.0;20.0;A01
23313;201500015458;0;30;0;0.0;2.0;0.0;0.0;B01
23314;201500015459;0;32;0;0.0;2.0;1.0;17.0;A01