;Num_Acc;senc;catv;occutc;obs;obsm;choc;manv;num_veh
24578;201500016269;0;7;0;0.0;0.0;4.0;2.0;B02
24579;201500016270;0;7;0;5.0;2.0;1.0;17.0;A01
24580;201500016270;0;17;0;0.0;0.0;6.0;1.0;B02
24581;201500016271;0;10;0;3.0;0.0;3.0;1.0;A01
24582;201500016272;0;7;0;0.0;2.0;1.0;14.0;A01
24583;201500016272;0;17;0;0.0;2.0;4.0;1.0;B02
24584;201500016273;0;7;0;4.0;0.0;3.0;1.0;A01
24585;201500016274;0;7;0;0.0;2.0;5.0;2.0;A01
24586;201500016274;0;7;0;0.0;2.0;6.0;2.0;B02
24587;201500016274;0;7;0;0.0;2.0;1.0;2.0;C03
24588;201500016274;0;7;0;0.0;2.0;1.0;2.0;D04
24589;201500016275;0;7;0;0.0;0.0;2.0;21.0;A01
24590;201500016276;0;7;0;4.0;6.0;1.0;21.0;A01
24591;201500016276;0;7;0;0.0;2.0;1.0;2.0;B02
24592;201500016277;0;7;0;0.0;0.0;0.0;1.0;A01
24593;201500016277;0;33;0;0.0;2.0;3.0;21.0;B02
24594;201500016277;0;7;0;0.0;2.0;2.0;17.0;C03
24595;201500016279;0;7;0;0.0;2.0;1.0;2.0;A01
24596;201500016279;0;17;0;0.0;0.0;4.0;1.0;B02
24597;201500016280;0;7;0;3.0;0.0;1.0;13.0;A01
24598;201500016281;0;7;0;1.0;2.0;1.0;2.0;A01
24599;201500016281;0;7;0;0.0;0.0;4.0;1.0;B02
24600;201500016282;0;17;0;4.0;0.0;1.0;13.0;A01
24601;201500016283;0;7;0;0.0;2.0;1.0;2.0;A01
24602;201500016283;0;7;0;0.0;0.0;4.0;2.0;B02
24603;201500016285;0;7;0;2.0;0.0;1.0;14.0;A01
24604;201500016286;0;7;0;0.0;2.0;1.0;2.0;A01
24605;201500016286;0;7;0;0.0;2.0;4.0;2.0;B02
24606;201500016287;0;7;0;0.0;0.0;0.0;1.0;A01
24607;201500016288;0;7;0;0.0;2.0;2.0;1.0;A01
24608;201500016288;0;7;0;0.0;2.0;4.0;1.0;B02
24609;201500016290;0;7;0;0.0;2.0;2.0;17.0;A01
24610;201500016290;0;17;0;0.0;0.0;8.0;1.0;B02
24611;201500016291;0;7;0;3.0;1.0;2.0;21.0;A01
24612;201500016292;0;15;0;0.0;0.0;5.0;23.0;A01
24613;201500016292;0;14;0;1.0;0.0;2.0;2.0;B02
24614;201500016293;0;7;0;0.0;2.0;1.0;9.0;A01
24615;201500016293;0;7;0;0.0;2.0;2.0;1.0;B02
24616;201500016295;0;7;0;0.0;1.0;3.0;1.0;A01
24617;201500016296;0;7;0;0.0;0.0;2.0;1.0;B02
24618;201500016296;0;10;0;0.0;1.0;7.0;1.0;A01
24619;201500016297;0;7;0;0.0;9.0;3.0;1.0;A01
24620;201500016298;0;7;0;1.0;1.0;1.0;1.0;A01
24621;201500016298;0;17;0;0.0;2.0;5.0;23.0;B02
24622;201500016299;0;7;0;0.0;2.0;6.0;23.0;A01
24623;201500016299;0;15;0;0.0;2.0;3.0;1.0;B02
24624;201500016299;0;7;0;0.0;2.0;2.0;13.0;C03
24625;201500016300;0;17;0;16.0;0.0;8.0;1.0;A01
24626;201500016301;0;33;0;0.0;0.0;8.0;1.0;A01
24627;201500016302;0;14;0;0.0;2.0;8.0;1.0;A01
24628;201500016302;0;1;0;0.0;2.0;1.0;1.0;B02
24629;201500016304;0;30;0;0.0;2.0;1.0;10.0;B02
24630;201500016304;0;17;0;0.0;2.0;2.0;1.0;A01
24631;201500016305;0;7;0;4.0;0.0;3.0;17.0;A01
24632;201500016306;0;7;0;0.0;2.0;1.0;2.0;B02
24633;201500016306;0;7;0;0.0;2.0;1.0;1.0;D04
24634;201500016306;0;7;0;0.0;2.0;4.0;2.0;A01
24635;201500016306;0;7;0;0.0;2.0;1.0;1.0;C03
24636;201500016307;0;10;0;3.0;0.0;2.0;14.0;A01
24637;201500016308;0;14;0;8.0;0.0;2.0;14.0;A01
24638;201500016309;0;7;0;0.0;0.0;2.0;14.0;A01
24639;201500016310;0;14;0;0.0;2.0;2.0;12.0;B02
24640;201500016310;0;7;0;0.0;2.0;3.0;11.0;A01
24641;201500016311;0;7;0;13.0;0.0;9.0;0.0;A01
24642;201500016312;0;7;0;0.0;2.0;3.0;1.0;A01
24643;201500016312;0;7;0;0.0;2.0;5.0;1.0;B02
24644;201500016313;0;7;0;13.0;0.0;2.0;1.0;A01
24645;201500016314;0;1;0;0.0;2.0;7.0;13.0;B02
24646;201500016314;0;7;0;0.0;9.0;6.0;16.0;A01
24647;201500016315;0;7;0;0.0;2.0;1.0;5.0;A01
24648;201500016315;0;7;0;0.0;2.0;1.0;1.0;B02
24649;201500016316;0;7;0;0.0;2.0;1.0;1.0;B02
24650;201500016316;0;7;0;0.0;2.0;3.0;15.0;A01
24651;201500016317;0;7;0;0.0;0.0;1.0;1.0;A01
24652;201500016318;0;7;0;0.0;2.0;3.0;13.0;A01
24653;201500016318;0;33;0;0.0;2.0;1.0;1.0;B02
24654;201500016319;0;31;0;0.0;9.0;0.0;2.0;A01
24655;201500016320;0;33;0;0.0;2.0;1.0;17.0;A01
24656;201500016320;0;7;0;0.0;2.0;6.0;15.0;B02
24657;201500016322;0;7;0;12.0;0.0;2.0;1.0;A01
24658;201500016323;0;7;0;13.0;0.0;7.0;1.0;A01
24659;201500016324;0;7;0;0.0;0.0;0.0;2.0;D04
24660;201500016324;0;7;0;0.0;2.0;3.0;1.0;B02
24661;201500016324;0;7;0;0.0;2.0;3.0;13.0;C03
24662;201500016324;0;7;0;0.0;2.0;2.0;1.0;A01
24663;201500016325;0;7;0;0.0;1.0;2.0;1.0;A01
24664;201500016326;0;7;0;0.0;2.0;6.0;17.0;A01
24665;201500016326;0;10;0;0.0;2.0;3.0;1.0;B02
24666;201500016327;0;17;0;0.0;2.0;3.0;1.0;B02
24667;201500016327;0;7;0;0.0;2.0;3.0;13.0;A01
24668;201500016329;0;7;0;3.0;0.0;1.0;1.0;A01
24669;201500016330;0;10;0;13.0;0.0;2.0;14.0;A01
24670;201500016331;0;10;0;13.0;0.0;3.0;11.0;A01
24671;201500016333;0;7;0;11.0;0.0;1.0;0.0;A01
24672;201500016334;0;7;0;0.0;0.0;9.0;1.0;A01
24673;201500016336;0;7;0;3.0;0.0;3.0;1.0;A01
24674;201500016337;0;7;0;0.0;2.0;2.0;2.0;A01
24675;201500016337;0;7;0;0.0;2.0;6.0;2.0;B02
24676;201500016338;0;7;0;0.0;0.0;1.0;1.0;A01
24677;201500016339;0;7;0;0.0;2.0;8.0;1.0;A01
24678;201500016339;0;15;0;0.0;2.0;1.0;1.0;B02
24679;201500016340;0;10;0;3.0;0.0;0.0;2.0;A01
24680;201500016341;0;10;0;0.0;0.0;0.0;1.0;A01
24681;201500016342;0;10;0;0.0;9.0;6.0;1.0;A01
24682;201500016342;0;7;0;0.0;9.0;8.0;2.0;B02
24683;201500016342;0;7;0;0.0;0.0;1.0;1.0;C03
24684;201500016342;0;7;0;0.0;0.0;0.0;1.0;D04
24685;201500016343;0;38;27;14.0;0.0;0.0;1.0;A01
24686;201500016344;0;14;0;13.0;0.0;3.0;1.0;A01
24687;201500016345;0;7;0;0.0;2.0;1.0;1.0;A01
24688;201500016345;0;7;0;0.0;2.0;8.0;1.0;B02
24689;201500016346;0;7;0;0.0;2.0;3.0;1.0;B02
24690;201500016346;0;7;0;0.0;2.0;3.0;13.0;A01
24691;201500016347;0;7;0;13.0;0.0;2.0;1.0;A01
24692;201500016348;0;7;0;0.0;2.0;3.0;1.0;B02
24693;201500016348;0;7;0;0.0;2.0;3.0;1.0;A01
24694;201500016351;0;1;0;0.0;2.0;8.0;1.0;B02
24695;201500016351;0;7;0;0.0;2.0;8.0;1.0;A01
24696;201500016352;0;7;0;0.0;2.0;3.0;10.0;A01
24697;201500016352;0;30;0;0.0;2.0;2.0;1.0;B02
24698;201500016354;0;10;0;0.0;2.0;1.0;17.0;C03
24699;201500016354;0;31;0;0.0;2.0;3.0;9.0;A01
24700;201500016354;0;7;0;0.0;2.0;2.0;17.0;B02
24701;201500016356;0;7;0;3.0;0.0;3.0;1.0;A01
24702;201500016357;0;7;0;8.0;0.0;8.0;0.0;A01
24703;201500016358;0;7;0;0.0;0.0;1.0;1.0;C01
24704;201500016358;0;7;0;0.0;0.0;3.0;13.0;A01
24705;201500016358;0;14;0;0.0;2.0;3.0;1.0;B01
24706;201500016359;0;7;0;0.0;0.0;3.0;1.0;A01
24707;201500016360;0;15;0;0.0;2.0;3.0;1.0;B01
24708;201500016360;0;7;0;0.0;2.0;3.0;13.0;A01
24709;201500016361;0;7;0;0.0;0.0;8.0;15.0;A01
24710;201500016361;0;7;0;0.0;2.0;1.0;1.0;B01
24711;201500016362;0;33;0;0.0;2.0;2.0;21.0;A01
24712;201500016362;0;7;0;0.0;2.0;3.0;15.0;B02
24713;201500016363;0;7;0;0.0;1.0;0.0;2.0;A01
24714;201500016364;0;7;0;13.0;0.0;3.0;1.0;A01
24715;201500016365;0;7;0;2.0;0.0;2.0;1.0;A01
24716;201500016366;0;7;0;0.0;9.0;3.0;13.0;A01
24717;201500016366;0;1;0;0.0;0.0;3.0;1.0;B02
24718;201500016367;0;7;0;0.0;0.0;1.0;13.0;A01
24719;201500016367;0;7;0;0.0;0.0;3.0;1.0;B02
24720;201500016368;0;7;0;0.0;0.0;5.0;15.0;A01
24721;201500016368;0;33;0;0.0;2.0;1.0;1.0;B02
24722;201500016369;0;33;0;0.0;2.0;1.0;1.0;A01
24723;201500016369;0;7;0;0.0;2.0;3.0;1.0;B02
24724;201500016371;0;10;0;2.0;0.0;2.0;1.0;A01
24725;201500016373;0;37;15;0.0;1.0;7.0;1.0;A01
24726;201500016374;0;7;0;0.0;1.0;1.0;16.0;A01
24727;201500016376;0;7;0;13.0;0.0;9.0;14.0;A01
24728;201500016377;0;10;0;0.0;1.0;2.0;1.0;A01
24729;201500016378;0;1;0;0.0;2.0;1.0;23.0;B01
24730;201500016378;0;7;0;0.0;2.0;1.0;15.0;A01
24731;201500016379;0;7;0;0.0;1.0;1.0;16.0;A01
24732;201500016380;0;2;0;7.0;0.0;1.0;14.0;A01
24733;201500016381;0;2;0;0.0;2.0;1.0;17.0;A01
24734;201500016381;0;10;0;0.0;2.0;8.0;15.0;B01
24735;201500016383;0;7;0;0.0;2.0;1.0;1.0;A01
24736;201500016383;0;7;0;0.0;2.0;4.0;23.0;B01
24737;201500016383;0;7;0;0.0;0.0;4.0;23.0;C01
24738;201500016384;0;3;0;8.0;2.0;5.0;0.0;A01
24739;201500016384;0;7;0;0.0;2.0;3.0;0.0;B01
24740;201500016385;0;7;0;0.0;1.0;1.0;17.0;A01
24741;201500016386;0;7;0;5.0;0.0;1.0;1.0;A01
24742;201500016387;0;7;0;0.0;2.0;1.0;1.0;A01
24743;201500016387;0;7;0;0.0;2.0;4.0;23.0;B01
24744;201500016389;0;30;0;0.0;1.0;2.0;17.0;A01
24745;201500016390;0;7;0;0.0;1.0;1.0;9.0;A01
24746;201500016391;0;7;0;0.0;1.0;4.0;20.0;A01
24747;201500016392;0;7;0;0.0;2.0;1.0;15.0;A01
24748;201500016392;0;7;0;0.0;2.0;1.0;1.0;B01
24749;201500016393;0;7;0;7.0;1.0;3.0;1.0;B01
24750;201500016393;0;7;0;0.0;2.0;3.0;15.0;A01
24751;201500016394;0;33;0;1.0;2.0;1.0;1.0;A01
24752;201500016394;0;7;0;0.0;2.0;4.0;1.0;B01
24753;201500016395;0;7;0;0.0;2.0;8.0;9.0;A01
24754;201500016395;0;1;0;0.0;2.0;1.0;1.0;B01
24755;201500016396;0;37;10;0.0;1.0;1.0;1.0;A01
24756;201500016397;0;30;0;0.0;1.0;1.0;1.0;A01
24757;201500016399;0;3;0;0.0;1.0;2.0;1.0;A01
24758;201500016400;0;7;0;0.0;1.0;3.0;1.0;A01
24759;201500016401;1;7;0;0.0;1.0;1.0;1.0;Z01
24760;201500016402;0;1;0;0.0;1.0;1.0;1.0;A01
24761;201500016403;1;33;0;6.0;1.0;1.0;1.0;Z01
24762;201500016404;0;2;0;0.0;2.0;3.0;1.0;B01
24763;201500016404;0;7;0;0.0;2.0;3.0;15.0;A01
24764;201500016405;0;1;0;0.0;1.0;1.0;1.0;A01
24765;201500016406;0;7;0;0.0;2.0;8.0;15.0;B01
24766;201500016406;0;7;0;8.0;2.0;1.0;1.0;A01
24767;201500016407;0;7;0;0.0;1.0;3.0;15.0;A01
24768;201500016408;0;33;0;0.0;1.0;1.0;1.0;A01
24769;201500016410;1;7;0;0.0;2.0;1.0;1.0;Z01
24770;201500016410;0;1;0;0.0;2.0;4.0;1.0;A01
24771;201500016411;0;7;0;0.0;2.0;1.0;1.0;B01
24772;201500016411;0;7;0;7.0;2.0;7.0;15.0;A01
24773;201500016413;0;33;0;0.0;1.0;2.0;21.0;A01
24774;201500016414;0;7;0;0.0;2.0;2.0;1.0;A01
24775;201500016414;0;7;0;0.0;2.0;6.0;1.0;B01
24776;201500016416;0;33;0;0.0;2.0;1.0;1.0;A01
24777;201500016416;0;7;0;0.0;2.0;7.0;23.0;B01
24778;201500016418;0;33;0;0.0;2.0;2.0;1.0;B01
24779;201500016418;0;10;0;0.0;2.0;6.0;11.0;A01
24780;201500016419;0;7;0;0.0;2.0;3.0;13.0;A01
24781;201500016419;0;7;0;0.0;2.0;1.0;1.0;B01
24782;201500016420;0;7;0;0.0;1.0;2.0;1.0;A01
24783;201500016421;0;33;0;0.0;2.0;1.0;1.0;B01
24784;201500016421;0;7;0;0.0;2.0;8.0;15.0;A01
24785;201500016422;0;7;0;0.0;1.0;2.0;16.0;A01
24786;201500016422;0;7;0;0.0;0.0;0.0;0.0;B01
24787;201500016423;0;7;0;0.0;1.0;3.0;21.0;A01
24788;201500016424;0;7;0;2.0;0.0;4.0;14.0;A01
24789;201500016425;0;33;0;12.0;0.0;1.0;1.0;A01
24790;201500016426;1;7;0;0.0;1.0;3.0;1.0;A01
24791;201500016427;0;7;0;0.0;2.0;6.0;13.0;A01
24792;201500016427;0;32;0;0.0;2.0;1.0;1.0;B01
24793;201500016428;0;2;0;1.0;0.0;1.0;1.0;A01
24794;201500016429;0;10;0;0.0;2.0;7.0;1.0;B01
24795;201500016429;0;30;0;0.0;2.0;8.0;16.0;A01
24796;201500016430;0;7;0;0.0;1.0;1.0;1.0;A01
24797;201500016431;0;1;0;0.0;2.0;7.0;1.0;B01
24798;201500016431;0;10;0;0.0;2.0;1.0;19.0;A01
24799;201500016432;0;7;0;0.0;2.0;2.0;15.0;A01
24800;201500016432;0;33;0;0.0;2.0;3.0;16.0;B01
24801;201500016433;0;37;10;0.0;1.0;5.0;21.0;A01
24802;201500016434;0;7;0;0.0;1.0;2.0;15.0;A01
24803;201500016435;0;7;0;0.0;2.0;2.0;13.0;A01
24804;201500016435;0;2;0;0.0;2.0;1.0;1.0;B01
24805;201500016436;0;7;0;0.0;1.0;3.0;1.0;A01
24806;201500016437;0;10;0;0.0;2.0;1.0;1.0;B01
24807;201500016437;0;7;0;0.0;2.0;7.0;15.0;A01
24808;201500016438;0;7;0;0.0;1.0;1.0;1.0;A01
24809;201500016439;0;40;0;0.0;1.0;3.0;1.0;A01
24810;201500016440;0;7;0;0.0;2.0;3.0;13.0;A01
24811;201500016440;0;37;0;0.0;2.0;3.0;1.0;B01
24812;201500016441;0;7;0;0.0;2.0;1.0;1.0;A01
24813;201500016441;0;7;0;6.0;2.0;8.0;1.0;B01
24814;201500016442;0;1;0;0.0;2.0;4.0;12.0;B01
24815;201500016442;0;10;0;0.0;2.0;3.0;1.0;A01
24816;201500016443;0;7;0;0.0;2.0;1.0;11.0;A01
24817;201500016443;0;7;0;0.0;2.0;4.0;1.0;B01
24818;201500016444;0;34;0;0.0;2.0;7.0;1.0;B01
24819;201500016444;0;7;0;0.0;2.0;1.0;19.0;A01
24820;201500016445;0;33;0;0.0;2.0;1.0;21.0;A01
24821;201500016445;1;7;0;0.0;2.0;8.0;19.0;Z01
24822;201500016448;0;7;0;0.0;1.0;1.0;1.0;A01
24823;201500016449;0;2;0;0.0;2.0;2.0;1.0;A01
24824;201500016449;0;7;0;0.0;2.0;3.0;15.0;B01
24825;201500016450;0;2;0;0.0;2.0;1.0;1.0;A01
24826;201500016450;0;7;0;0.0;2.0;6.0;1.0;B01
24827;201500016451;0;7;0;0.0;2.0;1.0;15.0;A01
24828;201500016451;0;31;0;0.0;2.0;8.0;1.0;B01
24829;201500016452;0;7;0;0.0;1.0;1.0;20.0;A01
24830;201500016453;0;10;0;0.0;2.0;7.0;16.0;A01
24831;201500016453;0;37;0;0.0;2.0;3.0;1.0;B01
24832;201500016454;0;31;0;0.0;2.0;1.0;21.0;A01
24833;201500016454;0;7;0;0.0;2.0;3.0;16.0;B01
24834;201500016455;0;7;0;0.0;2.0;1.0;1.0;A01
24835;201500016455;0;7;0;0.0;2.0;8.0;15.0;B01
24836;201500016456;0;7;0;0.0;2.0;9.0;1.0;A01
24837;201500016456;0;7;0;0.0;2.0;1.0;1.0;B02
24838;201500016457;0;7;0;0.0;2.0;4.0;23.0;A01
24839;201500016457;0;2;0;0.0;2.0;1.0;2.0;B02
24840;201500016458;0;7;0;3.0;0.0;1.0;0.0;A01
24841;201500016459;0;7;0;0.0;2.0;1.0;1.0;B02
24842;201500016459;0;7;0;0.0;2.0;3.0;19.0;A01
24843;201500016460;0;2;0;0.0;2.0;3.0;1.0;B01
24844;201500016461;0;7;0;0.0;2.0;1.0;1.0;A01
24845;201500016461;0;7;0;0.0;2.0;7.0;15.0;B01
24846;201500016462;0;30;0;0.0;2.0;7.0;1.0;B01
24847;201500016462;0;7;0;0.0;2.0;4.0;4.0;A01
24848;201500016463;0;30;0;0.0;2.0;1.0;1.0;A01
24849;201500016463;0;7;0;0.0;0.0;5.0;2.0;B01
24850;201500016464;0;7;0;0.0;0.0;0.0;0.0;A01
24851;201500016465;0;7;0;0.0;2.0;8.0;1.0;A01
24852;201500016465;1;7;0;0.0;2.0;0.0;0.0;B01
24853;201500016466;0;2;0;0.0;0.0;0.0;1.0;A01
24854;201500016467;0;7;0;0.0;2.0;5.0;19.0;A01
24855;201500016467;0;30;0;0.0;2.0;1.0;1.0;B01
24856;201500016468;0;7;0;0.0;1.0;0.0;0.0;A01
24857;201500016469;0;7;0;13.0;0.0;2.0;14.0;A01
24858;201500016470;0;7;0;1.0;1.0;0.0;0.0;A01
24859;201500016471;0;7;0;0.0;2.0;1.0;1.0;A01
24860;201500016471;0;7;0;0.0;0.0;2.0;1.0;B01
24861;201500016473;0;2;0;0.0;2.0;1.0;2.0;A01
24862;201500016473;0;7;0;0.0;9.0;5.0;1.0;B01
24863;201500016474;0;7;0;0.0;2.0;4.0;1.0;B01
24864;201500016474;0;33;0;0.0;2.0;1.0;2.0;A01
24865;201500016475;0;7;0;0.0;2.0;3.0;0.0;A01
24866;201500016475;0;31;0;0.0;2.0;5.0;1.0;B01
24867;201500016476;0;7;0;0.0;1.0;1.0;1.0;A01
24868;201500016477;0;33;0;0.0;5.0;1.0;2.0;A01
24869;201500016478;0;7;0;0.0;2.0;2.0;15.0;A01
24870;201500016478;0;7;0;0.0;2.0;1.0;1.0;B01
24871;201500016479;0;7;0;0.0;2.0;1.0;1.0;B02
24872;201500016479;0;7;0;0.0;2.0;1.0;13.0;A01
24873;201500016481;0;7;0;0.0;2.0;6.0;1.0;C03
24874;201500016481;0;7;0;0.0;2.0;3.0;1.0;B02
24875;201500016481;0;7;0;0.0;2.0;3.0;13.0;A01
24876;201500016483;0;7;0;0.0;2.0;1.0;1.0;A01
24877;201500016483;0;7;0;0.0;2.0;1.0;0.0;D04
24878;201500016483;0;7;0;0.0;2.0;1.0;1.0;C03
24879;201500016483;0;14;0;0.0;2.0;3.0;1.0;B02
24880;201500016484;0;7;0;8.0;0.0;2.0;13.0;A01
24881;201500016485;0;33;0;13.0;0.0;1.0;1.0;A01
24882;201500016486;0;7;0;0.0;1.0;2.0;16.0;A01
24883;201500016487;0;3;0;0.0;2.0;2.0;1.0;A01
24884;201500016487;0;1;0;0.0;2.0;3.0;15.0;B02
24885;201500016488;0;33;0;0.0;0.0;0.0;1.0;A01
24886;201500016489;0;1;0;0.0;2.0;8.0;16.0;A01
24887;201500016489;0;21;0;0.0;2.0;6.0;1.0;B02
24888;201500016490;0;35;0;0.0;2.0;8.0;1.0;A01
24889;201500016490;0;7;0;0.0;2.0;1.0;15.0;B02
24890;201500016491;0;7;0;0.0;2.0;3.0;1.0;B02
24891;201500016491;0;7;0;0.0;2.0;3.0;13.0;A01
24892;201500016492;0;33;0;13.0;0.0;1.0;17.0;A01
24893;201500016495;0;10;0;0.0;2.0;3.0;1.0;B02
24894;201500016495;0;7;0;0.0;2.0;1.0;17.0;A01
24895;201500016495;0;7;0;0.0;2.0;1.0;1.0;C03
24896;201500016496;0;33;0;0.0;0.0;0.0;1.0;A01
24897;201500016497;1;7;0;0.0;1.0;2.0;1.0;A01
24898;201500016498;0;33;0;13.0;0.0;8.0;1.0;A01
24899;201500016499;0;7;0;6.0;0.0;2.0;1.0;A01
24900;201500016500;0;7;0;6.0;0.0;3.0;1.0;A01
24901;201500016501;0;2;0;13.0;0.0;1.0;1.0;A01
24902;201500016502;0;10;0;0.0;2.0;8.0;10.0;A01
24903;201500016502;0;14;0;0.0;2.0;2.0;1.0;B02
24904;201500016503;0;7;0;13.0;0.0;3.0;1.0;A01
24905;201500016504;0;7;0;0.0;1.0;2.0;1.0;A01
24906;201500016505;0;7;0;0.0;2.0;3.0;19.0;B02
24907;201500016505;0;33;0;0.0;2.0;1.0;1.0;A01
24908;201500016506;0;7;0;13.0;0.0;3.0;13.0;A01
24909;201500016508;0;7;0;13.0;0.0;3.0;11.0;A01
24910;201500016509;0;2;0;0.0;2.0;4.0;15.0;A01
24911;201500016509;0;7;0;0.0;2.0;2.0;2.0;B02
24912;201500016510;0;7;0;0.0;2.0;3.0;13.0;A01
24913;201500016510;0;17;0;0.0;2.0;3.0;1.0;B02
24914;201500016511;0;7;0;13.0;0.0;2.0;0.0;A01
24915;201500016512;0;36;0;2.0;0.0;1.0;1.0;A01
24916;201500016513;0;7;0;0.0;2.0;1.0;1.0;B02
24917;201500016513;0;7;0;0.0;2.0;1.0;15.0;A01
24918;201500016515;0;7;0;0.0;1.0;3.0;1.0;A01
24919;201500016516;0;7;0;0.0;0.0;1.0;1.0;B02
24920;201500016516;0;7;0;0.0;0.0;3.0;15.0;A01
24921;201500016517;0;2;0;1.0;0.0;1.0;0.0;A01
24922;201500016519;0;7;0;1.0;0.0;2.0;0.0;A01
24923;201500016520;0;7;0;13.0;0.0;1.0;1.0;A01
24924;201500016521;0;10;0;13.0;0.0;3.0;1.0;A01
24925;201500016522;0;7;0;0.0;2.0;2.0;19.0;B02
24926;201500016522;0;7;0;0.0;2.0;1.0;1.0;A01
24927;201500016523;0;31;0;0.0;0.0;0.0;1.0;A01
24928;201500016524;0;7;0;0.0;2.0;2.0;19.0;A01
24929;201500016524;0;7;0;0.0;2.0;1.0;1.0;B02
24930;201500016525;0;7;0;0.0;0.0;6.0;1.0;A01
24931;201500016525;0;33;0;0.0;2.0;2.0;2.0;B02
24932;201500016526;0;7;0;0.0;1.0;1.0;1.0;A01
24933;201500016527;0;14;0;0.0;0.0;3.0;1.0;A01
24934;201500016528;0;7;0;14.0;0.0;1.0;2.0;A01
24935;201500016530;0;7;0;16.0;0.0;9.0;1.0;A01
24936;201500016532;0;30;0;0.0;2.0;1.0;13.0;A01
24937;201500016532;0;17;0;0.0;2.0;6.0;0.0;B02
24938;201500016533;0;7;0;13.0;0.0;1.0;1.0;A01
24939;201500016534;0;7;0;0.0;1.0;3.0;15.0;A01
24940;201500016535;0;7;0;0.0;2.0;1.0;1.0;B02
24941;201500016535;0;7;0;0.0;2.0;6.0;23.0;A01
24942;201500016536;0;7;0;0.0;2.0;1.0;1.0;A01
24943;201500016536;0;7;0;0.0;2.0;3.0;1.0;B02
24944;201500016538;0;7;0;0.0;2.0;2.0;13.0;A01
24945;201500016538;0;7;0;0.0;2.0;5.0;1.0;B02
24946;201500016539;0;35;0;0.0;0.0;0.0;1.0;A01
24947;201500016540;0;30;0;0.0;6.0;1.0;1.0;A01
24948;201500016541;0;7;0;13.0;2.0;7.0;13.0;A01
24949;201500016541;0;7;0;13.0;2.0;1.0;1.0;B01
24950;201500016542;0;10;0;0.0;2.0;4.0;23.0;C01
24951;201500016542;0;7;0;0.0;2.0;4.0;23.0;B01
24952;201500016542;0;7;0;0.0;2.0;1.0;2.0;A01
24953;201500016543;1;7;0;0.0;1.0;0.0;0.0;A01
24954;201500016544;0;30;0;1.0;0.0;2.0;14.0;A01
24955;201500016545;0;7;0;0.0;1.0;0.0;15.0;A01
24956;201500016546;0;33;0;0.0;2.0;2.0;1.0;B01
24957;201500016546;0;1;0;0.0;2.0;3.0;19.0;A01
24958;201500016547;0;7;0;0.0;2.0;7.0;19.0;A01
24959;201500016547;0;7;0;0.0;2.0;1.0;1.0;B01
24960;201500016548;0;10;0;0.0;2.0;3.0;2.0;A01
24961;201500016548;0;34;0;0.0;2.0;4.0;23.0;B01
24962;201500016549;0;7;0;0.0;2.0;2.0;15.0;A01
24963;201500016549;0;7;0;0.0;2.0;3.0;1.0;B01
24964;201500016550;0;7;0;0.0;1.0;1.0;20.0;A01
24965;201500016551;0;30;0;1.0;0.0;1.0;1.0;A01
24966;201500016552;0;10;0;1.0;0.0;3.0;19.0;A01
24967;201500016552;0;7;0;0.0;2.0;2.0;24.0;B01
24968;201500016553;0;30;0;0.0;2.0;1.0;2.0;A01
24969;201500016553;0;7;0;0.0;2.0;5.0;16.0;B01
24970;201500016554;0;3;0;2.0;0.0;1.0;1.0;A01
24971;201500016555;0;7;0;0.0;2.0;5.0;15.0;B01
24972;201500016555;0;7;0;0.0;2.0;3.0;2.0;A01
24973;201500016556;0;7;0;8.0;2.0;3.0;19.0;A01
24974;201500016556;0;99;0;0.0;2.0;2.0;1.0;B01
24975;201500016557;0;7;0;0.0;2.0;2.0;1.0;A01
24976;201500016557;0;7;0;0.0;2.0;3.0;15.0;B01
24977;201500016558;0;7;0;0.0;0.0;6.0;16.0;B01
24978;201500016558;0;7;0;0.0;2.0;2.0;2.0;A01
24979;201500016559;0;7;0;0.0;2.0;1.0;1.0;A01
24980;201500016559;0;7;0;0.0;2.0;3.0;1.0;B02
24981;201500016560;0;16;0;16.0;0.0;1.0;1.0;A01
24982;201500016561;0;7;0;2.0;0.0;3.0;1.0;A01
24983;201500016562;0;7;0;0.0;2.0;3.0;9.0;B02
24984;201500016562;0;7;0;0.0;2.0;1.0;1.0;A01
24985;201500016563;0;7;0;0.0;2.0;7.0;19.0;B02
24986;201500016563;0;7;0;0.0;2.0;1.0;1.0;A01
24987;201500016564;0;30;0;0.0;2.0;1.0;1.0;A01
24988;201500016564;0;7;0;0.0;0.0;7.0;1.0;B02
24989;201500016565;0;7;0;3.0;2.0;7.0;13.0;A01
24990;201500016565;0;7;0;3.0;2.0;1.0;1.0;B02
24991;201500016566;0;14;0;6.0;2.0;1.0;1.0;B02
24992;201500016566;0;7;0;0.0;2.0;1.0;13.0;A01
24993;201500016567;0;33;0;13.0;0.0;1.0;1.0;A01
24994;201500016568;0;7;0;13.0;0.0;3.0;13.0;A01
24995;201500016569;0;7;0;6.0;0.0;3.0;1.0;A01
24996;201500016570;0;33;0;0.0;2.0;1.0;11.0;B02