;Num_Acc;senc;catv;occutc;obs;obsm;choc;manv;num_veh
24997;201500016570;0;33;0;0.0;2.0;4.0;1.0;A01
24998;201500016571;0;7;0;0.0;1.0;1.0;1.0;A01
24999;201500016572;0;7;0;0.0;1.0;1.0;1.0;A01
25000;201500016573;0;33;0;0.0;0.0;0.0;1.0;A01
25001;201500016574;0;33;0;0.0;0.0;0.0;16.0;A01
25002;201500016575;0;7;0;0.0;0.0;3.0;0.0;A01
25003;201500016576;0;15;0;0.0;2.0;8.0;13.0;B02
25004;201500016576;0;33;0;0.0;2.0;8.0;1.0;A01
25005;201500016577;0;33;0;0.0;2.0;7.0;1.0;A01
25006;201500016577;0;10;0;0.0;2.0;1.0;15.0;B02
25007;201500016579;0;30;0;0.0;0.0;1.0;14.0;A01
25008;201500016580;0;7;0;0.0;2.0;2.0;13.0;A01
25009;201500016580;0;33;0;0.0;2.0;1.0;1.0;B02
25010;201500016581;0;33;0;3.0;0.0;2.0;1.0;B02
25011;201500016581;0;33;0;0.0;0.0;0.0;1.0;A01
25012;201500016582;0;2;0;0.0;2.0;1.0;1.0;B02
25013;201500016582;0;10;0;0.0;2.0;3.0;17.0;A01
25014;201500016583;0;7;0;0.0;2.0;3.0;1.0;B02
25015;201500016583;0;7;0;0.0;2.0;1.0;13.0;A01
25016;201500016584;0;7;0;0.0;2.0;3.0;1.0;B02
25017;201500016584;0;7;0;0.0;2.0;3.0;17.0;A01
25018;201500016585;0;7;0;0.0;2.0;7.0;1.0;A01
25019;201500016585;0;7;0;0.0;2.0;3.0;1.0;B02
25020;201500016586;0;7;0;0.0;2.0;2.0;2.0;A01
25021;201500016586;0;7;0;0.0;2.0;3.0;2.0;B02
25022;201500016587;0;7;0;0.0;2.0;5.0;6.0;A01
25023;201500016587;0;7;0;0.0;2.0;3.0;1.0;B02
25024;201500016588;0;7;0;8.0;0.0;1.0;1.0;A01
25025;201500016589;0;33;0;0.0;2.0;4.0;1.0;B02
25026;201500016589;0;33;0;0.0;2.0;1.0;1.0;A01
25027;201500016589;0;7;0;0.0;2.0;3.0;15.0;C03
25028;201500016590;0;31;0;8.0;0.0;1.0;1.0;A01
25029;201500016591;0;99;0;0.0;0.0;6.0;1.0;B02
25030;201500016591;0;7;0;0.0;2.0;2.0;21.0;A01
25031;201500016592;0;7;0;0.0;2.0;3.0;1.0;B02
25032;201500016592;0;7;0;0.0;2.0;1.0;13.0;A01
25033;201500016593;0;7;0;13.0;0.0;9.0;1.0;A01
25034;201500016594;0;7;0;6.0;0.0;1.0;13.0;A01
25035;201500016595;0;7;0;0.0;0.0;1.0;1.0;A01
25036;201500016597;0;7;0;0.0;2.0;3.0;1.0;B02
25037;201500016597;0;10;0;0.0;2.0;1.0;13.0;A01
25038;201500016598;0;7;0;0.0;2.0;2.0;15.0;A01
25039;201500016598;0;1;0;0.0;2.0;1.0;1.0;B02
25040;201500016599;0;7;0;0.0;2.0;1.0;15.0;A01
25041;201500016599;0;7;0;0.0;2.0;1.0;1.0;B02
25042;201500016600;0;33;0;0.0;2.0;2.0;1.0;A01
25043;201500016600;0;1;0;0.0;2.0;2.0;19.0;B02
25044;201500016602;0;7;0;0.0;2.0;6.0;1.0;A01
25045;201500016602;0;7;0;0.0;2.0;1.0;23.0;B02
25046;201500016603;0;7;0;0.0;2.0;1.0;1.0;C03
25047;201500016603;0;7;0;0.0;2.0;3.0;1.0;B02
25048;201500016603;0;7;0;0.0;2.0;2.0;13.0;A01
25049;201500016604;0;7;0;0.0;2.0;7.0;1.0;B01
25050;201500016604;0;7;0;15.0;2.0;3.0;1.0;A01
25051;201500016605;0;7;0;0.0;2.0;7.0;15.0;A01
25052;201500016605;0;7;0;0.0;2.0;1.0;1.0;B01
25053;201500016607;0;7;0;0.0;2.0;1.0;2.0;A01
25054;201500016607;0;7;0;0.0;0.0;4.0;2.0;B01
25055;201500016608;0;7;0;1.0;0.0;1.0;13.0;A01
25056;201500016609;0;7;0;15.0;0.0;1.0;14.0;A01
25057;201500016610;0;7;0;0.0;2.0;1.0;2.0;A01
25058;201500016610;0;7;0;15.0;0.0;4.0;2.0;B01
25059;201500016612;0;2;0;0.0;2.0;1.0;17.0;A01
25060;201500016612;0;7;0;0.0;2.0;8.0;15.0;B01
25061;201500016613;0;7;0;15.0;0.0;1.0;13.0;A01
25062;201500016614;0;7;0;0.0;2.0;2.0;15.0;A01
25063;201500016614;0;7;0;0.0;2.0;1.0;1.0;B01
25064;201500016615;0;7;0;0.0;1.0;1.0;1.0;A01
25065;201500016616;0;7;0;0.0;2.0;3.0;13.0;A01
25066;201500016616;0;7;0;0.0;2.0;3.0;1.0;B01
25067;201500016617;0;2;0;16.0;0.0;0.0;14.0;A01
25068;201500016618;0;2;0;0.0;0.0;2.0;21.0;C01
25069;201500016618;0;3;0;0.0;2.0;1.0;5.0;A01
25070;201500016618;0;2;0;0.0;2.0;1.0;1.0;B01
25071;201500016619;0;15;0;0.0;2.0;2.0;16.0;A01
25072;201500016619;0;2;0;0.0;2.0;1.0;1.0;B01
25073;201500016620;0;7;0;0.0;2.0;2.0;12.0;A01
25074;201500016620;0;7;0;0.0;2.0;6.0;1.0;B01
25075;201500016621;0;10;0;0.0;2.0;2.0;15.0;A01
25076;201500016621;0;33;0;0.0;2.0;1.0;1.0;B01
25077;201500016622;0;7;0;15.0;0.0;1.0;14.0;A01
25078;201500016623;0;30;0;0.0;2.0;8.0;1.0;A01
25079;201500016623;0;7;0;0.0;2.0;1.0;1.0;B01
25080;201500016624;0;33;0;12.0;0.0;9.0;14.0;A01
25081;201500016625;0;2;0;15.0;0.0;1.0;14.0;A01
25082;201500016626;0;1;0;12.0;0.0;1.0;1.0;A01
25083;201500016627;0;7;0;0.0;1.0;1.0;1.0;A01
25084;201500016628;0;7;0;0.0;1.0;2.0;1.0;A01
25085;201500016629;0;30;0;0.0;2.0;4.0;23.0;B01
25086;201500016629;0;7;0;0.0;2.0;1.0;2.0;A01
25087;201500016630;0;33;0;0.0;2.0;1.0;2.0;A01
25088;201500016630;0;7;0;0.0;2.0;4.0;2.0;B01
25089;201500016631;0;7;0;0.0;2.0;3.0;13.0;A01
25090;201500016631;0;7;0;13.0;2.0;3.0;21.0;B01
25091;201500016632;0;30;0;0.0;2.0;1.0;1.0;A01
25092;201500016632;0;7;0;0.0;2.0;6.0;15.0;B01
25093;201500016634;0;7;0;0.0;2.0;4.0;4.0;A01
25094;201500016634;0;33;0;0.0;2.0;7.0;1.0;B01
25095;201500016635;0;7;0;6.0;1.0;1.0;14.0;A01
25096;201500016636;0;7;0;0.0;2.0;1.0;2.0;A01
25097;201500016636;0;30;0;0.0;2.0;4.0;15.0;B01
25098;201500016637;0;10;0;0.0;1.0;4.0;20.0;A01
25099;201500016638;0;7;0;3.0;0.0;8.0;13.0;A01
25100;201500016639;0;10;0;0.0;2.0;1.0;9.0;A01
25101;201500016639;0;7;0;2.0;2.0;6.0;1.0;B01
25102;201500016640;0;7;0;16.0;0.0;9.0;1.0;A01
25103;201500016641;0;7;0;0.0;2.0;1.0;1.0;A01
25104;201500016641;0;7;0;0.0;2.0;8.0;1.0;B01
25105;201500016642;0;2;0;0.0;2.0;1.0;1.0;B01
25106;201500016642;0;10;0;0.0;2.0;8.0;15.0;A01
25107;201500016643;0;7;0;0.0;2.0;8.0;15.0;A01
25108;201500016643;0;7;0;0.0;2.0;1.0;1.0;B01
25109;201500016643;0;10;0;0.0;2.0;1.0;1.0;C01
25110;201500016644;0;30;0;16.0;0.0;7.0;9.0;A01
25111;201500016645;0;7;0;13.0;0.0;7.0;21.0;A01
25112;201500016646;0;7;0;8.0;0.0;1.0;14.0;A01
25113;201500016648;0;14;0;0.0;2.0;1.0;2.0;A01
25114;201500016648;0;7;0;0.0;2.0;4.0;23.0;B01
25115;201500016649;0;2;0;0.0;2.0;1.0;17.0;A01
25116;201500016649;0;7;0;0.0;2.0;3.0;15.0;B01
25117;201500016650;0;7;0;13.0;0.0;2.0;14.0;A01
25118;201500016651;0;7;0;0.0;2.0;7.0;15.0;A01
25119;201500016651;0;2;0;0.0;2.0;1.0;1.0;B01
25120;201500016653;0;7;0;0.0;2.0;1.0;2.0;A01
25121;201500016653;0;7;0;0.0;2.0;4.0;23.0;B01
25122;201500016654;0;7;0;1.0;2.0;8.0;9.0;A01
25123;201500016654;0;7;0;0.0;2.0;1.0;1.0;B01
25124;201500016655;0;7;0;6.0;0.0;1.0;13.0;A01
25125;201500016656;0;7;0;0.0;1.0;3.0;15.0;A01
25126;201500016657;0;7;0;0.0;2.0;8.0;10.0;A01
25127;201500016657;0;7;0;0.0;2.0;1.0;1.0;B01
25128;201500016658;0;7;0;16.0;0.0;9.0;1.0;A01
25129;201500016659;0;30;0;0.0;0.0;0.0;1.0;A01
25130;201500016660;0;30;0;0.0;2.0;8.0;1.0;B01
25131;201500016660;1;7;0;0.0;2.0;0.0;0.0;A01
25132;201500016661;0;7;0;0.0;1.0;1.0;1.0;A01
25133;201500016662;0;7;0;0.0;1.0;2.0;1.0;A01
25134;201500016663;0;7;0;0.0;2.0;2.0;9.0;A01
25135;201500016663;0;1;0;0.0;2.0;7.0;1.0;A02
25136;201500016664;0;7;0;8.0;0.0;1.0;1.0;A01
25137;201500016665;0;7;0;8.0;0.0;4.0;21.0;A01
25138;201500016666;0;1;0;0.0;2.0;1.0;5.0;A02
25139;201500016666;0;7;0;0.0;2.0;5.0;17.0;A01
25140;201500016667;0;7;0;0.0;2.0;8.0;15.0;A01
25141;201500016667;0;7;0;0.0;2.0;1.0;1.0;B02
25142;201500016668;0;7;0;13.0;0.0;7.0;1.0;A01
25143;201500016669;0;10;0;16.0;0.0;1.0;14.0;A01
25144;201500016670;0;7;0;16.0;0.0;1.0;13.0;A01
25145;201500016671;0;33;0;0.0;0.0;1.0;1.0;B01
25146;201500016671;0;7;0;0.0;0.0;3.0;15.0;A02
25147;201500016673;0;7;0;0.0;2.0;2.0;13.0;A01
25148;201500016673;0;7;0;0.0;2.0;1.0;1.0;B02
25149;201500016674;0;7;0;0.0;2.0;2.0;19.0;A01
25150;201500016674;0;30;0;0.0;2.0;1.0;1.0;B02
25151;201500016675;0;7;0;0.0;1.0;2.0;1.0;A01
25152;201500016676;0;7;0;13.0;0.0;9.0;19.0;A01
25153;201500016677;0;7;0;13.0;0.0;1.0;13.0;A01
25154;201500016678;0;7;0;8.0;0.0;8.0;1.0;A01
25155;201500016679;0;7;0;6.0;0.0;3.0;13.0;A01
25156;201500016680;0;7;0;0.0;2.0;3.0;1.0;B02
25157;201500016680;0;7;0;0.0;2.0;3.0;5.0;A01
25158;201500016681;0;7;0;0.0;2.0;7.0;1.0;A01
25159;201500016681;0;7;0;0.0;2.0;1.0;1.0;B01
25160;201500016683;0;7;0;0.0;6.0;9.0;1.0;A01
25161;201500016684;0;20;0;0.0;2.0;4.0;0.0;B02
25162;201500016684;0;7;0;0.0;2.0;2.0;1.0;A01
25163;201500016685;0;7;0;6.0;0.0;3.0;1.0;A01
25164;201500016686;0;31;0;0.0;2.0;1.0;1.0;B01
25165;201500016686;0;7;0;0.0;2.0;2.0;1.0;A01
25166;201500016687;0;7;0;0.0;2.0;1.0;1.0;A01
25167;201500016687;0;21;0;0.0;2.0;6.0;1.0;B01
25168;201500016688;0;15;0;0.0;2.0;2.0;1.0;B02
25169;201500016688;0;7;0;0.0;2.0;2.0;5.0;A01
25170;201500016689;0;7;0;0.0;2.0;1.0;0.0;B01
25171;201500016689;0;7;0;0.0;2.0;1.0;13.0;A01
25172;201500016690;0;7;0;0.0;2.0;8.0;15.0;B02
25173;201500016690;0;33;0;0.0;2.0;7.0;17.0;A01
25174;201500016691;0;7;0;0.0;0.0;7.0;13.0;A01
25175;201500016692;0;1;0;0.0;2.0;1.0;1.0;B02
25176;201500016692;0;7;0;0.0;2.0;3.0;15.0;A01
25177;201500016693;0;7;0;0.0;2.0;1.0;19.0;B01
25178;201500016693;0;10;0;0.0;2.0;3.0;1.0;A01
25179;201500016694;0;7;0;0.0;2.0;5.0;23.0;C01
25180;201500016694;0;14;0;0.0;2.0;3.0;15.0;B01
25181;201500016694;0;15;0;0.0;2.0;3.0;1.0;A01
25182;201500016695;0;30;0;0.0;2.0;1.0;1.0;B01
25183;201500016695;0;7;0;0.0;2.0;7.0;20.0;A01
25184;201500016696;0;31;0;0.0;2.0;1.0;1.0;B01
25185;201500016696;0;3;0;0.0;0.0;8.0;19.0;A01
25186;201500016697;0;7;0;0.0;0.0;9.0;0.0;A01
25187;201500016698;0;7;0;0.0;2.0;8.0;15.0;B01
25188;201500016698;0;31;0;0.0;2.0;2.0;17.0;A01
25189;201500016699;0;7;0;2.0;0.0;1.0;0.0;A01
25190;201500016700;2;7;0;2.0;0.0;3.0;1.0;A01
25191;201500016701;0;7;0;2.0;0.0;1.0;0.0;A01
25192;201500016702;0;7;0;0.0;2.0;7.0;19.0;B02
25193;201500016702;0;7;0;0.0;2.0;1.0;1.0;A01
25194;201500016703;0;7;0;13.0;0.0;8.0;1.0;A01
25195;201500016704;0;7;0;0.0;2.0;2.0;1.0;B02
25196;201500016704;0;33;0;0.0;2.0;1.0;5.0;A01
25197;201500016705;0;14;0;16.0;0.0;8.0;1.0;A01
25198;201500016707;0;7;0;0.0;2.0;1.0;15.0;A01
25199;201500016707;0;7;0;0.0;2.0;1.0;1.0;B02
25200;201500016708;0;7;0;3.0;0.0;7.0;1.0;A01
25201;201500016709;0;7;0;2.0;0.0;1.0;1.0;A01
25202;201500016710;0;30;0;0.0;0.0;0.0;0.0;A01
25203;201500016711;0;7;0;6.0;2.0;2.0;13.0;A01
25204;201500016711;0;7;0;0.0;2.0;2.0;1.0;B02
25205;201500016712;0;7;0;0.0;2.0;3.0;10.0;B02
25206;201500016712;0;7;0;8.0;2.0;7.0;1.0;A01
25207;201500016713;0;7;0;0.0;0.0;0.0;17.0;A01
25208;201500016714;0;7;0;0.0;2.0;3.0;15.0;A01
25209;201500016714;0;2;0;0.0;2.0;1.0;1.0;B02
25210;201500016715;0;7;0;0.0;0.0;3.0;1.0;A01
25211;201500016715;0;7;0;0.0;0.0;3.0;1.0;B02
25212;201500016716;0;7;0;2.0;0.0;7.0;13.0;A01
25213;201500016717;0;7;0;0.0;0.0;9.0;1.0;A01
25214;201500016718;0;33;0;0.0;2.0;1.0;17.0;A01
25215;201500016718;0;7;0;0.0;2.0;8.0;15.0;B02
25216;201500016719;0;7;0;0.0;2.0;1.0;19.0;B02
25217;201500016719;0;7;0;0.0;2.0;3.0;1.0;A01
25218;201500016721;0;7;0;13.0;0.0;2.0;1.0;A01
25219;201500016723;0;7;0;0.0;2.0;3.0;1.0;A01
25220;201500016723;0;7;0;0.0;2.0;3.0;1.0;B02
25221;201500016724;0;7;0;0.0;2.0;1.0;9.0;B02
25222;201500016724;0;7;0;0.0;2.0;2.0;1.0;A01
25223;201500016725;0;7;0;0.0;1.0;2.0;1.0;A01
25224;201500016727;0;33;0;0.0;0.0;9.0;1.0;A01
25225;201500016728;0;36;0;0.0;2.0;3.0;1.0;A01
25226;201500016728;0;7;0;0.0;2.0;3.0;16.0;B02
25227;201500016729;0;33;0;0.0;2.0;1.0;1.0;B02
25228;201500016729;0;7;0;0.0;2.0;4.0;4.0;A01
25229;201500016730;0;7;0;13.0;0.0;1.0;1.0;A01
25230;201500016731;0;7;0;0.0;2.0;9.0;1.0;A01
25231;201500016731;0;14;0;0.0;2.0;4.0;1.0;B02
25232;201500016731;0;10;0;0.0;2.0;1.0;1.0;C03
25233;201500016732;0;7;0;2.0;0.0;1.0;13.0;A01
25234;201500016733;0;33;0;0.0;2.0;7.0;1.0;A01
25235;201500016733;0;33;0;0.0;2.0;9.0;1.0;B02
25236;201500016734;0;7;0;0.0;2.0;4.0;23.0;C03
25237;201500016734;0;7;0;0.0;2.0;2.0;2.0;A01
25238;201500016734;0;7;0;0.0;2.0;4.0;23.0;B02
25239;201500016735;0;7;0;0.0;2.0;3.0;1.0;B02
25240;201500016735;0;2;0;0.0;2.0;3.0;1.0;A01
25241;201500016736;0;7;0;0.0;2.0;1.0;13.0;A01
25242;201500016736;0;7;0;0.0;2.0;1.0;1.0;B02
25243;201500016737;0;2;0;0.0;2.0;1.0;1.0;B02
25244;201500016737;0;7;0;0.0;2.0;3.0;9.0;A01
25245;201500016739;0;7;0;0.0;0.0;0.0;1.0;A01
25246;201500016739;0;7;0;0.0;2.0;1.0;13.0;B02
25247;201500016739;0;7;0;0.0;2.0;1.0;1.0;C03
25248;201500016741;0;14;0;0.0;2.0;1.0;1.0;A01
25249;201500016741;0;7;0;0.0;2.0;7.0;19.0;B02
25250;201500016742;0;7;0;13.0;0.0;9.0;1.0;A01
25251;201500016743;0;7;0;0.0;2.0;2.0;15.0;A01
25252;201500016743;0;7;0;0.0;0.0;3.0;1.0;B01
25253;201500016744;0;31;0;0.0;0.0;8.0;1.0;A01
25254;201500016745;0;7;0;0.0;2.0;7.0;15.0;A01
25255;201500016745;0;7;0;0.0;2.0;7.0;1.0;B02
25256;201500016746;0;7;0;15.0;0.0;1.0;1.0;A01
25257;201500016747;0;32;0;16.0;0.0;3.0;13.0;A01
25258;201500016748;0;7;0;0.0;2.0;3.0;19.0;B02
25259;201500016748;0;7;0;0.0;2.0;2.0;21.0;A01
25260;201500016749;0;33;0;0.0;2.0;2.0;17.0;A01
25261;201500016749;0;7;0;0.0;2.0;3.0;15.0;B02
25262;201500016750;0;2;0;0.0;0.0;0.0;1.0;A01
25263;201500016751;0;7;0;0.0;1.0;1.0;1.0;A01
25264;201500016752;0;31;0;0.0;2.0;7.0;21.0;B02
25265;201500016752;0;7;0;0.0;2.0;3.0;9.0;A01
25266;201500016753;0;7;0;6.0;0.0;1.0;1.0;A01
25267;201500016754;0;7;0;6.0;0.0;1.0;14.0;A01
25268;201500016755;0;33;0;0.0;2.0;1.0;14.0;A01
25269;201500016756;0;14;0;0.0;0.0;0.0;1.0;A01
25270;201500016757;0;15;0;0.0;2.0;3.0;1.0;A01
25271;201500016757;0;7;0;0.0;2.0;0.0;15.0;B01
25272;201500016758;0;7;0;8.0;0.0;9.0;1.0;A01
25273;201500016759;0;7;0;0.0;1.0;7.0;1.0;A01
25274;201500016760;0;33;0;14.0;2.0;1.0;1.0;A01
25275;201500016760;0;10;0;0.0;2.0;1.0;1.0;B02
25276;201500016761;0;7;0;0.0;1.0;1.0;1.0;A01
25277;201500016762;0;36;0;13.0;0.0;0.0;1.0;A01
25278;201500016763;0;7;0;0.0;1.0;2.0;1.0;A01
25279;201500016764;0;33;0;0.0;2.0;1.0;1.0;A01
25280;201500016764;0;7;0;0.0;2.0;8.0;15.0;B02
25281;201500016765;0;33;0;14.0;0.0;3.0;2.0;A01
25282;201500016765;0;10;0;0.0;0.0;5.0;23.0;B02
25283;201500016767;0;33;0;0.0;2.0;1.0;1.0;A01
25284;201500016767;0;7;0;0.0;2.0;3.0;9.0;B02
25285;201500016769;0;7;0;0.0;2.0;3.0;15.0;A01
25286;201500016769;0;2;0;0.0;2.0;1.0;1.0;B02
25287;201500016770;0;7;0;0.0;2.0;3.0;5.0;A01
25288;201500016770;0;33;0;0.0;2.0;8.0;1.0;B02
25289;201500016771;0;33;0;4.0;0.0;8.0;15.0;A01
25290;201500016772;0;7;0;0.0;1.0;2.0;0.0;A01
25291;201500016773;0;7;0;2.0;0.0;1.0;13.0;A01
25292;201500016774;0;33;0;0.0;0.0;5.0;23.0;A01
25293;201500016775;0;7;0;2.0;0.0;1.0;0.0;A01
25294;201500016776;0;7;0;0.0;2.0;3.0;6.0;A01
25295;201500016776;0;7;0;0.0;2.0;1.0;1.0;B02
25296;201500016777;0;21;0;0.0;0.0;1.0;1.0;A01
25297;201500016778;0;7;0;2.0;0.0;1.0;1.0;A01
25298;201500016779;0;33;0;0.0;0.0;0.0;17.0;A01
25299;201500016780;0;2;0;0.0;2.0;1.0;1.0;A01
25300;201500016780;0;7;0;0.0;2.0;8.0;15.0;B02
25301;201500016781;0;7;0;0.0;2.0;1.0;1.0;B02
25302;201500016781;0;7;0;0.0;2.0;2.0;13.0;A01
25303;201500016782;0;7;0;13.0;0.0;1.0;1.0;A01
25304;201500016783;0;7;0;2.0;0.0;1.0;1.0;A01
25305;201500016784;0;33;0;13.0;0.0;3.0;1.0;A01
25306;201500016785;0;7;0;2.0;0.0;1.0;0.0;A01
25307;201500016786;0;7;0;0.0;2.0;2.0;1.0;B02
25308;201500016786;0;7;0;0.0;2.0;3.0;9.0;A01
25309;201500016787;0;7;0;0.0;0.0;4.0;1.0;A01
25310;201500016787;0;30;0;0.0;0.0;1.0;2.0;B02
25311;201500016788;0;7;0;13.0;0.0;2.0;1.0;A01
25312;201500016789;0;7;0;0.0;2.0;3.0;15.0;A01
25313;201500016789;0;31;0;0.0;2.0;3.0;1.0;B02
25314;201500016790;0;7;0;0.0;0.0;0.0;17.0;A01
25315;201500016791;0;7;0;0.0;2.0;3.0;17.0;A01
25316;201500016791;0;7;0;0.0;2.0;3.0;1.0;B02
25317;201500016792;0;7;0;13.0;0.0;9.0;15.0;A01
25318;201500016793;0;33;0;0.0;2.0;1.0;19.0;A01
25319;201500016793;0;10;0;0.0;2.0;3.0;21.0;B02
25320;201500016794;0;10;0;2.0;0.0;2.0;0.0;A01
25321;201500016795;0;7;0;0.0;2.0;7.0;13.0;A01
25322;201500016795;0;7;0;0.0;2.0;1.0;1.0;B02
25323;201500016796;0;7;0;13.0;0.0;1.0;1.0;A01
25324;201500016797;0;7;0;0.0;2.0;3.0;1.0;A01
25325;201500016797;0;7;0;0.0;2.0;3.0;1.0;B02
25326;201500016798;0;7;0;13.0;0.0;1.0;1.0;A01
25327;201500016799;0;31;0;8.0;0.0;1.0;1.0;A01
25328;201500016801;0;7;0;6.0;0.0;3.0;1.0;A01
25329;201500016802;0;7;0;0.0;0.0;0.0;1.0;A01
25330;201500016803;0;7;0;0.0;2.0;2.0;19.0;A01
25331;201500016803;0;10;0;0.0;2.0;6.0;19.0;B02
25332;201500016804;0;7;0;0.0;1.0;1.0;1.0;A01
25333;201500016805;0;7;0;0.0;2.0;1.0;19.0;B02
25334;201500016805;0;7;0;6.0;0.0;7.0;1.0;A01
25335;201500016806;0;10;0;2.0;0.0;2.0;1.0;A01
25336;201500016807;0;31;0;0.0;2.0;3.0;1.0;B02
25337;201500016807;0;7;0;0.0;2.0;1.0;15.0;A01
25338;201500016808;0;7;0;0.0;2.0;1.0;13.0;A01
25339;201500016808;0;7;0;0.0;2.0;1.0;1.0;B02
25340;201500016809;0;14;0;0.0;2.0;3.0;1.0;B02
25341;201500016809;0;33;0;0.0;2.0;1.0;13.0;A01
25342;201500016810;0;7;0;0.0;2.0;1.0;1.0;B02
25343;201500016810;0;7;0;0.0;2.0;1.0;13.0;A01
25344;201500016811;0;33;0;0.0;2.0;1.0;1.0;A01
25345;201500016811;0;7;0;0.0;2.0;7.0;19.0;B02
25346;201500016812;0;7;0;0.0;2.0;2.0;1.0;B02
25347;201500016812;0;33;0;0.0;2.0;7.0;13.0;A01
25348;201500016813;0;34;0;6.0;0.0;1.0;1.0;A01
25349;201500016814;0;36;0;6.0;0.0;2.0;1.0;A01
25350;201500016815;0;7;0;0.0;2.0;3.0;15.0;A01
25351;201500016815;0;7;0;0.0;2.0;1.0;1.0;B02
25352;201500016816;0;10;0;1.0;0.0;3.0;13.0;A01
25353;201500016816;0;20;0;0.0;2.0;3.0;24.0;B02
25354;201500016817;0;2;0;0.0;2.0;7.0;15.0;A01
25355;201500016817;0;7;0;0.0;2.0;1.0;1.0;B02
25356;201500016818;0;7;0;0.0;2.0;4.0;20.0;A01
25357;201500016818;0;30;0;0.0;2.0;1.0;2.0;B02
25358;201500016819;0;33;0;12.0;0.0;1.0;1.0;A01
25359;201500016820;0;30;0;5.0;2.0;1.0;2.0;A01
25360;201500016820;0;7;0;0.0;2.0;8.0;1.0;B02
25361;201500016821;0;7;0;0.0;1.0;1.0;15.0;A01
25362;201500016822;0;7;0;0.0;0.0;3.0;13.0;A01
25363;201500016823;0;30;0;0.0;2.0;1.0;1.0;A01
25364;201500016823;0;7;0;0.0;2.0;3.0;15.0;B02
25365;201500016824;0;2;0;0.0;2.0;1.0;13.0;A01
25366;201500016824;0;7;0;0.0;2.0;2.0;1.0;B02
25367;201500016825;0;7;0;0.0;2.0;3.0;13.0;A01
25368;201500016825;0;10;0;0.0;2.0;3.0;21.0;B02
25369;201500016826;0;31;0;0.0;2.0;8.0;1.0;A01
25370;201500016826;0;7;0;0.0;2.0;8.0;2.0;B02
25371;201500016827;0;7;0;6.0;0.0;1.0;1.0;A01
25372;201500016828;0;7;0;0.0;9.0;1.0;1.0;A01
25373;201500016828;0;1;0;0.0;2.0;8.0;19.0;B02
25374;201500016829;0;7;0;0.0;1.0;2.0;1.0;A01
25375;201500016830;0;7;0;0.0;9.0;1.0;1.0;A01
25376;201500016830;0;99;0;0.0;2.0;7.0;1.0;B02
25377;201500016831;0;10;0;0.0;1.0;2.0;1.0;A01
25378;201500016832;0;33;0;0.0;2.0;8.0;13.0;A01
25379;201500016832;0;7;0;0.0;2.0;8.0;1.0;B02
25380;201500016833;0;1;0;0.0;1.0;1.0;1.0;A01
25381;201500016834;0;7;0;0.0;2.0;6.0;1.0;A01
25382;201500016834;0;7;0;0.0;2.0;2.0;21.0;B02
25383;201500016834;0;7;0;0.0;2.0;8.0;1.0;C03
25384;201500016834;0;33;0;0.0;2.0;1.0;17.0;D04
25385;201500016834;0;33;0;0.0;0.0;0.0;21.0;E05
25386;201500016835;0;33;0;0.0;1.0;1.0;1.0;A01
25387;201500016836;0;7;0;0.0;2.0;2.0;15.0;A01
25388;201500016836;0;7;0;0.0;2.0;1.0;1.0;B02
25389;201500016837;0;7;0;0.0;2.0;7.0;1.0;A01
25390;201500016837;0;1;0;0.0;2.0;1.0;1.0;B02
25391;201500016838;0;7;0;0.0;2.0;3.0;15.0;A01
25392;201500016838;0;7;0;0.0;2.0;1.0;1.0;B02
25393;201500016838;0;7;0;0.0;2.0;1.0;1.0;C03
25394;201500016839;0;30;0;0.0;2.0;3.0;16.0;A01
25395;201500016839;0;7;0;0.0;2.0;3.0;1.0;B02
25396;201500016840;0;33;0;7.0;0.0;1.0;6.0;A01
25397;201500016841;0;7;0;13.0;0.0;9.0;17.0;A01
25398;201500016842;0;7;0;0.0;2.0;1.0;5.0;A01
25399;201500016842;0;7;0;0.0;2.0;1.0;1.0;B02
25400;201500016843;0;7;0;0.0;2.0;8.0;1.0;A01
25401;201500016843;0;21;0;0.0;2.0;8.0;1.0;B02
25402;201500016844;0;7;0;0.0;0.0;7.0;1.0;A01
25403;201500016846;0;30;0;0.0;0.0;1.0;1.0;A01
25404;201500016848;0;7;0;0.0;2.0;8.0;1.0;B02
25405;201500016848;0;33;0;0.0;2.0;1.0;11.0;A01
25406;201500016848;0;7;0;0.0;2.0;3.0;1.0;C03
25407;201500016849;0;7;0;0.0;1.0;2.0;1.0;A01
25408;201500016850;0;7;0;2.0;0.0;1.0;13.0;A01
25409;201500016851;0;7;0;0.0;2.0;1.0;1.0;B02
25410;201500016851;0;7;0;0.0;2.0;3.0;13.0;A01
25411;201500016852;0;7;0;0.0;2.0;1.0;5.0;A01
25412;201500016852;0;7;0;0.0;2.0;1.0;1.0;B02
25413;201500016853;0;7;0;0.0;2.0;0.0;1.0;A01
25414;201500016853;0;7;0;0.0;2.0;3.0;1.0;B02
25415;201500016854;0;7;0;0.0;2.0;3.0;21.0;B02