;Num_Acc;senc;catv;occutc;obs;obsm;choc;manv;num_veh
25416;201500016854;0;7;0;0.0;2.0;3.0;13.0;A01
25417;201500016855;0;7;0;0.0;0.0;4.0;13.0;B02
25418;201500016855;0;33;0;0.0;2.0;1.0;17.0;A01
25419;201500016856;0;3;0;10.0;0.0;1.0;1.0;A01
25420;201500016857;0;7;0;0.0;1.0;1.0;1.0;A01
25421;201500016858;0;7;0;0.0;1.0;1.0;0.0;A01
25422;201500016860;0;7;0;0.0;0.0;3.0;1.0;B02
25423;201500016860;0;7;0;0.0;0.0;3.0;17.0;A01
25424;201500016861;0;30;0;16.0;0.0;7.0;1.0;A01
25425;201500016862;0;31;0;0.0;0.0;7.0;19.0;A01
25426;201500016863;0;33;0;0.0;0.0;1.0;1.0;A01
25427;201500016865;0;7;0;0.0;2.0;2.0;15.0;A01
25428;201500016865;0;31;0;0.0;2.0;7.0;1.0;B02
25429;201500016866;0;7;0;2.0;0.0;1.0;14.0;A01
25430;201500016867;0;7;0;0.0;2.0;1.0;1.0;A01
25431;201500016867;0;2;0;0.0;2.0;1.0;1.0;B02
25432;201500016868;0;33;0;0.0;0.0;8.0;1.0;A01
25433;201500016869;0;30;0;0.0;2.0;1.0;0.0;A01
25434;201500016869;0;7;0;0.0;2.0;5.0;9.0;B02
25435;201500016870;0;7;0;0.0;2.0;3.0;0.0;B02
25436;201500016870;0;31;0;0.0;2.0;1.0;0.0;A01
25437;201500016871;0;33;0;0.0;2.0;1.0;1.0;B02
25438;201500016871;0;7;0;0.0;0.0;1.0;15.0;A01
25439;201500016873;0;7;0;0.0;2.0;1.0;1.0;B02
25440;201500016873;0;7;0;0.0;2.0;7.0;13.0;A01
25441;201500016874;0;7;0;0.0;0.0;1.0;1.0;A01
25442;201500016874;0;1;0;0.0;0.0;1.0;15.0;B02
25443;201500016875;0;7;0;2.0;0.0;2.0;1.0;A01
25444;201500016876;0;31;0;0.0;2.0;1.0;1.0;A01
25445;201500016876;0;7;0;0.0;2.0;1.0;13.0;B02
25446;201500016878;0;31;0;0.0;2.0;1.0;13.0;A01
25447;201500016878;0;7;0;0.0;2.0;2.0;1.0;B02
25448;201500016879;0;10;0;6.0;0.0;3.0;13.0;A01
25449;201500016880;0;7;0;0.0;2.0;3.0;1.0;A01
25450;201500016880;0;10;0;0.0;2.0;1.0;15.0;B02
25451;201500016882;0;14;0;13.0;0.0;1.0;1.0;A01
25452;201500016883;0;7;0;0.0;2.0;7.0;19.0;A01
25453;201500016883;0;7;0;0.0;2.0;1.0;1.0;B02
25454;201500016884;0;7;0;0.0;2.0;2.0;2.0;A01
25455;201500016884;0;1;0;0.0;2.0;4.0;1.0;B02
25456;201500016885;0;15;0;6.0;0.0;1.0;1.0;A01
25457;201500016886;0;7;0;0.0;1.0;2.0;1.0;A01
25458;201500016887;0;7;0;0.0;2.0;1.0;1.0;B01
25459;201500016887;0;7;0;0.0;2.0;5.0;15.0;A01
25460;201500016887;0;7;0;0.0;2.0;8.0;23.0;C02
25461;201500016888;0;33;0;2.0;0.0;1.0;1.0;A01
25462;201500016889;0;7;0;0.0;2.0;3.0;1.0;B02
25463;201500016889;0;36;0;0.0;2.0;2.0;19.0;A01
25464;201500016890;0;7;0;13.0;0.0;3.0;13.0;A01
25465;201500016891;0;7;0;15.0;0.0;9.0;1.0;A01
25466;201500016892;0;7;0;8.0;0.0;8.0;1.0;A01
25467;201500016893;0;7;0;13.0;0.0;1.0;1.0;A01
25468;201500016894;0;7;0;15.0;0.0;1.0;1.0;A01
25469;201500016895;0;7;0;13.0;0.0;1.0;1.0;A01
25470;201500016896;0;7;0;2.0;0.0;3.0;1.0;A01
25471;201500016897;0;7;0;0.0;2.0;1.0;13.0;A01
25472;201500016897;0;7;0;0.0;2.0;7.0;21.0;B02
25473;201500016898;0;7;0;0.0;2.0;1.0;13.0;A01
25474;201500016898;0;7;0;0.0;2.0;3.0;1.0;B02
25475;201500016898;0;7;0;0.0;2.0;7.0;1.0;C03
25476;201500016899;0;33;0;0.0;0.0;0.0;1.0;A01
25477;201500016900;0;7;0;0.0;2.0;3.0;1.0;A01
25478;201500016900;0;7;0;0.0;2.0;1.0;19.0;B02
25479;201500016901;0;10;0;0.0;2.0;6.0;24.0;A01
25480;201500016901;0;15;0;1.0;0.0;2.0;14.0;B02
25481;201500016902;0;10;0;0.0;2.0;1.0;15.0;A01
25482;201500016902;0;7;0;0.0;2.0;3.0;1.0;B02
25483;201500016903;0;33;0;0.0;2.0;1.0;17.0;A01
25484;201500016903;0;14;0;0.0;2.0;6.0;15.0;B02
25485;201500016904;0;31;0;0.0;2.0;2.0;17.0;A01
25486;201500016904;0;14;0;0.0;2.0;3.0;1.0;B02
25487;201500016905;0;7;0;2.0;0.0;1.0;1.0;A01
25488;201500016906;0;7;0;13.0;0.0;1.0;1.0;A01
25489;201500016907;0;7;0;0.0;2.0;1.0;1.0;B02
25490;201500016907;0;7;0;0.0;2.0;7.0;21.0;C03
25491;201500016907;0;7;0;0.0;2.0;1.0;13.0;A01
25492;201500016908;0;7;0;15.0;0.0;1.0;1.0;A01
25493;201500016909;0;7;0;0.0;1.0;7.0;1.0;A01
25494;201500016910;0;7;0;0.0;1.0;3.0;1.0;A01
25495;201500016911;0;7;0;13.0;0.0;1.0;13.0;A01
25496;201500016913;0;21;0;0.0;2.0;0.0;1.0;A01
25497;201500016913;0;38;0;0.0;2.0;0.0;1.0;B02
25498;201500016914;0;10;0;0.0;2.0;1.0;1.0;B02
25499;201500016914;0;7;0;0.0;2.0;7.0;19.0;A01
25500;201500016915;0;30;0;14.0;0.0;8.0;1.0;A01
25501;201500016917;0;7;0;2.0;0.0;3.0;1.0;A01
25502;201500016918;0;21;0;13.0;0.0;1.0;1.0;A01
25503;201500016919;0;7;0;0.0;2.0;2.0;1.0;A01
25504;201500016919;0;7;0;0.0;2.0;5.0;1.0;B02
25505;201500016920;0;2;0;0.0;2.0;7.0;1.0;B02
25506;201500016920;0;7;0;0.0;2.0;3.0;9.0;A01
25507;201500016921;0;7;0;13.0;0.0;1.0;1.0;A01
25508;201500016922;0;7;0;0.0;1.0;3.0;1.0;A01
25509;201500016923;0;30;0;0.0;2.0;1.0;1.0;A01
25510;201500016923;0;14;0;0.0;2.0;3.0;1.0;B02
25511;201500016924;0;31;0;0.0;2.0;7.0;1.0;B02
25512;201500016924;0;7;0;0.0;2.0;3.0;15.0;A01
25513;201500016925;0;10;0;16.0;0.0;0.0;14.0;A01
25514;201500016926;0;7;0;0.0;2.0;3.0;9.0;A01
25515;201500016926;0;2;0;0.0;2.0;1.0;1.0;B02
25516;201500016927;0;33;0;0.0;2.0;1.0;1.0;A01
25517;201500016927;0;7;0;0.0;2.0;8.0;15.0;B02
25518;201500016928;0;2;0;0.0;2.0;1.0;1.0;B02
25519;201500016928;0;10;0;0.0;2.0;8.0;15.0;A01
25520;201500016930;0;21;0;0.0;2.0;0.0;1.0;A01
25521;201500016930;0;1;0;0.0;2.0;0.0;17.0;B02
25522;201500016931;0;7;0;0.0;1.0;0.0;1.0;A01
25523;201500016932;0;7;0;13.0;0.0;9.0;1.0;A01
25524;201500016933;1;33;0;0.0;1.0;0.0;1.0;A01
25525;201500016935;0;33;0;0.0;0.0;0.0;15.0;A01
25526;201500016936;0;7;0;6.0;0.0;9.0;1.0;A01
25527;201500016937;0;38;3;0.0;2.0;1.0;1.0;A01
25528;201500016937;0;7;0;0.0;2.0;1.0;1.0;B01
25529;201500016938;0;7;0;0.0;0.0;0.0;19.0;A01
25530;201500016938;0;2;0;0.0;0.0;1.0;0.0;B02
25531;201500016939;0;14;0;0.0;2.0;3.0;1.0;A01
25532;201500016939;0;7;0;0.0;2.0;3.0;1.0;B02
25533;201500016940;0;7;0;0.0;0.0;1.0;1.0;A01
25534;201500016941;0;7;0;0.0;1.0;2.0;1.0;A01
25535;201500016942;0;7;0;0.0;2.0;1.0;17.0;A01
25536;201500016942;0;7;0;0.0;2.0;8.0;19.0;B02
25537;201500016944;0;7;0;2.0;0.0;1.0;1.0;A01
25538;201500016945;0;7;0;0.0;2.0;1.0;13.0;A01
25539;201500016945;0;7;0;0.0;2.0;8.0;1.0;B02
25540;201500016945;0;7;0;0.0;2.0;8.0;1.0;C03
25541;201500016946;0;7;0;0.0;1.0;3.0;1.0;A01
25542;201500016947;0;7;0;0.0;2.0;7.0;1.0;B02
25543;201500016947;0;3;0;0.0;2.0;1.0;1.0;A01
25544;201500016948;0;14;0;13.0;0.0;7.0;1.0;A01
25545;201500016949;0;7;0;16.0;0.0;0.0;1.0;A01
25546;201500016950;0;7;0;0.0;2.0;1.0;13.0;A01
25547;201500016950;0;7;0;0.0;2.0;1.0;21.0;B02
25548;201500016951;0;7;0;13.0;0.0;1.0;14.0;A01
25549;201500016952;0;7;0;0.0;0.0;9.0;21.0;A01
25550;201500016953;0;10;0;10.0;0.0;1.0;13.0;A01
25551;201500016954;0;7;0;0.0;0.0;1.0;1.0;A01
25552;201500016955;0;2;0;0.0;2.0;1.0;1.0;A01
25553;201500016955;0;7;0;0.0;2.0;2.0;1.0;B02
25554;201500016956;0;7;0;0.0;1.0;1.0;1.0;A01
25555;201500016957;0;7;0;1.0;0.0;3.0;1.0;A01
25556;201500016957;0;7;0;0.0;2.0;3.0;24.0;B02
25557;201500016958;0;7;0;0.0;2.0;2.0;2.0;A01
25558;201500016958;0;1;0;0.0;2.0;4.0;2.0;B02
25559;201500016959;0;31;0;1.0;0.0;1.0;1.0;A01
25560;201500016961;0;10;0;0.0;0.0;6.0;15.0;A01
25561;201500016961;0;17;0;0.0;2.0;1.0;1.0;B02
25562;201500016961;0;17;0;0.0;2.0;0.0;0.0;C03
25563;201500016962;0;7;0;0.0;0.0;3.0;1.0;A01
25564;201500016962;0;7;0;0.0;0.0;3.0;1.0;B02
25565;201500016963;0;7;0;0.0;0.0;1.0;1.0;B01
25566;201500016963;0;7;0;0.0;0.0;1.0;5.0;A02
25567;201500016964;0;7;0;7.0;0.0;0.0;17.0;A01
25568;201500016965;0;7;0;0.0;2.0;1.0;13.0;A01
25569;201500016965;0;15;0;0.0;2.0;1.0;1.0;B02
25570;201500016966;0;7;0;0.0;0.0;7.0;15.0;A01
25571;201500016966;0;2;0;0.0;2.0;1.0;1.0;B02
25572;201500016967;0;7;0;2.0;0.0;1.0;14.0;A01
25573;201500016968;0;2;0;8.0;0.0;1.0;1.0;A01
25574;201500016969;0;7;0;2.0;0.0;1.0;13.0;A01
25575;201500016970;0;7;0;5.0;0.0;1.0;13.0;A01
25576;201500016971;0;30;0;0.0;0.0;1.0;14.0;A01
25577;201500016973;0;30;0;0.0;2.0;1.0;19.0;A01
25578;201500016973;0;7;0;0.0;2.0;3.0;1.0;B02
25579;201500016974;0;10;0;0.0;1.0;2.0;1.0;A01
25580;201500016975;0;7;0;0.0;2.0;7.0;13.0;A01
25581;201500016975;0;7;0;0.0;2.0;1.0;1.0;B02
25582;201500016976;0;7;0;0.0;2.0;3.0;1.0;A01
25583;201500016976;0;7;0;0.0;2.0;1.0;0.0;B02
25584;201500016977;0;7;0;2.0;0.0;1.0;1.0;A01
25585;201500016978;0;7;0;0.0;2.0;1.0;13.0;A01
25586;201500016978;0;7;0;0.0;2.0;1.0;1.0;B01
25587;201500016979;0;7;0;0.0;2.0;3.0;13.0;A01
25588;201500016979;0;14;0;0.0;2.0;8.0;1.0;B02
25589;201500016980;0;7;0;12.0;2.0;3.0;21.0;B02
25590;201500016980;0;7;0;0.0;2.0;0.0;15.0;A01
25591;201500016981;0;33;0;0.0;2.0;1.0;1.0;B01
25592;201500016981;0;10;0;0.0;2.0;5.0;19.0;A01
25593;201500016982;0;33;0;13.0;0.0;7.0;1.0;A01
25594;201500016983;0;7;0;10.0;0.0;1.0;1.0;A01
25595;201500016984;0;7;0;13.0;0.0;3.0;1.0;A01
25596;201500016985;0;1;0;7.0;0.0;1.0;1.0;A01
25597;201500016986;0;10;0;0.0;2.0;1.0;1.0;A01
25598;201500016986;0;14;0;0.0;2.0;8.0;1.0;B01
25599;201500016987;0;7;0;2.0;0.0;1.0;1.0;A01
25600;201500016988;0;7;0;0.0;2.0;3.0;17.0;A01
25601;201500016988;0;2;0;0.0;2.0;1.0;1.0;B02
25602;201500016989;0;1;0;0.0;2.0;1.0;1.0;A01
25603;201500016989;0;10;0;0.0;0.0;3.0;15.0;B01
25604;201500016990;0;10;0;8.0;0.0;2.0;1.0;A01
25605;201500016991;0;7;0;2.0;0.0;1.0;13.0;A01
25606;201500016992;0;7;0;15.0;0.0;3.0;13.0;A01
25607;201500016993;0;7;0;0.0;2.0;2.0;2.0;A01
25608;201500016993;0;1;0;0.0;2.0;4.0;1.0;B02
25609;201500016994;0;7;0;2.0;0.0;3.0;1.0;A01
25610;201500016995;0;33;0;13.0;0.0;1.0;1.0;A01
25611;201500016996;0;7;0;2.0;0.0;3.0;1.0;A01
25612;201500016997;0;33;0;0.0;2.0;1.0;17.0;A01
25613;201500016997;0;7;0;0.0;2.0;2.0;1.0;B01
25614;201500016999;0;30;0;0.0;2.0;3.0;1.0;B01
25615;201500016999;0;7;0;0.0;2.0;2.0;15.0;A01
25616;201500017000;0;7;0;0.0;1.0;8.0;1.0;A01
25617;201500017001;0;2;0;0.0;2.0;0.0;1.0;A01
25618;201500017005;0;31;0;0.0;2.0;1.0;1.0;B01
25619;201500017005;0;7;0;0.0;2.0;3.0;15.0;A01
25620;201500017006;0;7;0;0.0;2.0;1.0;1.0;C03
25621;201500017006;0;15;0;0.0;2.0;8.0;1.0;B02
25622;201500017006;0;7;0;0.0;2.0;1.0;17.0;A01
25623;201500017007;0;7;0;0.0;2.0;1.0;1.0;B02
25624;201500017007;0;7;0;0.0;2.0;1.0;13.0;A01
25625;201500017008;0;7;0;0.0;2.0;2.0;1.0;A01
25626;201500017008;0;7;0;0.0;2.0;1.0;13.0;B02
25627;201500017009;0;7;0;8.0;0.0;7.0;1.0;A01
25628;201500017010;0;7;0;0.0;2.0;3.0;13.0;A01
25629;201500017010;0;7;0;0.0;2.0;8.0;1.0;C03
25630;201500017010;0;7;0;0.0;2.0;3.0;1.0;B02
25631;201500017011;0;7;0;0.0;2.0;8.0;19.0;A01
25632;201500017011;0;7;0;0.0;2.0;1.0;1.0;B02
25633;201500017012;0;7;0;0.0;2.0;1.0;1.0;B02
25634;201500017012;0;7;0;0.0;2.0;7.0;15.0;A01
25635;201500017013;0;7;0;13.0;0.0;2.0;1.0;A01
25636;201500017014;0;31;0;0.0;0.0;7.0;1.0;A01
25637;201500017015;0;7;0;13.0;0.0;3.0;14.0;A01
25638;201500017016;0;7;0;0.0;2.0;1.0;1.0;B02
25639;201500017016;0;7;0;0.0;2.0;2.0;1.0;A01
25640;201500017017;0;17;0;0.0;2.0;8.0;1.0;B02
25641;201500017017;0;7;0;0.0;2.0;3.0;13.0;A01
25642;201500017017;0;10;0;0.0;2.0;1.0;1.0;D04
25643;201500017018;0;7;0;0.0;1.0;1.0;1.0;A01
25644;201500017019;0;10;0;0.0;2.0;1.0;1.0;A01
25645;201500017019;0;7;0;0.0;2.0;7.0;19.0;B02
25646;201500017020;0;7;0;8.0;1.0;8.0;1.0;A01
25647;201500017021;0;7;0;0.0;2.0;2.0;16.0;A01
25648;201500017021;0;1;0;0.0;2.0;1.0;1.0;B02
25649;201500017022;0;7;0;0.0;0.0;1.0;1.0;A01
25650;201500017023;0;13;0;1.0;1.0;5.0;1.0;A01
25651;201500017024;0;7;0;13.0;0.0;1.0;1.0;A01
25652;201500017025;0;7;0;0.0;2.0;1.0;1.0;B02
25653;201500017025;0;7;0;0.0;2.0;3.0;15.0;A01
25654;201500017026;0;7;0;13.0;0.0;0.0;1.0;A01
25655;201500017027;0;7;0;1.0;1.0;1.0;1.0;A01
25656;201500017027;0;7;0;0.0;0.0;8.0;24.0;C03
25657;201500017027;0;37;6;0.0;0.0;6.0;24.0;B02
25658;201500017028;0;7;0;0.0;0.0;1.0;13.0;A01
25659;201500017029;0;7;0;0.0;2.0;3.0;1.0;A01
25660;201500017029;0;7;0;0.0;2.0;6.0;19.0;B02
25661;201500017030;0;7;0;0.0;2.0;3.0;1.0;B02
25662;201500017030;0;7;0;0.0;2.0;1.0;13.0;A01
25663;201500017031;0;7;0;0.0;2.0;3.0;1.0;B02
25664;201500017031;0;15;0;0.0;2.0;6.0;1.0;C03
25665;201500017031;0;7;0;0.0;2.0;3.0;13.0;A01
25666;201500017032;0;7;0;0.0;2.0;6.0;1.0;B02
25667;201500017032;0;1;0;0.0;2.0;2.0;1.0;A01
25668;201500017033;0;7;0;0.0;2.0;7.0;1.0;B02
25669;201500017033;0;21;0;0.0;2.0;1.0;15.0;A01
25670;201500017034;0;33;0;0.0;6.0;3.0;1.0;A01
25671;201500017035;0;7;0;13.0;0.0;2.0;1.0;A01
25672;201500017036;0;33;0;0.0;2.0;1.0;1.0;B02
25673;201500017036;0;7;0;0.0;2.0;1.0;1.0;A01
25674;201500017037;0;10;0;13.0;0.0;1.0;1.0;A01
25675;201500017038;0;7;0;16.0;0.0;9.0;1.0;A01
25676;201500017039;0;1;0;0.0;2.0;1.0;15.0;A01
25677;201500017039;0;10;0;0.0;2.0;7.0;1.0;B02
25678;201500017040;0;7;0;0.0;2.0;1.0;13.0;A01
25679;201500017040;0;7;0;0.0;2.0;1.0;1.0;B02
25680;201500017041;0;7;0;0.0;2.0;2.0;13.0;A01
25681;201500017041;0;15;0;0.0;2.0;3.0;21.0;B02
25682;201500017042;0;7;0;2.0;0.0;1.0;1.0;A01
25683;201500017043;0;7;0;0.0;2.0;8.0;15.0;A01
25684;201500017043;0;17;0;0.0;2.0;3.0;15.0;B02
25685;201500017044;0;15;0;0.0;2.0;3.0;1.0;A01
25686;201500017044;0;7;0;0.0;2.0;5.0;17.0;B02
25687;201500017045;0;7;0;16.0;0.0;1.0;1.0;A01
25688;201500017046;0;7;0;0.0;2.0;8.0;15.0;B02
25689;201500017046;0;33;0;0.0;2.0;7.0;17.0;A01
25690;201500017047;0;7;0;0.0;2.0;1.0;1.0;A01
25691;201500017047;0;3;0;0.0;2.0;4.0;23.0;B02
25692;201500017049;0;10;0;0.0;1.0;1.0;1.0;A01
25693;201500017050;0;7;0;13.0;0.0;1.0;13.0;A01
25694;201500017051;0;30;0;0.0;0.0;0.0;1.0;A01
25695;201500017052;0;7;0;2.0;0.0;1.0;1.0;A01
25696;201500017053;0;7;0;13.0;0.0;1.0;1.0;A01
25697;201500017054;0;7;0;8.0;0.0;1.0;1.0;A01
25698;201500017055;0;7;0;2.0;0.0;1.0;1.0;A01
25699;201500017056;0;7;0;14.0;0.0;9.0;1.0;A01
25700;201500017057;0;7;0;2.0;6.0;1.0;21.0;A01
25701;201500017058;0;33;0;0.0;6.0;1.0;1.0;A01
25702;201500017059;0;7;0;0.0;2.0;6.0;1.0;B02
25703;201500017059;0;7;0;0.0;2.0;1.0;13.0;A01
25704;201500017060;0;7;0;0.0;0.0;5.0;16.0;A01
25705;201500017060;0;30;0;0.0;2.0;1.0;1.0;B02
25706;201500017061;0;7;0;2.0;0.0;7.0;0.0;A01
25707;201500017062;0;7;0;0.0;2.0;1.0;19.0;A01
25708;201500017062;0;33;0;0.0;2.0;8.0;1.0;B02
25709;201500017063;0;33;0;14.0;0.0;1.0;0.0;A01
25710;201500017064;0;7;0;0.0;1.0;1.0;1.0;A01
25711;201500017065;0;10;0;2.0;0.0;1.0;1.0;A01
25712;201500017066;0;7;0;2.0;0.0;8.0;17.0;A01
25713;201500017067;0;7;0;1.0;2.0;1.0;1.0;B02
25714;201500017067;0;10;0;;2.0;7.0;15.0;A01
25715;201500017068;0;33;0;0.0;2.0;1.0;17.0;B02
25716;201500017068;0;7;0;0.0;2.0;3.0;15.0;A01
25717;201500017069;0;33;0;0.0;2.0;1.0;1.0;B02
25718;201500017069;0;7;0;0.0;2.0;3.0;15.0;A01
25719;201500017071;0;7;0;0.0;2.0;1.0;1.0;B02
25720;201500017071;0;7;0;0.0;2.0;1.0;13.0;A01
25721;201500017072;0;1;0;0.0;2.0;1.0;2.0;B02
25722;201500017072;1;7;0;0.0;2.0;3.0;2.0;A01
25723;201500017073;0;33;0;0.0;2.0;1.0;1.0;A01
25724;201500017073;0;7;0;0.0;2.0;1.0;1.0;B02
25725;201500017074;0;33;0;0.0;2.0;1.0;17.0;B02
25726;201500017074;0;7;0;0.0;2.0;8.0;17.0;A01
25727;201500017076;0;7;0;0.0;1.0;6.0;4.0;A01
25728;201500017077;0;7;0;3.0;0.0;1.0;6.0;A01
25729;201500017078;0;10;0;0.0;2.0;3.0;13.0;A01
25730;201500017078;0;7;0;0.0;2.0;3.0;1.0;B02
25731;201500017078;0;7;0;0.0;2.0;3.0;1.0;C03
25732;201500017080;0;7;0;0.0;2.0;2.0;13.0;A01
25733;201500017080;0;7;0;0.0;2.0;2.0;21.0;B02
25734;201500017081;0;10;0;2.0;0.0;1.0;1.0;A01
25735;201500017082;0;33;0;0.0;2.0;1.0;1.0;B02
25736;201500017082;0;10;0;0.0;2.0;3.0;15.0;A01
25737;201500017083;0;30;0;12.0;0.0;1.0;1.0;A01
25738;201500017084;0;34;0;0.0;2.0;1.0;1.0;A01
25739;201500017084;0;10;0;0.0;2.0;3.0;15.0;B02
25740;201500017085;0;7;0;0.0;1.0;2.0;1.0;A01
25741;201500017086;0;10;0;2.0;0.0;2.0;1.0;A01
25742;201500017087;0;37;20;0.0;1.0;2.0;0.0;A01
25743;201500017088;0;33;0;13.0;0.0;1.0;15.0;A01
25744;201500017089;0;7;0;0.0;0.0;1.0;13.0;A01
25745;201500017089;0;7;0;0.0;0.0;1.0;1.0;B02
25746;201500017090;0;33;0;0.0;2.0;1.0;1.0;B02
25747;201500017090;0;7;0;0.0;2.0;7.0;15.0;A01
25748;201500017091;0;2;0;0.0;2.0;1.0;5.0;B02
25749;201500017091;0;7;0;0.0;2.0;3.0;5.0;A01
25750;201500017092;0;7;0;0.0;1.0;1.0;1.0;A01
25751;201500017093;0;7;0;0.0;2.0;3.0;19.0;A01
25752;201500017093;0;7;0;0.0;2.0;7.0;1.0;B02
25753;201500017094;0;7;0;0.0;2.0;1.0;1.0;B02
25754;201500017094;0;7;0;0.0;2.0;1.0;13.0;A01
25755;201500017095;0;1;0;0.0;2.0;1.0;17.0;B02
25756;201500017095;0;7;0;0.0;2.0;3.0;10.0;A01
25757;201500017096;0;2;0;0.0;0.0;3.0;0.0;A01
25758;201500017097;0;7;0;0.0;2.0;5.0;19.0;A01
25759;201500017097;0;33;0;0.0;2.0;7.0;1.0;B02
25760;201500017098;0;33;0;0.0;2.0;1.0;19.0;A01
25761;201500017098;0;7;0;0.0;2.0;3.0;1.0;B02
25762;201500017099;0;7;0;0.0;0.0;3.0;15.0;A01
25763;201500017099;0;1;0;0.0;0.0;1.0;1.0;B02
25764;201500017100;0;7;0;2.0;0.0;3.0;1.0;A01
25765;201500017101;0;15;0;10.0;0.0;2.0;1.0;A01
25766;201500017102;0;7;0;0.0;2.0;1.0;15.0;A01
25767;201500017102;0;7;0;0.0;2.0;1.0;1.0;B02
25768;201500017103;0;2;0;0.0;2.0;1.0;19.0;A01
25769;201500017103;0;10;0;0.0;0.0;8.0;1.0;B02
25770;201500017104;0;7;0;0.0;2.0;2.0;1.0;A01
25771;201500017104;0;2;0;0.0;2.0;2.0;15.0;B02
25772;201500017105;0;7;0;0.0;2.0;4.0;23.0;B02
25773;201500017105;0;7;0;0.0;0.0;4.0;23.0;C03
25774;201500017105;0;3;0;0.0;2.0;1.0;1.0;A01
25775;201500017106;0;31;0;12.0;0.0;1.0;16.0;A01
25776;201500017107;0;7;0;2.0;0.0;1.0;1.0;A01
25777;201500017108;0;7;0;0.0;2.0;2.0;1.0;A01
25778;201500017108;0;30;0;0.0;2.0;1.0;1.0;B02
25779;201500017109;0;7;0;2.0;0.0;1.0;14.0;A01
25780;201500017110;0;1;0;0.0;2.0;4.0;1.0;C03
25781;201500017110;0;1;0;0.0;2.0;4.0;1.0;B02
25782;201500017110;0;14;0;0.0;2.0;2.0;2.0;A01
25783;201500017111;0;7;0;8.0;0.0;8.0;1.0;A01
25784;201500017112;0;7;0;0.0;2.0;3.0;1.0;B02
25785;201500017112;0;30;0;0.0;2.0;2.0;15.0;A01
25786;201500017113;0;7;0;0.0;2.0;2.0;15.0;A01
25787;201500017113;0;30;0;0.0;2.0;1.0;1.0;B02
25788;201500017114;0;30;0;0.0;2.0;1.0;1.0;B02
25789;201500017114;0;7;0;0.0;2.0;3.0;1.0;A01
25790;201500017115;0;7;0;6.0;0.0;1.0;16.0;A01
25791;201500017116;0;7;0;0.0;2.0;2.0;13.0;A01
25792;201500017116;0;7;0;0.0;2.0;3.0;1.0;B02
25793;201500017117;0;7;0;0.0;2.0;1.0;17.0;A01
25794;201500017117;0;7;0;0.0;0.0;8.0;15.0;B02
25795;201500017118;0;33;0;0.0;2.0;1.0;21.0;B02
25796;201500017118;0;7;0;0.0;2.0;1.0;13.0;A01
25797;201500017119;0;7;0;2.0;0.0;1.0;1.0;A01
25798;201500017120;0;7;0;0.0;2.0;2.0;1.0;B02
25799;201500017120;0;7;0;0.0;2.0;2.0;13.0;A01
25800;201500017121;0;7;0;0.0;1.0;1.0;1.0;A01
25801;201500017122;0;7;0;0.0;2.0;0.0;0.0;A01
25802;201500017122;0;7;0;0.0;2.0;0.0;0.0;B02
25803;201500017123;0;7;0;0.0;1.0;2.0;1.0;A01
25804;201500017124;0;36;0;13.0;0.0;2.0;1.0;A01
25805;201500017125;0;7;0;0.0;2.0;3.0;16.0;A01
25806;201500017125;0;7;0;0.0;2.0;3.0;1.0;B02
25807;201500017126;0;33;0;0.0;0.0;0.0;1.0;A01
25808;201500017127;0;10;0;4.0;0.0;1.0;1.0;A01
25809;201500017128;0;7;0;13.0;0.0;9.0;1.0;A01
25810;201500017129;0;14;0;0.0;0.0;0.0;0.0;A01
25811;201500017130;0;7;0;0.0;0.0;1.0;1.0;A01
25812;201500017130;0;7;0;0.0;0.0;7.0;1.0;B02
25813;201500017131;0;1;0;0.0;2.0;3.0;1.0;A01
25814;201500017132;0;7;0;0.0;0.0;0.0;0.0;A01
25815;201500017132;0;7;0;0.0;0.0;0.0;0.0;B02
25816;201500017133;0;7;0;0.0;0.0;0.0;0.0;B02
25817;201500017133;0;31;0;0.0;0.0;0.0;0.0;A01
25818;201500017135;0;10;0;0.0;0.0;4.0;15.0;A01
25819;201500017135;0;10;0;0.0;2.0;1.0;1.0;B02
25820;201500017137;0;7;0;0.0;0.0;0.0;1.0;A01
25821;201500017138;0;33;0;2.0;0.0;1.0;1.0;A01
25822;201500017139;0;7;0;8.0;0.0;7.0;21.0;A01
25823;201500017140;0;7;0;6.0;0.0;1.0;1.0;A01
25824;201500017141;0;30;0;0.0;0.0;1.0;1.0;A01
25825;201500017142;0;7;0;13.0;0.0;8.0;1.0;A01
25826;201500017143;0;3;0;0.0;0.0;6.0;2.0;B02
25827;201500017143;0;10;0;0.0;2.0;2.0;2.0;A01
25828;201500017145;0;2;0;0.0;0.0;7.0;1.0;A01
25829;201500017146;0;7;0;0.0;2.0;3.0;1.0;B02
25830;201500017146;0;7;0;0.0;2.0;3.0;13.0;A01
25831;201500017147;0;7;0;0.0;2.0;1.0;1.0;A01
25832;201500017147;0;7;0;0.0;2.0;1.0;13.0;B02
25833;201500017148;0;1;0;1.0;;1.0;2.0;A02
25834;201500017148;0;7;0;0.0;0.0;3.0;22.0;A01