;Num_Acc;senc;catv;occutc;obs;obsm;choc;manv;num_veh
25835;201500017149;0;10;0;0.0;2.0;4.0;1.0;C03
25836;201500017149;0;7;0;0.0;2.0;1.0;1.0;A01
25837;201500017149;0;7;0;0.0;2.0;4.0;1.0;B02
25838;201500017150;0;31;0;0.0;2.0;2.0;17.0;B02
25839;201500017150;0;35;0;0.0;2.0;3.0;1.0;A01
25840;201500017151;0;7;0;0.0;1.0;1.0;0.0;A01
25841;201500017151;0;7;0;0.0;0.0;0.0;23.0;B02
25842;201500017152;0;30;0;0.0;2.0;1.0;0.0;A01
25843;201500017152;0;7;0;0.0;2.0;1.0;0.0;B02
25844;201500017153;0;7;0;1.0;2.0;1.0;11.0;A01
25845;201500017153;0;7;0;0.0;2.0;3.0;15.0;B02
25846;201500017153;0;7;0;0.0;2.0;3.0;23.0;C03
25847;201500017154;0;3;0;0.0;2.0;1.0;1.0;B02
25848;201500017154;0;7;0;0.0;2.0;1.0;15.0;A01
25849;201500017155;0;7;0;0.0;2.0;1.0;13.0;A01
25850;201500017155;0;10;0;0.0;2.0;1.0;1.0;B02
25851;201500017156;0;7;0;0.0;0.0;6.0;15.0;A01
25852;201500017156;0;7;0;0.0;2.0;1.0;17.0;B02
25853;201500017157;0;30;0;0.0;0.0;8.0;1.0;A01
25854;201500017158;0;7;0;0.0;6.0;2.0;1.0;A01
25855;201500017158;0;7;0;0.0;2.0;1.0;1.0;B02
25856;201500017159;0;7;0;0.0;2.0;1.0;1.0;B02
25857;201500017159;0;33;0;0.0;2.0;1.0;5.0;A01
25858;201500017161;0;33;0;1.0;2.0;1.0;1.0;A01
25859;201500017161;0;33;0;0.0;0.0;1.0;1.0;B02
25860;201500017161;0;7;0;0.0;0.0;8.0;24.0;C03
25861;201500017162;0;31;0;0.0;2.0;1.0;1.0;C03
25862;201500017162;0;7;0;0.0;2.0;6.0;1.0;A01
25863;201500017162;0;14;0;0.0;2.0;8.0;1.0;B02
25864;201500017163;0;1;0;1.0;0.0;2.0;1.0;A01
25865;201500017164;0;7;0;0.0;2.0;7.0;15.0;A01
25866;201500017164;0;7;0;0.0;2.0;1.0;1.0;B02
25867;201500017165;0;10;0;0.0;1.0;1.0;20.0;A01
25868;201500017166;0;7;0;0.0;0.0;0.0;0.0;A01
25869;201500017167;0;7;0;2.0;0.0;8.0;1.0;A01
25870;201500017168;0;7;0;0.0;0.0;4.0;23.0;A01
25871;201500017168;0;7;0;0.0;0.0;4.0;0.0;B02
25872;201500017168;0;7;0;0.0;0.0;1.0;0.0;C03
25873;201500017169;0;7;0;6.0;0.0;1.0;19.0;A01
25874;201500017170;0;39;0;0.0;1.0;3.0;1.0;A01
25875;201500017171;0;1;0;0.0;2.0;0.0;0.0;B02
25876;201500017171;0;7;0;0.0;2.0;1.0;9.0;A01
25877;201500017172;0;37;0;0.0;2.0;7.0;17.0;A01
25878;201500017172;0;21;0;0.0;2.0;8.0;1.0;B02
25879;201500017173;0;7;0;0.0;0.0;0.0;9.0;A01
25880;201500017173;0;1;0;0.0;0.0;0.0;0.0;B02
25881;201500017174;0;31;0;0.0;0.0;8.0;10.0;A01
25882;201500017174;0;7;0;0.0;2.0;1.0;1.0;B02
25883;201500017175;0;7;0;0.0;2.0;1.0;1.0;B02
25884;201500017175;0;7;0;0.0;2.0;1.0;5.0;A01
25885;201500017177;0;7;0;0.0;2.0;6.0;2.0;A01
25886;201500017177;0;33;0;0.0;2.0;1.0;2.0;B02
25887;201500017178;0;7;0;0.0;0.0;0.0;0.0;B02
25888;201500017178;0;7;0;0.0;0.0;0.0;0.0;A01
25889;201500017179;0;7;0;0.0;1.0;1.0;1.0;A01
25890;201500017180;0;10;0;0.0;1.0;2.0;1.0;A01
25891;201500017181;0;7;0;0.0;1.0;1.0;1.0;A01
25892;201500017182;2;10;0;0.0;2.0;1.0;19.0;A01
25893;201500017182;0;10;0;0.0;2.0;3.0;1.0;B02
25894;201500017184;0;7;0;11.0;0.0;1.0;0.0;A01
25895;201500017186;0;7;0;0.0;1.0;2.0;1.0;A01
25896;201500017187;0;7;0;0.0;2.0;1.0;1.0;A01
25897;201500017187;0;7;0;0.0;2.0;1.0;1.0;B02
25898;201500017187;0;7;0;0.0;2.0;1.0;1.0;C03
25899;201500017188;0;7;0;0.0;2.0;1.0;0.0;B02
25900;201500017188;0;7;0;0.0;2.0;1.0;13.0;A01
25901;201500017188;0;7;0;0.0;2.0;1.0;21.0;C03
25902;201500017189;0;7;0;0.0;2.0;1.0;1.0;A01
25903;201500017189;0;7;0;0.0;2.0;1.0;16.0;B02
25904;201500017190;0;30;0;0.0;2.0;1.0;2.0;A01
25905;201500017190;0;7;0;0.0;2.0;4.0;2.0;B02
25906;201500017191;0;10;0;0.0;2.0;3.0;15.0;A01
25907;201500017191;0;10;0;0.0;2.0;1.0;1.0;B02
25908;201500017193;0;7;0;0.0;0.0;0.0;0.0;A01
25909;201500017194;0;7;0;6.0;0.0;1.0;0.0;A01
25910;201500017195;0;36;0;0.0;0.0;9.0;0.0;A01
25911;201500017196;0;7;0;0.0;0.0;0.0;0.0;B02
25912;201500017196;0;7;0;0.0;0.0;0.0;0.0;C03
25913;201500017196;0;2;0;0.0;0.0;0.0;0.0;A01
25914;201500017197;0;7;0;0.0;1.0;0.0;0.0;A01
25915;201500017198;0;7;0;0.0;1.0;1.0;16.0;A01
25916;201500017199;0;10;0;0.0;0.0;2.0;13.0;A01
25917;201500017200;0;10;0;13.0;0.0;7.0;13.0;A01
25918;201500017201;0;7;0;0.0;1.0;2.0;1.0;A01
25919;201500017202;0;14;0;0.0;2.0;1.0;15.0;A01
25920;201500017202;0;7;0;0.0;2.0;1.0;1.0;B02
25921;201500017203;0;33;0;0.0;2.0;1.0;17.0;A01
25922;201500017203;0;7;0;0.0;2.0;3.0;1.0;B02
25923;201500017204;0;7;0;0.0;9.0;8.0;9.0;A01
25924;201500017204;0;1;0;0.0;2.0;7.0;1.0;B02
25925;201500017205;0;10;0;0.0;0.0;9.0;1.0;A01
25926;201500017206;0;14;0;0.0;2.0;2.0;1.0;A01
25927;201500017206;0;7;0;0.0;2.0;3.0;19.0;B02
25928;201500017207;0;10;0;13.0;0.0;1.0;15.0;A01
25929;201500017208;0;3;0;0.0;0.0;4.0;1.0;B02
25930;201500017208;0;7;0;0.0;2.0;1.0;1.0;A01
25931;201500017209;0;7;0;0.0;2.0;8.0;1.0;D04
25932;201500017209;0;7;0;0.0;2.0;2.0;1.0;C03
25933;201500017209;0;7;0;2.0;2.0;8.0;17.0;A01
25934;201500017209;0;10;0;0.0;2.0;8.0;1.0;B02
25935;201500017210;0;7;0;0.0;0.0;1.0;5.0;A01
25936;201500017211;0;7;0;2.0;0.0;1.0;1.0;A01
25937;201500017212;0;7;0;0.0;2.0;3.0;1.0;B02
25938;201500017212;0;7;0;0.0;2.0;3.0;13.0;A01
25939;201500017213;0;10;0;6.0;0.0;1.0;5.0;A01
25940;201500017213;0;10;0;6.0;0.0;1.0;0.0;B02
25941;201500017215;0;31;0;12.0;0.0;0.0;1.0;A01
25942;201500017218;0;7;0;6.0;0.0;1.0;1.0;A01
25943;201500017220;0;33;0;0.0;2.0;1.0;13.0;A01
25944;201500017220;0;7;0;0.0;2.0;1.0;1.0;B02
25945;201500017222;0;7;0;0.0;2.0;1.0;1.0;B02
25946;201500017222;0;10;0;0.0;2.0;2.0;15.0;A01
25947;201500017223;0;33;0;6.0;0.0;7.0;1.0;A01
25948;201500017224;0;7;0;13.0;0.0;1.0;1.0;A01
25949;201500017225;0;34;0;0.0;2.0;1.0;13.0;A01
25950;201500017225;0;15;0;0.0;2.0;8.0;1.0;B02
25951;201500017226;0;17;0;0.0;2.0;3.0;1.0;B02
25952;201500017226;0;34;0;0.0;2.0;1.0;13.0;A01
25953;201500017227;0;1;0;0.0;2.0;1.0;13.0;A01
25954;201500017227;0;38;0;0.0;9.0;1.0;1.0;B02
25955;201500017228;0;7;0;2.0;0.0;2.0;0.0;A01
25956;201500017229;0;7;0;0.0;2.0;8.0;1.0;B02
25957;201500017229;0;33;0;0.0;2.0;1.0;13.0;A01
25958;201500017230;0;31;0;9.0;0.0;1.0;1.0;A01
25959;201500017231;0;7;0;4.0;0.0;2.0;1.0;A01
25960;201500017233;0;7;0;3.0;2.0;1.0;1.0;B02
25961;201500017233;0;7;0;0.0;2.0;1.0;1.0;A01
25962;201500017234;0;7;0;13.0;0.0;1.0;1.0;A01
25963;201500017235;0;7;0;6.0;0.0;8.0;13.0;A01
25964;201500017236;0;7;0;0.0;2.0;2.0;19.0;C01
25965;201500017236;0;10;0;0.0;2.0;3.0;23.0;B01
25966;201500017236;0;7;0;0.0;2.0;1.0;1.0;A01
25967;201500017237;0;7;0;0.0;2.0;9.0;1.0;B01
25968;201500017237;0;33;0;0.0;2.0;7.0;13.0;A01
25969;201500017238;0;7;0;2.0;0.0;7.0;13.0;A01
25970;201500017239;0;7;0;0.0;1.0;2.0;16.0;A01
25971;201500017241;0;7;0;13.0;0.0;3.0;13.0;A01
25972;201500017242;0;30;0;0.0;2.0;1.0;2.0;B01
25973;201500017242;0;21;0;0.0;2.0;4.0;1.0;A01
25974;201500017243;0;7;0;0.0;2.0;1.0;15.0;A01
25975;201500017243;0;33;0;0.0;2.0;1.0;1.0;B01
25976;201500017244;0;7;0;0.0;2.0;1.0;17.0;A01
25977;201500017244;0;7;0;0.0;2.0;8.0;15.0;B01
25978;201500017245;0;10;0;0.0;2.0;1.0;13.0;A01
25979;201500017245;0;7;0;0.0;2.0;2.0;1.0;B01
25980;201500017246;0;7;0;13.0;0.0;9.0;1.0;A01
25981;201500017247;0;7;0;13.0;0.0;2.0;1.0;A01
25982;201500017248;0;7;0;0.0;1.0;4.0;1.0;A01
25983;201500017249;0;3;0;0.0;2.0;1.0;1.0;B01
25984;201500017249;0;7;0;0.0;2.0;1.0;1.0;A01
25985;201500017250;0;7;0;0.0;1.0;3.0;1.0;A01
25986;201500017251;0;7;0;0.0;1.0;3.0;1.0;A01
25987;201500017252;0;15;0;3.0;0.0;1.0;1.0;A01
25988;201500017253;0;7;0;0.0;2.0;1.0;1.0;A01
25989;201500017253;0;3;0;0.0;2.0;7.0;19.0;B01
25990;201500017254;0;7;0;0.0;2.0;1.0;1.0;A01
25991;201500017254;0;21;0;0.0;2.0;8.0;19.0;B01
25992;201500017255;0;7;0;0.0;2.0;3.0;13.0;A01
25993;201500017255;0;7;0;0.0;2.0;3.0;2.0;B01
25994;201500017256;0;7;0;0.0;2.0;8.0;13.0;A01
25995;201500017256;0;7;0;0.0;2.0;0.0;1.0;B01
25996;201500017257;0;7;0;13.0;0.0;1.0;1.0;A01
25997;201500017258;0;3;0;0.0;0.0;1.0;13.0;B01
25998;201500017258;0;7;0;0.0;0.0;0.0;1.0;C01
25999;201500017259;0;33;0;0.0;2.0;1.0;2.0;A01
26000;201500017259;0;7;0;0.0;2.0;8.0;15.0;B01
26001;201500017261;0;7;0;13.0;0.0;1.0;1.0;A01
26002;201500017263;0;7;0;0.0;0.0;5.0;1.0;B01
26003;201500017263;0;30;0;0.0;2.0;1.0;2.0;A01
26004;201500017264;0;10;0;0.0;2.0;4.0;15.0;B01
26005;201500017264;0;3;0;0.0;2.0;1.0;2.0;A01
26006;201500017265;0;7;0;0.0;2.0;3.0;11.0;B01
26007;201500017265;0;7;0;0.0;2.0;3.0;1.0;A01
26008;201500017266;0;7;0;0.0;1.0;3.0;1.0;A01
26009;201500017267;0;7;0;0.0;2.0;1.0;17.0;A01
26010;201500017267;0;30;0;0.0;0.0;8.0;15.0;B01
26011;201500017268;0;7;0;0.0;2.0;2.0;5.0;A01
26012;201500017268;0;7;0;0.0;2.0;2.0;1.0;B01
26013;201500017269;0;7;0;0.0;0.0;1.0;1.0;B01
26014;201500017269;0;7;0;0.0;0.0;1.0;13.0;A01
26015;201500017270;0;7;0;13.0;0.0;9.0;1.0;A01
26016;201500017271;0;10;0;0.0;1.0;2.0;1.0;A01
26017;201500017272;0;7;0;0.0;2.0;8.0;1.0;B01
26018;201500017272;0;7;0;0.0;2.0;1.0;15.0;A01
26019;201500017274;0;10;0;0.0;2.0;2.0;19.0;A01
26020;201500017274;0;33;0;0.0;2.0;1.0;1.0;B01
26021;201500017275;0;33;0;0.0;2.0;1.0;17.0;A01
26022;201500017275;0;7;0;0.0;2.0;8.0;15.0;B01
26023;201500017276;0;33;0;0.0;2.0;2.0;1.0;B01
26024;201500017276;0;10;0;0.0;2.0;2.0;15.0;A01
26025;201500017277;0;7;0;0.0;1.0;3.0;1.0;A01
26026;201500017278;0;7;0;2.0;0.0;2.0;1.0;A01
26027;201500017280;0;7;0;0.0;2.0;1.0;1.0;A01
26028;201500017280;0;7;0;0.0;2.0;7.0;15.0;B01
26029;201500017281;0;30;0;13.0;0.0;3.0;1.0;A01
26030;201500017282;0;7;0;0.0;2.0;5.0;19.0;B01
26031;201500017282;0;10;0;0.0;0.0;1.0;1.0;A01
26032;201500017283;0;7;0;6.0;0.0;1.0;1.0;A01
26033;201500017284;0;7;0;0.0;0.0;2.0;9.0;A01
26034;201500017284;0;7;0;0.0;0.0;1.0;1.0;B01
26035;201500017285;0;7;0;0.0;2.0;1.0;1.0;A01
26036;201500017285;0;30;0;0.0;2.0;7.0;9.0;B01
26037;201500017286;0;33;0;13.0;0.0;3.0;17.0;A01
26038;201500017288;0;7;0;0.0;2.0;1.0;1.0;A01
26039;201500017288;0;99;0;0.0;2.0;1.0;15.0;B01
26040;201500017289;0;7;0;13.0;0.0;1.0;14.0;A01
26041;201500017290;0;7;0;6.0;0.0;3.0;1.0;A01
26042;201500017291;0;7;0;0.0;2.0;7.0;15.0;A01
26043;201500017291;0;7;0;0.0;2.0;1.0;1.0;B01
26044;201500017292;0;2;0;0.0;2.0;1.0;1.0;B02
26045;201500017292;0;7;0;;;2.0;15.0;A01
26046;201500017294;0;10;0;0.0;2.0;3.0;1.0;A01
26047;201500017294;0;7;0;0.0;;3.0;1.0;B02
26048;201500017297;0;30;0;6.0;6.0;1.0;1.0;A01
26049;201500017298;0;33;0;0.0;2.0;7.0;1.0;A01
26050;201500017298;0;7;0;0.0;;6.0;1.0;B02
26051;201500017299;0;7;0;6.0;0.0;1.0;1.0;A01
26052;201500017300;0;2;0;0.0;;1.0;1.0;A01
26053;201500017300;0;10;0;0.0;2.0;3.0;1.0;B02
26054;201500017301;0;1;0;0.0;0.0;1.0;1.0;A01
26055;201500017302;0;14;0;3.0;0.0;9.0;13.0;A01
26056;201500017303;0;7;0;13.0;0.0;9.0;13.0;A01
26057;201500017304;0;7;0;13.0;0.0;9.0;1.0;A01
26058;201500017305;0;33;0;0.0;0.0;1.0;14.0;A01
26059;201500017306;0;7;0;0.0;;1.0;1.0;B02
26060;201500017306;0;7;0;0.0;2.0;8.0;9.0;A01
26061;201500017307;0;14;0;0.0;0.0;6.0;1.0;B02
26062;201500017307;0;33;0;0.0;2.0;1.0;21.0;A01
26063;201500017308;0;7;0;0.0;0.0;5.0;23.0;C03
26064;201500017308;0;7;0;0.0;2.0;1.0;2.0;A01
26065;201500017308;0;7;0;0.0;0.0;5.0;13.0;B02
26066;201500017309;0;7;0;3.0;0.0;2.0;1.0;A01
26067;201500017310;0;7;0;13.0;0.0;9.0;14.0;A01
26068;201500017311;0;7;0;13.0;0.0;1.0;13.0;A01
26069;201500017312;0;7;0;0.0;0.0;9.0;1.0;A01
26070;201500017313;0;7;0;13.0;0.0;0.0;14.0;A01
26071;201500017314;0;7;0;13.0;0.0;9.0;13.0;A01
26072;201500017315;0;7;0;13.0;0.0;1.0;14.0;A01
26073;201500017316;0;7;0;13.0;0.0;9.0;21.0;A01
26074;201500017317;0;7;0;0.0;2.0;3.0;1.0;B02
26075;201500017317;0;7;0;0.0;2.0;3.0;1.0;A01
26076;201500017318;0;30;0;0.0;2.0;3.0;1.0;A01
26077;201500017318;1;7;0;0.0;2.0;8.0;13.0;B01
26078;201500017319;0;7;0;0.0;1.0;2.0;1.0;A01
26079;201500017320;0;36;0;6.0;0.0;1.0;14.0;A01
26080;201500017321;0;7;0;0.0;2.0;8.0;1.0;B02
26081;201500017321;0;1;0;0.0;2.0;2.0;1.0;A01
26082;201500017322;0;31;0;0.0;0.0;0.0;14.0;A01
26083;201500017323;0;7;0;13.0;0.0;2.0;1.0;A01
26084;201500017324;0;7;0;0.0;2.0;1.0;1.0;A01
26085;201500017324;0;7;0;0.0;2.0;4.0;23.0;B02
26086;201500017325;0;7;0;0.0;2.0;2.0;10.0;A01
26087;201500017325;0;31;0;0.0;2.0;1.0;1.0;B02
26088;201500017326;0;7;0;13.0;0.0;1.0;1.0;A01
26089;201500017327;0;7;0;13.0;0.0;9.0;14.0;A01
26090;201500017328;0;30;0;0.0;2.0;8.0;1.0;B01
26091;201500017328;0;10;0;0.0;2.0;2.0;19.0;A01
26092;201500017328;0;7;0;0.0;2.0;1.0;23.0;C01
26093;201500017329;0;7;0;8.0;0.0;8.0;14.0;A01
26094;201500017330;0;7;0;0.0;2.0;6.0;17.0;A01
26095;201500017330;0;33;0;13.0;2.0;2.0;17.0;B01
26096;201500017331;0;30;0;0.0;0.0;0.0;1.0;A01
26097;201500017332;0;7;0;16.0;0.0;9.0;14.0;A01
26098;201500017333;0;7;0;0.0;2.0;3.0;13.0;A01
26099;201500017333;0;7;0;0.0;2.0;2.0;1.0;B02
26100;201500017334;0;7;0;0.0;1.0;2.0;1.0;A01
26101;201500017335;0;33;0;0.0;2.0;1.0;1.0;A01
26102;201500017335;0;21;0;0.0;2.0;2.0;13.0;B02
26103;201500017336;0;7;0;0.0;2.0;8.0;23.0;B02
26104;201500017336;0;15;0;0.0;2.0;3.0;1.0;A01
26105;201500017337;0;7;0;0.0;6.0;1.0;1.0;A01
26106;201500017338;0;2;0;0.0;2.0;8.0;1.0;A01
26107;201500017338;0;10;0;0.0;2.0;6.0;23.0;B02
26108;201500017338;0;2;0;0.0;2.0;1.0;1.0;C03
26109;201500017339;0;7;0;0.0;2.0;1.0;15.0;A01
26110;201500017339;0;33;0;0.0;2.0;3.0;21.0;B02
26111;201500017340;0;21;0;0.0;2.0;8.0;1.0;A01
26112;201500017340;0;10;0;0.0;2.0;7.0;17.0;B01
26113;201500017342;0;7;0;15.0;0.0;1.0;13.0;A01
26114;201500017343;0;10;0;0.0;1.0;3.0;1.0;A01
26115;201500017344;0;7;0;0.0;2.0;2.0;1.0;B01
26116;201500017344;0;7;0;0.0;2.0;3.0;15.0;A01
26117;201500017345;0;7;0;0.0;1.0;2.0;1.0;A01
26118;201500017346;0;30;0;13.0;0.0;1.0;14.0;A01
26119;201500017347;0;7;0;0.0;2.0;5.0;15.0;A01
26120;201500017347;0;33;0;3.0;2.0;1.0;21.0;B01
26121;201500017348;0;33;0;0.0;2.0;1.0;2.0;B01
26122;201500017348;0;10;0;0.0;2.0;8.0;10.0;A01
26123;201500017349;0;30;0;0.0;2.0;1.0;17.0;A01
26124;201500017349;0;1;0;0.0;2.0;8.0;1.0;B01
26125;201500017350;0;31;0;0.0;2.0;2.0;17.0;A01
26126;201500017350;0;7;0;0.0;2.0;8.0;23.0;B01
26127;201500017351;0;7;0;0.0;0.0;9.0;14.0;A01
26128;201500017352;0;3;0;16.0;0.0;9.0;14.0;A01
26129;201500017353;0;33;0;3.0;0.0;7.0;14.0;A01
26130;201500017354;0;7;0;0.0;2.0;8.0;15.0;A01
26131;201500017354;0;1;0;0.0;2.0;2.0;17.0;B01
26132;201500017355;0;30;0;0.0;2.0;3.0;15.0;B02
26133;201500017355;0;7;0;0.0;2.0;7.0;1.0;A01
26134;201500017356;0;7;0;0.0;2.0;3.0;21.0;A01
26135;201500017356;2;10;0;0.0;2.0;3.0;13.0;B01
26136;201500017357;0;7;0;0.0;0.0;4.0;23.0;A01
26137;201500017357;0;7;0;0.0;2.0;4.0;23.0;B02
26138;201500017357;0;7;0;0.0;2.0;1.0;2.0;C03
26139;201500017358;0;7;0;0.0;2.0;2.0;15.0;A01
26140;201500017358;0;7;0;0.0;2.0;1.0;1.0;B02
26141;201500017359;0;7;0;13.0;0.0;1.0;21.0;A01
26142;201500017360;0;7;0;0.0;2.0;3.0;1.0;B01
26143;201500017360;0;7;0;0.0;2.0;1.0;13.0;A01
26144;201500017361;0;7;0;6.0;2.0;2.0;17.0;A01
26145;201500017361;0;7;0;0.0;2.0;3.0;15.0;B02
26146;201500017362;0;15;0;0.0;2.0;1.0;1.0;B01
26147;201500017362;0;7;0;0.0;2.0;4.0;23.0;A01
26148;201500017363;0;7;0;2.0;0.0;7.0;1.0;A01
26149;201500017364;0;7;0;0.0;2.0;3.0;15.0;A01
26150;201500017364;0;10;0;0.0;2.0;3.0;1.0;B02
26151;201500017366;0;2;0;0.0;2.0;1.0;1.0;B01
26152;201500017366;0;7;0;0.0;2.0;3.0;15.0;A01
26153;201500017367;0;7;0;2.0;0.0;1.0;13.0;A01
26154;201500017368;0;33;0;0.0;0.0;8.0;1.0;A01
26155;201500017369;0;33;0;0.0;2.0;7.0;15.0;A01
26156;201500017369;0;2;0;0.0;2.0;1.0;1.0;B02
26157;201500017370;0;7;0;13.0;0.0;8.0;13.0;A01
26158;201500017371;0;30;0;12.0;0.0;7.0;14.0;A01
26159;201500017372;0;7;0;15.0;0.0;1.0;14.0;A01
26160;201500017373;0;33;0;13.0;0.0;1.0;14.0;A01
26161;201500017374;0;7;0;8.0;0.0;9.0;14.0;A01
26162;201500017375;0;30;0;0.0;1.0;1.0;1.0;A01
26163;201500017376;0;33;0;0.0;0.0;0.0;1.0;A01
26164;201500017377;0;7;0;6.0;0.0;2.0;1.0;A01
26165;201500017378;0;7;0;0.0;0.0;4.0;16.0;A01
26166;201500017378;0;32;0;0.0;2.0;7.0;2.0;B02
26167;201500017379;0;33;0;6.0;0.0;8.0;1.0;A01
26168;201500017380;0;30;0;0.0;2.0;1.0;1.0;A01
26169;201500017380;0;31;0;0.0;0.0;1.0;1.0;B02
26170;201500017381;0;36;0;10.0;0.0;0.0;1.0;A01
26171;201500017382;0;7;0;0.0;2.0;1.0;1.0;B02
26172;201500017382;0;7;0;0.0;2.0;1.0;13.0;A01
26173;201500017383;0;99;0;0.0;1.0;1.0;1.0;A01
26174;201500017384;0;32;0;0.0;2.0;1.0;2.0;A01
26175;201500017384;0;7;0;0.0;2.0;6.0;1.0;B02
26176;201500017386;0;31;0;0.0;2.0;1.0;1.0;A01
26177;201500017386;0;7;0;0.0;2.0;3.0;10.0;B02
26178;201500017387;0;2;0;0.0;2.0;1.0;1.0;A01
26179;201500017387;0;7;0;0.0;2.0;3.0;10.0;B02
26180;201500017388;0;7;0;0.0;2.0;3.0;15.0;A01
26181;201500017388;0;32;0;0.0;2.0;8.0;1.0;B02
26182;201500017389;0;31;0;0.0;9.0;7.0;1.0;A01
26183;201500017390;0;31;0;0.0;2.0;3.0;17.0;A01
26184;201500017390;0;34;0;0.0;2.0;8.0;0.0;B02
26185;201500017391;0;33;0;13.0;0.0;2.0;1.0;A01
26186;201500017392;0;14;0;0.0;2.0;7.0;11.0;A01
26187;201500017392;0;32;0;0.0;2.0;1.0;1.0;B02
26188;201500017393;0;7;0;0.0;0.0;3.0;1.0;B02
26189;201500017393;0;10;0;0.0;0.0;3.0;13.0;A01
26190;201500017394;0;33;0;0.0;2.0;1.0;13.0;A01
26191;201500017394;0;33;0;0.0;2.0;3.0;1.0;B02
26192;201500017395;0;1;0;0.0;0.0;0.0;1.0;A01
26193;201500017396;0;36;0;0.0;0.0;1.0;0.0;A01
26194;201500017397;0;7;0;10.0;0.0;1.0;1.0;A01
26195;201500017398;0;7;0;8.0;0.0;0.0;0.0;A01
26196;201500017400;0;10;0;0.0;2.0;2.0;15.0;A01
26197;201500017400;0;33;0;0.0;0.0;0.0;0.0;B02
26198;201500017401;0;7;0;13.0;0.0;1.0;11.0;A01
26199;201500017402;0;7;0;0.0;2.0;3.0;1.0;B02
26200;201500017402;0;7;0;0.0;2.0;1.0;13.0;A01
26201;201500017403;0;33;0;8.0;0.0;2.0;1.0;A01
26202;201500017404;0;7;0;0.0;0.0;1.0;1.0;B02
26203;201500017404;0;7;0;0.0;0.0;8.0;1.0;A01
26204;201500017405;0;7;0;0.0;0.0;0.0;15.0;A01
26205;201500017405;0;33;0;0.0;2.0;0.0;1.0;B02
26206;201500017406;0;7;0;14.0;0.0;1.0;1.0;B02
26207;201500017406;0;2;0;0.0;2.0;8.0;23.0;A01
26208;201500017407;0;7;0;0.0;2.0;3.0;1.0;A01
26209;201500017407;0;17;0;0.0;2.0;3.0;1.0;B02
26210;201500017408;0;7;0;0.0;2.0;5.0;15.0;A01
26211;201500017408;0;2;0;0.0;2.0;1.0;13.0;B02
26212;201500017409;0;2;0;0.0;2.0;1.0;13.0;A01
26213;201500017409;0;7;0;0.0;2.0;1.0;1.0;B02
26214;201500017410;0;7;0;15.0;1.0;2.0;1.0;A01
26215;201500017411;0;7;0;0.0;1.0;3.0;16.0;A01
26216;201500017412;0;7;0;15.0;0.0;1.0;1.0;A01
26217;201500017413;0;32;0;13.0;0.0;3.0;1.0;A01
26218;201500017414;0;7;0;0.0;2.0;3.0;9.0;B02
26219;201500017414;0;33;0;0.0;2.0;1.0;1.0;A01
26220;201500017415;0;30;0;8.0;0.0;5.0;1.0;A01
26221;201500017416;0;7;0;0.0;0.0;4.0;23.0;B02
26222;201500017416;0;30;0;0.0;2.0;1.0;2.0;A01
26223;201500017417;0;33;0;0.0;2.0;1.0;1.0;A01
26224;201500017417;0;7;0;0.0;2.0;3.0;2.0;B02
26225;201500017418;0;7;0;0.0;2.0;0.0;0.0;A01
26226;201500017418;0;7;0;0.0;2.0;1.0;1.0;B02
26227;201500017419;0;3;0;0.0;2.0;8.0;15.0;A01
26228;201500017419;0;7;0;0.0;2.0;2.0;17.0;B02
26229;201500017420;0;7;0;16.0;0.0;9.0;1.0;A01
26230;201500017423;0;3;0;13.0;0.0;1.0;13.0;A01
26231;201500017424;0;21;0;0.0;2.0;3.0;1.0;B02
26232;201500017424;0;7;0;0.0;2.0;8.0;13.0;A01
26233;201500017425;0;7;0;0.0;2.0;3.0;1.0;B02
26234;201500017425;0;7;0;2.0;2.0;3.0;5.0;A01
26235;201500017426;0;7;0;2.0;0.0;9.0;0.0;A01
26236;201500017427;0;7;0;0.0;1.0;1.0;1.0;A01
26237;201500017428;0;7;0;0.0;0.0;3.0;1.0;A01
26238;201500017428;0;7;0;0.0;0.0;3.0;13.0;B02
26239;201500017429;0;13;0;6.0;0.0;1.0;5.0;A01
26240;201500017431;0;7;0;0.0;2.0;3.0;19.0;A01
26241;201500017431;0;7;0;0.0;2.0;1.0;1.0;B02
26242;201500017432;0;33;0;13.0;0.0;1.0;1.0;A01
26243;201500017433;0;14;0;0.0;0.0;4.0;23.0;A01
26244;201500017433;0;7;0;1.0;0.0;1.0;1.0;B02
26245;201500017434;0;33;0;0.0;2.0;1.0;21.0;A01
26246;201500017434;0;7;0;0.0;2.0;3.0;19.0;B02
26247;201500017436;0;32;0;8.0;0.0;1.0;1.0;A01
26248;201500017437;0;7;0;6.0;1.0;2.0;14.0;A01
26249;201500017438;0;7;0;0.0;2.0;1.0;17.0;A01
26250;201500017438;0;33;0;0.0;2.0;1.0;1.0;B02
26251;201500017439;0;7;0;0.0;0.0;0.0;0.0;A01
26252;201500017440;0;7;0;0.0;0.0;0.0;0.0;A01
26253;201500017441;0;10;0;0.0;1.0;2.0;16.0;A01