;Num_Acc;senc;catv;occutc;obs;obsm;choc;manv;num_veh
27512;201500018304;0;7;0;13.0;0.0;2.0;14.0;A01
27513;201500018305;0;7;0;0.0;2.0;1.0;13.0;A01
27514;201500018305;0;7;0;0.0;2.0;3.0;1.0;B02
27515;201500018306;0;33;0;0.0;2.0;1.0;1.0;B02
27516;201500018306;0;10;0;0.0;2.0;3.0;15.0;A01
27517;201500018307;0;7;0;0.0;0.0;9.0;1.0;A01
27518;201500018308;0;7;0;0.0;1.0;2.0;1.0;A01
27519;201500018310;0;7;0;2.0;0.0;8.0;1.0;A01
27520;201500018311;0;10;0;0.0;0.0;9.0;1.0;A01
27521;201500018312;0;7;0;13.0;0.0;3.0;1.0;A01
27522;201500018314;0;7;0;0.0;2.0;2.0;9.0;A01
27523;201500018314;0;1;0;0.0;0.0;4.0;0.0;B02
27524;201500018315;0;7;0;0.0;1.0;3.0;0.0;A01
27525;201500018316;0;7;0;0.0;1.0;2.0;1.0;A01
27526;201500018317;0;7;0;0.0;2.0;1.0;1.0;A01
27527;201500018317;0;7;0;0.0;2.0;1.0;13.0;B02
27528;201500018318;1;7;0;0.0;1.0;0.0;4.0;Z01
27529;201500018319;0;33;0;4.0;0.0;3.0;1.0;A01
27530;201500018320;0;10;0;10.0;0.0;1.0;17.0;A01
27531;201500018321;0;2;0;12.0;0.0;8.0;1.0;A01
27532;201500018322;0;7;0;0.0;0.0;2.0;1.0;A01
27533;201500018323;0;7;0;8.0;0.0;7.0;15.0;A01
27534;201500018324;0;99;0;2.0;0.0;1.0;13.0;A01
27535;201500018325;0;7;0;2.0;0.0;9.0;13.0;A01
27536;201500018326;0;7;0;0.0;2.0;1.0;1.0;A01
27537;201500018326;0;31;0;0.0;2.0;3.0;1.0;B02
27538;201500018327;0;7;0;0.0;2.0;3.0;13.0;A01
27539;201500018327;0;15;0;0.0;2.0;3.0;1.0;B02
27540;201500018328;0;33;0;6.0;0.0;1.0;13.0;A01
27541;201500018329;0;7;0;0.0;6.0;1.0;21.0;A01
27542;201500018330;0;7;0;0.0;2.0;7.0;15.0;A01
27543;201500018330;0;7;0;0.0;2.0;1.0;1.0;B02
27544;201500018331;0;7;0;2.0;0.0;2.0;1.0;A01
27545;201500018332;0;33;0;0.0;2.0;1.0;1.0;A01
27546;201500018332;0;7;0;0.0;2.0;8.0;15.0;B02
27547;201500018333;1;7;0;0.0;1.0;0.0;0.0;A01
27548;201500018335;0;10;0;0.0;2.0;2.0;17.0;A01
27549;201500018335;0;7;0;0.0;2.0;1.0;1.0;B02
27550;201500018336;0;7;0;2.0;0.0;1.0;1.0;A01
27551;201500018337;0;7;0;0.0;2.0;1.0;13.0;A01
27552;201500018337;0;14;0;0.0;0.0;0.0;0.0;B02
27553;201500018338;0;7;0;13.0;0.0;6.0;13.0;A01
27554;201500018339;0;7;0;0.0;2.0;3.0;15.0;A01
27555;201500018339;0;30;0;0.0;2.0;1.0;1.0;B02
27556;201500018340;0;7;0;0.0;1.0;1.0;1.0;A01
27557;201500018341;0;7;0;0.0;2.0;8.0;0.0;A01
27558;201500018341;0;3;0;0.0;2.0;1.0;1.0;B02
27559;201500018342;0;10;0;14.0;0.0;1.0;1.0;A01
27560;201500018342;0;7;0;0.0;2.0;1.0;1.0;B02
27561;201500018342;0;7;0;0.0;0.0;7.0;15.0;C03
27562;201500018343;0;7;0;0.0;2.0;3.0;0.0;A01
27563;201500018343;0;21;0;0.0;2.0;3.0;1.0;B02
27564;201500018344;0;33;0;0.0;2.0;1.0;1.0;A01
27565;201500018344;0;7;0;0.0;0.0;4.0;1.0;B02
27566;201500018346;0;7;0;8.0;2.0;1.0;1.0;B02
27567;201500018346;0;7;0;8.0;2.0;2.0;19.0;A01
27568;201500018347;0;10;0;6.0;0.0;1.0;1.0;A01
27569;201500018348;0;30;0;0.0;0.0;0.0;1.0;A01
27570;201500018349;0;7;0;0.0;2.0;3.0;13.0;A01
27571;201500018349;0;7;0;0.0;2.0;3.0;1.0;B02
27572;201500018350;0;7;0;6.0;0.0;3.0;19.0;A01
27573;201500018352;0;10;0;0.0;1.0;8.0;1.0;A01
27574;201500018353;0;7;0;2.0;0.0;1.0;1.0;A01
27575;201500018354;0;30;0;0.0;0.0;0.0;1.0;A01
27576;201500018355;0;7;0;2.0;0.0;5.0;14.0;A01
27577;201500018356;0;10;0;0.0;2.0;8.0;9.0;A01
27578;201500018356;0;30;0;0.0;2.0;1.0;1.0;B02
27579;201500018357;0;3;0;0.0;2.0;3.0;15.0;A01
27580;201500018357;0;7;0;0.0;2.0;3.0;1.0;B02
27581;201500018358;0;10;0;0.0;2.0;3.0;15.0;A01
27582;201500018358;0;30;0;0.0;2.0;6.0;1.0;B02
27583;201500018359;0;7;0;0.0;0.0;1.0;15.0;A01
27584;201500018359;0;1;0;0.0;0.0;8.0;1.0;B02
27585;201500018360;0;7;0;6.0;0.0;1.0;1.0;A01
27586;201500018361;0;7;0;0.0;0.0;7.0;0.0;A01
27587;201500018361;0;7;0;0.0;2.0;1.0;1.0;B02
27588;201500018362;0;7;0;0.0;0.0;3.0;13.0;A01
27589;201500018362;0;7;0;0.0;0.0;3.0;2.0;B02
27590;201500018363;0;7;0;0.0;2.0;2.0;15.0;A01
27591;201500018363;0;30;0;0.0;2.0;5.0;1.0;B02
27592;201500018364;0;10;0;13.0;0.0;1.0;13.0;A01
27593;201500018365;0;7;0;0.0;0.0;9.0;1.0;A01
27594;201500018366;0;33;0;0.0;0.0;0.0;1.0;A01
27595;201500018367;0;7;0;0.0;2.0;3.0;15.0;A01
27596;201500018367;0;33;0;0.0;2.0;1.0;1.0;B02
27597;201500018368;0;7;0;0.0;0.0;9.0;1.0;A01
27598;201500018369;0;2;0;0.0;5.0;1.0;21.0;A01
27599;201500018370;0;7;0;0.0;1.0;1.0;15.0;A01
27600;201500018370;0;7;0;9.0;0.0;8.0;1.0;B02
27601;201500018371;0;10;0;0.0;2.0;1.0;1.0;A01
27602;201500018371;0;2;0;0.0;2.0;1.0;1.0;B02
27603;201500018372;0;7;0;2.0;0.0;1.0;1.0;A01
27604;201500018373;0;7;0;0.0;2.0;2.0;15.0;A01
27605;201500018373;0;7;0;0.0;2.0;3.0;1.0;B02
27606;201500018373;0;7;0;0.0;2.0;1.0;23.0;C03
27607;201500018374;0;7;0;0.0;1.0;1.0;21.0;A01
27608;201500018374;0;7;0;0.0;2.0;1.0;15.0;B02
27609;201500018375;0;7;0;0.0;2.0;1.0;13.0;A01
27610;201500018375;0;14;0;0.0;2.0;1.0;1.0;B02
27611;201500018376;0;33;0;0.0;2.0;1.0;15.0;A01
27612;201500018376;0;7;0;0.0;2.0;1.0;1.0;B02
27613;201500018378;0;10;0;0.0;2.0;1.0;1.0;A01
27614;201500018378;0;7;0;0.0;2.0;4.0;23.0;B02
27615;201500018379;0;7;0;0.0;2.0;1.0;14.0;A01
27616;201500018379;0;7;0;0.0;2.0;1.0;21.0;B02
27617;201500018380;0;7;0;0.0;0.0;1.0;15.0;A01
27618;201500018380;0;30;0;0.0;0.0;3.0;1.0;B02
27619;201500018382;0;7;0;11.0;1.0;8.0;15.0;A01
27620;201500018383;0;7;0;0.0;0.0;3.0;1.0;A01
27621;201500018383;0;10;0;0.0;0.0;1.0;13.0;B02
27622;201500018384;0;7;0;3.0;0.0;1.0;1.0;A01
27623;201500018385;0;7;0;0.0;2.0;1.0;13.0;A01
27624;201500018385;0;7;0;0.0;2.0;1.0;21.0;B02
27625;201500018385;0;7;0;14.0;0.0;3.0;21.0;C03
27626;201500018386;0;7;0;0.0;2.0;1.0;1.0;A01
27627;201500018386;0;7;0;0.0;2.0;1.0;1.0;B02
27628;201500018387;0;10;0;0.0;1.0;4.0;4.0;A01
27629;201500018388;0;33;0;6.0;0.0;1.0;1.0;A01
27630;201500018390;0;7;0;0.0;9.0;8.0;10.0;A01
27631;201500018390;0;33;0;0.0;2.0;7.0;1.0;B02
27632;201500018391;0;7;0;8.0;0.0;1.0;1.0;A01
27633;201500018392;0;7;0;16.0;0.0;3.0;1.0;A01
27634;201500018393;0;7;0;0.0;2.0;1.0;1.0;A01
27635;201500018393;0;7;0;0.0;2.0;3.0;19.0;B02
27636;201500018394;0;30;0;0.0;2.0;1.0;1.0;A01
27637;201500018394;0;7;0;0.0;2.0;5.0;6.0;B02
27638;201500018394;0;7;0;0.0;2.0;2.0;1.0;C03
27639;201500018395;0;36;0;14.0;0.0;1.0;2.0;A01
27640;201500018395;0;7;0;0.0;0.0;5.0;23.0;B02
27641;201500018396;0;7;0;2.0;0.0;1.0;1.0;A01
27642;201500018397;0;7;0;13.0;0.0;2.0;1.0;A01
27643;201500018398;0;33;0;;;;;A01
27644;201500018399;0;7;0;;;;;A01
27645;201500018400;0;7;0;0.0;1.0;6.0;20.0;A01
27646;201500018401;0;7;0;0.0;2.0;1.0;13.0;A01
27647;201500018401;0;17;0;0.0;2.0;1.0;1.0;B02
27648;201500018402;0;17;0;0.0;2.0;2.0;2.0;A01
27649;201500018402;0;30;0;0.0;2.0;6.0;15.0;B02
27650;201500018404;0;7;0;0.0;1.0;2.0;21.0;A01
27651;201500018405;0;7;0;8.0;0.0;2.0;1.0;A01
27652;201500018406;0;30;0;0.0;2.0;7.0;1.0;B02
27653;201500018406;0;7;0;0.0;2.0;1.0;9.0;A01
27654;201500018408;0;7;0;2.0;0.0;9.0;1.0;A01
27655;201500018409;0;7;0;0.0;2.0;2.0;9.0;A01
27656;201500018409;0;32;0;0.0;2.0;1.0;1.0;B02
27657;201500018410;0;7;0;0.0;1.0;4.0;4.0;A01
27658;201500018412;0;7;0;8.0;0.0;3.0;13.0;A01
27659;201500018413;0;7;0;;2.0;;;A01
27660;201500018413;0;1;0;;2.0;;19.0;B02
27661;201500018414;0;7;0;13.0;0.0;3.0;19.0;A01
27662;201500018415;0;7;0;0.0;2.0;3.0;15.0;A01
27663;201500018415;0;2;0;0.0;2.0;8.0;1.0;B02
27664;201500018416;0;7;0;1.0;0.0;8.0;1.0;A01
27665;201500018417;0;7;0;15.0;0.0;9.0;1.0;A01
27666;201500018418;0;14;0;0.0;2.0;3.0;5.0;B02
27667;201500018418;0;7;0;13.0;2.0;3.0;5.0;A01
27668;201500018419;1;7;0;0.0;2.0;0.0;0.0;B02
27669;201500018419;0;2;0;0.0;2.0;0.0;0.0;A01
27670;201500018420;0;7;0;0.0;0.0;1.0;0.0;B02
27671;201500018420;0;7;0;0.0;0.0;7.0;0.0;A01
27672;201500018421;0;7;0;2.0;0.0;1.0;1.0;A01
27673;201500018423;0;7;0;0.0;2.0;3.0;1.0;B02
27674;201500018423;0;7;0;0.0;2.0;1.0;1.0;A01
27675;201500018424;0;30;0;8.0;0.0;1.0;1.0;A01
27676;201500018426;0;7;0;0.0;0.0;3.0;1.0;B02
27677;201500018426;0;7;0;0.0;0.0;3.0;1.0;A01
27678;201500018427;0;7;0;0.0;1.0;1.0;1.0;A01
27679;201500018428;0;7;0;0.0;2.0;2.0;1.0;A01
27680;201500018428;0;7;0;0.0;2.0;1.0;1.0;B02
27681;201500018429;0;7;0;;1.0;1.0;;A01
27682;201500018430;0;33;0;0.0;6.0;1.0;1.0;A01
27683;201500018431;0;7;0;6.0;0.0;7.0;1.0;A01
27684;201500018432;0;14;0;0.0;1.0;0.0;1.0;A01
27685;201500018433;0;7;0;13.0;0.0;1.0;1.0;A01
27686;201500018434;0;7;0;0.0;2.0;3.0;19.0;A01
27687;201500018434;0;31;0;0.0;2.0;1.0;1.0;B02
27688;201500018435;0;30;0;0.0;0.0;8.0;1.0;B02
27689;201500018435;0;7;0;0.0;2.0;1.0;15.0;A01
27690;201500018436;0;7;0;13.0;0.0;2.0;16.0;A01
27691;201500018437;0;7;0;0.0;2.0;1.0;1.0;B02
27692;201500018437;0;2;0;0.0;2.0;1.0;1.0;A01
27693;201500018438;0;7;0;0.0;2.0;1.0;1.0;B02
27694;201500018438;0;7;0;0.0;2.0;8.0;1.0;A01
27695;201500018439;0;7;0;13.0;0.0;1.0;1.0;A01
27696;201500018440;0;33;0;0.0;2.0;1.0;1.0;B02
27697;201500018440;0;7;0;0.0;2.0;7.0;1.0;A01
27698;201500018441;0;7;0;0.0;2.0;3.0;1.0;A01
27699;201500018441;0;7;0;0.0;2.0;3.0;1.0;B02
27700;201500018442;0;14;0;0.0;0.0;7.0;0.0;A01
27701;201500018443;0;14;0;0.0;2.0;3.0;1.0;B02
27702;201500018443;0;10;0;0.0;2.0;3.0;0.0;A01
27703;201500018444;0;14;0;0.0;0.0;0.0;1.0;A01
27704;201500018446;0;7;0;2.0;0.0;2.0;1.0;A01
27705;201500018447;0;7;0;0.0;2.0;3.0;6.0;A01
27706;201500018447;0;33;0;0.0;2.0;1.0;1.0;B02
27707;201500018448;0;7;0;2.0;0.0;1.0;17.0;A01
27708;201500018449;0;7;0;0.0;2.0;1.0;1.0;A01
27709;201500018449;0;7;0;0.0;2.0;8.0;15.0;B02
27710;201500018450;0;7;0;13.0;0.0;2.0;1.0;A01
27711;201500018451;0;7;0;0.0;2.0;2.0;1.0;A01
27712;201500018451;0;1;0;0.0;2.0;1.0;19.0;B02
27713;201500018452;0;7;0;0.0;2.0;3.0;1.0;B01
27714;201500018452;0;7;0;0.0;2.0;1.0;1.0;A01
27715;201500018454;0;7;0;0.0;2.0;1.0;19.0;A01
27716;201500018454;0;33;0;0.0;2.0;7.0;1.0;B02
27717;201500018455;0;36;0;13.0;0.0;8.0;1.0;A01
27718;201500018456;0;10;0;0.0;2.0;1.0;1.0;B01
27719;201500018456;0;7;0;0.0;2.0;7.0;13.0;A01
27720;201500018458;0;7;0;0.0;2.0;3.0;1.0;B02
27721;201500018458;0;7;0;0.0;2.0;3.0;1.0;A01
27722;201500018459;0;7;0;0.0;2.0;5.0;1.0;B02
27723;201500018459;0;14;0;0.0;2.0;6.0;24.0;A01
27724;201500018460;0;7;0;0.0;1.0;7.0;1.0;A01
27725;201500018461;0;10;0;0.0;2.0;1.0;19.0;B02
27726;201500018461;0;7;0;8.0;2.0;8.0;1.0;A01
27727;201500018462;0;17;0;0.0;2.0;3.0;13.0;A01
27728;201500018462;0;38;490;0.0;2.0;3.0;1.0;B02
27729;201500018463;0;7;0;2.0;0.0;8.0;1.0;A01
27730;201500018464;0;7;0;0.0;0.0;3.0;0.0;A01
27731;201500018465;0;17;0;0.0;2.0;2.0;1.0;A01
27732;201500018465;0;10;0;0.0;2.0;3.0;19.0;B02
27733;201500018466;0;7;0;2.0;0.0;7.0;17.0;A01
27734;201500018467;0;7;0;16.0;0.0;9.0;19.0;A01
27735;201500018469;0;1;0;0.0;2.0;1.0;5.0;A01
27736;201500018469;0;33;0;0.0;2.0;1.0;1.0;B02
27737;201500018470;0;7;0;13.0;0.0;4.0;2.0;A01
27738;201500018470;0;13;0;0.0;2.0;1.0;2.0;B02
27739;201500018471;0;2;0;0.0;2.0;0.0;2.0;A01
27740;201500018472;0;7;0;0.0;2.0;2.0;1.0;A01
27741;201500018472;0;7;0;0.0;2.0;1.0;1.0;B02
27742;201500018473;0;7;0;0.0;0.0;0.0;15.0;D04
27743;201500018473;0;10;0;0.0;2.0;1.0;1.0;B02
27744;201500018473;0;10;0;0.0;2.0;2.0;1.0;A01
27745;201500018473;0;7;0;0.0;0.0;3.0;1.0;C03
27746;201500018474;0;7;0;3.0;0.0;1.0;0.0;A01
27747;201500018475;0;15;0;0.0;0.0;4.0;2.0;A01
27748;201500018475;0;10;0;0.0;2.0;1.0;2.0;B02
27749;201500018477;0;7;0;5.0;0.0;1.0;1.0;A01
27750;201500018478;0;7;0;2.0;0.0;1.0;1.0;A01
27751;201500018479;0;7;0;0.0;2.0;7.0;1.0;A01
27752;201500018479;0;1;0;0.0;2.0;4.0;1.0;B02
27753;201500018480;0;7;0;2.0;0.0;2.0;1.0;A01
27754;201500018482;0;7;0;0.0;2.0;1.0;0.0;A01
27755;201500018482;0;1;0;0.0;0.0;8.0;0.0;B02
27756;201500018483;0;7;0;6.0;0.0;5.0;1.0;A01
27757;201500018484;0;7;0;2.0;0.0;1.0;1.0;A01
27758;201500018485;0;7;0;2.0;0.0;1.0;13.0;A01
27759;201500018486;0;7;0;0.0;2.0;7.0;17.0;A01
27760;201500018486;0;30;0;0.0;2.0;8.0;15.0;B02
27761;201500018487;0;33;0;14.0;0.0;1.0;1.0;A01
27762;201500018488;0;7;0;0.0;0.0;9.0;14.0;A01
27763;201500018489;0;7;0;0.0;0.0;2.0;1.0;A01
27764;201500018490;0;7;0;8.0;0.0;1.0;1.0;A01
27765;201500018491;0;7;0;6.0;0.0;1.0;1.0;A01
27766;201500018492;0;7;0;2.0;0.0;1.0;1.0;A01
27767;201500018493;0;7;0;0.0;2.0;3.0;1.0;A01
27768;201500018493;0;10;0;0.0;2.0;1.0;1.0;B02
27769;201500018496;0;10;0;0.0;2.0;4.0;4.0;A01
27770;201500018496;0;30;0;0.0;2.0;1.0;1.0;B02
27771;201500018497;0;10;0;8.0;0.0;1.0;1.0;A01
27772;201500018498;0;7;0;8.0;0.0;1.0;13.0;A01
27773;201500018499;0;30;0;5.0;0.0;7.0;1.0;A01
27774;201500018500;0;7;0;0.0;0.0;1.0;1.0;A01
27775;201500018501;0;30;0;0.0;2.0;1.0;19.0;B02
27776;201500018501;0;7;0;0.0;2.0;3.0;1.0;A01
27777;201500018502;0;7;0;0.0;0.0;9.0;1.0;A01
27778;201500018503;0;7;0;0.0;2.0;3.0;0.0;B02
27779;201500018503;0;17;0;0.0;2.0;2.0;19.0;A01
27780;201500018504;0;7;0;0.0;2.0;7.0;19.0;A01
27781;201500018504;0;7;0;0.0;2.0;1.0;1.0;B02
27782;201500018505;0;30;0;0.0;2.0;8.0;13.0;A01
27783;201500018505;0;10;0;0.0;2.0;8.0;1.0;B02
27784;201500018506;0;7;0;0.0;2.0;1.0;19.0;A01
27785;201500018506;0;7;0;0.0;2.0;7.0;1.0;B02
27786;201500018507;0;7;0;2.0;0.0;7.0;13.0;A01
27787;201500018508;0;14;0;0.0;0.0;7.0;1.0;A01
27788;201500018508;0;1;0;0.0;2.0;1.0;19.0;B02
27789;201500018509;0;30;0;13.0;0.0;7.0;1.0;A01
27790;201500018510;0;7;0;0.0;0.0;0.0;0.0;A01
27791;201500018510;0;7;0;0.0;0.0;0.0;0.0;B02
27792;201500018512;0;33;0;3.0;0.0;9.0;1.0;A01
27793;201500018513;0;7;0;8.0;0.0;1.0;1.0;A01
27794;201500018514;0;10;0;0.0;2.0;1.0;1.0;B02
27795;201500018514;0;7;0;0.0;2.0;4.0;1.0;A01
27796;201500018515;0;7;0;0.0;2.0;7.0;19.0;A01
27797;201500018515;0;7;0;0.0;2.0;1.0;1.0;B02
27798;201500018516;0;7;0;0.0;2.0;8.0;1.0;A01
27799;201500018516;0;10;0;0.0;2.0;1.0;1.0;B02
27800;201500018517;0;30;0;6.0;0.0;1.0;0.0;A01
27801;201500018518;0;7;0;0.0;2.0;1.0;1.0;A01
27802;201500018518;0;7;0;0.0;2.0;3.0;1.0;B02
27803;201500018521;0;7;0;0.0;0.0;3.0;1.0;A01
27804;201500018522;0;30;0;13.0;0.0;1.0;14.0;A01
27805;201500018523;0;7;0;0.0;2.0;3.0;13.0;A01
27806;201500018523;0;7;0;0.0;2.0;3.0;1.0;B02
27807;201500018525;0;7;0;15.0;0.0;1.0;0.0;A01
27808;201500018528;0;7;0;0.0;2.0;1.0;1.0;B02
27809;201500018528;0;7;0;0.0;2.0;8.0;19.0;A01
27810;201500018529;0;15;0;0.0;2.0;1.0;1.0;B02
27811;201500018529;0;7;0;0.0;2.0;1.0;13.0;A01
27812;201500018530;0;7;0;0.0;2.0;2.0;1.0;B02
27813;201500018530;0;2;0;0.0;2.0;8.0;10.0;A01
27814;201500018531;0;7;0;0.0;2.0;1.0;13.0;A01
27815;201500018531;0;33;0;0.0;2.0;1.0;1.0;B02
27816;201500018532;0;7;0;0.0;0.0;1.0;13.0;A01
27817;201500018533;0;7;0;0.0;2.0;8.0;19.0;A01
27818;201500018533;0;33;0;0.0;2.0;1.0;1.0;B02
27819;201500018534;0;7;0;0.0;2.0;3.0;15.0;A01
27820;201500018534;0;33;0;0.0;2.0;1.0;1.0;B02
27821;201500018534;0;7;0;0.0;2.0;1.0;24.0;C03
27822;201500018535;1;7;0;0.0;0.0;0.0;0.0;A01
27823;201500018535;0;1;0;0.0;0.0;8.0;2.0;B02
27824;201500018536;0;33;0;0.0;0.0;0.0;13.0;A01
27825;201500018537;0;33;0;15.0;0.0;1.0;1.0;A01
27826;201500018538;0;1;0;0.0;2.0;1.0;19.0;A01
27827;201500018538;0;7;0;0.0;9.0;7.0;1.0;B02
27828;201500018539;0;37;1;0.0;2.0;3.0;1.0;B02
27829;201500018539;0;7;0;0.0;2.0;1.0;1.0;A01
27830;201500018540;0;7;0;1.0;0.0;2.0;14.0;A01
27831;201500018541;0;7;0;2.0;0.0;1.0;14.0;A01
27832;201500018542;0;7;0;0.0;2.0;1.0;15.0;A01
27833;201500018542;0;30;0;0.0;2.0;1.0;1.0;B02
27834;201500018543;0;7;0;0.0;2.0;9.0;13.0;A01
27835;201500018543;0;14;0;0.0;2.0;3.0;1.0;B02
27836;201500018543;0;7;0;0.0;2.0;8.0;1.0;C03
27837;201500018544;0;7;0;2.0;0.0;2.0;1.0;A01
27838;201500018545;0;7;0;0.0;2.0;1.0;1.0;A01
27839;201500018545;0;10;0;0.0;2.0;1.0;1.0;B02
27840;201500018546;0;30;0;1.0;0.0;1.0;1.0;A01
27841;201500018547;0;7;0;0.0;2.0;1.0;1.0;A01
27842;201500018547;0;7;0;0.0;2.0;4.0;1.0;C03
27843;201500018547;0;7;0;0.0;2.0;4.0;1.0;B02
27844;201500018548;0;7;0;0.0;2.0;6.0;1.0;A01
27845;201500018548;0;1;0;0.0;2.0;1.0;19.0;B02
27846;201500018549;0;7;0;0.0;0.0;1.0;13.0;A01
27847;201500018549;0;7;0;0.0;0.0;3.0;1.0;B02
27848;201500018550;0;33;0;0.0;2.0;7.0;17.0;A01
27849;201500018550;0;7;0;0.0;2.0;8.0;17.0;B02
27850;201500018551;0;7;0;0.0;2.0;3.0;17.0;A01
27851;201500018551;0;13;0;0.0;2.0;3.0;1.0;B02
27852;201500018552;0;7;0;13.0;0.0;9.0;14.0;A01
27853;201500018553;0;10;0;9.0;2.0;1.0;17.0;A01
27854;201500018553;0;7;0;3.0;2.0;6.0;15.0;B02
27855;201500018554;0;7;0;0.0;2.0;1.0;1.0;A01
27856;201500018554;0;7;0;0.0;2.0;4.0;15.0;B02
27857;201500018555;0;30;0;0.0;2.0;3.0;13.0;A01
27858;201500018555;0;21;0;0.0;2.0;6.0;1.0;B02
27859;201500018556;0;7;0;0.0;1.0;7.0;1.0;A01
27860;201500018557;0;2;0;0.0;2.0;8.0;1.0;A01
27861;201500018557;0;7;0;0.0;2.0;2.0;19.0;B02
27862;201500018558;0;7;0;6.0;0.0;1.0;13.0;A01
27863;201500018561;0;7;0;4.0;2.0;2.0;19.0;A01
27864;201500018561;0;7;0;4.0;2.0;1.0;1.0;B02
27865;201500018562;0;7;0;0.0;9.0;2.0;1.0;A01
27866;201500018562;0;1;0;0.0;2.0;4.0;1.0;B02
27867;201500018563;0;15;0;0.0;0.0;8.0;13.0;A01
27868;201500018564;0;7;0;15.0;2.0;7.0;0.0;B02
27869;201500018564;0;10;0;0.0;2.0;1.0;21.0;A01
27870;201500018565;0;7;0;0.0;1.0;1.0;1.0;A01
27871;201500018566;0;31;0;0.0;2.0;8.0;19.0;A01
27872;201500018566;0;10;0;0.0;2.0;2.0;1.0;B02
27873;201500018567;0;7;0;0.0;0.0;8.0;1.0;A01
27874;201500018567;0;39;50;0.0;4.0;1.0;1.0;B02
27875;201500018568;0;7;0;0.0;0.0;9.0;0.0;A01
27876;201500018569;0;33;0;0.0;0.0;7.0;1.0;A01
27877;201500018570;0;2;0;10.0;0.0;8.0;1.0;A01
27878;201500018571;0;7;0;13.0;0.0;1.0;1.0;A01
27879;201500018572;0;7;0;13.0;0.0;9.0;1.0;A01
27880;201500018573;0;7;0;0.0;2.0;3.0;13.0;A01
27881;201500018573;0;14;0;0.0;2.0;3.0;1.0;B02
27882;201500018573;0;14;0;0.0;2.0;2.0;1.0;C03
27883;201500018573;0;7;0;0.0;2.0;1.0;1.0;D04
27884;201500018574;0;33;0;15.0;0.0;1.0;1.0;A01
27885;201500018576;0;7;0;0.0;2.0;1.0;13.0;A01
27886;201500018576;0;7;0;0.0;2.0;1.0;1.0;B02
27887;201500018577;0;7;0;0.0;9.0;7.0;17.0;A01
27888;201500018577;0;1;0;0.0;2.0;7.0;2.0;B02
27889;201500018578;0;7;0;0.0;2.0;2.0;13.0;A01
27890;201500018578;0;15;0;0.0;2.0;1.0;1.0;B02
27891;201500018579;0;21;0;0.0;1.0;2.0;2.0;A01
27892;201500018580;0;7;0;0.0;2.0;7.0;15.0;A01
27893;201500018580;0;7;0;0.0;2.0;1.0;1.0;B02
27894;201500018581;0;1;0;0.0;0.0;8.0;1.0;A01
27895;201500018581;0;21;0;0.0;2.0;5.0;17.0;B02
27896;201500018582;0;7;0;0.0;2.0;1.0;11.0;A01
27897;201500018582;0;7;0;0.0;2.0;1.0;1.0;B02
27898;201500018583;0;33;0;0.0;2.0;1.0;2.0;A01
27899;201500018583;0;7;0;0.0;2.0;4.0;2.0;B02
27900;201500018584;0;7;0;0.0;0.0;9.0;14.0;A01
27901;201500018585;0;7;0;2.0;0.0;8.0;1.0;A01
27902;201500018586;0;7;0;8.0;0.0;1.0;1.0;A01
27903;201500018587;0;7;0;0.0;2.0;8.0;19.0;A01
27904;201500018587;0;7;0;0.0;2.0;1.0;1.0;B02
27905;201500018588;0;31;0;2.0;0.0;2.0;11.0;A01
27906;201500018589;0;7;0;0.0;2.0;3.0;15.0;A01
27907;201500018589;0;33;0;0.0;2.0;1.0;1.0;B02
27908;201500018590;0;33;0;13.0;0.0;1.0;13.0;A01
27909;201500018591;0;2;0;0.0;0.0;0.0;2.0;A01
27910;201500018592;0;7;0;2.0;0.0;7.0;14.0;A01
27911;201500018593;0;7;0;0.0;2.0;2.0;1.0;A01
27912;201500018593;0;7;0;0.0;2.0;1.0;19.0;B02
27913;201500018594;0;7;0;0.0;2.0;1.0;1.0;A01
27914;201500018594;0;7;0;0.0;2.0;7.0;19.0;B02
27915;201500018595;0;7;0;1.0;0.0;1.0;1.0;A01
27916;201500018596;0;7;0;0.0;2.0;1.0;21.0;B02
27917;201500018596;0;7;0;0.0;2.0;1.0;1.0;A01
27918;201500018597;0;7;0;8.0;0.0;8.0;1.0;A01
27919;201500018598;0;17;0;0.0;2.0;2.0;1.0;B02
27920;201500018598;0;7;0;0.0;2.0;2.0;13.0;A01
27921;201500018599;0;7;0;0.0;1.0;1.0;1.0;A01
27922;201500018600;0;7;0;0.0;2.0;1.0;2.0;A01
27923;201500018600;0;7;0;0.0;2.0;4.0;2.0;B02
27924;201500018601;0;7;0;0.0;2.0;1.0;1.0;A01
27925;201500018601;0;7;0;0.0;2.0;8.0;0.0;B02
27926;201500018602;0;33;0;0.0;2.0;1.0;17.0;A01
27927;201500018602;0;21;0;0.0;2.0;3.0;15.0;B02
27928;201500018603;0;7;0;4.0;0.0;2.0;1.0;A01
27929;201500018604;0;7;0;1.0;1.0;1.0;1.0;A01
27930;201500018605;0;10;0;0.0;2.0;1.0;15.0;A01
27931;201500018605;0;7;0;0.0;2.0;2.0;1.0;B02