;Num_Acc;senc;catv;occutc;obs;obsm;choc;manv;num_veh
27932;201500018605;0;7;0;0.0;2.0;1.0;1.0;C03
27933;201500018606;0;17;0;0.0;9.0;7.0;1.0;B02
27934;201500018606;0;2;0;0.0;2.0;4.0;1.0;A01
27935;201500018607;0;20;0;0.0;2.0;5.0;4.0;A01
27936;201500018607;0;33;0;0.0;2.0;1.0;1.0;B02
27937;201500018608;0;10;0;0.0;2.0;1.0;1.0;A01
27938;201500018608;0;7;0;0.0;2.0;4.0;15.0;B02
27939;201500018608;0;7;0;0.0;2.0;8.0;1.0;C03
27940;201500018609;0;10;0;0.0;2.0;7.0;15.0;A01
27941;201500018609;0;1;0;0.0;2.0;1.0;1.0;B02
27942;201500018610;0;10;0;0.0;2.0;1.0;13.0;A01
27943;201500018610;0;7;0;0.0;2.0;3.0;1.0;B02
27944;201500018611;0;7;0;0.0;2.0;2.0;17.0;A01
27945;201500018611;0;3;0;0.0;0.0;6.0;1.0;B02
27946;201500018612;0;7;0;13.0;0.0;1.0;13.0;A01
27947;201500018613;0;7;0;13.0;0.0;1.0;14.0;A01
27948;201500018614;0;33;0;8.0;0.0;1.0;1.0;A01
27949;201500018615;0;36;0;0.0;2.0;3.0;16.0;A01
27950;201500018615;0;7;0;0.0;2.0;1.0;1.0;B02
27951;201500018616;0;33;0;14.0;0.0;0.0;1.0;A01
27952;201500018617;0;7;0;0.0;2.0;8.0;17.0;A01
27953;201500018617;0;7;0;0.0;2.0;2.0;1.0;B02
27954;201500018618;0;7;0;2.0;0.0;1.0;1.0;A01
27955;201500018620;0;7;0;0.0;2.0;2.0;17.0;A01
27956;201500018620;0;7;0;0.0;2.0;3.0;17.0;B02
27957;201500018620;0;7;0;0.0;2.0;8.0;1.0;C03
27958;201500018621;0;7;0;0.0;2.0;1.0;5.0;A01
27959;201500018621;0;7;0;0.0;2.0;1.0;1.0;B02
27960;201500018622;0;7;0;6.0;1.0;1.0;13.0;A01
27961;201500018623;0;7;0;0.0;2.0;2.0;15.0;A01
27962;201500018623;0;33;0;0.0;2.0;1.0;1.0;B02
27963;201500018624;0;33;0;1.0;0.0;3.0;1.0;A01
27964;201500018624;0;7;0;0.0;2.0;5.0;24.0;B02
27965;201500018625;0;7;0;0.0;2.0;1.0;13.0;A01
27966;201500018625;0;7;0;0.0;2.0;1.0;1.0;B02
27967;201500018626;0;7;0;0.0;0.0;5.0;24.0;C03
27968;201500018626;0;33;0;1.0;0.0;1.0;1.0;A01
27969;201500018626;0;33;0;12.0;0.0;7.0;1.0;B02
27970;201500018627;0;31;0;1.0;2.0;1.0;1.0;A01
27971;201500018627;0;7;0;0.0;2.0;7.0;19.0;B02
27972;201500018627;0;7;0;0.0;2.0;1.0;23.0;C03
27973;201500018629;0;7;0;0.0;0.0;8.0;1.0;A01
27974;201500018631;0;7;0;0.0;2.0;8.0;13.0;A01
27975;201500018631;0;7;0;0.0;2.0;8.0;1.0;B02
27976;201500018632;0;7;0;0.0;2.0;2.0;19.0;A01
27977;201500018632;0;7;0;0.0;2.0;6.0;1.0;B02
27978;201500018633;0;7;0;0.0;0.0;3.0;1.0;B02
27979;201500018633;0;7;0;0.0;2.0;2.0;17.0;A01
27980;201500018634;0;2;0;0.0;2.0;1.0;15.0;A01
27981;201500018634;0;7;0;0.0;2.0;2.0;1.0;B02
27982;201500018635;0;7;0;0.0;0.0;2.0;21.0;A01
27983;201500018636;0;7;0;0.0;1.0;5.0;4.0;A01
27984;201500018637;0;7;0;0.0;2.0;3.0;1.0;A01
27985;201500018637;0;10;0;0.0;2.0;3.0;1.0;B02
27986;201500018638;0;10;0;0.0;2.0;3.0;13.0;A01
27987;201500018638;0;7;0;0.0;2.0;3.0;1.0;B02
27988;201500018639;0;7;0;0.0;2.0;3.0;1.0;A01
27989;201500018639;0;38;10;0.0;2.0;3.0;1.0;B02
27990;201500018640;0;10;0;0.0;2.0;1.0;1.0;A01
27991;201500018640;0;10;0;0.0;2.0;7.0;19.0;B02
27992;201500018641;0;10;0;0.0;2.0;3.0;1.0;A01
27993;201500018641;0;15;0;0.0;0.0;5.0;15.0;B02
27994;201500018642;0;1;0;0.0;2.0;2.0;1.0;A01
27995;201500018642;0;7;0;0.0;9.0;3.0;16.0;B02
27996;201500018643;0;33;0;0.0;2.0;1.0;1.0;A01
27997;201500018643;0;30;0;0.0;2.0;8.0;15.0;B02
27998;201500018644;0;10;0;0.0;2.0;2.0;15.0;A01
27999;201500018644;0;10;0;0.0;2.0;2.0;1.0;B02
28000;201500018644;0;7;0;0.0;2.0;8.0;23.0;C03
28001;201500018645;0;7;0;6.0;0.0;8.0;1.0;A01
28002;201500018646;0;30;0;0.0;2.0;1.0;1.0;B02
28003;201500018646;0;7;0;0.0;2.0;3.0;1.0;A01
28004;201500018647;0;10;0;0.0;9.0;7.0;17.0;A01
28005;201500018647;0;1;0;0.0;2.0;8.0;1.0;B02
28006;201500018648;0;7;0;0.0;2.0;1.0;1.0;A01
28007;201500018648;0;30;0;0.0;2.0;1.0;13.0;B02
28008;201500018650;0;7;0;2.0;0.0;1.0;1.0;A01
28009;201500018651;0;7;0;0.0;2.0;1.0;13.0;A01
28010;201500018651;0;17;0;0.0;2.0;8.0;1.0;B02
28011;201500018652;0;7;0;2.0;0.0;8.0;1.0;A01
28012;201500018653;0;7;0;0.0;0.0;1.0;6.0;A01
28013;201500018654;0;7;0;0.0;0.0;1.0;1.0;A01
28014;201500018655;0;7;0;0.0;1.0;2.0;17.0;A01
28015;201500018656;0;33;0;0.0;2.0;1.0;1.0;A01
28016;201500018656;0;7;0;0.0;2.0;7.0;13.0;B02
28017;201500018657;0;10;0;0.0;1.0;5.0;1.0;A01
28018;201500018658;0;7;0;0.0;2.0;1.0;13.0;A01
28019;201500018658;0;7;0;0.0;2.0;1.0;1.0;B02
28020;201500018659;0;14;0;0.0;2.0;7.0;19.0;B02
28021;201500018659;0;33;0;0.0;2.0;1.0;1.0;A01
28022;201500018662;0;7;0;2.0;0.0;1.0;13.0;A01
28023;201500018663;0;1;0;0.0;0.0;0.0;21.0;A01
28024;201500018664;0;7;0;0.0;0.0;0.0;1.0;A01
28025;201500018664;0;7;0;0.0;0.0;0.0;5.0;B02
28026;201500018665;0;7;0;8.0;0.0;1.0;19.0;A01
28027;201500018666;0;10;0;13.0;0.0;1.0;1.0;A01
28028;201500018667;0;14;0;11.0;0.0;1.0;1.0;A01
28029;201500018668;0;7;0;0.0;2.0;6.0;1.0;B02
28030;201500018668;0;33;0;0.0;2.0;2.0;21.0;A01
28031;201500018669;0;33;0;0.0;5.0;8.0;1.0;A01
28032;201500018670;0;33;0;0.0;0.0;7.0;1.0;A01
28033;201500018671;0;7;0;0.0;2.0;6.0;2.0;B02
28034;201500018671;0;7;0;0.0;2.0;3.0;2.0;A01
28035;201500018672;0;33;0;5.0;0.0;1.0;0.0;A01
28036;201500018673;0;7;0;0.0;2.0;1.0;15.0;A01
28037;201500018673;0;7;0;0.0;2.0;8.0;15.0;B02
28038;201500018674;0;10;0;0.0;1.0;3.0;1.0;A01
28039;201500018675;0;33;0;0.0;2.0;4.0;5.0;A01
28040;201500018675;0;7;0;0.0;2.0;3.0;15.0;B02
28041;201500018676;0;7;0;2.0;0.0;8.0;1.0;A01
28042;201500018677;0;7;0;0.0;2.0;3.0;9.0;A01
28043;201500018677;0;2;0;0.0;2.0;2.0;1.0;B02
28044;201500018678;0;33;0;0.0;2.0;1.0;17.0;B02
28045;201500018678;0;7;0;0.0;2.0;8.0;10.0;A01
28046;201500018679;0;7;0;0.0;1.0;2.0;1.0;A01
28047;201500018680;0;33;0;0.0;2.0;1.0;1.0;A01
28048;201500018680;0;7;0;0.0;2.0;8.0;15.0;B02
28049;201500018681;0;7;0;0.0;0.0;1.0;1.0;B02
28050;201500018681;0;33;0;0.0;2.0;1.0;17.0;A01
28051;201500018681;0;7;0;0.0;0.0;6.0;1.0;C03
28052;201500018681;0;7;0;0.0;0.0;6.0;1.0;D04
28053;201500018682;0;7;0;0.0;2.0;1.0;13.0;A01
28054;201500018682;0;7;0;0.0;0.0;1.0;1.0;B02
28055;201500018683;0;33;0;16.0;0.0;1.0;1.0;A01
28056;201500018684;0;7;0;0.0;2.0;3.0;13.0;A01
28057;201500018684;0;7;0;0.0;2.0;3.0;21.0;B02
28058;201500018685;0;33;0;0.0;0.0;7.0;1.0;A01
28059;201500018686;0;33;0;0.0;2.0;1.0;17.0;A01
28060;201500018686;0;7;0;0.0;2.0;6.0;15.0;B02
28061;201500018688;0;7;0;13.0;0.0;3.0;13.0;A01
28062;201500018689;0;7;0;15.0;2.0;1.0;1.0;A01
28063;201500018689;0;7;0;0.0;2.0;1.0;1.0;B02
28064;201500018690;0;7;0;8.0;0.0;1.0;1.0;A01
28065;201500018691;0;33;0;12.0;0.0;1.0;1.0;A01
28066;201500018692;0;2;0;0.0;2.0;7.0;15.0;A01
28067;201500018692;0;7;0;0.0;2.0;1.0;1.0;B02
28068;201500018693;0;7;0;2.0;0.0;1.0;1.0;A01
28069;201500018694;0;2;0;0.0;2.0;7.0;2.0;B02
28070;201500018694;0;2;0;0.0;2.0;8.0;2.0;A01
28071;201500018695;0;7;0;13.0;0.0;9.0;1.0;A01
28072;201500018696;0;7;0;0.0;2.0;3.0;1.0;B02
28073;201500018696;0;7;0;0.0;2.0;3.0;13.0;A01
28074;201500018697;0;33;0;13.0;0.0;1.0;1.0;A01
28075;201500018698;0;7;0;2.0;0.0;7.0;13.0;A01
28076;201500018700;0;7;0;2.0;0.0;1.0;13.0;A01
28077;201500018701;0;7;0;0.0;1.0;2.0;1.0;A01
28078;201500018702;0;7;0;0.0;2.0;7.0;11.0;A01
28079;201500018702;0;33;0;0.0;2.0;1.0;1.0;B02
28080;201500018703;0;7;0;0.0;2.0;2.0;17.0;A01
28081;201500018703;0;21;0;0.0;2.0;4.0;15.0;B02
28082;201500018704;0;7;0;0.0;9.0;7.0;1.0;A01
28083;201500018704;0;1;0;0.0;2.0;1.0;1.0;B02
28084;201500018705;0;7;0;2.0;0.0;1.0;1.0;A01
28085;201500018706;0;33;0;13.0;0.0;1.0;1.0;A01
28086;201500018707;0;7;0;2.0;0.0;2.0;1.0;A01
28087;201500018708;0;7;0;0.0;2.0;3.0;1.0;B02
28088;201500018708;0;7;0;0.0;2.0;3.0;13.0;A01
28089;201500018709;0;7;0;0.0;0.0;0.0;24.0;D04
28090;201500018709;0;7;0;0.0;2.0;7.0;1.0;B02
28091;201500018709;0;7;0;0.0;2.0;1.0;1.0;C03
28092;201500018709;0;7;0;3.0;1.0;1.0;13.0;A01
28093;201500018710;0;7;0;0.0;2.0;1.0;2.0;A01
28094;201500018710;0;7;0;0.0;0.0;4.0;2.0;B02
28095;201500018711;0;37;1;0.0;1.0;5.0;15.0;B01
28096;201500018712;0;7;0;6.0;0.0;2.0;14.0;A01
28097;201500018713;0;7;0;2.0;0.0;1.0;1.0;A01
28098;201500018714;0;7;0;8.0;0.0;3.0;1.0;A01
28099;201500018715;0;7;0;0.0;2.0;1.0;13.0;A01
28100;201500018715;0;7;0;0.0;2.0;1.0;1.0;B02
28101;201500018716;0;7;0;0.0;1.0;3.0;1.0;A01
28102;201500018717;0;33;0;9.0;0.0;7.0;1.0;B02
28103;201500018717;0;7;0;0.0;2.0;1.0;9.0;A01
28104;201500018718;0;7;0;6.0;0.0;1.0;16.0;A01
28105;201500018719;0;7;0;0.0;2.0;1.0;1.0;B02
28106;201500018719;0;7;0;0.0;2.0;7.0;1.0;A01
28107;201500018720;0;7;0;2.0;0.0;6.0;1.0;A01
28108;201500018721;2;7;0;11.0;0.0;2.0;11.0;A01
28109;201500018722;0;7;0;0.0;2.0;2.0;15.0;A01
28110;201500018722;0;7;0;0.0;2.0;1.0;1.0;B02
28111;201500018722;0;7;0;0.0;2.0;3.0;23.0;C03
28112;201500018723;0;7;0;2.0;0.0;1.0;1.0;A01
28113;201500018724;0;33;0;13.0;0.0;0.0;1.0;A01
28114;201500018725;0;7;0;13.0;0.0;2.0;1.0;A01
28115;201500018726;0;3;0;0.0;2.0;6.0;10.0;A01
28116;201500018726;0;33;0;0.0;2.0;1.0;17.0;B02
28117;201500018727;0;1;0;0.0;2.0;1.0;1.0;B02
28118;201500018727;0;10;0;0.0;2.0;1.0;15.0;A01
28119;201500018728;0;7;0;0.0;2.0;3.0;13.0;A01
28120;201500018728;0;7;0;0.0;2.0;3.0;1.0;B02
28121;201500018728;0;10;0;0.0;2.0;1.0;1.0;C03
28122;201500018729;0;7;0;0.0;1.0;1.0;9.0;A01
28123;201500018730;0;7;0;0.0;2.0;1.0;1.0;A01
28124;201500018730;0;7;0;0.0;0.0;7.0;1.0;B02
28125;201500018731;0;7;0;2.0;0.0;9.0;14.0;A01
28126;201500018732;0;7;0;0.0;2.0;3.0;15.0;A01
28127;201500018732;0;2;0;0.0;2.0;3.0;1.0;B02
28128;201500018732;0;7;0;0.0;2.0;3.0;23.0;C03
28129;201500018733;0;33;0;0.0;0.0;9.0;1.0;A01
28130;201500018734;0;7;0;0.0;2.0;3.0;1.0;B02
28131;201500018734;0;7;0;0.0;2.0;3.0;1.0;A01
28132;201500018735;0;33;0;0.0;2.0;1.0;1.0;B02
28133;201500018735;0;7;0;0.0;2.0;2.0;19.0;A01
28134;201500018736;0;7;0;0.0;2.0;2.0;1.0;B02
28135;201500018736;0;7;0;9.0;2.0;2.0;15.0;A01
28136;201500018737;0;7;0;0.0;2.0;7.0;1.0;B02
28137;201500018737;0;2;0;0.0;2.0;1.0;1.0;A01
28138;201500018738;0;7;0;0.0;0.0;8.0;1.0;A01
28139;201500018739;0;7;0;0.0;1.0;5.0;1.0;A01
28140;201500018740;0;7;0;0.0;2.0;3.0;19.0;A01
28141;201500018740;0;2;0;0.0;2.0;1.0;15.0;B02
28142;201500018741;0;7;0;0.0;2.0;1.0;1.0;A01
28143;201500018741;0;1;0;0.0;2.0;8.0;15.0;B02
28144;201500018742;0;10;0;2.0;0.0;1.0;13.0;A01
28145;201500018743;0;7;0;0.0;2.0;3.0;13.0;A01
28146;201500018743;0;7;0;0.0;2.0;6.0;2.0;C03
28147;201500018743;0;17;0;0.0;2.0;3.0;21.0;B02
28148;201500018745;0;7;0;0.0;4.0;8.0;1.0;A01
28149;201500018745;0;39;0;0.0;2.0;2.0;1.0;B02
28150;201500018746;0;14;0;0.0;2.0;1.0;2.0;B02
28151;201500018746;0;3;0;0.0;0.0;4.0;2.0;A01
28152;201500018747;0;30;0;0.0;0.0;1.0;0.0;A01
28153;201500018748;0;7;0;16.0;2.0;1.0;13.0;A01
28154;201500018748;0;10;0;0.0;2.0;1.0;2.0;B02
28155;201500018749;0;7;0;6.0;0.0;9.0;1.0;A01
28156;201500018750;0;7;0;1.0;0.0;1.0;2.0;A01
28157;201500018751;0;7;0;2.0;0.0;3.0;13.0;A01
28158;201500018752;0;7;0;0.0;2.0;4.0;1.0;B02
28159;201500018752;0;7;0;0.0;2.0;1.0;1.0;A01
28160;201500018753;0;33;0;0.0;2.0;1.0;1.0;C03
28161;201500018753;0;21;0;0.0;0.0;8.0;15.0;A01
28162;201500018754;0;10;0;13.0;0.0;1.0;1.0;A01
28163;201500018755;0;7;0;0.0;2.0;2.0;1.0;C03
28164;201500018755;0;30;0;0.0;0.0;4.0;1.0;A01
28165;201500018755;0;7;0;0.0;2.0;9.0;1.0;B02
28166;201500018756;0;7;0;6.0;2.0;3.0;1.0;A01
28167;201500018757;0;7;0;0.0;2.0;2.0;1.0;B02
28168;201500018757;0;7;0;0.0;2.0;8.0;16.0;A01
28169;201500018758;0;33;0;0.0;2.0;5.0;1.0;A01
28170;201500018758;0;7;0;0.0;2.0;0.0;15.0;B02
28171;201500018759;0;7;0;0.0;2.0;1.0;1.0;A01
28172;201500018759;0;7;0;0.0;2.0;1.0;1.0;B02
28173;201500018760;0;7;0;0.0;2.0;8.0;13.0;A01
28174;201500018760;0;10;0;0.0;2.0;1.0;1.0;B02
28175;201500018761;0;30;0;0.0;2.0;8.0;19.0;B02
28176;201500018761;0;7;0;0.0;2.0;1.0;1.0;A01
28177;201500018762;0;7;0;2.0;0.0;8.0;1.0;A01
28178;201500018763;0;7;0;0.0;0.0;9.0;1.0;A01
28179;201500018764;0;10;0;0.0;0.0;1.0;13.0;A01
28180;201500018765;0;7;0;8.0;0.0;1.0;1.0;A01
28181;201500018766;0;14;0;0.0;2.0;1.0;1.0;B02
28182;201500018766;0;7;0;0.0;2.0;1.0;13.0;A01
28183;201500018767;0;2;0;0.0;2.0;1.0;13.0;A01
28184;201500018767;0;7;0;0.0;2.0;3.0;1.0;B02
28185;201500018768;0;7;0;0.0;2.0;1.0;1.0;B02
28186;201500018768;0;10;0;0.0;2.0;1.0;1.0;A01
28187;201500018769;0;7;0;0.0;1.0;2.0;1.0;A01
28188;201500018770;0;2;0;13.0;0.0;1.0;14.0;A01
28189;201500018772;0;2;0;6.0;0.0;3.0;1.0;A01
28190;201500018773;0;7;0;8.0;0.0;3.0;13.0;A01
28191;201500018774;0;2;0;1.0;0.0;1.0;1.0;A01
28192;201500018775;0;7;0;0.0;2.0;1.0;1.0;A01
28193;201500018775;0;7;0;0.0;2.0;2.0;9.0;B02
28194;201500018776;0;2;0;0.0;2.0;1.0;1.0;B02
28195;201500018776;0;7;0;0.0;2.0;2.0;15.0;A01
28196;201500018777;0;1;0;0.0;2.0;5.0;15.0;B02
28197;201500018777;1;7;0;0.0;9.0;1.0;9.0;A01
28198;201500018778;0;7;0;0.0;2.0;1.0;1.0;B02
28199;201500018778;0;30;0;0.0;2.0;1.0;13.0;A01
28200;201500018779;0;33;0;13.0;0.0;2.0;1.0;A01
28201;201500018780;0;14;0;0.0;2.0;2.0;1.0;A01
28202;201500018780;0;1;0;0.0;2.0;1.0;1.0;B02
28203;201500018781;0;7;0;0.0;2.0;2.0;1.0;B02
28204;201500018781;0;33;0;0.0;2.0;1.0;15.0;A01
28205;201500018782;0;7;0;0.0;2.0;2.0;1.0;B02
28206;201500018782;0;2;0;0.0;2.0;1.0;15.0;A01
28207;201500018783;0;7;0;14.0;0.0;9.0;14.0;A01
28208;201500018784;0;7;0;8.0;0.0;3.0;1.0;A01
28209;201500018786;0;7;0;2.0;0.0;2.0;1.0;A01
28210;201500018788;0;7;0;0.0;0.0;4.0;15.0;B02
28211;201500018788;0;33;0;0.0;2.0;1.0;0.0;A01
28212;201500018789;0;7;0;0.0;2.0;2.0;1.0;B02
28213;201500018789;0;7;0;0.0;2.0;1.0;11.0;A01
28214;201500018790;0;7;0;0.0;2.0;1.0;15.0;A01
28215;201500018790;0;17;0;0.0;2.0;3.0;1.0;B02
28216;201500018791;0;7;0;0.0;2.0;7.0;1.0;B02
28217;201500018791;0;30;0;0.0;2.0;1.0;1.0;A01
28218;201500018792;0;30;0;3.0;0.0;2.0;2.0;A01
28219;201500018793;0;7;0;2.0;6.0;1.0;0.0;A01
28220;201500018794;0;7;0;0.0;2.0;2.0;17.0;A01
28221;201500018794;0;1;0;0.0;2.0;8.0;15.0;B02
28222;201500018795;0;7;0;0.0;1.0;1.0;1.0;A01
28223;201500018796;0;33;0;0.0;6.0;1.0;1.0;A01
28224;201500018797;0;10;0;0.0;2.0;6.0;1.0;B02
28225;201500018797;0;31;0;0.0;2.0;1.0;1.0;A01
28226;201500018798;0;31;0;0.0;2.0;1.0;1.0;A01
28227;201500018798;0;7;0;0.0;2.0;8.0;23.0;B02
28228;201500018799;0;10;0;0.0;1.0;2.0;1.0;A01
28229;201500018800;0;7;0;2.0;0.0;2.0;14.0;A01
28230;201500018801;0;30;0;0.0;2.0;1.0;1.0;B02
28231;201500018801;0;7;0;0.0;2.0;7.0;1.0;A01
28232;201500018802;0;7;0;0.0;2.0;7.0;1.0;B02
28233;201500018802;0;1;0;0.0;2.0;1.0;1.0;A01
28234;201500018803;0;33;0;0.0;2.0;9.0;1.0;A01
28235;201500018803;0;7;0;0.0;2.0;3.0;1.0;B02
28236;201500018804;0;7;0;8.0;0.0;1.0;1.0;A01
28237;201500018805;0;7;0;0.0;1.0;1.0;1.0;A01
28238;201500018806;0;10;0;0.0;2.0;1.0;13.0;A01
28239;201500018806;0;7;0;0.0;2.0;1.0;1.0;B02
28240;201500018809;0;15;0;0.0;0.0;4.0;2.0;B02
28241;201500018809;0;7;0;0.0;2.0;1.0;2.0;A01
28242;201500018810;0;7;0;13.0;0.0;1.0;13.0;A01
28243;201500018811;0;7;0;0.0;2.0;3.0;13.0;A01
28244;201500018811;0;15;0;0.0;2.0;3.0;1.0;B02
28245;201500018812;0;2;0;1.0;0.0;1.0;14.0;A01
28246;201500018814;0;33;0;0.0;2.0;1.0;1.0;A01
28247;201500018814;0;7;0;0.0;0.0;3.0;15.0;B02
28248;201500018815;0;7;0;0.0;1.0;1.0;1.0;A01
28249;201500018816;0;7;0;16.0;0.0;5.0;1.0;A01
28250;201500018817;0;31;0;15.0;0.0;1.0;1.0;A01
28251;201500018818;0;7;0;6.0;0.0;3.0;1.0;A01
28252;201500018819;0;7;0;2.0;0.0;1.0;14.0;A01
28253;201500018820;0;33;0;0.0;2.0;2.0;17.0;A01
28254;201500018820;0;21;0;0.0;2.0;6.0;1.0;B02
28255;201500018821;0;7;0;0.0;2.0;2.0;1.0;A01
28256;201500018821;0;7;0;0.0;2.0;8.0;1.0;B02
28257;201500018822;0;32;0;0.0;0.0;8.0;2.0;A01
28258;201500018823;0;7;0;2.0;0.0;7.0;1.0;A01
28259;201500018824;0;33;0;0.0;2.0;1.0;21.0;A01
28260;201500018824;0;21;0;0.0;0.0;6.0;17.0;B02
28261;201500018825;0;7;0;16.0;0.0;0.0;1.0;A01
28262;201500018826;0;7;0;0.0;0.0;9.0;1.0;A01
28263;201500018827;0;33;0;0.0;0.0;3.0;1.0;A01
28264;201500018828;0;7;0;0.0;1.0;3.0;1.0;A01
28265;201500018829;0;7;0;0.0;2.0;2.0;9.0;A01
28266;201500018829;0;33;0;0.0;2.0;8.0;15.0;B02
28267;201500018830;0;7;0;8.0;0.0;1.0;1.0;A01
28268;201500018831;0;7;0;0.0;0.0;2.0;14.0;A01
28269;201500018831;0;7;0;1.0;0.0;0.0;13.0;B02
28270;201500018832;0;7;0;2.0;0.0;1.0;1.0;A01
28271;201500018833;0;7;0;0.0;0.0;0.0;1.0;A01
28272;201500018836;0;7;0;0.0;2.0;3.0;9.0;A01
28273;201500018836;0;1;0;0.0;2.0;7.0;0.0;B02
28274;201500018838;0;34;0;0.0;1.0;1.0;0.0;A01
28275;201500018839;0;7;0;0.0;2.0;2.0;9.0;A01
28276;201500018839;0;33;0;0.0;2.0;1.0;1.0;B02
28277;201500018840;0;7;0;2.0;0.0;2.0;1.0;A01
28278;201500018841;0;33;0;0.0;2.0;1.0;1.0;B02
28279;201500018841;0;10;0;1.0;0.0;3.0;9.0;A01
28280;201500018842;0;10;0;0.0;2.0;2.0;1.0;A01
28281;201500018842;0;1;0;0.0;2.0;4.0;1.0;B02
28282;201500018843;0;33;0;0.0;2.0;1.0;13.0;A01
28283;201500018843;0;7;0;0.0;2.0;1.0;1.0;B02
28284;201500018844;0;7;0;0.0;2.0;3.0;16.0;A01
28285;201500018844;0;1;0;0.0;2.0;1.0;1.0;B02
28286;201500018845;0;7;0;1.0;0.0;2.0;13.0;A01
28287;201500018846;0;7;0;0.0;0.0;0.0;1.0;A01
28288;201500018847;0;14;0;0.0;2.0;3.0;15.0;A01
28289;201500018847;0;32;0;0.0;2.0;1.0;1.0;B02
28290;201500018848;0;30;0;0.0;0.0;0.0;17.0;A01
28291;201500018848;0;30;0;;0.0;0.0;0.0;B02
28292;201500018849;0;7;0;0.0;2.0;1.0;1.0;B02
28293;201500018849;0;7;0;0.0;2.0;1.0;13.0;A01
28294;201500018850;0;7;0;0.0;2.0;5.0;16.0;B02
28295;201500018850;0;1;0;0.0;2.0;3.0;1.0;A01
28296;201500018851;0;7;0;16.0;0.0;9.0;1.0;A01
28297;201500018852;0;30;0;0.0;2.0;1.0;1.0;A01
28298;201500018852;0;7;0;0.0;2.0;2.0;15.0;B02
28299;201500018853;0;7;0;0.0;2.0;1.0;1.0;B02
28300;201500018853;0;7;0;3.0;2.0;1.0;5.0;A01
28301;201500018854;0;30;0;0.0;2.0;1.0;1.0;B02
28302;201500018854;0;7;0;0.0;2.0;3.0;13.0;A01
28303;201500018855;0;33;0;0.0;2.0;3.0;21.0;A01
28304;201500018855;0;7;0;0.0;2.0;6.0;9.0;B02
28305;201500018856;0;7;0;6.0;0.0;3.0;13.0;A01
28306;201500018857;0;33;0;0.0;2.0;6.0;1.0;A01
28307;201500018857;0;7;0;0.0;2.0;1.0;9.0;B02
28308;201500018858;0;7;0;2.0;0.0;1.0;21.0;A01
28309;201500018859;0;7;0;0.0;2.0;1.0;1.0;B02
28310;201500018859;0;7;0;0.0;2.0;1.0;13.0;A01
28311;201500018860;0;7;0;8.0;0.0;2.0;14.0;A01
28312;201500018861;0;33;0;0.0;2.0;1.0;17.0;B02
28313;201500018861;0;7;0;0.0;2.0;8.0;15.0;A01
28314;201500018862;0;7;0;0.0;1.0;4.0;4.0;A01
28315;201500018863;0;31;0;0.0;0.0;0.0;1.0;A01
28316;201500018864;0;7;0;0.0;2.0;3.0;23.0;C03
28317;201500018864;0;7;0;0.0;2.0;1.0;1.0;B02
28318;201500018864;0;7;0;0.0;2.0;1.0;15.0;A01
28319;201500018865;0;7;0;0.0;2.0;3.0;17.0;A01
28320;201500018865;0;7;0;0.0;2.0;3.0;1.0;B02
28321;201500018866;0;1;0;0.0;0.0;4.0;2.0;B02
28322;201500018866;0;7;0;0.0;2.0;2.0;2.0;A01
28323;201500018867;0;14;0;0.0;2.0;8.0;15.0;A01
28324;201500018867;0;7;0;0.0;2.0;3.0;1.0;B02
28325;201500018868;0;7;0;0.0;2.0;6.0;2.0;A01
28326;201500018868;0;33;0;0.0;2.0;7.0;2.0;B02
28327;201500018868;0;21;0;0.0;0.0;0.0;13.0;C03
28328;201500018868;0;99;0;0.0;0.0;0.0;13.0;D04
28329;201500018869;0;31;0;0.0;0.0;1.0;1.0;B02
28330;201500018869;0;7;0;0.0;2.0;2.0;15.0;A01
28331;201500018870;0;7;0;0.0;0.0;1.0;1.0;A01
28332;201500018871;0;7;0;13.0;0.0;2.0;1.0;A01
28333;201500018872;0;7;0;13.0;0.0;9.0;13.0;A01
28334;201500018873;0;7;0;6.0;0.0;3.0;1.0;A01
28335;201500018874;0;7;0;0.0;2.0;7.0;12.0;A01
28336;201500018874;0;7;0;0.0;2.0;8.0;1.0;B02
28337;201500018874;0;7;0;0.0;2.0;8.0;1.0;C03
28338;201500018874;0;7;0;0.0;2.0;4.0;1.0;D04
28339;201500018874;0;7;0;0.0;2.0;8.0;1.0;E05
28340;201500018875;0;7;0;0.0;2.0;2.0;1.0;A01
28341;201500018875;0;1;0;0.0;2.0;1.0;15.0;B02
28342;201500018876;0;7;0;0.0;2.0;8.0;19.0;A01
28343;201500018876;0;7;0;0.0;2.0;2.0;21.0;B02
28344;201500018877;0;7;0;0.0;2.0;3.0;1.0;A01
28345;201500018877;0;7;0;0.0;2.0;3.0;1.0;B02
28346;201500018879;0;30;0;6.0;0.0;1.0;0.0;A01
28347;201500018880;0;10;0;0.0;2.0;6.0;2.0;B02
28348;201500018880;0;33;0;0.0;2.0;1.0;2.0;A01
28349;201500018881;0;33;0;0.0;2.0;7.0;13.0;A01
28350;201500018881;0;7;0;0.0;2.0;1.0;0.0;B02