;Num_Acc;senc;catv;occutc;obs;obsm;choc;manv;num_veh
28771;201500019179;0;31;0;0.0;2.0;1.0;1.0;B01
28772;201500019179;0;7;0;0.0;2.0;1.0;9.0;A01
28773;201500019180;0;7;0;0.0;2.0;1.0;1.0;A01
28774;201500019180;0;7;0;0.0;2.0;4.0;15.0;B01
28775;201500019181;0;33;0;13.0;0.0;7.0;1.0;A01
28776;201500019182;0;7;0;0.0;2.0;2.0;16.0;A01
28777;201500019182;0;7;0;0.0;2.0;1.0;13.0;B01
28778;201500019183;0;7;0;0.0;2.0;8.0;1.0;A01
28779;201500019183;0;37;40;0.0;2.0;1.0;1.0;B01
28780;201500019184;0;7;0;0.0;2.0;1.0;1.0;B01
28781;201500019184;0;7;0;0.0;2.0;3.0;15.0;A01
28782;201500019185;0;7;0;1.0;0.0;1.0;14.0;A01
28783;201500019185;0;7;0;0.0;2.0;8.0;24.0;B01
28784;201500019186;0;7;0;0.0;2.0;2.0;15.0;A01
28785;201500019186;0;33;0;0.0;2.0;1.0;1.0;B01
28786;201500019187;0;7;0;0.0;2.0;1.0;2.0;A01
28787;201500019187;0;1;0;0.0;2.0;1.0;1.0;B01
28788;201500019189;0;7;0;0.0;1.0;1.0;1.0;A01
28789;201500019190;0;7;0;0.0;2.0;3.0;1.0;A01
28790;201500019190;0;33;0;0.0;2.0;4.0;23.0;B01
28791;201500019191;0;7;0;0.0;2.0;1.0;1.0;A01
28792;201500019191;0;7;0;0.0;2.0;4.0;23.0;B01
28793;201500019192;0;37;1;0.0;1.0;7.0;11.0;A01
28794;201500019193;0;33;0;0.0;2.0;1.0;1.0;A01
28795;201500019193;0;7;0;0.0;2.0;4.0;23.0;B01
28796;201500019194;1;7;0;;;;;B02
28797;201500019194;0;1;0;0.0;2.0;3.0;16.0;A01
28798;201500019195;0;7;0;0.0;2.0;1.0;15.0;B01
28799;201500019195;0;2;0;0.0;2.0;1.0;1.0;A01
28800;201500019196;0;37;1;0.0;2.0;4.0;23.0;B01
28801;201500019196;0;7;0;0.0;2.0;1.0;1.0;A01
28802;201500019197;0;1;0;0.0;9.0;1.0;1.0;A01
28803;201500019197;0;1;0;0.0;1.0;4.0;1.0;A02
28804;201500019198;0;10;0;0.0;2.0;1.0;13.0;A01
28805;201500019198;0;1;0;0.0;2.0;8.0;1.0;B01
28806;201500019199;0;7;0;0.0;2.0;1.0;1.0;B01
28807;201500019199;0;10;0;0.0;2.0;2.0;15.0;A01
28808;201500019200;0;10;0;0.0;2.0;8.0;15.0;A01
28809;201500019200;0;33;0;0.0;2.0;1.0;17.0;B01
28810;201500019202;0;10;0;0.0;2.0;4.0;15.0;B01
28811;201500019202;0;7;0;0.0;2.0;1.0;1.0;A01
28812;201500019203;0;30;0;16.0;0.0;9.0;1.0;A01
28813;201500019204;0;7;0;0.0;2.0;1.0;15.0;A01
28814;201500019204;0;7;0;0.0;2.0;4.0;1.0;B01
28815;201500019205;0;1;0;0.0;2.0;8.0;15.0;B01
28816;201500019205;0;7;0;0.0;2.0;2.0;17.0;A01
28817;201500019206;0;2;0;0.0;2.0;1.0;1.0;B01
28818;201500019206;0;7;0;0.0;2.0;8.0;15.0;A02
28819;201500019207;0;1;0;0.0;2.0;4.0;1.0;A01
28820;201500019207;1;99;0;0.0;2.0;1.0;1.0;B01
28821;201500019208;0;33;0;0.0;2.0;1.0;1.0;A01
28822;201500019208;0;7;0;0.0;2.0;2.0;15.0;B01
28823;201500019209;0;7;0;0.0;2.0;1.0;13.0;A01
28824;201500019209;0;10;0;0.0;2.0;1.0;1.0;B01
28825;201500019209;0;7;0;0.0;2.0;1.0;24.0;C01
28826;201500019209;0;7;0;0.0;2.0;4.0;24.0;D01
28827;201500019209;0;7;0;0.0;2.0;3.0;13.0;E01
28828;201500019210;0;7;0;0.0;2.0;7.0;1.0;B01
28829;201500019210;0;7;0;0.0;2.0;1.0;16.0;A01
28830;201500019211;0;7;0;0.0;2.0;3.0;16.0;A01
28831;201500019211;0;33;0;0.0;2.0;3.0;1.0;B01
28832;201500019212;0;31;0;0.0;2.0;1.0;21.0;A01
28833;201500019212;0;7;0;0.0;2.0;8.0;10.0;B01
28834;201500019213;0;7;0;6.0;0.0;1.0;14.0;A01
28835;201500019214;0;33;0;0.0;2.0;1.0;1.0;B01
28836;201500019214;0;7;0;0.0;2.0;2.0;15.0;A01
28837;201500019215;0;7;0;0.0;1.0;4.0;20.0;A01
28838;201500019216;0;1;0;0.0;1.0;1.0;1.0;A01
28839;201500019217;0;7;0;0.0;2.0;1.0;13.0;A01
28840;201500019217;0;7;0;0.0;2.0;1.0;1.0;B01
28841;201500019218;0;7;0;0.0;1.0;2.0;1.0;A01
28842;201500019219;0;7;0;0.0;2.0;2.0;1.0;A01
28843;201500019219;0;1;0;0.0;2.0;4.0;1.0;B01
28844;201500019220;0;10;0;2.0;0.0;2.0;1.0;A01
28845;201500019221;0;33;0;13.0;0.0;1.0;1.0;A01
28846;201500019222;0;7;0;0.0;2.0;2.0;6.0;A01
28847;201500019222;0;7;0;0.0;2.0;1.0;1.0;B02
28848;201500019224;0;3;0;0.0;0.0;0.0;2.0;A01
28849;201500019225;0;7;0;0.0;2.0;1.0;19.0;A01
28850;201500019225;0;1;0;0.0;2.0;3.0;1.0;B02
28851;201500019226;0;7;0;5.0;0.0;1.0;1.0;A01
28852;201500019227;0;31;0;0.0;2.0;1.0;1.0;B02
28853;201500019227;0;7;0;0.0;2.0;5.0;15.0;A01
28854;201500019228;0;7;0;0.0;0.0;1.0;1.0;B02
28855;201500019228;2;7;0;0.0;0.0;7.0;1.0;A01
28856;201500019229;0;7;0;6.0;1.0;8.0;0.0;A01
28857;201500019230;0;7;0;0.0;2.0;2.0;13.0;A01
28858;201500019230;0;7;0;0.0;2.0;1.0;21.0;B02
28859;201500019231;0;10;0;0.0;2.0;4.0;2.0;C01
28860;201500019231;0;10;0;0.0;2.0;1.0;2.0;A01
28861;201500019231;0;7;0;0.0;2.0;4.0;2.0;B01
28862;201500019232;0;2;0;0.0;2.0;1.0;2.0;A01
28863;201500019232;0;7;0;0.0;2.0;6.0;16.0;B01
28864;201500019233;0;7;0;0.0;1.0;3.0;1.0;A01
28865;201500019234;0;7;0;0.0;2.0;1.0;1.0;A01
28866;201500019234;0;1;0;0.0;2.0;8.0;19.0;B01
28867;201500019236;0;7;0;12.0;0.0;7.0;1.0;A01
28868;201500019237;0;7;0;13.0;0.0;0.0;1.0;A01
28869;201500019238;0;2;0;0.0;2.0;1.0;1.0;A01
28870;201500019238;0;7;0;0.0;2.0;3.0;15.0;B01
28871;201500019239;0;1;0;0.0;2.0;8.0;1.0;B01
28872;201500019239;0;15;0;0.0;9.0;7.0;16.0;A01
28873;201500019240;0;7;0;0.0;2.0;7.0;1.0;A01
28874;201500019240;0;7;0;0.0;2.0;1.0;1.0;B01
28875;201500019241;0;7;0;0.0;2.0;1.0;9.0;B01
28876;201500019241;0;7;0;0.0;2.0;8.0;1.0;A01
28877;201500019242;0;7;0;0.0;1.0;1.0;15.0;A01
28878;201500019243;0;7;0;0.0;2.0;4.0;1.0;B01
28879;201500019243;0;2;0;0.0;2.0;1.0;2.0;A01
28880;201500019244;0;7;0;0.0;2.0;1.0;1.0;B01
28881;201500019244;0;7;0;0.0;2.0;1.0;5.0;A01
28882;201500019245;0;7;0;0.0;0.0;4.0;2.0;A01
28883;201500019245;0;30;0;0.0;2.0;1.0;2.0;B01
28884;201500019246;0;7;0;0.0;2.0;1.0;1.0;B01
28885;201500019246;0;7;0;0.0;2.0;1.0;13.0;A01
28886;201500019247;0;7;0;0.0;0.0;1.0;2.0;A01
28887;201500019247;0;7;0;0.0;0.0;0.0;2.0;B01
28888;201500019248;0;7;0;0.0;2.0;3.0;1.0;B01
28889;201500019248;0;30;0;0.0;2.0;7.0;1.0;A01
28890;201500019249;0;7;0;0.0;2.0;1.0;2.0;A01
28891;201500019249;0;7;0;0.0;0.0;4.0;2.0;B01
28892;201500019250;0;30;0;1.0;0.0;2.0;1.0;A01
28893;201500019251;0;7;0;0.0;1.0;0.0;4.0;A01
28894;201500019252;0;7;0;0.0;1.0;1.0;1.0;A01
28895;201500019253;0;1;0;0.0;2.0;7.0;1.0;B01
28896;201500019253;0;7;0;0.0;2.0;1.0;16.0;A01
28897;201500019255;0;7;0;0.0;2.0;1.0;2.0;A01
28898;201500019255;0;7;0;0.0;2.0;4.0;2.0;B01
28899;201500019255;0;7;0;0.0;2.0;4.0;2.0;C01
28900;201500019256;0;7;0;0.0;2.0;1.0;2.0;A01
28901;201500019256;0;7;0;0.0;2.0;4.0;2.0;B01
28902;201500019257;0;7;0;0.0;2.0;6.0;15.0;A01
28903;201500019257;0;2;0;0.0;2.0;1.0;1.0;B01
28904;201500019259;0;3;0;0.0;1.0;1.0;1.0;A01
28905;201500019261;0;1;0;0.0;2.0;1.0;1.0;B01
28906;201500019261;0;7;0;0.0;2.0;3.0;9.0;A01
28907;201500019262;0;33;0;0.0;2.0;7.0;2.0;A01
28908;201500019262;0;7;0;0.0;2.0;4.0;1.0;B01
28909;201500019263;0;2;0;0.0;2.0;1.0;1.0;A01
28910;201500019263;0;7;0;0.0;2.0;3.0;1.0;B01
28911;201500019264;0;7;0;0.0;2.0;1.0;1.0;B01
28912;201500019264;0;7;0;0.0;2.0;2.0;15.0;A01
28913;201500019265;0;7;0;0.0;2.0;7.0;17.0;A01
28914;201500019265;0;2;0;0.0;2.0;8.0;1.0;B01
28915;201500019266;0;33;0;0.0;0.0;8.0;1.0;A01
28916;201500019267;0;7;0;0.0;2.0;2.0;16.0;A01
28917;201500019267;0;1;0;0.0;2.0;1.0;1.0;B01
28918;201500019268;0;7;0;0.0;2.0;4.0;2.0;C01
28919;201500019268;0;7;0;0.0;2.0;1.0;2.0;A01
28920;201500019268;0;7;0;0.0;2.0;4.0;2.0;B01
28921;201500019268;0;7;0;0.0;2.0;4.0;2.0;D01
28922;201500019269;0;30;0;0.0;2.0;2.0;1.0;A01
28923;201500019269;0;7;0;0.0;0.0;4.0;1.0;B01
28924;201500019270;0;2;0;2.0;0.0;1.0;19.0;A01
28925;201500019271;0;7;0;0.0;2.0;1.0;1.0;B01
28926;201500019271;0;7;0;0.0;2.0;4.0;5.0;A01
28927;201500019272;0;31;0;16.0;0.0;6.0;1.0;A01
28928;201500019273;0;33;0;2.0;0.0;1.0;14.0;A01
28929;201500019274;0;7;0;0.0;2.0;5.0;1.0;A01
28930;201500019274;0;1;0;0.0;2.0;1.0;1.0;B01
28931;201500019275;0;7;0;0.0;2.0;2.0;1.0;A01
28932;201500019275;0;7;0;0.0;2.0;3.0;0.0;B01
28933;201500019276;0;7;0;0.0;2.0;3.0;1.0;B01
28934;201500019276;0;10;0;0.0;2.0;2.0;19.0;A01
28935;201500019277;0;7;0;0.0;2.0;1.0;2.0;A01
28936;201500019277;0;7;0;0.0;2.0;4.0;2.0;B01
28937;201500019278;0;10;0;0.0;2.0;1.0;13.0;A01
28938;201500019278;0;7;0;0.0;2.0;1.0;1.0;B01
28939;201500019279;0;7;0;0.0;1.0;1.0;1.0;A01
28940;201500019282;0;7;0;0.0;0.0;0.0;0.0;A01
28941;201500019283;0;7;0;0.0;2.0;2.0;10.0;A01
28942;201500019283;0;31;0;0.0;2.0;1.0;2.0;B01
28943;201500019284;0;7;0;0.0;0.0;1.0;15.0;A01
28944;201500019284;0;7;0;0.0;0.0;1.0;5.0;B01
28945;201500019285;0;7;0;9.0;0.0;2.0;9.0;A01
28946;201500019286;0;2;0;0.0;2.0;1.0;1.0;A01
28947;201500019286;0;7;0;0.0;2.0;4.0;1.0;B01
28948;201500019287;0;7;0;0.0;2.0;1.0;1.0;A01
28949;201500019287;0;37;1;0.0;2.0;1.0;1.0;B01
28950;201500019288;0;7;0;0.0;1.0;1.0;2.0;A01
28951;201500019289;1;10;0;0.0;2.0;2.0;1.0;A01
28952;201500019289;0;30;0;0.0;2.0;1.0;1.0;B01
28953;201500019290;0;30;0;16.0;0.0;8.0;21.0;A01
28954;201500019291;0;2;0;0.0;2.0;1.0;2.0;B01
28955;201500019291;0;7;0;0.0;0.0;5.0;15.0;A01
28956;201500019292;0;7;0;0.0;0.0;4.0;1.0;B01
28957;201500019292;0;7;0;0.0;2.0;1.0;1.0;A01
28958;201500019293;0;2;0;0.0;2.0;7.0;2.0;B01
28959;201500019293;0;7;0;0.0;2.0;1.0;2.0;A01
28960;201500019294;0;7;0;0.0;0.0;8.0;0.0;B01
28961;201500019294;0;7;0;0.0;2.0;1.0;0.0;A01
28962;201500019295;0;7;0;0.0;2.0;3.0;9.0;A01
28963;201500019295;0;30;0;0.0;2.0;1.0;1.0;B01
28964;201500019296;0;7;0;15.0;0.0;1.0;2.0;A01
28965;201500019297;0;7;0;0.0;9.0;4.0;2.0;C01
28966;201500019297;0;7;0;0.0;2.0;1.0;2.0;A01
28967;201500019297;0;7;0;0.0;2.0;1.0;2.0;B01
28968;201500019298;0;7;0;12.0;0.0;1.0;13.0;A01
28969;201500019300;0;7;0;0.0;2.0;1.0;2.0;A01
28970;201500019300;0;7;0;0.0;2.0;3.0;2.0;B01
28971;201500019301;0;7;0;0.0;0.0;0.0;2.0;A01
28972;201500019302;0;7;0;0.0;2.0;1.0;2.0;A01
28973;201500019302;0;10;0;0.0;2.0;7.0;2.0;B01
28974;201500019303;0;7;0;0.0;2.0;3.0;2.0;A01
28975;201500019303;0;7;0;0.0;2.0;7.0;1.0;B01
28976;201500019304;0;30;0;0.0;2.0;4.0;1.0;B01
28977;201500019304;0;10;0;0.0;2.0;1.0;9.0;A01
28978;201500019305;0;7;0;8.0;0.0;1.0;2.0;A01
28979;201500019306;0;7;0;8.0;0.0;1.0;0.0;A01
28980;201500019307;0;33;0;2.0;0.0;1.0;2.0;A01
28981;201500019308;0;2;0;0.0;0.0;0.0;0.0;A01
28982;201500019309;0;7;0;15.0;0.0;1.0;2.0;A01
28983;201500019310;0;7;0;0.0;2.0;1.0;16.0;A01
28984;201500019310;0;32;0;0.0;2.0;8.0;2.0;B01
28985;201500019311;0;2;0;0.0;2.0;1.0;2.0;B01
28986;201500019311;0;7;0;0.0;2.0;2.0;15.0;A01
28987;201500019312;0;33;0;0.0;1.0;1.0;2.0;A01
28988;201500019313;0;7;0;0.0;2.0;4.0;1.0;B01
28989;201500019313;0;7;0;0.0;2.0;1.0;1.0;A01
28990;201500019315;0;7;0;0.0;0.0;1.0;0.0;A01
28991;201500019316;0;7;0;0.0;1.0;1.0;0.0;A01
28992;201500019317;0;7;0;0.0;2.0;1.0;2.0;A01
28993;201500019317;0;10;0;0.0;0.0;4.0;2.0;C01
28994;201500019317;0;7;0;0.0;2.0;4.0;2.0;B01
28995;201500019318;0;30;0;0.0;2.0;8.0;9.0;B01
28996;201500019318;1;7;0;0.0;2.0;2.0;7.0;Z01
28997;201500019319;0;1;0;1.0;0.0;1.0;2.0;B01
28998;201500019319;0;7;0;0.0;9.0;0.0;24.0;A01
28999;201500019320;0;7;0;0.0;2.0;4.0;1.0;B01
29000;201500019320;0;7;0;0.0;2.0;1.0;2.0;A01
29001;201500019321;0;7;0;1.0;0.0;1.0;2.0;A01
29002;201500019322;0;7;0;0.0;2.0;4.0;0.0;B01
29003;201500019322;0;7;0;0.0;2.0;1.0;2.0;A01
29004;201500019324;0;35;0;0.0;1.0;1.0;2.0;A01
29005;201500019325;0;7;0;0.0;2.0;1.0;1.0;A01
29006;201500019325;0;7;0;0.0;2.0;8.0;2.0;B01
29007;201500019326;0;7;0;8.0;0.0;1.0;2.0;A01
29008;201500019327;0;7;0;0.0;2.0;1.0;15.0;A01
29009;201500019327;0;30;0;0.0;2.0;1.0;2.0;B01
29010;201500019328;0;7;0;0.0;2.0;4.0;23.0;A01
29011;201500019328;0;7;0;0.0;2.0;6.0;2.0;B01
29012;201500019328;0;13;0;0.0;2.0;2.0;2.0;C01
29013;201500019328;0;7;0;0.0;2.0;1.0;2.0;D01
29014;201500019329;0;7;0;0.0;2.0;1.0;2.0;A01
29015;201500019329;0;7;0;0.0;2.0;4.0;2.0;B01
29016;201500019330;0;3;0;0.0;2.0;2.0;2.0;A01
29017;201500019330;0;1;0;0.0;2.0;2.0;1.0;B01
29018;201500019331;0;2;0;0.0;0.0;0.0;1.0;A01
29019;201500019332;0;1;0;0.0;2.0;7.0;19.0;A01
29020;201500019332;0;7;0;0.0;2.0;5.0;1.0;B01
29021;201500019334;0;7;0;0.0;2.0;2.0;2.0;B01
29022;201500019334;0;33;0;0.0;2.0;1.0;1.0;A01
29023;201500019335;0;7;0;0.0;0.0;2.0;2.0;B01
29024;201500019335;0;7;0;0.0;2.0;7.0;2.0;A01
29025;201500019336;1;30;0;0.0;1.0;7.0;1.0;Z01
29026;201500019337;0;2;0;0.0;2.0;1.0;5.0;B01
29027;201500019337;0;7;0;0.0;2.0;1.0;1.0;A01
29028;201500019339;0;35;0;0.0;0.0;1.0;18.0;A01
29029;201500019340;0;33;0;0.0;2.0;4.0;23.0;B01
29030;201500019340;2;7;0;0.0;2.0;1.0;2.0;A01
29031;201500019341;0;33;0;0.0;2.0;7.0;1.0;A01
29032;201500019341;0;7;0;0.0;2.0;1.0;10.0;B01
29033;201500019342;0;33;0;0.0;2.0;7.0;17.0;B01
29034;201500019342;0;7;0;0.0;2.0;8.0;2.0;A01
29035;201500019343;0;2;0;0.0;0.0;9.0;2.0;A01
29036;201500019345;0;7;0;0.0;2.0;4.0;2.0;A01
29037;201500019345;0;7;0;0.0;2.0;4.0;2.0;C01
29038;201500019345;0;7;0;0.0;2.0;1.0;2.0;B01
29039;201500019346;0;1;0;0.0;2.0;4.0;2.0;A01
29040;201500019347;0;7;0;0.0;2.0;3.0;1.0;B01
29041;201500019347;0;7;0;0.0;2.0;2.0;1.0;A01
29042;201500019348;0;34;0;0.0;2.0;1.0;2.0;B01
29043;201500019348;0;7;0;0.0;2.0;7.0;15.0;A01
29044;201500019349;0;1;0;0.0;2.0;6.0;1.0;B01
29045;201500019349;0;7;0;0.0;2.0;2.0;1.0;A01
29046;201500019350;0;7;0;0.0;2.0;7.0;2.0;B01
29047;201500019350;0;7;0;0.0;2.0;1.0;1.0;A01
29048;201500019351;0;7;0;0.0;2.0;1.0;2.0;A01
29049;201500019351;0;7;0;0.0;2.0;1.0;2.0;B01
29050;201500019351;0;7;0;0.0;0.0;4.0;2.0;C01
29051;201500019352;0;33;0;0.0;2.0;2.0;2.0;B01
29052;201500019352;0;7;0;0.0;2.0;6.0;2.0;A01
29053;201500019353;0;33;0;0.0;2.0;7.0;17.0;B01
29054;201500019353;0;7;0;0.0;2.0;1.0;15.0;A01
29055;201500019354;0;7;0;1.0;2.0;8.0;2.0;A01
29056;201500019354;0;1;0;0.0;0.0;1.0;2.0;B01
29057;201500019355;0;1;0;0.0;2.0;1.0;2.0;B01
29058;201500019355;0;7;0;0.0;2.0;5.0;22.0;A01
29059;201500019356;0;7;0;0.0;2.0;4.0;2.0;B01
29060;201500019356;0;30;0;0.0;2.0;1.0;2.0;A01
29061;201500019357;0;7;0;0.0;1.0;2.0;2.0;A01
29062;201500019358;0;7;0;0.0;2.0;1.0;2.0;A01
29063;201500019358;0;7;0;0.0;2.0;4.0;2.0;C01
29064;201500019358;0;7;0;0.0;2.0;4.0;2.0;B01
29065;201500019359;0;2;0;0.0;2.0;1.0;18.0;B01
29066;201500019359;0;7;0;0.0;2.0;7.0;16.0;A01
29067;201500019360;0;7;0;0.0;2.0;3.0;2.0;B01
29068;201500019360;0;2;0;0.0;2.0;1.0;2.0;A01
29069;201500019363;0;7;0;0.0;2.0;1.0;2.0;B01
29070;201500019363;0;7;0;0.0;2.0;4.0;2.0;A01
29071;201500019364;0;33;0;0.0;0.0;9.0;2.0;A01
29072;201500019365;0;7;0;0.0;2.0;3.0;1.0;B01
29073;201500019365;0;7;0;0.0;2.0;2.0;1.0;A01
29074;201500019367;0;1;0;0.0;2.0;8.0;15.0;B01
29075;201500019367;0;7;0;0.0;2.0;1.0;2.0;A01
29076;201500019370;0;2;0;0.0;2.0;1.0;2.0;B01
29077;201500019370;0;7;0;0.0;2.0;4.0;2.0;A01
29078;201500019371;0;7;0;14.0;0.0;3.0;13.0;A01
29079;201500019372;0;30;0;0.0;2.0;2.0;17.0;B01
29080;201500019372;0;7;0;0.0;9.0;8.0;17.0;A01
29081;201500019373;0;32;0;0.0;0.0;1.0;1.0;A01
29082;201500019374;0;7;0;0.0;9.0;2.0;1.0;A01
29083;201500019374;0;1;0;0.0;2.0;1.0;1.0;B01
29084;201500019375;0;7;0;0.0;2.0;4.0;0.0;A01
29085;201500019375;0;7;0;0.0;2.0;1.0;2.0;B01
29086;201500019376;0;7;0;0.0;2.0;1.0;0.0;A01
29087;201500019376;0;1;0;0.0;2.0;1.0;0.0;B01
29088;201500019377;0;32;0;0.0;2.0;1.0;2.0;B01
29089;201500019377;0;7;0;0.0;2.0;3.0;9.0;A01
29090;201500019378;0;34;0;9.0;0.0;7.0;1.0;A01
29091;201500019380;0;2;0;0.0;2.0;1.0;9.0;A01
29092;201500019380;0;7;0;0.0;2.0;3.0;1.0;B01
29093;201500019381;0;7;0;15.0;0.0;1.0;14.0;A01
29094;201500019382;0;7;0;0.0;2.0;4.0;2.0;C01
29095;201500019382;0;7;0;0.0;2.0;1.0;2.0;A01
29096;201500019382;0;7;0;0.0;2.0;4.0;2.0;B01
29097;201500019383;0;2;0;16.0;0.0;0.0;0.0;A01
29098;201500019384;0;7;0;0.0;1.0;1.0;1.0;A01
29099;201500019385;0;7;0;0.0;2.0;1.0;2.0;B01
29100;201500019385;0;7;0;0.0;2.0;1.0;11.0;A01
29101;201500019386;0;7;0;0.0;2.0;1.0;2.0;B01
29102;201500019386;0;7;0;0.0;2.0;4.0;2.0;A01
29103;201500019387;0;7;0;13.0;0.0;0.0;1.0;C01
29104;201500019388;0;7;0;0.0;2.0;4.0;2.0;B01
29105;201500019388;0;7;0;0.0;2.0;1.0;2.0;A01
29106;201500019388;0;7;0;0.0;2.0;4.0;15.0;C01
29107;201500019389;0;7;0;16.0;0.0;9.0;14.0;A01
29108;201500019390;0;10;0;0.0;0.0;2.0;1.0;B01
29109;201500019390;0;7;0;0.0;2.0;1.0;1.0;A01
29110;201500019391;0;7;0;0.0;2.0;4.0;2.0;A01
29111;201500019391;0;7;0;0.0;2.0;1.0;2.0;B01
29112;201500019392;0;1;0;0.0;2.0;1.0;19.0;B01
29113;201500019392;0;33;0;0.0;2.0;2.0;1.0;A01
29114;201500019393;0;33;0;0.0;2.0;1.0;2.0;B01
29115;201500019393;0;7;0;0.0;2.0;4.0;2.0;A01
29116;201500019394;0;7;0;0.0;2.0;4.0;2.0;A01
29117;201500019394;0;7;0;0.0;2.0;1.0;2.0;B01
29118;201500019395;0;33;0;0.0;9.0;1.0;2.0;A01
29119;201500019396;0;7;0;2.0;2.0;4.0;2.0;B01
29120;201500019396;0;33;0;2.0;2.0;1.0;2.0;A01
29121;201500019397;0;7;0;0.0;2.0;1.0;19.0;A01
29122;201500019397;0;1;0;0.0;2.0;7.0;2.0;B01
29123;201500019398;0;1;0;0.0;2.0;7.0;2.0;B01
29124;201500019398;0;7;0;0.0;2.0;1.0;9.0;A01
29125;201500019400;0;1;0;0.0;2.0;1.0;2.0;B01
29126;201500019400;0;7;0;0.0;2.0;5.0;2.0;A01
29127;201500019401;0;2;0;0.0;0.0;1.0;1.0;A01
29128;201500019402;0;7;0;0.0;1.0;3.0;15.0;A01
29129;201500019403;0;2;0;0.0;0.0;8.0;1.0;A01
29130;201500019404;0;7;0;0.0;2.0;1.0;2.0;C01
29131;201500019404;0;7;0;0.0;2.0;4.0;2.0;B01
29132;201500019404;0;7;0;0.0;2.0;4.0;2.0;A01
29133;201500019405;0;7;0;0.0;2.0;1.0;2.0;B01
29134;201500019405;0;7;0;0.0;2.0;4.0;2.0;A01
29135;201500019406;0;7;0;0.0;1.0;1.0;2.0;A01
29136;201500019407;0;1;0;0.0;2.0;8.0;10.0;A01
29137;201500019407;0;33;0;0.0;2.0;1.0;1.0;B01
29138;201500019408;0;7;0;0.0;2.0;4.0;2.0;A01
29139;201500019408;0;30;0;0.0;2.0;1.0;2.0;B01
29140;201500019409;0;7;0;0.0;2.0;4.0;2.0;A01
29141;201500019409;0;7;0;0.0;2.0;4.0;2.0;B01
29142;201500019410;0;7;0;0.0;2.0;3.0;15.0;B01
29143;201500019410;0;2;0;0.0;2.0;1.0;17.0;A01
29144;201500019411;0;7;0;0.0;2.0;2.0;15.0;B01
29145;201500019411;0;2;0;0.0;2.0;3.0;1.0;A01
29146;201500019412;0;33;0;0.0;2.0;1.0;2.0;B01
29147;201500019412;0;7;0;0.0;2.0;4.0;11.0;A01
29148;201500019413;0;7;0;0.0;2.0;4.0;2.0;A01
29149;201500019413;0;7;0;0.0;2.0;4.0;2.0;B01
29150;201500019413;0;7;0;0.0;2.0;1.0;2.0;C01
29151;201500019414;0;7;0;0.0;2.0;4.0;2.0;A01
29152;201500019414;0;7;0;0.0;2.0;1.0;2.0;B01
29153;201500019415;0;1;0;0.0;2.0;1.0;1.0;A01
29154;201500019415;1;7;0;0.0;2.0;5.0;15.0;B01
29155;201500019417;0;7;0;0.0;2.0;1.0;2.0;A01
29156;201500019417;0;1;0;0.0;2.0;4.0;2.0;B01
29157;201500019418;0;7;0;0.0;1.0;1.0;0.0;A01
29158;201500019419;0;15;0;0.0;2.0;4.0;2.0;B01
29159;201500019419;0;15;0;0.0;2.0;1.0;2.0;A01
29160;201500019420;0;7;0;0.0;2.0;4.0;2.0;A01
29161;201500019420;0;10;0;0.0;2.0;1.0;2.0;B01
29162;201500019421;0;7;0;0.0;2.0;8.0;20.0;A01
29163;201500019421;0;30;0;0.0;2.0;1.0;2.0;B01
29164;201500019422;0;30;0;0.0;2.0;1.0;2.0;A01
29165;201500019422;0;7;0;0.0;2.0;4.0;2.0;B01
29166;201500019424;0;1;0;0.0;2.0;8.0;19.0;B01
29167;201500019424;0;7;0;0.0;2.0;2.0;16.0;A01
29168;201500019426;0;1;0;0.0;0.0;7.0;1.0;A01
29169;201500019427;0;1;0;0.0;1.0;1.0;1.0;A01
29170;201500019428;0;2;0;0.0;0.0;1.0;1.0;A01
29171;201500019429;0;1;0;0.0;2.0;2.0;1.0;B01
29172;201500019429;0;7;0;0.0;2.0;3.0;1.0;A01
29173;201500019430;0;1;0;0.0;2.0;7.0;0.0;B01
29174;201500019430;0;7;0;0.0;2.0;1.0;1.0;A01
29175;201500019431;0;33;0;0.0;2.0;4.0;2.0;B01
29176;201500019431;0;7;0;0.0;2.0;1.0;2.0;A01
29177;201500019432;0;7;0;6.0;0.0;1.0;1.0;A01
29178;201500019433;0;33;0;3.0;0.0;7.0;3.0;A01
29179;201500019434;0;2;0;16.0;0.0;7.0;1.0;A01
29180;201500019435;0;7;0;0.0;2.0;3.0;1.0;B01
29181;201500019435;0;30;0;0.0;2.0;1.0;13.0;A01
29182;201500019436;0;7;0;0.0;2.0;4.0;2.0;A01
29183;201500019436;0;7;0;0.0;2.0;1.0;2.0;B01
29184;201500019438;0;7;0;0.0;1.0;1.0;1.0;A01
29185;201500019439;0;7;0;9.0;0.0;1.0;1.0;A01
29186;201500019440;0;7;0;0.0;2.0;4.0;20.0;A01
29187;201500019440;0;2;0;0.0;2.0;7.0;9.0;B01
29188;201500019441;0;7;0;0.0;2.0;4.0;2.0;A01
29189;201500019441;0;7;0;0.0;2.0;1.0;2.0;B01
29190;201500019442;0;1;0;0.0;1.0;1.0;1.0;A01
29191;201500019443;0;7;0;0.0;1.0;1.0;1.0;A01
29192;201500019444;0;2;0;0.0;2.0;1.0;14.0;B01