;Num_Acc;senc;catv;occutc;obs;obsm;choc;manv;num_veh
29193;201500019444;0;7;0;0.0;2.0;5.0;2.0;A01
29194;201500019444;0;7;0;0.0;2.0;8.0;24.0;C01
29195;201500019445;0;7;0;0.0;2.0;1.0;1.0;B01
29196;201500019445;0;7;0;0.0;2.0;1.0;15.0;A01
29197;201500019445;0;7;0;0.0;2.0;8.0;1.0;C01
29198;201500019446;0;7;0;0.0;1.0;1.0;1.0;A01
29199;201500019447;0;7;0;3.0;0.0;7.0;1.0;A01
29200;201500019448;0;7;0;0.0;2.0;3.0;19.0;A01
29201;201500019448;0;7;0;0.0;2.0;2.0;19.0;B01
29202;201500019449;0;7;0;0.0;2.0;1.0;1.0;B01
29203;201500019449;0;7;0;0.0;2.0;3.0;15.0;A01
29204;201500019450;0;33;0;0.0;2.0;8.0;14.0;A01
29205;201500019450;0;7;0;0.0;2.0;7.0;2.0;B01
29206;201500019451;0;7;0;0.0;2.0;4.0;2.0;B01
29207;201500019451;0;7;0;0.0;2.0;1.0;2.0;A01
29208;201500019452;0;7;0;0.0;2.0;4.0;1.0;A01
29209;201500019452;0;2;0;0.0;2.0;1.0;2.0;B01
29210;201500019453;0;7;0;0.0;2.0;1.0;2.0;A01
29211;201500019453;0;1;0;0.0;2.0;8.0;19.0;B01
29212;201500019454;0;2;0;0.0;2.0;1.0;1.0;B01
29213;201500019454;0;1;0;0.0;2.0;1.0;9.0;A01
29214;201500019455;0;7;0;0.0;2.0;7.0;2.0;A01
29215;201500019455;0;1;0;0.0;2.0;8.0;2.0;B01
29216;201500019456;0;7;0;0.0;2.0;3.0;1.0;A01
29217;201500019456;0;7;0;0.0;2.0;7.0;19.0;B01
29218;201500019457;0;2;0;0.0;0.0;0.0;1.0;A01
29219;201500019458;0;7;0;0.0;2.0;7.0;15.0;A01
29220;201500019458;0;33;0;0.0;2.0;1.0;1.0;B01
29221;201500019459;0;7;0;0.0;2.0;1.0;1.0;B01
29222;201500019459;0;7;0;0.0;2.0;1.0;19.0;A01
29223;201500019460;0;7;0;0.0;2.0;7.0;16.0;A01
29224;201500019460;0;1;0;0.0;2.0;1.0;14.0;B01
29225;201500019461;0;7;0;0.0;2.0;2.0;1.0;A01
29226;201500019461;0;1;0;0.0;2.0;8.0;19.0;B01
29227;201500019462;0;7;0;0.0;1.0;1.0;1.0;A01
29228;201500019463;0;7;0;0.0;2.0;7.0;20.0;A01
29229;201500019463;0;2;0;0.0;2.0;1.0;14.0;B01
29230;201500019464;0;33;0;0.0;2.0;1.0;1.0;A01
29231;201500019464;0;7;0;0.0;2.0;1.0;1.0;B01
29232;201500019465;0;7;0;3.0;0.0;8.0;1.0;A01
29233;201500019466;0;7;0;0.0;2.0;1.0;1.0;A01
29234;201500019466;0;7;0;0.0;2.0;4.0;23.0;B01
29235;201500019468;0;7;0;0.0;1.0;4.0;20.0;A01
29236;201500019469;0;7;0;0.0;2.0;7.0;19.0;A01
29237;201500019469;0;7;0;0.0;2.0;1.0;19.0;B01
29238;201500019470;0;7;0;0.0;1.0;1.0;15.0;A01
29239;201500019471;0;7;0;0.0;2.0;1.0;2.0;B01
29240;201500019471;0;7;0;0.0;2.0;8.0;19.0;A01
29241;201500019472;0;7;0;0.0;2.0;1.0;1.0;A01
29242;201500019472;0;7;0;0.0;2.0;7.0;15.0;B01
29243;201500019473;0;7;0;0.0;2.0;1.0;2.0;A01
29244;201500019473;0;7;0;0.0;2.0;4.0;2.0;B01
29245;201500019474;0;1;0;0.0;0.0;0.0;0.0;A01
29246;201500019476;0;33;0;0.0;0.0;1.0;2.0;A01
29247;201500019477;1;1;0;0.0;9.0;0.0;17.0;B01
29248;201500019477;0;1;0;0.0;9.0;7.0;2.0;A01
29249;201500019478;0;2;0;0.0;0.0;9.0;2.0;A01
29250;201500019479;0;7;0;0.0;2.0;2.0;9.0;A01
29251;201500019479;0;33;0;0.0;2.0;8.0;7.0;B01
29252;201500019480;0;30;0;0.0;0.0;0.0;0.0;A01
29253;201500019481;0;30;0;0.0;2.0;9.0;2.0;A01
29254;201500019481;0;7;0;0.0;2.0;7.0;2.0;B01
29255;201500019482;0;10;0;0.0;2.0;1.0;2.0;A01
29256;201500019482;0;7;0;0.0;2.0;9.0;2.0;B01
29257;201500019482;0;7;0;0.0;2.0;4.0;2.0;C01
29258;201500019483;0;7;0;0.0;2.0;1.0;1.0;A01
29259;201500019483;0;30;0;0.0;2.0;1.0;1.0;B01
29260;201500019484;0;7;0;16.0;0.0;7.0;14.0;A01
29261;201500019486;0;7;0;8.0;0.0;9.0;1.0;A01
29262;201500019487;0;7;0;0.0;1.0;2.0;1.0;A01
29263;201500019488;0;7;0;0.0;2.0;3.0;9.0;A01
29264;201500019488;0;30;0;0.0;2.0;7.0;1.0;B01
29265;201500019489;0;7;0;6.0;0.0;1.0;1.0;A01
29266;201500019492;0;7;0;0.0;0.0;0.0;0.0;A01
29267;201500019493;0;7;0;0.0;2.0;1.0;2.0;A01
29268;201500019493;0;7;0;0.0;2.0;4.0;1.0;B01
29269;201500019494;0;7;0;0.0;0.0;8.0;2.0;A01
29270;201500019494;0;33;0;0.0;2.0;1.0;0.0;B01
29271;201500019495;0;34;0;0.0;2.0;1.0;17.0;A01
29272;201500019495;0;7;0;0.0;2.0;1.0;1.0;B01
29273;201500019496;0;7;0;0.0;0.0;4.0;2.0;A01
29274;201500019496;0;7;0;0.0;0.0;4.0;2.0;B01
29275;201500019496;0;7;0;0.0;0.0;1.0;2.0;C01
29276;201500019497;0;2;0;0.0;2.0;1.0;1.0;A01
29277;201500019497;0;7;0;0.0;2.0;6.0;10.0;B01
29278;201500019498;0;7;0;2.0;0.0;1.0;14.0;A01
29279;201500019499;0;31;0;0.0;2.0;7.0;1.0;B01
29280;201500019499;0;7;0;0.0;2.0;8.0;9.0;A01
29281;201500019500;0;7;0;0.0;2.0;2.0;0.0;A01
29282;201500019500;0;30;0;2.0;2.0;1.0;2.0;B01
29283;201500019501;0;7;0;0.0;2.0;1.0;13.0;A01
29284;201500019501;0;2;0;0.0;2.0;1.0;1.0;B01
29285;201500019502;0;2;0;0.0;0.0;0.0;2.0;A01
29286;201500019503;0;7;0;0.0;2.0;1.0;2.0;A01
29287;201500019503;0;7;0;0.0;2.0;4.0;2.0;B01
29288;201500019504;0;7;0;0.0;0.0;4.0;2.0;A01
29289;201500019504;0;7;0;0.0;0.0;1.0;2.0;B01
29290;201500019505;0;1;0;0.0;2.0;1.0;5.0;A01
29291;201500019505;0;7;0;0.0;2.0;1.0;1.0;B01
29292;201500019506;0;7;0;0.0;0.0;4.0;2.0;A01
29293;201500019506;0;7;0;0.0;0.0;1.0;2.0;B01
29294;201500019507;0;33;0;12.0;0.0;8.0;21.0;A01
29295;201500019510;0;7;0;0.0;2.0;8.0;22.0;A01
29296;201500019510;0;1;0;0.0;2.0;1.0;1.0;B01
29297;201500019511;0;7;0;0.0;1.0;1.0;1.0;A01
29298;201500019512;0;2;0;0.0;0.0;1.0;5.0;A01
29299;201500019512;0;7;0;0.0;2.0;1.0;5.0;B01
29300;201500019513;0;7;0;0.0;2.0;1.0;2.0;A01
29301;201500019513;0;7;0;0.0;2.0;4.0;2.0;B01
29302;201500019515;0;7;0;0.0;2.0;1.0;1.0;A01
29303;201500019515;0;2;0;0.0;2.0;7.0;1.0;B01
29304;201500019516;0;30;0;0.0;2.0;1.0;1.0;B01
29305;201500019516;0;7;0;0.0;2.0;6.0;15.0;A01
29306;201500019517;0;7;0;1.0;0.0;1.0;14.0;A01
29307;201500019517;0;7;0;0.0;2.0;1.0;24.0;B01
29308;201500019518;0;7;0;0.0;2.0;2.0;2.0;A01
29309;201500019518;0;2;0;0.0;0.0;4.0;2.0;B01
29310;201500019519;0;7;0;0.0;2.0;1.0;1.0;A01
29311;201500019519;0;7;0;0.0;2.0;4.0;1.0;B01
29312;201500019521;0;33;0;0.0;0.0;0.0;9.0;A01
29313;201500019522;0;7;0;0.0;1.0;3.0;1.0;A01
29314;201500019524;0;7;0;0.0;1.0;1.0;15.0;B01
29315;201500019525;0;7;0;0.0;2.0;1.0;1.0;A01
29316;201500019525;0;1;0;0.0;2.0;4.0;1.0;B01
29317;201500019526;0;7;0;0.0;1.0;6.0;1.0;A01
29318;201500019527;0;7;0;0.0;2.0;4.0;1.0;B01
29319;201500019527;0;7;0;0.0;2.0;1.0;1.0;A01
29320;201500019528;0;7;0;1.0;0.0;1.0;20.0;A01
29321;201500019529;0;7;0;0.0;2.0;2.0;0.0;B01
29322;201500019529;0;7;0;0.0;2.0;3.0;19.0;A01
29323;201500019530;0;7;0;0.0;2.0;1.0;1.0;A01
29324;201500019530;0;7;0;0.0;2.0;4.0;1.0;B01
29325;201500019531;0;30;0;0.0;2.0;1.0;1.0;A01
29326;201500019531;0;7;0;0.0;2.0;2.0;16.0;B01
29327;201500019532;0;7;0;0.0;1.0;1.0;0.0;A01
29328;201500019533;0;7;0;0.0;2.0;3.0;22.0;A01
29329;201500019533;0;1;0;0.0;2.0;1.0;1.0;B01
29330;201500019536;0;7;0;0.0;2.0;1.0;1.0;A01
29331;201500019536;0;7;0;0.0;2.0;4.0;1.0;B01
29332;201500019536;0;7;0;0.0;2.0;4.0;1.0;C01
29333;201500019537;1;1;0;0.0;1.0;0.0;0.0;Z01
29334;201500019538;0;30;0;0.0;2.0;1.0;1.0;A01
29335;201500019538;0;7;0;0.0;2.0;1.0;1.0;B01
29336;201500019539;0;7;0;0.0;2.0;2.0;1.0;B01
29337;201500019539;0;7;0;0.0;2.0;1.0;15.0;A01
29338;201500019540;0;2;0;0.0;2.0;0.0;0.0;A01
29339;201500019540;0;30;0;0.0;2.0;0.0;0.0;B01
29340;201500019541;0;7;0;0.0;2.0;1.0;1.0;A01
29341;201500019541;0;7;0;0.0;2.0;8.0;15.0;B01
29342;201500019543;0;2;0;12.0;0.0;0.0;0.0;A01
29343;201500019544;0;7;0;0.0;1.0;1.0;1.0;A01
29344;201500019546;0;7;0;0.0;2.0;1.0;1.0;A01
29345;201500019546;0;7;0;0.0;2.0;4.0;15.0;B01
29346;201500019547;1;7;0;0.0;1.0;0.0;0.0;A01
29347;201500019548;0;2;0;0.0;2.0;8.0;1.0;B01
29348;201500019548;0;10;0;0.0;2.0;2.0;15.0;A01
29349;201500019549;0;1;0;0.0;2.0;1.0;1.0;A01
29350;201500019549;0;7;0;0.0;2.0;4.0;1.0;B01
29351;201500019550;0;7;0;0.0;2.0;1.0;1.0;A01
29352;201500019550;0;7;0;0.0;2.0;4.0;1.0;B01
29353;201500019551;0;7;0;0.0;2.0;1.0;1.0;A01
29354;201500019551;0;33;0;0.0;2.0;7.0;1.0;B01
29355;201500019552;0;7;0;0.0;1.0;1.0;0.0;A01
29356;201500019553;0;7;0;0.0;2.0;4.0;1.0;B01
29357;201500019553;0;7;0;0.0;2.0;1.0;1.0;A01
29358;201500019554;0;7;0;0.0;1.0;1.0;1.0;A01
29359;201500019555;0;33;0;0.0;2.0;1.0;1.0;A01
29360;201500019555;0;7;0;0.0;2.0;1.0;1.0;B01
29361;201500019557;0;7;0;0.0;2.0;4.0;2.0;B01
29362;201500019557;0;3;0;0.0;2.0;1.0;2.0;A01
29363;201500019558;0;7;0;6.0;0.0;1.0;1.0;A01
29364;201500019559;0;7;0;8.0;0.0;1.0;1.0;A01
29365;201500019560;0;7;0;0.0;2.0;1.0;1.0;A01
29366;201500019560;0;7;0;0.0;2.0;7.0;1.0;B01
29367;201500019561;0;7;0;0.0;2.0;6.0;15.0;B01
29368;201500019561;0;33;0;0.0;2.0;1.0;2.0;A01
29369;201500019562;0;7;0;0.0;9.0;1.0;17.0;A01
29370;201500019562;0;1;0;0.0;2.0;8.0;1.0;B01
29371;201500019563;0;7;0;0.0;2.0;4.0;2.0;B01
29372;201500019563;0;2;0;0.0;2.0;1.0;2.0;A01
29373;201500019564;0;33;0;5.0;0.0;7.0;1.0;A01
29374;201500019565;0;7;0;0.0;2.0;8.0;1.0;B01
29375;201500019565;0;7;0;0.0;2.0;1.0;13.0;A01
29376;201500019566;0;7;0;0.0;2.0;1.0;1.0;B01
29377;201500019566;0;30;0;0.0;2.0;1.0;15.0;A01
29378;201500019567;0;7;0;0.0;2.0;1.0;19.0;A01
29379;201500019567;0;30;0;0.0;2.0;2.0;15.0;B01
29380;201500019568;0;7;0;0.0;2.0;8.0;15.0;B01
29381;201500019568;0;32;0;0.0;2.0;1.0;17.0;A01
29382;201500019569;0;33;0;0.0;2.0;8.0;17.0;A01
29383;201500019569;0;1;0;0.0;2.0;1.0;19.0;B01
29384;201500019570;0;33;0;15.0;0.0;2.0;1.0;A01
29385;201500019571;0;1;0;0.0;2.0;1.0;0.0;B01
29386;201500019571;0;1;0;0.0;2.0;1.0;1.0;A01
29387;201500019572;0;33;0;0.0;0.0;7.0;1.0;A01
29388;201500019573;1;14;0;0.0;0.0;0.0;0.0;Z01
29389;201500019573;0;1;0;0.0;2.0;0.0;9.0;B01
29390;201500019575;0;7;0;0.0;2.0;2.0;16.0;A01
29391;201500019575;0;1;0;0.0;2.0;1.0;1.0;B01
29392;201500019577;0;7;0;0.0;2.0;1.0;1.0;B01
29393;201500019577;0;7;0;3.0;2.0;8.0;1.0;A01
29394;201500019579;0;7;0;2.0;0.0;1.0;1.0;A01
29395;201500019580;0;7;0;0.0;1.0;4.0;4.0;A01
29396;201500019582;0;7;0;0.0;2.0;1.0;1.0;A01
29397;201500019582;0;1;0;0.0;0.0;4.0;1.0;B01
29398;201500019583;0;7;0;0.0;2.0;3.0;15.0;B01
29399;201500019583;0;30;0;0.0;2.0;1.0;17.0;A01
29400;201500019584;0;7;0;0.0;2.0;2.0;1.0;B01
29401;201500019584;0;7;0;0.0;2.0;1.0;1.0;A01
29402;201500019585;0;7;0;0.0;2.0;2.0;9.0;A01
29403;201500019585;0;32;0;0.0;2.0;1.0;1.0;B01
29404;201500019586;0;30;0;12.0;0.0;0.0;1.0;A01
29405;201500019587;0;32;0;0.0;0.0;7.0;1.0;A01
29406;201500019588;0;7;0;0.0;2.0;0.0;1.0;A01
29407;201500019590;0;2;0;0.0;2.0;1.0;1.0;B01
29408;201500019590;0;7;0;0.0;2.0;7.0;15.0;A01
29409;201500019591;0;7;0;0.0;2.0;8.0;15.0;B01
29410;201500019591;0;33;0;0.0;2.0;8.0;2.0;A01
29411;201500019592;0;7;0;0.0;2.0;3.0;1.0;B01
29412;201500019592;0;30;0;0.0;2.0;7.0;17.0;A01
29413;201500019593;0;1;0;0.0;1.0;1.0;1.0;A01
29414;201500019594;0;2;0;7.0;0.0;0.0;0.0;A01
29415;201500019595;0;2;0;0.0;0.0;1.0;1.0;A01
29416;201500019596;0;7;0;0.0;0.0;0.0;0.0;A01
29417;201500019597;0;1;0;0.0;2.0;1.0;1.0;A01
29418;201500019597;0;37;4;0.0;2.0;4.0;1.0;B01
29419;201500019598;0;30;0;0.0;2.0;1.0;1.0;A01
29420;201500019598;0;10;0;0.0;2.0;4.0;1.0;B01
29421;201500019599;0;1;0;0.0;2.0;1.0;1.0;A01
29422;201500019599;0;7;0;0.0;2.0;0.0;1.0;B01
29423;201500019600;0;7;0;1.0;0.0;1.0;14.0;A01
29424;201500019600;0;7;0;0.0;2.0;4.0;24.0;B01
29425;201500019601;0;30;0;0.0;2.0;1.0;1.0;A01
29426;201500019601;0;7;0;0.0;2.0;4.0;1.0;B01
29427;201500019602;0;7;0;0.0;2.0;1.0;1.0;B01
29428;201500019602;0;30;0;0.0;2.0;7.0;1.0;A01
29429;201500019603;0;7;0;0.0;2.0;1.0;1.0;A01
29430;201500019603;0;7;0;0.0;2.0;5.0;4.0;B01
29431;201500019605;0;34;0;0.0;1.0;1.0;1.0;A01
29432;201500019606;0;2;0;0.0;2.0;1.0;2.0;A01
29433;201500019606;0;7;0;0.0;2.0;4.0;2.0;B01
29434;201500019607;0;7;0;0.0;2.0;8.0;0.0;B01
29435;201500019607;0;7;0;0.0;2.0;1.0;0.0;A01
29436;201500019608;0;17;0;0.0;2.0;0.0;1.0;A01
29437;201500019608;0;7;0;0.0;2.0;3.0;1.0;C03
29438;201500019610;0;15;0;3.0;0.0;1.0;1.0;A01
29439;201500019611;0;33;0;0.0;0.0;2.0;1.0;A01
29440;201500019612;0;7;0;4.0;0.0;1.0;1.0;A01
29441;201500019613;0;17;0;0.0;2.0;3.0;1.0;B02
29442;201500019613;0;7;0;0.0;2.0;4.0;1.0;A01
29443;201500019614;0;15;0;0.0;0.0;8.0;0.0;A01
29444;201500019615;0;7;0;13.0;0.0;1.0;1.0;A01
29445;201500019616;0;7;0;4.0;0.0;1.0;1.0;A01
29446;201500019617;0;7;0;0.0;2.0;1.0;1.0;A01
29447;201500019617;0;30;0;0.0;2.0;1.0;19.0;B01
29448;201500019618;0;7;0;0.0;2.0;1.0;1.0;A01
29449;201500019618;0;7;0;0.0;2.0;4.0;23.0;B01
29450;201500019618;0;7;0;0.0;2.0;1.0;1.0;C01
29451;201500019619;0;7;0;0.0;1.0;0.0;0.0;A01
29452;201500019620;0;7;0;0.0;0.0;8.0;1.0;A01
29453;201500019621;0;7;0;0.0;0.0;0.0;21.0;B01
29454;201500019621;0;10;0;0.0;2.0;7.0;1.0;A01
29455;201500019622;0;33;0;0.0;2.0;1.0;2.0;A01
29456;201500019622;0;7;0;0.0;0.0;0.0;0.0;B01
29457;201500019623;0;7;0;0.0;0.0;4.0;17.0;B01
29458;201500019623;0;7;0;0.0;2.0;1.0;1.0;A01
29459;201500019624;0;7;0;0.0;2.0;1.0;2.0;A01
29460;201500019624;0;7;0;0.0;0.0;0.0;0.0;B01
29461;201500019626;0;7;0;0.0;2.0;7.0;17.0;B01
29462;201500019626;0;7;0;0.0;2.0;1.0;1.0;A01
29463;201500019627;0;7;0;0.0;1.0;1.0;1.0;A01
29464;201500019630;0;7;0;0.0;0.0;1.0;0.0;A01
29465;201500019630;0;1;0;0.0;0.0;0.0;0.0;B01
29466;201500019631;0;7;0;7.0;0.0;1.0;1.0;A01
29467;201500019632;0;7;0;0.0;2.0;3.0;19.0;A01
29468;201500019632;0;30;0;0.0;0.0;0.0;1.0;B01
29469;201500019633;0;7;0;0.0;2.0;3.0;1.0;A01
29470;201500019633;0;7;0;0.0;2.0;2.0;1.0;B01
29471;201500019635;0;7;0;0.0;2.0;1.0;9.0;A01
29472;201500019635;0;1;0;0.0;2.0;1.0;1.0;B01
29473;201500019636;0;7;0;0.0;1.0;1.0;1.0;A01
29474;201500019637;1;99;0;0.0;2.0;2.0;0.0;Z01
29475;201500019637;0;32;0;0.0;2.0;7.0;1.0;A01
29476;201500019638;0;7;0;0.0;0.0;0.0;14.0;A01
29477;201500019639;1;99;0;0.0;1.0;2.0;0.0;Z01
29478;201500019640;0;7;0;1.0;0.0;1.0;14.0;A01
29479;201500019641;0;7;0;0.0;0.0;0.0;0.0;B01
29480;201500019641;0;7;0;0.0;0.0;0.0;0.0;A01
29481;201500019642;0;7;0;0.0;1.0;0.0;0.0;A01
29482;201500019643;0;7;0;0.0;2.0;1.0;0.0;A01
29483;201500019643;0;1;0;0.0;0.0;0.0;0.0;B01
29484;201500019644;0;1;0;0.0;2.0;1.0;1.0;B01
29485;201500019644;0;7;0;0.0;0.0;4.0;23.0;A01
29486;201500019645;0;15;0;0.0;9.0;7.0;2.0;A01
29487;201500019645;0;1;0;0.0;2.0;8.0;1.0;B01
29488;201500019646;0;7;0;0.0;2.0;8.0;1.0;A01
29489;201500019646;0;7;0;0.0;2.0;1.0;1.0;B01
29490;201500019647;0;7;0;0.0;2.0;1.0;9.0;A01
29491;201500019647;0;1;0;0.0;0.0;1.0;1.0;B01
29492;201500019648;0;7;0;0.0;2.0;1.0;9.0;A01
29493;201500019648;0;7;0;0.0;0.0;2.0;1.0;B01
29494;201500019649;0;2;0;0.0;2.0;4.0;1.0;A01
29495;201500019649;0;7;0;0.0;2.0;1.0;1.0;B01
29496;201500019650;0;7;0;0.0;0.0;4.0;1.0;B01
29497;201500019650;0;7;0;0.0;2.0;1.0;1.0;A01
29498;201500019651;0;33;0;0.0;2.0;1.0;1.0;B01
29499;201500019651;0;7;0;0.0;2.0;1.0;9.0;A01
29500;201500019653;0;1;0;0.0;0.0;1.0;1.0;B01
29501;201500019653;0;7;0;0.0;2.0;3.0;9.0;A01
29502;201500019654;0;7;0;0.0;2.0;0.0;1.0;B01
29503;201500019654;0;7;0;0.0;2.0;0.0;9.0;A01
29504;201500019655;0;3;0;0.0;0.0;0.0;14.0;A01
29505;201500019656;0;7;0;0.0;0.0;4.0;0.0;B01
29506;201500019656;0;7;0;0.0;0.0;1.0;0.0;A01
29507;201500019657;1;7;0;0.0;0.0;1.0;0.0;A01
29508;201500019657;0;2;0;0.0;0.0;2.0;0.0;B01
29509;201500019658;0;7;0;0.0;0.0;1.0;2.0;A01
29510;201500019658;0;7;0;0.0;0.0;4.0;2.0;B01
29511;201500019659;0;1;0;0.0;2.0;4.0;9.0;B01
29512;201500019659;0;7;0;0.0;2.0;1.0;1.0;A01
29513;201500019661;0;7;0;0.0;2.0;1.0;9.0;A01
29514;201500019661;0;7;0;0.0;0.0;7.0;1.0;B01
29515;201500019662;0;7;0;0.0;0.0;4.0;1.0;B01
29516;201500019662;0;7;0;0.0;0.0;1.0;1.0;A01
29517;201500019663;0;7;0;0.0;1.0;1.0;1.0;A01
29518;201500019664;0;7;0;0.0;0.0;2.0;20.0;B01
29519;201500019664;0;2;0;0.0;2.0;1.0;18.0;A01
29520;201500019666;0;30;0;0.0;0.0;1.0;16.0;B01
29521;201500019666;0;7;0;0.0;2.0;1.0;1.0;A01
29522;201500019667;0;7;0;0.0;0.0;4.0;2.0;A01
29523;201500019667;0;7;0;0.0;2.0;1.0;2.0;B01
29524;201500019668;0;7;0;0.0;1.0;4.0;4.0;A01
29525;201500019669;1;7;0;0.0;1.0;0.0;0.0;A01
29526;201500019670;0;2;0;0.0;2.0;0.0;0.0;A01
29527;201500019670;0;7;0;0.0;0.0;4.0;15.0;B01
29528;201500019671;0;2;0;0.0;2.0;1.0;2.0;A01
29529;201500019671;0;7;0;0.0;0.0;0.0;23.0;B01
29530;201500019672;0;30;0;0.0;0.0;0.0;0.0;B01
29531;201500019672;0;7;0;0.0;2.0;5.0;15.0;A01
29532;201500019673;0;7;0;0.0;2.0;1.0;2.0;A01
29533;201500019673;0;7;0;0.0;0.0;4.0;1.0;B01
29534;201500019674;0;7;0;0.0;0.0;0.0;0.0;B01
29535;201500019674;0;1;0;0.0;0.0;0.0;0.0;A01
29536;201500019675;0;7;0;0.0;1.0;0.0;0.0;A01
29537;201500019676;0;7;0;10.0;0.0;1.0;6.0;A01
29538;201500019677;0;7;0;0.0;0.0;1.0;2.0;A01
29539;201500019677;0;7;0;0.0;0.0;4.0;2.0;B01
29540;201500019678;0;2;0;0.0;0.0;0.0;0.0;A01
29541;201500019678;0;7;0;0.0;0.0;0.0;0.0;B01
29542;201500019679;0;7;0;0.0;2.0;2.0;10.0;A01
29543;201500019679;0;7;0;0.0;2.0;1.0;2.0;B01
29544;201500019679;0;7;0;0.0;2.0;1.0;0.0;C01
29545;201500019680;0;7;0;0.0;2.0;1.0;15.0;A01
29546;201500019680;0;2;0;0.0;2.0;1.0;0.0;B01
29547;201500019681;0;10;0;0.0;2.0;5.0;2.0;A01
29548;201500019681;0;7;0;0.0;2.0;0.0;0.0;B01
29549;201500019682;0;10;0;4.0;0.0;3.0;21.0;A01
29550;201500019683;0;7;0;13.0;0.0;1.0;1.0;A01
29551;201500019684;0;15;0;0.0;2.0;2.0;14.0;A01
29552;201500019684;0;15;0;;2.0;4.0;24.0;C02
29553;201500019684;0;15;0;;2.0;6.0;24.0;B02
29554;201500019685;0;17;0;3.0;0.0;2.0;1.0;A01
29555;201500019686;0;15;0;11.0;0.0;1.0;14.0;A01
29556;201500019687;0;10;0;0.0;2.0;3.0;10.0;A01
29557;201500019687;0;33;0;0.0;2.0;1.0;17.0;B02
29558;201500019688;0;33;0;0.0;2.0;1.0;5.0;B02
29559;201500019688;0;7;0;0.0;2.0;8.0;15.0;A01
29560;201500019689;0;10;0;0.0;0.0;5.0;16.0;B02
29561;201500019689;0;33;0;0.0;2.0;1.0;1.0;A01
29562;201500019690;0;7;0;0.0;2.0;0.0;;A01
29563;201500019690;0;7;0;0.0;2.0;2.0;0.0;B02
29564;201500019691;0;7;0;0.0;2.0;8.0;11.0;A01
29565;201500019691;0;33;0;0.0;2.0;1.0;17.0;B02
29566;201500019692;0;33;0;0.0;2.0;1.0;17.0;A01
29567;201500019692;0;10;0;0.0;2.0;3.0;15.0;B02
29568;201500019693;0;31;0;13.0;0.0;9.0;1.0;A01
29569;201500019694;0;7;0;0.0;2.0;1.0;5.0;A01
29570;201500019694;0;14;0;0.0;2.0;1.0;0.0;B02
29571;201500019695;0;7;0;0.0;1.0;2.0;15.0;A01
29572;201500019696;0;7;0;0.0;2.0;3.0;19.0;A01
29573;201500019696;0;33;0;0.0;2.0;1.0;1.0;B02
29574;201500019697;0;30;0;0.0;2.0;1.0;17.0;A01
29575;201500019697;0;7;0;0.0;2.0;6.0;17.0;B02
29576;201500019698;0;7;0;0.0;1.0;7.0;1.0;A01
29577;201500019699;0;7;0;0.0;2.0;3.0;1.0;B02
29578;201500019699;0;7;0;0.0;2.0;3.0;15.0;A01
29579;201500019699;0;7;0;0.0;2.0;8.0;1.0;C03
29580;201500019700;0;7;0;0.0;1.0;1.0;1.0;A01
29581;201500019701;0;7;0;2.0;0.0;3.0;1.0;A01
29582;201500019702;0;7;0;0.0;2.0;2.0;16.0;B02
29583;201500019702;0;7;0;0.0;2.0;3.0;18.0;A01
29584;201500019703;0;10;0;0.0;2.0;7.0;1.0;A01
29585;201500019703;0;1;0;0.0;2.0;6.0;1.0;B02
29586;201500019705;0;1;0;0.0;2.0;8.0;9.0;B02
29587;201500019705;0;7;0;0.0;2.0;2.0;1.0;A01
29588;201500019706;0;1;0;0.0;2.0;1.0;19.0;B02
29589;201500019706;0;7;0;0.0;2.0;2.0;1.0;A01
29590;201500019707;0;7;0;5.0;0.0;1.0;17.0;A01
29591;201500019708;0;31;0;0.0;0.0;0.0;1.0;A01
29592;201500019709;0;7;0;0.0;2.0;1.0;17.0;A01
29593;201500019709;0;7;0;0.0;2.0;8.0;15.0;B02
29594;201500019710;0;7;0;0.0;2.0;3.0;1.0;A01
29595;201500019710;0;7;0;0.0;2.0;3.0;1.0;B02
29596;201500019711;0;7;0;0.0;2.0;1.0;13.0;A01
29597;201500019711;0;7;0;13.0;2.0;1.0;1.0;B02
29598;201500019712;0;7;0;0.0;2.0;1.0;13.0;A01
29599;201500019712;0;10;0;0.0;2.0;3.0;1.0;B02
29600;201500019713;0;7;0;2.0;0.0;2.0;2.0;A01
29601;201500019714;0;2;0;0.0;2.0;8.0;15.0;B02
29602;201500019714;0;10;0;0.0;2.0;1.0;1.0;A01
29603;201500019715;0;7;0;0.0;2.0;6.0;16.0;B02
29604;201500019715;0;10;0;3.0;2.0;2.0;0.0;A01
29605;201500019716;0;31;0;13.0;0.0;0.0;1.0;A01
29606;201500019717;0;7;0;0.0;2.0;3.0;13.0;A01
29607;201500019717;0;7;0;0.0;2.0;3.0;1.0;B02
29608;201500019718;0;7;0;0.0;2.0;2.0;1.0;A01
29609;201500019718;0;1;0;0.0;2.0;8.0;19.0;B02
29610;201500019719;0;7;0;0.0;2.0;3.0;1.0;A01
29611;201500019719;0;7;0;0.0;2.0;3.0;1.0;B02
29612;201500019720;0;10;0;0.0;2.0;2.0;17.0;B02
29613;201500019720;0;7;0;0.0;2.0;5.0;16.0;A01