;Num_Acc;senc;catv;occutc;obs;obsm;choc;manv;num_veh
30454;201500020286;0;2;0;0.0;2.0;1.0;1.0;A01
30455;201500020286;0;7;0;0.0;2.0;7.0;1.0;B01
30456;201500020287;0;7;0;0.0;1.0;1.0;1.0;A01
30457;201500020288;0;7;0;0.0;1.0;1.0;1.0;A01
30458;201500020289;0;33;0;0.0;2.0;0.0;0.0;B01
30459;201500020289;0;7;0;0.0;2.0;0.0;0.0;A01
30460;201500020290;0;33;0;0.0;2.0;1.0;1.0;A01
30461;201500020290;0;7;0;0.0;2.0;0.0;0.0;B01
30462;201500020291;0;37;0;0.0;2.0;2.0;15.0;A01
30463;201500020291;0;32;0;0.0;2.0;1.0;1.0;B01
30464;201500020292;0;1;0;0.0;0.0;0.0;0.0;A01
30465;201500020293;0;33;0;0.0;1.0;1.0;1.0;A01
30466;201500020294;0;7;0;0.0;2.0;0.0;0.0;A01
30467;201500020294;0;1;0;0.0;0.0;0.0;0.0;B01
30468;201500020296;0;7;0;0.0;2.0;3.0;1.0;B01
30469;201500020296;0;30;0;0.0;2.0;2.0;1.0;A01
30470;201500020297;0;37;10;0.0;1.0;0.0;0.0;A01
30471;201500020298;0;7;0;0.0;2.0;0.0;0.0;A01
30472;201500020298;0;30;0;0.0;2.0;0.0;0.0;B01
30473;201500020299;0;7;0;0.0;2.0;8.0;1.0;B01
30474;201500020299;0;2;0;0.0;2.0;1.0;1.0;A01
30475;201500020300;0;7;0;0.0;2.0;3.0;15.0;A01
30476;201500020300;0;33;0;0.0;2.0;1.0;1.0;B01
30477;201500020301;0;33;0;11.0;2.0;2.0;1.0;A01
30478;201500020301;0;1;0;0.0;2.0;6.0;13.0;B01
30479;201500020302;0;7;0;0.0;2.0;1.0;1.0;A01
30480;201500020302;0;1;0;0.0;2.0;0.0;0.0;B01
30481;201500020303;0;2;0;0.0;2.0;1.0;1.0;A01
30482;201500020303;0;7;0;0.0;2.0;6.0;1.0;B01
30483;201500020304;0;7;0;0.0;2.0;1.0;0.0;A01
30484;201500020304;0;7;0;0.0;2.0;6.0;0.0;B01
30485;201500020304;0;7;0;0.0;2.0;1.0;0.0;C01
30486;201500020305;0;7;0;6.0;0.0;1.0;0.0;A01
30487;201500020306;0;7;0;0.0;1.0;1.0;1.0;A01
30488;201500020307;0;7;0;0.0;1.0;1.0;1.0;A01
30489;201500020308;1;99;0;0.0;1.0;0.0;0.0;Z01
30490;201500020309;0;33;0;0.0;0.0;0.0;0.0;B01
30491;201500020309;0;33;0;0.0;2.0;0.0;0.0;A01
30492;201500020310;2;7;0;6.0;0.0;1.0;0.0;A01
30493;201500020311;0;7;0;0.0;2.0;7.0;23.0;C01
30494;201500020311;2;7;0;0.0;2.0;1.0;1.0;A01
30495;201500020311;0;7;0;0.0;2.0;4.0;23.0;B01
30496;201500020312;0;7;0;0.0;1.0;2.0;0.0;A01
30497;201500020313;0;7;0;0.0;2.0;0.0;0.0;B01
30498;201500020313;0;30;0;0.0;2.0;2.0;0.0;A01
30499;201500020314;0;33;0;6.0;2.0;0.0;0.0;A01
30500;201500020314;0;7;0;0.0;2.0;0.0;0.0;B01
30501;201500020315;0;31;0;0.0;2.0;7.0;1.0;B01
30502;201500020315;1;7;0;0.0;2.0;1.0;1.0;Z01
30503;201500020316;0;7;0;0.0;0.0;7.0;1.0;A01
30504;201500020316;0;1;0;0.0;2.0;8.0;0.0;B01
30505;201500020317;0;2;0;0.0;2.0;1.0;15.0;A01
30506;201500020317;0;7;0;0.0;2.0;3.0;1.0;B01
30507;201500020318;1;7;0;0.0;1.0;0.0;0.0;A01
30508;201500020319;0;33;0;0.0;2.0;0.0;0.0;B01
30509;201500020319;0;7;0;0.0;2.0;1.0;15.0;A01
30510;201500020320;0;7;0;0.0;2.0;1.0;1.0;A01
30511;201500020320;0;7;0;3.0;2.0;8.0;13.0;B01
30512;201500020321;0;7;0;11.0;1.0;2.0;1.0;A01
30513;201500020324;0;7;0;0.0;0.0;8.0;19.0;A01
30514;201500020324;0;7;0;0.0;0.0;1.0;1.0;B02
30515;201500020325;0;7;0;0.0;2.0;3.0;0.0;B02
30516;201500020325;0;7;0;0.0;2.0;3.0;0.0;A01
30517;201500020326;0;33;0;13.0;0.0;7.0;14.0;A01
30518;201500020327;0;7;0;13.0;6.0;1.0;21.0;A01
30519;201500020328;0;31;0;0.0;2.0;6.0;15.0;B02
30520;201500020328;0;33;0;0.0;2.0;1.0;1.0;A01
30521;201500020330;0;36;0;6.0;0.0;1.0;1.0;A01
30522;201500020331;0;7;0;0.0;0.0;2.0;1.0;A01
30523;201500020331;0;7;0;0.0;0.0;3.0;1.0;B02
30524;201500020334;0;3;0;0.0;2.0;1.0;2.0;A01
30525;201500020334;0;7;0;0.0;0.0;4.0;2.0;B01
30526;201500020335;0;14;0;13.0;0.0;1.0;1.0;A01
30527;201500020337;0;7;0;0.0;0.0;2.0;14.0;A01
30528;201500020338;0;7;0;0.0;2.0;1.0;2.0;A01
30529;201500020338;0;7;0;0.0;2.0;4.0;2.0;B01
30530;201500020338;0;7;0;0.0;2.0;1.0;2.0;C01
30531;201500020339;0;33;0;0.0;0.0;1.0;0.0;A01
30532;201500020340;0;33;0;0.0;2.0;3.0;17.0;A01
30533;201500020340;0;7;0;0.0;0.0;3.0;15.0;B01
30534;201500020341;0;7;0;0.0;0.0;0.0;10.0;A01
30535;201500020341;0;7;0;13.0;0.0;0.0;21.0;B01
30536;201500020342;0;30;0;15.0;0.0;6.0;18.0;A01
30537;201500020343;0;7;0;0.0;2.0;8.0;1.0;A01
30538;201500020343;0;2;0;0.0;2.0;8.0;1.0;B01
30539;201500020344;0;7;0;8.0;0.0;2.0;15.0;A01
30540;201500020344;1;2;0;0.0;0.0;0.0;5.0;Z01
30541;201500020345;0;31;0;0.0;1.0;1.0;1.0;A01
30542;201500020346;0;38;1;0.0;2.0;1.0;1.0;A01
30543;201500020346;0;7;0;0.0;2.0;4.0;23.0;B01
30544;201500020347;0;10;0;0.0;2.0;5.0;2.0;A01
30545;201500020347;0;1;0;0.0;2.0;8.0;2.0;B01
30546;201500020348;0;7;0;0.0;0.0;9.0;0.0;A01
30547;201500020350;0;7;0;0.0;9.0;2.0;16.0;A01
30548;201500020350;0;1;0;0.0;2.0;1.0;19.0;B01
30549;201500020351;0;33;0;0.0;2.0;2.0;0.0;A01
30550;201500020351;0;7;0;0.0;0.0;6.0;0.0;B01
30551;201500020352;0;7;0;0.0;2.0;3.0;13.0;A01
30552;201500020352;0;7;0;0.0;2.0;8.0;1.0;B01
30553;201500020353;0;7;0;15.0;0.0;1.0;1.0;A01
30554;201500020354;0;7;0;0.0;2.0;2.0;1.0;A01
30555;201500020354;0;1;0;0.0;0.0;1.0;1.0;B01
30556;201500020355;0;7;0;0.0;2.0;7.0;15.0;A01
30557;201500020355;0;7;0;0.0;2.0;3.0;1.0;B01
30558;201500020356;0;10;0;0.0;0.0;1.0;15.0;A01
30559;201500020356;0;2;0;0.0;0.0;0.0;0.0;B01
30560;201500020357;0;1;0;0.0;0.0;0.0;0.0;A01
30561;201500020358;0;7;0;1.0;0.0;4.0;6.0;A01
30562;201500020359;0;7;0;0.0;1.0;2.0;1.0;A01
30563;201500020360;0;7;0;0.0;1.0;1.0;1.0;A01
30564;201500020361;0;7;0;0.0;1.0;1.0;1.0;A01
30565;201500020362;0;7;0;0.0;2.0;1.0;11.0;A01
30566;201500020362;0;7;0;0.0;2.0;1.0;1.0;B01
30567;201500020362;0;7;0;1.0;0.0;1.0;1.0;C01
30568;201500020363;0;7;0;13.0;0.0;0.0;1.0;A01
30569;201500020364;0;7;0;0.0;2.0;7.0;15.0;A01
30570;201500020364;0;30;0;0.0;2.0;0.0;0.0;B01
30571;201500020366;0;7;0;13.0;0.0;7.0;14.0;A01
30572;201500020367;0;7;0;0.0;1.0;2.0;1.0;A01
30573;201500020368;0;10;0;0.0;2.0;7.0;0.0;B01
30574;201500020368;0;7;0;0.0;2.0;2.0;1.0;A01
30575;201500020369;0;7;0;7.0;0.0;1.0;14.0;A01
30576;201500020370;0;7;0;3.0;2.0;1.0;14.0;A01
30577;201500020370;0;7;0;0.0;2.0;7.0;0.0;B01
30578;201500020371;0;7;0;0.0;1.0;7.0;1.0;A01
30579;201500020372;0;7;0;0.0;2.0;7.0;9.0;A01
30580;201500020372;0;1;0;0.0;2.0;8.0;9.0;B01
30581;201500020373;0;7;0;0.0;1.0;1.0;1.0;A01
30582;201500020374;0;7;0;6.0;0.0;1.0;0.0;B01
30583;201500020374;1;7;0;0.0;0.0;0.0;0.0;Z01
30584;201500020375;0;33;0;0.0;0.0;1.0;1.0;A01
30585;201500020376;0;7;0;0.0;2.0;5.0;15.0;A01
30586;201500020376;0;2;0;0.0;2.0;2.0;1.0;B01
30587;201500020377;0;7;0;0.0;2.0;3.0;16.0;A01
30588;201500020377;0;1;0;0.0;2.0;1.0;19.0;B01
30589;201500020378;0;7;0;0.0;1.0;4.0;20.0;A01
30590;201500020379;0;7;0;0.0;2.0;3.0;9.0;A01
30591;201500020379;0;2;0;0.0;2.0;1.0;17.0;B01
30592;201500020380;0;10;0;0.0;2.0;3.0;9.0;A01
30593;201500020380;0;7;0;0.0;2.0;7.0;1.0;B01
30594;201500020381;0;7;0;0.0;1.0;2.0;1.0;A01
30595;201500020382;0;7;0;0.0;2.0;1.0;9.0;B01
30596;201500020382;0;7;0;0.0;2.0;1.0;15.0;A01
30597;201500020383;0;2;0;0.0;2.0;1.0;1.0;A01
30598;201500020383;0;7;0;0.0;0.0;4.0;15.0;B01
30599;201500020384;0;7;0;0.0;2.0;1.0;1.0;A01
30600;201500020384;0;7;0;0.0;0.0;4.0;1.0;B01
30601;201500020385;0;7;0;0.0;1.0;6.0;4.0;A01
30602;201500020386;0;7;0;0.0;2.0;8.0;10.0;A01
30603;201500020386;0;33;0;0.0;2.0;1.0;1.0;B01
30604;201500020387;0;7;0;0.0;1.0;2.0;1.0;A01
30605;201500020388;0;33;0;3.0;0.0;0.0;1.0;A01
30606;201500020389;0;7;0;0.0;0.0;3.0;13.0;A01
30607;201500020389;0;17;0;0.0;2.0;3.0;1.0;B01
30608;201500020390;0;7;0;0.0;2.0;1.0;2.0;A01
30609;201500020390;0;7;0;0.0;2.0;4.0;2.0;B01
30610;201500020391;0;7;0;0.0;2.0;2.0;1.0;A01
30611;201500020391;0;7;0;0.0;2.0;2.0;1.0;B01
30612;201500020392;0;7;0;0.0;0.0;0.0;0.0;A01
30613;201500020393;0;7;0;0.0;2.0;4.0;2.0;A01
30614;201500020393;0;7;0;0.0;2.0;4.0;2.0;B01
30615;201500020393;0;7;0;0.0;2.0;3.0;0.0;C01
30616;201500020393;0;7;0;0.0;0.0;0.0;0.0;D01
30617;201500020394;0;7;0;0.0;2.0;1.0;13.0;A01
30618;201500020394;0;7;0;12.0;2.0;8.0;1.0;B01
30619;201500020395;0;2;0;1.0;0.0;2.0;14.0;A01
30620;201500020396;0;7;0;0.0;1.0;3.0;0.0;A01
30621;201500020397;0;32;0;0.0;2.0;7.0;1.0;B01
30622;201500020397;1;7;0;0.0;2.0;0.0;0.0;Z01
30623;201500020398;0;7;0;0.0;2.0;5.0;1.0;B01
30624;201500020398;0;7;0;0.0;2.0;2.0;0.0;A01
30625;201500020399;0;33;0;0.0;2.0;0.0;0.0;B01
30626;201500020399;0;2;0;0.0;2.0;0.0;0.0;A01
30627;201500020400;0;7;0;11.0;0.0;1.0;0.0;A01
30628;201500020401;0;7;0;1.0;2.0;1.0;1.0;A01
30629;201500020401;0;7;0;0.0;0.0;4.0;23.0;B01
30630;201500020402;0;30;0;0.0;2.0;8.0;1.0;A01
30631;201500020402;0;7;0;0.0;2.0;7.0;17.0;B01
30632;201500020403;0;7;0;4.0;0.0;0.0;0.0;A01
30633;201500020404;0;2;0;0.0;2.0;1.0;1.0;A01
30634;201500020404;0;7;0;0.0;0.0;5.0;0.0;B01
30635;201500020405;0;7;0;0.0;2.0;3.0;2.0;A01
30636;201500020405;0;7;0;0.0;2.0;5.0;2.0;B01
30637;201500020406;0;37;41;0.0;2.0;2.0;1.0;A01
30638;201500020406;0;7;0;0.0;2.0;3.0;15.0;B01
30639;201500020407;0;3;0;1.0;0.0;2.0;14.0;A01
30640;201500020408;0;7;0;8.0;2.0;3.0;1.0;B01
30641;201500020408;0;7;0;0.0;2.0;1.0;1.0;A01
30642;201500020409;0;7;0;0.0;2.0;1.0;15.0;A01
30643;201500020409;0;33;0;0.0;2.0;8.0;1.0;B01
30644;201500020410;0;1;0;15.0;0.0;0.0;1.0;A01
30645;201500020411;0;7;0;16.0;2.0;1.0;19.0;A01
30646;201500020411;0;7;0;0.0;2.0;3.0;1.0;B01
30647;201500020412;0;7;0;0.0;2.0;1.0;13.0;A01
30648;201500020412;0;7;0;0.0;2.0;1.0;1.0;B01
30649;201500020413;0;33;0;0.0;2.0;5.0;1.0;B01
30650;201500020413;0;30;0;0.0;2.0;1.0;16.0;A01
30651;201500020414;0;7;0;0.0;2.0;4.0;2.0;A01
30652;201500020414;0;7;0;0.0;2.0;1.0;2.0;B01
30653;201500020414;0;7;0;0.0;2.0;1.0;2.0;C01
30654;201500020414;0;7;0;0.0;2.0;1.0;2.0;D01
30655;201500020414;0;7;0;0.0;2.0;1.0;2.0;E01
30656;201500020414;0;7;0;0.0;2.0;1.0;2.0;F02
30657;201500020415;0;7;0;0.0;2.0;1.0;1.0;A01
30658;201500020415;0;7;0;0.0;0.0;4.0;1.0;B01
30659;201500020416;0;30;0;0.0;1.0;1.0;17.0;A01
30660;201500020417;0;7;0;0.0;2.0;3.0;0.0;A01
30661;201500020417;0;7;0;0.0;2.0;3.0;15.0;B01
30662;201500020418;0;7;0;3.0;0.0;1.0;0.0;A01
30663;201500020419;0;30;0;0.0;2.0;1.0;1.0;B01
30664;201500020419;0;7;0;0.0;2.0;8.0;9.0;A01
30665;201500020420;0;7;0;0.0;1.0;2.0;1.0;A01
30666;201500020421;0;7;0;2.0;0.0;0.0;1.0;A01
30667;201500020422;0;7;0;0.0;2.0;3.0;2.0;A01
30668;201500020422;0;7;0;14.0;0.0;3.0;2.0;B01
30669;201500020423;0;7;0;0.0;2.0;2.0;2.0;A01
30670;201500020423;0;7;0;0.0;2.0;6.0;1.0;B01
30671;201500020424;0;7;0;0.0;0.0;0.0;15.0;A01
30672;201500020424;0;33;0;0.0;0.0;0.0;1.0;B01
30673;201500020425;0;30;0;12.0;0.0;0.0;1.0;A01
30674;201500020426;1;10;0;0.0;2.0;0.0;14.0;A01
30675;201500020426;0;1;0;0.0;2.0;1.0;1.0;B01
30676;201500020427;0;7;0;6.0;0.0;1.0;16.0;A01
30677;201500020428;0;7;0;0.0;2.0;3.0;15.0;A01
30678;201500020428;0;7;0;0.0;2.0;3.0;1.0;B01
30679;201500020430;0;2;0;0.0;2.0;1.0;5.0;A01
30680;201500020430;0;7;0;0.0;2.0;3.0;1.0;B01
30681;201500020430;0;2;0;0.0;2.0;1.0;2.0;C01
30682;201500020430;0;2;0;0.0;2.0;1.0;2.0;D01
30683;201500020431;0;7;0;0.0;2.0;1.0;13.0;A01
30684;201500020431;0;7;0;0.0;2.0;1.0;1.0;B01
30685;201500020432;0;7;0;6.0;0.0;4.0;4.0;A01
30686;201500020433;0;30;0;0.0;0.0;1.0;1.0;A01
30687;201500020434;0;7;0;0.0;2.0;1.0;13.0;A01
30688;201500020434;0;10;0;0.0;2.0;3.0;1.0;B01
30689;201500020435;0;7;0;0.0;2.0;3.0;19.0;A01
30690;201500020435;0;37;3;0.0;2.0;3.0;1.0;B01
30691;201500020436;0;7;0;1.0;0.0;1.0;20.0;A01
30692;201500020436;0;7;0;0.0;2.0;1.0;0.0;B01
30693;201500020437;0;2;0;0.0;2.0;8.0;0.0;A01
30694;201500020438;0;7;0;3.0;0.0;1.0;1.0;A01
30695;201500020439;0;7;0;0.0;2.0;1.0;1.0;A01
30696;201500020439;0;1;0;0.0;2.0;7.0;15.0;B01
30697;201500020440;0;7;0;0.0;2.0;3.0;2.0;A01
30698;201500020440;0;7;0;0.0;2.0;3.0;2.0;B01
30699;201500020440;0;7;0;0.0;2.0;3.0;2.0;C01
30700;201500020441;0;7;0;0.0;2.0;4.0;2.0;A01
30701;201500020441;1;7;0;0.0;2.0;1.0;2.0;B01
30702;201500020442;0;7;0;0.0;2.0;3.0;0.0;A01
30703;201500020442;0;7;0;0.0;2.0;3.0;0.0;B01
30704;201500020442;0;7;0;1.0;0.0;0.0;0.0;C01
30705;201500020444;0;7;0;0.0;1.0;3.0;1.0;A01
30706;201500020445;0;30;0;0.0;2.0;1.0;17.0;A01
30707;201500020445;0;7;0;0.0;2.0;6.0;0.0;B01
30708;201500020445;0;7;0;0.0;2.0;3.0;1.0;C01
30709;201500020446;0;7;0;0.0;1.0;8.0;1.0;A01
30710;201500020447;0;1;0;0.0;1.0;1.0;1.0;A01
30711;201500020448;0;7;0;0.0;2.0;3.0;13.0;A01
30712;201500020448;0;7;0;0.0;2.0;3.0;1.0;B01
30713;201500020449;0;7;0;8.0;0.0;1.0;1.0;A01
30714;201500020450;0;7;0;0.0;1.0;7.0;1.0;A01
30715;201500020451;0;30;0;0.0;1.0;1.0;0.0;A01
30716;201500020452;0;7;0;3.0;0.0;3.0;14.0;A01
30717;201500020453;0;7;0;8.0;0.0;2.0;14.0;A01
30718;201500020454;0;7;0;0.0;2.0;3.0;1.0;A01
30719;201500020454;0;7;0;0.0;2.0;3.0;15.0;B01
30720;201500020454;0;7;0;0.0;2.0;3.0;0.0;C01
30721;201500020455;0;7;0;0.0;2.0;3.0;5.0;A01
30722;201500020455;0;7;0;0.0;2.0;3.0;1.0;B01
30723;201500020456;0;10;0;0.0;2.0;1.0;1.0;A01
30724;201500020456;0;7;0;0.0;2.0;4.0;1.0;B01
30725;201500020456;0;7;0;0.0;2.0;4.0;1.0;C01
30726;201500020457;0;7;0;16.0;0.0;8.0;0.0;A01
30727;201500020458;0;7;0;0.0;2.0;0.0;1.0;B01
30728;201500020458;0;7;0;0.0;2.0;8.0;15.0;A01
30729;201500020459;0;31;0;0.0;2.0;1.0;1.0;B01
30730;201500020459;0;7;0;0.0;2.0;3.0;9.0;A01
30731;201500020460;0;30;0;0.0;0.0;0.0;1.0;A01
30732;201500020461;0;7;0;0.0;2.0;3.0;0.0;A01
30733;201500020461;0;7;0;0.0;2.0;8.0;1.0;B01
30734;201500020462;0;7;0;0.0;1.0;3.0;20.0;A01
30735;201500020463;0;7;0;0.0;2.0;2.0;15.0;A01
30736;201500020463;0;30;0;0.0;2.0;3.0;16.0;B01
30737;201500020464;0;7;0;2.0;0.0;1.0;13.0;A01
30738;201500020465;0;10;0;0.0;2.0;7.0;16.0;A01
30739;201500020465;0;1;0;0.0;2.0;3.0;1.0;B01
30740;201500020466;0;10;0;0.0;1.0;4.0;4.0;A01
30741;201500020467;1;7;0;0.0;1.0;1.0;16.0;Z01
30742;201500020468;0;7;0;0.0;2.0;8.0;9.0;A01
30743;201500020468;0;7;0;0.0;2.0;1.0;1.0;B01
30744;201500020469;1;99;0;0.0;1.0;2.0;0.0;Z01
30745;201500020470;0;7;0;0.0;2.0;3.0;10.0;A01
30746;201500020470;0;2;0;0.0;2.0;1.0;1.0;B01
30747;201500020472;0;2;0;0.0;9.0;0.0;1.0;A01
30748;201500020473;0;7;0;15.0;0.0;1.0;1.0;A01
30749;201500020474;0;7;0;13.0;0.0;3.0;1.0;A01
30750;201500020475;0;7;0;0.0;1.0;2.0;1.0;A01
30751;201500020476;0;30;0;0.0;0.0;0.0;1.0;A01
30752;201500020477;0;2;0;16.0;0.0;0.0;1.0;A01
30753;201500020478;0;7;0;0.0;1.0;1.0;1.0;A01
30754;201500020479;0;7;0;13.0;0.0;7.0;1.0;A01
30755;201500020480;0;31;0;0.0;2.0;1.0;1.0;B01
30756;201500020480;0;7;0;0.0;0.0;6.0;9.0;A01
30757;201500020481;0;7;0;0.0;2.0;1.0;2.0;A01
30758;201500020481;0;37;1;0.0;2.0;5.0;2.0;B01
30759;201500020482;0;31;0;0.0;2.0;1.0;1.0;A01
30760;201500020482;0;7;0;0.0;2.0;1.0;15.0;B01
30761;201500020483;0;7;0;0.0;2.0;8.0;9.0;A01
30762;201500020483;0;1;0;0.0;2.0;7.0;1.0;B01
30763;201500020484;0;2;0;16.0;0.0;0.0;1.0;A01
30764;201500020485;0;7;0;0.0;2.0;1.0;19.0;A01
30765;201500020485;0;7;0;0.0;2.0;8.0;19.0;B01
30766;201500020486;0;7;0;1.0;1.0;2.0;20.0;A01
30767;201500020487;0;7;0;13.0;0.0;1.0;1.0;A01
30768;201500020488;0;7;0;0.0;1.0;8.0;1.0;A01
30769;201500020489;0;7;0;0.0;0.0;4.0;15.0;V01
30770;201500020489;0;7;0;0.0;2.0;1.0;0.0;A01
30771;201500020490;0;7;0;0.0;2.0;2.0;15.0;A01
30772;201500020490;0;2;0;0.0;2.0;1.0;1.0;B01
30773;201500020491;0;7;0;0.0;1.0;3.0;1.0;A01
30774;201500020492;0;7;0;0.0;1.0;1.0;1.0;A01
30775;201500020493;0;7;0;8.0;1.0;3.0;14.0;A01
30776;201500020494;0;2;0;0.0;2.0;1.0;2.0;B01
30777;201500020494;0;7;0;0.0;2.0;3.0;15.0;A01
30778;201500020495;0;7;0;0.0;2.0;1.0;0.0;A01
30779;201500020495;0;7;0;0.0;2.0;7.0;19.0;B01
30780;201500020497;0;7;0;0.0;1.0;4.0;4.0;A01
30781;201500020498;0;7;0;0.0;1.0;3.0;15.0;A01
30782;201500020499;0;7;0;0.0;2.0;5.0;15.0;A01
30783;201500020499;0;33;0;0.0;2.0;1.0;1.0;B01
30784;201500020500;0;30;0;0.0;2.0;1.0;17.0;A01
30785;201500020500;0;1;0;0.0;2.0;1.0;1.0;B01
30786;201500020501;0;7;0;0.0;1.0;2.0;0.0;A01
30787;201500020502;0;7;0;0.0;2.0;1.0;13.0;A01
30788;201500020502;0;10;0;0.0;2.0;1.0;0.0;B01
30789;201500020503;0;7;0;0.0;1.0;3.0;0.0;A01
30790;201500020504;0;7;0;0.0;1.0;1.0;0.0;A01
30791;201500020505;0;7;0;0.0;1.0;1.0;1.0;A01
30792;201500020506;0;7;0;0.0;2.0;3.0;1.0;B01
30793;201500020506;0;30;0;0.0;2.0;3.0;17.0;A01
30794;201500020506;0;7;0;0.0;0.0;3.0;1.0;Z01
30795;201500020506;0;7;0;0.0;2.0;2.0;2.0;C01
30796;201500020506;0;2;0;14.0;0.0;1.0;13.0;D01
30797;201500020507;0;7;0;9.0;0.0;1.0;1.0;A01
30798;201500020509;0;32;0;0.0;2.0;1.0;17.0;A01
30799;201500020509;0;7;0;0.0;2.0;3.0;15.0;B01
30800;201500020511;0;7;0;0.0;2.0;1.0;1.0;A01
30801;201500020511;0;1;0;0.0;2.0;1.0;19.0;B01
30802;201500020512;0;10;0;0.0;1.0;2.0;21.0;A01
30803;201500020513;0;7;0;0.0;1.0;1.0;1.0;A01
30804;201500020514;0;7;0;0.0;2.0;1.0;15.0;A01
30805;201500020514;0;7;0;0.0;2.0;1.0;1.0;B01
30806;201500020515;0;7;0;0.0;2.0;0.0;16.0;A01
30807;201500020515;0;1;0;0.0;2.0;4.0;1.0;B01
30808;201500020516;0;7;0;0.0;2.0;2.0;15.0;A01
30809;201500020516;0;33;0;0.0;2.0;1.0;1.0;B01
30810;201500020517;0;7;0;0.0;2.0;3.0;1.0;B01
30811;201500020517;0;2;0;0.0;2.0;1.0;1.0;A01
30812;201500020518;0;7;0;0.0;2.0;2.0;1.0;A01
30813;201500020518;0;7;0;0.0;2.0;7.0;1.0;B01
30814;201500020519;0;7;0;0.0;1.0;2.0;15.0;A01
30815;201500020520;0;33;0;0.0;2.0;1.0;1.0;B01
30816;201500020520;0;7;0;0.0;2.0;1.0;10.0;A01
30817;201500020521;0;7;0;0.0;1.0;0.0;1.0;A01
30818;201500020522;0;7;0;0.0;2.0;8.0;16.0;A01
30819;201500020522;0;2;0;0.0;2.0;1.0;1.0;B01
30820;201500020523;0;7;0;0.0;2.0;4.0;2.0;A01
30821;201500020523;0;7;0;0.0;0.0;4.0;2.0;B01
30822;201500020524;0;32;0;0.0;2.0;1.0;3.0;A01
30823;201500020524;0;7;0;0.0;2.0;3.0;9.0;B01
30824;201500020525;0;7;0;0.0;2.0;1.0;13.0;A01
30825;201500020525;0;31;0;0.0;2.0;1.0;1.0;B01
30826;201500020526;0;7;0;0.0;2.0;1.0;1.0;A01
30827;201500020526;0;7;0;0.0;2.0;1.0;1.0;B01
30828;201500020527;0;7;0;0.0;1.0;2.0;1.0;A01
30829;201500020528;0;7;0;0.0;1.0;2.0;0.0;A01
30830;201500020529;0;7;0;0.0;2.0;3.0;16.0;A01
30831;201500020529;0;7;0;0.0;2.0;7.0;1.0;B01
30832;201500020531;0;7;0;0.0;1.0;0.0;16.0;A01
30833;201500020532;0;7;0;0.0;2.0;6.0;1.0;B01
30834;201500020532;0;17;0;0.0;2.0;2.0;12.0;A01
30835;201500020533;1;7;0;0.0;2.0;2.0;10.0;A01
30836;201500020533;0;31;0;0.0;2.0;8.0;1.0;B01
30837;201500020534;0;10;0;0.0;1.0;1.0;1.0;A01
30838;201500020535;1;7;0;0.0;1.0;2.0;1.0;A01
30839;201500020536;0;7;0;0.0;2.0;1.0;1.0;B01
30840;201500020536;0;7;0;0.0;2.0;0.0;19.0;A01
30841;201500020537;0;7;0;0.0;2.0;3.0;1.0;B01
30842;201500020537;2;7;0;0.0;2.0;1.0;0.0;A01
30843;201500020538;0;2;0;0.0;1.0;1.0;1.0;A01
30844;201500020539;0;7;0;0.0;1.0;0.0;1.0;A01
30845;201500020540;0;7;0;0.0;2.0;1.0;1.0;A01
30846;201500020540;0;1;0;0.0;2.0;4.0;1.0;B01
30847;201500020541;0;2;0;12.0;0.0;1.0;0.0;A01
30848;201500020542;0;7;0;0.0;2.0;6.0;20.0;A01
30849;201500020542;0;33;0;0.0;2.0;1.0;21.0;B01
30850;201500020543;0;7;0;0.0;1.0;1.0;1.0;A01
30851;201500020544;0;7;0;0.0;0.0;0.0;0.0;A01
30852;201500020544;0;7;0;0.0;0.0;0.0;0.0;B01
30853;201500020545;0;7;0;1.0;0.0;1.0;0.0;A01
30854;201500020546;0;1;0;0.0;1.0;0.0;0.0;A01
30855;201500020547;0;7;0;0.0;2.0;1.0;5.0;A01
30856;201500020547;0;7;0;0.0;2.0;1.0;1.0;B01
30857;201500020548;0;7;0;11.0;0.0;1.0;6.0;A01
30858;201500020549;1;7;0;0.0;1.0;1.0;0.0;A01
30859;201500020550;0;7;0;0.0;0.0;0.0;0.0;A01
30860;201500020550;0;7;0;0.0;0.0;0.0;0.0;B01
30861;201500020551;0;1;0;0.0;1.0;0.0;0.0;A01
30862;201500020552;0;7;0;12.0;0.0;2.0;16.0;A01
30863;201500020553;0;7;0;0.0;1.0;1.0;15.0;A01
30864;201500020554;1;30;0;0.0;1.0;0.0;0.0;A01
30865;201500020555;0;2;0;12.0;0.0;3.0;1.0;A01
30866;201500020556;0;2;0;0.0;2.0;0.0;1.0;A01
30867;201500020556;0;7;0;0.0;2.0;0.0;1.0;B01
30868;201500020557;0;7;0;0.0;2.0;1.0;2.0;A01
30869;201500020557;0;7;0;0.0;2.0;4.0;2.0;B01
30870;201500020558;0;7;0;0.0;1.0;0.0;0.0;A01
30871;201500020559;0;7;0;0.0;2.0;7.0;1.0;B01
30872;201500020559;0;30;0;0.0;2.0;8.0;11.0;A01
30873;201500020560;0;33;0;0.0;0.0;0.0;0.0;A01
30874;201500020560;0;16;0;0.0;0.0;0.0;0.0;C01