;Num_Acc;senc;catv;occutc;obs;obsm;choc;manv;num_veh
30875;201500020560;0;7;0;0.0;0.0;0.0;0.0;B01
30876;201500020561;0;33;0;0.0;2.0;1.0;13.0;A01
30877;201500020561;0;7;0;0.0;2.0;3.0;1.0;B01
30878;201500020563;0;7;0;0.0;2.0;0.0;0.0;A01
30879;201500020563;0;7;0;0.0;2.0;0.0;0.0;B01
30880;201500020564;0;7;0;0.0;2.0;1.0;1.0;A01
30881;201500020564;0;7;0;0.0;2.0;4.0;20.0;B01
30882;201500020565;0;1;0;0.0;2.0;1.0;1.0;B01
30883;201500020565;0;7;0;0.0;2.0;8.0;0.0;A01
30884;201500020567;0;10;0;0.0;2.0;0.0;0.0;A01
30885;201500020567;0;1;0;0.0;2.0;0.0;0.0;B01
30886;201500020568;0;33;0;0.0;0.0;0.0;0.0;B01
30887;201500020568;0;7;0;0.0;0.0;0.0;0.0;A01
30888;201500020569;0;7;0;0.0;0.0;0.0;0.0;B01
30889;201500020569;0;1;0;0.0;0.0;0.0;0.0;A01
30890;201500020570;1;7;0;0.0;1.0;0.0;0.0;A01
30891;201500020571;0;7;0;0.0;2.0;1.0;1.0;B01
30892;201500020571;2;7;0;6.0;2.0;7.0;15.0;A01
30893;201500020573;0;7;0;0.0;2.0;1.0;2.0;A01
30894;201500020573;0;7;0;0.0;2.0;4.0;2.0;B01
30895;201500020573;0;7;0;0.0;2.0;4.0;2.0;C01
30896;201500020574;0;7;0;0.0;0.0;0.0;0.0;A01
30897;201500020574;0;34;0;0.0;2.0;0.0;0.0;B01
30898;201500020575;0;1;0;0.0;2.0;0.0;0.0;A01
30899;201500020575;0;37;1;0.0;2.0;0.0;0.0;B01
30900;201500020576;0;7;0;0.0;1.0;0.0;0.0;A01
30901;201500020577;0;10;0;0.0;1.0;2.0;1.0;A01
30902;201500020578;0;7;0;5.0;0.0;9.0;14.0;A01
30903;201500020580;0;7;0;16.0;0.0;0.0;0.0;A01
30904;201500020582;0;7;0;0.0;2.0;2.0;1.0;A01
30905;201500020582;0;7;0;0.0;2.0;2.0;1.0;B01
30906;201500020584;0;1;0;0.0;2.0;1.0;1.0;B01
30907;201500020584;0;7;0;0.0;2.0;3.0;15.0;A01
30908;201500020585;0;32;0;0.0;0.0;8.0;1.0;A01
30909;201500020586;0;7;0;12.0;0.0;1.0;1.0;A01
30910;201500020587;0;1;0;0.0;2.0;1.0;5.0;A01
30911;201500020587;0;7;0;0.0;2.0;2.0;21.0;B01
30912;201500020588;2;7;0;0.0;2.0;1.0;2.0;A01
30913;201500020588;0;7;0;0.0;2.0;4.0;2.0;B01
30914;201500020588;0;7;0;0.0;2.0;4.0;2.0;C01
30915;201500020589;0;1;0;0.0;0.0;0.0;0.0;A01
30916;201500020590;0;7;0;0.0;2.0;2.0;1.0;B01
30917;201500020590;0;7;0;0.0;2.0;3.0;9.0;A01
30918;201500020591;0;1;0;0.0;2.0;8.0;15.0;B01
30919;201500020591;0;7;0;0.0;2.0;3.0;9.0;A01
30920;201500020592;0;30;0;8.0;0.0;1.0;5.0;A01
30921;201500020593;0;10;0;0.0;2.0;4.0;2.0;A01
30922;201500020593;0;10;0;0.0;0.0;4.0;2.0;C01
30923;201500020593;0;10;0;0.0;2.0;4.0;2.0;B01
30924;201500020594;0;10;0;0.0;0.0;0.0;0.0;B01
30925;201500020594;0;2;0;0.0;0.0;0.0;0.0;A01
30926;201500020595;0;7;0;0.0;2.0;1.0;1.0;B01
30927;201500020595;0;10;0;0.0;2.0;3.0;15.0;A01
30928;201500020597;0;31;0;0.0;0.0;0.0;0.0;A01
30929;201500020599;0;31;0;0.0;0.0;0.0;0.0;A01
30930;201500020600;0;7;0;0.0;0.0;0.0;0.0;A01
30931;201500020602;0;7;0;0.0;2.0;3.0;11.0;A01
30932;201500020602;0;13;0;0.0;2.0;2.0;1.0;B01
30933;201500020603;0;7;0;0.0;1.0;1.0;1.0;A01
30934;201500020604;0;2;0;0.0;2.0;1.0;1.0;A01
30935;201500020604;0;7;0;0.0;2.0;7.0;15.0;B01
30936;201500020605;0;7;0;0.0;2.0;1.0;2.0;A01
30937;201500020605;0;7;0;0.0;2.0;4.0;2.0;B01
30938;201500020605;0;7;0;0.0;0.0;4.0;2.0;C01
30939;201500020607;0;99;0;0.0;2.0;5.0;16.0;A01
30940;201500020607;0;7;0;0.0;2.0;1.0;1.0;B01
30941;201500020608;0;7;0;4.0;0.0;3.0;19.0;A01
30942;201500020609;0;30;0;16.0;0.0;0.0;1.0;A01
30943;201500020611;0;7;0;0.0;1.0;1.0;16.0;A01
30944;201500020612;0;7;0;0.0;2.0;3.0;1.0;B01
30945;201500020612;0;1;0;0.0;2.0;1.0;9.0;A01
30946;201500020613;0;7;0;6.0;0.0;1.0;1.0;A01
30947;201500020614;0;7;0;0.0;2.0;5.0;9.0;A01
30948;201500020614;0;1;0;0.0;2.0;1.0;1.0;B01
30949;201500020615;0;1;0;0.0;0.0;0.0;0.0;A01
30950;201500020616;0;7;0;0.0;0.0;0.0;0.0;A01
30951;201500020618;0;7;0;0.0;1.0;2.0;9.0;A01
30952;201500020619;0;7;0;0.0;0.0;0.0;0.0;A01
30953;201500020620;0;33;0;0.0;0.0;8.0;1.0;A01
30954;201500020621;0;7;0;0.0;2.0;0.0;2.0;B01
30955;201500020621;1;7;0;0.0;0.0;0.0;0.0;Z01
30956;201500020622;0;2;0;0.0;2.0;1.0;1.0;B01
30957;201500020622;0;7;0;0.0;2.0;2.0;15.0;A01
30958;201500020624;0;1;0;0.0;0.0;0.0;0.0;A01
30959;201500020625;0;33;0;0.0;0.0;8.0;1.0;A01
30960;201500020626;0;2;0;0.0;2.0;1.0;1.0;A01
30961;201500020626;0;7;0;0.0;2.0;7.0;15.0;B01
30962;201500020627;0;7;0;10.0;0.0;1.0;1.0;A01
30963;201500020628;0;7;0;0.0;2.0;2.0;15.0;A01
30964;201500020628;0;33;0;0.0;2.0;1.0;1.0;B01
30965;201500020629;0;7;0;0.0;2.0;1.0;15.0;A01
30966;201500020629;0;31;0;0.0;0.0;0.0;0.0;B01
30967;201500020630;0;7;0;0.0;2.0;1.0;1.0;B01
30968;201500020630;0;7;0;0.0;2.0;2.0;1.0;A01
30969;201500020631;0;7;0;0.0;2.0;3.0;16.0;A01
30970;201500020631;0;30;0;0.0;2.0;1.0;1.0;B01
30971;201500020632;0;7;0;0.0;1.0;1.0;0.0;A01
30972;201500020633;0;7;0;0.0;2.0;8.0;22.0;A01
30973;201500020633;0;1;0;1.0;0.0;1.0;1.0;B01
30974;201500020635;0;10;0;0.0;0.0;0.0;0.0;A01
30975;201500020635;0;10;0;0.0;0.0;0.0;0.0;B01
30976;201500020637;0;7;0;0.0;1.0;1.0;1.0;A01
30977;201500020638;0;7;0;0.0;2.0;2.0;15.0;A01
30978;201500020638;0;7;0;0.0;2.0;3.0;1.0;B01
30979;201500020639;0;7;0;0.0;2.0;0.0;9.0;A01
30980;201500020639;0;7;0;0.0;2.0;1.0;1.0;B01
30981;201500020640;0;7;0;0.0;1.0;4.0;4.0;A01
30982;201500020641;0;1;0;0.0;2.0;1.0;19.0;A01
30983;201500020641;1;1;0;0.0;2.0;0.0;0.0;Z01
30984;201500020642;0;7;0;0.0;1.0;1.0;1.0;A01
30985;201500020643;0;7;0;6.0;0.0;7.0;1.0;A01
30986;201500020644;0;7;0;0.0;2.0;4.0;20.0;A01
30987;201500020644;0;1;0;0.0;0.0;0.0;0.0;B01
30988;201500020645;1;7;0;0.0;1.0;0.0;1.0;A01
30989;201500020646;0;33;0;0.0;1.0;1.0;1.0;A01
30990;201500020647;0;7;0;0.0;1.0;1.0;1.0;A01
30991;201500020648;0;7;0;0.0;2.0;3.0;9.0;A01
30992;201500020648;0;1;0;0.0;2.0;7.0;0.0;B01
30993;201500020649;0;7;0;0.0;1.0;0.0;1.0;A01
30994;201500020651;0;7;0;0.0;2.0;3.0;15.0;A01
30995;201500020651;0;2;0;0.0;2.0;1.0;2.0;B01
30996;201500020652;0;7;0;0.0;2.0;4.0;2.0;A01
30997;201500020652;2;7;0;0.0;2.0;1.0;2.0;B01
30998;201500020654;0;7;0;6.0;0.0;1.0;0.0;A01
30999;201500020655;0;7;0;0.0;1.0;0.0;0.0;A01
31000;201500020656;0;7;0;0.0;0.0;1.0;0.0;A01
31001;201500020656;0;2;0;0.0;0.0;0.0;0.0;B01
31002;201500020657;0;10;0;0.0;2.0;8.0;15.0;B01
31003;201500020657;0;31;0;0.0;2.0;1.0;17.0;A01
31004;201500020658;0;33;0;1.0;0.0;0.0;0.0;B01
31005;201500020659;0;7;0;12.0;0.0;1.0;0.0;A01
31006;201500020659;0;7;0;0.0;2.0;6.0;0.0;B01
31007;201500020660;0;7;0;0.0;1.0;1.0;14.0;A01
31008;201500020661;0;7;0;0.0;0.0;0.0;15.0;A01
31009;201500020662;0;30;0;0.0;0.0;1.0;13.0;A01
31010;201500020664;0;7;0;2.0;0.0;1.0;0.0;A01
31011;201500020665;0;37;1;0.0;1.0;0.0;0.0;A01
31012;201500020666;0;7;0;0.0;1.0;3.0;0.0;A01
31013;201500020667;0;10;0;0.0;1.0;1.0;1.0;A01
31014;201500020667;0;7;0;0.0;2.0;3.0;1.0;B01
31015;201500020668;0;7;0;0.0;1.0;1.0;1.0;A01
31016;201500020669;0;7;0;0.0;0.0;0.0;0.0;A01
31017;201500020669;0;37;1;0.0;2.0;0.0;1.0;B01
31018;201500020670;0;7;0;0.0;9.0;1.0;15.0;A01
31019;201500020670;0;2;0;0.0;2.0;1.0;1.0;B01
31020;201500020671;0;2;0;0.0;2.0;7.0;2.0;B01
31021;201500020671;0;31;0;0.0;2.0;7.0;2.0;A01
31022;201500020672;1;7;0;0.0;1.0;1.0;0.0;A01
31023;201500020673;0;7;0;0.0;0.0;4.0;2.0;A01
31024;201500020673;0;2;0;0.0;2.0;1.0;2.0;B01
31025;201500020674;0;7;0;0.0;2.0;3.0;13.0;A01
31026;201500020674;0;7;0;0.0;2.0;1.0;1.0;B01
31027;201500020675;0;7;0;0.0;1.0;8.0;2.0;A01
31028;201500020676;0;7;0;0.0;1.0;1.0;2.0;A01
31029;201500020677;0;7;0;0.0;2.0;3.0;1.0;B01
31030;201500020677;0;7;0;0.0;2.0;3.0;1.0;A01
31031;201500020677;0;7;0;0.0;9.0;0.0;0.0;C01
31032;201500020679;0;32;0;0.0;0.0;8.0;0.0;A01
31033;201500020680;0;7;0;0.0;2.0;1.0;1.0;B01
31034;201500020680;0;7;0;0.0;0.0;2.0;13.0;A01
31035;201500020681;0;1;0;0.0;0.0;0.0;0.0;B01
31036;201500020681;0;1;0;0.0;0.0;0.0;0.0;A01
31037;201500020682;0;7;0;0.0;2.0;1.0;2.0;A01
31038;201500020682;0;7;0;0.0;2.0;1.0;2.0;B01
31039;201500020682;0;7;0;0.0;2.0;0.0;0.0;C01
31040;201500020683;0;7;0;0.0;2.0;1.0;2.0;C01
31041;201500020683;0;7;0;0.0;2.0;4.0;2.0;A01
31042;201500020683;0;7;0;0.0;2.0;1.0;2.0;B01
31043;201500020684;0;7;0;16.0;0.0;8.0;5.0;A01
31044;201500020684;0;7;0;0.0;0.0;1.0;1.0;B01
31045;201500020685;0;7;0;0.0;1.0;2.0;15.0;A01
31046;201500020687;0;7;0;0.0;2.0;3.0;13.0;A01
31047;201500020687;0;7;0;0.0;2.0;3.0;1.0;B01
31048;201500020688;0;7;0;0.0;1.0;3.0;15.0;A01
31049;201500020689;0;1;0;0.0;2.0;7.0;2.0;B01
31050;201500020689;0;7;0;0.0;2.0;1.0;9.0;A01
31051;201500020690;0;7;0;0.0;2.0;1.0;9.0;A01
31052;201500020690;0;1;0;0.0;2.0;0.0;0.0;B01
31053;201500020691;0;7;0;0.0;2.0;3.0;13.0;A01
31054;201500020691;0;15;0;0.0;2.0;3.0;1.0;B01
31055;201500020691;0;7;0;0.0;9.0;0.0;0.0;C01
31056;201500020692;0;2;0;0.0;2.0;1.0;2.0;A01
31057;201500020692;0;7;0;0.0;2.0;3.0;0.0;B01
31058;201500020693;0;7;0;0.0;2.0;2.0;19.0;A01
31059;201500020693;0;7;0;0.0;2.0;3.0;1.0;B01
31060;201500020694;0;33;0;0.0;2.0;8.0;1.0;B01
31061;201500020694;0;7;0;0.0;2.0;3.0;15.0;A01
31062;201500020695;0;7;0;0.0;2.0;9.0;13.0;A01
31063;201500020696;0;1;0;1.0;0.0;8.0;2.0;A01
31064;201500020697;0;7;0;0.0;2.0;5.0;2.0;B01
31065;201500020697;0;1;0;0.0;2.0;1.0;15.0;A01
31066;201500020698;0;2;0;0.0;2.0;9.0;2.0;B01
31067;201500020698;0;7;0;0.0;2.0;7.0;15.0;A01
31068;201500020699;0;33;0;0.0;0.0;2.0;1.0;A01
31069;201500020700;0;7;0;0.0;0.0;0.0;0.0;A01
31070;201500020700;0;1;0;0.0;0.0;0.0;0.0;B01
31071;201500020701;0;7;0;0.0;1.0;1.0;16.0;A01
31072;201500020702;0;7;0;0.0;2.0;2.0;1.0;A01
31073;201500020702;0;1;0;0.0;2.0;1.0;1.0;B01
31074;201500020703;0;7;0;0.0;0.0;0.0;0.0;A01
31075;201500020704;0;7;0;0.0;0.0;0.0;0.0;A01
31076;201500020704;0;1;0;0.0;2.0;8.0;1.0;B01
31077;201500020705;0;7;0;0.0;0.0;1.0;15.0;A01
31078;201500020705;0;7;0;0.0;2.0;8.0;0.0;B01
31079;201500020706;0;2;0;0.0;2.0;1.0;1.0;A01
31080;201500020706;0;7;0;0.0;2.0;2.0;1.0;B01
31081;201500020707;0;7;0;0.0;2.0;8.0;10.0;A01
31082;201500020707;0;7;0;0.0;2.0;1.0;2.0;B01
31083;201500020708;0;7;0;0.0;1.0;0.0;0.0;A01
31084;201500020709;0;7;0;0.0;0.0;0.0;0.0;A01
31085;201500020709;0;1;0;0.0;0.0;0.0;0.0;B01
31086;201500020710;0;7;0;1.0;0.0;2.0;15.0;A01
31087;201500020710;0;7;0;0.0;2.0;8.0;24.0;B01
31088;201500020711;0;7;0;0.0;0.0;0.0;0.0;A01
31089;201500020711;0;1;0;0.0;0.0;0.0;0.0;B01
31090;201500020712;0;1;0;0.0;2.0;0.0;0.0;B01
31091;201500020712;0;7;0;0.0;9.0;1.0;0.0;A01
31092;201500020713;0;7;0;0.0;1.0;0.0;0.0;A01
31093;201500020714;0;7;0;0.0;1.0;1.0;0.0;A01
31094;201500020715;0;7;0;0.0;2.0;1.0;0.0;A01
31095;201500020715;0;7;0;0.0;2.0;2.0;0.0;B01
31096;201500020716;0;7;0;0.0;1.0;1.0;9.0;A01
31097;201500020717;0;7;0;0.0;2.0;1.0;13.0;A01
31098;201500020717;0;7;0;0.0;2.0;1.0;1.0;B01
31099;201500020718;0;7;0;0.0;1.0;7.0;1.0;A01
31100;201500020719;0;7;0;0.0;1.0;1.0;1.0;A01
31101;201500020720;0;7;0;0.0;1.0;3.0;1.0;A01
31102;201500020723;0;7;0;0.0;2.0;1.0;1.0;B02
31103;201500020723;0;7;0;0.0;2.0;1.0;15.0;A01
31104;201500020724;0;7;0;6.0;0.0;1.0;1.0;A01
31105;201500020725;0;7;0;0.0;2.0;1.0;15.0;A01
31106;201500020725;0;1;0;0.0;2.0;8.0;1.0;B02
31107;201500020726;0;7;0;0.0;2.0;2.0;15.0;B02
31108;201500020726;0;7;0;0.0;2.0;1.0;1.0;A01
31109;201500020727;0;2;0;2.0;0.0;1.0;1.0;A01
31110;201500020728;0;14;0;2.0;0.0;3.0;19.0;A01
31111;201500020729;0;15;0;0.0;2.0;3.0;13.0;A01
31112;201500020729;0;15;0;0.0;2.0;3.0;1.0;B02
31113;201500020730;0;7;0;0.0;2.0;1.0;13.0;A01
31114;201500020730;0;7;0;0.0;2.0;1.0;13.0;B02
31115;201500020731;0;7;0;0.0;2.0;5.0;13.0;A01
31116;201500020731;0;7;0;0.0;2.0;1.0;1.0;B02
31117;201500020732;0;7;0;0.0;2.0;2.0;9.0;C03
31118;201500020732;0;10;0;0.0;2.0;1.0;0.0;B02
31119;201500020732;0;33;0;0.0;2.0;1.0;0.0;A01
31120;201500020733;0;7;0;0.0;2.0;2.0;2.0;A01
31121;201500020733;0;1;0;0.0;0.0;4.0;2.0;B02
31122;201500020734;0;7;0;0.0;1.0;2.0;1.0;A01
31123;201500020735;0;7;0;0.0;1.0;1.0;1.0;A01
31124;201500020736;0;33;0;0.0;2.0;8.0;1.0;A01
31125;201500020736;0;15;0;0.0;0.0;3.0;6.0;B02
31126;201500020737;0;1;0;0.0;2.0;4.0;1.0;A01
31127;201500020737;0;7;0;0.0;2.0;3.0;19.0;B02
31128;201500020738;0;30;0;0.0;0.0;7.0;1.0;A01
31129;201500020738;0;10;0;0.0;2.0;1.0;1.0;B02
31130;201500020739;0;7;0;0.0;0.0;1.0;1.0;B02
31131;201500020739;0;7;0;0.0;0.0;1.0;5.0;A01
31132;201500020741;0;15;0;0.0;0.0;1.0;21.0;B02
31133;201500020741;0;1;0;0.0;0.0;8.0;13.0;A01
31134;201500020742;0;7;0;2.0;0.0;7.0;0.0;A01
31135;201500020743;0;7;0;0.0;0.0;2.0;1.0;A01
31136;201500020743;0;7;0;0.0;0.0;3.0;15.0;B02
31137;201500020744;0;7;0;2.0;0.0;9.0;1.0;A01
31138;201500020745;0;7;0;2.0;0.0;1.0;1.0;A01
31139;201500020746;0;30;0;15.0;0.0;1.0;1.0;B02
31140;201500020746;0;7;0;1.0;0.0;7.0;1.0;A01
31141;201500020747;0;7;0;0.0;2.0;2.0;2.0;A01
31142;201500020747;0;1;0;0.0;0.0;3.0;2.0;B02
31143;201500020748;0;7;0;0.0;2.0;8.0;15.0;A01
31144;201500020748;0;33;0;0.0;2.0;1.0;17.0;B02
31145;201500020749;0;7;0;0.0;9.0;6.0;1.0;A01
31146;201500020749;0;1;0;0.0;2.0;1.0;1.0;B02
31147;201500020750;0;7;0;0.0;1.0;4.0;4.0;A01
31148;201500020751;0;33;0;0.0;2.0;1.0;1.0;A01
31149;201500020751;0;7;0;0.0;2.0;8.0;15.0;B02
31150;201500020752;0;30;0;14.0;0.0;2.0;1.0;A01
31151;201500020754;0;33;0;0.0;2.0;1.0;1.0;A01
31152;201500020754;0;10;0;0.0;2.0;6.0;15.0;B02
31153;201500020755;0;7;0;0.0;1.0;2.0;1.0;A01
31154;201500020756;0;7;0;2.0;0.0;1.0;14.0;A01
31155;201500020757;0;2;0;0.0;0.0;0.0;21.0;A01
31156;201500020758;0;7;0;0.0;2.0;1.0;5.0;A01
31157;201500020758;0;7;0;0.0;2.0;1.0;1.0;B02
31158;201500020759;0;7;0;0.0;2.0;8.0;15.0;B02
31159;201500020759;0;33;0;0.0;2.0;7.0;17.0;A01
31160;201500020761;0;7;0;0.0;2.0;1.0;1.0;A01
31161;201500020761;0;10;0;0.0;2.0;1.0;0.0;B02
31162;201500020762;0;7;0;0.0;2.0;1.0;1.0;B02
31163;201500020762;0;30;0;0.0;2.0;1.0;5.0;A01
31164;201500020763;0;7;0;0.0;2.0;3.0;5.0;D04
31165;201500020763;0;32;0;0.0;2.0;8.0;5.0;A01
31166;201500020763;0;7;0;0.0;2.0;3.0;5.0;C03
31167;201500020763;0;32;0;0.0;0.0;0.0;2.0;B02
31168;201500020764;0;31;0;0.0;2.0;1.0;1.0;B02
31169;201500020764;0;7;0;0.0;2.0;4.0;1.0;C03
31170;201500020764;0;7;0;0.0;2.0;1.0;13.0;A01
31171;201500020765;0;10;0;0.0;1.0;2.0;1.0;A01
31172;201500020766;0;15;0;0.0;0.0;3.0;13.0;B02
31173;201500020766;0;14;0;0.0;0.0;3.0;1.0;A01
31174;201500020767;0;10;0;0.0;1.0;1.0;1.0;A01
31175;201500020768;0;30;0;0.0;2.0;1.0;5.0;B02
31176;201500020768;0;7;0;0.0;2.0;3.0;1.0;A01
31177;201500020769;0;7;0;0.0;2.0;2.0;1.0;B02
31178;201500020769;0;7;0;0.0;2.0;1.0;13.0;A01
31179;201500020770;0;7;0;0.0;0.0;0.0;13.0;A01
31180;201500020771;0;7;0;0.0;1.0;3.0;1.0;A01
31181;201500020772;0;7;0;0.0;2.0;1.0;13.0;A01
31182;201500020772;0;7;0;0.0;2.0;1.0;1.0;B02
31183;201500020773;0;7;0;0.0;1.0;2.0;1.0;A01
31184;201500020774;0;7;0;0.0;2.0;1.0;1.0;B02
31185;201500020774;0;7;0;0.0;2.0;1.0;13.0;A01
31186;201500020775;0;7;0;0.0;2.0;7.0;15.0;A01
31187;201500020775;0;7;0;0.0;2.0;3.0;1.0;B01
31188;201500020776;0;7;0;0.0;2.0;3.0;6.0;A01
31189;201500020776;0;32;0;0.0;2.0;1.0;1.0;B01
31190;201500020777;0;2;0;0.0;2.0;7.0;1.0;A01
31191;201500020777;0;7;0;0.0;2.0;1.0;1.0;B01
31192;201500020778;0;7;0;0.0;1.0;2.0;1.0;A01
31193;201500020780;0;7;0;0.0;2.0;1.0;1.0;A01
31194;201500020780;0;7;0;0.0;2.0;7.0;1.0;B01
31195;201500020782;2;7;0;14.0;0.0;1.0;1.0;A01
31196;201500020783;0;7;0;0.0;1.0;1.0;1.0;A01
31197;201500020784;0;7;0;0.0;1.0;0.0;0.0;A01
31198;201500020785;0;7;0;0.0;2.0;1.0;0.0;A01
31199;201500020785;0;21;0;0.0;0.0;4.0;2.0;B01
31200;201500020786;0;7;0;0.0;2.0;6.0;9.0;A01
31201;201500020786;0;1;0;0.0;2.0;1.0;15.0;B01
31202;201500020787;1;3;0;0.0;2.0;0.0;0.0;A01
31203;201500020787;0;7;0;0.0;2.0;0.0;0.0;A02
31204;201500020788;0;10;0;0.0;2.0;4.0;6.0;A01
31205;201500020788;0;7;0;0.0;2.0;1.0;2.0;B01
31206;201500020788;0;7;0;0.0;2.0;1.0;2.0;C01
31207;201500020789;2;7;0;0.0;2.0;1.0;17.0;A01
31208;201500020789;0;7;0;0.0;2.0;1.0;1.0;B01
31209;201500020790;0;7;0;0.0;1.0;1.0;1.0;A01
31210;201500020791;0;15;0;0.0;2.0;3.0;1.0;A01
31211;201500020791;0;7;0;0.0;2.0;1.0;1.0;B01
31212;201500020792;0;7;0;0.0;1.0;3.0;1.0;A01
31213;201500020793;0;7;0;0.0;2.0;1.0;1.0;A01
31214;201500020793;0;2;0;0.0;2.0;8.0;19.0;B01
31215;201500020794;0;7;0;0.0;9.0;1.0;17.0;A01
31216;201500020794;0;1;0;0.0;0.0;4.0;1.0;B01
31217;201500020795;0;7;0;0.0;1.0;0.0;0.0;A01
31218;201500020796;0;33;0;0.0;2.0;1.0;17.0;A01
31219;201500020796;0;7;0;0.0;2.0;7.0;15.0;B01
31220;201500020797;0;7;0;0.0;1.0;0.0;0.0;A01
31221;201500020798;0;7;0;8.0;0.0;1.0;0.0;A01
31222;201500020799;0;7;0;0.0;2.0;2.0;1.0;A01
31223;201500020799;0;7;0;0.0;0.0;3.0;9.0;B01
31224;201500020799;0;7;0;0.0;0.0;1.0;1.0;C01
31225;201500020800;0;7;0;0.0;2.0;7.0;15.0;A01
31226;201500020800;0;33;0;0.0;2.0;1.0;1.0;B01
31227;201500020801;0;2;0;0.0;2.0;1.0;1.0;A01
31228;201500020801;0;7;0;0.0;0.0;3.0;1.0;B01
31229;201500020803;0;15;0;0.0;2.0;8.0;1.0;A01
31230;201500020803;0;7;0;0.0;2.0;1.0;1.0;B01
31231;201500020803;0;7;0;0.0;2.0;3.0;1.0;C01
31232;201500020806;0;2;0;0.0;2.0;1.0;19.0;A01
31233;201500020806;0;7;0;0.0;2.0;3.0;1.0;B01
31234;201500020807;0;7;0;0.0;2.0;8.0;20.0;A01
31235;201500020807;0;30;0;0.0;2.0;2.0;1.0;B01
31236;201500020809;0;7;0;0.0;2.0;1.0;0.0;A01
31237;201500020809;0;1;0;0.0;2.0;2.0;0.0;B01
31238;201500020810;0;7;0;0.0;2.0;8.0;13.0;A01
31239;201500020810;0;2;0;0.0;2.0;2.0;17.0;B01
31240;201500020811;0;7;0;0.0;2.0;8.0;0.0;A01
31241;201500020811;0;1;0;1.0;0.0;0.0;0.0;B01
31242;201500020812;0;7;0;0.0;2.0;3.0;9.0;A01
31243;201500020812;0;7;0;0.0;2.0;1.0;1.0;B01
31244;201500020814;0;1;0;0.0;2.0;8.0;18.0;A01
31245;201500020814;0;7;0;0.0;2.0;7.0;16.0;B01
31246;201500020815;0;7;0;0.0;2.0;1.0;1.0;A01
31247;201500020815;0;7;0;0.0;2.0;3.0;2.0;B01
31248;201500020816;0;7;0;0.0;2.0;1.0;0.0;B01
31249;201500020816;0;2;0;0.0;2.0;3.0;0.0;A01
31250;201500020817;0;2;0;0.0;2.0;8.0;9.0;A01
31251;201500020817;0;7;0;0.0;2.0;3.0;1.0;B01
31252;201500020818;0;7;0;0.0;2.0;3.0;9.0;A01
31253;201500020818;0;30;0;0.0;2.0;1.0;1.0;B01
31254;201500020819;0;7;0;12.0;0.0;0.0;0.0;A01
31255;201500020819;0;2;0;0.0;2.0;8.0;1.0;B01
31256;201500020820;0;7;0;0.0;2.0;1.0;0.0;A01
31257;201500020820;0;7;0;0.0;2.0;8.0;0.0;B01
31258;201500020822;0;7;0;0.0;1.0;2.0;1.0;A01
31259;201500020823;0;1;0;0.0;1.0;0.0;21.0;A01
31260;201500020824;0;7;0;2.0;0.0;3.0;14.0;A01
31261;201500020825;0;7;0;0.0;1.0;1.0;1.0;A01
31262;201500020826;0;7;0;0.0;2.0;7.0;15.0;A01
31263;201500020826;0;30;0;0.0;2.0;1.0;6.0;B01
31264;201500020827;0;7;0;0.0;2.0;1.0;1.0;A01
31265;201500020827;0;1;0;0.0;0.0;4.0;1.0;B01
31266;201500020828;0;7;0;0.0;1.0;1.0;0.0;A01
31267;201500020829;0;7;0;0.0;2.0;7.0;15.0;A01
31268;201500020829;0;7;0;0.0;2.0;1.0;1.0;B01
31269;201500020830;0;7;0;0.0;1.0;1.0;0.0;A01
31270;201500020831;0;7;0;0.0;2.0;3.0;9.0;A01
31271;201500020831;0;33;0;0.0;0.0;0.0;0.0;B01
31272;201500020832;0;7;0;0.0;0.0;4.0;2.0;A01
31273;201500020832;0;7;0;0.0;2.0;1.0;2.0;B01
31274;201500020833;0;7;0;0.0;2.0;1.0;0.0;A01
31275;201500020833;0;7;0;0.0;2.0;1.0;13.0;B01
31276;201500020834;0;1;0;0.0;2.0;7.0;0.0;B01
31277;201500020834;0;7;0;0.0;2.0;0.0;0.0;A01
31278;201500020836;0;7;0;0.0;2.0;2.0;9.0;A01
31279;201500020836;0;2;0;0.0;2.0;7.0;1.0;B01
31280;201500020837;0;7;0;0.0;2.0;1.0;0.0;A01
31281;201500020837;0;7;0;0.0;2.0;3.0;0.0;B01
31282;201500020838;0;7;0;0.0;2.0;8.0;0.0;B01
31283;201500020838;0;7;0;0.0;2.0;1.0;0.0;A01
31284;201500020839;0;7;0;0.0;2.0;3.0;13.0;A01
31285;201500020839;0;7;0;0.0;2.0;8.0;1.0;B01
31286;201500020840;0;7;0;0.0;2.0;1.0;1.0;A01
31287;201500020840;0;7;0;0.0;0.0;4.0;23.0;B01
31288;201500020841;0;1;0;0.0;2.0;1.0;19.0;A01
31289;201500020841;0;7;0;0.0;0.0;5.0;1.0;B01
31290;201500020842;0;7;0;0.0;2.0;1.0;2.0;A01
31291;201500020842;0;7;0;0.0;2.0;4.0;2.0;B01
31292;201500020843;0;7;0;0.0;2.0;2.0;14.0;A01
31293;201500020843;0;7;0;0.0;2.0;3.0;20.0;B01
31294;201500020845;0;7;0;0.0;2.0;1.0;1.0;A01
31295;201500020845;0;7;0;0.0;0.0;4.0;23.0;B01
31296;201500020847;0;7;0;0.0;2.0;2.0;9.0;A01