;Num_Acc;senc;catv;occutc;obs;obsm;choc;manv;num_veh
31297;201500020847;0;14;0;0.0;2.0;6.0;1.0;B01
31298;201500020848;0;7;0;0.0;2.0;7.0;0.0;B01
31299;201500020848;0;7;0;0.0;2.0;1.0;19.0;A01
31300;201500020850;0;7;0;0.0;2.0;1.0;2.0;A01
31301;201500020850;0;7;0;0.0;2.0;0.0;2.0;B01
31302;201500020850;0;7;0;0.0;0.0;4.0;0.0;C01
31303;201500020851;0;7;0;0.0;2.0;1.0;1.0;A01
31304;201500020851;0;31;0;0.0;2.0;6.0;15.0;B01
31305;201500020854;0;7;0;0.0;2.0;1.0;1.0;A01
31306;201500020854;0;7;0;0.0;2.0;4.0;1.0;B01
31307;201500020855;0;7;0;0.0;1.0;0.0;0.0;A01
31308;201500020856;0;7;0;0.0;2.0;2.0;0.0;A01
31309;201500020856;0;1;0;0.0;2.0;1.0;1.0;B01
31310;201500020857;0;7;0;0.0;2.0;3.0;0.0;A01
31311;201500020857;0;7;0;0.0;2.0;3.0;0.0;B01
31312;201500020858;0;30;0;0.0;2.0;1.0;2.0;A01
31313;201500020858;0;7;0;0.0;2.0;5.0;16.0;B01
31314;201500020860;0;7;0;0.0;2.0;1.0;1.0;A01
31315;201500020860;0;7;0;0.0;2.0;4.0;1.0;B01
31316;201500020860;0;7;0;0.0;2.0;4.0;23.0;C01
31317;201500020861;0;7;0;0.0;2.0;2.0;1.0;A01
31318;201500020861;0;1;0;0.0;0.0;4.0;1.0;B01
31319;201500020862;0;2;0;0.0;2.0;1.0;15.0;A01
31320;201500020862;0;7;0;0.0;2.0;1.0;1.0;B01
31321;201500020863;0;7;0;0.0;2.0;1.0;2.0;A01
31322;201500020863;0;7;0;0.0;2.0;1.0;2.0;B01
31323;201500020863;0;7;0;0.0;2.0;1.0;0.0;C01
31324;201500020864;0;7;0;0.0;2.0;2.0;0.0;A01
31325;201500020864;0;30;0;0.0;2.0;2.0;0.0;B01
31326;201500020865;0;7;0;0.0;1.0;1.0;9.0;A01
31327;201500020866;0;2;0;0.0;2.0;1.0;1.0;A01
31328;201500020866;0;2;0;0.0;2.0;1.0;1.0;B01
31329;201500020866;0;7;0;0.0;2.0;4.0;23.0;C01
31330;201500020866;0;37;1;0.0;2.0;3.0;23.0;D01
31331;201500020867;0;2;0;0.0;2.0;2.0;19.0;A01
31332;201500020867;0;7;0;0.0;2.0;1.0;1.0;B01
31333;201500020868;0;7;0;0.0;2.0;3.0;0.0;A01
31334;201500020868;0;7;0;0.0;2.0;3.0;0.0;B01
31335;201500020869;0;7;0;0.0;2.0;1.0;2.0;A01
31336;201500020869;0;10;0;0.0;2.0;4.0;2.0;B01
31337;201500020870;0;7;0;0.0;2.0;1.0;2.0;A01
31338;201500020870;0;7;0;0.0;2.0;4.0;2.0;B01
31339;201500020871;0;7;0;0.0;2.0;3.0;19.0;A01
31340;201500020871;0;33;0;0.0;2.0;1.0;0.0;B01
31341;201500020872;0;10;0;0.0;2.0;1.0;0.0;A01
31342;201500020872;0;7;0;0.0;2.0;4.0;0.0;B01
31343;201500020873;0;7;0;0.0;2.0;1.0;0.0;A01
31344;201500020873;0;7;0;0.0;2.0;1.0;0.0;B01
31345;201500020874;0;7;0;0.0;1.0;1.0;0.0;A01
31346;201500020875;0;7;0;0.0;2.0;6.0;0.0;A01
31347;201500020875;0;1;0;0.0;2.0;0.0;0.0;B01
31348;201500020876;0;31;0;0.0;0.0;9.0;1.0;A01
31349;201500020876;0;7;0;0.0;0.0;0.0;9.0;B01
31350;201500020877;0;15;0;0.0;2.0;2.0;0.0;B01
31351;201500020877;0;7;0;0.0;2.0;1.0;0.0;A01
31352;201500020878;0;7;0;0.0;1.0;0.0;0.0;A01
31353;201500020879;0;1;0;0.0;2.0;1.0;5.0;A01
31354;201500020879;0;7;0;0.0;0.0;0.0;0.0;B01
31355;201500020881;0;7;0;0.0;2.0;2.0;9.0;A01
31356;201500020881;0;1;0;0.0;2.0;2.0;1.0;B01
31357;201500020882;0;2;0;0.0;2.0;1.0;1.0;A01
31358;201500020882;0;7;0;0.0;2.0;4.0;23.0;B01
31359;201500020883;0;1;0;0.0;2.0;7.0;0.0;A01
31360;201500020883;0;7;0;0.0;2.0;1.0;0.0;B01
31361;201500020884;0;1;0;0.0;2.0;8.0;0.0;B01
31362;201500020884;0;7;0;0.0;2.0;1.0;0.0;A01
31363;201500020885;0;30;0;0.0;2.0;7.0;17.0;A01
31364;201500020885;0;7;0;0.0;2.0;8.0;15.0;B01
31365;201500020886;0;10;0;0.0;2.0;3.0;9.0;A01
31366;201500020886;0;7;0;0.0;2.0;2.0;1.0;B01
31367;201500020887;0;7;0;0.0;2.0;2.0;1.0;A01
31368;201500020887;0;10;0;0.0;2.0;5.0;23.0;B01
31369;201500020888;0;31;0;0.0;2.0;8.0;2.0;B01
31370;201500020888;0;7;0;0.0;2.0;1.0;9.0;A01
31371;201500020889;0;7;0;0.0;1.0;1.0;1.0;A01
31372;201500020891;0;7;0;0.0;1.0;0.0;0.0;A01
31373;201500020892;0;32;0;0.0;2.0;0.0;1.0;A01
31374;201500020892;0;7;0;0.0;2.0;0.0;0.0;B01
31375;201500020893;0;30;0;0.0;2.0;0.0;0.0;A01
31376;201500020893;0;7;0;0.0;2.0;1.0;1.0;B01
31377;201500020894;0;7;0;0.0;2.0;1.0;2.0;A01
31378;201500020894;0;7;0;0.0;2.0;1.0;5.0;B01
31379;201500020896;0;7;0;0.0;1.0;0.0;0.0;A01
31380;201500020897;0;7;0;0.0;2.0;4.0;2.0;A01
31381;201500020897;0;7;0;0.0;2.0;1.0;2.0;B01
31382;201500020897;0;7;0;0.0;2.0;3.0;2.0;C01
31383;201500020897;1;7;0;0.0;0.0;4.0;0.0;Z01
31384;201500020898;0;7;0;0.0;2.0;3.0;24.0;A01
31385;201500020898;0;1;0;1.0;0.0;1.0;2.0;B01
31386;201500020899;0;7;0;4.0;0.0;8.0;17.0;A01
31387;201500020900;0;7;0;0.0;2.0;9.0;1.0;A01
31388;201500020900;0;7;0;0.0;2.0;9.0;1.0;B01
31389;201500020900;1;7;0;0.0;2.0;0.0;0.0;Z01
31390;201500020901;0;7;0;0.0;1.0;3.0;2.0;A01
31391;201500020902;0;7;0;0.0;1.0;3.0;2.0;A01
31392;201500020903;0;7;0;0.0;2.0;3.0;9.0;A01
31393;201500020903;0;7;0;0.0;2.0;2.0;1.0;B01
31394;201500020905;0;7;0;0.0;2.0;7.0;16.0;A01
31395;201500020905;0;1;0;0.0;2.0;1.0;2.0;B01
31396;201500020906;0;7;0;0.0;2.0;7.0;15.0;A01
31397;201500020906;0;7;0;0.0;2.0;1.0;2.0;B01
31398;201500020907;0;31;0;0.0;2.0;6.0;19.0;A01
31399;201500020907;0;7;0;0.0;2.0;3.0;2.0;B01
31400;201500020908;0;7;0;0.0;2.0;0.0;1.0;B01
31401;201500020908;0;7;0;0.0;2.0;0.0;0.0;A01
31402;201500020909;0;7;0;0.0;1.0;0.0;0.0;A01
31403;201500020910;0;10;0;0.0;1.0;7.0;1.0;A01
31404;201500020911;0;1;0;0.0;2.0;0.0;0.0;B01
31405;201500020911;0;7;0;0.0;2.0;4.0;9.0;A01
31406;201500020912;0;7;0;0.0;1.0;1.0;2.0;A01
31407;201500020914;0;7;0;0.0;1.0;4.0;20.0;A01
31408;201500020915;0;33;0;0.0;2.0;0.0;0.0;B01
31409;201500020915;0;7;0;0.0;2.0;0.0;15.0;A01
31410;201500020916;0;7;0;0.0;2.0;0.0;15.0;A01
31411;201500020916;0;2;0;0.0;2.0;1.0;2.0;B01
31412;201500020917;0;7;0;2.0;0.0;8.0;1.0;A01
31413;201500020918;0;7;0;0.0;2.0;2.0;15.0;A01
31414;201500020918;0;7;0;0.0;2.0;0.0;1.0;B01
31415;201500020919;0;7;0;0.0;2.0;5.0;9.0;A01
31416;201500020919;0;32;0;0.0;2.0;1.0;0.0;B01
31417;201500020919;0;7;0;0.0;2.0;1.0;0.0;C01
31418;201500020920;0;7;0;0.0;2.0;1.0;9.0;A01
31419;201500020920;0;1;0;0.0;2.0;7.0;2.0;B01
31420;201500020921;0;7;0;0.0;1.0;0.0;9.0;A01
31421;201500020923;0;33;0;3.0;0.0;3.0;2.0;A01
31422;201500020924;0;7;0;0.0;2.0;1.0;2.0;B01
31423;201500020924;0;32;0;0.0;2.0;7.0;2.0;A01
31424;201500020925;0;30;0;14.0;0.0;1.0;2.0;A01
31425;201500020926;0;7;0;0.0;1.0;1.0;20.0;A01
31426;201500020927;0;7;0;7.0;2.0;0.0;0.0;B01
31427;201500020927;0;7;0;0.0;2.0;0.0;0.0;A01
31428;201500020929;0;7;0;3.0;0.0;8.0;1.0;A01
31429;201500020930;0;7;0;0.0;2.0;1.0;2.0;A01
31430;201500020930;0;7;0;0.0;2.0;4.0;1.0;B01
31431;201500020931;0;7;0;0.0;1.0;3.0;2.0;A01
31432;201500020931;0;7;0;0.0;1.0;1.0;2.0;B01
31433;201500020932;0;31;0;0.0;2.0;1.0;1.0;B01
31434;201500020932;0;7;0;0.0;2.0;2.0;1.0;A01
31435;201500020933;0;34;0;2.0;0.0;1.0;13.0;A01
31436;201500020934;0;7;0;0.0;2.0;2.0;1.0;A01
31437;201500020934;0;7;0;0.0;2.0;3.0;1.0;B01
31438;201500020935;0;7;0;0.0;2.0;3.0;9.0;A01
31439;201500020935;0;32;0;0.0;2.0;0.0;1.0;B01
31440;201500020936;0;7;0;0.0;2.0;3.0;13.0;A01
31441;201500020936;0;7;0;0.0;2.0;3.0;1.0;B01
31442;201500020936;0;7;0;0.0;2.0;9.0;1.0;C01
31443;201500020937;0;33;0;0.0;2.0;1.0;7.0;A01
31444;201500020937;0;7;0;0.0;2.0;7.0;16.0;B01
31445;201500020938;0;7;0;0.0;2.0;1.0;1.0;A01
31446;201500020938;0;33;0;16.0;0.0;4.0;1.0;B01
31447;201500020939;0;7;0;0.0;2.0;4.0;1.0;A01
31448;201500020939;0;7;0;0.0;2.0;0.0;1.0;B01
31449;201500020939;0;7;0;0.0;2.0;1.0;2.0;C01
31450;201500020940;0;1;0;0.0;2.0;1.0;9.0;A01
31451;201500020940;0;7;0;0.0;2.0;2.0;2.0;B01
31452;201500020941;0;7;0;0.0;1.0;3.0;2.0;A01
31453;201500020942;0;7;0;0.0;2.0;0.0;1.0;A01
31454;201500020942;0;33;0;0.0;0.0;0.0;0.0;B01
31455;201500020943;0;7;0;16.0;0.0;9.0;0.0;A01
31456;201500020944;0;10;0;0.0;1.0;3.0;1.0;A01
31457;201500020945;0;7;0;0.0;2.0;3.0;9.0;A01
31458;201500020945;0;31;0;0.0;0.0;0.0;0.0;B01
31459;201500020946;0;7;0;0.0;1.0;4.0;4.0;A01
31460;201500020947;1;7;0;0.0;1.0;1.0;0.0;Z01
31461;201500020948;0;7;0;0.0;1.0;1.0;1.0;A01
31462;201500020949;0;10;0;0.0;2.0;3.0;2.0;A01
31463;201500020949;0;33;0;0.0;0.0;5.0;23.0;B01
31464;201500020950;0;7;0;0.0;1.0;5.0;4.0;A01
31465;201500020951;0;7;0;6.0;0.0;1.0;1.0;A01
31466;201500020952;0;7;0;0.0;2.0;2.0;22.0;A01
31467;201500020952;0;1;0;0.0;2.0;3.0;2.0;B01
31468;201500020953;0;2;0;0.0;2.0;1.0;0.0;A01
31469;201500020953;0;7;0;0.0;2.0;8.0;15.0;B01
31470;201500020953;0;7;0;0.0;2.0;4.0;24.0;C01
31471;201500020954;1;7;0;0.0;2.0;1.0;1.0;Z01
31472;201500020954;0;1;0;0.0;2.0;0.0;1.0;A01
31473;201500020955;0;7;0;15.0;2.0;8.0;2.0;B01
31474;201500020955;0;7;0;8.0;2.0;1.0;2.0;A01
31475;201500020956;0;7;0;15.0;0.0;1.0;0.0;A01
31476;201500020957;0;7;0;0.0;0.0;9.0;0.0;A01
31477;201500020958;0;37;3;0.0;1.0;2.0;2.0;A01
31478;201500020959;0;37;4;0.0;1.0;2.0;2.0;A01
31479;201500020960;0;7;0;0.0;2.0;1.0;9.0;A01
31480;201500020960;0;1;0;0.0;2.0;7.0;2.0;B01
31481;201500020961;0;7;0;15.0;0.0;8.0;1.0;A01
31482;201500020962;0;7;0;0.0;2.0;3.0;15.0;A01
31483;201500020962;0;34;0;0.0;2.0;3.0;1.0;B02
31484;201500020963;0;7;0;2.0;0.0;1.0;0.0;A01
31485;201500020964;0;10;0;0.0;2.0;6.0;15.0;A01
31486;201500020964;0;10;0;0.0;2.0;3.0;1.0;B02
31487;201500020965;0;7;0;0.0;2.0;3.0;1.0;B02
31488;201500020965;0;7;0;0.0;2.0;1.0;1.0;C03
31489;201500020965;0;7;0;0.0;2.0;3.0;13.0;A01
31490;201500020966;0;33;0;16.0;0.0;0.0;14.0;A01
31491;201500020967;0;3;0;0.0;0.0;2.0;14.0;A01
31492;201500020968;0;30;0;10.0;0.0;7.0;14.0;A01
31493;201500020969;0;33;0;0.0;2.0;3.0;17.0;A01
31494;201500020969;0;7;0;0.0;2.0;1.0;1.0;B02
31495;201500020970;0;14;0;0.0;0.0;6.0;9.0;A01
31496;201500020970;0;31;0;0.0;2.0;1.0;1.0;B02
31497;201500020971;0;1;0;0.0;2.0;1.0;1.0;B02
31498;201500020971;0;7;0;0.0;2.0;3.0;16.0;A01
31499;201500020972;0;7;0;0.0;2.0;3.0;13.0;A01
31500;201500020972;0;7;0;0.0;2.0;3.0;1.0;B02
31501;201500020973;0;7;0;0.0;0.0;6.0;1.0;B02
31502;201500020973;0;32;0;0.0;2.0;1.0;1.0;A01
31503;201500020974;0;7;0;0.0;2.0;5.0;1.0;B02
31504;201500020974;0;33;0;0.0;2.0;1.0;13.0;A01
31505;201500020975;0;30;0;3.0;0.0;0.0;19.0;A01
31506;201500020977;0;7;0;0.0;1.0;1.0;5.0;A01
31507;201500020978;0;30;0;0.0;2.0;1.0;13.0;A01
31508;201500020978;0;7;0;0.0;2.0;3.0;1.0;B02
31509;201500020979;0;33;0;0.0;2.0;1.0;13.0;A01
31510;201500020979;0;7;0;0.0;2.0;1.0;1.0;B02
31511;201500020980;0;7;0;0.0;2.0;1.0;1.0;B02
31512;201500020980;0;31;0;0.0;2.0;1.0;13.0;A01
31513;201500020981;0;14;0;0.0;2.0;1.0;1.0;A01
31514;201500020981;0;14;0;0.0;2.0;8.0;19.0;B02
31515;201500020982;0;7;0;4.0;0.0;7.0;1.0;A01
31516;201500020983;0;7;0;2.0;0.0;1.0;1.0;A01
31517;201500020984;0;31;0;0.0;2.0;4.0;1.0;A01
31518;201500020984;0;7;0;0.0;2.0;3.0;15.0;B02
31519;201500020985;0;2;0;0.0;2.0;4.0;1.0;B02
31520;201500020985;0;7;0;0.0;2.0;1.0;1.0;A01
31521;201500020986;0;7;0;0.0;2.0;8.0;15.0;A01
31522;201500020986;0;33;0;0.0;2.0;1.0;1.0;B02
31523;201500020987;0;7;0;0.0;2.0;8.0;1.0;C03
31524;201500020987;0;10;0;3.0;2.0;9.0;1.0;A01
31525;201500020987;0;7;0;0.0;2.0;8.0;1.0;B02
31526;201500020988;0;7;0;0.0;2.0;2.0;1.0;A01
31527;201500020988;0;7;0;0.0;2.0;3.0;1.0;B02
31528;201500020989;0;7;0;6.0;0.0;3.0;1.0;A01
31529;201500020990;0;7;0;6.0;0.0;1.0;1.0;A01
31530;201500020991;0;7;0;0.0;2.0;8.0;1.0;B02
31531;201500020991;0;33;0;0.0;2.0;8.0;1.0;A01
31532;201500020992;0;7;0;6.0;0.0;1.0;13.0;A01
31533;201500020993;0;7;0;2.0;0.0;1.0;13.0;A01
31534;201500020994;0;7;0;0.0;0.0;0.0;14.0;A01
31535;201500020997;0;7;0;0.0;2.0;5.0;13.0;A01
31536;201500020997;0;10;0;0.0;2.0;1.0;1.0;B02
31537;201500020998;0;7;0;8.0;0.0;1.0;9.0;A01
31538;201500020999;0;7;0;0.0;2.0;6.0;1.0;A01
31539;201500020999;0;10;0;0.0;2.0;3.0;1.0;B02
31540;201500021000;0;7;0;12.0;1.0;5.0;20.0;A01
31541;201500021001;0;7;0;0.0;2.0;7.0;1.0;B02
31542;201500021001;0;7;0;0.0;2.0;1.0;9.0;A01
31543;201500021002;0;14;0;0.0;1.0;2.0;1.0;A01
31544;201500021003;1;99;0;0.0;1.0;0.0;0.0;A01
31545;201500021004;0;7;0;0.0;2.0;1.0;1.0;A01
31546;201500021004;0;7;0;0.0;2.0;1.0;15.0;B02
31547;201500021005;0;7;0;0.0;2.0;1.0;1.0;A01
31548;201500021005;0;7;0;0.0;2.0;9.0;1.0;B02
31549;201500021005;0;7;0;0.0;2.0;4.0;15.0;C03
31550;201500021006;0;7;0;0.0;2.0;3.0;6.0;A01
31551;201500021006;0;31;0;0.0;2.0;1.0;1.0;B02
31552;201500021007;0;1;0;0.0;0.0;1.0;0.0;A01
31553;201500021007;0;14;0;0.0;0.0;8.0;1.0;B02
31554;201500021008;0;7;0;0.0;1.0;2.0;1.0;A01
31555;201500021009;0;33;0;12.0;0.0;6.0;1.0;A01
31556;201500021010;0;7;0;0.0;2.0;8.0;1.0;A01
31557;201500021010;0;33;0;0.0;2.0;7.0;1.0;B02
31558;201500021011;0;7;0;2.0;0.0;2.0;1.0;A01
31559;201500021012;0;7;0;4.0;0.0;9.0;1.0;A01
31560;201500021013;0;7;0;0.0;0.0;4.0;2.0;B02
31561;201500021013;0;7;0;0.0;2.0;1.0;1.0;A01
31562;201500021014;0;7;0;4.0;2.0;2.0;17.0;A01
31563;201500021014;0;14;0;0.0;0.0;6.0;1.0;B02
31564;201500021015;0;7;0;3.0;0.0;8.0;17.0;A01
31565;201500021016;0;7;0;13.0;0.0;1.0;21.0;A01
31566;201500021017;0;7;0;4.0;0.0;3.0;13.0;A01
31567;201500021018;0;15;0;0.0;0.0;0.0;1.0;A01
31568;201500021019;0;7;0;0.0;2.0;1.0;2.0;A01
31569;201500021019;0;14;0;0.0;2.0;5.0;2.0;B02
31570;201500021020;0;7;0;4.0;0.0;3.0;11.0;A01
31571;201500021020;0;7;0;4.0;0.0;3.0;11.0;B02
31572;201500021020;0;7;0;0.0;0.0;6.0;11.0;C03
31573;201500021021;0;7;0;0.0;2.0;1.0;1.0;A01
31574;201500021021;0;7;0;0.0;2.0;4.0;1.0;B02
31575;201500021022;0;15;0;0.0;2.0;2.0;2.0;A01
31576;201500021022;0;7;0;0.0;2.0;6.0;2.0;B02
31577;201500021024;0;7;0;0.0;2.0;3.0;1.0;A01
31578;201500021024;0;7;0;0.0;2.0;5.0;1.0;B02
31579;201500021025;0;7;0;4.0;2.0;3.0;1.0;A01
31580;201500021025;0;14;0;0.0;2.0;5.0;2.0;B02
31581;201500021026;0;14;0;0.0;2.0;1.0;2.0;A01
31582;201500021026;0;7;0;0.0;0.0;4.0;0.0;C03
31583;201500021027;0;7;0;0.0;1.0;2.0;1.0;A01
31584;201500021028;0;7;0;0.0;2.0;1.0;16.0;B01
31585;201500021028;0;7;0;0.0;2.0;1.0;15.0;A01
31586;201500021029;0;7;0;0.0;0.0;0.0;0.0;A01
31587;201500021029;0;1;0;0.0;0.0;0.0;0.0;B01
31588;201500021030;0;7;0;0.0;1.0;6.0;4.0;A01
31589;201500021031;0;7;0;0.0;2.0;1.0;1.0;A01
31590;201500021031;0;30;0;0.0;2.0;1.0;1.0;B01
31591;201500021032;0;7;0;0.0;0.0;0.0;0.0;B01
31592;201500021032;0;7;0;0.0;0.0;0.0;0.0;A01
31593;201500021033;0;1;0;0.0;2.0;0.0;2.0;B01
31594;201500021033;0;7;0;0.0;2.0;1.0;2.0;A01
31595;201500021034;0;30;0;0.0;2.0;0.0;0.0;B01
31596;201500021034;0;7;0;0.0;2.0;0.0;0.0;A01
31597;201500021035;2;7;0;0.0;1.0;2.0;2.0;A01
31598;201500021036;0;7;0;0.0;2.0;0.0;0.0;B01
31599;201500021036;0;7;0;0.0;2.0;0.0;0.0;A01
31600;201500021037;0;7;0;0.0;2.0;1.0;0.0;A01
31601;201500021037;0;7;0;0.0;0.0;3.0;1.0;B01
31602;201500021038;0;7;0;0.0;2.0;3.0;15.0;A01
31603;201500021038;0;7;0;0.0;0.0;8.0;1.0;B01
31604;201500021039;0;7;0;0.0;2.0;3.0;15.0;A01
31605;201500021039;0;2;0;0.0;0.0;1.0;17.0;B01
31606;201500021040;0;37;0;0.0;1.0;1.0;1.0;A01
31607;201500021041;0;10;0;0.0;1.0;4.0;0.0;A01
31608;201500021042;0;30;0;0.0;2.0;7.0;1.0;B01
31609;201500021042;0;7;0;0.0;2.0;1.0;9.0;A01
31610;201500021043;0;7;0;0.0;1.0;2.0;0.0;A01
31611;201500021044;0;7;0;0.0;0.0;0.0;0.0;B01
31612;201500021044;0;30;0;0.0;0.0;0.0;0.0;A01
31613;201500021045;0;7;0;0.0;2.0;3.0;13.0;A01
31614;201500021045;0;7;0;0.0;2.0;8.0;1.0;B01
31615;201500021045;0;7;0;0.0;0.0;0.0;21.0;C01
31616;201500021046;0;7;0;0.0;0.0;0.0;0.0;A01
31617;201500021046;0;33;0;0.0;0.0;0.0;0.0;B01
31618;201500021047;0;30;0;0.0;1.0;1.0;19.0;A01
31619;201500021048;0;7;0;0.0;1.0;1.0;1.0;A01
31620;201500021049;0;7;0;0.0;1.0;0.0;0.0;A01
31621;201500021050;0;1;0;0.0;0.0;0.0;0.0;B01
31622;201500021050;0;7;0;0.0;0.0;0.0;0.0;A01
31623;201500021051;1;7;0;0.0;2.0;2.0;12.0;B02
31624;201500021051;0;33;0;0.0;2.0;3.0;2.0;A01
31625;201500021052;0;7;0;0.0;2.0;1.0;2.0;A01
31626;201500021052;0;33;0;0.0;2.0;7.0;23.0;E05
31627;201500021052;0;7;0;0.0;2.0;4.0;23.0;D04
31628;201500021052;0;7;0;0.0;2.0;6.0;23.0;B02
31629;201500021052;0;7;0;0.0;2.0;5.0;23.0;C03
31630;201500021053;0;7;0;0.0;2.0;4.0;23.0;B02
31631;201500021053;0;10;0;0.0;2.0;1.0;2.0;A01
31632;201500021054;0;7;0;0.0;1.0;4.0;4.0;A01
31633;201500021055;0;33;0;0.0;2.0;1.0;1.0;B01
31634;201500021055;0;7;0;0.0;2.0;3.0;15.0;A01
31635;201500021056;0;10;0;0.0;1.0;1.0;1.0;A01
31636;201500021057;0;7;0;0.0;1.0;2.0;1.0;A01
31637;201500021058;0;33;0;0.0;0.0;3.0;15.0;B01
31638;201500021058;0;7;0;0.0;2.0;8.0;16.0;A01
31639;201500021059;0;7;0;0.0;2.0;8.0;10.0;A01
31640;201500021059;0;33;0;0.0;2.0;1.0;1.0;B01
31641;201500021060;0;7;0;0.0;2.0;3.0;1.0;B01
31642;201500021060;1;7;0;0.0;0.0;0.0;0.0;A01
31643;201500021060;0;1;0;0.0;2.0;1.0;1.0;Y01
31644;201500021061;0;31;0;0.0;2.0;1.0;1.0;B01
31645;201500021061;0;7;0;0.0;2.0;3.0;15.0;A01
31646;201500021062;0;7;0;2.0;0.0;1.0;1.0;A01
31647;201500021063;0;33;0;0.0;2.0;0.0;1.0;B01
31648;201500021063;0;7;0;0.0;2.0;3.0;15.0;A01
31649;201500021064;0;33;0;0.0;2.0;8.0;11.0;B02
31650;201500021064;0;33;0;0.0;2.0;7.0;1.0;A01
31651;201500021066;0;7;0;0.0;0.0;9.0;1.0;A01
31652;201500021067;0;7;0;13.0;2.0;6.0;18.0;A01
31653;201500021067;0;7;0;0.0;2.0;2.0;1.0;B02
31654;201500021068;0;7;0;3.0;0.0;1.0;17.0;A01
31655;201500021069;0;7;0;0.0;2.0;1.0;2.0;A01
31656;201500021069;0;7;0;4.0;2.0;4.0;2.0;B02
31657;201500021070;0;7;0;0.0;2.0;8.0;19.0;A01
31658;201500021070;0;14;0;0.0;2.0;1.0;1.0;B02
31659;201500021071;0;17;0;3.0;2.0;3.0;1.0;B02
31660;201500021071;0;7;0;0.0;2.0;3.0;13.0;A01
31661;201500021072;0;7;0;0.0;2.0;3.0;1.0;B02
31662;201500021072;0;10;0;0.0;2.0;3.0;13.0;A01
31663;201500021073;0;7;0;13.0;0.0;9.0;14.0;A01
31664;201500021074;0;7;0;3.0;0.0;8.0;13.0;A01
31665;201500021075;0;10;0;4.0;2.0;2.0;17.0;A01
31666;201500021075;0;21;0;0.0;2.0;6.0;1.0;B01
31667;201500021077;0;7;0;0.0;2.0;3.0;1.0;A01
31668;201500021077;0;31;0;0.0;2.0;1.0;1.0;B02
31669;201500021078;0;34;0;13.0;0.0;1.0;1.0;A01
31670;201500021079;0;7;0;0.0;2.0;2.0;9.0;A01
31671;201500021079;0;33;0;0.0;2.0;7.0;3.0;B02
31672;201500021080;0;7;0;0.0;1.0;3.0;20.0;A01
31673;201500021083;0;33;0;0.0;2.0;7.0;1.0;B02
31674;201500021083;0;7;0;0.0;2.0;3.0;19.0;A01
31675;201500021084;0;10;0;0.0;2.0;1.0;21.0;A01
31676;201500021084;0;15;0;0.0;2.0;3.0;1.0;B02
31677;201500021084;0;15;0;0.0;2.0;3.0;1.0;C03
31678;201500021085;0;15;0;0.0;2.0;3.0;13.0;A01
31679;201500021085;0;7;0;0.0;2.0;8.0;1.0;B02
31680;201500021085;0;10;0;0.0;2.0;3.0;13.0;C03
31681;201500021085;0;7;0;0.0;9.0;1.0;1.0;D04
31682;201500021087;0;1;0;1.0;0.0;1.0;1.0;A01
31683;201500021088;0;7;0;0.0;2.0;1.0;1.0;B01
31684;201500021088;0;30;0;0.0;2.0;1.0;15.0;A01
31685;201500021090;0;14;0;3.0;2.0;3.0;21.0;B01
31686;201500021090;0;7;0;3.0;2.0;3.0;1.0;A01
31687;201500021091;0;7;0;0.0;1.0;1.0;1.0;A01
31688;201500021092;0;7;0;0.0;1.0;3.0;1.0;A01
31689;201500021093;0;7;0;0.0;1.0;0.0;0.0;A01
31690;201500021094;0;7;0;0.0;0.0;0.0;0.0;A01
31691;201500021095;0;7;0;0.0;2.0;3.0;1.0;B01
31692;201500021095;0;30;0;0.0;2.0;1.0;1.0;A01
31693;201500021096;0;1;0;0.0;0.0;0.0;0.0;B01
31694;201500021096;0;10;0;0.0;2.0;1.0;19.0;A01
31695;201500021097;0;33;0;0.0;2.0;8.0;1.0;B01
31696;201500021097;1;7;0;0.0;2.0;2.0;15.0;A01
31697;201500021098;0;7;0;0.0;2.0;5.0;15.0;A01
31698;201500021098;0;33;0;0.0;2.0;1.0;1.0;B01
31699;201500021100;0;37;0;0.0;1.0;2.0;16.0;A01
31700;201500021101;0;7;0;0.0;1.0;1.0;0.0;A01
31701;201500021102;0;7;0;0.0;2.0;3.0;1.0;B02
31702;201500021102;0;3;0;0.0;2.0;8.0;15.0;A01
31703;201500021103;0;7;0;0.0;2.0;3.0;17.0;A01
31704;201500021103;0;7;0;0.0;2.0;3.0;1.0;B02
31705;201500021104;0;10;0;3.0;2.0;4.0;23.0;A01
31706;201500021104;0;10;0;1.0;1.0;1.0;1.0;D04
31707;201500021106;0;17;0;3.0;2.0;2.0;6.0;A01
31708;201500021106;0;7;0;0.0;2.0;6.0;1.0;B02
31709;201500021106;0;17;0;0.0;2.0;2.0;1.0;C03
31710;201500021106;0;7;0;0.0;0.0;0.0;1.0;D04
31711;201500021107;0;14;0;6.0;0.0;3.0;0.0;A01
31712;201500021108;0;7;0;16.0;0.0;1.0;0.0;A01
31713;201500021109;0;17;0;0.0;2.0;6.0;1.0;A01
31714;201500021109;0;17;0;0.0;2.0;3.0;1.0;B02
31715;201500021110;0;7;0;0.0;2.0;2.0;1.0;A01
31716;201500021110;0;38;36;0.0;2.0;1.0;1.0;B02