;Num_Acc;senc;catv;occutc;obs;obsm;choc;manv;num_veh
32138;201500021378;0;7;0;0.0;2.0;5.0;2.0;D04
32139;201500021379;0;7;0;0.0;2.0;1.0;2.0;A01
32140;201500021379;0;7;0;0.0;2.0;4.0;2.0;B02
32141;201500021379;0;7;0;0.0;2.0;4.0;2.0;C03
32142;201500021379;0;7;0;0.0;2.0;4.0;2.0;D04
32143;201500021379;0;7;0;0.0;2.0;4.0;2.0;E05
32144;201500021379;0;7;0;0.0;2.0;4.0;2.0;F06
32145;201500021380;0;7;0;0.0;0.0;8.0;23.0;A01
32146;201500021380;0;10;0;0.0;2.0;1.0;2.0;B02
32147;201500021381;0;7;0;13.0;0.0;1.0;1.0;A01
32148;201500021382;0;7;0;0.0;2.0;2.0;17.0;A01
32149;201500021382;0;7;0;0.0;2.0;8.0;11.0;B02
32150;201500021383;0;7;0;13.0;0.0;1.0;1.0;A01
32151;201500021385;0;7;0;0.0;2.0;2.0;1.0;A01
32152;201500021385;0;15;0;0.0;0.0;6.0;12.0;B02
32153;201500021386;0;14;0;3.0;0.0;9.0;1.0;A01
32154;201500021387;0;7;0;0.0;2.0;3.0;12.0;A01
32155;201500021387;1;7;0;0.0;2.0;0.0;17.0;B02
32156;201500021388;0;7;0;0.0;2.0;8.0;1.0;A01
32157;201500021388;0;7;0;0.0;2.0;2.0;17.0;B02
32158;201500021388;0;7;0;0.0;0.0;0.0;1.0;C03
32159;201500021389;0;7;0;13.0;0.0;1.0;16.0;A01
32160;201500021390;0;10;0;6.0;0.0;1.0;1.0;A01
32161;201500021391;0;7;0;3.0;0.0;2.0;21.0;A01
32162;201500021392;0;7;0;0.0;2.0;1.0;2.0;A01
32163;201500021392;0;7;0;0.0;2.0;4.0;2.0;B02
32164;201500021394;0;10;0;3.0;0.0;2.0;1.0;A01
32165;201500021395;0;7;0;3.0;0.0;1.0;12.0;A01
32166;201500021396;0;7;0;13.0;0.0;1.0;2.0;A01
32167;201500021397;0;7;0;13.0;0.0;2.0;14.0;A01
32168;201500021398;0;7;0;0.0;0.0;2.0;1.0;A01
32169;201500021399;0;33;0;0.0;0.0;7.0;1.0;A01
32170;201500021400;0;15;0;0.0;0.0;4.0;2.0;A01
32171;201500021400;0;10;0;0.0;0.0;1.0;2.0;B02
32172;201500021401;0;7;0;3.0;2.0;2.0;14.0;A01
32173;201500021401;0;10;0;0.0;2.0;3.0;1.0;B02
32174;201500021402;0;7;0;3.0;0.0;1.0;14.0;A01
32175;201500021403;0;7;0;13.0;2.0;6.0;14.0;A01
32176;201500021403;0;7;0;13.0;2.0;1.0;2.0;B02
32177;201500021404;0;7;0;13.0;0.0;1.0;16.0;A01
32178;201500021405;0;7;0;3.0;0.0;2.0;17.0;A01
32179;201500021406;0;10;0;1.0;0.0;1.0;1.0;A01
32180;201500021406;0;15;0;0.0;2.0;6.0;1.0;D04
32181;201500021407;0;7;0;13.0;0.0;2.0;2.0;A01
32182;201500021408;0;7;0;8.0;0.0;7.0;13.0;A01
32183;201500021409;0;7;0;3.0;2.0;3.0;11.0;A01
32184;201500021409;0;7;0;0.0;2.0;3.0;1.0;C03
32185;201500021410;0;7;0;0.0;2.0;2.0;13.0;A01
32186;201500021410;0;7;0;0.0;0.0;6.0;1.0;B02
32187;201500021411;0;7;0;3.0;0.0;8.0;17.0;A01
32188;201500021412;0;7;0;13.0;0.0;9.0;13.0;A01
32189;201500021413;0;7;0;0.0;2.0;3.0;1.0;B02
32190;201500021413;0;7;0;0.0;2.0;3.0;5.0;A01
32191;201500021414;0;7;0;0.0;2.0;2.0;2.0;A01
32192;201500021414;0;7;0;0.0;2.0;3.0;1.0;B02
32193;201500021415;0;7;0;0.0;2.0;4.0;1.0;B02
32194;201500021415;0;14;0;0.0;0.0;4.0;1.0;C03
32195;201500021415;0;14;0;0.0;2.0;1.0;1.0;A01
32196;201500021416;0;7;0;0.0;1.0;1.0;2.0;A01
32197;201500021417;0;10;0;0.0;2.0;3.0;1.0;B02
32198;201500021417;0;7;0;13.0;2.0;1.0;1.0;A01
32199;201500021418;0;33;0;13.0;0.0;1.0;2.0;A01
32200;201500021419;0;7;0;13.0;0.0;2.0;1.0;A01
32201;201500021420;0;7;0;0.0;2.0;4.0;2.0;B02
32202;201500021420;0;7;0;0.0;2.0;1.0;2.0;A01
32203;201500021422;0;34;0;0.0;0.0;8.0;1.0;A01
32204;201500021423;0;33;0;0.0;2.0;4.0;2.0;B02
32205;201500021423;0;7;0;0.0;2.0;1.0;2.0;A01
32206;201500021426;0;2;0;6.0;0.0;7.0;1.0;A01
32207;201500021428;0;7;0;2.0;0.0;1.0;13.0;A01
32208;201500021429;0;33;0;0.0;0.0;0.0;0.0;A01
32209;201500021430;0;7;0;0.0;1.0;2.0;2.0;A01
32210;201500021432;0;7;0;0.0;0.0;3.0;1.0;B02
32211;201500021432;0;7;0;0.0;0.0;3.0;15.0;A01
32212;201500021433;0;7;0;0.0;2.0;3.0;9.0;B02
32213;201500021433;0;7;0;0.0;2.0;2.0;1.0;A01
32214;201500021434;0;7;0;8.0;0.0;1.0;1.0;A01
32215;201500021435;0;33;0;0.0;0.0;1.0;21.0;A01
32216;201500021436;0;7;0;16.0;0.0;9.0;19.0;A01
32217;201500021437;0;7;0;2.0;0.0;1.0;13.0;A01
32218;201500021439;0;7;0;0.0;2.0;3.0;1.0;B02
32219;201500021439;0;7;0;0.0;2.0;2.0;15.0;A01
32220;201500021440;0;99;0;2.0;0.0;2.0;1.0;B02
32221;201500021440;0;10;0;0.0;0.0;0.0;1.0;A01
32222;201500021441;0;33;0;16.0;0.0;0.0;0.0;A01
32223;201500021442;0;21;0;0.0;0.0;3.0;15.0;B02
32224;201500021442;0;33;0;0.0;2.0;1.0;17.0;A01
32225;201500021443;0;33;0;12.0;0.0;1.0;13.0;A01
32226;201500021444;0;7;0;0.0;2.0;1.0;1.0;B02
32227;201500021444;0;7;0;0.0;2.0;1.0;5.0;A01
32228;201500021445;0;7;0;0.0;0.0;5.0;5.0;A01
32229;201500021446;0;7;0;0.0;2.0;1.0;0.0;B02
32230;201500021446;0;7;0;0.0;2.0;1.0;0.0;A01
32231;201500021447;0;32;0;4.0;0.0;9.0;1.0;A01
32232;201500021448;0;30;0;0.0;2.0;3.0;1.0;B02
32233;201500021448;0;38;1;0.0;2.0;5.0;17.0;A01
32234;201500021449;0;31;0;0.0;1.0;1.0;1.0;A01
32235;201500021450;0;31;0;12.0;0.0;7.0;14.0;A01
32236;201500021451;0;7;0;1.0;2.0;1.0;13.0;A01
32237;201500021451;0;13;0;0.0;2.0;1.0;1.0;B02
32238;201500021452;0;7;0;0.0;1.0;1.0;1.0;A01
32239;201500021453;0;7;0;0.0;1.0;2.0;1.0;A01
32240;201500021454;0;7;0;0.0;0.0;0.0;16.0;A01
32241;201500021454;0;7;0;0.0;2.0;5.0;1.0;B02
32242;201500021454;0;33;0;0.0;2.0;1.0;1.0;C03
32243;201500021455;0;10;0;8.0;0.0;9.0;13.0;A01
32244;201500021456;0;33;0;0.0;2.0;1.0;19.0;A01
32245;201500021456;0;7;0;0.0;2.0;2.0;1.0;B02
32246;201500021457;0;14;0;0.0;0.0;8.0;1.0;B02
32247;201500021457;0;33;0;0.0;0.0;8.0;17.0;A01
32248;201500021458;0;7;0;0.0;2.0;8.0;1.0;A01
32249;201500021459;0;33;0;16.0;0.0;9.0;17.0;A01
32250;201500021460;1;7;0;14.0;1.0;1.0;1.0;A01
32251;201500021461;0;7;0;8.0;2.0;7.0;15.0;A01
32252;201500021461;0;7;0;0.0;2.0;1.0;1.0;B02
32253;201500021462;0;7;0;0.0;2.0;3.0;1.0;A01
32254;201500021462;0;1;0;0.0;2.0;7.0;1.0;B02
32255;201500021463;0;36;0;13.0;0.0;2.0;1.0;A01
32256;201500021464;2;7;0;6.0;0.0;3.0;1.0;A01
32257;201500021465;0;1;0;0.0;2.0;8.0;1.0;B02
32258;201500021465;0;7;0;0.0;9.0;1.0;19.0;A01
32259;201500021466;0;7;0;0.0;2.0;7.0;1.0;A01
32260;201500021466;0;7;0;0.0;2.0;1.0;1.0;B02
32261;201500021467;0;7;0;3.0;0.0;8.0;13.0;A01
32262;201500021468;0;7;0;0.0;2.0;2.0;1.0;A01
32263;201500021468;0;10;0;3.0;0.0;3.0;9.0;B02
32264;201500021469;0;7;0;0.0;2.0;1.0;2.0;A01
32265;201500021469;0;7;0;0.0;2.0;4.0;1.0;B02
32266;201500021469;0;7;0;0.0;2.0;1.0;2.0;C03
32267;201500021470;0;7;0;0.0;2.0;2.0;13.0;A01
32268;201500021470;0;15;0;0.0;2.0;2.0;15.0;B02
32269;201500021471;0;10;0;0.0;0.0;0.0;1.0;A01
32270;201500021472;0;7;0;0.0;2.0;1.0;2.0;A01
32271;201500021472;0;7;0;0.0;0.0;4.0;2.0;B02
32272;201500021473;0;7;0;0.0;2.0;2.0;17.0;A01
32273;201500021473;0;15;0;0.0;0.0;0.0;1.0;B02
32274;201500021474;0;7;0;4.0;0.0;3.0;1.0;A01
32275;201500021475;0;7;0;7.0;0.0;1.0;1.0;A01
32276;201500021476;0;7;0;4.0;2.0;1.0;17.0;A01
32277;201500021476;0;7;0;0.0;2.0;6.0;1.0;B02
32278;201500021477;0;7;0;0.0;2.0;2.0;2.0;A01
32279;201500021477;0;17;0;0.0;0.0;6.0;2.0;B02
32280;201500021478;0;7;0;4.0;0.0;1.0;1.0;A01
32281;201500021479;0;7;0;0.0;2.0;1.0;2.0;A01
32282;201500021479;0;7;0;0.0;2.0;4.0;2.0;B02
32283;201500021480;0;7;0;4.0;0.0;2.0;17.0;A01
32284;201500021480;0;7;0;0.0;0.0;4.0;23.0;B02
32285;201500021480;0;7;0;1.0;0.0;1.0;0.0;C03
32286;201500021482;0;7;0;0.0;2.0;1.0;1.0;B01
32287;201500021482;0;7;0;0.0;2.0;1.0;21.0;A02
32288;201500021483;0;7;0;2.0;0.0;2.0;5.0;A01
32289;201500021484;0;99;0;13.0;0.0;1.0;1.0;A01
32290;201500021485;0;7;0;16.0;0.0;9.0;1.0;A01
32291;201500021486;0;7;0;0.0;2.0;3.0;15.0;A01
32292;201500021486;0;33;0;0.0;2.0;1.0;1.0;B02
32293;201500021488;0;7;0;0.0;2.0;3.0;1.0;B02
32294;201500021488;0;7;0;0.0;2.0;3.0;13.0;A01
32295;201500021489;0;7;0;0.0;2.0;3.0;13.0;A01
32296;201500021489;0;7;0;0.0;2.0;3.0;1.0;B02
32297;201500021490;0;13;0;0.0;2.0;3.0;1.0;B02
32298;201500021490;0;7;0;0.0;2.0;3.0;13.0;A01
32299;201500021491;0;7;0;0.0;2.0;4.0;23.0;B02
32300;201500021491;0;7;0;1.0;1.0;1.0;1.0;A01
32301;201500021492;0;7;0;0.0;1.0;2.0;19.0;A01
32302;201500021494;0;7;0;0.0;2.0;2.0;15.0;A01
32303;201500021494;0;7;0;0.0;2.0;3.0;1.0;B02
32304;201500021495;0;7;0;0.0;1.0;3.0;1.0;A01
32305;201500021496;0;10;0;0.0;1.0;6.0;4.0;A01
32306;201500021498;0;7;0;0.0;0.0;2.0;1.0;A01
32307;201500021498;0;30;0;0.0;0.0;1.0;1.0;B02
32308;201500021499;0;2;0;0.0;2.0;8.0;15.0;B02
32309;201500021499;0;7;0;0.0;2.0;7.0;17.0;A01
32310;201500021501;0;7;0;0.0;2.0;3.0;1.0;A01
32311;201500021501;0;7;0;0.0;2.0;3.0;15.0;B01
32312;201500021502;0;7;0;0.0;2.0;1.0;2.0;A01
32313;201500021502;0;7;0;0.0;0.0;0.0;0.0;B01
32314;201500021503;0;7;0;0.0;2.0;3.0;15.0;A01
32315;201500021503;0;7;0;0.0;2.0;1.0;1.0;B01
32316;201500021504;1;10;0;0.0;1.0;3.0;1.0;A01
32317;201500021505;0;7;0;0.0;1.0;0.0;0.0;A01
32318;201500021506;0;1;0;0.0;2.0;1.0;21.0;B01
32319;201500021506;0;7;0;0.0;2.0;1.0;15.0;A01
32320;201500021508;0;2;0;0.0;2.0;2.0;1.0;A01
32321;201500021508;0;7;0;0.0;2.0;1.0;15.0;B01
32322;201500021509;0;30;0;0.0;2.0;4.0;1.0;A01
32323;201500021509;0;15;0;0.0;0.0;4.0;0.0;B01
32324;201500021510;0;32;0;0.0;2.0;1.0;17.0;A01
32325;201500021510;0;7;0;0.0;2.0;8.0;15.0;B01
32326;201500021511;0;7;0;0.0;2.0;1.0;2.0;A01
32327;201500021511;0;7;0;0.0;2.0;4.0;2.0;B01
32328;201500021513;0;7;0;0.0;1.0;1.0;1.0;A01
32329;201500021514;0;7;0;0.0;2.0;0.0;5.0;A01
32330;201500021514;0;2;0;0.0;2.0;1.0;1.0;B01
32331;201500021515;0;7;0;0.0;1.0;1.0;1.0;A01
32332;201500021516;0;7;0;0.0;2.0;1.0;6.0;A01
32333;201500021516;0;33;0;0.0;0.0;0.0;0.0;B01
32334;201500021517;0;33;0;0.0;2.0;1.0;1.0;B01
32335;201500021517;0;7;0;0.0;2.0;3.0;9.0;A01
32336;201500021518;0;1;0;0.0;2.0;1.0;1.0;B01
32337;201500021518;0;7;0;0.0;2.0;3.0;16.0;A01
32338;201500021519;0;7;0;0.0;1.0;1.0;1.0;A01
32339;201500021520;0;7;0;0.0;2.0;3.0;1.0;B01
32340;201500021520;1;7;0;0.0;2.0;1.0;0.0;Z01
32341;201500021521;0;33;0;0.0;2.0;1.0;1.0;A01
32342;201500021521;0;7;0;0.0;2.0;8.0;1.0;B01
32343;201500021522;0;1;0;0.0;2.0;1.0;0.0;A01
32344;201500021522;0;7;0;0.0;2.0;6.0;0.0;B01
32345;201500021523;0;7;0;0.0;2.0;2.0;15.0;A01
32346;201500021523;0;30;0;0.0;2.0;1.0;1.0;B01
32347;201500021524;0;2;0;0.0;2.0;7.0;2.0;A01
32348;201500021524;0;7;0;0.0;2.0;8.0;15.0;B01
32349;201500021525;0;33;0;0.0;2.0;3.0;1.0;A01
32350;201500021525;0;7;0;0.0;2.0;1.0;15.0;B01
32351;201500021526;0;30;0;0.0;2.0;1.0;9.0;A01
32352;201500021526;0;7;0;0.0;2.0;2.0;1.0;B01
32353;201500021527;0;7;0;0.0;2.0;1.0;2.0;A01
32354;201500021527;0;7;0;0.0;0.0;6.0;1.0;B01
32355;201500021528;0;7;0;0.0;2.0;8.0;22.0;A01
32356;201500021528;0;1;0;1.0;0.0;1.0;1.0;B01
32357;201500021529;0;7;0;0.0;2.0;6.0;9.0;A01
32358;201500021529;0;7;0;0.0;2.0;1.0;1.0;B01
32359;201500021530;0;32;0;0.0;1.0;0.0;0.0;A01
32360;201500021531;0;1;0;0.0;2.0;1.0;5.0;A01
32361;201500021531;0;7;0;0.0;9.0;2.0;0.0;B01
32362;201500021532;0;10;0;0.0;2.0;2.0;1.0;A01
32363;201500021532;0;7;0;0.0;2.0;3.0;1.0;B01
32364;201500021533;0;30;0;0.0;2.0;5.0;12.0;A01
32365;201500021533;0;7;0;0.0;2.0;1.0;1.0;B01
32366;201500021535;0;13;0;1.0;0.0;1.0;6.0;A01
32367;201500021536;0;7;0;0.0;1.0;2.0;1.0;A01
32368;201500021537;0;7;0;0.0;1.0;1.0;9.0;A01
32369;201500021538;0;7;0;0.0;2.0;5.0;1.0;A01
32370;201500021538;0;7;0;0.0;2.0;1.0;9.0;B01
32371;201500021539;0;7;0;0.0;1.0;7.0;1.0;A01
32372;201500021540;0;7;0;12.0;0.0;1.0;1.0;A01
32373;201500021541;0;7;0;0.0;1.0;1.0;1.0;A01
32374;201500021542;0;37;1;0.0;1.0;0.0;0.0;A01
32375;201500021543;0;7;0;2.0;0.0;8.0;0.0;A01
32376;201500021544;0;7;0;0.0;2.0;2.0;0.0;A01
32377;201500021544;0;30;0;0.0;0.0;0.0;0.0;B01
32378;201500021545;0;7;0;0.0;2.0;2.0;16.0;A01
32379;201500021545;0;31;0;0.0;0.0;6.0;1.0;B01
32380;201500021546;0;7;0;0.0;1.0;0.0;0.0;A01
32381;201500021547;0;10;0;0.0;2.0;1.0;1.0;A01
32382;201500021547;0;7;0;0.0;2.0;4.0;1.0;B01
32383;201500021547;0;7;0;0.0;0.0;4.0;1.0;C01
32384;201500021548;0;7;0;0.0;1.0;4.0;4.0;A01
32385;201500021549;0;1;0;0.0;2.0;1.0;1.0;A01
32386;201500021549;0;7;0;0.0;2.0;3.0;9.0;B01
32387;201500021550;0;7;0;0.0;2.0;3.0;19.0;A01
32388;201500021550;0;30;0;0.0;2.0;1.0;1.0;B01
32389;201500021551;0;2;0;0.0;0.0;0.0;0.0;A01
32390;201500021552;0;7;0;0.0;2.0;1.0;0.0;A01
32391;201500021552;0;7;0;6.0;2.0;2.0;1.0;B01
32392;201500021553;0;40;1;0.0;2.0;1.0;1.0;B01
32393;201500021553;0;7;0;0.0;4.0;0.0;19.0;A01
32394;201500021554;0;7;0;0.0;1.0;3.0;6.0;A01
32395;201500021555;0;7;0;0.0;2.0;2.0;0.0;A01
32396;201500021555;0;7;0;0.0;2.0;0.0;0.0;B01
32397;201500021555;0;7;0;0.0;0.0;0.0;0.0;C01
32398;201500021556;0;14;0;0.0;2.0;1.0;1.0;B01
32399;201500021556;0;7;0;0.0;2.0;8.0;19.0;A01
32400;201500021557;0;7;0;0.0;2.0;1.0;1.0;A01
32401;201500021557;0;7;0;0.0;2.0;4.0;0.0;B01
32402;201500021557;0;7;0;0.0;2.0;4.0;0.0;C01
32403;201500021558;0;7;0;0.0;2.0;1.0;1.0;A01
32404;201500021558;0;7;0;0.0;2.0;0.0;0.0;B01
32405;201500021558;0;7;0;0.0;2.0;4.0;0.0;C01
32406;201500021559;0;7;0;0.0;1.0;1.0;16.0;A01
32407;201500021560;0;7;0;0.0;1.0;3.0;1.0;A01
32408;201500021561;0;1;0;0.0;2.0;3.0;0.0;A01
32409;201500021561;0;7;0;0.0;2.0;2.0;0.0;B01
32410;201500021562;0;7;0;0.0;1.0;2.0;0.0;A01
32411;201500021563;0;7;0;0.0;2.0;0.0;0.0;A01
32412;201500021563;0;7;0;0.0;2.0;4.0;0.0;B01
32413;201500021564;0;33;0;0.0;2.0;1.0;0.0;A01
32414;201500021564;0;7;0;0.0;2.0;6.0;0.0;B01
32415;201500021565;0;7;0;0.0;2.0;1.0;1.0;A01
32416;201500021565;0;10;0;0.0;2.0;8.0;1.0;B01
32417;201500021566;0;7;0;0.0;2.0;5.0;15.0;B01
32418;201500021566;0;7;0;0.0;2.0;1.0;9.0;A01
32419;201500021567;0;7;0;0.0;9.0;1.0;0.0;A01
32420;201500021567;0;1;0;0.0;2.0;4.0;0.0;B01
32421;201500021568;0;7;0;14.0;0.0;1.0;1.0;A01
32422;201500021568;0;7;0;0.0;2.0;1.0;2.0;B01
32423;201500021569;0;21;0;0.0;2.0;4.0;19.0;A01
32424;201500021569;0;33;0;0.0;2.0;1.0;13.0;B01
32425;201500021570;0;7;0;0.0;2.0;1.0;1.0;B01
32426;201500021570;0;2;0;0.0;2.0;0.0;1.0;A01
32427;201500021571;0;7;0;0.0;2.0;3.0;1.0;A01
32428;201500021571;0;30;0;0.0;2.0;8.0;1.0;B01
32429;201500021572;0;7;0;0.0;2.0;2.0;1.0;A01
32430;201500021572;0;7;0;0.0;2.0;1.0;1.0;B01
32431;201500021573;0;7;0;0.0;2.0;1.0;1.0;A01
32432;201500021573;0;32;0;0.0;2.0;7.0;0.0;B01
32433;201500021574;0;7;0;0.0;1.0;1.0;1.0;A01
32434;201500021575;0;7;0;0.0;2.0;2.0;1.0;A01
32435;201500021575;0;7;0;0.0;2.0;3.0;0.0;B01
32436;201500021576;0;7;0;0.0;0.0;0.0;0.0;A01
32437;201500021576;0;33;0;0.0;0.0;0.0;0.0;B01
32438;201500021577;0;1;0;0.0;0.0;7.0;1.0;B01
32439;201500021577;0;7;0;0.0;2.0;1.0;9.0;A01
32440;201500021578;0;30;0;0.0;2.0;1.0;7.0;A01
32441;201500021578;0;7;0;0.0;2.0;4.0;0.0;B01
32442;201500021579;0;7;0;0.0;2.0;7.0;19.0;A01
32443;201500021579;0;1;0;0.0;2.0;1.0;1.0;B01
32444;201500021580;0;7;0;0.0;1.0;4.0;4.0;A01
32445;201500021581;0;7;0;0.0;2.0;1.0;2.0;A01
32446;201500021581;0;33;0;0.0;2.0;4.0;2.0;B01
32447;201500021582;0;7;0;0.0;2.0;1.0;0.0;A01
32448;201500021582;0;7;0;0.0;2.0;0.0;0.0;B01
32449;201500021583;0;40;1;0.0;1.0;7.0;1.0;A01
32450;201500021584;0;7;0;1.0;2.0;1.0;1.0;B01
32451;201500021584;0;7;0;0.0;2.0;1.0;1.0;A01
32452;201500021585;0;7;0;12.0;2.0;5.0;19.0;A01
32453;201500021585;0;7;0;0.0;2.0;1.0;19.0;B01
32454;201500021586;0;10;0;0.0;1.0;2.0;1.0;A01
32455;201500021587;0;7;0;0.0;2.0;1.0;2.0;A01
32456;201500021587;0;33;0;0.0;2.0;4.0;1.0;B01
32457;201500021588;0;30;0;0.0;2.0;1.0;2.0;A01
32458;201500021588;0;7;0;0.0;2.0;4.0;1.0;B01
32459;201500021589;0;7;0;6.0;0.0;1.0;1.0;A01
32460;201500021590;0;7;0;0.0;2.0;3.0;0.0;A01
32461;201500021590;0;30;0;0.0;2.0;5.0;0.0;B01
32462;201500021591;0;7;0;14.0;2.0;7.0;0.0;A01
32463;201500021591;0;7;0;0.0;2.0;1.0;1.0;B01
32464;201500021592;0;7;0;0.0;2.0;7.0;15.0;A01
32465;201500021592;0;7;0;0.0;2.0;2.0;1.0;B01
32466;201500021593;0;7;0;0.0;2.0;1.0;1.0;A01
32467;201500021593;0;7;0;0.0;2.0;4.0;0.0;B01
32468;201500021594;0;7;0;0.0;1.0;7.0;0.0;A01
32469;201500021596;0;7;0;0.0;1.0;4.0;4.0;A01
32470;201500021597;0;10;0;0.0;0.0;0.0;0.0;A01
32471;201500021597;0;7;0;0.0;0.0;0.0;0.0;B01
32472;201500021597;0;7;0;0.0;0.0;0.0;0.0;C01
32473;201500021598;0;7;0;0.0;2.0;0.0;0.0;B01
32474;201500021598;0;7;0;0.0;2.0;0.0;0.0;A01
32475;201500021599;0;7;0;0.0;1.0;0.0;0.0;A01
32476;201500021600;0;7;0;0.0;1.0;0.0;2.0;A01
32477;201500021601;0;33;0;0.0;2.0;8.0;1.0;A01
32478;201500021601;0;7;0;0.0;2.0;3.0;1.0;B01
32479;201500021602;0;7;0;1.0;0.0;2.0;1.0;A01
32480;201500021603;0;7;0;0.0;2.0;2.0;1.0;B01
32481;201500021603;0;30;0;0.0;2.0;1.0;0.0;A01
32482;201500021604;0;7;0;0.0;2.0;1.0;1.0;A01
32483;201500021604;0;7;0;0.0;2.0;4.0;1.0;B01
32484;201500021604;0;7;0;0.0;2.0;4.0;1.0;C01
32485;201500021605;0;10;0;0.0;1.0;0.0;0.0;A01
32486;201500021606;0;7;0;0.0;2.0;2.0;0.0;B01
32487;201500021606;0;7;0;0.0;2.0;3.0;15.0;A01
32488;201500021607;0;7;0;0.0;0.0;0.0;0.0;A01
32489;201500021607;0;1;0;0.0;0.0;0.0;0.0;B01
32490;201500021608;0;7;0;0.0;2.0;3.0;1.0;A01
32491;201500021609;0;7;0;0.0;2.0;1.0;1.0;A01
32492;201500021609;0;7;0;0.0;2.0;4.0;1.0;B01
32493;201500021610;0;7;0;0.0;1.0;2.0;9.0;A01
32494;201500021611;0;33;0;0.0;2.0;1.0;17.0;A01
32495;201500021611;0;7;0;0.0;2.0;8.0;15.0;B01
32496;201500021612;0;7;0;0.0;1.0;3.0;1.0;A01
32497;201500021613;0;7;0;0.0;1.0;1.0;0.0;A01
32498;201500021614;0;2;0;0.0;2.0;4.0;1.0;A01
32499;201500021614;0;7;0;0.0;0.0;4.0;1.0;B01
32500;201500021615;0;2;0;0.0;2.0;1.0;2.0;A01
32501;201500021615;0;7;0;0.0;2.0;2.0;15.0;B01
32502;201500021616;0;7;0;0.0;1.0;1.0;1.0;A01
32503;201500021617;0;33;0;0.0;2.0;1.0;1.0;A01
32504;201500021617;0;1;0;0.0;2.0;1.0;19.0;B01
32505;201500021618;0;7;0;0.0;1.0;2.0;0.0;A01
32506;201500021619;0;2;0;0.0;2.0;1.0;1.0;A01
32507;201500021619;0;7;0;0.0;2.0;8.0;0.0;B01
32508;201500021620;0;2;0;0.0;0.0;0.0;1.0;A01
32509;201500021621;0;7;0;0.0;2.0;2.0;15.0;A01
32510;201500021621;0;33;0;0.0;2.0;3.0;1.0;B01
32511;201500021622;0;7;0;0.0;2.0;5.0;4.0;A01
32512;201500021622;0;30;0;0.0;2.0;0.0;0.0;B01
32513;201500021624;0;7;0;0.0;2.0;2.0;15.0;A01
32514;201500021624;0;33;0;0.0;2.0;1.0;1.0;B01
32515;201500021625;0;7;0;0.0;2.0;1.0;1.0;B01
32516;201500021625;0;7;0;12.0;2.0;7.0;1.0;A01
32517;201500021626;0;7;0;0.0;2.0;0.0;0.0;A01
32518;201500021626;0;30;0;0.0;2.0;0.0;0.0;B01
32519;201500021628;0;7;0;0.0;2.0;3.0;19.0;C01
32520;201500021628;0;7;0;0.0;2.0;2.0;1.0;A01
32521;201500021628;0;7;0;0.0;2.0;1.0;1.0;B01
32522;201500021630;0;7;0;0.0;2.0;1.0;0.0;A01
32523;201500021630;0;7;0;0.0;2.0;1.0;0.0;B01
32524;201500021630;0;7;0;0.0;2.0;4.0;1.0;C01
32525;201500021631;0;7;0;0.0;2.0;3.0;9.0;A01
32526;201500021631;0;7;0;0.0;2.0;7.0;0.0;B01
32527;201500021632;0;2;0;0.0;2.0;8.0;1.0;A01
32528;201500021632;0;7;0;0.0;2.0;1.0;1.0;B01
32529;201500021633;0;7;0;0.0;2.0;0.0;0.0;B01
32530;201500021633;0;7;0;0.0;2.0;0.0;0.0;A01
32531;201500021634;0;7;0;0.0;2.0;2.0;1.0;A01
32532;201500021634;0;7;0;0.0;2.0;3.0;9.0;B01
32533;201500021635;0;7;0;0.0;1.0;2.0;1.0;A01
32534;201500021636;0;7;0;14.0;0.0;1.0;1.0;A01
32535;201500021636;0;10;0;0.0;2.0;0.0;0.0;B01
32536;201500021637;0;10;0;0.0;2.0;7.0;9.0;A01
32537;201500021637;0;30;0;0.0;0.0;0.0;0.0;B01
32538;201500021638;0;1;0;0.0;2.0;1.0;0.0;A01
32539;201500021638;0;7;0;0.0;2.0;2.0;1.0;B01
32540;201500021639;0;7;0;0.0;2.0;8.0;1.0;A01
32541;201500021639;0;7;0;0.0;2.0;2.0;16.0;B01
32542;201500021640;0;7;0;0.0;1.0;1.0;1.0;A01
32543;201500021642;0;7;0;0.0;0.0;0.0;0.0;A01
32544;201500021642;0;7;0;0.0;2.0;4.0;2.0;B01
32545;201500021642;0;7;0;0.0;0.0;0.0;0.0;C01
32546;201500021643;0;7;0;0.0;2.0;1.0;0.0;A01
32547;201500021643;0;7;0;0.0;2.0;4.0;0.0;B01
32548;201500021644;0;7;0;0.0;1.0;4.0;4.0;A01
32549;201500021645;0;7;0;0.0;1.0;1.0;1.0;A01
32550;201500021646;0;7;0;0.0;1.0;0.0;0.0;A01
32551;201500021647;0;7;0;6.0;0.0;1.0;14.0;A01
32552;201500021648;0;7;0;0.0;2.0;0.0;0.0;A01
32553;201500021648;0;30;0;0.0;0.0;0.0;0.0;B01
32554;201500021649;0;7;0;0.0;1.0;1.0;14.0;A01
32555;201500021650;0;33;0;0.0;0.0;0.0;0.0;A01
32556;201500021652;0;7;0;0.0;0.0;0.0;0.0;A01
32557;201500021652;0;7;0;0.0;2.0;4.0;1.0;B01
32558;201500021653;0;7;0;0.0;2.0;1.0;0.0;A01