;Num_Acc;senc;catv;occutc;obs;obsm;choc;manv;num_veh
32559;201500021653;0;7;0;0.0;2.0;1.0;15.0;B01
32560;201500021654;0;30;0;0.0;2.0;7.0;1.0;A01
32561;201500021654;0;7;0;0.0;2.0;6.0;1.0;B01
32562;201500021655;0;7;0;0.0;2.0;1.0;16.0;A01
32563;201500021655;0;7;0;0.0;2.0;3.0;1.0;B01
32564;201500021656;0;7;0;0.0;4.0;2.0;0.0;A01
32565;201500021656;0;40;1;0.0;0.0;0.0;0.0;B01
32566;201500021657;0;7;0;0.0;2.0;2.0;9.0;A01
32567;201500021657;0;7;0;0.0;2.0;3.0;1.0;B01
32568;201500021658;0;7;0;0.0;0.0;0.0;0.0;A01
32569;201500021658;0;7;0;14.0;2.0;1.0;1.0;B01
32570;201500021658;0;7;0;0.0;2.0;5.0;1.0;C01
32571;201500021658;0;7;0;0.0;0.0;1.0;1.0;D01
32572;201500021659;0;7;0;9.0;2.0;1.0;17.0;A01
32573;201500021659;0;7;0;0.0;2.0;8.0;15.0;B01
32574;201500021660;0;33;0;0.0;2.0;1.0;0.0;B01
32575;201500021660;0;7;0;0.0;2.0;3.0;0.0;A01
32576;201500021661;0;38;1;14.0;1.0;3.0;0.0;A01
32577;201500021661;0;10;0;0.0;2.0;5.0;1.0;B01
32578;201500021662;0;7;0;0.0;1.0;1.0;1.0;A01
32579;201500021662;0;10;0;0.0;0.0;0.0;0.0;B01
32580;201500021663;0;7;0;0.0;2.0;1.0;1.0;B01
32581;201500021663;0;7;0;0.0;2.0;7.0;1.0;A01
32582;201500021664;0;7;0;0.0;1.0;0.0;0.0;A01
32583;201500021665;0;33;0;0.0;2.0;2.0;17.0;A01
32584;201500021665;0;7;0;0.0;2.0;8.0;15.0;B01
32585;201500021666;0;7;0;0.0;2.0;3.0;3.0;A01
32586;201500021666;0;7;0;0.0;2.0;5.0;1.0;B01
32587;201500021667;0;1;0;0.0;2.0;4.0;0.0;B01
32588;201500021667;0;7;0;0.0;9.0;1.0;0.0;A01
32589;201500021668;0;7;0;0.0;1.0;2.0;1.0;A01
32590;201500021669;0;7;0;0.0;2.0;1.0;1.0;A01
32591;201500021669;0;7;0;0.0;2.0;2.0;1.0;B01
32592;201500021669;0;7;0;0.0;0.0;0.0;0.0;C01
32593;201500021670;0;7;0;0.0;2.0;3.0;16.0;A01
32594;201500021670;0;31;0;0.0;2.0;7.0;15.0;B01
32595;201500021671;0;7;0;0.0;4.0;7.0;0.0;A01
32596;201500021671;0;40;1;0.0;2.0;1.0;1.0;B01
32597;201500021672;0;7;0;1.0;0.0;8.0;1.0;A01
32598;201500021672;0;7;0;0.0;2.0;2.0;0.0;B01
32599;201500021674;0;31;0;0.0;2.0;2.0;0.0;A01
32600;201500021674;0;7;0;0.0;2.0;8.0;0.0;B01
32601;201500021678;0;7;0;0.0;1.0;0.0;1.0;A01
32602;201500021679;0;7;0;0.0;2.0;4.0;1.0;A01
32603;201500021679;0;1;0;0.0;2.0;1.0;1.0;B01
32604;201500021679;0;7;0;0.0;2.0;2.0;1.0;C01
32605;201500021683;0;7;0;0.0;0.0;1.0;23.0;A01
32606;201500021683;0;7;0;1.0;0.0;4.0;24.0;B02
32607;201500021683;0;7;0;1.0;0.0;1.0;21.0;C03
32608;201500021686;0;7;0;13.0;0.0;1.0;1.0;A01
32609;201500021687;0;7;0;4.0;0.0;1.0;1.0;A01
32610;201500021689;0;7;0;13.0;0.0;7.0;14.0;A01
32611;201500021690;0;7;0;13.0;0.0;3.0;1.0;A01
32612;201500021691;0;7;0;8.0;0.0;1.0;0.0;A01
32613;201500021692;0;7;0;0.0;1.0;5.0;4.0;A01
32614;201500021693;0;2;0;0.0;2.0;3.0;2.0;A01
32615;201500021693;0;7;0;0.0;2.0;5.0;1.0;B01
32616;201500021694;0;7;0;3.0;0.0;1.0;1.0;A01
32617;201500021695;0;7;0;0.0;2.0;2.0;15.0;A01
32618;201500021695;0;7;0;0.0;2.0;1.0;1.0;B01
32619;201500021696;0;7;0;0.0;1.0;4.0;4.0;A01
32620;201500021697;0;30;0;5.0;0.0;1.0;14.0;L01
32621;201500021698;0;7;0;0.0;2.0;4.0;1.0;A01
32622;201500021698;0;7;0;0.0;2.0;1.0;1.0;B01
32623;201500021699;0;7;0;0.0;9.0;3.0;10.0;A01
32624;201500021699;0;1;0;0.0;2.0;1.0;1.0;B01
32625;201500021700;0;7;0;6.0;0.0;0.0;0.0;A01
32626;201500021701;0;2;0;0.0;2.0;8.0;3.0;A01
32627;201500021701;0;7;0;0.0;2.0;7.0;1.0;B01
32628;201500021701;0;7;0;0.0;2.0;7.0;20.0;C01
32629;201500021702;0;7;0;1.0;2.0;2.0;19.0;A01
32630;201500021703;0;7;0;2.0;0.0;2.0;1.0;A01
32631;201500021704;0;7;0;0.0;1.0;1.0;1.0;A01
32632;201500021705;0;7;0;3.0;0.0;5.0;0.0;A01
32633;201500021706;0;7;0;13.0;0.0;1.0;1.0;A01
32634;201500021707;0;7;0;0.0;2.0;1.0;1.0;B01
32635;201500021707;0;10;0;0.0;2.0;6.0;19.0;A01
32636;201500021708;0;33;0;0.0;0.0;0.0;0.0;A01
32637;201500021709;0;30;0;0.0;0.0;7.0;0.0;A01
32638;201500021710;0;7;0;0.0;1.0;2.0;1.0;A01
32639;201500021711;0;33;0;0.0;0.0;0.0;0.0;B01
32640;201500021711;0;7;0;0.0;2.0;3.0;19.0;A01
32641;201500021712;0;36;0;0.0;2.0;7.0;13.0;A01
32642;201500021712;0;7;0;0.0;2.0;8.0;1.0;B01
32643;201500021713;0;7;0;0.0;2.0;3.0;0.0;A01
32644;201500021713;0;33;0;0.0;2.0;4.0;0.0;B01
32645;201500021714;0;7;0;16.0;0.0;3.0;1.0;A01
32646;201500021715;0;7;0;0.0;2.0;1.0;6.0;A01
32647;201500021715;0;7;0;0.0;0.0;0.0;0.0;B01
32648;201500021716;0;2;0;0.0;2.0;1.0;1.0;A01
32649;201500021716;0;7;0;0.0;2.0;2.0;20.0;B01
32650;201500021718;0;7;0;0.0;2.0;8.0;15.0;B01
32651;201500021718;0;33;0;0.0;2.0;1.0;0.0;A01
32652;201500021719;0;2;0;0.0;2.0;7.0;1.0;B01
32653;201500021719;0;7;0;0.0;2.0;3.0;9.0;A01
32654;201500021721;0;7;0;13.0;0.0;1.0;1.0;A01
32655;201500021722;0;7;0;8.0;0.0;1.0;1.0;A01
32656;201500021725;0;7;0;0.0;2.0;3.0;15.0;A01
32657;201500021725;0;7;0;0.0;2.0;3.0;1.0;L01
32658;201500021726;0;7;0;0.0;2.0;1.0;2.0;A01
32659;201500021726;0;7;0;0.0;2.0;4.0;2.0;B01
32660;201500021727;0;7;0;0.0;2.0;5.0;1.0;A01
32661;201500021727;0;7;0;0.0;2.0;1.0;9.0;B01
32662;201500021729;0;1;0;0.0;2.0;7.0;1.0;B01
32663;201500021729;0;7;0;0.0;2.0;3.0;9.0;A01
32664;201500021730;0;2;0;1.0;9.0;1.0;9.0;A01
32665;201500021731;0;30;0;13.0;0.0;8.0;0.0;A01
32666;201500021732;0;7;0;13.0;0.0;1.0;1.0;A01
32667;201500021735;0;7;0;0.0;2.0;6.0;1.0;A01
32668;201500021735;0;33;0;0.0;0.0;0.0;0.0;B01
32669;201500021736;0;30;0;0.0;2.0;7.0;15.0;A01
32670;201500021736;0;7;0;0.0;2.0;1.0;1.0;B01
32671;201500021737;0;7;0;0.0;2.0;7.0;15.0;A01
32672;201500021737;0;7;0;0.0;2.0;1.0;1.0;B01
32673;201500021738;0;7;0;0.0;1.0;1.0;1.0;A01
32674;201500021740;0;32;0;0.0;2.0;0.0;16.0;A01
32675;201500021740;0;2;0;0.0;2.0;0.0;0.0;B01
32676;201500021741;0;7;0;0.0;1.0;0.0;0.0;A01
32677;201500021742;0;7;0;13.0;0.0;1.0;1.0;A01
32678;201500021743;0;10;0;0.0;2.0;3.0;9.0;A01
32679;201500021743;0;30;0;0.0;2.0;2.0;1.0;B01
32680;201500021744;0;7;0;0.0;2.0;3.0;15.0;A01
32681;201500021744;0;33;0;0.0;2.0;3.0;1.0;B01
32682;201500021747;0;17;0;0.0;1.0;2.0;2.0;B02
32683;201500021748;0;7;0;0.0;2.0;1.0;2.0;A01
32684;201500021748;0;7;0;0.0;0.0;4.0;2.0;B02
32685;201500021749;0;7;0;3.0;0.0;2.0;1.0;A01
32686;201500021751;0;7;0;0.0;0.0;1.0;0.0;A01
32687;201500021751;0;15;0;0.0;0.0;6.0;0.0;B02
32688;201500021752;0;17;0;0.0;0.0;4.0;2.0;B02
32689;201500021752;0;7;0;0.0;2.0;1.0;2.0;A01
32690;201500021753;0;14;0;0.0;0.0;4.0;1.0;B02
32691;201500021753;0;7;0;0.0;2.0;1.0;1.0;A01
32692;201500021755;0;17;0;3.0;0.0;2.0;14.0;A01
32693;201500021756;0;7;0;13.0;0.0;1.0;1.0;A01
32694;201500021757;0;7;0;3.0;0.0;3.0;1.0;A01
32695;201500021758;0;17;0;0.0;2.0;1.0;1.0;A01
32696;201500021758;0;7;0;0.0;2.0;8.0;19.0;B02
32697;201500021759;0;31;0;3.0;0.0;7.0;1.0;A01
32698;201500021760;0;7;0;0.0;1.0;1.0;1.0;A01
32699;201500021761;0;33;0;12.0;0.0;8.0;17.0;A01
32700;201500021762;0;7;0;0.0;2.0;2.0;1.0;A01
32701;201500021762;0;7;0;0.0;2.0;3.0;1.0;B02
32702;201500021763;0;33;0;0.0;2.0;1.0;1.0;B02
32703;201500021763;0;10;0;0.0;2.0;3.0;15.0;A01
32704;201500021764;0;30;0;12.0;0.0;7.0;1.0;A01
32705;201500021765;0;7;0;14.0;0.0;3.0;1.0;A01
32706;201500021766;0;7;0;0.0;2.0;1.0;2.0;A01
32707;201500021766;0;7;0;0.0;0.0;4.0;2.0;B02
32708;201500021767;0;16;0;0.0;0.0;0.0;11.0;A01
32709;201500021767;0;7;0;0.0;2.0;2.0;17.0;C03
32710;201500021768;0;15;0;3.0;0.0;1.0;1.0;A01
32711;201500021769;0;7;0;3.0;0.0;1.0;13.0;A01
32712;201500021770;0;33;0;3.0;0.0;0.0;12.0;A01
32713;201500021771;0;7;0;0.0;2.0;1.0;5.0;A01
32714;201500021771;0;7;0;0.0;2.0;1.0;1.0;B02
32715;201500021771;0;7;0;1.0;0.0;1.0;1.0;C03
32716;201500021771;0;7;0;0.0;2.0;4.0;1.0;D04
32717;201500021771;0;7;0;1.0;0.0;1.0;1.0;E05
32718;201500021771;0;7;0;14.0;0.0;1.0;1.0;F06
32719;201500021771;0;7;0;0.0;2.0;3.0;1.0;G07
32720;201500021772;0;7;0;3.0;0.0;3.0;21.0;A01
32721;201500021773;0;7;0;0.0;1.0;3.0;15.0;A01
32722;201500021774;0;32;0;0.0;0.0;7.0;1.0;A01
32723;201500021775;0;7;0;0.0;1.0;3.0;1.0;A01
32724;201500021776;0;7;0;3.0;0.0;3.0;0.0;A01
32725;201500021777;0;7;0;13.0;0.0;1.0;1.0;A01
32726;201500021779;0;10;0;13.0;0.0;1.0;0.0;A01
32727;201500021780;0;7;0;3.0;0.0;0.0;0.0;A01
32728;201500021781;0;7;0;0.0;2.0;1.0;2.0;A01
32729;201500021781;0;7;0;0.0;2.0;4.0;23.0;B01
32730;201500021782;0;7;0;0.0;0.0;0.0;0.0;A01
32731;201500021783;0;7;0;0.0;2.0;1.0;2.0;A01
32732;201500021783;0;10;0;0.0;2.0;4.0;1.0;B01
32733;201500021785;0;7;0;0.0;2.0;3.0;19.0;A01
32734;201500021785;0;30;0;0.0;2.0;1.0;1.0;B01
32735;201500021786;0;7;0;0.0;2.0;0.0;1.0;A01
32736;201500021786;0;7;0;0.0;2.0;1.0;0.0;B01
32737;201500021787;0;7;0;0.0;2.0;3.0;1.0;B01
32738;201500021787;0;7;0;0.0;2.0;3.0;15.0;A01
32739;201500021788;0;7;0;0.0;2.0;0.0;0.0;B01
32740;201500021788;0;7;0;0.0;2.0;0.0;0.0;A01
32741;201500021789;0;7;0;0.0;1.0;3.0;11.0;A01
32742;201500021791;0;7;0;0.0;2.0;3.0;2.0;A01
32743;201500021791;0;7;0;0.0;2.0;2.0;15.0;B01
32744;201500021792;0;34;0;0.0;6.0;2.0;1.0;A01
32745;201500021793;0;7;0;0.0;2.0;1.0;15.0;A01
32746;201500021793;0;33;0;0.0;0.0;0.0;0.0;B01
32747;201500021794;0;7;0;3.0;0.0;0.0;0.0;A01
32748;201500021795;0;10;0;13.0;0.0;1.0;1.0;A01
32749;201500021796;0;7;0;8.0;0.0;0.0;0.0;A01
32750;201500021797;0;7;0;0.0;1.0;2.0;1.0;A01
32751;201500021798;0;7;0;0.0;2.0;1.0;13.0;A01
32752;201500021798;0;7;0;0.0;2.0;8.0;15.0;B01
32753;201500021799;0;7;0;0.0;2.0;6.0;2.0;A01
32754;201500021799;0;7;0;0.0;2.0;2.0;1.0;B01
32755;201500021801;0;7;0;0.0;2.0;2.0;1.0;A01
32756;201500021801;0;7;0;0.0;2.0;3.0;0.0;B01
32757;201500021803;0;7;0;0.0;2.0;6.0;1.0;A01
32758;201500021803;0;7;0;0.0;2.0;8.0;17.0;B01
32759;201500021803;0;7;0;0.0;2.0;7.0;1.0;C01
32760;201500021804;0;2;0;0.0;0.0;3.0;16.0;A01
32761;201500021804;0;7;0;0.0;0.0;2.0;16.0;B01
32762;201500021805;0;33;0;0.0;1.0;3.0;0.0;A01
32763;201500021806;0;33;0;2.0;0.0;9.0;0.0;A01
32764;201500021807;0;7;0;0.0;2.0;1.0;2.0;A01
32765;201500021807;0;7;0;0.0;2.0;4.0;2.0;B01
32766;201500021807;0;7;0;0.0;2.0;4.0;2.0;C01
32767;201500021808;1;31;0;0.0;0.0;1.0;15.0;A01
32768;201500021808;0;2;0;0.0;0.0;0.0;21.0;B01
32769;201500021809;0;7;0;13.0;0.0;2.0;1.0;A01
32770;201500021810;0;7;0;1.0;0.0;1.0;15.0;A01
32771;201500021811;0;30;0;0.0;2.0;0.0;3.0;B01
32772;201500021811;1;7;0;0.0;2.0;0.0;0.0;A01
32773;201500021812;0;7;0;6.0;0.0;2.0;13.0;A01
32774;201500021813;0;1;0;0.0;9.0;1.0;0.0;A01
32775;201500021813;0;1;0;0.0;9.0;1.0;0.0;B01
32776;201500021815;0;7;0;1.0;0.0;0.0;19.0;A01
32777;201500021817;0;7;0;0.0;2.0;1.0;1.0;B01
32778;201500021817;0;7;0;0.0;2.0;1.0;13.0;A01
32779;201500021818;0;7;0;4.0;0.0;0.0;15.0;A01
32780;201500021819;0;7;0;0.0;2.0;1.0;1.0;A01
32781;201500021819;0;7;0;0.0;2.0;1.0;15.0;B01
32782;201500021820;0;7;0;0.0;2.0;8.0;2.0;A01
32783;201500021820;0;32;0;0.0;2.0;7.0;16.0;B01
32784;201500021821;0;30;0;0.0;1.0;2.0;5.0;A01
32785;201500021822;0;7;0;0.0;2.0;1.0;1.0;A01
32786;201500021822;0;7;0;0.0;2.0;0.0;1.0;B01
32787;201500021823;0;7;0;0.0;2.0;6.0;15.0;A01
32788;201500021823;0;33;0;0.0;2.0;1.0;1.0;B01
32789;201500021824;0;31;0;0.0;2.0;1.0;1.0;A01
32790;201500021824;0;7;0;0.0;2.0;0.0;1.0;B01
32791;201500021825;0;14;0;0.0;2.0;3.0;12.0;A01
32792;201500021825;0;7;0;0.0;0.0;4.0;2.0;B01
32793;201500021826;0;7;0;0.0;2.0;1.0;2.0;A01
32794;201500021826;0;7;0;0.0;2.0;4.0;2.0;B01
32795;201500021826;0;7;0;0.0;0.0;0.0;0.0;C01
32796;201500021827;0;7;0;13.0;0.0;8.0;1.0;A01
32797;201500021828;0;7;0;9.0;0.0;2.0;14.0;A01
32798;201500021829;0;33;0;0.0;2.0;0.0;0.0;A01
32799;201500021829;0;7;0;0.0;2.0;3.0;1.0;B01
32800;201500021830;0;7;0;0.0;1.0;2.0;15.0;A01
32801;201500021831;0;30;0;8.0;0.0;1.0;6.0;A01
32802;201500021832;0;7;0;0.0;2.0;4.0;1.0;A01
32803;201500021832;0;30;0;0.0;2.0;1.0;1.0;B01
32804;201500021833;0;30;0;0.0;2.0;1.0;9.0;A01
32805;201500021833;0;7;0;0.0;2.0;2.0;1.0;B01
32806;201500021834;0;7;0;0.0;2.0;4.0;2.0;A01
32807;201500021834;0;7;0;0.0;0.0;2.0;1.0;B01
32808;201500021835;0;7;0;0.0;2.0;5.0;15.0;A01
32809;201500021835;0;33;0;0.0;2.0;5.0;21.0;B01
32810;201500021836;0;7;0;1.0;0.0;8.0;22.0;A01
32811;201500021836;0;1;0;1.0;0.0;2.0;1.0;B01
32812;201500021837;0;30;0;0.0;2.0;1.0;1.0;A01
32813;201500021837;0;3;0;0.0;9.0;4.0;20.0;B01
32814;201500021838;0;10;0;0.0;2.0;2.0;2.0;A01
32815;201500021838;0;1;0;0.0;2.0;4.0;2.0;B01
32816;201500021839;0;7;0;0.0;0.0;0.0;16.0;A01
32817;201500021840;0;10;0;0.0;2.0;4.0;1.0;A01
32818;201500021840;0;10;0;0.0;2.0;2.0;1.0;B01
32819;201500021841;0;7;0;0.0;2.0;1.0;12.0;A01
32820;201500021841;0;33;0;0.0;2.0;1.0;1.0;B01
32821;201500021843;0;30;0;0.0;2.0;1.0;1.0;A01
32822;201500021843;0;7;0;0.0;2.0;8.0;0.0;B01
32823;201500021844;0;7;0;0.0;2.0;4.0;23.0;A01
32824;201500021844;0;7;0;0.0;2.0;1.0;1.0;B01
32825;201500021844;0;7;0;0.0;2.0;0.0;0.0;C01
32826;201500021844;0;7;0;0.0;2.0;1.0;1.0;D01
32827;201500021844;0;7;0;0.0;2.0;1.0;1.0;E01
32828;201500021845;0;10;0;0.0;2.0;4.0;1.0;A01
32829;201500021845;0;10;0;0.0;2.0;1.0;1.0;B01
32830;201500021845;0;10;0;0.0;2.0;1.0;1.0;C01
32831;201500021846;0;10;0;0.0;1.0;0.0;0.0;A01
32832;201500021847;0;7;0;0.0;2.0;3.0;13.0;A01
32833;201500021847;0;7;0;0.0;2.0;5.0;23.0;B01
32834;201500021848;0;7;0;0.0;0.0;1.0;1.0;A01
32835;201500021850;0;7;0;0.0;2.0;1.0;1.0;A01
32836;201500021850;0;7;0;0.0;2.0;8.0;4.0;B01
32837;201500021851;0;30;0;0.0;0.0;3.0;1.0;A01
32838;201500021852;0;2;0;0.0;2.0;1.0;0.0;A01
32839;201500021852;0;10;0;0.0;2.0;2.0;0.0;B01
32840;201500021853;0;7;0;0.0;2.0;1.0;1.0;A01
32841;201500021853;0;7;0;0.0;2.0;1.0;1.0;B01
32842;201500021853;0;7;0;0.0;2.0;4.0;16.0;C01
32843;201500021854;0;7;0;0.0;1.0;8.0;1.0;A01
32844;201500021855;0;7;0;0.0;2.0;7.0;15.0;A01
32845;201500021855;0;30;0;0.0;2.0;1.0;1.0;B01
32846;201500021858;0;1;0;0.0;2.0;7.0;1.0;B01
32847;201500021858;0;7;0;0.0;2.0;2.0;9.0;A01
32848;201500021859;0;7;0;0.0;0.0;4.0;23.0;A01
32849;201500021859;0;7;0;14.0;0.0;1.0;2.0;B01
32850;201500021860;0;7;0;0.0;2.0;1.0;19.0;A01
32851;201500021860;0;1;0;0.0;9.0;1.0;1.0;B01
32852;201500021861;0;7;0;0.0;1.0;2.0;0.0;B01
32853;201500021862;0;7;0;0.0;0.0;0.0;0.0;A01
32854;201500021863;0;1;0;0.0;1.0;1.0;1.0;A01
32855;201500021865;0;7;0;0.0;1.0;2.0;13.0;A01
32856;201500021866;0;10;0;0.0;2.0;3.0;1.0;A01
32857;201500021866;0;10;0;0.0;2.0;3.0;1.0;B01
32858;201500021867;0;7;0;0.0;2.0;1.0;2.0;A01
32859;201500021867;0;7;0;0.0;0.0;4.0;23.0;B01
32860;201500021868;0;2;0;0.0;2.0;6.0;2.0;A01
32861;201500021868;0;7;0;0.0;2.0;6.0;2.0;B01
32862;201500021869;0;14;0;0.0;2.0;3.0;13.0;A01
32863;201500021869;0;14;0;0.0;0.0;0.0;0.0;B01
32864;201500021870;0;7;0;0.0;2.0;2.0;1.0;A01
32865;201500021870;0;7;0;0.0;2.0;4.0;1.0;B01
32866;201500021871;0;14;0;0.0;1.0;5.0;1.0;A01
32867;201500021873;0;7;0;13.0;0.0;1.0;2.0;A01
32868;201500021874;0;7;0;7.0;0.0;3.0;19.0;A01
32869;201500021874;0;7;0;0.0;2.0;1.0;1.0;B01
32870;201500021875;0;7;0;0.0;1.0;3.0;16.0;A01
32871;201500021876;0;7;0;0.0;0.0;0.0;0.0;A01
32872;201500021876;0;7;0;0.0;0.0;8.0;1.0;B01
32873;201500021877;0;7;0;0.0;2.0;0.0;2.0;A01
32874;201500021877;0;7;0;0.0;2.0;0.0;2.0;B01
32875;201500021878;0;7;0;0.0;2.0;8.0;19.0;A01
32876;201500021878;0;2;0;0.0;2.0;8.0;1.0;B01
32877;201500021879;0;7;0;0.0;2.0;1.0;13.0;A01
32878;201500021879;0;7;0;0.0;2.0;1.0;1.0;B01
32879;201500021880;0;7;0;0.0;1.0;3.0;19.0;A01
32880;201500021881;0;7;0;0.0;2.0;1.0;9.0;A01
32881;201500021881;0;1;0;0.0;2.0;7.0;0.0;B01
32882;201500021882;0;7;0;0.0;2.0;0.0;0.0;A01
32883;201500021882;0;33;0;0.0;2.0;0.0;0.0;B01
32884;201500021883;0;7;0;0.0;2.0;1.0;1.0;A01
32885;201500021883;0;7;0;0.0;2.0;4.0;1.0;B01
32886;201500021883;0;7;0;0.0;2.0;4.0;1.0;C01
32887;201500021883;0;7;0;0.0;2.0;3.0;1.0;D01
32888;201500021884;0;7;0;0.0;0.0;2.0;1.0;A01
32889;201500021884;0;7;0;0.0;0.0;0.0;1.0;B01
32890;201500021885;1;7;0;0.0;1.0;0.0;0.0;Z01
32891;201500021886;0;7;0;0.0;2.0;1.0;14.0;A01
32892;201500021887;0;34;0;0.0;1.0;0.0;21.0;A01
32893;201500021888;0;7;0;0.0;2.0;0.0;1.0;A01
32894;201500021888;0;7;0;0.0;2.0;6.0;1.0;B01
32895;201500021888;0;7;0;0.0;2.0;2.0;0.0;C01
32896;201500021889;0;33;0;12.0;0.0;3.0;1.0;A01
32897;201500021890;0;7;0;2.0;0.0;9.0;1.0;A01
32898;201500021891;0;7;0;0.0;2.0;1.0;15.0;A01
32899;201500021891;0;7;0;0.0;2.0;3.0;1.0;B01
32900;201500021892;0;7;0;0.0;2.0;8.0;2.0;A01
32901;201500021892;0;2;0;0.0;2.0;1.0;2.0;B01
32902;201500021893;0;7;0;13.0;0.0;0.0;1.0;A01
32903;201500021894;0;7;0;0.0;0.0;1.0;1.0;A01
32904;201500021895;0;14;0;0.0;1.0;4.0;4.0;A01
32905;201500021896;0;15;0;0.0;0.0;0.0;14.0;A01
32906;201500021897;0;7;0;0.0;1.0;5.0;20.0;A01
32907;201500021898;0;7;0;0.0;2.0;2.0;12.0;A01
32908;201500021898;0;15;0;0.0;2.0;3.0;1.0;B02
32909;201500021899;0;15;0;0.0;0.0;4.0;1.0;B02
32910;201500021899;0;7;0;0.0;2.0;1.0;17.0;A01
32911;201500021901;0;7;0;0.0;0.0;9.0;1.0;A01
32912;201500021902;0;7;0;0.0;2.0;3.0;0.0;A01
32913;201500021902;0;7;0;0.0;2.0;2.0;0.0;B02
32914;201500021903;0;10;0;0.0;0.0;9.0;1.0;A01
32915;201500021905;0;7;0;0.0;6.0;1.0;21.0;A01
32916;201500021906;0;7;0;2.0;0.0;7.0;1.0;A01
32917;201500021907;0;7;0;0.0;2.0;1.0;0.0;B02
32918;201500021907;0;33;0;0.0;2.0;1.0;1.0;A01
32919;201500021909;0;7;0;0.0;0.0;3.0;13.0;A01
32920;201500021910;0;10;0;2.0;0.0;1.0;5.0;A01
32921;201500021912;0;10;0;0.0;0.0;4.0;2.0;B02
32922;201500021912;0;10;0;0.0;0.0;1.0;2.0;A01
32923;201500021913;0;7;0;0.0;1.0;4.0;4.0;A01
32924;201500021914;0;7;0;0.0;1.0;0.0;0.0;A01
32925;201500021915;0;2;0;0.0;2.0;1.0;1.0;B01
32926;201500021915;1;7;0;0.0;2.0;7.0;15.0;A01
32927;201500021916;0;33;0;0.0;2.0;7.0;1.0;B01
32928;201500021916;0;7;0;0.0;2.0;3.0;9.0;A01
32929;201500021918;0;2;0;0.0;1.0;0.0;0.0;A01
32930;201500021919;0;7;0;0.0;2.0;0.0;0.0;A01
32931;201500021919;0;7;0;0.0;2.0;0.0;0.0;B01
32932;201500021921;0;13;0;0.0;1.0;0.0;1.0;A01
32933;201500021922;1;7;0;0.0;1.0;0.0;1.0;A01
32934;201500021926;0;99;0;0.0;2.0;0.0;0.0;A01
32935;201500021926;0;7;0;0.0;2.0;0.0;0.0;B01
32936;201500021927;0;7;0;0.0;2.0;2.0;15.0;A01
32937;201500021927;0;7;0;0.0;2.0;2.0;1.0;B01
32938;201500021928;0;7;0;10.0;0.0;9.0;1.0;A01
32939;201500021929;1;7;0;0.0;2.0;1.0;14.0;A01
32940;201500021929;0;33;0;0.0;2.0;9.0;1.0;B01
32941;201500021930;0;7;0;0.0;2.0;2.0;23.0;C01
32942;201500021930;0;7;0;0.0;2.0;2.0;17.0;A01
32943;201500021930;0;7;0;0.0;2.0;0.0;0.0;B01
32944;201500021931;0;7;0;0.0;0.0;0.0;14.0;A01
32945;201500021933;0;7;0;0.0;1.0;0.0;0.0;A01
32946;201500021934;0;7;0;0.0;2.0;2.0;1.0;A01
32947;201500021934;0;7;0;0.0;2.0;5.0;15.0;B01
32948;201500021935;0;7;0;0.0;2.0;0.0;0.0;B01
32949;201500021935;0;7;0;0.0;2.0;0.0;0.0;A01
32950;201500021936;0;7;0;0.0;1.0;2.0;1.0;A01
32951;201500021937;0;7;0;0.0;1.0;0.0;0.0;A01
32952;201500021938;0;7;0;0.0;1.0;1.0;0.0;A01
32953;201500021939;0;7;0;0.0;1.0;1.0;1.0;A01
32954;201500021940;0;7;0;0.0;1.0;3.0;2.0;A01
32955;201500021941;0;7;0;0.0;2.0;1.0;2.0;A01
32956;201500021941;0;7;0;0.0;2.0;4.0;24.0;B01
32957;201500021942;0;7;0;0.0;1.0;0.0;1.0;A01
32958;201500021943;0;7;0;0.0;1.0;0.0;1.0;A01
32959;201500021944;0;34;0;0.0;2.0;9.0;17.0;B01
32960;201500021944;0;7;0;0.0;2.0;3.0;15.0;A01
32961;201500021945;0;31;0;0.0;2.0;0.0;1.0;B01
32962;201500021945;1;7;0;0.0;2.0;0.0;0.0;A01
32963;201500021946;0;7;0;0.0;2.0;3.0;10.0;A01
32964;201500021946;0;33;0;0.0;2.0;1.0;17.0;B01
32965;201500021947;1;7;0;0.0;9.0;7.0;17.0;A01
32966;201500021947;0;1;0;0.0;2.0;8.0;1.0;B01
32967;201500021949;0;7;0;0.0;1.0;2.0;1.0;A01
32968;201500021950;0;7;0;0.0;2.0;0.0;1.0;B01
32969;201500021950;2;7;0;0.0;2.0;0.0;17.0;A01
32970;201500021951;1;33;0;0.0;1.0;0.0;1.0;A01
32971;201500021952;0;30;0;0.0;2.0;0.0;17.0;A01
32972;201500021952;0;7;0;0.0;2.0;3.0;15.0;B01
32973;201500021953;0;7;0;6.0;0.0;2.0;14.0;A01
32974;201500021954;0;7;0;6.0;0.0;1.0;6.0;A01
32975;201500021957;1;7;0;0.0;2.0;0.0;15.0;A01
32976;201500021957;0;7;0;0.0;2.0;8.0;1.0;B01
32977;201500021957;0;7;0;0.0;2.0;8.0;1.0;C01
32978;201500021957;0;7;0;0.0;2.0;0.0;1.0;D01
32979;201500021958;0;7;0;0.0;1.0;1.0;1.0;A01