;Num_Acc;senc;catv;occutc;obs;obsm;choc;manv;num_veh
34666;201500023018;1;7;0;0.0;0.0;0.0;0.0;Z01
34667;201500023018;0;33;0;0.0;2.0;0.0;0.0;A01
34668;201500023019;0;7;0;0.0;0.0;0.0;0.0;A01
34669;201500023021;0;7;0;0.0;2.0;1.0;1.0;B01
34670;201500023021;1;7;0;0.0;2.0;0.0;4.0;Z01
34671;201500023022;0;7;0;0.0;2.0;3.0;15.0;A01
34672;201500023022;0;30;0;0.0;2.0;1.0;1.0;B01
34673;201500023023;0;7;0;0.0;2.0;6.0;0.0;A01
34674;201500023023;0;15;0;0.0;2.0;2.0;0.0;B01
34675;201500023025;0;7;0;0.0;2.0;8.0;1.0;B01
34676;201500023025;0;3;0;0.0;2.0;3.0;13.0;A01
34677;201500023026;0;7;0;0.0;2.0;0.0;0.0;B01
34678;201500023026;0;7;0;0.0;2.0;0.0;0.0;C01
34679;201500023026;0;7;0;0.0;2.0;0.0;0.0;D01
34680;201500023026;0;7;0;0.0;0.0;0.0;0.0;A01
34681;201500023027;0;7;0;0.0;2.0;6.0;1.0;B01
34682;201500023027;0;7;0;0.0;2.0;2.0;2.0;A01
34683;201500023028;0;33;0;0.0;2.0;1.0;0.0;A01
34684;201500023028;0;7;0;0.0;2.0;4.0;0.0;B01
34685;201500023029;0;7;0;0.0;2.0;1.0;1.0;A01
34686;201500023029;0;7;0;0.0;2.0;4.0;1.0;B01
34687;201500023030;0;33;0;0.0;2.0;1.0;0.0;B01
34688;201500023030;0;7;0;0.0;2.0;3.0;0.0;A01
34689;201500023031;1;32;0;0.0;1.0;0.0;0.0;Z01
34690;201500023032;0;7;0;0.0;2.0;5.0;1.0;C01
34691;201500023032;0;10;0;0.0;2.0;9.0;1.0;A01
34692;201500023032;0;7;0;0.0;2.0;1.0;1.0;B01
34693;201500023033;0;37;0;0.0;2.0;1.0;0.0;B01
34694;201500023033;0;7;0;0.0;2.0;1.0;0.0;A01
34695;201500023034;0;7;0;0.0;2.0;9.0;1.0;A01
34696;201500023034;0;7;0;0.0;2.0;1.0;0.0;C01
34697;201500023034;0;7;0;0.0;2.0;4.0;0.0;B01
34698;201500023035;0;30;0;0.0;0.0;0.0;1.0;A01
34699;201500023036;0;7;0;0.0;2.0;1.0;1.0;A01
34700;201500023036;0;1;0;0.0;2.0;1.0;19.0;B01
34701;201500023037;0;7;0;0.0;2.0;7.0;0.0;A01
34702;201500023037;0;33;0;0.0;2.0;1.0;0.0;B01
34703;201500023038;0;7;0;0.0;2.0;4.0;0.0;B01
34704;201500023038;0;7;0;0.0;2.0;4.0;0.0;C01
34705;201500023038;0;7;0;0.0;2.0;1.0;0.0;A01
34706;201500023039;0;7;0;0.0;1.0;2.0;0.0;A01
34707;201500023039;0;7;0;0.0;2.0;3.0;0.0;B01
34708;201500023040;0;7;0;0.0;2.0;1.0;0.0;A01
34709;201500023040;0;7;0;0.0;2.0;1.0;0.0;C01
34710;201500023040;0;7;0;0.0;2.0;1.0;0.0;B01
34711;201500023041;0;7;0;0.0;2.0;3.0;15.0;B01
34712;201500023041;2;7;0;0.0;2.0;3.0;0.0;A01
34713;201500023042;0;7;0;0.0;2.0;7.0;2.0;A01
34714;201500023042;0;1;0;0.0;2.0;4.0;2.0;B02
34715;201500023044;0;7;0;0.0;2.0;1.0;1.0;A01
34716;201500023044;0;7;0;0.0;2.0;8.0;1.0;B02
34717;201500023045;0;10;0;0.0;0.0;3.0;1.0;A01
34718;201500023045;0;7;0;0.0;0.0;2.0;1.0;B02
34719;201500023045;0;7;0;0.0;0.0;5.0;1.0;C03
34720;201500023046;0;10;0;0.0;2.0;2.0;12.0;A01
34721;201500023046;0;15;0;0.0;2.0;6.0;1.0;B02
34722;201500023048;0;7;0;0.0;2.0;9.0;2.0;A01
34723;201500023048;0;17;0;0.0;2.0;6.0;2.0;B02
34724;201500023048;0;10;0;0.0;2.0;5.0;2.0;C03
34725;201500023048;0;7;0;0.0;2.0;1.0;2.0;D04
34726;201500023049;0;7;0;0.0;0.0;0.0;9.0;A01
34727;201500023049;0;7;0;4.0;0.0;1.0;21.0;B02
34728;201500023051;0;7;0;4.0;0.0;3.0;11.0;A01
34729;201500023052;0;7;0;0.0;2.0;2.0;12.0;A01
34730;201500023052;0;7;0;0.0;0.0;4.0;1.0;B02
34731;201500023053;0;17;0;0.0;2.0;1.0;2.0;A01
34732;201500023053;0;7;0;0.0;2.0;4.0;2.0;C03
34733;201500023054;0;7;0;4.0;0.0;0.0;0.0;A01
34734;201500023055;0;17;0;3.0;0.0;2.0;0.0;A01
34735;201500023056;0;38;1;0.0;2.0;2.0;21.0;C03
34736;201500023056;0;7;0;0.0;2.0;8.0;1.0;B02
34737;201500023056;0;7;0;3.0;2.0;8.0;17.0;A01
34738;201500023057;0;10;0;12.0;0.0;8.0;1.0;A01
34739;201500023058;0;15;0;0.0;2.0;3.0;1.0;B02
34740;201500023058;0;10;0;0.0;2.0;1.0;1.0;C03
34741;201500023058;0;7;0;0.0;2.0;2.0;1.0;A01
34742;201500023059;0;7;0;0.0;2.0;1.0;5.0;A01
34743;201500023059;0;7;0;0.0;2.0;1.0;1.0;B02
34744;201500023060;0;17;0;0.0;9.0;1.0;0.0;C03
34745;201500023060;0;7;0;0.0;9.0;1.0;0.0;D04
34746;201500023060;0;17;0;4.0;0.0;1.0;1.0;A01
34747;201500023060;0;7;0;0.0;9.0;1.0;1.0;B02
34748;201500023061;0;15;0;0.0;0.0;4.0;1.0;C03
34749;201500023061;0;15;0;0.0;2.0;2.0;21.0;B02
34750;201500023061;0;15;0;3.0;2.0;1.0;2.0;A01
34751;201500023062;0;10;0;3.0;0.0;9.0;14.0;A01
34752;201500023063;0;7;0;0.0;0.0;4.0;23.0;B02
34753;201500023063;0;34;0;0.0;2.0;1.0;2.0;A01
34754;201500023064;0;7;0;3.0;0.0;3.0;13.0;A01
34755;201500023065;0;7;0;15.0;0.0;2.0;1.0;A01
34756;201500023066;0;17;0;0.0;2.0;1.0;1.0;A01
34757;201500023066;0;99;0;0.0;2.0;4.0;0.0;D04
34758;201500023067;0;7;0;0.0;6.0;1.0;1.0;A01
34759;201500023069;0;7;0;0.0;2.0;2.0;1.0;A01
34760;201500023069;0;16;0;0.0;0.0;0.0;1.0;B02
34761;201500023070;0;7;0;0.0;2.0;6.0;2.0;B02
34762;201500023070;0;7;0;0.0;2.0;2.0;2.0;A01
34763;201500023071;0;7;0;0.0;2.0;1.0;2.0;A01
34764;201500023071;0;7;0;0.0;0.0;4.0;1.0;B02
34765;201500023073;0;7;0;4.0;0.0;1.0;0.0;A01
34766;201500023074;0;7;0;0.0;2.0;4.0;12.0;B02
34767;201500023074;0;33;0;0.0;2.0;1.0;2.0;A01
34768;201500023075;0;7;0;4.0;0.0;3.0;2.0;B02
34769;201500023075;0;7;0;0.0;2.0;5.0;12.0;A01
34770;201500023076;0;14;0;0.0;2.0;4.0;1.0;B02
34771;201500023076;0;7;0;0.0;2.0;1.0;1.0;A01
34772;201500023077;0;7;0;4.0;0.0;3.0;0.0;A01
34773;201500023078;0;7;0;6.0;0.0;9.0;17.0;A01
34774;201500023079;0;7;0;3.0;0.0;7.0;14.0;A01
34775;201500023080;0;7;0;4.0;2.0;4.0;1.0;A01
34776;201500023080;0;7;0;0.0;2.0;3.0;21.0;B02
34777;201500023081;0;7;0;0.0;0.0;9.0;1.0;A01
34778;201500023082;0;7;0;4.0;0.0;3.0;1.0;A01
34779;201500023083;0;7;0;0.0;1.0;2.0;21.0;A01
34780;201500023084;0;7;0;13.0;0.0;1.0;2.0;A01
34781;201500023085;0;7;0;13.0;0.0;9.0;14.0;A01
34782;201500023086;0;7;0;4.0;0.0;1.0;12.0;A01
34783;201500023087;0;7;0;4.0;0.0;3.0;13.0;A01
34784;201500023088;0;33;0;14.0;0.0;1.0;2.0;A01
34785;201500023088;0;7;0;4.0;0.0;2.0;14.0;B02
34786;201500023089;0;14;0;0.0;2.0;1.0;2.0;A01
34787;201500023089;0;7;0;16.0;0.0;4.0;2.0;B02
34788;201500023090;0;7;0;4.0;9.0;3.0;21.0;A01
34789;201500023091;0;7;0;3.0;0.0;2.0;1.0;A01
34790;201500023092;0;7;0;0.0;2.0;1.0;5.0;A01
34791;201500023092;0;17;0;0.0;2.0;1.0;1.0;B02
34792;201500023093;0;7;0;1.0;0.0;2.0;1.0;B02
34793;201500023093;0;17;0;13.0;0.0;8.0;0.0;A01
34794;201500023094;0;7;0;0.0;2.0;8.0;1.0;C03
34795;201500023094;0;7;0;0.0;2.0;3.0;1.0;B02
34796;201500023094;0;30;0;0.0;2.0;1.0;17.0;A01
34797;201500023095;0;33;0;12.0;0.0;1.0;1.0;A01
34798;201500023096;0;7;0;0.0;2.0;2.0;2.0;A01
34799;201500023096;0;7;0;0.0;0.0;6.0;2.0;B02
34800;201500023096;0;7;0;14.0;0.0;1.0;2.0;C03
34801;201500023097;0;7;0;0.0;0.0;4.0;23.0;A01
34802;201500023097;0;7;0;1.0;0.0;1.0;21.0;B02
34803;201500023098;0;10;0;1.0;1.0;2.0;14.0;B02
34804;201500023099;0;7;0;2.0;0.0;1.0;14.0;A01
34805;201500023100;0;7;0;1.0;0.0;1.0;1.0;B02
34806;201500023100;0;7;0;1.0;0.0;4.0;0.0;A01
34807;201500023101;0;7;0;0.0;2.0;1.0;13.0;A01
34808;201500023101;0;7;0;0.0;2.0;1.0;1.0;B02
34809;201500023103;0;7;0;6.0;0.0;1.0;1.0;A01
34810;201500023104;0;7;0;0.0;2.0;1.0;13.0;A01
34811;201500023104;0;14;0;0.0;2.0;1.0;13.0;B02
34812;201500023106;0;31;0;0.0;2.0;1.0;1.0;B02
34813;201500023106;0;10;0;0.0;2.0;7.0;15.0;A01
34814;201500023107;0;7;0;6.0;0.0;1.0;13.0;A01
34815;201500023109;0;10;0;0.0;2.0;2.0;13.0;A01
34816;201500023109;0;7;0;0.0;2.0;1.0;1.0;B02
34817;201500023110;0;7;0;0.0;2.0;1.0;2.0;A01
34818;201500023110;0;7;0;0.0;2.0;4.0;1.0;B01
34819;201500023111;0;7;0;0.0;1.0;2.0;1.0;A01
34820;201500023112;0;10;0;4.0;0.0;3.0;13.0;A01
34821;201500023113;0;14;0;0.0;1.0;7.0;1.0;A01
34822;201500023114;0;7;0;0.0;2.0;3.0;16.0;A01
34823;201500023114;0;7;0;0.0;2.0;3.0;1.0;B01
34824;201500023115;0;33;0;12.0;0.0;1.0;14.0;A01
34825;201500023116;0;7;0;0.0;2.0;7.0;15.0;A01
34826;201500023116;0;2;0;0.0;2.0;1.0;1.0;B01
34827;201500023117;0;7;0;0.0;1.0;4.0;4.0;A01
34828;201500023118;0;7;0;0.0;2.0;2.0;1.0;B01
34829;201500023118;0;7;0;0.0;2.0;3.0;15.0;A01
34830;201500023119;0;10;0;0.0;1.0;4.0;4.0;A01
34831;201500023120;0;7;0;0.0;2.0;3.0;1.0;B01
34832;201500023120;0;7;0;0.0;2.0;3.0;13.0;A01
34833;201500023121;0;7;0;0.0;2.0;4.0;2.0;B01
34834;201500023121;0;7;0;0.0;2.0;1.0;2.0;A01
34835;201500023121;0;7;0;0.0;2.0;4.0;2.0;C01
34836;201500023122;0;7;0;0.0;2.0;1.0;1.0;B01
34837;201500023122;0;7;0;0.0;2.0;3.0;15.0;A01
34838;201500023123;0;7;0;0.0;2.0;3.0;1.0;B01
34839;201500023123;0;7;0;0.0;2.0;3.0;13.0;A01
34840;201500023124;0;7;0;0.0;2.0;1.0;9.0;A01
34841;201500023124;0;2;0;0.0;2.0;7.0;1.0;B01
34842;201500023125;0;7;0;0.0;2.0;6.0;1.0;B01
34843;201500023125;0;33;0;0.0;2.0;1.0;1.0;A01
34844;201500023126;0;33;0;0.0;2.0;7.0;17.0;A01
34845;201500023126;0;7;0;0.0;2.0;8.0;1.0;B01
34846;201500023127;0;7;0;0.0;1.0;1.0;1.0;A01
34847;201500023129;0;7;0;0.0;1.0;7.0;1.0;A01
34848;201500023130;0;7;0;0.0;2.0;8.0;1.0;A01
34849;201500023130;0;31;0;0.0;2.0;2.0;1.0;B01
34850;201500023131;0;7;0;0.0;0.0;0.0;1.0;A01
34851;201500023132;0;7;0;0.0;1.0;1.0;1.0;A01
34852;201500023133;0;7;0;0.0;1.0;3.0;1.0;A01
34853;201500023134;0;1;0;0.0;0.0;7.0;1.0;B01
34854;201500023134;0;7;0;0.0;2.0;1.0;1.0;A01
34855;201500023135;0;1;0;0.0;2.0;1.0;19.0;A01
34856;201500023135;0;7;0;0.0;2.0;6.0;1.0;B01
34857;201500023136;0;30;0;0.0;2.0;1.0;1.0;B01
34858;201500023136;0;7;0;0.0;2.0;8.0;10.0;A01
34859;201500023137;0;33;0;0.0;1.0;1.0;17.0;A01
34860;201500023138;0;7;0;8.0;0.0;1.0;14.0;A01
34861;201500023139;0;7;0;13.0;0.0;9.0;14.0;A01
34862;201500023140;0;7;0;0.0;2.0;2.0;15.0;A01
34863;201500023140;0;33;0;0.0;2.0;1.0;1.0;B01
34864;201500023141;0;7;0;0.0;1.0;8.0;1.0;A01
34865;201500023142;0;7;0;0.0;1.0;8.0;1.0;A01
34866;201500023144;0;33;0;0.0;6.0;1.0;1.0;A01
34867;201500023145;0;7;0;13.0;0.0;3.0;1.0;A01
34868;201500023146;0;7;0;4.0;0.0;2.0;1.0;A01
34869;201500023148;0;33;0;3.0;0.0;7.0;14.0;A01
34870;201500023149;0;7;0;0.0;2.0;1.0;5.0;A01
34871;201500023149;0;7;0;0.0;2.0;1.0;1.0;B02
34872;201500023150;0;7;0;3.0;0.0;1.0;14.0;A01
34873;201500023151;0;7;0;4.0;0.0;2.0;14.0;A01
34874;201500023152;0;7;0;0.0;2.0;1.0;1.0;A01
34875;201500023152;0;14;0;0.0;0.0;0.0;1.0;B02
34876;201500023152;0;7;0;0.0;2.0;3.0;21.0;D04
34877;201500023153;0;33;0;0.0;0.0;3.0;1.0;A01
34878;201500023154;0;33;0;0.0;0.0;8.0;17.0;A01
34879;201500023155;0;15;0;0.0;2.0;4.0;2.0;B02
34880;201500023155;0;7;0;0.0;2.0;1.0;2.0;A01
34881;201500023156;0;7;0;0.0;2.0;1.0;19.0;A01
34882;201500023156;0;7;0;0.0;2.0;8.0;1.0;B02
34883;201500023157;0;7;0;0.0;1.0;2.0;1.0;A01
34884;201500023158;0;7;0;0.0;9.0;1.0;11.0;B02
34885;201500023158;0;1;0;0.0;2.0;1.0;1.0;A01
34886;201500023159;0;7;0;14.0;0.0;1.0;1.0;B02
34887;201500023159;0;7;0;0.0;0.0;8.0;1.0;C03
34888;201500023159;0;7;0;3.0;0.0;1.0;1.0;A01
34889;201500023160;0;7;0;0.0;2.0;3.0;1.0;A01
34890;201500023160;2;7;0;0.0;2.0;2.0;13.0;B02
34891;201500023161;0;30;0;1.0;0.0;1.0;1.0;A01
34892;201500023162;0;7;0;0.0;0.0;4.0;1.0;A01
34893;201500023162;0;30;0;0.0;2.0;1.0;1.0;B02
34894;201500023163;0;33;0;13.0;0.0;9.0;17.0;A01
34895;201500023164;0;7;0;8.0;2.0;2.0;13.0;A01
34896;201500023164;0;34;0;0.0;2.0;8.0;1.0;B02
34897;201500023164;0;34;0;0.0;2.0;2.0;1.0;C03
34898;201500023165;0;1;0;0.0;2.0;8.0;15.0;A01
34899;201500023165;0;7;0;0.0;9.0;2.0;17.0;B02
34900;201500023169;0;7;0;0.0;2.0;2.0;1.0;B02
34901;201500023169;0;32;0;0.0;2.0;1.0;21.0;A01
34902;201500023171;0;33;0;0.0;2.0;1.0;1.0;B01
34903;201500023171;0;1;0;0.0;2.0;7.0;19.0;A01
34904;201500023172;0;7;0;0.0;2.0;2.0;13.0;A01
34905;201500023172;0;7;0;0.0;2.0;2.0;1.0;B02
34906;201500023173;0;33;0;0.0;2.0;1.0;17.0;A01
34907;201500023173;0;21;0;0.0;2.0;3.0;15.0;B02
34908;201500023175;0;7;0;0.0;2.0;3.0;13.0;A01
34909;201500023175;0;15;0;0.0;2.0;3.0;1.0;B02
34910;201500023176;0;7;0;13.0;0.0;6.0;17.0;A01
34911;201500023177;0;33;0;0.0;0.0;0.0;1.0;A01
34912;201500023178;0;7;0;2.0;0.0;7.0;1.0;A01
34913;201500023179;0;30;0;6.0;0.0;1.0;1.0;A01
34914;201500023180;0;7;0;13.0;0.0;9.0;1.0;A01
34915;201500023181;0;7;0;0.0;1.0;3.0;16.0;A01
34916;201500023182;0;7;0;0.0;2.0;1.0;1.0;B01
34917;201500023182;0;1;0;0.0;2.0;1.0;1.0;A01
34918;201500023183;0;7;0;0.0;0.0;4.0;1.0;B01
34919;201500023183;0;7;0;;2.0;1.0;1.0;A01
34920;201500023184;0;1;0;0.0;0.0;7.0;1.0;B01
34921;201500023184;0;7;0;0.0;2.0;1.0;1.0;A01
34922;201500023185;0;33;0;0.0;2.0;1.0;1.0;A01
34923;201500023185;0;7;0;0.0;0.0;0.0;0.0;B01
34924;201500023186;0;30;0;0.0;2.0;3.0;1.0;A01
34925;201500023186;0;7;0;0.0;2.0;7.0;0.0;B01
34926;201500023187;0;30;0;0.0;2.0;1.0;1.0;A01
34927;201500023187;0;30;0;0.0;0.0;4.0;15.0;B01
34928;201500023189;0;2;0;0.0;2.0;1.0;1.0;A01
34929;201500023189;0;7;0;0.0;2.0;4.0;0.0;B01
34930;201500023190;0;31;0;0.0;2.0;1.0;1.0;B01
34931;201500023190;0;7;0;0.0;2.0;6.0;15.0;A01
34932;201500023191;0;31;0;12.0;0.0;1.0;1.0;B01
34933;201500023191;0;7;0;0.0;0.0;0.0;15.0;A01
34934;201500023192;0;1;0;0.0;2.0;3.0;13.0;B01
34935;201500023192;0;10;0;0.0;2.0;2.0;1.0;A01
34936;201500023193;0;7;0;0.0;2.0;1.0;0.0;A01
34937;201500023193;0;1;0;0.0;0.0;0.0;0.0;B01
34938;201500023194;1;10;0;0.0;0.0;0.0;0.0;Z01
34939;201500023194;0;1;0;0.0;2.0;6.0;19.0;B01
34940;201500023195;0;7;0;0.0;1.0;2.0;1.0;A01
34941;201500023197;0;10;0;0.0;2.0;1.0;9.0;A01
34942;201500023197;0;1;0;0.0;0.0;0.0;0.0;B01
34943;201500023198;0;7;0;0.0;2.0;1.0;23.0;A01
34944;201500023198;0;1;0;0.0;0.0;0.0;0.0;B01
34945;201500023200;0;7;0;0.0;2.0;8.0;1.0;A01
34946;201500023200;1;7;0;0.0;0.0;0.0;0.0;Z01
34947;201500023201;0;7;0;0.0;1.0;1.0;1.0;A01
34948;201500023202;0;1;0;1.0;0.0;1.0;1.0;B01
34949;201500023202;0;7;0;0.0;2.0;8.0;22.0;A01
34950;201500023203;0;7;0;0.0;9.0;1.0;1.0;B01
34951;201500023203;0;1;0;0.0;2.0;1.0;1.0;A01
34952;201500023204;0;10;0;15.0;2.0;3.0;1.0;B01
34953;201500023204;0;7;0;0.0;2.0;7.0;10.0;A01
34954;201500023205;0;7;0;0.0;1.0;4.0;4.0;A01
34955;201500023206;0;7;0;0.0;2.0;1.0;0.0;B01
34956;201500023206;0;1;0;0.0;2.0;1.0;17.0;A01
34957;201500023207;0;7;0;0.0;2.0;6.0;1.0;A01
34958;201500023207;0;1;0;0.0;0.0;0.0;0.0;B01
34959;201500023208;0;7;0;0.0;2.0;2.0;1.0;B01
34960;201500023208;0;30;0;0.0;2.0;1.0;13.0;A01
34961;201500023208;0;7;0;0.0;2.0;2.0;1.0;C01
34962;201500023209;0;10;0;0.0;2.0;1.0;1.0;A01
34963;201500023209;0;7;0;0.0;0.0;4.0;23.0;C01
34964;201500023209;0;7;0;0.0;2.0;4.0;23.0;B01
34965;201500023212;0;7;0;0.0;2.0;3.0;1.0;A01
34966;201500023212;0;2;0;0.0;2.0;1.0;1.0;B01
34967;201500023213;0;10;0;0.0;0.0;3.0;20.0;B01
34968;201500023213;0;2;0;0.0;2.0;2.0;17.0;A01
34969;201500023214;0;7;0;2.0;0.0;0.0;21.0;A01
34970;201500023215;0;2;0;0.0;2.0;7.0;1.0;B01
34971;201500023215;0;7;0;0.0;2.0;1.0;1.0;A01
34972;201500023217;0;10;0;0.0;2.0;6.0;1.0;A01
34973;201500023217;0;1;0;0.0;0.0;0.0;0.0;B01
34974;201500023218;0;7;0;0.0;2.0;1.0;13.0;A01
34975;201500023218;0;7;0;0.0;2.0;1.0;1.0;B01
34976;201500023219;0;7;0;0.0;2.0;7.0;13.0;A01
34977;201500023219;0;10;0;0.0;2.0;1.0;1.0;B01
34978;201500023220;0;2;0;0.0;2.0;7.0;1.0;B01
34979;201500023220;0;7;0;0.0;2.0;1.0;9.0;A01
34980;201500023221;0;7;0;1.0;0.0;1.0;14.0;A01
34981;201500023222;0;2;0;0.0;2.0;1.0;1.0;B01
34982;201500023222;0;7;0;0.0;2.0;5.0;1.0;A01
34983;201500023223;0;7;0;0.0;2.0;1.0;1.0;B01
34984;201500023223;0;7;0;0.0;2.0;1.0;5.0;A01
34985;201500023224;0;7;0;0.0;1.0;1.0;1.0;A01
34986;201500023225;0;7;0;2.0;0.0;9.0;1.0;A01
34987;201500023226;0;2;0;0.0;2.0;1.0;1.0;B01
34988;201500023226;0;7;0;0.0;2.0;3.0;1.0;A01
34989;201500023227;0;7;0;0.0;1.0;4.0;4.0;A01
34990;201500023228;0;7;0;3.0;0.0;9.0;0.0;A01
34991;201500023229;0;31;0;0.0;2.0;1.0;1.0;A01
34992;201500023229;0;7;0;0.0;2.0;2.0;0.0;B02
34993;201500023230;0;33;0;0.0;2.0;1.0;1.0;B02
34994;201500023230;0;10;0;0.0;2.0;2.0;13.0;A01
34995;201500023231;0;10;0;0.0;2.0;1.0;13.0;A01
34996;201500023231;0;7;0;0.0;2.0;1.0;1.0;B02
34997;201500023232;0;30;0;0.0;2.0;1.0;15.0;A01
34998;201500023232;0;7;0;0.0;2.0;6.0;1.0;B01
34999;201500023233;0;32;0;12.0;0.0;1.0;6.0;A01
35000;201500023234;0;1;0;0.0;2.0;1.0;1.0;B01
35001;201500023234;0;13;0;0.0;2.0;7.0;19.0;A01
35002;201500023235;0;10;0;0.0;2.0;2.0;16.0;B01
35003;201500023235;0;1;0;0.0;2.0;3.0;1.0;A01
35004;201500023236;0;7;0;0.0;0.0;8.0;23.0;B01
35005;201500023236;0;37;20;0.0;0.0;5.0;15.0;A01
35006;201500023237;0;7;0;0.0;1.0;6.0;1.0;A01
35007;201500023238;0;7;0;0.0;1.0;8.0;1.0;A01
35008;201500023240;0;2;0;0.0;2.0;1.0;1.0;B01
35009;201500023240;0;7;0;0.0;2.0;2.0;15.0;A01
35010;201500023241;0;32;0;12.0;0.0;1.0;1.0;A01
35011;201500023242;0;33;0;12.0;0.0;1.0;1.0;A01
35012;201500023243;0;7;0;0.0;2.0;1.0;16.0;A01
35013;201500023243;0;7;0;0.0;2.0;1.0;1.0;B01
35014;201500023245;0;30;0;0.0;2.0;1.0;1.0;A01
35015;201500023245;0;7;0;0.0;0.0;4.0;1.0;B01
35016;201500023246;0;30;0;0.0;2.0;1.0;2.0;A01
35017;201500023246;0;7;0;0.0;2.0;4.0;1.0;B01
35018;201500023247;0;10;0;0.0;0.0;8.0;24.0;A01
35019;201500023247;0;1;0;0.0;2.0;1.0;1.0;B01
35020;201500023248;0;7;0;0.0;1.0;3.0;15.0;A01
35021;201500023249;0;1;0;0.0;1.0;6.0;16.0;A01
35022;201500023250;0;7;0;0.0;1.0;0.0;1.0;A01
35023;201500023251;0;33;0;0.0;2.0;7.0;1.0;B01
35024;201500023251;0;7;0;0.0;2.0;8.0;9.0;A01
35025;201500023252;0;7;0;0.0;0.0;4.0;1.0;B01
35026;201500023252;0;2;0;0.0;2.0;1.0;2.0;A01
35027;201500023253;0;7;0;0.0;1.0;2.0;15.0;A01
35028;201500023254;0;7;0;0.0;1.0;1.0;1.0;A01
35029;201500023256;0;7;0;0.0;0.0;4.0;2.0;A01
35030;201500023256;1;7;0;0.0;2.0;1.0;1.0;Z01
35031;201500023257;0;7;0;0.0;2.0;2.0;1.0;A01
35032;201500023257;0;33;0;0.0;0.0;0.0;1.0;B01
35033;201500023259;0;30;0;1.0;0.0;1.0;16.0;A01
35034;201500023260;0;33;0;0.0;2.0;1.0;1.0;B01
35035;201500023260;0;7;0;0.0;2.0;3.0;15.0;A01
35036;201500023261;0;7;0;0.0;0.0;7.0;10.0;A01
35037;201500023261;0;34;0;0.0;2.0;1.0;1.0;B01
35038;201500023262;0;7;0;0.0;2.0;1.0;15.0;A01
35039;201500023262;0;33;0;0.0;2.0;1.0;1.0;B01
35040;201500023263;0;7;0;8.0;2.0;3.0;1.0;A01
35041;201500023263;0;7;0;0.0;2.0;3.0;1.0;B01
35042;201500023264;0;7;0;0.0;2.0;4.0;1.0;B01
35043;201500023264;0;7;0;0.0;2.0;1.0;2.0;A01
35044;201500023265;0;7;0;0.0;0.0;1.0;16.0;A01
35045;201500023265;0;7;0;0.0;2.0;7.0;1.0;B01
35046;201500023266;0;7;0;0.0;0.0;4.0;23.0;D01
35047;201500023266;0;7;0;0.0;0.0;5.0;23.0;C01
35048;201500023266;0;7;0;0.0;2.0;1.0;1.0;A01
35049;201500023266;0;7;0;0.0;2.0;5.0;23.0;B01
35050;201500023267;0;7;0;0.0;2.0;1.0;2.0;A01
35051;201500023267;0;10;0;0.0;0.0;4.0;1.0;B01
35052;201500023268;0;31;0;0.0;0.0;3.0;1.0;B01
35053;201500023268;0;7;0;0.0;2.0;0.0;15.0;A01
35054;201500023269;0;7;0;0.0;2.0;8.0;16.0;B01
35055;201500023269;0;7;0;0.0;2.0;3.0;1.0;A01
35056;201500023270;0;7;0;0.0;2.0;7.0;15.0;A01
35057;201500023270;0;7;0;0.0;2.0;3.0;1.0;B01
35058;201500023272;1;7;0;0.0;1.0;0.0;1.0;Z01
35059;201500023273;0;7;0;0.0;1.0;8.0;1.0;A01
35060;201500023275;0;32;0;0.0;2.0;2.0;1.0;B01
35061;201500023275;0;7;0;0.0;2.0;3.0;1.0;A01
35062;201500023276;0;7;0;0.0;0.0;8.0;23.0;C01
35063;201500023276;0;7;0;0.0;0.0;7.0;15.0;A01
35064;201500023276;0;7;0;0.0;2.0;1.0;1.0;B01
35065;201500023277;0;7;0;8.0;2.0;2.0;1.0;A01
35066;201500023277;0;7;0;0.0;0.0;3.0;1.0;B01
35067;201500023278;0;10;0;0.0;0.0;0.0;0.0;B01
35068;201500023278;0;30;0;0.0;2.0;1.0;1.0;A01
35069;201500023279;0;1;0;0.0;1.0;1.0;1.0;A01
35070;201500023280;0;33;0;0.0;1.0;8.0;1.0;A01
35071;201500023281;0;2;0;0.0;2.0;2.0;16.0;B01
35072;201500023281;0;7;0;0.0;2.0;9.0;16.0;A01
35073;201500023281;0;7;0;0.0;2.0;2.0;1.0;C01
35074;201500023282;0;7;0;0.0;2.0;1.0;15.0;A01
35075;201500023282;0;7;0;0.0;2.0;1.0;1.0;B01
35076;201500023283;0;7;0;0.0;2.0;1.0;1.0;B01
35077;201500023283;0;31;0;0.0;0.0;8.0;1.0;A01
35078;201500023284;0;7;0;0.0;1.0;1.0;15.0;A01
35079;201500023285;0;1;0;0.0;2.0;1.0;1.0;B01
35080;201500023285;0;7;0;0.0;0.0;0.0;23.0;A01
35081;201500023286;0;1;0;0.0;2.0;2.0;1.0;A01
35082;201500023286;0;7;0;0.0;2.0;1.0;1.0;B01
35083;201500023287;0;7;0;0.0;0.0;5.0;15.0;A01
35084;201500023287;0;7;0;0.0;2.0;3.0;1.0;B01
35085;201500023288;0;7;0;0.0;2.0;4.0;2.0;B01
35086;201500023288;0;7;0;0.0;2.0;1.0;2.0;C01