;Num_Acc;senc;catv;occutc;obs;obsm;choc;manv;num_veh
35087;201500023288;0;7;0;0.0;2.0;4.0;1.0;A01
35088;201500023290;0;7;0;0.0;2.0;1.0;1.0;A01
35089;201500023290;0;1;0;0.0;2.0;3.0;16.0;B01
35090;201500023291;0;7;0;0.0;2.0;1.0;15.0;A01
35091;201500023291;0;2;0;0.0;0.0;0.0;1.0;B01
35092;201500023293;0;7;0;0.0;2.0;1.0;2.0;A01
35093;201500023293;0;7;0;0.0;0.0;4.0;2.0;D01
35094;201500023293;0;7;0;0.0;0.0;4.0;2.0;B01
35095;201500023293;0;7;0;0.0;0.0;5.0;2.0;C01
35096;201500023293;0;7;0;0.0;0.0;6.0;2.0;E01
35097;201500023294;0;7;0;0.0;1.0;5.0;20.0;A01
35098;201500023295;0;10;0;0.0;2.0;1.0;9.0;A01
35099;201500023295;0;1;0;0.0;0.0;4.0;1.0;B01
35100;201500023296;0;7;0;0.0;1.0;0.0;1.0;A01
35101;201500023297;0;7;0;0.0;0.0;4.0;23.0;B01
35102;201500023297;0;33;0;0.0;2.0;1.0;2.0;A01
35103;201500023298;0;2;0;14.0;0.0;8.0;1.0;A01
35104;201500023299;0;7;0;0.0;2.0;1.0;2.0;A01
35105;201500023299;0;7;0;0.0;0.0;4.0;2.0;B01
35106;201500023300;0;7;0;0.0;2.0;1.0;2.0;A01
35107;201500023300;0;7;0;0.0;0.0;4.0;23.0;B01
35108;201500023301;0;2;0;0.0;2.0;1.0;2.0;A01
35109;201500023301;0;7;0;0.0;2.0;5.0;16.0;B01
35110;201500023302;0;7;0;0.0;1.0;7.0;1.0;A01
35111;201500023303;0;7;0;0.0;1.0;2.0;1.0;A01
35112;201500023304;0;2;0;0.0;2.0;2.0;5.0;A01
35113;201500023304;0;7;0;0.0;2.0;2.0;1.0;B01
35114;201500023305;0;7;0;0.0;2.0;1.0;1.0;B01
35115;201500023305;0;1;0;0.0;2.0;4.0;1.0;A01
35116;201500023307;0;1;0;0.0;2.0;7.0;1.0;A01
35117;201500023307;0;7;0;0.0;2.0;1.0;1.0;B01
35118;201500023308;0;7;0;0.0;0.0;5.0;2.0;B01
35119;201500023308;0;32;0;1.0;0.0;1.0;2.0;A01
35120;201500023308;0;7;0;0.0;0.0;3.0;23.0;C01
35121;201500023309;0;7;0;0.0;2.0;3.0;21.0;A01
35122;201500023309;0;30;0;0.0;0.0;1.0;17.0;B01
35123;201500023310;0;7;0;0.0;1.0;1.0;9.0;A01
35124;201500023311;0;40;50;0.0;1.0;0.0;1.0;A01
35125;201500023312;1;7;0;14.0;1.0;4.0;4.0;Z01
35126;201500023313;0;7;0;0.0;2.0;1.0;15.0;A01
35127;201500023313;0;33;0;0.0;2.0;7.0;1.0;B01
35128;201500023315;0;1;0;0.0;0.0;3.0;2.0;B01
35129;201500023315;0;7;0;0.0;2.0;5.0;14.0;A01
35130;201500023316;0;30;0;0.0;2.0;1.0;2.0;A01
35131;201500023316;0;7;0;0.0;0.0;5.0;16.0;B01
35132;201500023317;0;33;0;0.0;2.0;2.0;1.0;B01
35133;201500023317;0;1;0;0.0;2.0;0.0;19.0;A01
35134;201500023319;0;7;0;0.0;2.0;1.0;1.0;B01
35135;201500023319;0;7;0;0.0;0.0;6.0;23.0;C01
35136;201500023319;0;10;0;0.0;2.0;1.0;1.0;A01
35137;201500023320;0;7;0;0.0;2.0;2.0;9.0;A01
35138;201500023320;0;31;0;0.0;2.0;2.0;1.0;B01
35139;201500023322;0;7;0;0.0;1.0;2.0;16.0;A01
35140;201500023323;0;1;0;1.0;0.0;1.0;1.0;B01
35141;201500023323;0;7;0;0.0;0.0;8.0;22.0;A01
35142;201500023324;0;2;0;0.0;0.0;8.0;1.0;B01
35143;201500023324;0;7;0;0.0;2.0;1.0;15.0;A01
35144;201500023325;0;7;0;0.0;2.0;3.0;9.0;B01
35145;201500023325;0;1;0;0.0;2.0;1.0;1.0;A01
35146;201500023326;0;7;0;1.0;0.0;1.0;2.0;A01
35147;201500023326;0;7;0;0.0;0.0;4.0;2.0;B01
35148;201500023327;0;7;0;9.0;0.0;1.0;1.0;A01
35149;201500023328;0;7;0;0.0;2.0;2.0;15.0;A01
35150;201500023328;0;33;0;0.0;2.0;1.0;1.0;B01
35151;201500023329;0;7;0;0.0;1.0;2.0;1.0;A01
35152;201500023330;0;7;0;0.0;0.0;5.0;10.0;A01
35153;201500023330;0;7;0;0.0;2.0;0.0;1.0;B01
35154;201500023331;0;14;0;0.0;2.0;7.0;15.0;A01
35155;201500023331;0;1;0;0.0;2.0;3.0;15.0;B01
35156;201500023332;0;1;0;0.0;2.0;8.0;1.0;B01
35157;201500023332;0;10;0;0.0;0.0;2.0;16.0;A01
35158;201500023333;0;7;0;0.0;0.0;8.0;1.0;B01
35159;201500023333;0;7;0;0.0;2.0;1.0;15.0;A01
35160;201500023334;0;30;0;0.0;0.0;0.0;1.0;B01
35161;201500023334;0;7;0;0.0;0.0;1.0;12.0;A01
35162;201500023335;0;7;0;0.0;2.0;7.0;15.0;A01
35163;201500023335;0;33;0;0.0;0.0;1.0;1.0;B01
35164;201500023336;0;10;0;0.0;0.0;7.0;16.0;B01
35165;201500023336;0;30;0;0.0;2.0;1.0;7.0;A01
35166;201500023337;0;7;0;0.0;0.0;0.0;23.0;B01
35167;201500023337;0;7;0;0.0;2.0;1.0;5.0;A01
35168;201500023338;0;7;0;5.0;0.0;1.0;1.0;A01
35169;201500023339;0;7;0;0.0;2.0;1.0;1.0;A01
35170;201500023339;0;7;0;0.0;0.0;1.0;23.0;B01
35171;201500023339;0;7;0;0.0;0.0;4.0;23.0;D01
35172;201500023339;0;7;0;0.0;2.0;1.0;23.0;C01
35173;201500023340;0;7;0;0.0;0.0;4.0;23.0;A01
35174;201500023340;0;7;0;0.0;2.0;1.0;1.0;B01
35175;201500023341;0;31;0;0.0;1.0;0.0;1.0;A01
35176;201500023342;0;7;0;0.0;2.0;1.0;1.0;A01
35177;201500023342;0;10;0;0.0;0.0;4.0;23.0;B01
35178;201500023345;0;1;0;0.0;0.0;0.0;0.0;B01
35179;201500023345;0;7;0;0.0;2.0;7.0;1.0;A01
35180;201500023346;0;1;0;0.0;2.0;1.0;1.0;A01
35181;201500023346;0;7;0;0.0;0.0;3.0;1.0;B01
35182;201500023347;0;7;0;3.0;0.0;2.0;1.0;A01
35183;201500023348;0;7;0;0.0;2.0;1.0;15.0;A01
35184;201500023348;0;2;0;0.0;0.0;1.0;1.0;B01
35185;201500023349;0;7;0;0.0;1.0;1.0;1.0;A01
35186;201500023350;0;1;0;0.0;2.0;1.0;1.0;B01
35187;201500023350;0;7;0;0.0;0.0;8.0;5.0;A01
35188;201500023351;0;7;0;0.0;0.0;1.0;23.0;B01
35189;201500023351;0;7;0;0.0;2.0;1.0;15.0;A01
35190;201500023353;0;1;0;0.0;0.0;7.0;1.0;B01
35191;201500023353;0;7;0;0.0;2.0;1.0;1.0;A01
35192;201500023354;0;7;0;0.0;2.0;7.0;12.0;A01
35193;201500023354;0;33;0;0.0;2.0;3.0;1.0;B01
35194;201500023355;0;7;0;0.0;2.0;8.0;1.0;B01
35195;201500023355;0;1;0;0.0;2.0;1.0;21.0;A01
35196;201500023356;0;7;0;1.0;0.0;1.0;1.0;A01
35197;201500023357;0;1;0;0.0;2.0;1.0;15.0;B01
35198;201500023357;0;1;0;0.0;2.0;1.0;5.0;A01
35199;201500023358;0;7;0;0.0;2.0;2.0;15.0;B01
35200;201500023358;0;7;0;0.0;2.0;1.0;15.0;A01
35201;201500023360;0;30;0;0.0;0.0;8.0;21.0;B01
35202;201500023360;0;7;0;0.0;0.0;0.0;13.0;A01
35203;201500023365;0;7;0;0.0;2.0;3.0;2.0;A01
35204;201500023365;0;7;0;0.0;0.0;4.0;1.0;B01
35205;201500023366;0;7;0;0.0;2.0;1.0;1.0;A01
35206;201500023366;0;7;0;0.0;2.0;7.0;1.0;B01
35207;201500023367;0;1;0;0.0;2.0;4.0;15.0;A01
35208;201500023367;0;7;0;0.0;2.0;1.0;1.0;B01
35209;201500023369;0;15;0;0.0;2.0;7.0;16.0;B01
35210;201500023369;0;33;0;0.0;2.0;3.0;18.0;A01
35211;201500023370;0;10;0;0.0;2.0;1.0;1.0;B01
35212;201500023370;0;10;0;0.0;0.0;4.0;23.0;C01
35213;201500023370;0;33;0;0.0;2.0;1.0;1.0;A01
35214;201500023371;0;7;0;0.0;1.0;1.0;13.0;A01
35215;201500023372;0;2;0;0.0;0.0;2.0;21.0;A01
35216;201500023373;0;7;0;0.0;0.0;0.0;1.0;B01
35217;201500023373;0;1;0;0.0;2.0;1.0;1.0;A01
35218;201500023374;0;7;0;0.0;0.0;5.0;1.0;B01
35219;201500023374;0;2;0;0.0;2.0;3.0;2.0;A01
35220;201500023375;0;7;0;0.0;0.0;4.0;23.0;B01
35221;201500023375;0;7;0;0.0;2.0;1.0;1.0;A01
35222;201500023377;0;2;0;0.0;2.0;1.0;17.0;B01
35223;201500023377;0;7;0;0.0;0.0;3.0;15.0;A01
35224;201500023379;0;7;0;0.0;2.0;2.0;15.0;B01
35225;201500023379;0;2;0;0.0;2.0;1.0;18.0;A01
35226;201500023380;0;7;0;0.0;2.0;3.0;15.0;A01
35227;201500023380;0;2;0;0.0;2.0;1.0;17.0;B01
35228;201500023382;0;40;0;0.0;2.0;1.0;1.0;B01
35229;201500023382;0;10;0;0.0;0.0;2.0;1.0;A01
35230;201500023383;0;7;0;0.0;2.0;1.0;1.0;B01
35231;201500023383;0;7;0;0.0;2.0;1.0;13.0;A01
35232;201500023384;0;7;0;0.0;2.0;1.0;1.0;A01
35233;201500023384;0;7;0;0.0;0.0;4.0;15.0;B01
35234;201500023385;0;7;0;0.0;1.0;4.0;4.0;A01
35235;201500023386;1;31;0;0.0;1.0;0.0;0.0;Z01
35236;201500023387;0;7;0;0.0;2.0;1.0;1.0;B01
35237;201500023387;0;7;0;0.0;2.0;7.0;1.0;A01
35238;201500023388;0;7;0;0.0;0.0;3.0;1.0;B01
35239;201500023388;0;30;0;0.0;2.0;1.0;1.0;A01
35240;201500023389;0;13;0;0.0;2.0;1.0;1.0;A01
35241;201500023389;0;7;0;0.0;0.0;4.0;23.0;B01
35242;201500023390;0;7;0;0.0;2.0;1.0;1.0;B01
35243;201500023390;0;7;0;7.0;2.0;1.0;1.0;A01
35244;201500023391;0;10;0;0.0;2.0;8.0;11.0;A01
35245;201500023391;0;1;0;0.0;0.0;0.0;1.0;B01
35246;201500023392;0;7;0;0.0;0.0;1.0;15.0;A01
35247;201500023392;0;31;0;0.0;2.0;2.0;1.0;B01
35248;201500023393;0;7;0;0.0;2.0;1.0;13.0;A01
35249;201500023393;0;7;0;0.0;0.0;4.0;1.0;B01
35250;201500023393;0;7;0;0.0;2.0;1.0;1.0;C01
35251;201500023394;0;2;0;0.0;9.0;1.0;1.0;A01
35252;201500023395;0;40;0;0.0;2.0;3.0;1.0;B01
35253;201500023395;0;7;0;0.0;4.0;1.0;1.0;A01
35254;201500023396;0;7;0;0.0;2.0;1.0;17.0;A01
35255;201500023396;0;7;0;0.0;0.0;8.0;1.0;B01
35256;201500023397;0;1;0;0.0;2.0;1.0;16.0;B01
35257;201500023397;0;7;0;0.0;2.0;3.0;15.0;A01
35258;201500023398;0;7;0;0.0;2.0;1.0;2.0;A01
35259;201500023398;0;7;0;0.0;0.0;4.0;23.0;B01
35260;201500023399;0;7;0;0.0;2.0;1.0;15.0;A01
35261;201500023399;0;10;0;0.0;2.0;0.0;1.0;C01
35262;201500023399;0;7;0;0.0;2.0;1.0;1.0;B01
35263;201500023400;0;31;0;0.0;0.0;6.0;1.0;A01
35264;201500023400;0;7;0;0.0;2.0;1.0;1.0;B01
35265;201500023401;0;1;0;0.0;2.0;1.0;1.0;A01
35266;201500023401;0;7;0;0.0;2.0;3.0;16.0;B01
35267;201500023402;0;33;0;0.0;1.0;0.0;1.0;A01
35268;201500023403;0;33;0;0.0;0.0;0.0;1.0;A01
35269;201500023404;0;1;0;0.0;2.0;1.0;1.0;A01
35270;201500023404;1;7;0;0.0;2.0;0.0;0.0;Z01
35271;201500023405;0;7;0;0.0;2.0;3.0;16.0;A01
35272;201500023405;0;2;0;0.0;0.0;1.0;1.0;B01
35273;201500023406;0;7;0;0.0;1.0;1.0;16.0;A01
35274;201500023407;1;7;0;0.0;2.0;0.0;0.0;Z01
35275;201500023407;0;7;0;0.0;0.0;0.0;0.0;B01
35276;201500023408;0;7;0;0.0;2.0;5.0;15.0;A01
35277;201500023408;0;33;0;0.0;2.0;1.0;1.0;B01
35278;201500023409;0;2;0;0.0;1.0;1.0;17.0;A01
35279;201500023410;0;10;0;0.0;0.0;0.0;15.0;A01
35280;201500023410;0;7;0;6.0;0.0;1.0;21.0;B01
35281;201500023412;0;7;0;0.0;0.0;8.0;1.0;B01
35282;201500023412;0;7;0;0.0;2.0;2.0;15.0;A01
35283;201500023413;0;7;0;0.0;2.0;2.0;15.0;A01
35284;201500023413;0;2;0;0.0;0.0;1.0;1.0;B01
35285;201500023414;0;7;0;0.0;1.0;3.0;21.0;A01
35286;201500023415;0;30;0;0.0;0.0;1.0;1.0;A01
35287;201500023417;0;1;0;0.0;2.0;0.0;1.0;B01
35288;201500023417;0;1;0;0.0;2.0;0.0;1.0;A01
35289;201500023419;0;7;0;0.0;0.0;8.0;15.0;B01
35290;201500023419;0;33;0;0.0;2.0;1.0;1.0;A01
35291;201500023420;0;10;0;0.0;2.0;7.0;15.0;A01
35292;201500023420;0;33;0;0.0;2.0;1.0;1.0;B01
35293;201500023421;0;7;0;0.0;2.0;2.0;15.0;A01
35294;201500023421;0;33;0;0.0;2.0;3.0;1.0;B01
35295;201500023422;1;7;0;0.0;1.0;0.0;0.0;Z01
35296;201500023424;0;7;0;0.0;0.0;4.0;2.0;B01
35297;201500023424;0;7;0;0.0;2.0;1.0;2.0;A01
35298;201500023425;0;7;0;9.0;0.0;1.0;1.0;A01
35299;201500023426;0;30;0;0.0;0.0;0.0;1.0;A01
35300;201500023427;0;2;0;0.0;2.0;1.0;17.0;A01
35301;201500023427;0;7;0;0.0;0.0;0.0;15.0;B01
35302;201500023428;0;7;0;0.0;0.0;2.0;16.0;B01
35303;201500023428;0;1;0;0.0;2.0;1.0;8.0;A01
35304;201500023429;0;7;0;0.0;2.0;7.0;1.0;B01
35305;201500023429;0;1;0;0.0;2.0;1.0;1.0;A01
35306;201500023430;0;33;0;8.0;0.0;7.0;1.0;A01
35307;201500023431;0;10;0;0.0;1.0;7.0;15.0;A01
35308;201500023433;0;7;0;0.0;1.0;3.0;1.0;A01
35309;201500023434;0;7;0;0.0;0.0;4.0;23.0;C01
35310;201500023434;0;7;0;0.0;2.0;1.0;1.0;A01
35311;201500023434;0;7;0;0.0;2.0;1.0;1.0;B01
35312;201500023435;0;7;0;0.0;0.0;8.0;15.0;A01
35313;201500023435;0;33;0;0.0;2.0;1.0;1.0;B01
35314;201500023436;0;1;0;0.0;2.0;1.0;1.0;A01
35315;201500023436;0;7;0;0.0;2.0;8.0;15.0;B01
35316;201500023437;0;7;0;0.0;1.0;1.0;1.0;A01
35317;201500023438;0;2;0;0.0;2.0;2.0;17.0;A01
35318;201500023438;0;7;0;0.0;0.0;3.0;15.0;B01
35319;201500023439;0;7;0;0.0;2.0;1.0;1.0;A01
35320;201500023439;0;7;0;0.0;2.0;1.0;1.0;B01
35321;201500023440;0;7;0;14.0;0.0;1.0;1.0;A01
35322;201500023441;0;7;0;0.0;2.0;7.0;16.0;A01
35323;201500023441;0;37;8;0.0;2.0;1.0;7.0;B01
35324;201500023442;0;7;0;0.0;2.0;8.0;1.0;B01
35325;201500023442;0;1;0;0.0;2.0;1.0;1.0;A01
35326;201500023443;0;7;0;3.0;0.0;7.0;15.0;A01
35327;201500023443;0;7;0;0.0;2.0;1.0;1.0;B01
35328;201500023444;0;7;0;1.0;0.0;3.0;1.0;A01
35329;201500023445;0;7;0;0.0;0.0;4.0;23.0;B01
35330;201500023445;0;7;0;0.0;2.0;1.0;2.0;A01
35331;201500023447;0;1;0;0.0;2.0;1.0;1.0;B01
35332;201500023447;0;1;0;0.0;2.0;1.0;1.0;A01
35333;201500023448;0;2;0;0.0;0.0;4.0;16.0;B01
35334;201500023448;0;1;0;0.0;2.0;8.0;1.0;A01
35335;201500023451;0;33;0;0.0;2.0;1.0;1.0;B01
35336;201500023451;0;7;0;0.0;0.0;5.0;15.0;A01
35337;201500023452;0;7;0;0.0;2.0;1.0;1.0;A01
35338;201500023452;0;2;0;0.0;0.0;4.0;1.0;B01
35339;201500023453;0;1;0;0.0;2.0;1.0;1.0;B01
35340;201500023453;0;7;0;0.0;2.0;1.0;15.0;A01
35341;201500023454;0;1;0;0.0;2.0;0.0;1.0;B01
35342;201500023454;0;7;0;0.0;2.0;1.0;1.0;A01
35343;201500023455;0;10;0;0.0;1.0;1.0;1.0;A01
35344;201500023456;0;7;0;0.0;2.0;8.0;16.0;A01
35345;201500023456;0;7;0;0.0;2.0;1.0;1.0;B01
35346;201500023457;0;7;0;0.0;0.0;4.0;1.0;B01
35347;201500023457;0;7;0;0.0;2.0;1.0;2.0;A01
35348;201500023458;0;7;0;0.0;0.0;7.0;1.0;B01
35349;201500023458;0;7;0;0.0;2.0;3.0;10.0;A01
35350;201500023459;0;10;0;0.0;2.0;2.0;1.0;A01
35351;201500023459;0;33;0;0.0;2.0;1.0;1.0;B01
35352;201500023460;0;3;0;1.0;0.0;7.0;4.0;A01
35353;201500023461;0;7;0;0.0;1.0;3.0;15.0;A01
35354;201500023462;0;7;0;0.0;1.0;3.0;1.0;A01
35355;201500023463;0;1;0;0.0;2.0;1.0;5.0;C01
35356;201500023463;0;1;0;0.0;2.0;1.0;5.0;B01
35357;201500023463;0;7;0;0.0;0.0;2.0;16.0;A01
35358;201500023464;0;7;0;0.0;2.0;8.0;15.0;A01
35359;201500023464;0;37;1;0.0;2.0;2.0;1.0;B01
35360;201500023465;0;7;0;2.0;2.0;1.0;1.0;A01
35361;201500023465;0;7;0;0.0;2.0;3.0;1.0;B01
35362;201500023466;0;15;0;0.0;0.0;1.0;1.0;B01
35363;201500023466;0;7;0;0.0;2.0;1.0;1.0;A01
35364;201500023468;0;7;0;1.0;0.0;1.0;1.0;A01
35365;201500023469;0;7;0;0.0;2.0;1.0;2.0;A01
35366;201500023469;0;7;0;2.0;0.0;4.0;4.0;B01
35367;201500023470;0;7;0;0.0;2.0;2.0;16.0;A01
35368;201500023470;0;1;0;0.0;2.0;1.0;1.0;B01
35369;201500023472;0;7;0;0.0;2.0;1.0;2.0;A01
35370;201500023472;0;7;0;0.0;2.0;4.0;23.0;B01
35371;201500023472;0;7;0;0.0;0.0;4.0;23.0;C01
35372;201500023473;0;7;0;0.0;2.0;1.0;2.0;A01
35373;201500023473;0;7;0;0.0;0.0;5.0;23.0;B01
35374;201500023474;0;7;0;0.0;0.0;4.0;23.0;B01
35375;201500023474;0;7;0;0.0;2.0;1.0;2.0;A01
35376;201500023475;0;40;120;0.0;2.0;7.0;1.0;B01
35377;201500023475;0;7;0;0.0;0.0;2.0;15.0;A01
35378;201500023476;0;10;0;1.0;0.0;0.0;0.0;A01
35379;201500023476;0;7;0;0.0;0.0;8.0;24.0;B01
35380;201500023481;0;7;0;0.0;2.0;1.0;1.0;A01
35381;201500023481;0;7;0;0.0;0.0;4.0;23.0;B01
35382;201500023482;0;7;0;1.0;0.0;7.0;9.0;A01
35383;201500023482;0;7;0;0.0;0.0;0.0;0.0;B01
35384;201500023483;0;7;0;0.0;2.0;1.0;1.0;B01
35385;201500023483;0;7;0;0.0;0.0;4.0;23.0;C01
35386;201500023483;0;10;0;0.0;2.0;1.0;1.0;A01
35387;201500023484;0;2;0;11.0;0.0;1.0;1.0;A01
35388;201500023485;0;7;0;0.0;2.0;4.0;20.0;A01
35389;201500023485;0;1;0;0.0;0.0;1.0;1.0;B01
35390;201500023486;0;10;0;15.0;0.0;1.0;1.0;A01
35391;201500023487;0;7;0;0.0;2.0;7.0;16.0;B01
35392;201500023487;0;30;0;0.0;2.0;3.0;1.0;A01
35393;201500023488;0;7;0;0.0;2.0;4.0;2.0;B01
35394;201500023488;0;7;0;0.0;0.0;4.0;2.0;C01
35395;201500023488;0;7;0;0.0;2.0;1.0;2.0;A01
35396;201500023489;0;31;0;0.0;2.0;7.0;17.0;A01
35397;201500023489;0;7;0;0.0;2.0;3.0;15.0;B01
35398;201500023490;0;7;0;0.0;0.0;0.0;0.0;B01
35399;201500023490;0;7;0;0.0;0.0;0.0;0.0;A01
35400;201500023491;0;7;0;6.0;0.0;2.0;1.0;A01
35401;201500023492;0;20;0;0.0;0.0;8.0;17.0;A01
35402;201500023493;0;7;0;9.0;2.0;9.0;1.0;B01
35403;201500023493;0;7;0;0.0;2.0;1.0;10.0;A01
35404;201500023494;0;33;0;0.0;2.0;6.0;1.0;A01
35405;201500023494;0;7;0;0.0;2.0;1.0;10.0;B01
35406;201500023495;0;99;0;14.0;0.0;1.0;1.0;A01
35407;201500023496;0;1;0;0.0;2.0;1.0;5.0;A01
35408;201500023496;0;7;0;0.0;0.0;8.0;16.0;B01
35409;201500023497;0;31;0;0.0;2.0;1.0;1.0;A01
35410;201500023497;0;7;0;0.0;2.0;3.0;15.0;B01
35411;201500023498;0;7;0;0.0;4.0;1.0;15.0;A01
35412;201500023498;0;40;0;0.0;2.0;7.0;1.0;B01
35413;201500023499;0;1;0;0.0;2.0;8.0;15.0;A01
35414;201500023499;0;31;0;0.0;2.0;1.0;15.0;B01
35415;201500023500;0;3;0;0.0;2.0;1.0;1.0;A01
35416;201500023500;0;33;0;0.0;2.0;7.0;1.0;B01
35417;201500023502;0;7;0;0.0;2.0;3.0;15.0;A01
35418;201500023502;0;1;0;0.0;0.0;5.0;1.0;B01
35419;201500023503;0;33;0;8.0;0.0;7.0;1.0;A01
35420;201500023504;0;34;0;0.0;2.0;1.0;1.0;B01
35421;201500023504;0;10;0;0.0;2.0;8.0;1.0;A01
35422;201500023505;0;10;0;0.0;2.0;1.0;1.0;A01
35423;201500023505;0;7;0;0.0;0.0;4.0;23.0;C01
35424;201500023505;0;7;0;0.0;2.0;1.0;23.0;B01
35425;201500023508;0;7;0;0.0;0.0;4.0;23.0;C01
35426;201500023508;0;7;0;0.0;2.0;1.0;23.0;B01
35427;201500023508;0;7;0;0.0;2.0;1.0;1.0;A01
35428;201500023509;0;1;0;0.0;1.0;1.0;1.0;A01
35429;201500023511;0;1;0;0.0;2.0;1.0;1.0;B01
35430;201500023511;0;10;0;0.0;2.0;8.0;9.0;A01
35431;201500023512;0;33;0;0.0;2.0;1.0;1.0;B01
35432;201500023512;0;7;0;0.0;0.0;7.0;19.0;A01
35433;201500023513;0;7;0;0.0;1.0;1.0;1.0;A01
35434;201500023514;0;7;0;0.0;1.0;1.0;1.0;A01
35435;201500023515;1;7;0;0.0;2.0;1.0;1.0;Z01
35436;201500023515;0;2;0;0.0;0.0;4.0;17.0;A01
35437;201500023516;0;2;0;0.0;2.0;1.0;5.0;A01
35438;201500023516;0;7;0;0.0;2.0;2.0;1.0;B01
35439;201500023517;0;7;0;0.0;2.0;1.0;1.0;B01
35440;201500023517;0;1;0;0.0;0.0;1.0;15.0;A01
35441;201500023518;0;7;0;0.0;2.0;2.0;1.0;B01
35442;201500023518;0;31;0;0.0;2.0;2.0;18.0;A01
35443;201500023519;0;31;0;0.0;0.0;7.0;1.0;A01
35444;201500023520;0;10;0;0.0;1.0;2.0;1.0;A01
35445;201500023521;0;7;0;0.0;2.0;3.0;1.0;A01
35446;201500023521;0;10;0;0.0;2.0;2.0;1.0;B01
35447;201500023522;0;40;0;0.0;2.0;1.0;1.0;B01
35448;201500023522;0;1;0;0.0;4.0;1.0;15.0;A01
35449;201500023523;0;2;0;8.0;0.0;7.0;1.0;A01
35450;201500023524;0;7;0;0.0;1.0;1.0;1.0;A01
35451;201500023525;0;7;0;0.0;1.0;0.0;15.0;A01
35452;201500023526;0;7;0;0.0;0.0;6.0;24.0;B01
35453;201500023526;0;7;0;1.0;0.0;2.0;16.0;A01
35454;201500023527;0;10;0;0.0;1.0;1.0;15.0;A01
35455;201500023529;0;1;0;0.0;0.0;0.0;0.0;B01
35456;201500023529;0;10;0;0.0;0.0;7.0;1.0;A01
35457;201500023530;0;1;0;9.0;0.0;7.0;1.0;A01
35458;201500023531;0;2;0;0.0;0.0;2.0;16.0;A01
35459;201500023532;0;1;0;1.0;0.0;1.0;1.0;B01
35460;201500023532;0;7;0;0.0;2.0;8.0;22.0;A01
35461;201500023533;0;2;0;0.0;2.0;1.0;15.0;A01
35462;201500023533;0;10;0;0.0;2.0;2.0;1.0;B01
35463;201500023534;0;33;0;0.0;2.0;1.0;1.0;B01
35464;201500023534;0;7;0;0.0;0.0;7.0;15.0;A01
35465;201500023535;0;34;0;12.0;0.0;1.0;15.0;A01
35466;201500023536;0;31;0;1.0;2.0;9.0;1.0;B01
35467;201500023536;0;7;0;0.0;0.0;2.0;2.0;C01
35468;201500023536;0;7;0;0.0;0.0;8.0;22.0;A01
35469;201500023537;1;7;0;0.0;1.0;0.0;1.0;Z01
35470;201500023538;0;7;0;0.0;2.0;3.0;1.0;B01
35471;201500023538;0;34;0;0.0;2.0;1.0;1.0;A01
35472;201500023539;0;7;0;0.0;2.0;3.0;13.0;A01
35473;201500023539;0;33;0;1.0;2.0;7.0;1.0;B01
35474;201500023540;0;1;0;0.0;0.0;3.0;2.0;B01
35475;201500023540;0;7;0;0.0;2.0;7.0;17.0;A01
35476;201500023541;0;7;0;1.0;0.0;9.0;1.0;A01
35477;201500023542;0;31;0;0.0;2.0;1.0;1.0;B01
35478;201500023542;0;7;0;0.0;2.0;1.0;1.0;A01
35479;201500023543;0;7;0;0.0;2.0;4.0;2.0;B01
35480;201500023543;0;31;0;0.0;2.0;0.0;2.0;A01
35481;201500023544;0;14;0;7.0;2.0;1.0;1.0;A01
35482;201500023544;0;7;0;8.0;2.0;2.0;1.0;B01
35483;201500023545;0;10;0;0.0;2.0;3.0;1.0;B01
35484;201500023545;0;30;0;0.0;2.0;1.0;1.0;A01
35485;201500023547;1;7;0;0.0;1.0;2.0;10.0;Z01
35486;201500023549;0;7;0;0.0;2.0;7.0;1.0;B01
35487;201500023549;0;33;0;0.0;2.0;7.0;18.0;A01
35488;201500023550;0;7;0;0.0;2.0;3.0;2.0;A01
35489;201500023550;0;7;0;0.0;2.0;5.0;2.0;B01
35490;201500023551;0;32;0;0.0;2.0;1.0;1.0;B01
35491;201500023551;0;7;0;0.0;0.0;8.0;10.0;A01
35492;201500023552;0;7;0;0.0;0.0;1.0;15.0;B01
35493;201500023552;0;30;0;0.0;2.0;1.0;17.0;A01
35494;201500023553;0;7;0;0.0;2.0;1.0;1.0;B01
35495;201500023553;0;7;0;0.0;2.0;1.0;13.0;A01
35496;201500023554;0;33;0;0.0;2.0;1.0;1.0;A01
35497;201500023554;0;7;0;0.0;0.0;8.0;15.0;B01
35498;201500023555;0;7;0;1.0;2.0;1.0;5.0;A01
35499;201500023555;0;10;0;0.0;2.0;2.0;1.0;B01
35500;201500023557;0;31;0;0.0;2.0;7.0;5.0;A01
35501;201500023557;0;7;0;0.0;0.0;1.0;16.0;B01
35502;201500023558;0;7;0;0.0;1.0;3.0;16.0;A01
35503;201500023559;0;7;0;0.0;1.0;2.0;1.0;A01
35504;201500023561;0;7;0;0.0;0.0;3.0;15.0;B01
35505;201500023561;0;1;0;0.0;2.0;1.0;17.0;A01
35506;201500023562;0;7;0;0.0;2.0;7.0;16.0;A01