;Num_Acc;senc;catv;occutc;obs;obsm;choc;manv;num_veh
35507;201500023562;0;1;0;0.0;2.0;8.0;1.0;B01
35508;201500023563;0;7;0;0.0;2.0;2.0;1.0;A01
35509;201500023563;0;7;0;0.0;0.0;6.0;23.0;B01
35510;201500023564;0;7;0;0.0;0.0;4.0;1.0;B01
35511;201500023564;0;33;0;0.0;2.0;1.0;21.0;A01
35512;201500023565;0;2;0;0.0;2.0;1.0;15.0;A01
35513;201500023565;0;7;0;0.0;0.0;1.0;1.0;B01
35514;201500023567;0;7;0;0.0;0.0;8.0;1.0;B01
35515;201500023567;1;7;0;0.0;2.0;1.0;1.0;Z01
35516;201500023568;0;7;0;0.0;2.0;3.0;9.0;A01
35517;201500023568;0;1;0;0.0;0.0;1.0;1.0;B01
35518;201500023569;0;1;0;0.0;1.0;3.0;5.0;A01
35519;201500023570;0;7;0;0.0;0.0;8.0;1.0;B01
35520;201500023570;0;7;0;0.0;2.0;1.0;1.0;A01
35521;201500023571;0;7;0;0.0;0.0;1.0;1.0;A01
35522;201500023571;0;10;0;0.0;2.0;1.0;13.0;B01
35523;201500023572;0;7;0;0.0;0.0;5.0;15.0;B01
35524;201500023572;0;1;0;0.0;2.0;1.0;16.0;A01
35525;201500023573;0;3;0;0.0;0.0;3.0;16.0;A01
35526;201500023573;0;1;0;0.0;2.0;1.0;1.0;B01
35527;201500023574;0;1;0;0.0;2.0;1.0;19.0;B01
35528;201500023574;0;7;0;0.0;2.0;2.0;1.0;A01
35529;201500023575;0;1;0;0.0;2.0;1.0;1.0;B01
35530;201500023575;0;7;0;0.0;0.0;7.0;15.0;A01
35531;201500023576;0;7;0;0.0;1.0;2.0;1.0;A01
35532;201500023577;0;7;0;0.0;0.0;1.0;15.0;A01
35533;201500023577;0;33;0;0.0;2.0;1.0;1.0;B01
35534;201500023578;0;10;0;0.0;2.0;0.0;9.0;A01
35535;201500023578;0;2;0;0.0;2.0;2.0;1.0;B01
35536;201500023580;0;7;0;0.0;2.0;1.0;0.0;B01
35537;201500023580;0;7;0;0.0;0.0;7.0;0.0;A01
35538;201500023581;0;7;0;0.0;0.0;8.0;1.0;B01
35539;201500023581;0;15;0;0.0;2.0;7.0;14.0;A01
35540;201500023582;0;33;0;0.0;2.0;1.0;1.0;A01
35541;201500023582;0;7;0;0.0;0.0;4.0;16.0;B01
35542;201500023583;0;10;0;0.0;2.0;1.0;2.0;A01
35543;201500023583;0;7;0;0.0;0.0;4.0;2.0;B01
35544;201500023584;0;7;0;5.0;2.0;0.0;0.0;B01
35545;201500023584;0;7;0;0.0;2.0;0.0;0.0;A01
35546;201500023585;0;7;0;0.0;0.0;4.0;23.0;B01
35547;201500023585;0;2;0;0.0;2.0;7.0;2.0;A01
35548;201500023586;0;31;0;0.0;2.0;1.0;1.0;B01
35549;201500023586;0;7;0;0.0;0.0;3.0;9.0;A01
35550;201500023588;0;1;0;0.0;2.0;1.0;1.0;B01
35551;201500023588;0;7;0;0.0;0.0;8.0;23.0;A01
35552;201500023589;0;7;0;0.0;2.0;2.0;16.0;A01
35553;201500023589;0;30;0;0.0;2.0;8.0;18.0;B01
35554;201500023590;0;7;0;0.0;2.0;1.0;1.0;B01
35555;201500023590;0;7;0;0.0;0.0;8.0;1.0;A01
35556;201500023591;0;1;0;0.0;2.0;1.0;1.0;A01
35557;201500023591;0;7;0;0.0;2.0;6.0;16.0;B01
35558;201500023593;0;7;0;0.0;0.0;1.0;15.0;B01
35559;201500023593;0;34;0;0.0;2.0;1.0;1.0;A01
35560;201500023594;0;7;0;0.0;2.0;1.0;1.0;A01
35561;201500023594;0;7;0;0.0;0.0;4.0;23.0;B01
35562;201500023595;0;7;0;0.0;0.0;6.0;15.0;B01
35563;201500023595;0;30;0;0.0;2.0;1.0;16.0;A01
35564;201500023596;0;1;0;0.0;1.0;0.0;1.0;A01
35565;201500023598;0;7;0;0.0;2.0;1.0;13.0;A01
35566;201500023598;0;2;0;0.0;2.0;7.0;1.0;B01
35567;201500023599;0;33;0;0.0;2.0;1.0;17.0;A01
35568;201500023599;0;7;0;0.0;0.0;6.0;15.0;B01
35569;201500023600;0;7;0;0.0;0.0;4.0;23.0;C01
35570;201500023600;0;7;0;0.0;2.0;1.0;1.0;A01
35571;201500023600;0;7;0;0.0;2.0;1.0;23.0;B01
35572;201500023601;0;7;0;0.0;1.0;7.0;1.0;A01
35573;201500023602;0;7;0;0.0;2.0;1.0;1.0;A01
35574;201500023602;0;1;0;0.0;2.0;0.0;1.0;B01
35575;201500023603;0;7;0;0.0;0.0;8.0;10.0;A01
35576;201500023603;0;33;0;0.0;2.0;1.0;21.0;B01
35577;201500023604;0;7;0;2.0;0.0;4.0;16.0;B01
35578;201500023604;0;10;0;0.0;2.0;1.0;2.0;A01
35579;201500023605;0;7;0;0.0;0.0;7.0;15.0;B01
35580;201500023605;0;31;0;0.0;2.0;8.0;17.0;A01
35581;201500023607;0;7;0;0.0;2.0;2.0;1.0;B01
35582;201500023607;0;1;0;0.0;2.0;0.0;1.0;A01
35583;201500023609;0;7;0;0.0;1.0;3.0;1.0;A01
35584;201500023610;0;1;0;0.0;0.0;4.0;15.0;B01
35585;201500023610;0;7;0;0.0;2.0;1.0;15.0;A01
35586;201500023612;0;31;0;0.0;2.0;8.0;1.0;A01
35587;201500023612;0;7;0;0.0;2.0;1.0;1.0;B01
35588;201500023613;0;7;0;0.0;2.0;2.0;15.0;A01
35589;201500023613;0;30;0;0.0;2.0;1.0;1.0;B01
35590;201500023614;0;33;0;14.0;1.0;3.0;1.0;A01
35591;201500023615;0;7;0;0.0;2.0;1.0;22.0;A01
35592;201500023615;0;10;0;1.0;0.0;2.0;1.0;B01
35593;201500023616;0;7;0;0.0;2.0;1.0;15.0;A01
35594;201500023616;0;33;0;0.0;2.0;7.0;1.0;B01
35595;201500023617;0;7;0;0.0;0.0;5.0;1.0;B01
35596;201500023617;0;7;0;0.0;2.0;1.0;1.0;A01
35597;201500023618;0;1;0;0.0;2.0;9.0;1.0;B01
35598;201500023618;0;10;0;0.0;2.0;1.0;15.0;A01
35599;201500023619;0;7;0;0.0;0.0;6.0;2.0;B01
35600;201500023619;0;31;0;0.0;2.0;1.0;2.0;A01
35601;201500023620;0;7;0;0.0;0.0;8.0;10.0;A01
35602;201500023620;0;7;0;0.0;2.0;2.0;1.0;B01
35603;201500023621;0;7;0;0.0;2.0;1.0;1.0;C01
35604;201500023621;0;7;0;0.0;0.0;4.0;2.0;B01
35605;201500023621;0;7;0;0.0;2.0;2.0;2.0;A01
35606;201500023622;0;1;0;0.0;2.0;1.0;5.0;A01
35607;201500023622;0;10;0;0.0;2.0;7.0;16.0;B01
35608;201500023623;0;7;0;0.0;2.0;1.0;9.0;A01
35609;201500023623;0;7;0;14.0;0.0;0.0;0.0;B01
35610;201500023624;0;7;0;0.0;0.0;4.0;23.0;A01
35611;201500023624;0;33;0;0.0;2.0;1.0;1.0;B01
35612;201500023625;0;32;0;0.0;2.0;1.0;1.0;A01
35613;201500023625;0;7;0;0.0;2.0;2.0;15.0;B01
35614;201500023626;0;7;0;0.0;2.0;8.0;1.0;B01
35615;201500023626;0;32;0;0.0;2.0;1.0;16.0;A01
35616;201500023627;1;7;0;0.0;1.0;0.0;0.0;Z01
35617;201500023628;0;7;0;0.0;1.0;3.0;15.0;A01
35618;201500023629;0;7;0;0.0;0.0;7.0;1.0;B01
35619;201500023629;0;7;0;0.0;2.0;3.0;15.0;A01
35620;201500023630;0;37;5;0.0;2.0;3.0;7.0;B01
35621;201500023630;0;7;0;0.0;2.0;7.0;16.0;A01
35622;201500023631;0;7;0;0.0;2.0;1.0;1.0;B01
35623;201500023631;0;7;0;0.0;2.0;1.0;13.0;A01
35624;201500023632;0;7;0;0.0;2.0;3.0;15.0;A01
35625;201500023632;0;7;0;0.0;2.0;1.0;23.0;C01
35626;201500023632;0;7;0;0.0;2.0;3.0;1.0;B01
35627;201500023633;0;32;0;0.0;2.0;0.0;5.0;A01
35628;201500023633;0;7;0;0.0;2.0;1.0;1.0;B01
35629;201500023634;0;7;0;0.0;2.0;3.0;13.0;A01
35630;201500023634;0;7;0;0.0;0.0;3.0;1.0;B01
35631;201500023635;0;1;0;0.0;0.0;1.0;1.0;B01
35632;201500023635;0;7;0;0.0;2.0;1.0;15.0;A01
35633;201500023636;0;33;0;3.0;0.0;7.0;1.0;A01
35634;201500023639;0;33;0;0.0;2.0;1.0;1.0;A01
35635;201500023639;0;1;0;0.0;2.0;1.0;19.0;B01
35636;201500023641;0;7;0;0.0;2.0;2.0;16.0;A01
35637;201500023641;0;2;0;0.0;2.0;8.0;1.0;B01
35638;201500023642;0;7;0;0.0;2.0;3.0;16.0;A01
35639;201500023642;0;1;0;0.0;0.0;1.0;1.0;B01
35640;201500023643;0;7;0;0.0;0.0;8.0;1.0;B01
35641;201500023643;0;7;0;0.0;2.0;1.0;1.0;A01
35642;201500023644;0;33;0;0.0;2.0;1.0;2.0;A01
35643;201500023644;0;7;0;0.0;0.0;6.0;15.0;B01
35644;201500023645;0;7;0;0.0;2.0;1.0;1.0;B01
35645;201500023645;0;7;0;0.0;0.0;5.0;15.0;A01
35646;201500023646;0;1;0;0.0;1.0;0.0;1.0;A01
35647;201500023647;0;10;0;0.0;0.0;8.0;15.0;B01
35648;201500023647;0;33;0;0.0;2.0;1.0;1.0;A01
35649;201500023648;0;7;0;0.0;0.0;6.0;11.0;A01
35650;201500023648;0;34;0;0.0;2.0;2.0;1.0;B01
35651;201500023650;0;1;0;0.0;0.0;0.0;1.0;A01
35652;201500023651;0;7;0;0.0;2.0;3.0;15.0;B01
35653;201500023651;0;1;0;0.0;2.0;1.0;15.0;A01
35654;201500023652;0;7;0;0.0;0.0;4.0;23.0;B01
35655;201500023652;0;2;0;0.0;2.0;1.0;2.0;A01
35656;201500023653;0;7;0;0.0;0.0;4.0;23.0;B01
35657;201500023653;0;10;0;0.0;2.0;1.0;2.0;A01
35658;201500023654;0;7;0;0.0;1.0;3.0;15.0;A01
35659;201500023655;0;33;0;0.0;0.0;0.0;0.0;B01
35660;201500023655;0;7;0;0.0;2.0;7.0;15.0;A01
35661;201500023656;0;1;0;0.0;2.0;1.0;1.0;B01
35662;201500023656;0;7;0;0.0;2.0;8.0;1.0;A01
35663;201500023657;0;2;0;0.0;0.0;7.0;1.0;A01
35664;201500023658;0;7;0;0.0;1.0;1.0;15.0;A01
35665;201500023659;0;7;0;1.0;2.0;1.0;7.0;B01
35666;201500023659;0;7;0;0.0;2.0;3.0;1.0;A01
35667;201500023660;0;7;0;0.0;2.0;3.0;1.0;B01
35668;201500023660;0;7;0;0.0;2.0;2.0;15.0;A01
35669;201500023661;0;30;0;0.0;2.0;1.0;17.0;B01
35670;201500023661;0;7;0;0.0;2.0;8.0;15.0;A01
35671;201500023662;0;7;0;0.0;2.0;5.0;2.0;B01
35672;201500023662;0;33;0;0.0;2.0;1.0;2.0;A01
35673;201500023662;0;7;0;0.0;2.0;3.0;23.0;C01
35674;201500023663;0;3;0;0.0;2.0;1.0;15.0;A01
35675;201500023663;0;7;0;0.0;2.0;3.0;1.0;B01
35676;201500023665;0;7;0;0.0;2.0;2.0;16.0;B01
35677;201500023665;0;1;0;0.0;2.0;1.0;8.0;A01
35678;201500023666;0;10;0;0.0;1.0;0.0;16.0;A01
35679;201500023667;0;1;0;0.0;2.0;0.0;13.0;B01
35680;201500023667;0;10;0;0.0;2.0;0.0;1.0;A01
35681;201500023668;0;2;0;0.0;2.0;1.0;1.0;A01
35682;201500023668;1;7;0;0.0;0.0;0.0;0.0;Z01
35683;201500023669;0;7;0;8.0;0.0;1.0;1.0;A01
35684;201500023670;0;2;0;12.0;0.0;9.0;1.0;A01
35685;201500023672;0;30;0;0.0;0.0;7.0;1.0;A01
35686;201500023673;0;7;0;0.0;0.0;4.0;23.0;B01
35687;201500023673;0;2;0;1.0;0.0;1.0;2.0;A01
35688;201500023674;0;33;0;1.0;2.0;9.0;1.0;A01
35689;201500023674;0;7;0;0.0;2.0;3.0;1.0;B01
35690;201500023675;0;7;0;0.0;0.0;9.0;1.0;A01
35691;201500023676;0;40;80;0.0;1.0;1.0;1.0;A01
35692;201500023677;0;7;0;0.0;2.0;1.0;2.0;B01
35693;201500023677;0;7;0;0.0;0.0;4.0;23.0;A01
35694;201500023678;0;7;0;0.0;2.0;3.0;13.0;A01
35695;201500023678;0;7;0;0.0;2.0;8.0;1.0;B01
35696;201500023679;0;7;0;0.0;1.0;1.0;1.0;A01
35697;201500023680;0;30;0;0.0;2.0;8.0;16.0;A01
35698;201500023680;0;7;0;0.0;2.0;7.0;1.0;B01
35699;201500023681;0;7;0;0.0;0.0;7.0;19.0;A01
35700;201500023681;0;7;0;0.0;2.0;1.0;1.0;B01
35701;201500023683;0;7;0;0.0;2.0;2.0;15.0;A01
35702;201500023683;0;33;0;0.0;2.0;1.0;1.0;B01
35703;201500023684;0;7;0;0.0;2.0;1.0;17.0;A01
35704;201500023684;0;7;0;0.0;0.0;1.0;1.0;B01
35705;201500023685;0;10;0;0.0;2.0;1.0;0.0;A01
35706;201500023685;0;34;0;0.0;2.0;7.0;1.0;B01
35707;201500023686;0;10;0;0.0;1.0;7.0;15.0;A01
35708;201500023687;0;1;0;0.0;2.0;3.0;13.0;A01
35709;201500023687;0;37;1;0.0;2.0;7.0;7.0;B01
35710;201500023688;0;31;0;0.0;2.0;8.0;1.0;A01
35711;201500023688;0;10;0;0.0;2.0;8.0;15.0;B01
35712;201500023689;0;2;0;1.0;0.0;9.0;1.0;A01
35713;201500023690;0;7;0;0.0;2.0;1.0;2.0;A01
35714;201500023690;0;33;0;0.0;2.0;4.0;2.0;B01
35715;201500023691;0;33;0;9.0;0.0;7.0;1.0;A01
35716;201500023693;0;7;0;0.0;2.0;1.0;16.0;A01
35717;201500023693;0;7;0;0.0;2.0;4.0;2.0;B01
35718;201500023693;0;7;0;0.0;2.0;4.0;16.0;C01
35719;201500023694;0;7;0;0.0;2.0;1.0;1.0;A01
35720;201500023694;0;7;0;0.0;2.0;1.0;1.0;B01
35721;201500023695;0;33;0;3.0;0.0;1.0;1.0;A01
35722;201500023696;0;1;0;0.0;2.0;1.0;1.0;A01
35723;201500023696;1;7;0;0.0;2.0;0.0;4.0;Z01
35724;201500023697;0;7;0;0.0;2.0;3.0;15.0;A01
35725;201500023697;0;30;0;0.0;2.0;1.0;1.0;B01
35726;201500023698;0;7;0;0.0;2.0;1.0;1.0;A01
35727;201500023698;0;7;0;0.0;2.0;7.0;1.0;B01
35728;201500023699;0;1;0;9.0;0.0;1.0;1.0;A01
35729;201500023702;0;7;0;0.0;1.0;1.0;15.0;A01
35730;201500023703;0;7;0;0.0;0.0;7.0;1.0;B01
35731;201500023703;0;2;0;0.0;2.0;1.0;11.0;A01
35732;201500023704;0;1;0;0.0;2.0;1.0;19.0;A01
35733;201500023704;0;33;0;0.0;0.0;1.0;1.0;B01
35734;201500023705;0;7;0;0.0;2.0;3.0;10.0;A01
35735;201500023705;0;34;0;0.0;2.0;1.0;1.0;B01
35736;201500023706;0;1;0;0.0;2.0;1.0;1.0;B01
35737;201500023706;0;10;0;0.0;2.0;7.0;15.0;A01
35738;201500023708;0;1;0;0.0;2.0;9.0;1.0;B01
35739;201500023708;0;10;0;0.0;2.0;1.0;16.0;A01
35740;201500023709;0;7;0;0.0;2.0;0.0;1.0;A01
35741;201500023709;0;1;0;0.0;0.0;1.0;1.0;B01
35742;201500023710;0;34;0;0.0;1.0;7.0;21.0;A01
35743;201500023711;0;7;0;0.0;2.0;1.0;1.0;A01
35744;201500023711;0;1;0;0.0;0.0;8.0;1.0;B01
35745;201500023712;0;7;0;0.0;1.0;0.0;1.0;A01
35746;201500023713;0;7;0;0.0;2.0;1.0;1.0;A01
35747;201500023713;0;7;0;0.0;0.0;4.0;15.0;B01
35748;201500023714;0;7;0;0.0;1.0;0.0;1.0;A01
35749;201500023715;0;1;0;0.0;2.0;1.0;2.0;A01
35750;201500023715;0;31;0;0.0;0.0;5.0;4.0;B01
35751;201500023716;0;31;0;0.0;2.0;8.0;1.0;A01
35752;201500023716;0;7;0;0.0;0.0;1.0;15.0;B01
35753;201500023717;0;1;0;1.0;0.0;1.0;1.0;B01
35754;201500023717;0;7;0;0.0;0.0;8.0;22.0;A01
35755;201500023718;0;1;0;0.0;2.0;1.0;2.0;A01
35756;201500023718;0;10;0;0.0;2.0;4.0;2.0;B01
35757;201500023719;0;7;0;0.0;2.0;1.0;13.0;A01
35758;201500023719;0;7;0;0.0;2.0;1.0;1.0;B01
35759;201500023720;0;7;0;0.0;2.0;1.0;1.0;A01
35760;201500023720;0;7;0;0.0;2.0;1.0;1.0;B01
35761;201500023720;0;7;0;0.0;0.0;4.0;23.0;C01
35762;201500023721;1;1;0;0.0;1.0;0.0;1.0;Z01
35763;201500023722;0;1;0;0.0;2.0;0.0;1.0;B01
35764;201500023722;0;7;0;0.0;2.0;0.0;1.0;A01
35765;201500023723;0;7;0;0.0;1.0;0.0;1.0;A01
35766;201500023724;0;30;0;0.0;2.0;1.0;0.0;B01
35767;201500023724;0;7;0;0.0;2.0;0.0;15.0;A01
35768;201500023725;0;33;0;0.0;0.0;7.0;1.0;B01
35769;201500023725;0;7;0;0.0;2.0;1.0;16.0;A01
35770;201500023726;0;7;0;0.0;2.0;3.0;15.0;B01
35771;201500023726;0;2;0;0.0;2.0;8.0;17.0;A01
35772;201500023727;0;30;0;0.0;1.0;0.0;1.0;A01
35773;201500023729;0;2;0;9.0;0.0;1.0;1.0;A01
35774;201500023732;0;7;0;0.0;2.0;1.0;1.0;B01
35775;201500023732;0;7;0;0.0;2.0;1.0;1.0;A01
35776;201500023733;0;1;0;0.0;0.0;0.0;0.0;A01
35777;201500023733;0;30;0;0.0;0.0;0.0;0.0;Z01
35778;201500023734;0;7;0;0.0;0.0;4.0;2.0;B01
35779;201500023734;0;7;0;0.0;2.0;1.0;2.0;A01
35780;201500023735;0;7;0;0.0;1.0;4.0;4.0;A01
35781;201500023737;0;7;0;0.0;2.0;1.0;15.0;B01
35782;201500023737;0;7;0;0.0;0.0;1.0;1.0;A01
35783;201500023738;0;7;0;0.0;2.0;3.0;15.0;A01
35784;201500023738;0;33;0;0.0;2.0;1.0;21.0;B01
35785;201500023740;0;1;0;0.0;2.0;1.0;19.0;A01
35786;201500023740;0;33;0;0.0;2.0;1.0;2.0;B01
35787;201500023741;0;7;0;0.0;1.0;1.0;1.0;A01
35788;201500023743;0;10;0;0.0;2.0;0.0;15.0;A01
35789;201500023743;0;7;0;0.0;2.0;1.0;1.0;B01
35790;201500023744;0;33;0;0.0;2.0;1.0;1.0;A01
35791;201500023744;0;7;0;0.0;0.0;5.0;15.0;B01
35792;201500023745;0;7;0;0.0;2.0;8.0;15.0;B01
35793;201500023745;0;33;0;0.0;2.0;7.0;17.0;A01
35794;201500023746;0;7;0;0.0;2.0;7.0;1.0;B01
35795;201500023746;0;7;0;0.0;2.0;2.0;9.0;A01
35796;201500023747;0;10;0;0.0;2.0;1.0;15.0;A01
35797;201500023747;0;7;0;0.0;0.0;1.0;1.0;B01
35798;201500023748;0;7;0;0.0;1.0;0.0;1.0;A01
35799;201500023749;0;10;0;0.0;0.0;7.0;15.0;A01
35800;201500023749;0;33;0;0.0;2.0;1.0;1.0;B01
35801;201500023750;0;7;0;0.0;2.0;4.0;23.0;B01
35802;201500023750;0;7;0;0.0;0.0;4.0;23.0;C01
35803;201500023750;0;7;0;0.0;2.0;1.0;1.0;A01
35804;201500023751;0;7;0;0.0;0.0;4.0;23.0;B01
35805;201500023751;0;7;0;0.0;2.0;1.0;1.0;A01
35806;201500023752;0;7;0;0.0;0.0;4.0;11.0;B01
35807;201500023752;0;7;0;0.0;2.0;1.0;1.0;A01
35808;201500023753;0;7;0;6.0;0.0;0.0;1.0;A01
35809;201500023754;0;2;0;0.0;0.0;8.0;1.0;A01
35810;201500023755;0;10;0;0.0;2.0;1.0;1.0;B01
35811;201500023755;0;7;0;0.0;0.0;4.0;4.0;A01
35812;201500023756;0;7;0;0.0;0.0;2.0;1.0;B01
35813;201500023756;0;33;0;0.0;2.0;1.0;1.0;A01
35814;201500023758;0;7;0;0.0;2.0;3.0;1.0;B01
35815;201500023758;0;7;0;0.0;1.0;2.0;15.0;A01
35816;201500023760;0;2;0;0.0;2.0;1.0;3.0;B01
35817;201500023760;0;7;0;0.0;2.0;7.0;20.0;A01
35818;201500023761;1;7;0;0.0;1.0;0.0;1.0;Z01
35819;201500023762;0;7;0;0.0;1.0;0.0;1.0;A01
35820;201500023763;0;7;0;0.0;0.0;4.0;23.0;B01
35821;201500023763;0;1;0;0.0;2.0;1.0;2.0;A01
35822;201500023764;0;7;0;0.0;2.0;1.0;1.0;A01
35823;201500023764;0;7;0;0.0;2.0;4.0;23.0;B01
35824;201500023765;0;7;0;0.0;1.0;8.0;1.0;A01
35825;201500023766;0;32;0;0.0;0.0;1.0;1.0;B01
35826;201500023766;0;7;0;0.0;2.0;2.0;15.0;A01
35827;201500023767;0;7;0;0.0;0.0;0.0;16.0;B01
35828;201500023767;0;2;0;0.0;2.0;1.0;1.0;A01
35829;201500023768;0;7;0;0.0;2.0;1.0;1.0;A01
35830;201500023768;0;30;0;0.0;0.0;8.0;15.0;B01
35831;201500023769;0;7;0;0.0;2.0;1.0;15.0;A01
35832;201500023769;0;1;0;0.0;0.0;1.0;1.0;B01
35833;201500023770;0;7;0;0.0;1.0;2.0;16.0;A01
35834;201500023771;0;7;0;0.0;2.0;2.0;1.0;A01
35835;201500023771;0;7;0;0.0;0.0;4.0;23.0;B01
35836;201500023772;0;31;0;0.0;2.0;1.0;2.0;A01
35837;201500023772;0;7;0;0.0;0.0;4.0;23.0;B01
35838;201500023773;0;30;0;0.0;1.0;1.0;5.0;A01
35839;201500023774;0;33;0;0.0;2.0;1.0;1.0;A01
35840;201500023774;0;10;0;0.0;0.0;1.0;23.0;B01
35841;201500023775;0;7;0;0.0;0.0;7.0;16.0;A01
35842;201500023775;0;1;0;0.0;2.0;1.0;1.0;B01
35843;201500023776;0;7;0;0.0;2.0;5.0;1.0;B01
35844;201500023776;0;10;0;0.0;2.0;1.0;2.0;A01
35845;201500023777;0;7;0;0.0;2.0;1.0;1.0;A01
35846;201500023777;0;10;0;0.0;0.0;7.0;1.0;B01
35847;201500023778;0;1;0;0.0;2.0;1.0;1.0;B01
35848;201500023778;0;30;0;0.0;2.0;1.0;14.0;A01
35849;201500023779;0;33;0;0.0;2.0;3.0;1.0;A01
35850;201500023779;0;7;0;0.0;0.0;5.0;23.0;B01
35851;201500023779;0;15;0;0.0;0.0;6.0;23.0;C01
35852;201500023780;0;7;0;0.0;2.0;1.0;15.0;A01
35853;201500023780;0;10;0;0.0;0.0;1.0;1.0;B01
35854;201500023781;0;7;0;0.0;2.0;8.0;23.0;F01
35855;201500023781;0;7;0;0.0;2.0;8.0;23.0;B01
35856;201500023781;0;7;0;0.0;2.0;1.0;1.0;A01
35857;201500023781;0;7;0;0.0;2.0;4.0;23.0;E01
35858;201500023781;0;7;0;0.0;2.0;4.0;23.0;D01
35859;201500023781;0;7;0;0.0;2.0;7.0;23.0;C01
35860;201500023782;0;2;0;0.0;2.0;1.0;1.0;A01
35861;201500023782;0;7;0;0.0;2.0;8.0;13.0;B01
35862;201500023785;0;31;0;0.0;2.0;1.0;18.0;A01
35863;201500023785;0;7;0;0.0;2.0;2.0;15.0;B01
35864;201500023786;0;7;0;0.0;2.0;5.0;2.0;B01
35865;201500023786;0;7;0;0.0;0.0;5.0;1.0;C01
35866;201500023786;0;7;0;0.0;2.0;3.0;2.0;A01
35867;201500023787;0;10;0;0.0;0.0;3.0;15.0;A01
35868;201500023787;0;2;0;0.0;2.0;2.0;1.0;B01
35869;201500023788;0;7;0;0.0;2.0;8.0;15.0;A01
35870;201500023788;0;37;1;0.0;2.0;1.0;1.0;B01
35871;201500023789;0;2;0;0.0;2.0;1.0;17.0;A01
35872;201500023789;0;7;0;0.0;0.0;6.0;15.0;B01
35873;201500023790;0;7;0;0.0;0.0;6.0;1.0;B01
35874;201500023790;0;1;0;0.0;2.0;1.0;1.0;A01
35875;201500023791;0;7;0;0.0;0.0;4.0;1.0;D01
35876;201500023791;0;7;0;0.0;2.0;4.0;2.0;B01
35877;201500023791;0;7;0;0.0;2.0;4.0;2.0;C01
35878;201500023791;0;37;1;0.0;2.0;1.0;2.0;A01
35879;201500023792;0;13;0;0.0;2.0;5.0;1.0;B01
35880;201500023792;0;2;0;0.0;2.0;8.0;2.0;A01
35881;201500023793;0;31;0;0.0;2.0;3.0;17.0;B01
35882;201500023793;0;7;0;0.0;2.0;3.0;15.0;A01
35883;201500023794;0;10;0;0.0;2.0;1.0;2.0;A01
35884;201500023794;0;7;0;0.0;0.0;4.0;1.0;B01
35885;201500023795;2;7;0;14.0;0.0;1.0;1.0;A01
35886;201500023796;0;7;0;0.0;2.0;0.0;16.0;A01
35887;201500023796;0;1;0;0.0;2.0;0.0;1.0;B01
35888;201500023796;0;1;0;0.0;2.0;0.0;1.0;C01
35889;201500023797;0;33;0;0.0;2.0;1.0;1.0;B01
35890;201500023797;0;7;0;0.0;2.0;7.0;16.0;A01
35891;201500023798;0;7;0;0.0;2.0;2.0;1.0;A01
35892;201500023798;0;7;0;0.0;2.0;1.0;1.0;B01
35893;201500023799;0;31;0;0.0;0.0;7.0;1.0;A01
35894;201500023799;0;10;0;0.0;2.0;4.0;4.0;B01
35895;201500023800;0;37;1;0.0;2.0;1.0;1.0;B01
35896;201500023800;0;7;0;8.0;2.0;7.0;16.0;A01
35897;201500023801;0;7;0;0.0;2.0;1.0;16.0;B01
35898;201500023801;0;1;0;0.0;2.0;3.0;19.0;A01
35899;201500023802;0;7;0;0.0;0.0;3.0;15.0;B01
35900;201500023802;0;1;0;0.0;2.0;1.0;1.0;A01
35901;201500023803;0;7;0;0.0;0.0;4.0;23.0;B01
35902;201500023803;0;7;0;0.0;2.0;1.0;1.0;A01
35903;201500023805;0;7;0;0.0;1.0;0.0;1.0;A01
35904;201500023806;0;7;0;0.0;2.0;2.0;10.0;A01
35905;201500023806;0;33;0;0.0;2.0;3.0;1.0;B01
35906;201500023807;0;7;0;0.0;2.0;3.0;15.0;A01
35907;201500023807;0;7;0;0.0;0.0;1.0;1.0;B01
35908;201500023808;0;7;0;0.0;2.0;3.0;15.0;A01
35909;201500023808;0;33;0;0.0;2.0;1.0;18.0;B01
35910;201500023809;0;7;0;0.0;2.0;4.0;1.0;B01
35911;201500023809;0;7;0;0.0;2.0;1.0;2.0;A01
35912;201500023810;0;10;0;0.0;2.0;2.0;1.0;A01
35913;201500023810;0;1;0;0.0;2.0;1.0;19.0;B01
35914;201500023811;0;7;0;0.0;2.0;1.0;1.0;A01
35915;201500023811;0;7;0;0.0;2.0;8.0;1.0;B01
35916;201500023814;0;7;0;0.0;1.0;2.0;1.0;A01
35917;201500023815;0;7;0;0.0;1.0;2.0;16.0;A01
35918;201500023816;0;1;0;0.0;2.0;1.0;5.0;A01
35919;201500023816;0;30;0;0.0;2.0;1.0;1.0;B01
35920;201500023817;0;33;0;0.0;0.0;1.0;1.0;B01
35921;201500023817;0;7;0;0.0;2.0;5.0;10.0;A01
35922;201500023818;0;7;0;0.0;0.0;7.0;13.0;A01
35923;201500023818;0;7;0;0.0;2.0;1.0;1.0;B01
35924;201500023819;0;10;0;0.0;2.0;3.0;1.0;A01
35925;201500023819;0;33;0;0.0;2.0;6.0;1.0;B01