;Num_Acc;senc;catv;occutc;obs;obsm;choc;manv;num_veh
35926;201500023820;0;30;0;0.0;2.0;1.0;1.0;A01
35927;201500023820;0;7;0;0.0;0.0;4.0;23.0;B01
35928;201500023821;0;7;0;0.0;2.0;1.0;1.0;A01
35929;201500023821;0;7;0;0.0;0.0;4.0;23.0;C01
35930;201500023821;0;7;0;0.0;2.0;1.0;23.0;B01
35931;201500023822;0;33;0;8.0;0.0;1.0;1.0;A01
35932;201500023823;0;31;0;0.0;2.0;1.0;1.0;B01
35933;201500023823;0;7;0;0.0;2.0;3.0;15.0;A01
35934;201500023824;0;7;0;0.0;2.0;1.0;1.0;B01
35935;201500023824;0;2;0;0.0;0.0;1.0;1.0;A01
35936;201500023825;0;7;0;0.0;1.0;4.0;4.0;A01
35937;201500023826;0;7;0;0.0;0.0;7.0;15.0;A01
35938;201500023826;0;31;0;0.0;2.0;1.0;1.0;B01
35939;201500023828;0;2;0;0.0;2.0;7.0;1.0;B01
35940;201500023828;2;7;0;0.0;2.0;8.0;1.0;Z01
35941;201500023829;0;7;0;0.0;0.0;7.0;15.0;A01
35942;201500023829;0;33;0;0.0;2.0;1.0;1.0;B01
35943;201500023830;0;1;0;0.0;2.0;3.0;1.0;B01
35944;201500023830;0;10;0;0.0;2.0;2.0;15.0;A01
35945;201500023831;0;2;0;0.0;2.0;8.0;1.0;A01
35946;201500023831;0;10;0;0.0;2.0;1.0;1.0;B01
35947;201500023832;0;30;0;0.0;2.0;1.0;1.0;A01
35948;201500023832;0;7;0;0.0;2.0;1.0;1.0;B01
35949;201500023833;0;37;0;0.0;2.0;0.0;17.0;A01
35950;201500023833;0;1;0;0.0;2.0;0.0;1.0;B01
35951;201500023834;0;7;0;0.0;1.0;0.0;1.0;A01
35952;201500023835;0;7;0;0.0;0.0;0.0;0.0;B01
35953;201500023835;0;1;0;0.0;2.0;1.0;1.0;A01
35954;201500023836;0;7;0;0.0;2.0;1.0;1.0;A01
35955;201500023836;0;7;0;0.0;0.0;4.0;23.0;C01
35956;201500023836;0;7;0;0.0;0.0;4.0;23.0;B01
35957;201500023837;0;10;0;0.0;0.0;4.0;23.0;C01
35958;201500023837;0;7;0;0.0;2.0;4.0;23.0;B01
35959;201500023837;0;7;0;0.0;2.0;1.0;1.0;A01
35960;201500023838;0;7;0;0.0;0.0;0.0;23.0;C01
35961;201500023838;0;7;0;0.0;2.0;1.0;1.0;A01
35962;201500023838;0;10;0;0.0;2.0;4.0;23.0;B01
35963;201500023839;0;7;0;0.0;0.0;1.0;1.0;B01
35964;201500023839;0;2;0;0.0;2.0;1.0;1.0;A01
35965;201500023841;0;7;0;0.0;2.0;1.0;1.0;A01
35966;201500023841;0;7;0;0.0;2.0;1.0;1.0;B01
35967;201500023842;0;10;0;0.0;1.0;8.0;15.0;A01
35968;201500023843;0;33;0;0.0;2.0;1.0;18.0;A01
35969;201500023843;0;7;0;0.0;2.0;5.0;16.0;B01
35970;201500023844;0;10;0;0.0;0.0;3.0;1.0;B01
35971;201500023844;0;1;0;0.0;0.0;0.0;1.0;A01
35972;201500023845;0;7;0;0.0;2.0;8.0;1.0;B01
35973;201500023845;0;7;0;0.0;0.0;1.0;1.0;A01
35974;201500023846;0;7;0;0.0;0.0;8.0;1.0;A01
35975;201500023846;0;2;0;1.0;0.0;0.0;1.0;B01
35976;201500023847;0;1;0;0.0;2.0;1.0;1.0;A01
35977;201500023847;0;37;10;0.0;0.0;8.0;15.0;B01
35978;201500023848;0;7;0;0.0;0.0;4.0;23.0;B01
35979;201500023848;0;2;0;0.0;2.0;1.0;1.0;A01
35980;201500023849;0;33;0;14.0;0.0;1.0;17.0;A01
35981;201500023850;0;7;0;0.0;1.0;1.0;1.0;A01
35982;201500023851;0;7;0;0.0;0.0;5.0;1.0;A01
35983;201500023851;0;34;0;0.0;2.0;1.0;1.0;B01
35984;201500023853;0;7;0;0.0;2.0;1.0;1.0;A01
35985;201500023853;0;7;0;0.0;0.0;4.0;23.0;B01
35986;201500023854;0;7;0;0.0;2.0;1.0;15.0;A01
35987;201500023854;0;2;0;0.0;0.0;1.0;1.0;B01
35988;201500023855;0;7;0;0.0;1.0;2.0;1.0;A01
35989;201500023856;0;7;0;0.0;1.0;8.0;1.0;A01
35990;201500023857;0;40;0;0.0;1.0;1.0;1.0;A01
35991;201500023858;0;7;0;0.0;2.0;8.0;1.0;B01
35992;201500023858;0;7;0;0.0;2.0;1.0;1.0;A01
35993;201500023859;0;7;0;1.0;0.0;1.0;1.0;A01
35994;201500023860;0;7;0;0.0;2.0;2.0;16.0;A01
35995;201500023860;0;2;0;0.0;2.0;1.0;16.0;B01
35996;201500023862;0;7;0;3.0;0.0;1.0;1.0;A01
35997;201500023863;0;7;0;0.0;2.0;8.0;11.0;A01
35998;201500023863;0;37;0;0.0;2.0;2.0;11.0;B01
35999;201500023864;0;10;0;0.0;0.0;4.0;23.0;B01
36000;201500023864;0;7;0;0.0;2.0;1.0;1.0;A01
36001;201500023865;0;33;0;0.0;2.0;1.0;1.0;B01
36002;201500023865;0;7;0;0.0;2.0;2.0;1.0;A01
36003;201500023866;0;7;0;0.0;1.0;1.0;16.0;A01
36004;201500023867;0;7;0;0.0;2.0;3.0;1.0;C01
36005;201500023867;0;7;0;0.0;2.0;8.0;1.0;A01
36006;201500023867;0;33;0;0.0;2.0;1.0;17.0;B01
36007;201500023868;0;2;0;0.0;2.0;1.0;2.0;A01
36008;201500023868;0;7;0;0.0;0.0;5.0;1.0;B01
36009;201500023869;0;15;0;0.0;2.0;3.0;1.0;B01
36010;201500023869;0;7;0;0.0;2.0;1.0;1.0;A01
36011;201500023871;0;2;0;0.0;2.0;1.0;1.0;B01
36012;201500023871;0;7;0;0.0;2.0;3.0;15.0;A01
36013;201500023872;0;7;0;0.0;2.0;1.0;2.0;A01
36014;201500023872;0;10;0;0.0;0.0;4.0;1.0;B01
36015;201500023873;0;2;0;0.0;1.0;1.0;1.0;A01
36016;201500023874;0;7;0;0.0;1.0;2.0;1.0;A01
36017;201500023875;0;7;0;0.0;2.0;7.0;16.0;A01
36018;201500023875;0;2;0;0.0;2.0;1.0;5.0;B01
36019;201500023876;2;7;0;0.0;2.0;4.0;10.0;Z01
36020;201500023876;0;31;0;0.0;2.0;1.0;2.0;B01
36021;201500023877;0;7;0;0.0;2.0;1.0;15.0;A01
36022;201500023877;0;33;0;0.0;2.0;3.0;1.0;B01
36023;201500023878;0;1;0;0.0;1.0;3.0;1.0;A01
36024;201500023879;0;7;0;0.0;2.0;1.0;1.0;A01
36025;201500023879;0;2;0;0.0;2.0;2.0;1.0;B01
36026;201500023882;0;1;0;0.0;0.0;0.0;0.0;B01
36027;201500023882;0;3;0;0.0;2.0;1.0;2.0;A01
36028;201500023883;0;30;0;0.0;2.0;1.0;1.0;B01
36029;201500023883;0;33;0;0.0;2.0;1.0;15.0;A01
36030;201500023884;0;10;0;0.0;2.0;1.0;1.0;A01
36031;201500023884;0;7;0;0.0;2.0;7.0;1.0;B01
36032;201500023885;0;7;0;0.0;2.0;1.0;15.0;A01
36033;201500023885;0;33;0;0.0;2.0;1.0;1.0;B01
36034;201500023886;0;10;0;0.0;2.0;1.0;1.0;A01
36035;201500023886;0;7;0;0.0;0.0;4.0;23.0;B01
36036;201500023887;0;7;0;0.0;2.0;1.0;2.0;A01
36037;201500023887;0;7;0;0.0;2.0;4.0;1.0;C01
36038;201500023887;0;7;0;0.0;2.0;4.0;2.0;B01
36039;201500023888;0;7;0;0.0;2.0;1.0;23.0;B01
36040;201500023888;0;7;0;0.0;0.0;4.0;23.0;C01
36041;201500023888;0;10;0;0.0;2.0;1.0;1.0;A01
36042;201500023889;0;7;0;0.0;1.0;1.0;1.0;A01
36043;201500023890;0;7;0;0.0;1.0;1.0;1.0;A01
36044;201500023891;2;10;0;0.0;1.0;0.0;1.0;A01
36045;201500023892;0;32;0;0.0;2.0;1.0;17.0;A01
36046;201500023892;0;7;0;0.0;0.0;3.0;15.0;B01
36047;201500023893;0;7;0;0.0;1.0;2.0;1.0;A01
36048;201500023894;0;7;0;0.0;2.0;1.0;15.0;A01
36049;201500023894;0;1;0;0.0;2.0;1.0;1.0;B01
36050;201500023895;0;7;0;0.0;2.0;3.0;1.0;B01
36051;201500023895;0;7;0;0.0;2.0;1.0;15.0;A01
36052;201500023896;0;7;0;0.0;2.0;2.0;15.0;A01
36053;201500023896;0;2;0;0.0;2.0;2.0;1.0;B01
36054;201500023898;0;7;0;0.0;2.0;2.0;1.0;B01
36055;201500023898;0;2;0;0.0;2.0;1.0;1.0;A01
36056;201500023899;0;7;0;0.0;0.0;7.0;23.0;B01
36057;201500023899;0;2;0;0.0;2.0;1.0;1.0;A01
36058;201500023900;0;2;0;0.0;2.0;1.0;1.0;B01
36059;201500023900;0;7;0;0.0;2.0;2.0;15.0;A01
36060;201500023901;0;10;0;0.0;0.0;8.0;16.0;A01
36061;201500023901;0;3;0;0.0;2.0;2.0;1.0;B01
36062;201500023903;0;7;0;0.0;1.0;1.0;16.0;A01
36063;201500023904;0;7;0;0.0;2.0;1.0;15.0;A01
36064;201500023904;0;33;0;0.0;2.0;7.0;1.0;B01
36065;201500023905;0;7;0;0.0;2.0;3.0;13.0;A01
36066;201500023905;0;7;0;0.0;0.0;3.0;21.0;B01
36067;201500023907;0;10;0;0.0;1.0;1.0;1.0;A01
36068;201500023908;0;1;0;0.0;2.0;1.0;1.0;A01
36069;201500023908;0;7;0;0.0;2.0;1.0;15.0;B01
36070;201500023909;0;33;0;0.0;2.0;1.0;2.0;A01
36071;201500023909;2;7;0;0.0;2.0;0.0;0.0;Z01
36072;201500023910;0;7;0;0.0;0.0;4.0;23.0;B01
36073;201500023910;0;7;0;0.0;2.0;1.0;1.0;A01
36074;201500023911;0;7;0;0.0;1.0;0.0;1.0;A01
36075;201500023912;0;7;0;0.0;1.0;6.0;4.0;A01
36076;201500023913;0;7;0;0.0;1.0;1.0;1.0;A01
36077;201500023914;0;7;0;0.0;1.0;2.0;1.0;A01
36078;201500023917;0;7;0;0.0;1.0;2.0;16.0;A01
36079;201500023918;0;33;0;0.0;2.0;1.0;1.0;B01
36080;201500023918;0;7;0;0.0;0.0;8.0;15.0;A01
36081;201500023919;0;7;0;0.0;0.0;4.0;11.0;B01
36082;201500023919;0;33;0;0.0;2.0;1.0;1.0;A01
36083;201500023921;0;37;15;0.0;1.0;3.0;1.0;A01
36084;201500023922;0;7;0;0.0;2.0;1.0;1.0;A01
36085;201500023922;0;7;0;0.0;0.0;4.0;1.0;B01
36086;201500023923;0;7;0;0.0;2.0;2.0;1.0;A01
36087;201500023923;0;7;0;0.0;0.0;3.0;15.0;B01
36088;201500023924;0;7;0;0.0;2.0;2.0;1.0;A01
36089;201500023924;0;7;0;0.0;2.0;8.0;10.0;B01
36090;201500023925;0;7;0;0.0;2.0;3.0;15.0;A01
36091;201500023925;0;33;0;0.0;2.0;2.0;17.0;B01
36092;201500023926;0;7;0;0.0;2.0;1.0;15.0;A01
36093;201500023926;0;2;0;0.0;2.0;0.0;1.0;B01
36094;201500023927;0;7;0;0.0;2.0;8.0;1.0;B01
36095;201500023927;0;7;0;0.0;2.0;1.0;15.0;A01
36096;201500023928;0;7;0;0.0;2.0;1.0;2.0;A01
36097;201500023928;0;7;0;0.0;2.0;4.0;23.0;B01
36098;201500023929;0;7;0;0.0;1.0;4.0;4.0;A01
36099;201500023930;0;32;0;0.0;2.0;1.0;1.0;A01
36100;201500023930;0;7;0;0.0;0.0;4.0;1.0;C01
36101;201500023930;0;1;0;0.0;0.0;4.0;15.0;B01
36102;201500023931;0;1;0;0.0;0.0;0.0;1.0;B01
36103;201500023931;0;7;0;0.0;2.0;1.0;1.0;A01
36104;201500023932;0;7;0;0.0;2.0;3.0;15.0;A01
36105;201500023932;0;1;0;0.0;2.0;7.0;16.0;B01
36106;201500023933;0;37;1;0.0;1.0;0.0;1.0;A01
36107;201500023934;0;33;0;0.0;2.0;2.0;1.0;A01
36108;201500023934;0;10;0;0.0;0.0;8.0;1.0;B01
36109;201500023936;0;10;0;0.0;2.0;2.0;15.0;A01
36110;201500023936;0;34;0;0.0;2.0;6.0;1.0;B01
36111;201500023937;0;7;0;1.0;0.0;8.0;1.0;B01
36112;201500023937;0;10;0;0.0;2.0;1.0;1.0;A01
36113;201500023938;0;10;0;0.0;2.0;1.0;15.0;A01
36114;201500023938;0;1;0;0.0;0.0;1.0;1.0;B01
36115;201500023939;0;7;0;0.0;1.0;1.0;1.0;A01
36116;201500023940;0;30;0;0.0;2.0;1.0;1.0;A01
36117;201500023940;0;7;0;0.0;2.0;1.0;15.0;B01
36118;201500023941;0;7;0;0.0;1.0;1.0;16.0;A01
36119;201500023942;0;7;0;0.0;2.0;1.0;1.0;A01
36120;201500023942;0;14;0;0.0;0.0;4.0;23.0;B01
36121;201500023944;0;7;0;0.0;2.0;1.0;1.0;A01
36122;201500023944;0;7;0;0.0;0.0;8.0;1.0;B01
36123;201500023946;0;7;0;0.0;2.0;1.0;1.0;B01
36124;201500023946;0;7;0;0.0;0.0;2.0;1.0;A01
36125;201500023947;0;7;0;0.0;2.0;1.0;16.0;A01
36126;201500023947;0;7;0;0.0;2.0;1.0;1.0;B01
36127;201500023948;0;34;0;0.0;0.0;0.0;1.0;A01
36128;201500023949;0;7;0;0.0;0.0;4.0;1.0;B01
36129;201500023949;0;7;0;0.0;2.0;1.0;2.0;A01
36130;201500023950;0;7;0;0.0;2.0;1.0;1.0;A01
36131;201500023950;0;2;0;0.0;0.0;4.0;23.0;B01
36132;201500023951;0;10;0;0.0;2.0;7.0;1.0;A01
36133;201500023951;0;7;0;0.0;2.0;1.0;1.0;B01
36134;201500023952;0;7;0;0.0;1.0;1.0;1.0;A01
36135;201500023953;0;7;0;0.0;0.0;0.0;0.0;B01
36136;201500023953;0;7;0;0.0;0.0;0.0;0.0;A01
36137;201500023954;0;30;0;8.0;0.0;9.0;1.0;A01
36138;201500023955;0;7;0;0.0;2.0;8.0;1.0;B01
36139;201500023955;0;7;0;0.0;2.0;1.0;1.0;A01
36140;201500023956;0;7;0;0.0;1.0;1.0;15.0;A01
36141;201500023957;0;2;0;0.0;0.0;0.0;1.0;A01
36142;201500023958;0;7;0;0.0;2.0;4.0;1.0;B01
36143;201500023958;0;31;0;0.0;2.0;1.0;0.0;A01
36144;201500023959;0;2;0;0.0;2.0;1.0;1.0;A01
36145;201500023959;0;7;0;0.0;2.0;4.0;15.0;B01
36146;201500023960;0;13;0;0.0;2.0;1.0;1.0;A01
36147;201500023960;0;13;0;0.0;2.0;1.0;1.0;B01
36148;201500023961;0;33;0;0.0;2.0;1.0;2.0;A01
36149;201500023961;0;7;0;0.0;0.0;4.0;1.0;B01
36150;201500023962;0;7;0;0.0;2.0;1.0;15.0;A01
36151;201500023962;0;1;0;0.0;2.0;8.0;1.0;B01
36152;201500023963;0;7;0;0.0;2.0;1.0;1.0;B01
36153;201500023963;0;7;0;0.0;2.0;3.0;15.0;A01
36154;201500023964;0;31;0;14.0;0.0;3.0;1.0;A01
36155;201500023965;0;1;0;0.0;2.0;8.0;1.0;B01
36156;201500023965;0;37;1;0.0;2.0;0.0;1.0;A01
36157;201500023966;0;7;0;0.0;2.0;3.0;1.0;B01
36158;201500023966;0;7;0;0.0;2.0;1.0;1.0;A01
36159;201500023967;0;7;0;0.0;2.0;1.0;15.0;B01
36160;201500023967;0;34;0;0.0;2.0;1.0;1.0;A01
36161;201500023968;0;10;0;0.0;2.0;2.0;16.0;A01
36162;201500023968;0;1;0;0.0;2.0;1.0;1.0;B01
36163;201500023969;0;2;0;0.0;1.0;1.0;17.0;A01
36164;201500023970;0;7;0;0.0;2.0;1.0;1.0;A01
36165;201500023970;0;7;0;0.0;0.0;4.0;1.0;B01
36166;201500023971;0;30;0;0.0;1.0;1.0;1.0;A01
36167;201500023972;0;33;0;0.0;2.0;1.0;1.0;A01
36168;201500023972;0;17;0;0.0;0.0;0.0;1.0;B01
36169;201500023973;0;31;0;0.0;1.0;0.0;0.0;A01
36170;201500023974;0;34;0;0.0;2.0;7.0;1.0;A01
36171;201500023974;1;7;0;0.0;2.0;0.0;0.0;Z01
36172;201500023976;0;7;0;0.0;2.0;1.0;1.0;A01
36173;201500023976;0;1;0;0.0;0.0;0.0;1.0;B01
36174;201500023977;0;2;0;0.0;0.0;0.0;0.0;B01
36175;201500023977;0;7;0;0.0;2.0;1.0;1.0;A01
36176;201500023978;0;7;0;0.0;2.0;7.0;1.0;A01
36177;201500023978;0;1;0;0.0;0.0;7.0;1.0;B01
36178;201500023979;0;7;0;0.0;2.0;7.0;15.0;A01
36179;201500023979;0;7;0;6.0;0.0;6.0;1.0;B01
36180;201500023980;0;33;0;0.0;6.0;1.0;1.0;A01
36181;201500023981;0;7;0;0.0;2.0;4.0;1.0;A01
36182;201500023981;0;31;0;0.0;2.0;1.0;2.0;B01
36183;201500023982;0;10;0;0.0;0.0;5.0;23.0;C01
36184;201500023982;0;7;0;0.0;0.0;5.0;23.0;D01
36185;201500023982;0;33;0;0.0;2.0;1.0;1.0;A01
36186;201500023982;0;7;0;0.0;0.0;4.0;23.0;B01
36187;201500023984;0;34;0;1.0;0.0;7.0;1.0;A01
36188;201500023985;0;34;0;0.0;2.0;1.0;1.0;B01
36189;201500023985;0;7;0;0.0;0.0;7.0;15.0;A01
36190;201500023986;0;30;0;0.0;1.0;1.0;1.0;A01
36191;201500023987;0;31;0;0.0;2.0;2.0;15.0;A01
36192;201500023987;0;1;0;0.0;2.0;1.0;1.0;B01
36193;201500023988;0;33;0;0.0;2.0;1.0;1.0;A01
36194;201500023988;0;7;0;0.0;2.0;4.0;1.0;B01
36195;201500023989;0;1;0;0.0;2.0;1.0;1.0;A01
36196;201500023989;0;7;0;0.0;2.0;3.0;1.0;B01
36197;201500023991;0;7;0;14.0;2.0;1.0;21.0;A01
36198;201500023991;0;7;0;0.0;0.0;4.0;1.0;B01
36199;201500023992;0;7;0;14.0;0.0;1.0;1.0;A01
36200;201500023993;0;33;0;0.0;2.0;1.0;1.0;B01
36201;201500023993;0;10;0;0.0;2.0;1.0;15.0;A01
36202;201500023994;0;7;0;0.0;1.0;1.0;16.0;A01
36203;201500023995;0;33;0;0.0;0.0;0.0;0.0;B01
36204;201500023995;0;7;0;0.0;0.0;0.0;0.0;A01
36205;201500023995;0;7;0;0.0;2.0;1.0;1.0;C01
36206;201500023996;0;7;0;0.0;2.0;1.0;1.0;A01
36207;201500023996;0;7;0;0.0;2.0;1.0;15.0;B01
36208;201500023997;0;7;0;0.0;1.0;0.0;15.0;A01
36209;201500023999;0;7;0;0.0;2.0;8.0;1.0;B01
36210;201500023999;0;2;0;0.0;0.0;0.0;0.0;A01
36211;201500024000;0;7;0;0.0;2.0;8.0;1.0;C01
36212;201500024000;0;7;0;0.0;2.0;2.0;15.0;A01
36213;201500024000;0;33;0;0.0;2.0;1.0;1.0;B01
36214;201500024001;0;32;0;0.0;2.0;1.0;1.0;A01
36215;201500024001;0;7;0;0.0;2.0;4.0;1.0;B01
36216;201500024002;0;34;0;0.0;1.0;1.0;1.0;A01
36217;201500024003;0;7;0;0.0;1.0;1.0;15.0;A01
36218;201500024005;0;7;0;0.0;2.0;1.0;1.0;B01
36219;201500024005;0;7;0;0.0;2.0;4.0;2.0;C01
36220;201500024005;0;7;0;0.0;2.0;1.0;1.0;A01
36221;201500024006;0;7;0;0.0;0.0;0.0;1.0;B01
36222;201500024006;0;7;0;0.0;2.0;1.0;1.0;A01
36223;201500024006;0;7;0;0.0;2.0;1.0;1.0;C01
36224;201500024007;0;7;0;0.0;2.0;1.0;1.0;A01
36225;201500024007;0;7;0;0.0;2.0;4.0;1.0;B01
36226;201500024008;0;40;100;0.0;2.0;1.0;1.0;B01
36227;201500024008;0;1;0;0.0;0.0;0.0;15.0;A01
36228;201500024009;0;33;0;0.0;2.0;1.0;1.0;A01
36229;201500024009;0;7;0;0.0;2.0;4.0;15.0;B01
36230;201500024010;0;34;0;0.0;0.0;0.0;1.0;B01
36231;201500024010;0;7;0;0.0;0.0;0.0;1.0;A01
36232;201500024011;0;1;0;0.0;0.0;8.0;19.0;B01
36233;201500024011;0;7;0;0.0;2.0;1.0;1.0;A01
36234;201500024012;0;7;0;0.0;1.0;1.0;15.0;A01
36235;201500024013;0;7;0;0.0;2.0;4.0;16.0;B01
36236;201500024013;0;33;0;0.0;2.0;1.0;1.0;A01
36237;201500024014;0;7;0;0.0;2.0;1.0;1.0;B01
36238;201500024014;0;7;0;0.0;2.0;7.0;15.0;A01
36239;201500024015;0;7;0;0.0;0.0;4.0;23.0;B01
36240;201500024015;0;7;0;0.0;2.0;1.0;1.0;A01
36241;201500024016;0;7;0;0.0;2.0;6.0;15.0;A01
36242;201500024016;0;1;0;0.0;2.0;1.0;1.0;B01
36243;201500024017;0;7;0;0.0;1.0;1.0;1.0;A01
36244;201500024020;0;7;0;0.0;2.0;7.0;1.0;B01
36245;201500024020;0;2;0;0.0;2.0;1.0;1.0;A01
36246;201500024021;0;7;0;0.0;2.0;2.0;1.0;A01
36247;201500024021;2;7;0;0.0;2.0;1.0;1.0;Z01
36248;201500024022;0;7;0;0.0;2.0;8.0;16.0;A01
36249;201500024022;0;32;0;0.0;2.0;1.0;1.0;B01
36250;201500024023;0;7;0;0.0;2.0;8.0;1.0;A01
36251;201500024023;0;33;0;0.0;2.0;1.0;1.0;B01
36252;201500024024;0;7;0;0.0;2.0;5.0;15.0;B01
36253;201500024024;0;1;0;0.0;2.0;1.0;17.0;A01
36254;201500024025;0;7;0;0.0;2.0;7.0;1.0;A01
36255;201500024025;0;7;0;0.0;2.0;8.0;1.0;B01
36256;201500024026;0;7;0;0.0;2.0;7.0;14.0;A01
36257;201500024026;0;33;0;0.0;2.0;3.0;1.0;B01
36258;201500024027;0;10;0;0.0;2.0;2.0;1.0;A01
36259;201500024027;0;1;0;0.0;0.0;4.0;1.0;B01
36260;201500024028;0;7;0;0.0;1.0;3.0;15.0;A01
36261;201500024029;1;37;1;0.0;1.0;0.0;0.0;Z01
36262;201500024031;0;1;0;0.0;0.0;0.0;1.0;B01
36263;201500024031;0;7;0;0.0;2.0;0.0;16.0;A01
36264;201500024032;0;7;0;0.0;0.0;0.0;23.0;B01
36265;201500024032;0;30;0;0.0;2.0;1.0;1.0;A01
36266;201500024033;0;40;75;0.0;1.0;8.0;1.0;A01
36267;201500024034;0;7;0;0.0;1.0;2.0;1.0;A01
36268;201500024035;0;7;0;0.0;0.0;4.0;23.0;B01
36269;201500024035;0;7;0;0.0;2.0;1.0;1.0;A01
36270;201500024036;0;7;0;0.0;2.0;1.0;15.0;A01
36271;201500024036;0;2;0;0.0;2.0;1.0;1.0;B01
36272;201500024037;0;7;0;0.0;0.0;4.0;23.0;C01
36273;201500024037;0;7;0;0.0;2.0;1.0;1.0;A01
36274;201500024037;0;7;0;0.0;2.0;4.0;23.0;B01
36275;201500024039;0;10;0;0.0;2.0;7.0;22.0;A01
36276;201500024039;0;1;0;1.0;2.0;1.0;1.0;B01
36277;201500024040;0;7;0;0.0;2.0;8.0;0.0;A01
36278;201500024040;0;1;0;0.0;2.0;1.0;1.0;B01
36279;201500024041;0;7;0;6.0;0.0;1.0;1.0;A01
36280;201500024042;0;7;0;0.0;2.0;9.0;17.0;A01
36281;201500024042;0;7;0;0.0;2.0;3.0;15.0;B01
36282;201500024043;0;32;0;0.0;2.0;2.0;1.0;A01
36283;201500024043;0;7;0;0.0;0.0;5.0;23.0;B01
36284;201500024044;0;1;0;0.0;2.0;8.0;19.0;B01
36285;201500024044;0;32;0;0.0;2.0;1.0;1.0;A01
36286;201500024045;1;7;0;0.0;1.0;1.0;1.0;Z01
36287;201500024046;0;7;0;0.0;1.0;1.0;15.0;A01
36288;201500024047;0;7;0;0.0;2.0;2.0;1.0;A01
36289;201500024047;0;1;0;0.0;2.0;8.0;1.0;B01
36290;201500024048;0;31;0;0.0;2.0;1.0;1.0;B01
36291;201500024048;0;7;0;0.0;2.0;2.0;15.0;A01
36292;201500024050;0;30;0;0.0;0.0;0.0;0.0;B01
36293;201500024050;0;7;0;0.0;2.0;8.0;0.0;A01
36294;201500024051;0;7;0;0.0;1.0;1.0;16.0;A01
36295;201500024052;0;7;0;0.0;0.0;0.0;0.0;B01
36296;201500024052;0;33;0;0.0;0.0;0.0;0.0;A01
36297;201500024053;0;1;0;0.0;2.0;0.0;1.0;A01
36298;201500024053;0;14;0;0.0;2.0;5.0;24.0;B01
36299;201500024055;0;30;0;0.0;2.0;1.0;1.0;B01
36300;201500024055;0;30;0;0.0;2.0;1.0;1.0;A01
36301;201500024056;0;7;0;0.0;2.0;1.0;1.0;A01
36302;201500024056;0;7;0;0.0;2.0;7.0;1.0;B01
36303;201500024057;0;32;0;0.0;2.0;1.0;1.0;B01
36304;201500024057;0;7;0;0.0;2.0;1.0;17.0;A01
36305;201500024058;0;32;0;0.0;2.0;1.0;17.0;B01
36306;201500024058;0;7;0;0.0;2.0;8.0;15.0;A01
36307;201500024059;0;31;0;0.0;2.0;1.0;2.0;A01
36308;201500024059;0;15;0;0.0;0.0;5.0;1.0;B01
36309;201500024060;0;7;0;0.0;0.0;0.0;0.0;B01
36310;201500024060;0;7;0;0.0;2.0;1.0;1.0;A01
36311;201500024061;0;7;0;0.0;2.0;1.0;1.0;A01
36312;201500024061;0;2;0;0.0;2.0;8.0;1.0;B01
36313;201500024062;1;7;0;0.0;1.0;1.0;0.0;Z01
36314;201500024063;0;1;0;0.0;2.0;8.0;19.0;A01
36315;201500024063;0;7;0;0.0;2.0;1.0;1.0;B01
36316;201500024064;0;7;0;0.0;0.0;8.0;15.0;A01
36317;201500024064;0;40;0;0.0;2.0;2.0;1.0;B01
36318;201500024065;0;7;0;0.0;2.0;8.0;1.0;B01
36319;201500024065;0;7;0;0.0;2.0;7.0;17.0;A01
36320;201500024066;0;30;0;0.0;2.0;1.0;17.0;A01
36321;201500024066;0;7;0;0.0;2.0;8.0;15.0;B01
36322;201500024067;0;7;0;0.0;0.0;7.0;15.0;A01
36323;201500024067;0;30;0;0.0;2.0;1.0;1.0;B01
36324;201500024068;0;10;0;0.0;1.0;1.0;1.0;A01
36325;201500024069;0;37;0;0.0;1.0;1.0;1.0;A01
36326;201500024071;0;31;0;0.0;0.0;7.0;15.0;A01
36327;201500024071;0;1;0;0.0;2.0;1.0;1.0;B01
36328;201500024072;0;7;0;0.0;1.0;1.0;16.0;A01
36329;201500024073;0;2;0;0.0;1.0;1.0;18.0;A01
36330;201500024074;0;30;0;0.0;2.0;8.0;1.0;B01
36331;201500024074;0;7;0;0.0;2.0;1.0;1.0;A01
36332;201500024075;0;1;0;0.0;1.0;1.0;1.0;A01
36333;201500024076;0;33;0;0.0;2.0;1.0;1.0;A01
36334;201500024076;0;7;0;0.0;2.0;4.0;1.0;C01
36335;201500024076;0;7;0;0.0;0.0;4.0;1.0;B01
36336;201500024077;0;7;0;0.0;0.0;4.0;1.0;B01
36337;201500024077;0;7;0;0.0;2.0;1.0;2.0;A01
36338;201500024078;0;10;0;0.0;0.0;2.0;15.0;A01
36339;201500024078;0;33;0;0.0;2.0;1.0;1.0;B01
36340;201500024079;0;7;0;0.0;2.0;4.0;1.0;A01
36341;201500024079;1;7;0;0.0;2.0;1.0;1.0;Z01
36342;201500024080;0;2;0;0.0;2.0;1.0;1.0;B01
36343;201500024080;0;7;0;0.0;0.0;7.0;15.0;A01
36344;201500024081;0;30;0;0.0;2.0;1.0;1.0;B01
36345;201500024081;0;7;0;0.0;2.0;7.0;15.0;A01
36346;201500024083;0;33;0;0.0;2.0;1.0;15.0;A01