;Num_Acc;senc;catv;occutc;obs;obsm;choc;manv;num_veh
36766;201500024347;0;10;0;0.0;2.0;3.0;16.0;A01
36767;201500024348;1;7;0;0.0;1.0;3.0;1.0;Z01
36768;201500024350;0;7;0;0.0;2.0;3.0;15.0;A01
36769;201500024350;0;7;0;0.0;2.0;0.0;1.0;B01
36770;201500024351;0;7;0;0.0;1.0;2.0;1.0;A01
36771;201500024352;0;1;0;0.0;1.0;0.0;0.0;A01
36772;201500024353;0;33;0;0.0;2.0;1.0;1.0;B01
36773;201500024353;0;7;0;0.0;2.0;3.0;10.0;A01
36774;201500024354;0;30;0;0.0;2.0;1.0;1.0;A01
36775;201500024354;0;30;0;0.0;2.0;8.0;0.0;B01
36776;201500024355;0;1;0;0.0;0.0;0.0;0.0;Z01
36777;201500024356;0;36;0;1.0;0.0;0.0;0.0;A01
36778;201500024358;0;7;0;0.0;2.0;7.0;1.0;B01
36779;201500024358;0;7;0;8.0;2.0;1.0;6.0;A01
36780;201500024358;0;7;0;0.0;2.0;4.0;1.0;C01
36781;201500024358;0;7;0;0.0;2.0;4.0;1.0;D01
36782;201500024359;0;33;0;0.0;2.0;7.0;1.0;B01
36783;201500024359;0;7;0;0.0;2.0;1.0;16.0;A01
36784;201500024360;1;7;0;0.0;1.0;0.0;0.0;Z01
36785;201500024361;0;32;0;0.0;2.0;7.0;1.0;B01
36786;201500024361;1;7;0;0.0;2.0;1.0;9.0;A01
36787;201500024362;0;7;0;0.0;2.0;1.0;13.0;A01
36788;201500024362;0;7;0;1.0;2.0;1.0;1.0;B01
36789;201500024362;0;7;0;1.0;2.0;1.0;1.0;D01
36790;201500024364;0;7;0;0.0;2.0;3.0;0.0;A01
36791;201500024364;0;7;0;0.0;0.0;0.0;0.0;B01
36792;201500024365;0;7;0;0.0;1.0;1.0;0.0;A01
36793;201500024366;0;7;0;8.0;0.0;0.0;0.0;A01
36794;201500024367;1;7;0;0.0;1.0;1.0;1.0;A01
36795;201500024368;0;31;0;0.0;0.0;0.0;1.0;A01
36796;201500024369;0;7;0;0.0;2.0;4.0;2.0;B01
36797;201500024369;0;15;0;0.0;2.0;1.0;1.0;A01
36798;201500024370;0;7;0;0.0;1.0;1.0;17.0;A01
36799;201500024371;0;10;0;13.0;0.0;9.0;1.0;A01
36800;201500024372;0;31;0;0.0;2.0;1.0;1.0;B01
36801;201500024372;0;7;0;0.0;2.0;8.0;9.0;A01
36802;201500024373;0;33;0;0.0;2.0;7.0;1.0;B01
36803;201500024373;0;7;0;0.0;2.0;3.0;11.0;A01
36804;201500024374;0;7;0;0.0;2.0;3.0;1.0;B01
36805;201500024374;0;2;0;0.0;2.0;1.0;19.0;A01
36806;201500024375;0;7;0;0.0;2.0;6.0;9.0;A01
36807;201500024375;0;7;0;0.0;2.0;1.0;1.0;B01
36808;201500024376;0;7;0;0.0;1.0;1.0;1.0;A01
36809;201500024377;0;7;0;0.0;2.0;7.0;1.0;B01
36810;201500024377;0;2;0;0.0;2.0;1.0;1.0;A01
36811;201500024379;0;7;0;0.0;2.0;1.0;13.0;A01
36812;201500024379;0;7;0;0.0;2.0;1.0;1.0;B01
36813;201500024380;0;33;0;0.0;2.0;1.0;17.0;A01
36814;201500024380;0;7;0;0.0;2.0;8.0;15.0;B01
36815;201500024381;0;7;0;0.0;1.0;2.0;1.0;A01
36816;201500024382;0;30;0;7.0;2.0;4.0;1.0;A01
36817;201500024382;0;7;0;0.0;2.0;2.0;1.0;B01
36818;201500024383;0;3;0;0.0;2.0;4.0;0.0;B01
36819;201500024383;0;7;0;0.0;2.0;1.0;1.0;A01
36820;201500024384;0;7;0;0.0;2.0;8.0;1.0;B01
36821;201500024384;0;2;0;0.0;1.0;1.0;17.0;A01
36822;201500024385;0;7;0;2.0;0.0;5.0;1.0;A01
36823;201500024386;0;7;0;0.0;1.0;1.0;15.0;A01
36824;201500024387;0;7;0;0.0;1.0;1.0;1.0;B01
36825;201500024387;0;7;0;0.0;1.0;1.0;1.0;A01
36826;201500024388;0;7;0;0.0;2.0;4.0;1.0;B01
36827;201500024388;0;7;0;0.0;2.0;1.0;2.0;A01
36828;201500024389;0;7;0;0.0;2.0;1.0;1.0;A01
36829;201500024389;0;7;0;0.0;2.0;4.0;1.0;B01
36830;201500024390;0;7;0;0.0;1.0;2.0;0.0;A01
36831;201500024391;1;7;0;0.0;2.0;3.0;2.0;Z01
36832;201500024391;0;7;0;8.0;2.0;1.0;1.0;B01
36833;201500024392;0;7;0;0.0;2.0;4.0;1.0;B01
36834;201500024392;0;7;0;0.0;2.0;1.0;1.0;A01
36835;201500024393;0;34;0;0.0;2.0;1.0;0.0;B01
36836;201500024393;0;7;0;0.0;2.0;1.0;17.0;A01
36837;201500024393;0;7;0;0.0;2.0;2.0;0.0;C01
36838;201500024394;0;7;0;13.0;0.0;1.0;1.0;A01
36839;201500024395;0;34;0;0.0;2.0;0.0;21.0;B01
36840;201500024395;0;7;0;0.0;2.0;6.0;13.0;A01
36841;201500024396;0;7;0;0.0;1.0;2.0;1.0;A01
36842;201500024397;0;7;0;0.0;2.0;1.0;15.0;A01
36843;201500024397;0;1;0;0.0;2.0;3.0;1.0;B01
36844;201500024398;1;7;0;0.0;1.0;0.0;0.0;Z01
36845;201500024399;0;7;0;4.0;0.0;3.0;0.0;A01
36846;201500024400;0;7;0;0.0;2.0;3.0;15.0;A01
36847;201500024400;0;30;0;0.0;2.0;1.0;1.0;B01
36848;201500024401;0;7;0;0.0;2.0;3.0;1.0;B01
36849;201500024401;0;31;0;0.0;2.0;2.0;15.0;A01
36850;201500024402;0;7;0;0.0;2.0;7.0;15.0;A01
36851;201500024403;0;7;0;0.0;1.0;1.0;1.0;A01
36852;201500024404;0;7;0;0.0;2.0;3.0;3.0;A01
36853;201500024404;0;32;0;0.0;2.0;8.0;5.0;B01
36854;201500024405;0;1;0;0.0;0.0;4.0;2.0;B01
36855;201500024405;0;7;0;0.0;0.0;2.0;2.0;A01
36856;201500024406;0;7;0;0.0;0.0;8.0;10.0;B01
36857;201500024406;0;7;0;0.0;2.0;2.0;2.0;A01
36858;201500024407;0;7;0;0.0;2.0;2.0;9.0;A01
36859;201500024407;0;7;0;0.0;2.0;1.0;1.0;B01
36860;201500024410;0;2;0;0.0;2.0;7.0;2.0;A01
36861;201500024410;0;2;0;0.0;2.0;3.0;2.0;B01
36862;201500024411;0;7;0;11.0;0.0;1.0;14.0;A01
36863;201500024412;0;7;0;14.0;2.0;8.0;10.0;A01
36864;201500024412;0;40;0;0.0;4.0;1.0;1.0;B01
36865;201500024413;0;7;0;12.0;2.0;1.0;1.0;B01
36866;201500024413;0;7;0;15.0;2.0;1.0;13.0;A01
36867;201500024414;0;3;0;0.0;2.0;1.0;1.0;B01
36868;201500024414;0;30;0;0.0;2.0;1.0;15.0;A01
36869;201500024415;0;7;0;0.0;2.0;4.0;1.0;B01
36870;201500024415;0;7;0;4.0;0.0;2.0;12.0;A01
36871;201500024416;0;33;0;0.0;2.0;1.0;2.0;A01
36872;201500024416;0;7;0;0.0;0.0;5.0;23.0;B01
36873;201500024417;0;7;0;0.0;2.0;4.0;15.0;B01
36874;201500024417;0;14;0;0.0;2.0;3.0;5.0;C01
36875;201500024417;0;7;0;0.0;2.0;1.0;15.0;A01
36876;201500024419;0;33;0;0.0;2.0;1.0;2.0;A01
36877;201500024419;0;7;0;0.0;0.0;2.0;16.0;B01
36878;201500024420;0;7;0;0.0;2.0;1.0;1.0;B01
36879;201500024420;0;7;0;0.0;2.0;3.0;1.0;A01
36880;201500024421;0;32;0;0.0;2.0;1.0;1.0;A01
36881;201500024421;0;7;0;0.0;2.0;6.0;15.0;B01
36882;201500024422;0;34;0;0.0;2.0;4.0;1.0;B01
36883;201500024422;0;7;0;0.0;2.0;1.0;1.0;A01
36884;201500024424;0;7;0;15.0;0.0;1.0;0.0;A01
36885;201500024425;0;7;0;0.0;2.0;3.0;16.0;B01
36886;201500024425;0;7;0;0.0;2.0;2.0;19.0;A01
36887;201500024426;0;7;0;0.0;2.0;2.0;11.0;A01
36888;201500024426;0;33;0;14.0;2.0;1.0;5.0;B01
36889;201500024427;0;1;0;0.0;4.0;0.0;19.0;B01
36890;201500024427;0;40;0;0.0;2.0;3.0;1.0;A01
36891;201500024428;0;7;0;9.0;1.0;2.0;0.0;A01
36892;201500024429;0;2;0;6.0;2.0;1.0;21.0;B01
36893;201500024429;0;7;0;0.0;2.0;8.0;15.0;A01
36894;201500024430;0;7;0;0.0;1.0;2.0;1.0;B01
36895;201500024431;0;7;0;0.0;1.0;2.0;1.0;A01
36896;201500024432;0;33;0;0.0;2.0;1.0;21.0;A01
36897;201500024432;0;7;0;0.0;2.0;6.0;1.0;B01
36898;201500024433;0;7;0;0.0;2.0;7.0;15.0;A01
36899;201500024433;0;34;0;0.0;2.0;1.0;1.0;B01
36900;201500024434;0;7;0;0.0;2.0;2.0;15.0;A01
36901;201500024434;0;7;0;0.0;2.0;1.0;1.0;B01
36902;201500024435;0;33;0;0.0;2.0;7.0;17.0;A01
36903;201500024435;0;7;0;0.0;2.0;3.0;1.0;C01
36904;201500024435;0;7;0;0.0;2.0;8.0;1.0;B01
36905;201500024436;0;7;0;0.0;1.0;8.0;1.0;A01
36906;201500024437;0;1;0;0.0;2.0;7.0;9.0;B01
36907;201500024437;0;7;0;0.0;2.0;1.0;1.0;A01
36908;201500024438;0;7;0;0.0;1.0;2.0;0.0;A01
36909;201500024439;0;7;0;0.0;1.0;2.0;1.0;A01
36910;201500024440;0;7;0;0.0;2.0;4.0;2.0;B01
36911;201500024440;0;7;0;0.0;2.0;1.0;2.0;A01
36912;201500024441;0;1;0;0.0;2.0;0.0;1.0;A01
36913;201500024441;0;7;0;0.0;0.0;0.0;16.0;B01
36914;201500024442;0;7;0;0.0;0.0;3.0;0.0;B01
36915;201500024442;0;30;0;0.0;2.0;1.0;11.0;A01
36916;201500024443;0;7;0;0.0;2.0;7.0;1.0;C01
36917;201500024443;0;7;0;0.0;2.0;8.0;22.0;A01
36918;201500024443;0;1;0;0.0;2.0;1.0;1.0;B01
36919;201500024444;0;1;0;0.0;0.0;0.0;0.0;B01
36920;201500024444;0;10;0;0.0;0.0;0.0;0.0;A01
36921;201500024445;0;7;0;0.0;2.0;0.0;23.0;C01
36922;201500024445;0;7;0;0.0;0.0;0.0;23.0;D01
36923;201500024445;0;33;0;0.0;2.0;1.0;1.0;B01
36924;201500024445;0;10;0;0.0;2.0;2.0;15.0;A01
36925;201500024446;0;7;0;2.0;0.0;1.0;0.0;A01
36926;201500024447;0;33;0;0.0;2.0;3.0;1.0;A01
36927;201500024447;1;7;0;0.0;2.0;3.0;15.0;Z01
36928;201500024448;0;34;0;0.0;2.0;7.0;17.0;B01
36929;201500024448;0;7;0;0.0;2.0;3.0;11.0;A01
36930;201500024449;0;7;0;0.0;2.0;8.0;10.0;A01
36931;201500024449;0;32;0;0.0;0.0;0.0;0.0;B01
36932;201500024450;0;7;0;0.0;9.0;4.0;2.0;B01
36933;201500024450;0;7;0;0.0;2.0;1.0;2.0;A01
36934;201500024451;0;7;0;0.0;2.0;1.0;15.0;A01
36935;201500024451;0;7;0;0.0;2.0;1.0;1.0;B01
36936;201500024452;2;7;0;8.0;0.0;1.0;1.0;A01
36937;201500024454;0;7;0;0.0;2.0;5.0;15.0;A01
36938;201500024454;0;31;0;0.0;2.0;1.0;1.0;B01
36939;201500024456;0;7;0;0.0;1.0;1.0;1.0;A01
36940;201500024456;0;7;0;0.0;2.0;1.0;15.0;B01
36941;201500024457;0;10;0;0.0;1.0;6.0;1.0;A01
36942;201500024458;0;7;0;0.0;2.0;3.0;11.0;A01
36943;201500024458;0;7;0;0.0;2.0;3.0;1.0;B01
36944;201500024459;0;7;0;0.0;2.0;9.0;1.0;A01
36945;201500024459;0;2;0;0.0;0.0;0.0;0.0;B01
36946;201500024460;0;30;0;0.0;2.0;1.0;1.0;B01
36947;201500024460;0;7;0;0.0;2.0;1.0;5.0;A01
36948;201500024462;0;7;0;0.0;2.0;3.0;15.0;A01
36949;201500024462;0;31;0;0.0;2.0;1.0;17.0;B01
36950;201500024463;0;7;0;0.0;1.0;8.0;15.0;A01
36951;201500024464;0;7;0;0.0;2.0;1.0;2.0;A01
36952;201500024464;0;7;0;0.0;0.0;7.0;15.0;B01
36953;201500024465;0;2;0;0.0;2.0;1.0;1.0;B01
36954;201500024465;0;7;0;0.0;2.0;2.0;15.0;A01
36955;201500024466;0;7;0;0.0;2.0;1.0;1.0;A01
36956;201500024466;0;7;0;0.0;2.0;3.0;1.0;B01
36957;201500024467;0;7;0;11.0;0.0;1.0;14.0;A01
36958;201500024468;0;33;0;0.0;2.0;1.0;1.0;A01
36959;201500024468;0;7;0;0.0;2.0;2.0;15.0;B01
36960;201500024469;0;1;0;0.0;2.0;8.0;1.0;A01
36961;201500024469;1;7;0;0.0;2.0;0.0;15.0;Z01
36962;201500024470;0;15;0;0.0;0.0;3.0;10.0;A01
36963;201500024470;0;33;0;0.0;2.0;1.0;13.0;B01
36964;201500024471;0;33;0;0.0;2.0;1.0;21.0;A01
36965;201500024471;0;14;0;0.0;2.0;8.0;15.0;B01
36966;201500024472;0;7;0;0.0;1.0;3.0;15.0;A01
36967;201500024473;2;7;0;0.0;2.0;2.0;1.0;Z01
36968;201500024473;0;7;0;0.0;2.0;3.0;16.0;A01
36969;201500024474;1;7;0;0.0;1.0;0.0;15.0;Z01
36970;201500024475;0;1;0;14.0;0.0;1.0;1.0;A01
36971;201500024476;0;1;0;0.0;2.0;1.0;0.0;B01
36972;201500024476;0;7;0;0.0;2.0;5.0;15.0;A01
36973;201500024478;0;7;0;0.0;2.0;3.0;15.0;A01
36974;201500024478;0;1;0;0.0;2.0;1.0;1.0;B01
36975;201500024479;0;7;0;0.0;9.0;7.0;16.0;A01
36976;201500024479;0;1;0;0.0;2.0;6.0;1.0;B01
36977;201500024480;0;7;0;0.0;2.0;2.0;15.0;A01
36978;201500024480;0;32;0;0.0;2.0;1.0;1.0;B01
36979;201500024481;0;10;0;0.0;2.0;1.0;15.0;A01
36980;201500024481;0;33;0;0.0;2.0;1.0;1.0;B01
36981;201500024482;0;7;0;0.0;1.0;2.0;0.0;A01
36982;201500024483;0;33;0;0.0;0.0;8.0;1.0;A01
36983;201500024484;0;33;0;0.0;2.0;1.0;2.0;A01
36984;201500024484;0;7;0;0.0;2.0;6.0;1.0;B01
36985;201500024485;0;7;0;0.0;2.0;1.0;1.0;A01
36986;201500024485;0;7;0;0.0;2.0;8.0;1.0;B01
36987;201500024486;0;7;0;0.0;0.0;0.0;0.0;B01
36988;201500024486;0;7;0;0.0;2.0;2.0;15.0;A01
36989;201500024488;0;7;0;0.0;2.0;2.0;15.0;A01
36990;201500024488;0;32;0;0.0;2.0;1.0;1.0;B01
36991;201500024489;0;7;0;0.0;1.0;7.0;1.0;A01
36992;201500024490;0;7;0;0.0;2.0;3.0;9.0;A01
36993;201500024490;0;7;0;0.0;2.0;2.0;1.0;B01
36994;201500024491;0;7;0;0.0;2.0;1.0;1.0;A01
36995;201500024491;0;33;0;0.0;2.0;7.0;0.0;B01
36996;201500024493;0;7;0;0.0;2.0;2.0;15.0;A01
36997;201500024493;0;33;0;0.0;2.0;1.0;1.0;B01
36998;201500024494;0;7;0;0.0;2.0;1.0;2.0;A01
36999;201500024494;0;7;0;0.0;2.0;4.0;2.0;B01
37000;201500024495;0;14;0;0.0;0.0;7.0;2.0;A01
37001;201500024496;0;7;0;0.0;2.0;1.0;15.0;A01
37002;201500024496;0;33;0;0.0;2.0;8.0;0.0;B01
37003;201500024497;0;33;0;0.0;2.0;1.0;10.0;A01
37004;201500024497;0;7;0;0.0;0.0;0.0;1.0;B01
37005;201500024499;0;33;0;0.0;2.0;1.0;17.0;B01
37006;201500024499;0;7;0;0.0;2.0;8.0;15.0;A01
37007;201500024500;0;7;0;0.0;1.0;3.0;15.0;A01
37008;201500024501;0;7;0;0.0;2.0;1.0;5.0;A01
37009;201500024501;0;7;0;0.0;2.0;1.0;1.0;B01
37010;201500024502;0;2;0;0.0;2.0;1.0;1.0;B01
37011;201500024502;0;10;0;0.0;2.0;7.0;15.0;A01
37012;201500024503;0;7;0;0.0;1.0;3.0;1.0;A01
37013;201500024504;0;7;0;0.0;2.0;4.0;23.0;B01
37014;201500024504;0;7;0;0.0;0.0;4.0;23.0;D01
37015;201500024504;0;10;0;0.0;2.0;4.0;23.0;C01
37016;201500024504;0;7;0;0.0;2.0;1.0;1.0;A01
37017;201500024505;0;7;0;0.0;0.0;4.0;23.0;B01
37018;201500024505;0;1;0;0.0;2.0;1.0;2.0;A01
37019;201500024506;0;32;0;0.0;2.0;1.0;11.0;A01
37020;201500024506;0;7;0;0.0;0.0;6.0;23.0;B01
37021;201500024507;0;34;0;0.0;2.0;1.0;2.0;B01
37022;201500024507;0;7;0;0.0;0.0;6.0;16.0;A01
37023;201500024508;0;33;0;0.0;2.0;1.0;1.0;B01
37024;201500024508;0;7;0;0.0;2.0;1.0;15.0;A01
37025;201500024509;0;1;0;0.0;2.0;1.0;5.0;B01
37026;201500024509;0;7;0;0.0;2.0;1.0;16.0;A01
37027;201500024510;0;7;0;0.0;1.0;3.0;0.0;A01
37028;201500024511;0;33;0;0.0;2.0;0.0;0.0;A01
37029;201500024511;0;7;0;0.0;2.0;3.0;0.0;B01
37030;201500024512;0;31;0;0.0;2.0;1.0;1.0;B01
37031;201500024512;0;7;0;0.0;2.0;3.0;15.0;A01
37032;201500024514;0;1;0;0.0;2.0;1.0;1.0;B01
37033;201500024514;0;7;0;0.0;2.0;2.0;15.0;A01
37034;201500024515;0;32;0;8.0;0.0;1.0;1.0;A01
37035;201500024516;0;7;0;0.0;0.0;0.0;0.0;A01
37036;201500024517;0;34;0;0.0;2.0;1.0;1.0;A01
37037;201500024517;0;7;0;0.0;2.0;8.0;15.0;B01
37038;201500024518;0;7;0;0.0;2.0;3.0;16.0;B01
37039;201500024518;0;33;0;0.0;2.0;7.0;17.0;A01
37040;201500024519;0;7;0;0.0;2.0;1.0;1.0;B01
37041;201500024519;0;1;0;0.0;2.0;0.0;5.0;A01
37042;201500024520;0;7;0;0.0;1.0;3.0;1.0;A01
37043;201500024521;0;7;0;0.0;2.0;3.0;0.0;A01
37044;201500024521;0;7;0;0.0;2.0;0.0;0.0;B01
37045;201500024522;0;10;0;0.0;1.0;4.0;4.0;A01
37046;201500024523;0;31;0;0.0;2.0;1.0;2.0;A01
37047;201500024523;0;7;0;0.0;0.0;6.0;2.0;B01
37048;201500024524;0;7;0;0.0;1.0;1.0;1.0;A01
37049;201500024525;0;15;0;3.0;0.0;1.0;2.0;A01
37050;201500024527;0;7;0;0.0;0.0;4.0;23.0;C01
37051;201500024527;0;7;0;0.0;2.0;1.0;1.0;A01
37052;201500024527;0;7;0;0.0;2.0;4.0;23.0;B01
37053;201500024528;0;7;0;11.0;0.0;1.0;1.0;A01
37054;201500024529;0;7;0;0.0;2.0;1.0;0.0;B01
37055;201500024529;2;7;0;0.0;2.0;1.0;0.0;A01
37056;201500024530;0;30;0;0.0;0.0;7.0;14.0;A01
37057;201500024531;0;7;0;0.0;0.0;6.0;2.0;B01
37058;201500024531;0;33;0;0.0;2.0;1.0;12.0;A01
37059;201500024532;0;38;30;0.0;2.0;1.0;1.0;B01
37060;201500024532;0;7;0;0.0;2.0;0.0;16.0;A01
37061;201500024534;0;33;0;0.0;1.0;1.0;1.0;A01
37062;201500024535;0;7;0;0.0;1.0;1.0;1.0;A01
37063;201500024536;0;7;0;0.0;1.0;1.0;2.0;A01
37064;201500024537;0;30;0;0.0;2.0;4.0;2.0;B01
37065;201500024537;0;7;0;0.0;2.0;2.0;2.0;A01
37066;201500024538;0;7;0;0.0;1.0;1.0;1.0;A01
37067;201500024539;0;2;0;0.0;2.0;1.0;1.0;B01
37068;201500024539;0;1;0;0.0;2.0;1.0;17.0;A01
37069;201500024540;0;7;0;0.0;2.0;1.0;23.0;B01
37070;201500024540;0;7;0;0.0;2.0;1.0;7.0;A01
37071;201500024541;2;7;0;0.0;2.0;1.0;1.0;A01
37072;201500024541;0;7;0;0.0;2.0;7.0;15.0;B01
37073;201500024542;0;7;0;0.0;2.0;6.0;15.0;B01
37074;201500024542;0;33;0;0.0;2.0;1.0;1.0;A01
37075;201500024543;2;7;0;12.0;0.0;1.0;16.0;A01
37076;201500024543;0;7;0;12.0;0.0;7.0;15.0;B01
37077;201500024544;0;33;0;12.0;0.0;0.0;0.0;A01
37078;201500024545;0;32;0;2.0;0.0;1.0;0.0;A01
37079;201500024546;0;7;0;0.0;2.0;7.0;1.0;B01
37080;201500024546;0;7;0;0.0;2.0;1.0;10.0;A01
37081;201500024547;0;7;0;12.0;0.0;7.0;16.0;A01
37082;201500024548;0;7;0;0.0;1.0;1.0;1.0;A01
37083;201500024549;0;7;0;0.0;9.0;0.0;0.0;A01
37084;201500024550;0;7;0;0.0;2.0;2.0;21.0;B01
37085;201500024550;0;7;0;0.0;2.0;3.0;10.0;A01
37086;201500024551;0;7;0;0.0;2.0;3.0;15.0;B01
37087;201500024551;0;1;0;0.0;2.0;1.0;0.0;A01
37088;201500024552;0;7;0;0.0;2.0;4.0;2.0;B01
37089;201500024552;0;7;0;0.0;2.0;4.0;15.0;C01
37090;201500024552;0;7;0;0.0;2.0;1.0;2.0;A01
37091;201500024553;0;7;0;0.0;1.0;2.0;0.0;A01
37092;201500024554;0;2;0;0.0;2.0;1.0;5.0;A01
37093;201500024554;0;10;0;0.0;2.0;3.0;15.0;B01
37094;201500024555;0;7;0;0.0;1.0;3.0;1.0;A01
37095;201500024556;0;7;0;0.0;0.0;0.0;0.0;A01
37096;201500024556;0;34;0;0.0;2.0;1.0;1.0;B01
37097;201500024557;0;7;0;0.0;0.0;5.0;1.0;A01
37098;201500024557;1;7;0;0.0;2.0;3.0;3.0;Z01
37099;201500024558;0;7;0;0.0;2.0;7.0;1.0;B01
37100;201500024558;0;32;0;0.0;2.0;3.0;9.0;A01
37101;201500024559;0;7;0;0.0;2.0;3.0;1.0;B01
37102;201500024559;0;7;0;0.0;2.0;3.0;5.0;A01
37103;201500024560;0;7;0;0.0;2.0;7.0;15.0;A01
37104;201500024560;0;33;0;0.0;2.0;1.0;1.0;B01
37105;201500024561;0;33;0;0.0;1.0;1.0;17.0;A01
37106;201500024562;0;7;0;0.0;1.0;3.0;1.0;A01
37107;201500024563;0;7;0;0.0;2.0;6.0;1.0;B01
37108;201500024563;1;10;0;0.0;2.0;3.0;1.0;A01
37109;201500024565;0;7;0;0.0;2.0;4.0;23.0;B01
37110;201500024565;0;10;0;0.0;2.0;1.0;2.0;A01
37111;201500024566;0;7;0;0.0;2.0;1.0;21.0;C01
37112;201500024566;0;33;0;0.0;2.0;4.0;15.0;B01
37113;201500024566;0;7;0;0.0;2.0;1.0;0.0;A01
37114;201500024567;0;7;0;0.0;0.0;6.0;0.0;B01
37115;201500024567;0;7;0;0.0;2.0;2.0;17.0;A01
37116;201500024568;0;7;0;0.0;9.0;1.0;15.0;A01
37117;201500024568;0;1;0;0.0;2.0;8.0;1.0;B01
37118;201500024569;0;7;0;0.0;2.0;7.0;1.0;A01
37119;201500024569;0;30;0;0.0;2.0;3.0;1.0;B01
37120;201500024570;0;7;0;0.0;2.0;1.0;0.0;B01
37121;201500024570;0;33;0;0.0;1.0;1.0;21.0;A01
37122;201500024571;0;31;0;0.0;2.0;1.0;1.0;B01
37123;201500024571;0;14;0;0.0;2.0;6.0;14.0;A01
37124;201500024572;0;7;0;0.0;2.0;1.0;1.0;A01
37125;201500024572;0;7;0;0.0;2.0;4.0;0.0;B01
37126;201500024573;0;1;0;0.0;2.0;1.0;1.0;B01
37127;201500024573;0;10;0;0.0;2.0;1.0;15.0;A01
37128;201500024574;0;33;0;0.0;2.0;1.0;1.0;B01
37129;201500024574;0;7;0;0.0;2.0;1.0;15.0;A01
37130;201500024575;0;34;0;0.0;2.0;1.0;1.0;B01
37131;201500024575;0;7;0;0.0;2.0;2.0;15.0;A01
37132;201500024576;0;33;0;0.0;2.0;1.0;1.0;A01
37133;201500024576;0;17;0;0.0;2.0;5.0;10.0;B01
37134;201500024577;0;34;0;0.0;0.0;1.0;1.0;B01
37135;201500024577;1;7;0;0.0;0.0;7.0;15.0;A01
37136;201500024578;0;7;0;0.0;1.0;3.0;1.0;A01
37137;201500024579;0;7;0;5.0;2.0;1.0;0.0;A01
37138;201500024579;0;7;0;0.0;2.0;2.0;0.0;B01
37139;201500024580;0;33;0;12.0;0.0;0.0;0.0;A01
37140;201500024581;1;33;0;0.0;1.0;1.0;0.0;A01
37141;201500024582;0;30;0;0.0;2.0;1.0;1.0;B01
37142;201500024582;0;7;0;0.0;2.0;1.0;15.0;A01
37143;201500024583;0;33;0;0.0;2.0;1.0;1.0;B01
37144;201500024583;0;7;0;0.0;2.0;2.0;19.0;A01
37145;201500024584;0;33;0;0.0;0.0;8.0;1.0;A01
37146;201500024585;0;31;0;0.0;0.0;7.0;9.0;A01
37147;201500024586;0;7;0;0.0;2.0;8.0;1.0;B01
37148;201500024586;0;30;0;0.0;2.0;7.0;2.0;A01
37149;201500024587;0;7;0;0.0;2.0;6.0;1.0;C01
37150;201500024587;0;7;0;0.0;2.0;1.0;2.0;A01
37151;201500024587;0;7;0;0.0;2.0;4.0;2.0;B01
37152;201500024588;0;7;0;0.0;1.0;3.0;15.0;A01
37153;201500024589;0;7;0;0.0;1.0;3.0;1.0;A01
37154;201500024590;0;7;0;0.0;1.0;1.0;16.0;A01
37155;201500024591;0;1;0;0.0;2.0;8.0;1.0;A01
37156;201500024591;0;7;0;0.0;2.0;1.0;0.0;B01
37157;201500024592;0;30;0;0.0;2.0;1.0;1.0;A01
37158;201500024592;0;7;0;0.0;2.0;1.0;16.0;B01
37159;201500024593;0;32;0;0.0;2.0;1.0;1.0;B01
37160;201500024593;0;7;0;0.0;2.0;2.0;15.0;A01
37161;201500024594;0;32;0;0.0;1.0;1.0;1.0;A01
37162;201500024595;0;7;0;0.0;2.0;4.0;23.0;B01
37163;201500024595;0;7;0;0.0;2.0;1.0;2.0;A01
37164;201500024596;0;1;0;0.0;1.0;3.0;21.0;A01
37165;201500024597;0;7;0;0.0;1.0;1.0;1.0;A01
37166;201500024598;0;7;0;0.0;2.0;3.0;15.0;A01
37167;201500024598;0;33;0;0.0;2.0;7.0;15.0;B01
37168;201500024599;0;2;0;0.0;0.0;1.0;17.0;B01
37169;201500024599;0;7;0;0.0;0.0;3.0;15.0;A01
37170;201500024600;0;7;0;1.0;1.0;5.0;24.0;A01
37171;201500024601;0;7;0;0.0;0.0;0.0;0.0;A01
37172;201500024601;0;7;0;0.0;0.0;4.0;1.0;B01
37173;201500024602;0;7;0;0.0;2.0;1.0;1.0;A01
37174;201500024602;0;32;0;0.0;2.0;1.0;1.0;B01
37175;201500024603;0;32;0;0.0;1.0;1.0;1.0;A01
37176;201500024604;0;7;0;0.0;0.0;6.0;1.0;B01
37177;201500024604;0;10;0;0.0;2.0;2.0;17.0;A01
37178;201500024605;0;33;0;0.0;2.0;7.0;1.0;A01
37179;201500024605;0;7;0;0.0;0.0;8.0;1.0;B01
37180;201500024606;0;7;0;0.0;0.0;0.0;11.0;B01
37181;201500024606;0;33;0;12.0;0.0;7.0;11.0;A01
37182;201500024607;0;33;0;0.0;2.0;1.0;1.0;B01
37183;201500024607;0;7;0;0.0;2.0;7.0;10.0;A01
37184;201500024608;0;7;0;0.0;2.0;2.0;15.0;A01
37185;201500024608;0;31;0;0.0;2.0;8.0;1.0;B01