;Num_Acc;senc;catv;occutc;obs;obsm;choc;manv;num_veh
37186;201500024609;0;7;0;0.0;2.0;2.0;1.0;B01
37187;201500024609;0;7;0;0.0;2.0;3.0;11.0;A01
37188;201500024609;0;10;0;0.0;2.0;8.0;11.0;C01
37189;201500024610;0;31;0;0.0;2.0;1.0;1.0;B01
37190;201500024610;1;7;0;0.0;2.0;4.0;16.0;A01
37191;201500024611;0;7;0;0.0;2.0;4.0;2.0;B01
37192;201500024611;0;7;0;0.0;2.0;1.0;2.0;A01
37193;201500024612;0;7;0;0.0;1.0;1.0;1.0;A01
37194;201500024613;0;7;0;0.0;2.0;1.0;2.0;A01
37195;201500024613;0;7;0;0.0;2.0;4.0;2.0;C01
37196;201500024613;0;7;0;0.0;2.0;4.0;2.0;B01
37197;201500024614;0;7;0;0.0;2.0;7.0;19.0;B01
37198;201500024614;0;7;0;0.0;2.0;3.0;19.0;A01
37199;201500024615;0;7;0;0.0;1.0;3.0;0.0;A01
37200;201500024616;0;7;0;0.0;2.0;4.0;15.0;B01
37201;201500024616;0;33;0;0.0;2.0;8.0;1.0;A01
37202;201500024617;0;7;0;0.0;2.0;5.0;1.0;B01
37203;201500024617;0;7;0;0.0;2.0;3.0;9.0;A01
37204;201500024618;0;32;0;0.0;2.0;1.0;1.0;B01
37205;201500024618;0;7;0;0.0;2.0;3.0;15.0;A01
37206;201500024619;1;7;0;1.0;1.0;7.0;1.0;Z01
37207;201500024620;0;7;0;0.0;2.0;3.0;12.0;B01
37208;201500024620;0;33;0;0.0;2.0;8.0;16.0;A01
37209;201500024621;0;33;0;0.0;2.0;1.0;23.0;B01
37210;201500024621;0;7;0;0.0;2.0;3.0;15.0;A01
37211;201500024622;0;10;0;0.0;1.0;4.0;4.0;A01
37212;201500024623;0;33;0;0.0;2.0;3.0;1.0;B01
37213;201500024623;0;7;0;0.0;2.0;7.0;15.0;A01
37214;201500024624;0;7;0;0.0;2.0;4.0;1.0;C01
37215;201500024624;0;10;0;0.0;2.0;1.0;1.0;A01
37216;201500024624;0;7;0;0.0;2.0;4.0;1.0;B01
37217;201500024625;0;40;0;0.0;1.0;2.0;1.0;A01
37218;201500024626;0;7;0;0.0;2.0;4.0;2.0;B01
37219;201500024626;0;7;0;0.0;2.0;4.0;2.0;C01
37220;201500024626;2;7;0;0.0;2.0;1.0;2.0;A01
37221;201500024627;0;31;0;0.0;2.0;1.0;0.0;A01
37222;201500024627;0;7;0;0.0;2.0;1.0;0.0;B01
37223;201500024628;0;7;0;0.0;2.0;4.0;23.0;B01
37224;201500024628;0;2;0;0.0;2.0;1.0;1.0;A01
37225;201500024629;1;7;0;0.0;1.0;2.0;14.0;A01
37226;201500024630;0;7;0;0.0;1.0;3.0;1.0;A01
37227;201500024631;0;33;0;0.0;0.0;0.0;0.0;A01
37228;201500024632;1;7;0;0.0;0.0;0.0;0.0;A01
37229;201500024632;0;2;0;0.0;2.0;1.0;1.0;B01
37230;201500024634;0;7;0;0.0;2.0;2.0;15.0;A01
37231;201500024634;0;1;0;0.0;2.0;1.0;1.0;B01
37232;201500024635;0;10;0;0.0;1.0;4.0;4.0;A01
37233;201500024636;0;10;0;0.0;1.0;4.0;4.0;A01
37234;201500024637;0;7;0;0.0;1.0;1.0;1.0;A01
37235;201500024638;0;7;0;0.0;2.0;1.0;17.0;A01
37236;201500024638;0;7;0;0.0;2.0;0.0;1.0;D01
37237;201500024638;0;7;0;0.0;2.0;6.0;1.0;C01
37238;201500024638;0;7;0;0.0;2.0;1.0;0.0;B01
37239;201500024640;0;7;0;0.0;2.0;8.0;1.0;C01
37240;201500024640;0;7;0;0.0;2.0;1.0;1.0;B01
37241;201500024640;0;7;0;0.0;2.0;1.0;13.0;A01
37242;201500024641;0;7;0;0.0;2.0;1.0;1.0;A01
37243;201500024641;0;7;0;0.0;2.0;3.0;1.0;B01
37244;201500024642;0;33;0;0.0;1.0;1.0;1.0;B01
37245;201500024643;0;7;0;0.0;2.0;3.0;1.0;B01
37246;201500024643;0;7;0;0.0;2.0;1.0;0.0;A01
37247;201500024644;0;7;0;0.0;2.0;8.0;15.0;B01
37248;201500024644;0;33;0;0.0;2.0;1.0;17.0;A01
37249;201500024645;0;7;0;0.0;1.0;2.0;0.0;A01
37250;201500024647;0;7;0;0.0;2.0;2.0;15.0;A01
37251;201500024647;0;32;0;0.0;2.0;1.0;1.0;B01
37252;201500024648;0;7;0;0.0;2.0;1.0;1.0;A01
37253;201500024648;0;7;0;0.0;2.0;7.0;0.0;B01
37254;201500024649;0;33;0;0.0;2.0;7.0;15.0;A01
37255;201500024649;0;30;0;0.0;2.0;1.0;1.0;B01
37256;201500024650;0;32;0;0.0;2.0;1.0;8.0;A01
37257;201500024650;0;7;0;0.0;0.0;3.0;1.0;B01
37258;201500024651;0;32;0;12.0;0.0;7.0;1.0;A01
37259;201500024652;0;7;0;0.0;2.0;3.0;1.0;B01
37260;201500024652;0;7;0;0.0;2.0;2.0;19.0;A01
37261;201500024653;2;10;0;0.0;1.0;4.0;4.0;Z01
37262;201500024654;0;7;0;0.0;1.0;3.0;1.0;A01
37263;201500024655;0;33;0;0.0;1.0;1.0;1.0;A01
37264;201500024656;0;7;0;0.0;2.0;0.0;1.0;A01
37265;201500024656;0;7;0;0.0;2.0;1.0;1.0;B01
37266;201500024657;0;7;0;0.0;2.0;0.0;1.0;B01
37267;201500024657;0;10;0;0.0;2.0;1.0;6.0;A01
37268;201500024658;0;7;0;0.0;2.0;2.0;0.0;B01
37269;201500024658;0;10;0;0.0;2.0;1.0;0.0;A01
37270;201500024659;0;7;0;0.0;2.0;2.0;2.0;A01
37271;201500024659;0;7;0;0.0;0.0;4.0;2.0;C01
37272;201500024659;0;33;0;0.0;0.0;4.0;2.0;B01
37273;201500024660;0;7;0;0.0;1.0;1.0;1.0;A01
37274;201500024661;0;7;0;15.0;0.0;1.0;0.0;A01
37275;201500024662;0;7;0;0.0;2.0;0.0;0.0;B01
37276;201500024662;0;7;0;0.0;0.0;0.0;0.0;A01
37277;201500024663;0;7;0;0.0;1.0;2.0;0.0;A01
37278;201500024664;0;7;0;8.0;0.0;2.0;0.0;A01
37279;201500024664;0;7;0;8.0;0.0;1.0;0.0;B01
37280;201500024666;0;33;0;0.0;2.0;1.0;1.0;B01
37281;201500024666;0;7;0;0.0;2.0;3.0;1.0;A01
37282;201500024667;0;7;0;0.0;1.0;2.0;1.0;A01
37283;201500024668;0;7;0;0.0;2.0;7.0;15.0;A01
37284;201500024668;0;33;0;0.0;2.0;1.0;1.0;B01
37285;201500024668;0;33;0;0.0;2.0;1.0;1.0;C01
37286;201500024668;0;7;0;0.0;2.0;1.0;0.0;D01
37287;201500024669;0;7;0;0.0;1.0;1.0;0.0;A01
37288;201500024670;0;7;0;13.0;0.0;1.0;0.0;A01
37289;201500024671;0;32;0;0.0;2.0;1.0;1.0;B01
37290;201500024671;0;7;0;0.0;2.0;7.0;19.0;A01
37291;201500024672;0;7;0;0.0;2.0;0.0;0.0;B01
37292;201500024672;0;7;0;1.0;0.0;9.0;1.0;A01
37293;201500024672;0;10;0;0.0;2.0;5.0;0.0;C01
37294;201500024673;0;7;0;0.0;2.0;3.0;20.0;A01
37295;201500024673;0;31;0;1.0;0.0;1.0;1.0;B01
37296;201500024674;0;7;0;0.0;2.0;0.0;0.0;B01
37297;201500024674;0;7;0;3.0;0.0;0.0;0.0;A01
37298;201500024675;0;7;0;0.0;0.0;1.0;13.0;A01
37299;201500024676;0;7;0;16.0;0.0;1.0;13.0;A01
37300;201500024678;0;32;0;0.0;2.0;2.0;21.0;B01
37301;201500024678;0;7;0;0.0;2.0;1.0;16.0;A01
37302;201500024679;0;7;0;0.0;2.0;2.0;15.0;A01
37303;201500024679;0;33;0;0.0;2.0;1.0;1.0;B01
37304;201500024680;0;2;0;16.0;0.0;8.0;14.0;A01
37305;201500024681;0;10;0;0.0;2.0;4.0;2.0;B01
37306;201500024681;0;10;0;0.0;2.0;2.0;2.0;A01
37307;201500024682;0;34;0;0.0;1.0;1.0;1.0;A01
37308;201500024683;0;7;0;0.0;2.0;6.0;15.0;B01
37309;201500024683;0;30;0;0.0;2.0;1.0;17.0;A01
37310;201500024684;0;33;0;0.0;2.0;1.0;1.0;B01
37311;201500024684;0;7;0;0.0;2.0;7.0;15.0;A01
37312;201500024685;0;7;0;0.0;2.0;6.0;2.0;B01
37313;201500024685;0;30;0;0.0;2.0;1.0;2.0;A01
37314;201500024686;0;33;0;0.0;2.0;1.0;2.0;A01
37315;201500024686;0;7;0;0.0;2.0;6.0;1.0;B01
37316;201500024687;0;7;0;0.0;2.0;1.0;1.0;B01
37317;201500024687;0;33;0;0.0;2.0;2.0;13.0;A01
37318;201500024688;0;7;0;0.0;9.0;1.0;1.0;D01
37319;201500024688;0;7;0;0.0;2.0;1.0;5.0;A01
37320;201500024688;0;10;0;0.0;9.0;3.0;1.0;C01
37321;201500024688;0;7;0;0.0;2.0;1.0;1.0;B01
37322;201500024689;0;33;0;0.0;2.0;1.0;1.0;A01
37323;201500024689;0;17;0;0.0;2.0;5.0;15.0;B01
37324;201500024690;0;33;0;0.0;1.0;7.0;1.0;A01
37325;201500024691;0;7;0;13.0;0.0;9.0;13.0;A01
37326;201500024692;1;7;0;0.0;2.0;5.0;17.0;A01
37327;201500024692;0;30;0;0.0;2.0;1.0;1.0;B01
37328;201500024693;0;7;0;0.0;2.0;3.0;1.0;B01
37329;201500024693;0;7;0;0.0;2.0;1.0;13.0;A01
37330;201500024694;0;7;0;0.0;2.0;1.0;0.0;B01
37331;201500024694;0;30;0;0.0;2.0;7.0;1.0;A01
37332;201500024696;0;7;0;0.0;2.0;2.0;17.0;A01
37333;201500024696;0;7;0;0.0;2.0;8.0;0.0;B01
37334;201500024697;0;7;0;1.0;0.0;3.0;13.0;A01
37335;201500024698;0;7;0;0.0;2.0;3.0;15.0;A01
37336;201500024698;0;2;0;0.0;2.0;1.0;1.0;B01
37337;201500024699;0;7;0;0.0;2.0;1.0;1.0;B01
37338;201500024699;0;7;0;0.0;2.0;8.0;15.0;A01
37339;201500024700;0;7;0;0.0;1.0;1.0;1.0;A01
37340;201500024701;0;7;0;0.0;2.0;2.0;15.0;A01
37341;201500024701;0;32;0;0.0;2.0;1.0;1.0;B01
37342;201500024702;0;33;0;3.0;2.0;1.0;1.0;A01
37343;201500024702;0;7;0;0.0;2.0;1.0;1.0;B01
37344;201500024704;0;7;0;0.0;1.0;3.0;2.0;A01
37345;201500024705;0;7;0;13.0;0.0;9.0;13.0;A01
37346;201500024706;0;37;0;0.0;0.0;0.0;15.0;B01
37347;201500024706;0;2;0;12.0;0.0;0.0;1.0;A01
37348;201500024707;0;7;0;0.0;1.0;2.0;16.0;A01
37349;201500024708;0;7;0;0.0;2.0;3.0;15.0;A01
37350;201500024708;0;2;0;0.0;2.0;0.0;0.0;B01
37351;201500024709;0;7;0;0.0;0.0;8.0;22.0;A01
37352;201500024709;0;1;0;1.0;0.0;1.0;2.0;C01
37353;201500024709;0;1;0;1.0;0.0;1.0;2.0;B01
37354;201500024710;0;30;0;0.0;2.0;0.0;0.0;B01
37355;201500024710;0;7;0;0.0;2.0;2.0;9.0;A01
37356;201500024711;0;7;0;0.0;1.0;3.0;0.0;A01
37357;201500024712;0;7;0;0.0;2.0;3.0;15.0;B01
37358;201500024712;0;2;0;0.0;2.0;1.0;2.0;A01
37359;201500024713;0;7;0;0.0;1.0;5.0;4.0;A01
37360;201500024714;0;7;0;0.0;2.0;1.0;1.0;B01
37361;201500024714;0;7;0;0.0;2.0;8.0;19.0;A01
37362;201500024715;0;7;0;0.0;2.0;8.0;15.0;A01
37363;201500024715;0;7;0;0.0;2.0;1.0;1.0;B01
37364;201500024717;0;7;0;0.0;2.0;6.0;15.0;B01
37365;201500024717;0;2;0;0.0;2.0;1.0;1.0;A01
37366;201500024718;0;7;0;0.0;2.0;1.0;9.0;A01
37367;201500024718;0;30;0;0.0;2.0;2.0;1.0;B01
37368;201500024719;0;7;0;0.0;2.0;3.0;1.0;B01
37369;201500024719;0;7;0;0.0;2.0;7.0;15.0;A01
37370;201500024720;0;7;0;0.0;0.0;0.0;0.0;A01
37371;201500024721;0;7;0;0.0;1.0;2.0;1.0;A01
37372;201500024722;0;7;0;0.0;2.0;1.0;2.0;A01
37373;201500024722;0;7;0;0.0;2.0;4.0;23.0;B01
37374;201500024725;0;33;0;0.0;2.0;8.0;1.0;A01
37375;201500024725;0;7;0;0.0;2.0;2.0;15.0;B01
37376;201500024726;0;10;0;0.0;2.0;5.0;1.0;B01
37377;201500024726;0;33;0;0.0;2.0;1.0;15.0;A01
37378;201500024727;0;7;0;0.0;1.0;2.0;1.0;A01
37379;201500024729;0;7;0;0.0;2.0;1.0;15.0;A01
37380;201500024729;0;30;0;0.0;2.0;1.0;1.0;B01
37381;201500024730;0;7;0;11.0;0.0;1.0;1.0;A01
37382;201500024731;0;7;0;0.0;2.0;4.0;23.0;B01
37383;201500024731;0;30;0;0.0;2.0;2.0;2.0;A01
37384;201500024732;0;7;0;0.0;2.0;9.0;2.0;A01
37385;201500024732;0;7;0;0.0;2.0;2.0;2.0;B01
37386;201500024733;0;7;0;3.0;0.0;0.0;1.0;A01
37387;201500024734;0;7;0;2.0;0.0;1.0;0.0;A01
37388;201500024735;0;7;0;0.0;2.0;3.0;1.0;B01
37389;201500024735;0;7;0;0.0;2.0;1.0;1.0;A01
37390;201500024736;0;1;0;0.0;2.0;1.0;1.0;B01
37391;201500024736;0;10;0;0.0;2.0;8.0;22.0;A01
37392;201500024738;0;7;0;12.0;0.0;1.0;1.0;A01
37393;201500024739;0;7;0;0.0;2.0;1.0;15.0;A01
37394;201500024739;2;7;0;0.0;2.0;3.0;1.0;B01
37395;201500024739;0;7;0;0.0;2.0;1.0;1.0;C01
37396;201500024740;0;7;0;0.0;2.0;4.0;2.0;B01
37397;201500024740;0;7;0;0.0;2.0;1.0;2.0;A01
37398;201500024741;0;7;0;11.0;0.0;3.0;1.0;A01
37399;201500024742;0;33;0;0.0;0.0;1.0;1.0;A01
37400;201500024744;0;7;0;0.0;2.0;1.0;0.0;A01
37401;201500024744;0;7;0;0.0;2.0;4.0;0.0;B01
37402;201500024745;0;7;0;4.0;0.0;0.0;14.0;A01
37403;201500024746;0;7;0;0.0;2.0;2.0;16.0;A01
37404;201500024746;0;1;0;0.0;2.0;1.0;1.0;B01
37405;201500024747;0;1;0;0.0;2.0;1.0;1.0;B01
37406;201500024747;0;7;0;0.0;2.0;2.0;16.0;A01
37407;201500024748;0;7;0;0.0;1.0;0.0;0.0;A01
37408;201500024749;0;33;0;0.0;2.0;8.0;2.0;A01
37409;201500024749;0;33;0;0.0;2.0;4.0;2.0;B01
37410;201500024750;0;7;0;0.0;2.0;4.0;10.0;A01
37411;201500024750;0;7;0;0.0;2.0;6.0;1.0;D01
37412;201500024750;0;7;0;0.0;2.0;1.0;1.0;B01
37413;201500024750;0;7;0;0.0;2.0;1.0;1.0;C01
37414;201500024751;0;7;0;9.0;0.0;3.0;1.0;A01
37415;201500024752;0;31;0;0.0;2.0;8.0;1.0;B01
37416;201500024752;0;7;0;0.0;2.0;0.0;9.0;A01
37417;201500024753;0;7;0;0.0;2.0;1.0;2.0;A01
37418;201500024753;0;7;0;0.0;2.0;4.0;23.0;B01
37419;201500024753;0;7;0;0.0;2.0;4.0;23.0;C01
37420;201500024754;0;7;0;0.0;2.0;1.0;15.0;B01
37421;201500024754;0;7;0;0.0;2.0;9.0;1.0;A01
37422;201500024755;0;7;0;0.0;1.0;1.0;1.0;A01
37423;201500024757;0;7;0;9.0;0.0;1.0;13.0;A01
37424;201500024758;0;32;0;16.0;9.0;8.0;1.0;B01
37425;201500024758;0;7;0;0.0;9.0;0.0;15.0;A01
37426;201500024759;0;7;0;0.0;1.0;1.0;1.0;A01
37427;201500024760;0;7;0;13.0;0.0;9.0;1.0;A01
37428;201500024761;0;1;0;0.0;2.0;0.0;0.0;B01
37429;201500024761;0;7;0;0.0;2.0;0.0;0.0;A01
37430;201500024762;0;7;0;0.0;2.0;3.0;1.0;B01
37431;201500024762;0;7;0;0.0;2.0;7.0;15.0;A01
37432;201500024763;0;7;0;0.0;0.0;0.0;0.0;A01
37433;201500024765;0;7;0;16.0;0.0;0.0;1.0;A01
37434;201500024767;0;7;0;0.0;0.0;0.0;0.0;A01
37435;201500024768;0;32;0;0.0;0.0;0.0;1.0;A01
37436;201500024769;0;7;0;0.0;1.0;1.0;15.0;A01
37437;201500024770;0;10;0;0.0;2.0;6.0;1.0;A01
37438;201500024770;0;10;0;0.0;2.0;1.0;2.0;B01
37439;201500024771;0;37;30;0.0;1.0;2.0;1.0;A01
37440;201500024772;0;7;0;0.0;2.0;1.0;16.0;A01
37441;201500024772;0;34;0;0.0;2.0;7.0;1.0;B01
37442;201500024773;0;7;0;0.0;1.0;1.0;1.0;A01
37443;201500024774;0;7;0;0.0;2.0;4.0;2.0;B01
37444;201500024774;0;7;0;0.0;2.0;1.0;2.0;A01
37445;201500024775;0;10;0;0.0;2.0;3.0;15.0;A01
37446;201500024775;0;10;0;0.0;2.0;1.0;17.0;B01
37447;201500024776;0;7;0;0.0;1.0;1.0;1.0;A01
37448;201500024777;0;7;0;0.0;2.0;2.0;1.0;B01
37449;201500024777;0;7;0;0.0;2.0;1.0;0.0;A01
37450;201500024778;0;7;0;9.0;0.0;1.0;1.0;A01
37451;201500024779;0;7;0;0.0;2.0;4.0;2.0;B01
37452;201500024779;0;7;0;0.0;2.0;1.0;2.0;A01
37453;201500024780;0;7;0;0.0;2.0;6.0;23.0;B01
37454;201500024780;0;30;0;0.0;2.0;7.0;17.0;A01
37455;201500024781;0;7;0;0.0;2.0;8.0;15.0;B01
37456;201500024781;0;34;0;0.0;2.0;3.0;1.0;A01
37457;201500024782;0;10;0;0.0;2.0;4.0;23.0;B01
37458;201500024782;0;30;0;0.0;2.0;1.0;2.0;A01
37459;201500024783;0;7;0;0.0;1.0;1.0;16.0;A01
37460;201500024784;0;10;0;0.0;0.0;0.0;24.0;A01
37461;201500024784;0;1;0;0.0;0.0;0.0;0.0;B01
37462;201500024785;0;2;0;0.0;0.0;8.0;15.0;A01
37463;201500024786;0;7;0;8.0;0.0;1.0;1.0;A01
37464;201500024787;0;7;0;0.0;0.0;0.0;0.0;A01
37465;201500024787;0;7;0;0.0;0.0;0.0;0.0;B01
37466;201500024788;0;7;0;13.0;0.0;8.0;1.0;A01
37467;201500024789;0;7;0;2.0;0.0;1.0;0.0;A01
37468;201500024790;0;7;0;0.0;2.0;3.0;9.0;A01
37469;201500024790;0;10;0;0.0;2.0;1.0;1.0;B01
37470;201500024791;1;7;0;0.0;2.0;1.0;2.0;Z01
37471;201500024791;0;1;0;0.0;2.0;4.0;2.0;B01
37472;201500024792;0;7;0;0.0;1.0;1.0;0.0;A01
37473;201500024793;0;1;0;0.0;2.0;0.0;1.0;B01
37474;201500024793;0;7;0;0.0;2.0;7.0;16.0;A01
37475;201500024794;0;7;0;0.0;2.0;5.0;1.0;C01
37476;201500024794;0;7;0;0.0;2.0;8.0;11.0;A01
37477;201500024794;0;33;0;13.0;2.0;1.0;1.0;B01
37478;201500024795;0;30;0;0.0;0.0;0.0;1.0;A01
37479;201500024796;0;7;0;0.0;1.0;3.0;1.0;A01
37480;201500024797;0;7;0;0.0;2.0;8.0;1.0;B01
37481;201500024797;0;7;0;9.0;2.0;1.0;1.0;A01
37482;201500024799;0;7;0;3.0;0.0;9.0;1.0;A01
37483;201500024800;0;7;0;0.0;2.0;4.0;23.0;B01
37484;201500024800;0;7;0;0.0;2.0;1.0;9.0;A01
37485;201500024801;0;7;0;0.0;2.0;8.0;1.0;A01
37486;201500024801;0;1;0;0.0;2.0;0.0;19.0;B01
37487;201500024802;0;7;0;0.0;2.0;1.0;1.0;A01
37488;201500024802;0;1;0;0.0;2.0;0.0;1.0;B01
37489;201500024803;0;7;0;0.0;2.0;2.0;10.0;A01
37490;201500024803;0;33;0;8.0;2.0;1.0;1.0;B01
37491;201500024804;0;7;0;0.0;2.0;1.0;2.0;B01
37492;201500024804;0;7;0;0.0;2.0;4.0;2.0;A01
37493;201500024805;0;7;0;2.0;0.0;1.0;1.0;A01
37494;201500024808;0;1;0;0.0;2.0;1.0;0.0;A01
37495;201500024808;0;7;0;0.0;2.0;2.0;9.0;B01
37496;201500024809;0;7;0;0.0;2.0;1.0;1.0;B01
37497;201500024809;0;10;0;0.0;2.0;3.0;1.0;A01
37498;201500024810;0;7;0;0.0;2.0;1.0;9.0;A01
37499;201500024810;0;17;0;0.0;2.0;8.0;1.0;B01
37500;201500024812;0;1;0;0.0;2.0;1.0;1.0;B01
37501;201500024812;0;7;0;0.0;2.0;0.0;16.0;A01
37502;201500024813;0;10;0;0.0;2.0;1.0;1.0;A01
37503;201500024813;0;7;0;0.0;2.0;4.0;23.0;B01
37504;201500024813;0;7;0;0.0;2.0;4.0;23.0;C01
37505;201500024814;0;7;0;0.0;2.0;5.0;16.0;A01
37506;201500024814;0;33;0;0.0;2.0;3.0;1.0;B01
37507;201500024815;0;14;0;0.0;1.0;6.0;16.0;A01
37508;201500024816;0;7;0;0.0;2.0;1.0;15.0;A01
37509;201500024816;0;7;0;0.0;2.0;1.0;1.0;B01
37510;201500024817;0;2;0;0.0;2.0;1.0;1.0;B01
37511;201500024817;0;7;0;0.0;2.0;1.0;15.0;A01
37512;201500024818;0;7;0;13.0;0.0;1.0;1.0;A01
37513;201500024819;0;7;0;3.0;0.0;1.0;1.0;A01
37514;201500024820;0;7;0;0.0;2.0;1.0;1.0;A01
37515;201500024820;0;10;0;0.0;2.0;4.0;1.0;B01
37516;201500024821;0;30;0;16.0;0.0;0.0;1.0;A01
37517;201500024822;0;7;0;0.0;2.0;1.0;1.0;B01
37518;201500024822;0;7;0;0.0;2.0;3.0;15.0;A01
37519;201500024823;0;1;0;0.0;2.0;7.0;0.0;B01
37520;201500024823;0;7;0;0.0;2.0;1.0;9.0;A01
37521;201500024824;0;7;0;0.0;2.0;1.0;0.0;B01
37522;201500024824;0;7;0;0.0;2.0;8.0;1.0;A01
37523;201500024825;0;7;0;9.0;0.0;1.0;15.0;A01
37524;201500024826;0;10;0;0.0;2.0;2.0;14.0;A01
37525;201500024826;0;7;0;0.0;2.0;2.0;1.0;B01
37526;201500024826;0;7;0;0.0;2.0;0.0;1.0;C01
37527;201500024827;0;7;0;12.0;2.0;6.0;16.0;A01
37528;201500024828;0;1;0;0.0;2.0;2.0;1.0;B01
37529;201500024828;1;7;0;0.0;2.0;0.0;0.0;A01
37530;201500024829;0;31;0;0.0;2.0;1.0;2.0;A01
37531;201500024829;0;7;0;0.0;2.0;4.0;23.0;B01
37532;201500024830;1;7;0;0.0;2.0;0.0;0.0;A01
37533;201500024830;0;30;0;0.0;2.0;7.0;1.0;B01
37534;201500024831;0;30;0;14.0;0.0;3.0;1.0;A01
37535;201500024832;0;7;0;0.0;0.0;1.0;1.0;A01
37536;201500024833;0;7;0;0.0;1.0;3.0;1.0;A01
37537;201500024834;0;7;0;0.0;1.0;0.0;15.0;A01
37538;201500024836;0;7;0;0.0;2.0;1.0;23.0;A01
37539;201500024836;0;7;0;0.0;2.0;4.0;1.0;B01
37540;201500024837;0;7;0;0.0;0.0;4.0;24.0;C01
37541;201500024837;1;7;0;1.0;0.0;1.0;0.0;Z01
37542;201500024838;0;1;0;0.0;2.0;0.0;1.0;B01
37543;201500024838;0;7;0;0.0;2.0;1.0;15.0;A01
37544;201500024839;0;7;0;0.0;1.0;1.0;1.0;A01
37545;201500024840;0;34;0;0.0;0.0;7.0;15.0;A01
37546;201500024841;0;7;0;2.0;0.0;1.0;1.0;A01
37547;201500024842;0;7;0;12.0;0.0;1.0;1.0;A01
37548;201500024843;0;7;0;0.0;2.0;2.0;15.0;A01
37549;201500024843;0;10;0;0.0;2.0;1.0;1.0;B01
37550;201500024844;0;7;0;0.0;2.0;1.0;1.0;A01
37551;201500024844;0;30;0;0.0;2.0;1.0;15.0;B01
37552;201500024845;0;17;0;16.0;0.0;7.0;15.0;A01
37553;201500024846;0;7;0;0.0;2.0;2.0;1.0;A01
37554;201500024846;0;32;0;0.0;2.0;1.0;1.0;B01
37555;201500024847;0;7;0;0.0;2.0;1.0;1.0;B01
37556;201500024847;0;7;0;0.0;2.0;1.0;16.0;A01
37557;201500024848;0;30;0;0.0;2.0;1.0;2.0;A01
37558;201500024848;0;7;0;0.0;2.0;4.0;23.0;B01
37559;201500024849;0;10;0;0.0;2.0;9.0;23.0;B01
37560;201500024849;0;7;0;0.0;2.0;1.0;2.0;A01
37561;201500024849;0;7;0;0.0;2.0;4.0;23.0;D01
37562;201500024849;0;7;0;0.0;2.0;9.0;23.0;C01
37563;201500024850;0;7;0;2.0;0.0;1.0;1.0;A01
37564;201500024851;0;7;0;0.0;2.0;6.0;1.0;A01
37565;201500024851;0;33;0;0.0;2.0;1.0;1.0;B01
37566;201500024852;0;1;0;0.0;0.0;0.0;0.0;B01
37567;201500024852;0;7;0;0.0;0.0;0.0;0.0;A01
37568;201500024853;0;30;0;16.0;0.0;1.0;1.0;A01
37569;201500024854;0;7;0;0.0;1.0;1.0;1.0;A01
37570;201500024855;0;7;0;0.0;1.0;1.0;1.0;A01
37571;201500024856;0;7;0;0.0;2.0;2.0;1.0;A01
37572;201500024856;0;7;0;0.0;2.0;1.0;1.0;B01
37573;201500024857;0;7;0;0.0;2.0;3.0;15.0;A01
37574;201500024857;0;7;0;0.0;2.0;1.0;1.0;B01
37575;201500024858;0;33;0;0.0;2.0;8.0;18.0;A01
37576;201500024858;0;10;0;0.0;2.0;7.0;22.0;B01
37577;201500024859;0;14;0;0.0;1.0;2.0;16.0;A01
37578;201500024860;0;7;0;0.0;2.0;1.0;15.0;A01
37579;201500024860;0;33;0;0.0;2.0;8.0;1.0;B01
37580;201500024861;0;7;0;15.0;0.0;1.0;1.0;A01
37581;201500024863;0;7;0;0.0;2.0;3.0;15.0;B01
37582;201500024863;0;33;0;0.0;2.0;6.0;17.0;A01
37583;201500024864;1;7;0;0.0;2.0;1.0;16.0;A01
37584;201500024864;0;1;0;0.0;2.0;0.0;1.0;B01
37585;201500024866;0;7;0;0.0;2.0;1.0;1.0;A01
37586;201500024866;0;7;0;0.0;0.0;4.0;1.0;B01
37587;201500024867;0;7;0;0.0;2.0;1.0;15.0;A01
37588;201500024867;0;1;0;0.0;2.0;1.0;1.0;B01
37589;201500024868;0;7;0;0.0;2.0;1.0;1.0;B01
37590;201500024868;0;7;0;0.0;2.0;1.0;1.0;A01
37591;201500024869;0;30;0;0.0;2.0;1.0;17.0;A01
37592;201500024869;0;7;0;0.0;2.0;3.0;15.0;B01
37593;201500024870;0;7;0;0.0;2.0;1.0;15.0;A01
37594;201500024870;0;1;0;0.0;2.0;1.0;1.0;B01
37595;201500024871;0;7;0;0.0;2.0;4.0;2.0;B01
37596;201500024871;0;10;0;0.0;2.0;1.0;2.0;A01
37597;201500024872;0;1;0;0.0;2.0;1.0;17.0;B01
37598;201500024872;0;7;0;0.0;2.0;3.0;16.0;A01
37599;201500024872;0;1;0;0.0;2.0;1.0;17.0;C01
37600;201500024873;0;7;0;0.0;2.0;6.0;23.0;C01
37601;201500024873;0;7;0;0.0;2.0;1.0;2.0;A01
37602;201500024873;0;7;0;0.0;2.0;4.0;23.0;B01
37603;201500024874;0;7;0;15.0;0.0;1.0;1.0;A01
37604;201500024875;0;7;0;12.0;0.0;9.0;16.0;A01
37605;201500024876;0;7;0;1.0;1.0;4.0;4.0;A01