;Num_Acc;senc;catv;occutc;obs;obsm;choc;manv;num_veh
38449;201500025405;0;1;0;0.0;2.0;0.0;1.0;A01
38450;201500025406;0;7;0;0.0;2.0;2.0;15.0;A01
38451;201500025406;0;2;0;0.0;2.0;1.0;1.0;B01
38452;201500025408;1;7;0;0.0;1.0;2.0;1.0;A01
38453;201500025409;0;2;0;11.0;0.0;1.0;1.0;A01
38454;201500025411;0;7;0;0.0;2.0;3.0;5.0;A01
38455;201500025411;0;33;0;0.0;2.0;1.0;1.0;B01
38456;201500025412;0;7;0;0.0;1.0;0.0;0.0;A01
38457;201500025413;0;7;0;0.0;1.0;1.0;1.0;A01
38458;201500025414;0;30;0;0.0;2.0;1.0;17.0;A01
38459;201500025414;0;7;0;0.0;2.0;8.0;15.0;B01
38460;201500025415;0;3;0;0.0;0.0;9.0;1.0;A01
38461;201500025416;0;7;0;0.0;1.0;2.0;2.0;A01
38462;201500025417;0;10;0;0.0;2.0;6.0;1.0;B01
38463;201500025417;0;7;0;0.0;2.0;1.0;1.0;A01
38464;201500025418;0;7;0;1.0;2.0;2.0;1.0;A01
38465;201500025418;0;1;0;0.0;2.0;1.0;5.0;B01
38466;201500025420;0;7;0;0.0;2.0;4.0;1.0;B01
38467;201500025420;0;1;0;0.0;2.0;1.0;1.0;A01
38468;201500025421;0;7;0;0.0;2.0;2.0;9.0;A01
38469;201500025421;0;1;0;0.0;2.0;1.0;1.0;B01
38470;201500025422;0;33;0;0.0;0.0;8.0;1.0;A01
38471;201500025423;0;1;0;0.0;2.0;1.0;1.0;B01
38472;201500025423;0;7;0;0.0;2.0;3.0;15.0;A01
38473;201500025424;0;33;0;0.0;1.0;1.0;1.0;A01
38474;201500025425;0;7;0;0.0;2.0;9.0;1.0;B01
38475;201500025425;0;7;0;0.0;2.0;4.0;1.0;C01
38476;201500025425;0;10;0;0.0;2.0;1.0;1.0;A01
38477;201500025426;0;10;0;0.0;2.0;1.0;15.0;A01
38478;201500025426;0;1;0;0.0;2.0;1.0;1.0;B01
38479;201500025427;0;7;0;0.0;2.0;1.0;15.0;A01
38480;201500025427;0;1;0;0.0;2.0;8.0;1.0;B01
38481;201500025428;0;2;0;0.0;2.0;8.0;1.0;B01
38482;201500025428;0;1;0;0.0;2.0;1.0;1.0;A01
38483;201500025429;0;7;0;0.0;2.0;1.0;1.0;A01
38484;201500025429;0;7;0;0.0;2.0;8.0;1.0;B01
38485;201500025430;0;7;0;1.0;0.0;2.0;1.0;A01
38486;201500025431;0;7;0;0.0;2.0;1.0;1.0;A01
38487;201500025431;0;7;0;0.0;2.0;4.0;1.0;B01
38488;201500025432;0;7;0;0.0;2.0;2.0;1.0;A01
38489;201500025432;0;34;0;1.0;2.0;3.0;17.0;B01
38490;201500025433;0;7;0;0.0;2.0;8.0;16.0;B01
38491;201500025433;0;30;0;0.0;2.0;1.0;15.0;A01
38492;201500025434;0;10;0;2.0;0.0;1.0;19.0;A01
38493;201500025435;0;30;0;0.0;2.0;1.0;1.0;B01
38494;201500025435;0;7;0;0.0;2.0;3.0;16.0;A01
38495;201500025436;0;7;0;0.0;2.0;2.0;2.0;A01
38496;201500025436;0;7;0;0.0;2.0;4.0;2.0;B01
38497;201500025437;0;7;0;0.0;1.0;3.0;15.0;A01
38498;201500025438;0;7;0;0.0;1.0;2.0;16.0;A01
38499;201500025439;0;7;0;0.0;2.0;2.0;1.0;B01
38500;201500025439;0;30;0;0.0;2.0;1.0;1.0;A01
38501;201500025440;0;33;0;0.0;2.0;1.0;1.0;B01
38502;201500025440;0;7;0;0.0;2.0;3.0;10.0;A01
38503;201500025441;0;7;0;0.0;1.0;1.0;15.0;A01
38504;201500025442;0;7;0;0.0;2.0;3.0;9.0;A01
38505;201500025442;0;30;0;0.0;2.0;7.0;1.0;B01
38506;201500025443;0;1;0;0.0;2.0;1.0;5.0;B01
38507;201500025443;0;7;0;0.0;2.0;3.0;15.0;A01
38508;201500025444;0;33;0;0.0;2.0;7.0;1.0;A01
38509;201500025444;0;7;0;0.0;2.0;2.0;15.0;B01
38510;201500025445;0;7;0;0.0;0.0;1.0;1.0;A01
38511;201500025446;0;2;0;0.0;0.0;1.0;2.0;A01
38512;201500025447;0;7;0;4.0;0.0;0.0;0.0;A01
38513;201500025448;0;7;0;0.0;0.0;4.0;23.0;B01
38514;201500025448;0;7;0;0.0;2.0;1.0;2.0;A01
38515;201500025449;0;2;0;0.0;0.0;0.0;21.0;A01
38516;201500025450;0;7;0;0.0;2.0;3.0;16.0;A01
38517;201500025450;0;7;0;0.0;2.0;2.0;0.0;B01
38518;201500025450;0;7;0;0.0;2.0;3.0;1.0;C01
38519;201500025451;0;7;0;0.0;0.0;0.0;0.0;A01
38520;201500025452;0;34;0;0.0;0.0;8.0;1.0;A01
38521;201500025453;0;1;0;0.0;2.0;2.0;9.0;A01
38522;201500025453;0;7;0;0.0;2.0;2.0;1.0;B01
38523;201500025454;0;2;0;0.0;0.0;0.0;0.0;A01
38524;201500025455;0;2;0;0.0;2.0;4.0;1.0;B01
38525;201500025455;1;7;0;0.0;2.0;1.0;1.0;Z01
38526;201500025456;0;7;0;1.0;1.0;8.0;2.0;A01
38527;201500025457;0;7;0;0.0;0.0;0.0;0.0;B01
38528;201500025457;0;1;0;0.0;0.0;0.0;0.0;A01
38529;201500025459;0;31;0;0.0;0.0;0.0;0.0;A01
38530;201500025460;0;10;0;6.0;0.0;1.0;1.0;A01
38531;201500025461;0;7;0;13.0;0.0;1.0;1.0;A01
38532;201500025462;0;2;0;0.0;0.0;0.0;0.0;A01
38533;201500025463;0;2;0;0.0;0.0;0.0;21.0;A01
38534;201500025464;0;7;0;6.0;2.0;3.0;1.0;B01
38535;201500025464;1;7;0;0.0;0.0;0.0;0.0;A01
38536;201500025467;0;7;0;8.0;0.0;1.0;14.0;A01
38537;201500025468;0;7;0;0.0;1.0;2.0;16.0;A01
38538;201500025470;0;2;0;0.0;1.0;7.0;1.0;A01
38539;201500025470;0;7;0;0.0;2.0;3.0;1.0;B01
38540;201500025471;0;7;0;0.0;2.0;2.0;15.0;A01
38541;201500025471;0;1;0;0.0;2.0;1.0;19.0;B01
38542;201500025472;0;7;0;0.0;1.0;2.0;16.0;A01
38543;201500025474;0;2;0;0.0;0.0;1.0;9.0;A01
38544;201500025475;0;1;0;0.0;2.0;1.0;1.0;A01
38545;201500025476;0;1;0;0.0;2.0;1.0;2.0;B01
38546;201500025476;0;7;0;0.0;2.0;7.0;14.0;A01
38547;201500025477;0;33;0;0.0;2.0;1.0;1.0;B01
38548;201500025477;0;10;0;0.0;2.0;1.0;15.0;A01
38549;201500025478;0;7;0;0.0;2.0;1.0;1.0;B01
38550;201500025478;0;33;0;0.0;2.0;1.0;17.0;A01
38551;201500025479;0;7;0;3.0;0.0;1.0;16.0;A01
38552;201500025480;0;33;0;0.0;2.0;1.0;1.0;B01
38553;201500025480;0;7;0;0.0;2.0;7.0;15.0;A01
38554;201500025481;0;7;0;2.0;0.0;1.0;14.0;A01
38555;201500025482;0;7;0;0.0;1.0;2.0;1.0;A01
38556;201500025484;0;7;0;0.0;2.0;4.0;1.0;B01
38557;201500025484;0;10;0;0.0;2.0;1.0;1.0;A01
38558;201500025485;0;7;0;0.0;1.0;3.0;1.0;A01
38559;201500025486;1;33;0;13.0;0.0;1.0;0.0;A01
38560;201500025487;0;7;0;1.0;2.0;1.0;1.0;A01
38561;201500025487;0;33;0;0.0;2.0;4.0;1.0;B01
38562;201500025489;0;7;0;0.0;1.0;1.0;1.0;A01
38563;201500025490;0;1;0;0.0;2.0;5.0;1.0;B01
38564;201500025490;0;7;0;0.0;2.0;3.0;16.0;A01
38565;201500025491;0;7;0;0.0;2.0;2.0;1.0;A01
38566;201500025491;0;7;0;0.0;2.0;2.0;1.0;B01
38567;201500025492;0;7;0;0.0;2.0;7.0;2.0;B01
38568;201500025492;0;1;0;0.0;2.0;1.0;9.0;A01
38569;201500025493;0;7;0;0.0;2.0;1.0;1.0;A01
38570;201500025493;0;34;0;0.0;2.0;7.0;15.0;B01
38571;201500025494;0;7;0;0.0;2.0;4.0;23.0;C01
38572;201500025494;0;7;0;0.0;2.0;1.0;1.0;A01
38573;201500025494;0;7;0;0.0;2.0;4.0;23.0;B01
38574;201500025495;0;7;0;0.0;0.0;0.0;0.0;B01
38575;201500025495;0;7;0;0.0;2.0;0.0;0.0;A01
38576;201500025497;0;32;0;13.0;0.0;7.0;14.0;A01
38577;201500025498;0;7;0;8.0;0.0;1.0;16.0;A01
38578;201500025499;0;7;0;0.0;2.0;3.0;15.0;B01
38579;201500025499;0;33;0;0.0;2.0;2.0;17.0;A01
38580;201500025500;0;1;0;0.0;2.0;1.0;19.0;B01
38581;201500025500;0;10;0;0.0;2.0;2.0;9.0;A01
38582;201500025502;0;7;0;0.0;2.0;6.0;1.0;B01
38583;201500025502;0;14;0;4.0;2.0;3.0;1.0;A01
38584;201500025503;0;7;0;0.0;2.0;8.0;15.0;A01
38585;201500025503;0;1;0;0.0;2.0;7.0;1.0;B01
38586;201500025504;0;7;0;0.0;2.0;1.0;2.0;B01
38587;201500025504;0;7;0;0.0;2.0;4.0;2.0;A01
38588;201500025505;0;7;0;16.0;0.0;1.0;1.0;A01
38589;201500025506;0;7;0;0.0;0.0;0.0;0.0;A01
38590;201500025506;0;2;0;0.0;0.0;0.0;0.0;B01
38591;201500025508;0;7;0;0.0;0.0;0.0;16.0;A01
38592;201500025509;0;10;0;0.0;2.0;4.0;1.0;B01
38593;201500025509;0;7;0;1.0;2.0;4.0;1.0;C01
38594;201500025509;0;7;0;0.0;2.0;1.0;1.0;A01
38595;201500025510;0;1;0;0.0;2.0;1.0;1.0;B01
38596;201500025510;0;7;0;0.0;2.0;3.0;9.0;A01
38597;201500025511;0;14;0;0.0;2.0;1.0;1.0;A01
38598;201500025511;0;7;0;0.0;2.0;8.0;16.0;B01
38599;201500025512;0;7;0;1.0;0.0;1.0;15.0;A01
38600;201500025513;0;7;0;0.0;2.0;7.0;1.0;B01
38601;201500025513;0;1;0;0.0;2.0;8.0;1.0;A01
38602;201500025514;0;33;0;12.0;0.0;7.0;1.0;A01
38603;201500025515;0;7;0;6.0;0.0;1.0;20.0;A01
38604;201500025516;0;7;0;0.0;2.0;2.0;1.0;A01
38605;201500025516;0;7;0;0.0;2.0;1.0;1.0;B01
38606;201500025517;0;7;0;0.0;2.0;7.0;15.0;A01
38607;201500025517;0;1;0;0.0;0.0;0.0;0.0;B01
38608;201500025518;1;10;0;0.0;0.0;0.0;0.0;A01
38609;201500025518;0;10;0;0.0;2.0;3.0;1.0;B01
38610;201500025519;0;13;0;0.0;2.0;2.0;15.0;A01
38611;201500025519;0;1;0;0.0;2.0;0.0;0.0;B01
38612;201500025520;0;1;0;0.0;0.0;1.0;1.0;A01
38613;201500025521;0;7;0;0.0;4.0;3.0;1.0;A01
38614;201500025521;0;40;28;0.0;2.0;1.0;1.0;B01
38615;201500025522;0;31;0;0.0;0.0;7.0;16.0;A01
38616;201500025523;0;7;0;0.0;2.0;3.0;1.0;A01
38617;201500025523;0;7;0;0.0;2.0;3.0;15.0;B01
38618;201500025524;0;7;0;0.0;2.0;1.0;1.0;A01
38619;201500025524;0;7;0;0.0;2.0;4.0;1.0;B01
38620;201500025526;0;30;0;0.0;2.0;1.0;17.0;A01
38621;201500025526;0;7;0;0.0;2.0;3.0;1.0;B01
38622;201500025527;0;7;0;0.0;2.0;4.0;15.0;B01
38623;201500025527;0;33;0;0.0;2.0;1.0;2.0;A01
38624;201500025528;0;7;0;0.0;2.0;2.0;1.0;B01
38625;201500025528;0;14;0;0.0;2.0;4.0;4.0;A01
38626;201500025529;0;7;0;0.0;1.0;1.0;1.0;A01
38627;201500025532;0;34;0;0.0;2.0;3.0;17.0;A01
38628;201500025532;0;7;0;0.0;0.0;6.0;17.0;B01
38629;201500025533;0;7;0;0.0;2.0;1.0;1.0;A01
38630;201500025533;0;7;0;0.0;2.0;4.0;1.0;B01
38631;201500025534;0;7;0;0.0;2.0;5.0;23.0;C01
38632;201500025534;0;7;0;0.0;2.0;2.0;17.0;A01
38633;201500025534;0;37;12;0.0;2.0;8.0;1.0;B01
38634;201500025535;0;7;0;0.0;1.0;1.0;1.0;A01
38635;201500025536;0;7;0;0.0;1.0;3.0;15.0;A01
38636;201500025537;0;7;0;0.0;2.0;3.0;16.0;B01
38637;201500025537;0;2;0;0.0;2.0;1.0;1.0;A01
38638;201500025538;0;10;0;0.0;2.0;8.0;15.0;B01
38639;201500025538;0;32;0;0.0;2.0;1.0;17.0;A01
38640;201500025539;0;7;0;0.0;1.0;1.0;15.0;A01
38641;201500025540;0;7;0;0.0;0.0;1.0;2.0;A01
38642;201500025540;0;7;0;0.0;0.0;4.0;2.0;B01
38643;201500025541;0;7;0;13.0;0.0;1.0;2.0;A01
38644;201500025543;0;1;0;0.0;0.0;0.0;0.0;A01
38645;201500025544;0;7;0;13.0;0.0;2.0;1.0;A01
38646;201500025545;0;10;0;0.0;2.0;1.0;2.0;A01
38647;201500025545;0;7;0;0.0;0.0;4.0;2.0;B01
38648;201500025547;0;1;0;0.0;0.0;0.0;0.0;A01
38649;201500025548;0;33;0;12.0;0.0;1.0;14.0;A01
38650;201500025549;0;30;0;1.0;0.0;7.0;1.0;A01
38651;201500025550;0;7;0;0.0;2.0;3.0;1.0;B01
38652;201500025550;0;7;0;0.0;2.0;2.0;1.0;A01
38653;201500025551;0;10;0;0.0;9.0;8.0;1.0;A01
38654;201500025552;0;7;0;0.0;2.0;2.0;1.0;A01
38655;201500025552;0;7;0;0.0;2.0;1.0;1.0;B01
38656;201500025553;0;7;0;0.0;1.0;1.0;1.0;A01
38657;201500025554;0;7;0;0.0;2.0;1.0;2.0;A01
38658;201500025554;0;7;0;0.0;2.0;4.0;23.0;B01
38659;201500025554;0;7;0;0.0;0.0;4.0;23.0;C01
38660;201500025555;0;30;0;0.0;0.0;0.0;0.0;A01
38661;201500025556;0;7;0;0.0;1.0;1.0;1.0;A01
38662;201500025557;0;10;0;0.0;2.0;7.0;1.0;B01
38663;201500025557;0;7;0;0.0;2.0;1.0;9.0;A01
38664;201500025559;0;7;0;0.0;1.0;4.0;4.0;A01
38665;201500025560;0;2;0;0.0;1.0;1.0;1.0;A01
38666;201500025562;0;2;0;0.0;2.0;1.0;2.0;A01
38667;201500025562;0;7;0;0.0;2.0;4.0;2.0;B01
38668;201500025563;0;31;0;0.0;0.0;3.0;1.0;A01
38669;201500025564;0;7;0;0.0;2.0;1.0;2.0;A01
38670;201500025564;0;7;0;0.0;0.0;4.0;23.0;B01
38671;201500025565;0;7;0;0.0;2.0;1.0;15.0;A01
38672;201500025565;0;34;0;0.0;2.0;1.0;1.0;B01
38673;201500025566;0;7;0;0.0;1.0;1.0;1.0;A01
38674;201500025568;0;2;0;0.0;0.0;1.0;1.0;A01
38675;201500025569;0;7;0;0.0;2.0;1.0;2.0;A01
38676;201500025569;0;16;0;0.0;2.0;4.0;2.0;B01
38677;201500025570;0;33;0;0.0;2.0;2.0;1.0;B01
38678;201500025570;0;13;0;0.0;2.0;1.0;1.0;A01
38679;201500025571;0;7;0;1.0;2.0;7.0;1.0;B01
38680;201500025571;0;7;0;1.0;2.0;4.0;1.0;A01
38681;201500025572;0;34;0;0.0;0.0;0.0;0.0;A01
38682;201500025573;0;7;0;0.0;2.0;3.0;20.0;A01
38683;201500025573;0;7;0;0.0;2.0;1.0;1.0;B01
38684;201500025574;0;1;0;0.0;2.0;1.0;1.0;B01
38685;201500025574;0;33;0;0.0;2.0;1.0;1.0;A01
38686;201500025575;0;10;0;0.0;1.0;2.0;1.0;A01
38687;201500025576;0;7;0;7.0;2.0;1.0;19.0;A01
38688;201500025576;0;7;0;0.0;2.0;3.0;1.0;B01
38689;201500025578;0;1;0;12.0;0.0;5.0;1.0;A01
38690;201500025579;0;33;0;12.0;0.0;1.0;1.0;A01
38691;201500025580;0;7;0;0.0;1.0;1.0;1.0;A01
38692;201500025581;0;7;0;1.0;0.0;2.0;14.0;A01
38693;201500025582;1;7;0;0.0;1.0;0.0;0.0;Z01
38694;201500025583;0;33;0;13.0;0.0;1.0;1.0;A01
38695;201500025584;0;7;0;0.0;2.0;3.0;1.0;B01
38696;201500025584;0;7;0;0.0;2.0;2.0;9.0;A01
38697;201500025585;0;7;0;0.0;2.0;8.0;1.0;B01
38698;201500025585;0;7;0;0.0;2.0;1.0;1.0;A01
38699;201500025586;0;7;0;0.0;2.0;4.0;23.0;B01
38700;201500025586;0;7;0;0.0;2.0;1.0;1.0;A01
38701;201500025586;0;7;0;0.0;2.0;4.0;23.0;C01
38702;201500025587;0;1;0;0.0;1.0;0.0;0.0;A01
38703;201500025588;0;7;0;0.0;2.0;1.0;16.0;A01
38704;201500025588;0;30;0;0.0;2.0;1.0;0.0;B01
38705;201500025589;0;7;0;0.0;2.0;1.0;2.0;A01
38706;201500025589;0;7;0;0.0;2.0;4.0;2.0;B01
38707;201500025590;0;30;0;0.0;0.0;3.0;1.0;A01
38708;201500025591;0;30;0;0.0;0.0;8.0;1.0;A01
38709;201500025592;0;30;0;0.0;0.0;7.0;2.0;A01
38710;201500025593;0;7;0;0.0;2.0;3.0;9.0;A01
38711;201500025593;0;1;0;0.0;2.0;1.0;2.0;B01
38712;201500025594;0;7;0;0.0;2.0;4.0;23.0;B01
38713;201500025594;0;7;0;0.0;2.0;1.0;2.0;A01
38714;201500025595;0;7;0;0.0;2.0;1.0;1.0;A01
38715;201500025595;0;1;0;0.0;2.0;7.0;19.0;B01
38716;201500025596;0;1;0;0.0;0.0;8.0;1.0;A01
38717;201500025597;0;7;0;0.0;1.0;2.0;1.0;A01
38718;201500025598;0;7;0;0.0;2.0;1.0;1.0;A01
38719;201500025598;0;7;0;0.0;2.0;4.0;1.0;B01
38720;201500025599;1;1;0;0.0;1.0;0.0;0.0;A01
38721;201500025601;0;7;0;4.0;2.0;3.0;1.0;A01
38722;201500025601;0;7;0;0.0;2.0;3.0;1.0;B01
38723;201500025603;0;7;0;0.0;2.0;1.0;1.0;C01
38724;201500025603;0;7;0;0.0;2.0;1.0;19.0;A01
38725;201500025603;0;7;0;0.0;2.0;1.0;1.0;B01
38726;201500025604;0;1;0;0.0;2.0;1.0;1.0;B01
38727;201500025604;0;7;0;0.0;2.0;2.0;1.0;A01
38728;201500025605;0;7;0;0.0;1.0;2.0;1.0;A01
38729;201500025606;0;1;0;0.0;2.0;7.0;19.0;A01
38730;201500025606;0;7;0;0.0;2.0;1.0;1.0;B01
38731;201500025607;0;7;0;0.0;2.0;7.0;15.0;A01
38732;201500025607;0;7;0;0.0;2.0;1.0;1.0;B01
38733;201500025608;0;7;0;0.0;9.0;1.0;5.0;A01
38734;201500025608;0;1;0;0.0;0.0;7.0;0.0;B01
38735;201500025609;0;7;0;0.0;1.0;4.0;4.0;A01
38736;201500025610;0;7;0;0.0;1.0;1.0;1.0;A01
38737;201500025611;0;37;0;0.0;1.0;2.0;1.0;A01
38738;201500025612;0;37;12;0.0;2.0;1.0;1.0;A01
38739;201500025612;0;7;0;0.0;2.0;6.0;1.0;B01
38740;201500025613;0;7;0;0.0;2.0;8.0;1.0;B01
38741;201500025613;0;2;0;0.0;2.0;7.0;17.0;A01
38742;201500025614;0;33;0;0.0;0.0;7.0;1.0;A01
38743;201500025615;0;7;0;0.0;1.0;2.0;17.0;A01
38744;201500025616;0;7;0;0.0;2.0;2.0;1.0;A01
38745;201500025616;0;10;0;0.0;2.0;6.0;16.0;B01
38746;201500025618;0;32;0;0.0;2.0;1.0;1.0;B01
38747;201500025618;0;7;0;0.0;2.0;3.0;15.0;A01
38748;201500025619;0;7;0;0.0;2.0;3.0;9.0;A01
38749;201500025619;0;7;0;0.0;2.0;2.0;1.0;B01
38750;201500025620;0;1;0;0.0;2.0;1.0;5.0;A01
38751;201500025620;0;1;0;0.0;2.0;1.0;1.0;B01
38752;201500025621;0;2;0;0.0;2.0;1.0;1.0;A01
38753;201500025621;0;7;0;0.0;2.0;4.0;1.0;B01
38754;201500025622;0;1;0;0.0;1.0;1.0;2.0;A01
38755;201500025623;0;7;0;0.0;2.0;2.0;2.0;A01
38756;201500025623;0;1;0;0.0;2.0;1.0;2.0;B01
38757;201500025624;0;37;10;1.0;0.0;6.0;1.0;B01
38758;201500025624;0;7;0;0.0;0.0;1.0;1.0;A01
38759;201500025625;0;1;0;0.0;2.0;8.0;19.0;B01
38760;201500025625;0;7;0;0.0;2.0;1.0;1.0;A01
38761;201500025626;0;2;0;0.0;0.0;0.0;1.0;A01
38762;201500025627;0;2;0;0.0;2.0;1.0;1.0;A01
38763;201500025627;0;7;0;1.0;2.0;6.0;1.0;B01
38764;201500025628;0;1;0;0.0;0.0;0.0;0.0;B01
38765;201500025628;1;7;0;0.0;0.0;0.0;0.0;A01
38766;201500025629;0;2;0;0.0;0.0;1.0;1.0;A01
38767;201500025630;0;7;0;0.0;2.0;1.0;1.0;B01
38768;201500025630;0;7;0;0.0;2.0;5.0;1.0;A01
38769;201500025631;0;30;0;8.0;0.0;1.0;15.0;A01
38770;201500025632;0;2;0;0.0;0.0;7.0;15.0;A01
38771;201500025633;0;30;0;0.0;0.0;0.0;1.0;A01
38772;201500025634;0;7;0;0.0;0.0;0.0;0.0;B01
38773;201500025634;0;7;0;0.0;0.0;0.0;0.0;A01
38774;201500025635;0;7;0;0.0;1.0;1.0;0.0;A01
38775;201500025636;0;7;0;0.0;1.0;0.0;0.0;A01
38776;201500025637;0;30;0;0.0;2.0;1.0;0.0;A01
38777;201500025637;0;7;0;0.0;0.0;4.0;0.0;B01
38778;201500025638;0;1;0;0.0;0.0;0.0;12.0;A01
38779;201500025639;0;7;0;0.0;2.0;3.0;1.0;A01
38780;201500025639;0;7;0;0.0;2.0;1.0;1.0;B01
38781;201500025640;0;7;0;0.0;2.0;4.0;2.0;A01
38782;201500025640;0;7;0;0.0;2.0;1.0;2.0;B01
38783;201500025641;0;7;0;0.0;2.0;4.0;15.0;B01
38784;201500025641;0;7;0;0.0;2.0;1.0;1.0;A01
38785;201500025642;0;2;0;12.0;0.0;8.0;1.0;A01
38786;201500025644;0;1;0;0.0;2.0;1.0;1.0;A01
38787;201500025644;0;7;0;0.0;2.0;5.0;1.0;B01
38788;201500025645;0;33;0;0.0;0.0;8.0;1.0;A01
38789;201500025647;0;7;0;0.0;2.0;1.0;1.0;A01
38790;201500025647;0;7;0;0.0;2.0;8.0;1.0;B01
38791;201500025648;0;7;0;1.0;0.0;2.0;1.0;A01
38792;201500025649;0;7;0;0.0;2.0;4.0;1.0;B01
38793;201500025649;0;7;0;0.0;2.0;1.0;1.0;A01
38794;201500025650;0;7;0;0.0;0.0;7.0;21.0;A01
38795;201500025651;0;7;0;0.0;2.0;1.0;2.0;A01
38796;201500025651;0;7;0;0.0;2.0;4.0;2.0;B01
38797;201500025653;0;7;0;0.0;1.0;1.0;1.0;A01
38798;201500025654;0;7;0;0.0;2.0;3.0;1.0;A01
38799;201500025654;0;7;0;0.0;2.0;3.0;1.0;B01
38800;201500025656;0;13;0;0.0;2.0;1.0;1.0;B01
38801;201500025656;0;7;0;0.0;2.0;7.0;1.0;A01
38802;201500025657;0;7;0;0.0;1.0;3.0;1.0;A01
38803;201500025659;0;7;0;0.0;2.0;3.0;1.0;B01
38804;201500025659;0;30;0;0.0;2.0;1.0;1.0;A01
38805;201500025660;0;7;0;0.0;2.0;2.0;1.0;A01
38806;201500025660;0;7;0;0.0;2.0;3.0;1.0;C01
38807;201500025660;0;13;0;0.0;2.0;1.0;1.0;B01
38808;201500025661;0;7;0;0.0;2.0;1.0;2.0;A01
38809;201500025661;0;1;0;0.0;2.0;8.0;19.0;B01
38810;201500025662;0;7;0;0.0;1.0;3.0;20.0;A01
38811;201500025663;0;7;0;0.0;2.0;8.0;1.0;B01
38812;201500025663;0;32;0;0.0;2.0;1.0;1.0;A01
38813;201500025664;0;7;0;7.0;0.0;9.0;1.0;A01
38814;201500025665;0;7;0;0.0;1.0;1.0;13.0;A01
38815;201500025666;0;7;0;0.0;9.0;2.0;0.0;A01
38816;201500025666;0;1;0;0.0;0.0;0.0;0.0;B01
38817;201500025667;0;7;0;0.0;1.0;2.0;1.0;A01
38818;201500025668;0;30;0;0.0;2.0;1.0;5.0;A01
38819;201500025668;0;7;0;0.0;2.0;1.0;15.0;B01
38820;201500025669;0;7;0;0.0;2.0;0.0;0.0;A01
38821;201500025669;0;30;0;0.0;0.0;0.0;0.0;B01
38822;201500025670;0;7;0;0.0;0.0;0.0;0.0;B01
38823;201500025670;0;7;0;0.0;0.0;4.0;2.0;A01
38824;201500025671;0;33;0;0.0;2.0;1.0;1.0;B01
38825;201500025671;0;1;0;0.0;2.0;8.0;19.0;A01
38826;201500025672;0;7;0;0.0;2.0;4.0;0.0;B01
38827;201500025672;0;7;0;0.0;2.0;1.0;2.0;A01
38828;201500025674;0;7;0;0.0;2.0;1.0;1.0;A01
38829;201500025674;0;7;0;0.0;2.0;4.0;15.0;B01
38830;201500025675;0;7;0;0.0;2.0;1.0;1.0;A01
38831;201500025675;0;7;0;0.0;2.0;8.0;0.0;B01
38832;201500025676;0;7;0;0.0;2.0;1.0;2.0;B01
38833;201500025676;0;7;0;0.0;2.0;4.0;23.0;A01
38834;201500025676;0;7;0;0.0;2.0;1.0;2.0;C01
38835;201500025677;0;30;0;14.0;0.0;1.0;1.0;A01
38836;201500025678;0;33;0;0.0;2.0;9.0;1.0;B01
38837;201500025678;0;15;0;0.0;2.0;1.0;15.0;A01
38838;201500025679;0;7;0;0.0;2.0;3.0;9.0;A01
38839;201500025679;0;31;0;0.0;2.0;7.0;1.0;B01
38840;201500025680;0;7;0;0.0;2.0;1.0;1.0;B01
38841;201500025680;0;7;0;0.0;2.0;8.0;9.0;A01
38842;201500025682;0;7;0;0.0;2.0;1.0;1.0;B01
38843;201500025682;0;7;0;0.0;2.0;1.0;15.0;A01
38844;201500025683;0;10;0;0.0;2.0;1.0;1.0;B01
38845;201500025683;0;10;0;0.0;2.0;2.0;15.0;A01
38846;201500025684;0;7;0;0.0;1.0;8.0;1.0;A01
38847;201500025685;0;31;0;0.0;2.0;1.0;1.0;B01
38848;201500025685;0;7;0;0.0;2.0;3.0;15.0;A01
38849;201500025686;0;7;0;0.0;2.0;0.0;0.0;A01
38850;201500025686;0;7;0;0.0;2.0;1.0;2.0;B01
38851;201500025686;0;7;0;0.0;2.0;8.0;0.0;C01
38852;201500025687;1;30;0;0.0;1.0;0.0;0.0;A01
38853;201500025688;0;30;0;11.0;0.0;3.0;13.0;A01
38854;201500025689;0;7;0;0.0;0.0;0.0;0.0;A01
38855;201500025689;0;7;0;0.0;0.0;0.0;0.0;B01
38856;201500025690;0;7;0;0.0;2.0;1.0;1.0;B01
38857;201500025690;0;7;0;0.0;2.0;3.0;1.0;C01
38858;201500025690;0;7;0;4.0;2.0;3.0;11.0;A01
38859;201500025691;0;7;0;0.0;2.0;2.0;1.0;B01
38860;201500025691;0;7;0;0.0;2.0;5.0;4.0;A01
38861;201500025692;0;7;0;0.0;2.0;3.0;1.0;B01
38862;201500025692;0;7;0;0.0;2.0;3.0;5.0;A01
38863;201500025693;0;33;0;0.0;0.0;6.0;1.0;A01
38864;201500025694;0;1;0;9.0;0.0;8.0;1.0;A01
38865;201500025695;0;10;0;0.0;2.0;3.0;9.0;A01
38866;201500025695;0;1;0;0.0;2.0;1.0;1.0;B01
38867;201500025696;0;10;0;1.0;0.0;1.0;15.0;A01
38868;201500025697;0;7;0;0.0;1.0;3.0;1.0;A01
38869;201500025699;0;7;0;0.0;0.0;4.0;23.0;B01