;Num_Acc;senc;catv;occutc;obs;obsm;choc;manv;num_veh
39291;201500025997;0;30;0;0.0;2.0;1.0;1.0;B01
39292;201500025998;0;7;0;0.0;1.0;0.0;0.0;A01
39293;201500025999;0;33;0;0.0;2.0;7.0;1.0;B01
39294;201500025999;0;7;0;0.0;2.0;1.0;19.0;A01
39295;201500026000;0;7;0;0.0;2.0;4.0;23.0;B01
39296;201500026000;0;30;0;0.0;2.0;1.0;2.0;A01
39297;201500026001;0;7;0;0.0;2.0;1.0;16.0;A01
39298;201500026001;0;7;0;1.0;2.0;8.0;1.0;B01
39299;201500026002;0;7;0;0.0;2.0;3.0;15.0;A01
39300;201500026002;0;7;0;0.0;2.0;3.0;16.0;B01
39301;201500026003;0;7;0;1.0;1.0;4.0;4.0;A01
39302;201500026004;0;7;0;0.0;1.0;1.0;1.0;A01
39303;201500026005;0;37;0;0.0;1.0;0.0;0.0;A01
39304;201500026006;0;7;0;0.0;1.0;3.0;1.0;A01
39305;201500026007;0;7;0;12.0;0.0;2.0;14.0;A01
39306;201500026008;0;7;0;0.0;1.0;2.0;16.0;A01
39307;201500026009;0;7;0;0.0;2.0;2.0;1.0;B01
39308;201500026009;0;7;0;0.0;2.0;5.0;15.0;A01
39309;201500026010;0;7;0;0.0;1.0;4.0;23.0;A01
39310;201500026011;0;7;0;15.0;0.0;9.0;14.0;A01
39311;201500026012;0;30;0;14.0;2.0;1.0;2.0;A01
39312;201500026012;0;7;0;0.0;2.0;6.0;2.0;B01
39313;201500026013;0;7;0;0.0;2.0;3.0;16.0;A01
39314;201500026013;0;30;0;0.0;2.0;5.0;14.0;B01
39315;201500026014;0;7;0;0.0;2.0;8.0;13.0;A01
39316;201500026014;0;14;0;0.0;2.0;1.0;1.0;B01
39317;201500026015;0;7;0;0.0;2.0;3.0;9.0;A01
39318;201500026015;0;1;0;0.0;2.0;1.0;15.0;B01
39319;201500026016;0;7;0;0.0;2.0;1.0;2.0;A01
39320;201500026016;0;7;0;0.0;2.0;4.0;2.0;B01
39321;201500026017;0;7;0;0.0;0.0;0.0;2.0;A01
39322;201500026019;0;7;0;0.0;1.0;2.0;1.0;A01
39323;201500026020;1;7;0;0.0;1.0;2.0;16.0;Z01
39324;201500026021;0;1;0;0.0;2.0;7.0;0.0;B01
39325;201500026021;0;7;0;0.0;9.0;6.0;19.0;A01
39326;201500026022;0;7;0;0.0;1.0;1.0;19.0;A01
39327;201500026024;0;10;0;0.0;1.0;1.0;0.0;A01
39328;201500026025;0;7;0;0.0;2.0;1.0;17.0;A01
39329;201500026025;0;17;0;0.0;2.0;3.0;1.0;B01
39330;201500026026;0;7;0;0.0;1.0;5.0;4.0;A01
39331;201500026028;0;7;0;0.0;1.0;2.0;1.0;A01
39332;201500026029;0;7;0;0.0;1.0;3.0;1.0;A01
39333;201500026030;0;7;0;0.0;1.0;3.0;15.0;A01
39334;201500026031;0;7;0;0.0;1.0;1.0;15.0;A01
39335;201500026032;0;7;0;0.0;2.0;1.0;1.0;B01
39336;201500026032;0;7;0;0.0;2.0;8.0;15.0;A01
39337;201500026033;0;7;0;0.0;1.0;3.0;1.0;A01
39338;201500026035;0;33;0;0.0;2.0;1.0;1.0;A01
39339;201500026035;0;7;0;0.0;2.0;5.0;0.0;B01
39340;201500026037;0;7;0;8.0;0.0;3.0;14.0;A01
39341;201500026038;0;7;0;0.0;1.0;3.0;15.0;A01
39342;201500026039;0;7;0;0.0;1.0;2.0;0.0;A01
39343;201500026040;0;7;0;0.0;1.0;2.0;0.0;A01
39344;201500026041;0;7;0;6.0;0.0;9.0;0.0;A01
39345;201500026043;0;7;0;16.0;0.0;0.0;1.0;A01
39346;201500026044;0;30;0;0.0;2.0;1.0;1.0;A01
39347;201500026044;0;7;0;0.0;2.0;2.0;15.0;B01
39348;201500026045;0;7;0;0.0;2.0;7.0;15.0;A01
39349;201500026045;0;33;0;0.0;2.0;1.0;1.0;B01
39350;201500026046;0;7;0;0.0;2.0;1.0;2.0;A01
39351;201500026046;0;7;0;0.0;0.0;4.0;23.0;B01
39352;201500026047;0;2;0;0.0;2.0;1.0;17.0;A01
39353;201500026047;0;7;0;0.0;0.0;3.0;15.0;B01
39354;201500026048;0;2;0;0.0;2.0;1.0;9.0;A01
39355;201500026048;0;7;0;0.0;2.0;2.0;1.0;B01
39356;201500026049;0;10;0;0.0;2.0;1.0;15.0;A01
39357;201500026049;0;1;0;0.0;2.0;8.0;19.0;B01
39358;201500026050;0;7;0;0.0;1.0;3.0;1.0;A01
39359;201500026051;0;2;0;8.0;0.0;1.0;1.0;A01
39360;201500026052;0;33;0;0.0;2.0;1.0;1.0;A01
39361;201500026052;0;7;0;0.0;0.0;6.0;13.0;B01
39362;201500026053;0;7;0;0.0;2.0;7.0;15.0;A01
39363;201500026053;0;36;0;0.0;2.0;1.0;1.0;B01
39364;201500026054;0;7;0;0.0;1.0;1.0;1.0;A01
39365;201500026055;0;7;0;0.0;1.0;6.0;4.0;A01
39366;201500026056;0;7;0;0.0;1.0;1.0;9.0;A01
39367;201500026057;0;7;0;0.0;2.0;1.0;1.0;A01
39368;201500026057;0;14;0;0.0;2.0;6.0;15.0;B01
39369;201500026058;0;31;0;0.0;2.0;1.0;17.0;A01
39370;201500026058;0;7;0;0.0;2.0;6.0;1.0;B01
39371;201500026059;0;7;0;0.0;1.0;0.0;0.0;A01
39372;201500026060;0;7;0;0.0;1.0;1.0;1.0;A01
39373;201500026061;0;2;0;0.0;2.0;1.0;0.0;A01
39374;201500026061;0;7;0;0.0;2.0;4.0;16.0;B01
39375;201500026062;0;7;0;0.0;2.0;1.0;2.0;A01
39376;201500026062;0;10;0;0.0;2.0;4.0;2.0;B01
39377;201500026063;0;1;0;0.0;0.0;0.0;2.0;A01
39378;201500026063;0;37;4;0.0;0.0;0.0;17.0;B01
39379;201500026064;0;7;0;0.0;2.0;2.0;16.0;A01
39380;201500026064;0;2;0;0.0;2.0;1.0;1.0;B01
39381;201500026065;0;7;0;0.0;2.0;8.0;10.0;A01
39382;201500026065;0;7;0;0.0;2.0;3.0;1.0;B01
39383;201500026066;0;7;0;0.0;2.0;3.0;15.0;A01
39384;201500026066;0;30;0;0.0;2.0;1.0;16.0;B01
39385;201500026068;0;7;0;0.0;2.0;8.0;0.0;A01
39386;201500026068;0;1;0;1.0;0.0;1.0;0.0;B01
39387;201500026069;0;7;0;0.0;2.0;3.0;22.0;A01
39388;201500026069;0;1;0;1.0;0.0;1.0;0.0;B01
39389;201500026070;0;7;0;0.0;2.0;3.0;13.0;A01
39390;201500026070;0;7;0;0.0;2.0;3.0;1.0;B01
39391;201500026070;0;7;0;0.0;2.0;3.0;1.0;C01
39392;201500026071;0;33;0;0.0;2.0;1.0;1.0;B01
39393;201500026071;0;7;0;0.0;2.0;8.0;0.0;A01
39394;201500026072;0;7;0;0.0;2.0;2.0;5.0;A01
39395;201500026072;0;7;0;0.0;2.0;2.0;0.0;B01
39396;201500026073;0;7;0;0.0;1.0;1.0;16.0;A01
39397;201500026074;0;7;0;0.0;2.0;1.0;15.0;A01
39398;201500026074;0;7;0;0.0;2.0;2.0;1.0;B01
39399;201500026075;0;7;0;0.0;2.0;2.0;16.0;A01
39400;201500026075;0;1;0;0.0;2.0;1.0;1.0;B01
39401;201500026076;0;37;2;0.0;2.0;3.0;1.0;B01
39402;201500026076;0;7;0;0.0;2.0;3.0;16.0;A01
39403;201500026077;0;7;0;0.0;2.0;1.0;2.0;A01
39404;201500026077;0;7;0;0.0;2.0;4.0;2.0;B01
39405;201500026078;1;14;0;0.0;0.0;0.0;0.0;A01
39406;201500026078;0;33;0;12.0;0.0;1.0;21.0;B01
39407;201500026079;0;7;0;0.0;0.0;0.0;0.0;A01
39408;201500026079;0;1;0;0.0;0.0;0.0;0.0;B01
39409;201500026080;0;7;0;0.0;1.0;1.0;1.0;A01
39410;201500026081;0;7;0;0.0;2.0;1.0;13.0;A01
39411;201500026081;0;7;0;0.0;2.0;1.0;1.0;B01
39412;201500026082;0;7;0;0.0;2.0;5.0;6.0;A01
39413;201500026082;0;7;0;0.0;2.0;1.0;1.0;B01
39414;201500026082;0;7;0;0.0;2.0;3.0;1.0;C01
39415;201500026083;0;7;0;0.0;0.0;0.0;0.0;A01
39416;201500026084;0;7;0;0.0;2.0;1.0;6.0;A01
39417;201500026084;0;7;0;0.0;2.0;1.0;15.0;B01
39418;201500026085;0;37;0;0.0;2.0;3.0;0.0;B01
39419;201500026085;0;7;0;0.0;2.0;7.0;16.0;A01
39420;201500026086;0;7;0;0.0;2.0;1.0;2.0;B01
39421;201500026086;0;7;0;0.0;2.0;1.0;2.0;D01
39422;201500026086;0;10;0;0.0;2.0;4.0;2.0;A01
39423;201500026086;0;7;0;0.0;2.0;1.0;2.0;C01
39424;201500026087;0;7;0;0.0;2.0;1.0;2.0;A01
39425;201500026087;0;7;0;0.0;0.0;4.0;2.0;B01
39426;201500026088;0;7;0;0.0;2.0;1.0;2.0;A01
39427;201500026088;0;7;0;0.0;2.0;4.0;1.0;B01
39428;201500026089;0;7;0;0.0;0.0;9.0;1.0;A01
39429;201500026090;0;30;0;0.0;2.0;4.0;1.0;B01
39430;201500026090;0;7;0;0.0;2.0;1.0;2.0;A01
39431;201500026091;0;7;0;0.0;1.0;3.0;1.0;A01
39432;201500026092;0;7;0;15.0;0.0;1.0;1.0;A01
39433;201500026093;0;7;0;0.0;2.0;1.0;17.0;A01
39434;201500026093;0;7;0;0.0;2.0;1.0;1.0;B01
39435;201500026094;0;2;0;0.0;2.0;1.0;5.0;A01
39436;201500026094;0;7;0;0.0;2.0;1.0;1.0;B01
39437;201500026095;0;7;0;0.0;2.0;1.0;2.0;A01
39438;201500026095;0;7;0;0.0;2.0;4.0;2.0;B01
39439;201500026096;0;7;0;0.0;1.0;0.0;0.0;A01
39440;201500026097;0;7;0;0.0;2.0;6.0;23.0;B01
39441;201500026097;0;33;0;0.0;2.0;1.0;17.0;A01
39442;201500026098;0;33;0;0.0;2.0;1.0;1.0;B01
39443;201500026098;0;99;0;0.0;2.0;3.0;15.0;A01
39444;201500026099;0;7;0;0.0;2.0;4.0;2.0;B01
39445;201500026099;0;1;0;0.0;2.0;1.0;2.0;A01
39446;201500026100;0;7;0;0.0;2.0;5.0;2.0;B01
39447;201500026100;0;7;0;0.0;2.0;4.0;23.0;C01
39448;201500026100;0;7;0;0.0;2.0;3.0;2.0;A01
39449;201500026101;1;7;0;0.0;2.0;0.0;0.0;A01
39450;201500026101;0;33;0;0.0;2.0;1.0;16.0;B01
39451;201500026102;0;7;0;0.0;2.0;6.0;9.0;A01
39452;201500026102;0;33;0;0.0;2.0;1.0;1.0;B01
39453;201500026103;0;7;0;0.0;1.0;0.0;0.0;A01
39454;201500026104;0;7;0;0.0;2.0;4.0;23.0;B01
39455;201500026104;0;7;0;0.0;2.0;1.0;2.0;A01
39456;201500026105;0;2;0;0.0;0.0;0.0;0.0;A01
39457;201500026106;0;7;0;0.0;2.0;3.0;15.0;A01
39458;201500026106;0;1;0;0.0;2.0;1.0;1.0;B01
39459;201500026107;0;7;0;0.0;1.0;0.0;0.0;A01
39460;201500026108;0;7;0;6.0;2.0;2.0;15.0;A01
39461;201500026108;0;33;0;0.0;2.0;1.0;1.0;B01
39462;201500026109;0;7;0;0.0;1.0;1.0;0.0;A01
39463;201500026110;0;7;0;0.0;2.0;0.0;0.0;A01
39464;201500026110;0;33;0;0.0;2.0;0.0;0.0;B01
39465;201500026111;0;1;0;0.0;2.0;2.0;1.0;A01
39466;201500026111;0;7;0;0.0;2.0;1.0;1.0;B01
39467;201500026112;0;7;0;0.0;1.0;0.0;0.0;A01
39468;201500026113;0;7;0;0.0;2.0;1.0;2.0;A01
39469;201500026113;0;7;0;0.0;2.0;4.0;2.0;B01
39470;201500026114;0;10;0;13.0;0.0;0.0;21.0;A01
39471;201500026115;0;1;0;14.0;0.0;0.0;1.0;A01
39472;201500026116;0;7;0;0.0;2.0;1.0;15.0;A01
39473;201500026116;0;7;0;0.0;2.0;3.0;1.0;B01
39474;201500026118;0;7;0;0.0;0.0;0.0;0.0;A01
39475;201500026118;0;7;0;0.0;0.0;0.0;0.0;B01
39476;201500026119;0;30;0;0.0;0.0;0.0;0.0;A01
39477;201500026119;0;10;0;0.0;0.0;0.0;0.0;B01
39478;201500026120;0;7;0;0.0;0.0;0.0;0.0;A01
39479;201500026120;0;30;0;0.0;0.0;0.0;0.0;B01
39480;201500026121;0;7;0;0.0;0.0;0.0;0.0;A01
39481;201500026121;0;1;0;0.0;0.0;0.0;0.0;B01
39482;201500026122;0;7;0;0.0;2.0;2.0;15.0;A01
39483;201500026122;0;32;0;0.0;2.0;1.0;1.0;B01
39484;201500026123;0;37;1;0.0;1.0;0.0;7.0;A01
39485;201500026124;0;7;0;0.0;1.0;0.0;0.0;A01
39486;201500026125;0;7;0;0.0;1.0;1.0;0.0;A01
39487;201500026126;0;10;0;0.0;0.0;0.0;0.0;A01
39488;201500026126;0;7;0;0.0;0.0;0.0;0.0;B01
39489;201500026127;0;7;0;0.0;2.0;1.0;15.0;A01
39490;201500026127;0;7;0;0.0;2.0;1.0;1.0;B01
39491;201500026128;0;7;0;0.0;0.0;0.0;0.0;A01
39492;201500026128;0;15;0;0.0;0.0;0.0;0.0;B01
39493;201500026129;0;7;0;6.0;0.0;2.0;14.0;A01
39494;201500026130;1;7;0;0.0;0.0;1.0;17.0;A01
39495;201500026130;0;7;0;0.0;2.0;8.0;0.0;B01
39496;201500026131;0;7;0;0.0;0.0;0.0;0.0;A01
39497;201500026131;0;7;0;0.0;0.0;0.0;0.0;B01
39498;201500026132;0;7;0;0.0;0.0;0.0;0.0;A01
39499;201500026132;0;7;0;0.0;0.0;0.0;0.0;B01
39500;201500026133;0;7;0;0.0;0.0;9.0;0.0;A01
39501;201500026134;0;7;0;0.0;2.0;4.0;0.0;A01
39502;201500026134;0;7;0;0.0;2.0;1.0;0.0;B01
39503;201500026135;0;7;0;0.0;0.0;0.0;0.0;A01
39504;201500026135;0;7;0;0.0;0.0;0.0;0.0;B01
39505;201500026135;0;7;0;0.0;0.0;0.0;0.0;C01
39506;201500026135;0;7;0;0.0;0.0;0.0;0.0;D01
39507;201500026135;0;7;0;0.0;0.0;0.0;0.0;E01
39508;201500026136;0;7;0;0.0;2.0;1.0;2.0;A01
39509;201500026136;0;7;0;0.0;2.0;4.0;2.0;B01
39510;201500026136;0;7;0;0.0;2.0;4.0;2.0;C01
39511;201500026138;0;33;0;0.0;0.0;0.0;0.0;A01
39512;201500026138;0;7;0;0.0;0.0;0.0;0.0;B01
39513;201500026139;0;7;0;0.0;2.0;1.0;0.0;B01
39514;201500026139;0;7;0;0.0;2.0;8.0;0.0;A01
39515;201500026140;0;7;0;0.0;0.0;0.0;0.0;A01
39516;201500026140;0;7;0;0.0;0.0;0.0;0.0;B01
39517;201500026140;0;7;0;0.0;0.0;0.0;0.0;C01
39518;201500026141;0;7;0;0.0;0.0;0.0;0.0;A01
39519;201500026141;0;7;0;0.0;0.0;0.0;0.0;B01
39520;201500026142;0;7;0;0.0;0.0;0.0;0.0;A01
39521;201500026142;0;7;0;0.0;0.0;0.0;0.0;B01
39522;201500026143;0;7;0;0.0;1.0;0.0;0.0;A01
39523;201500026144;0;7;0;0.0;2.0;1.0;13.0;A01
39524;201500026144;0;7;0;0.0;2.0;1.0;1.0;B01
39525;201500026144;0;7;0;0.0;2.0;7.0;21.0;C01
39526;201500026145;0;7;0;0.0;1.0;3.0;15.0;A01
39527;201500026146;0;7;0;0.0;2.0;0.0;0.0;A01
39528;201500026146;0;7;0;0.0;2.0;0.0;0.0;B01
39529;201500026147;0;2;0;0.0;2.0;8.0;1.0;A01
39530;201500026147;0;7;0;0.0;2.0;1.0;9.0;B01
39531;201500026148;0;2;0;0.0;2.0;1.0;2.0;A01
39532;201500026148;0;7;0;0.0;2.0;6.0;23.0;B01
39533;201500026150;0;7;0;0.0;1.0;0.0;0.0;A01
39534;201500026151;0;7;0;0.0;0.0;0.0;0.0;A01
39535;201500026151;0;7;0;0.0;0.0;0.0;0.0;B01
39536;201500026152;0;1;0;0.0;2.0;1.0;1.0;B01
39537;201500026152;0;7;0;0.0;2.0;3.0;15.0;A01
39538;201500026153;0;7;0;13.0;0.0;1.0;1.0;A01
39539;201500026154;0;7;0;0.0;0.0;0.0;0.0;A01
39540;201500026154;0;7;0;0.0;0.0;0.0;0.0;B01
39541;201500026155;0;7;0;3.0;0.0;0.0;0.0;A01
39542;201500026156;0;7;0;0.0;2.0;3.0;2.0;A01
39543;201500026156;0;10;0;0.0;2.0;5.0;0.0;B01
39544;201500026157;0;14;0;0.0;2.0;1.0;2.0;A01
39545;201500026157;0;7;0;0.0;2.0;4.0;23.0;B01
39546;201500026158;0;7;0;0.0;1.0;1.0;1.0;A01
39547;201500026159;0;7;0;13.0;0.0;9.0;1.0;A01
39548;201500026160;0;7;0;0.0;1.0;2.0;2.0;A01
39549;201500026161;0;7;0;0.0;2.0;3.0;9.0;A01
39550;201500026161;0;30;0;0.0;2.0;1.0;2.0;B01
39551;201500026162;0;7;0;0.0;1.0;5.0;16.0;A01
39552;201500026163;0;33;0;0.0;2.0;1.0;1.0;A01
39553;201500026163;0;7;0;0.0;2.0;4.0;1.0;B01
39554;201500026164;0;7;0;0.0;1.0;1.0;15.0;A01
39555;201500026168;1;7;0;0.0;2.0;0.0;13.0;A01
39556;201500026168;0;2;0;0.0;2.0;7.0;0.0;B01
39557;201500026169;0;14;0;13.0;0.0;1.0;1.0;A01
39558;201500026170;0;33;0;0.0;2.0;1.0;17.0;A01
39559;201500026170;0;7;0;0.0;2.0;3.0;0.0;B01
39560;201500026171;1;7;0;0.0;2.0;1.0;2.0;A01
39561;201500026171;0;30;0;0.0;2.0;4.0;20.0;B01
39562;201500026173;0;33;0;12.0;0.0;1.0;0.0;A01
39563;201500026174;0;7;0;0.0;2.0;8.0;15.0;A01
39564;201500026174;0;2;0;0.0;2.0;1.0;1.0;B01
39565;201500026176;0;7;0;0.0;2.0;2.0;17.0;A01
39566;201500026176;0;30;0;0.0;2.0;8.0;1.0;B01
39567;201500026177;0;7;0;7.0;0.0;1.0;13.0;A01
39568;201500026177;0;7;0;0.0;2.0;1.0;23.0;C01
39569;201500026177;0;7;0;0.0;2.0;1.0;23.0;B01
39570;201500026178;0;7;0;0.0;2.0;3.0;13.0;A01
39571;201500026178;0;7;0;0.0;2.0;3.0;15.0;B01
39572;201500026179;0;7;0;0.0;0.0;0.0;0.0;A01
39573;201500026180;1;7;0;0.0;2.0;1.0;13.0;A01
39574;201500026180;0;30;0;0.0;2.0;1.0;0.0;B01
39575;201500026181;0;7;0;0.0;2.0;5.0;23.0;B01
39576;201500026181;0;2;0;0.0;2.0;1.0;17.0;A01
39577;201500026184;0;7;0;0.0;1.0;7.0;0.0;A01
39578;201500026185;1;1;0;0.0;0.0;0.0;0.0;A01
39579;201500026185;0;7;0;0.0;2.0;6.0;15.0;B01
39580;201500026186;0;7;0;0.0;2.0;8.0;15.0;A01
39581;201500026186;0;33;0;0.0;2.0;1.0;17.0;B01
39582;201500026187;0;1;0;0.0;2.0;1.0;13.0;A01
39583;201500026187;0;7;0;0.0;2.0;8.0;0.0;B01
39584;201500026188;0;7;0;0.0;2.0;4.0;2.0;B01
39585;201500026188;0;7;0;0.0;2.0;1.0;2.0;A01
39586;201500026189;0;7;0;0.0;2.0;1.0;0.0;B01
39587;201500026189;0;7;0;0.0;2.0;7.0;0.0;A01
39588;201500026190;0;33;0;13.0;0.0;0.0;0.0;A01
39589;201500026192;1;7;0;0.0;2.0;0.0;0.0;B01
39590;201500026192;1;99;0;0.0;2.0;0.0;0.0;A01
39591;201500026192;0;7;0;0.0;2.0;0.0;0.0;C01
39592;201500026193;0;31;0;0.0;2.0;1.0;17.0;A01
39593;201500026193;0;7;0;0.0;2.0;8.0;15.0;B01
39594;201500026194;0;7;0;0.0;2.0;2.0;15.0;A01
39595;201500026194;0;7;0;0.0;2.0;1.0;0.0;B01
39596;201500026194;0;7;0;0.0;2.0;1.0;0.0;C01
39597;201500026195;0;7;0;0.0;1.0;1.0;1.0;A01
39598;201500026196;0;1;0;0.0;2.0;1.0;0.0;B01
39599;201500026196;0;10;0;0.0;2.0;2.0;15.0;A01
39600;201500026197;0;7;0;0.0;1.0;1.0;0.0;A01
39601;201500026198;0;37;0;0.0;2.0;3.0;0.0;B01
39602;201500026198;0;7;0;0.0;2.0;7.0;9.0;A01
39603;201500026199;0;33;0;0.0;2.0;1.0;17.0;A01
39604;201500026199;0;37;0;0.0;2.0;8.0;15.0;B01
39605;201500026200;0;7;0;0.0;1.0;1.0;0.0;A01
39606;201500026203;0;7;0;0.0;2.0;1.0;0.0;B01
39607;201500026203;0;10;0;0.0;2.0;7.0;0.0;A01
39608;201500026204;0;7;0;0.0;2.0;1.0;0.0;A01
39609;201500026204;0;30;0;0.0;2.0;1.0;0.0;B01
39610;201500026205;0;7;0;0.0;2.0;8.0;0.0;B01
39611;201500026205;0;7;0;0.0;2.0;8.0;13.0;A01
39612;201500026206;0;7;0;0.0;2.0;7.0;13.0;A01
39613;201500026206;0;7;0;0.0;2.0;7.0;0.0;B01
39614;201500026207;0;7;0;7.0;0.0;1.0;0.0;A01
39615;201500026208;0;7;0;0.0;2.0;3.0;13.0;A01
39616;201500026208;0;7;0;0.0;2.0;8.0;0.0;B01
39617;201500026209;0;7;0;0.0;1.0;1.0;0.0;A01
39618;201500026210;0;1;0;0.0;2.0;7.0;0.0;B01
39619;201500026210;0;7;0;0.0;2.0;1.0;0.0;A01
39620;201500026211;0;7;0;0.0;1.0;0.0;0.0;A01
39621;201500026212;0;7;0;0.0;1.0;2.0;0.0;A01
39622;201500026213;0;99;0;0.0;2.0;1.0;0.0;A01
39623;201500026213;0;7;0;0.0;2.0;7.0;15.0;B01
39624;201500026214;0;7;0;0.0;1.0;1.0;15.0;A01
39625;201500026215;0;10;0;0.0;1.0;4.0;4.0;A01
39626;201500026216;0;7;0;0.0;2.0;3.0;1.0;B01
39627;201500026216;0;7;0;0.0;2.0;1.0;2.0;A01
39628;201500026217;0;7;0;0.0;2.0;4.0;23.0;C01
39629;201500026217;0;7;0;0.0;2.0;6.0;23.0;B01
39630;201500026217;0;7;0;0.0;2.0;1.0;2.0;A01
39631;201500026218;0;7;0;0.0;1.0;1.0;21.0;A01
39632;201500026219;0;7;0;0.0;2.0;7.0;0.0;B01
39633;201500026219;0;7;0;0.0;2.0;1.0;9.0;A01
39634;201500026220;0;7;0;0.0;1.0;1.0;1.0;A01
39635;201500026221;0;7;0;0.0;1.0;1.0;0.0;A01
39636;201500026222;0;7;0;0.0;1.0;3.0;1.0;A01
39637;201500026223;0;7;0;0.0;1.0;1.0;1.0;A01
39638;201500026224;0;2;0;0.0;2.0;8.0;1.0;A01
39639;201500026224;0;7;0;0.0;2.0;3.0;15.0;B01
39640;201500026225;0;7;0;0.0;2.0;3.0;5.0;B01
39641;201500026225;0;7;0;0.0;2.0;3.0;1.0;A01
39642;201500026226;0;1;0;0.0;1.0;0.0;1.0;A01
39643;201500026227;0;7;0;0.0;2.0;3.0;5.0;B01
39644;201500026227;0;7;0;0.0;2.0;3.0;1.0;A01
39645;201500026228;0;1;0;0.0;2.0;0.0;1.0;B01
39646;201500026228;0;7;0;0.0;2.0;3.0;15.0;A01
39647;201500026229;0;7;0;0.0;2.0;5.0;23.0;B01
39648;201500026229;0;7;0;0.0;2.0;1.0;2.0;A01
39649;201500026230;0;7;0;0.0;2.0;1.0;2.0;A01
39650;201500026230;0;7;0;0.0;2.0;4.0;1.0;B01
39651;201500026231;0;7;0;6.0;0.0;1.0;23.0;A01
39652;201500026232;0;7;0;0.0;1.0;0.0;20.0;A01
39653;201500026233;0;3;0;0.0;2.0;4.0;2.0;B01
39654;201500026233;0;7;0;0.0;2.0;1.0;2.0;A01
39655;201500026234;0;7;0;0.0;2.0;3.0;1.0;B01
39656;201500026234;0;10;0;0.0;2.0;3.0;1.0;A01
39657;201500026235;0;7;0;0.0;2.0;1.0;1.0;B01
39658;201500026235;0;7;0;0.0;2.0;6.0;15.0;A01
39659;201500026236;0;7;0;0.0;1.0;3.0;1.0;A01
39660;201500026237;0;7;0;2.0;0.0;1.0;1.0;A01
39661;201500026238;0;7;0;0.0;2.0;3.0;1.0;A01
39662;201500026238;0;2;0;0.0;2.0;5.0;15.0;B01
39663;201500026239;0;7;0;0.0;1.0;3.0;1.0;A01
39664;201500026240;0;2;0;0.0;2.0;1.0;1.0;A01
39665;201500026240;0;7;0;0.0;2.0;3.0;1.0;B01
39666;201500026241;0;7;0;0.0;1.0;1.0;1.0;A01
39667;201500026242;0;7;0;0.0;1.0;0.0;1.0;A01
39668;201500026243;0;30;0;0.0;2.0;1.0;9.0;A01
39669;201500026243;0;7;0;0.0;2.0;2.0;1.0;B01
39670;201500026244;0;31;0;0.0;2.0;1.0;1.0;B01
39671;201500026244;0;2;0;0.0;2.0;3.0;9.0;A01
39672;201500026245;0;7;0;0.0;2.0;1.0;1.0;A01
39673;201500026245;0;7;0;0.0;2.0;4.0;2.0;B01
39674;201500026246;0;7;0;0.0;2.0;1.0;1.0;B01
39675;201500026246;0;7;0;0.0;2.0;2.0;1.0;C01
39676;201500026246;0;7;0;0.0;2.0;1.0;13.0;A01
39677;201500026247;0;7;0;0.0;2.0;1.0;1.0;A01
39678;201500026247;0;7;0;0.0;2.0;4.0;2.0;B01
39679;201500026248;0;7;0;0.0;2.0;1.0;1.0;B01
39680;201500026248;0;7;0;0.0;2.0;7.0;15.0;A01
39681;201500026249;0;1;0;0.0;2.0;2.0;1.0;B01
39682;201500026249;0;10;0;0.0;2.0;3.0;9.0;A01
39683;201500026250;0;2;0;0.0;2.0;1.0;1.0;B01
39684;201500026250;0;7;0;0.0;2.0;8.0;20.0;A01
39685;201500026252;0;7;0;6.0;0.0;1.0;1.0;A01
39686;201500026254;0;7;0;0.0;2.0;1.0;1.0;A01
39687;201500026254;0;7;0;0.0;2.0;6.0;1.0;B01
39688;201500026255;0;2;0;0.0;2.0;7.0;1.0;A01
39689;201500026255;0;7;0;0.0;2.0;3.0;16.0;B01
39690;201500026258;0;20;0;0.0;0.0;0.0;1.0;A01
39691;201500026259;0;7;0;0.0;2.0;3.0;20.0;A01
39692;201500026259;0;7;0;0.0;2.0;5.0;1.0;B01
39693;201500026260;0;7;0;1.0;0.0;1.0;1.0;A01
39694;201500026261;0;7;0;0.0;1.0;1.0;1.0;A01
39695;201500026262;0;7;0;0.0;1.0;1.0;1.0;A01
39696;201500026263;0;7;0;0.0;1.0;1.0;1.0;A01
39697;201500026264;0;7;0;0.0;2.0;6.0;10.0;B01
39698;201500026264;0;33;0;0.0;2.0;7.0;1.0;A01
39699;201500026265;0;2;0;0.0;2.0;1.0;1.0;A01
39700;201500026265;0;7;0;0.0;2.0;3.0;1.0;B01
39701;201500026266;0;7;0;0.0;2.0;1.0;1.0;A01
39702;201500026266;0;7;0;0.0;2.0;4.0;2.0;B01
39703;201500026267;0;2;0;0.0;2.0;1.0;1.0;B01
39704;201500026267;0;7;0;0.0;2.0;7.0;1.0;A01
39705;201500026268;0;7;0;0.0;2.0;3.0;9.0;A01
39706;201500026268;0;1;0;0.0;2.0;4.0;1.0;B01
39707;201500026269;0;33;0;11.0;0.0;4.0;1.0;A01
39708;201500026270;0;7;0;0.0;1.0;7.0;1.0;A01
39709;201500026271;0;7;0;0.0;2.0;2.0;9.0;B01
39710;201500026271;0;1;0;0.0;2.0;1.0;1.0;A01
39711;201500026272;0;7;0;0.0;2.0;4.0;2.0;B01
39712;201500026272;0;7;0;0.0;2.0;1.0;1.0;A01