;Num_Acc;senc;catv;occutc;obs;obsm;choc;manv;num_veh
40978;201500027119;0;7;0;0.0;2.0;1.0;2.0;C01
40979;201500027119;0;7;0;3.0;0.0;9.0;1.0;B01
40980;201500027119;0;7;0;0.0;2.0;1.0;2.0;A01
40981;201500027120;0;7;0;0.0;0.0;0.0;0.0;B01
40982;201500027120;0;7;0;4.0;0.0;1.0;9.0;A01
40983;201500027121;0;10;0;2.0;0.0;3.0;1.0;A01
40984;201500027122;0;1;0;14.0;0.0;2.0;1.0;A01
40985;201500027123;0;7;0;15.0;0.0;8.0;1.0;A01
40986;201500027123;0;7;0;0.0;2.0;3.0;16.0;B01
40987;201500027124;0;7;0;0.0;0.0;4.0;23.0;A01
40988;201500027124;0;33;0;0.0;2.0;1.0;1.0;B01
40989;201500027125;0;7;0;0.0;1.0;7.0;1.0;A01
40990;201500027128;0;1;0;0.0;2.0;8.0;15.0;A01
40991;201500027128;0;30;0;0.0;2.0;7.0;17.0;B01
40992;201500027129;2;7;0;0.0;2.0;3.0;5.0;A01
40993;201500027129;0;7;0;0.0;2.0;3.0;1.0;B01
40994;201500027130;0;30;0;0.0;2.0;1.0;1.0;B01
40995;201500027130;0;30;0;0.0;0.0;6.0;15.0;A01
40996;201500027131;0;7;0;0.0;0.0;4.0;1.0;C01
40997;201500027131;0;7;0;0.0;2.0;1.0;1.0;A01
40998;201500027131;0;37;25;0.0;2.0;2.0;5.0;D01
40999;201500027131;0;7;0;0.0;2.0;4.0;1.0;B01
41000;201500027132;0;1;0;0.0;1.0;1.0;1.0;A01
41001;201500027133;0;7;0;0.0;2.0;3.0;21.0;B01
41002;201500027133;0;7;0;0.0;2.0;7.0;21.0;A01
41003;201500027134;0;30;0;0.0;2.0;1.0;1.0;B01
41004;201500027134;0;7;0;0.0;2.0;3.0;15.0;A01
41005;201500027135;0;7;0;0.0;2.0;3.0;1.0;B01
41006;201500027135;0;30;0;0.0;2.0;1.0;13.0;A01
41007;201500027136;0;30;0;12.0;0.0;1.0;14.0;A01
41008;201500027137;0;7;0;0.0;1.0;7.0;17.0;A01
41009;201500027138;0;7;0;0.0;2.0;1.0;13.0;A01
41010;201500027138;0;7;0;0.0;2.0;1.0;1.0;B01
41011;201500027139;0;7;0;6.0;0.0;1.0;13.0;A01
41012;201500027140;0;7;0;0.0;2.0;1.0;2.0;B01
41013;201500027140;0;7;0;0.0;0.0;4.0;16.0;A01
41014;201500027141;0;7;0;0.0;0.0;4.0;23.0;B01
41015;201500027141;0;7;0;0.0;2.0;1.0;1.0;A01
41016;201500027142;0;7;0;0.0;1.0;1.0;1.0;A01
41017;201500027143;0;7;0;0.0;2.0;1.0;1.0;B01
41018;201500027143;0;7;0;0.0;2.0;1.0;15.0;A01
41019;201500027144;0;7;0;6.0;0.0;3.0;13.0;A01
41020;201500027145;0;7;0;0.0;2.0;1.0;15.0;A01
41021;201500027145;0;7;0;0.0;2.0;1.0;23.0;B01
41022;201500027146;0;33;0;0.0;0.0;7.0;1.0;A01
41023;201500027147;0;7;0;0.0;2.0;1.0;1.0;B01
41024;201500027147;0;7;0;0.0;2.0;1.0;13.0;A01
41025;201500027148;0;33;0;0.0;2.0;1.0;1.0;B01
41026;201500027148;0;7;0;0.0;0.0;5.0;15.0;A01
41027;201500027149;0;7;0;0.0;2.0;1.0;1.0;A01
41028;201500027149;0;7;0;0.0;2.0;8.0;1.0;B01
41029;201500027151;0;7;0;0.0;2.0;6.0;1.0;A01
41030;201500027151;0;7;0;0.0;2.0;1.0;1.0;B01
41031;201500027152;0;15;0;4.0;2.0;1.0;21.0;B01
41032;201500027152;0;7;0;10.0;2.0;1.0;17.0;A01
41033;201500027153;0;7;0;0.0;2.0;3.0;1.0;B01
41034;201500027153;0;7;0;0.0;2.0;2.0;15.0;A01
41035;201500027154;0;7;0;0.0;1.0;1.0;1.0;A01
41036;201500027155;0;2;0;0.0;2.0;1.0;1.0;B01
41037;201500027155;0;7;0;0.0;2.0;2.0;1.0;A01
41038;201500027156;0;7;0;0.0;1.0;1.0;1.0;A01
41039;201500027157;0;33;0;0.0;2.0;1.0;1.0;B01
41040;201500027157;0;7;0;0.0;2.0;3.0;9.0;A01
41041;201500027158;0;7;0;0.0;2.0;3.0;15.0;B01
41042;201500027158;0;1;0;0.0;2.0;7.0;17.0;A01
41043;201500027159;0;7;0;0.0;2.0;1.0;2.0;A01
41044;201500027159;0;7;0;0.0;0.0;4.0;1.0;B01
41045;201500027160;0;7;0;0.0;2.0;1.0;1.0;A01
41046;201500027160;0;7;0;0.0;0.0;4.0;1.0;B01
41047;201500027161;0;1;0;14.0;0.0;3.0;1.0;A01
41048;201500027162;0;14;0;0.0;0.0;4.0;23.0;A01
41049;201500027162;0;7;0;1.0;0.0;1.0;1.0;B01
41050;201500027163;0;30;0;0.0;1.0;8.0;1.0;A01
41051;201500027164;0;7;0;0.0;2.0;1.0;1.0;B01
41052;201500027164;0;7;0;0.0;2.0;1.0;5.0;A01
41053;201500027165;0;7;0;6.0;2.0;1.0;1.0;A01
41054;201500027165;0;7;0;0.0;2.0;3.0;15.0;B01
41055;201500027166;0;7;0;0.0;2.0;8.0;15.0;B01
41056;201500027166;0;7;0;0.0;2.0;3.0;1.0;A01
41057;201500027167;0;7;0;0.0;0.0;4.0;1.0;B01
41058;201500027167;0;2;0;0.0;2.0;1.0;1.0;A01
41059;201500027168;0;1;0;0.0;2.0;8.0;15.0;A01
41060;201500027168;0;10;0;0.0;2.0;7.0;17.0;B01
41061;201500027169;0;30;0;0.0;0.0;1.0;1.0;A01
41062;201500027170;1;7;0;0.0;1.0;1.0;16.0;A01
41063;201500027171;0;7;0;0.0;2.0;3.0;15.0;B01
41064;201500027171;0;1;0;0.0;2.0;1.0;1.0;A01
41065;201500027172;0;7;0;16.0;0.0;8.0;1.0;A01
41066;201500027173;0;7;0;0.0;1.0;1.0;1.0;A01
41067;201500027174;0;7;0;13.0;0.0;1.0;13.0;A01
41068;201500027175;0;7;0;0.0;1.0;1.0;1.0;A01
41069;201500027176;0;7;0;0.0;1.0;1.0;1.0;A01
41070;201500027177;0;33;0;3.0;0.0;1.0;1.0;A01
41071;201500027178;0;7;0;0.0;2.0;8.0;1.0;B01
41072;201500027178;0;2;0;0.0;2.0;5.0;1.0;A01
41073;201500027179;0;7;0;0.0;1.0;1.0;1.0;A01
41074;201500027180;0;7;0;0.0;0.0;9.0;14.0;A01
41075;201500027181;0;7;0;0.0;2.0;3.0;1.0;A01
41076;201500027181;0;1;0;0.0;2.0;2.0;19.0;B01
41077;201500027183;0;36;0;8.0;0.0;1.0;1.0;A01
41078;201500027184;0;2;0;0.0;2.0;1.0;13.0;A01
41079;201500027184;0;7;0;0.0;2.0;1.0;1.0;B01
41080;201500027185;0;1;0;0.0;0.0;7.0;1.0;A01
41081;201500027185;0;7;0;0.0;2.0;1.0;1.0;B01
41082;201500027186;0;7;0;0.0;2.0;1.0;1.0;C01
41083;201500027186;0;7;0;0.0;2.0;1.0;5.0;A01
41084;201500027186;0;7;0;0.0;2.0;1.0;1.0;B01
41085;201500027187;0;7;0;0.0;2.0;1.0;1.0;B01
41086;201500027187;0;30;0;0.0;2.0;1.0;15.0;A01
41087;201500027188;0;7;0;0.0;2.0;0.0;0.0;A01
41088;201500027188;0;7;0;0.0;2.0;4.0;1.0;B01
41089;201500027189;0;2;0;0.0;0.0;2.0;14.0;A01
41090;201500027190;0;7;0;4.0;0.0;1.0;14.0;A01
41091;201500027191;0;2;0;0.0;2.0;1.0;1.0;A01
41092;201500027191;0;7;0;0.0;2.0;2.0;1.0;B01
41093;201500027192;0;7;0;0.0;2.0;2.0;15.0;A01
41094;201500027192;0;30;0;0.0;2.0;1.0;1.0;B01
41095;201500027193;0;7;0;0.0;1.0;4.0;4.0;A01
41096;201500027194;0;7;0;0.0;2.0;1.0;15.0;A01
41097;201500027194;0;15;0;0.0;0.0;8.0;1.0;B01
41098;201500027195;0;7;0;0.0;2.0;3.0;15.0;A01
41099;201500027195;0;33;0;0.0;2.0;1.0;17.0;B01
41100;201500027196;0;1;0;0.0;2.0;2.0;17.0;A01
41101;201500027196;0;7;0;0.0;2.0;8.0;1.0;B01
41102;201500027197;0;7;0;0.0;0.0;6.0;23.0;B01
41103;201500027197;0;7;0;14.0;1.0;9.0;21.0;A01
41104;201500027198;0;7;0;0.0;1.0;1.0;1.0;A01
41105;201500027200;0;32;0;0.0;2.0;1.0;1.0;B01
41106;201500027200;0;7;0;0.0;2.0;2.0;10.0;A01
41107;201500027201;0;33;0;8.0;0.0;1.0;1.0;A01
41108;201500027202;0;7;0;0.0;2.0;1.0;1.0;B01
41109;201500027202;0;7;0;0.0;2.0;1.0;15.0;A01
41110;201500027203;0;7;0;0.0;1.0;2.0;1.0;A01
41111;201500027204;0;33;0;0.0;1.0;2.0;1.0;A01
41112;201500027205;0;7;0;0.0;2.0;1.0;1.0;B01
41113;201500027205;0;7;0;0.0;2.0;1.0;13.0;A01
41114;201500027206;0;7;0;0.0;2.0;2.0;1.0;B01
41115;201500027206;0;1;0;0.0;2.0;3.0;15.0;A01
41116;201500027207;0;40;35;0.0;1.0;5.0;1.0;A01
41117;201500027208;0;7;0;0.0;1.0;1.0;1.0;A01
41118;201500027209;0;7;0;0.0;1.0;2.0;1.0;A01
41119;201500027210;0;33;0;0.0;2.0;1.0;1.0;B01
41120;201500027210;0;10;0;0.0;2.0;3.0;15.0;A01
41121;201500027211;0;15;0;0.0;0.0;4.0;1.0;B01
41122;201500027211;0;7;0;3.0;2.0;3.0;1.0;A01
41123;201500027212;0;7;0;0.0;1.0;1.0;9.0;A01
41124;201500027214;0;2;0;0.0;4.0;1.0;1.0;A01
41125;201500027214;0;40;35;0.0;2.0;2.0;19.0;B01
41126;201500027216;0;33;0;6.0;0.0;1.0;13.0;A01
41127;201500027217;0;33;0;2.0;0.0;1.0;14.0;A01
41128;201500027218;0;7;0;0.0;2.0;1.0;1.0;C01
41129;201500027218;0;17;0;0.0;2.0;3.0;1.0;B01
41130;201500027218;0;10;0;0.0;2.0;3.0;13.0;A01
41131;201500027219;0;33;0;0.0;2.0;1.0;2.0;A01
41132;201500027219;0;10;0;0.0;0.0;6.0;1.0;B01
41133;201500027220;0;7;0;0.0;2.0;3.0;9.0;A01
41134;201500027220;0;33;0;0.0;2.0;1.0;1.0;B01
41135;201500027221;0;7;0;0.0;2.0;3.0;15.0;A01
41136;201500027221;0;33;0;0.0;2.0;1.0;1.0;B01
41137;201500027222;0;33;0;0.0;2.0;3.0;1.0;B01
41138;201500027222;0;7;0;0.0;2.0;2.0;15.0;A01
41139;201500027223;0;7;0;0.0;1.0;4.0;4.0;A01
41140;201500027224;0;7;0;0.0;2.0;4.0;2.0;C01
41141;201500027224;0;7;0;1.0;2.0;4.0;2.0;D01
41142;201500027224;0;7;0;0.0;2.0;4.0;1.0;B01
41143;201500027224;0;7;0;0.0;2.0;1.0;2.0;A01
41144;201500027225;0;7;0;0.0;2.0;2.0;15.0;B01
41145;201500027225;0;31;0;0.0;2.0;1.0;1.0;A01
41146;201500027226;0;10;0;0.0;2.0;1.0;17.0;A01
41147;201500027226;0;7;0;6.0;2.0;8.0;15.0;B01
41148;201500027227;0;7;0;0.0;1.0;2.0;1.0;A01
41149;201500027228;0;1;0;0.0;4.0;3.0;1.0;A01
41150;201500027228;0;40;25;0.0;2.0;2.0;1.0;B01
41151;201500027229;0;2;0;0.0;2.0;1.0;2.0;A01
41152;201500027229;0;7;0;0.0;0.0;4.0;1.0;B01
41153;201500027230;0;7;0;0.0;2.0;3.0;15.0;B01
41154;201500027230;0;7;0;13.0;2.0;2.0;17.0;A01
41155;201500027231;0;7;0;6.0;0.0;1.0;6.0;A01
41156;201500027232;0;7;0;0.0;2.0;3.0;9.0;B01
41157;201500027232;0;33;0;0.0;2.0;2.0;1.0;A01
41158;201500027233;0;7;0;0.0;1.0;1.0;1.0;A01
41159;201500027234;0;7;0;0.0;2.0;1.0;1.0;A01
41160;201500027234;0;32;0;0.0;0.0;4.0;16.0;B01
41161;201500027235;0;30;0;0.0;2.0;1.0;1.0;B01
41162;201500027235;0;7;0;0.0;2.0;3.0;1.0;A01
41163;201500027236;0;32;0;0.0;2.0;7.0;1.0;A01
41164;201500027236;0;7;0;0.0;2.0;1.0;1.0;B01
41165;201500027237;0;1;0;0.0;2.0;3.0;19.0;B01
41166;201500027237;0;7;0;0.0;2.0;1.0;15.0;A01
41167;201500027238;0;7;0;0.0;1.0;1.0;1.0;A01
41168;201500027239;0;7;0;0.0;2.0;1.0;1.0;B01
41169;201500027239;0;7;0;0.0;2.0;2.0;15.0;A01
41170;201500027240;0;7;0;11.0;0.0;1.0;1.0;A01
41171;201500027241;0;34;0;3.0;0.0;8.0;1.0;A01
41172;201500027243;0;10;0;0.0;2.0;4.0;1.0;C01
41173;201500027243;0;10;0;0.0;2.0;5.0;1.0;B01
41174;201500027243;0;7;0;0.0;2.0;3.0;13.0;A01
41175;201500027244;0;40;41;0.0;2.0;1.0;1.0;B01
41176;201500027244;0;7;0;1.0;4.0;5.0;15.0;A01
41177;201500027246;0;7;0;0.0;2.0;4.0;12.0;B01
41178;201500027246;0;7;0;3.0;2.0;1.0;12.0;A01
41179;201500027248;0;33;0;0.0;0.0;0.0;1.0;A01
41180;201500027249;0;33;0;0.0;2.0;1.0;17.0;A01
41181;201500027249;0;15;0;0.0;2.0;3.0;1.0;B01
41182;201500027249;0;7;0;0.0;2.0;1.0;1.0;C01
41183;201500027250;0;7;0;0.0;9.0;3.0;0.0;A01
41184;201500027250;0;31;0;0.0;2.0;7.0;2.0;B01
41185;201500027251;0;30;0;0.0;0.0;1.0;1.0;A01
41186;201500027251;0;10;0;0.0;0.0;4.0;1.0;B01
41187;201500027252;0;7;0;8.0;0.0;1.0;1.0;A01
41188;201500027253;0;10;0;0.0;1.0;1.0;1.0;A01
41189;201500027254;0;7;0;0.0;2.0;1.0;1.0;B01
41190;201500027254;0;7;0;0.0;2.0;8.0;10.0;A01
41191;201500027255;0;32;0;0.0;2.0;7.0;1.0;B01
41192;201500027255;0;7;0;0.0;2.0;3.0;15.0;A01
41193;201500027256;0;7;0;2.0;0.0;7.0;14.0;A01
41194;201500027257;0;7;0;0.0;2.0;7.0;15.0;A01
41195;201500027257;0;33;0;0.0;2.0;1.0;1.0;B01
41196;201500027258;0;7;0;8.0;0.0;1.0;1.0;A01
41197;201500027259;0;7;0;3.0;5.0;1.0;1.0;A01
41198;201500027260;0;7;0;0.0;0.0;6.0;23.0;B01
41199;201500027260;0;7;0;14.0;0.0;2.0;1.0;A01
41200;201500027261;0;7;0;0.0;0.0;0.0;0.0;A01
41201;201500027262;0;7;0;0.0;1.0;0.0;1.0;A01
41202;201500027263;0;7;0;0.0;0.0;3.0;0.0;A01
41203;201500027264;0;7;0;14.0;0.0;1.0;1.0;B01
41204;201500027264;0;15;0;0.0;2.0;3.0;23.0;C01
41205;201500027264;0;7;0;10.0;0.0;1.0;23.0;A01
41206;201500027265;0;10;0;0.0;1.0;0.0;20.0;A01
41207;201500027267;0;7;0;13.0;0.0;1.0;14.0;A01
41208;201500027268;0;7;0;0.0;2.0;3.0;13.0;A01
41209;201500027268;0;7;0;0.0;2.0;3.0;1.0;B01
41210;201500027269;0;7;0;0.0;2.0;3.0;1.0;B01
41211;201500027269;2;7;0;0.0;2.0;3.0;1.0;A01
41212;201500027270;0;7;0;0.0;2.0;3.0;1.0;B01
41213;201500027270;0;7;0;0.0;2.0;1.0;1.0;A01
41214;201500027271;0;7;0;0.0;0.0;1.0;0.0;A01
41215;201500027272;0;7;0;0.0;1.0;1.0;0.0;A01
41216;201500027273;0;33;0;0.0;2.0;1.0;17.0;A01
41217;201500027273;0;7;0;0.0;2.0;0.0;0.0;B01
41218;201500027274;0;7;0;0.0;9.0;3.0;0.0;B01
41219;201500027274;0;1;0;0.0;2.0;1.0;15.0;A01
41220;201500027275;0;32;0;0.0;2.0;1.0;1.0;A01
41221;201500027275;0;7;0;0.0;2.0;6.0;15.0;B01
41222;201500027276;0;7;0;0.0;1.0;3.0;1.0;A01
41223;201500027277;0;7;0;0.0;2.0;1.0;2.0;B01
41224;201500027277;0;33;0;12.0;2.0;4.0;1.0;A01
41225;201500027278;0;7;0;0.0;2.0;3.0;15.0;B01
41226;201500027278;0;7;0;0.0;2.0;1.0;17.0;A01
41227;201500027279;0;7;0;0.0;1.0;1.0;1.0;A01
41228;201500027280;0;7;0;0.0;1.0;3.0;1.0;A01
41229;201500027281;0;7;0;0.0;2.0;7.0;19.0;B01
41230;201500027281;0;33;0;0.0;2.0;1.0;1.0;A01
41231;201500027282;0;7;0;6.0;0.0;1.0;16.0;A01
41232;201500027283;0;33;0;0.0;1.0;8.0;21.0;A01
41233;201500027284;0;7;0;6.0;2.0;8.0;15.0;A01
41234;201500027284;0;7;0;0.0;2.0;1.0;1.0;B01
41235;201500027285;0;7;0;0.0;1.0;8.0;15.0;A01
41236;201500027286;0;7;0;0.0;2.0;8.0;9.0;A01
41237;201500027286;0;30;0;0.0;2.0;8.0;1.0;B01
41238;201500027287;0;7;0;2.0;9.0;8.0;6.0;A01
41239;201500027287;0;1;0;0.0;2.0;8.0;1.0;B01
41240;201500027288;0;7;0;0.0;2.0;6.0;4.0;A01
41241;201500027288;0;32;0;0.0;2.0;1.0;1.0;B01
41242;201500027289;0;7;0;0.0;2.0;3.0;9.0;A01
41243;201500027289;0;31;0;0.0;2.0;1.0;17.0;B01
41244;201500027290;0;7;0;0.0;0.0;8.0;10.0;A01
41245;201500027290;0;7;0;0.0;2.0;1.0;0.0;B01
41246;201500027291;0;7;0;0.0;2.0;7.0;15.0;A01
41247;201500027291;0;7;0;0.0;9.0;0.0;1.0;C01
41248;201500027291;0;32;0;0.0;2.0;1.0;1.0;B01
41249;201500027292;0;7;0;0.0;1.0;1.0;15.0;A01
41250;201500027293;0;7;0;0.0;0.0;4.0;2.0;B01
41251;201500027293;0;7;0;0.0;2.0;1.0;2.0;A01
41252;201500027294;0;7;0;0.0;2.0;4.0;1.0;B01
41253;201500027294;0;7;0;3.0;2.0;1.0;1.0;C01
41254;201500027294;0;14;0;0.0;2.0;1.0;1.0;A01
41255;201500027295;0;7;0;0.0;2.0;1.0;1.0;A01
41256;201500027295;0;33;0;0.0;2.0;8.0;0.0;B01
41257;201500027296;0;1;0;0.0;2.0;1.0;1.0;B01
41258;201500027296;0;14;0;0.0;9.0;7.0;16.0;A01
41259;201500027298;0;30;0;0.0;2.0;1.0;1.0;B01
41260;201500027298;0;7;0;0.0;2.0;2.0;9.0;A01
41261;201500027299;0;7;0;0.0;2.0;2.0;15.0;A01
41262;201500027299;0;32;0;0.0;2.0;1.0;1.0;B01
41263;201500027300;0;2;0;0.0;2.0;1.0;17.0;A01
41264;201500027300;0;7;0;0.0;2.0;3.0;15.0;B01
41265;201500027301;0;30;0;8.0;2.0;1.0;17.0;A01
41266;201500027301;0;7;0;0.0;2.0;3.0;15.0;B01
41267;201500027302;0;2;0;0.0;2.0;1.0;0.0;A01
41268;201500027302;0;7;0;0.0;2.0;3.0;11.0;B01
41269;201500027303;0;30;0;0.0;2.0;6.0;1.0;B01
41270;201500027303;0;7;0;0.0;2.0;2.0;15.0;A01
41271;201500027304;0;1;0;0.0;2.0;4.0;11.0;B01
41272;201500027304;0;7;0;0.0;9.0;3.0;1.0;A01
41273;201500027305;0;7;0;0.0;2.0;4.0;1.0;B01
41274;201500027305;0;7;0;0.0;2.0;1.0;2.0;A01
41275;201500027306;0;7;0;11.0;2.0;7.0;1.0;B01
41276;201500027306;0;7;0;0.0;2.0;2.0;9.0;A01
41277;201500027307;0;33;0;0.0;2.0;7.0;16.0;A01
41278;201500027307;0;7;0;0.0;2.0;1.0;1.0;B01
41279;201500027308;0;7;0;0.0;2.0;3.0;1.0;A01
41280;201500027308;0;7;0;0.0;2.0;4.0;1.0;C01
41281;201500027308;0;31;0;0.0;2.0;1.0;1.0;B01
41282;201500027309;0;7;0;0.0;2.0;3.0;1.0;A01
41283;201500027309;0;30;0;0.0;2.0;2.0;1.0;B01
41284;201500027310;0;7;0;0.0;2.0;8.0;1.0;B01
41285;201500027310;0;7;0;0.0;2.0;1.0;15.0;A01
41286;201500027311;0;7;0;0.0;1.0;1.0;15.0;A01
41287;201500027312;0;7;0;0.0;2.0;8.0;1.0;B01
41288;201500027312;0;7;0;0.0;2.0;1.0;19.0;A01
41289;201500027313;0;2;0;0.0;2.0;1.0;1.0;B01
41290;201500027313;0;7;0;0.0;2.0;3.0;15.0;A01
41291;201500027314;0;7;0;0.0;1.0;1.0;15.0;A01
41292;201500027315;0;7;0;0.0;1.0;1.0;1.0;A01
41293;201500027316;0;7;0;0.0;1.0;4.0;4.0;A01
41294;201500027317;0;7;0;0.0;2.0;1.0;0.0;B01
41295;201500027317;0;7;0;0.0;2.0;1.0;5.0;A01
41296;201500027318;0;33;0;0.0;2.0;0.0;0.0;B01
41297;201500027318;0;7;0;0.0;2.0;2.0;15.0;A01
41298;201500027319;0;1;0;0.0;2.0;1.0;1.0;B01
41299;201500027319;0;7;0;0.0;9.0;3.0;1.0;A01
41300;201500027320;0;7;0;0.0;2.0;2.0;19.0;A01
41301;201500027320;0;30;0;0.0;2.0;1.0;1.0;B01
41302;201500027321;0;7;0;0.0;1.0;2.0;0.0;A01
41303;201500027322;0;7;0;2.0;0.0;7.0;13.0;A01
41304;201500027323;0;7;0;0.0;2.0;1.0;17.0;A01
41305;201500027323;0;7;0;0.0;2.0;1.0;21.0;B01
41306;201500027324;0;7;0;2.0;2.0;8.0;13.0;A01
41307;201500027324;0;7;0;0.0;2.0;8.0;1.0;B01
41308;201500027325;0;7;0;0.0;2.0;3.0;1.0;B01
41309;201500027325;0;3;0;0.0;2.0;5.0;9.0;A01
41310;201500027326;0;33;0;0.0;2.0;1.0;1.0;B01
41311;201500027326;0;7;0;0.0;2.0;3.0;15.0;A01
41312;201500027327;0;33;0;0.0;2.0;1.0;2.0;A01
41313;201500027327;0;7;0;0.0;0.0;0.0;15.0;B01
41314;201500027328;0;33;0;0.0;2.0;1.0;1.0;B01
41315;201500027328;0;7;0;0.0;2.0;3.0;9.0;A01
41316;201500027330;0;33;0;0.0;0.0;1.0;2.0;A01
41317;201500027331;0;7;0;0.0;2.0;1.0;13.0;A01
41318;201500027331;0;7;0;0.0;2.0;1.0;1.0;B01
41319;201500027333;0;7;0;0.0;2.0;3.0;1.0;B01
41320;201500027333;0;7;0;0.0;2.0;2.0;15.0;A01
41321;201500027334;0;7;0;0.0;1.0;1.0;1.0;A01
41322;201500027335;0;7;0;0.0;2.0;7.0;15.0;A01
41323;201500027335;0;33;0;0.0;2.0;1.0;1.0;B01
41324;201500027336;0;2;0;0.0;2.0;1.0;2.0;A01
41325;201500027336;0;7;0;0.0;2.0;3.0;19.0;B01
41326;201500027337;0;7;0;2.0;0.0;9.0;13.0;A01
41327;201500027338;0;7;0;0.0;2.0;6.0;1.0;A01
41328;201500027338;0;1;0;0.0;2.0;3.0;2.0;B01
41329;201500027339;0;33;0;0.0;2.0;8.0;1.0;B01
41330;201500027339;0;7;0;0.0;2.0;1.0;1.0;A01
41331;201500027340;0;10;0;13.0;0.0;2.0;14.0;A01
41332;201500027341;0;7;0;2.0;0.0;1.0;1.0;A01
41333;201500027342;0;30;0;0.0;1.0;1.0;13.0;A01
41334;201500027343;0;7;0;12.0;0.0;4.0;2.0;A01
41335;201500027343;0;7;0;12.0;2.0;1.0;2.0;B01
41336;201500027344;0;14;0;6.0;2.0;1.0;1.0;A01
41337;201500027344;0;10;0;0.0;2.0;2.0;1.0;B01
41338;201500027345;0;7;0;0.0;1.0;3.0;15.0;A01
41339;201500027346;0;10;0;0.0;1.0;6.0;0.0;A01
41340;201500027347;0;7;0;4.0;0.0;4.0;1.0;A01
41341;201500027348;0;7;0;5.0;0.0;1.0;1.0;A01
41342;201500027349;0;7;0;0.0;1.0;1.0;1.0;A01
41343;201500027350;0;7;0;0.0;0.0;6.0;23.0;A01
41344;201500027350;0;1;0;0.0;0.0;0.0;1.0;B01
41345;201500027352;0;7;0;2.0;0.0;1.0;1.0;A01
41346;201500027353;0;7;0;0.0;2.0;1.0;1.0;A01
41347;201500027353;0;7;0;0.0;2.0;4.0;1.0;B01
41348;201500027353;0;7;0;0.0;0.0;1.0;1.0;C01
41349;201500027355;0;7;0;0.0;0.0;3.0;0.0;A01
41350;201500027355;0;30;0;0.0;0.0;1.0;1.0;B01
41351;201500027357;0;7;0;0.0;2.0;1.0;0.0;A01
41352;201500027357;0;1;0;0.0;2.0;0.0;1.0;B01
41353;201500027358;0;7;0;0.0;2.0;1.0;1.0;A01
41354;201500027358;0;1;0;0.0;2.0;8.0;1.0;B01
41355;201500027359;0;7;0;0.0;0.0;1.0;1.0;A01
41356;201500027359;0;7;0;0.0;0.0;4.0;1.0;B01
41357;201500027360;0;7;0;0.0;0.0;0.0;1.0;A01
41358;201500027361;0;1;0;0.0;0.0;0.0;1.0;B01
41359;201500027361;1;7;0;0.0;0.0;0.0;16.0;Z01
41360;201500027362;0;7;0;0.0;0.0;0.0;1.0;A01
41361;201500027363;0;7;0;0.0;0.0;1.0;1.0;A01
41362;201500027363;0;7;0;0.0;0.0;1.0;1.0;B01
41363;201500027363;0;7;0;0.0;0.0;4.0;1.0;C01
41364;201500027365;0;2;0;0.0;0.0;1.0;1.0;A01
41365;201500027365;0;7;0;0.0;0.0;3.0;15.0;B01
41366;201500027366;0;7;0;0.0;2.0;2.0;0.0;A01
41367;201500027366;0;7;0;0.0;2.0;8.0;1.0;B01
41368;201500027367;0;7;0;0.0;0.0;1.0;1.0;A01
41369;201500027367;0;7;0;0.0;0.0;4.0;1.0;B01
41370;201500027368;0;7;0;0.0;1.0;1.0;1.0;A01
41371;201500027369;0;1;0;0.0;0.0;1.0;2.0;B01
41372;201500027369;0;7;0;0.0;0.0;3.0;15.0;A01
41373;201500027370;0;7;0;0.0;2.0;1.0;1.0;A01
41374;201500027370;0;2;0;0.0;2.0;0.0;1.0;B01
41375;201500027371;0;1;0;0.0;1.0;1.0;1.0;A01
41376;201500027372;0;7;0;0.0;2.0;1.0;1.0;A01
41377;201500027372;0;7;0;0.0;2.0;4.0;1.0;B01
41378;201500027372;0;7;0;0.0;2.0;4.0;1.0;C01
41379;201500027373;0;7;0;0.0;0.0;1.0;1.0;B01
41380;201500027373;0;30;0;0.0;0.0;5.0;15.0;A01
41381;201500027375;0;31;0;0.0;0.0;7.0;1.0;A01
41382;201500027376;0;7;0;0.0;2.0;3.0;1.0;B01
41383;201500027376;0;7;0;0.0;2.0;2.0;1.0;A01
41384;201500027377;0;7;0;0.0;0.0;3.0;9.0;B01
41385;201500027377;0;2;0;0.0;0.0;5.0;9.0;A01
41386;201500027378;0;7;0;0.0;1.0;1.0;1.0;A01
41387;201500027379;0;7;0;0.0;1.0;1.0;1.0;A01
41388;201500027380;0;7;0;0.0;2.0;4.0;1.0;C01
41389;201500027380;0;7;0;0.0;2.0;4.0;1.0;B01
41390;201500027380;0;7;0;0.0;2.0;1.0;1.0;A01
41391;201500027381;0;2;0;0.0;0.0;1.0;1.0;A01
41392;201500027381;0;7;0;0.0;0.0;4.0;1.0;B01
41393;201500027382;0;2;0;1.0;0.0;1.0;1.0;A01
41394;201500027383;0;7;0;0.0;2.0;1.0;15.0;A01
41395;201500027383;0;33;0;0.0;2.0;3.0;1.0;B01
41396;201500027384;0;7;0;0.0;2.0;6.0;16.0;A01
41397;201500027384;0;2;0;0.0;2.0;8.0;1.0;B01