;Num_Acc;senc;catv;occutc;obs;obsm;choc;manv;num_veh
41398;201500027385;0;30;0;0.0;0.0;8.0;15.0;A01
41399;201500027385;0;7;0;0.0;0.0;1.0;2.0;B01
41400;201500027386;0;7;0;0.0;2.0;3.0;15.0;A01
41401;201500027386;0;1;0;0.0;2.0;5.0;1.0;B01
41402;201500027387;0;7;0;0.0;2.0;1.0;1.0;A01
41403;201500027387;0;7;0;0.0;2.0;4.0;1.0;B01
41404;201500027387;0;7;0;0.0;2.0;4.0;1.0;C01
41405;201500027387;0;7;0;0.0;2.0;4.0;1.0;D01
41406;201500027388;0;1;0;0.0;1.0;1.0;1.0;A01
41407;201500027389;0;7;0;0.0;1.0;1.0;1.0;A01
41408;201500027390;0;7;0;0.0;2.0;3.0;1.0;A01
41409;201500027390;0;2;0;0.0;2.0;2.0;1.0;B01
41410;201500027391;0;7;0;0.0;2.0;7.0;17.0;A01
41411;201500027391;0;1;0;0.0;2.0;0.0;1.0;B01
41412;201500027392;0;7;0;0.0;2.0;2.0;16.0;A01
41413;201500027392;0;1;0;0.0;2.0;4.0;1.0;B01
41414;201500027393;0;7;0;0.0;1.0;1.0;1.0;A01
41415;201500027394;0;7;0;0.0;2.0;1.0;1.0;A01
41416;201500027394;0;7;0;0.0;2.0;4.0;1.0;B01
41417;201500027394;0;7;0;0.0;2.0;4.0;1.0;C01
41418;201500027395;1;7;0;0.0;2.0;3.0;15.0;A01
41419;201500027395;0;2;0;0.0;2.0;0.0;1.0;B01
41420;201500027396;0;13;0;0.0;2.0;4.0;24.0;A01
41421;201500027396;0;1;0;0.0;2.0;1.0;1.0;B01
41422;201500027397;0;7;0;0.0;2.0;1.0;1.0;A01
41423;201500027397;0;7;0;0.0;2.0;4.0;1.0;B01
41424;201500027397;0;7;0;0.0;2.0;4.0;1.0;C01
41425;201500027398;0;7;0;0.0;2.0;8.0;1.0;B01
41426;201500027398;0;7;0;0.0;2.0;3.0;1.0;A01
41427;201500027399;0;7;0;0.0;1.0;1.0;1.0;A01
41428;201500027400;0;7;0;0.0;2.0;1.0;1.0;A01
41429;201500027400;0;7;0;0.0;2.0;7.0;1.0;C01
41430;201500027400;0;7;0;0.0;2.0;4.0;1.0;B01
41431;201500027401;0;7;0;0.0;2.0;6.0;10.0;A01
41432;201500027401;0;33;0;0.0;2.0;1.0;1.0;B01
41433;201500027402;0;7;0;13.0;0.0;0.0;1.0;A01
41434;201500027403;0;7;0;0.0;2.0;1.0;1.0;A01
41435;201500027403;0;2;0;0.0;2.0;4.0;15.0;B01
41436;201500027404;0;7;0;0.0;2.0;2.0;1.0;A01
41437;201500027404;0;7;0;0.0;2.0;1.0;1.0;B01
41438;201500027405;0;7;0;0.0;2.0;1.0;1.0;A01
41439;201500027405;0;7;0;0.0;2.0;4.0;1.0;B01
41440;201500027405;0;7;0;0.0;2.0;4.0;1.0;C01
41441;201500027406;2;2;0;0.0;4.0;8.0;1.0;A01
41442;201500027406;0;40;0;0.0;2.0;1.0;1.0;B01
41443;201500027407;0;2;0;0.0;2.0;7.0;17.0;A01
41444;201500027408;0;7;0;0.0;2.0;3.0;15.0;A01
41445;201500027408;0;33;0;0.0;2.0;1.0;1.0;B01
41446;201500027409;0;7;0;0.0;1.0;1.0;1.0;A01
41447;201500027410;0;2;0;0.0;2.0;1.0;1.0;B01
41448;201500027410;0;7;0;0.0;2.0;2.0;1.0;A01
41449;201500027411;0;7;0;0.0;1.0;1.0;1.0;A01
41450;201500027412;0;7;0;0.0;2.0;1.0;1.0;A01
41451;201500027412;0;7;0;0.0;2.0;4.0;1.0;B01
41452;201500027413;0;7;0;0.0;1.0;2.0;1.0;A01
41453;201500027414;1;7;0;0.0;2.0;0.0;1.0;Z01
41454;201500027414;0;1;0;0.0;2.0;0.0;1.0;B01
41455;201500027415;0;1;0;0.0;1.0;1.0;1.0;A01
41456;201500027417;0;7;0;0.0;2.0;1.0;1.0;A01
41457;201500027417;0;7;0;0.0;2.0;0.0;1.0;B01
41458;201500027418;0;7;0;0.0;2.0;1.0;1.0;A01
41459;201500027418;0;7;0;0.0;2.0;2.0;15.0;B01
41460;201500027419;0;7;0;0.0;2.0;1.0;1.0;A01
41461;201500027419;0;2;0;0.0;2.0;4.0;1.0;B01
41462;201500027420;0;7;0;0.0;1.0;1.0;1.0;A01
41463;201500027422;0;7;0;3.0;0.0;1.0;1.0;A01
41464;201500027423;0;7;0;0.0;2.0;3.0;1.0;A01
41465;201500027423;0;1;0;0.0;2.0;0.0;1.0;B01
41466;201500027424;0;31;0;13.0;0.0;0.0;1.0;A01
41467;201500027425;0;7;0;0.0;2.0;2.0;1.0;A01
41468;201500027425;0;7;0;0.0;2.0;1.0;1.0;B01
41469;201500027426;0;2;0;0.0;0.0;0.0;1.0;A01
41470;201500027427;0;33;0;0.0;2.0;1.0;15.0;A01
41471;201500027427;0;7;0;0.0;2.0;8.0;1.0;B01
41472;201500027428;0;7;0;0.0;2.0;1.0;1.0;B01
41473;201500027428;0;7;0;0.0;2.0;8.0;1.0;A01
41474;201500027430;0;7;0;0.0;2.0;1.0;1.0;A01
41475;201500027430;0;7;0;0.0;2.0;4.0;1.0;B01
41476;201500027430;0;7;0;0.0;2.0;4.0;1.0;C01
41477;201500027431;0;7;0;0.0;1.0;1.0;1.0;A01
41478;201500027432;0;7;0;0.0;2.0;8.0;15.0;A01
41479;201500027432;0;2;0;0.0;0.0;0.0;0.0;B01
41480;201500027434;0;7;0;0.0;1.0;1.0;1.0;A01
41481;201500027435;0;7;0;0.0;0.0;1.0;1.0;A01
41482;201500027435;0;7;0;0.0;0.0;4.0;1.0;B01
41483;201500027436;0;7;0;0.0;1.0;1.0;15.0;A01
41484;201500027437;0;7;0;0.0;0.0;7.0;1.0;A01
41485;201500027437;0;1;0;0.0;0.0;0.0;1.0;B01
41486;201500027438;0;1;0;8.0;0.0;1.0;1.0;A01
41487;201500027439;0;30;0;0.0;0.0;7.0;1.0;A01
41488;201500027440;0;7;0;0.0;2.0;8.0;15.0;A01
41489;201500027440;0;33;0;0.0;2.0;8.0;1.0;B01
41490;201500027441;0;7;0;0.0;1.0;0.0;15.0;A01
41491;201500027442;0;7;0;0.0;1.0;1.0;1.0;A01
41492;201500027443;0;7;0;0.0;0.0;4.0;23.0;B01
41493;201500027443;0;7;0;0.0;0.0;1.0;1.0;A01
41494;201500027444;0;2;0;0.0;0.0;0.0;1.0;A01
41495;201500027445;0;7;0;0.0;1.0;1.0;1.0;A01
41496;201500027446;0;7;0;0.0;0.0;0.0;15.0;A01
41497;201500027446;0;2;0;0.0;0.0;0.0;0.0;B01
41498;201500027447;0;7;0;0.0;1.0;1.0;1.0;A01
41499;201500027448;1;7;0;0.0;1.0;2.0;1.0;A01
41500;201500027449;0;7;0;0.0;1.0;1.0;1.0;A01
41501;201500027450;0;7;0;0.0;0.0;3.0;1.0;A01
41502;201500027450;0;2;0;0.0;0.0;0.0;1.0;B01
41503;201500027452;0;7;0;0.0;0.0;1.0;1.0;A01
41504;201500027452;0;7;0;0.0;0.0;4.0;1.0;B01
41505;201500027452;0;7;0;0.0;0.0;4.0;1.0;C01
41506;201500027453;0;7;0;0.0;0.0;3.0;15.0;A01
41507;201500027453;0;1;0;0.0;0.0;1.0;1.0;B01
41508;201500027454;0;7;0;0.0;0.0;0.0;1.0;B01
41509;201500027454;0;7;0;0.0;0.0;0.0;1.0;A01
41510;201500027455;0;31;0;0.0;0.0;9.0;1.0;B01
41511;201500027455;0;7;0;0.0;0.0;5.0;10.0;A01
41512;201500027456;0;7;0;0.0;1.0;7.0;0.0;A01
41513;201500027458;0;7;0;0.0;0.0;1.0;1.0;A01
41514;201500027458;0;7;0;0.0;0.0;4.0;1.0;B01
41515;201500027459;0;30;0;0.0;1.0;0.0;1.0;A01
41516;201500027460;0;1;0;14.0;0.0;0.0;1.0;A01
41517;201500027461;0;1;0;0.0;1.0;0.0;1.0;A01
41518;201500027462;0;7;0;0.0;2.0;1.0;1.0;A01
41519;201500027462;0;7;0;0.0;2.0;4.0;1.0;B01
41520;201500027462;0;7;0;0.0;2.0;4.0;1.0;C01
41521;201500027463;0;2;0;0.0;0.0;0.0;1.0;A01
41522;201500027464;0;7;0;0.0;2.0;1.0;1.0;B01
41523;201500027464;0;7;0;0.0;2.0;7.0;1.0;A01
41524;201500027465;0;7;0;0.0;0.0;1.0;1.0;A01
41525;201500027465;0;1;0;0.0;0.0;5.0;1.0;B01
41526;201500027467;0;7;0;0.0;0.0;1.0;15.0;A01
41527;201500027467;0;2;0;0.0;0.0;1.0;0.0;B01
41528;201500027469;0;7;0;0.0;1.0;1.0;1.0;A01
41529;201500027470;0;7;0;0.0;0.0;0.0;0.0;A01
41530;201500027472;0;7;0;0.0;1.0;1.0;1.0;A01
41531;201500027475;0;7;0;0.0;0.0;1.0;1.0;A01
41532;201500027475;0;7;0;0.0;0.0;8.0;1.0;B01
41533;201500027476;0;33;0;0.0;2.0;0.0;1.0;B01
41534;201500027476;0;7;0;0.0;2.0;0.0;1.0;A01
41535;201500027477;0;2;0;0.0;1.0;1.0;1.0;A01
41536;201500027478;0;2;0;0.0;2.0;4.0;1.0;B01
41537;201500027478;1;7;0;0.0;2.0;1.0;1.0;Z01
41538;201500027479;0;7;0;0.0;0.0;1.0;1.0;A01
41539;201500027480;0;1;0;0.0;0.0;1.0;1.0;B01
41540;201500027480;0;7;0;0.0;0.0;5.0;24.0;A01
41541;201500027482;0;2;0;0.0;0.0;0.0;1.0;A01
41542;201500027483;0;1;0;0.0;2.0;1.0;1.0;A01
41543;201500027483;0;7;0;0.0;2.0;4.0;1.0;B01
41544;201500027484;0;7;0;0.0;2.0;8.0;22.0;A01
41545;201500027484;0;1;0;0.0;2.0;1.0;1.0;B01
41546;201500027485;0;7;0;0.0;2.0;1.0;1.0;A01
41547;201500027485;0;7;0;0.0;2.0;1.0;1.0;B01
41548;201500027485;0;7;0;0.0;2.0;1.0;1.0;C01
41549;201500027486;0;2;0;0.0;1.0;1.0;1.0;A01
41550;201500027487;0;7;0;0.0;1.0;1.0;1.0;A01
41551;201500027488;0;2;0;0.0;2.0;1.0;1.0;A01
41552;201500027488;0;7;0;0.0;2.0;4.0;1.0;B01
41553;201500027489;0;1;0;0.0;2.0;1.0;1.0;A01
41554;201500027489;0;1;0;0.0;2.0;4.0;1.0;B01
41555;201500027490;0;7;0;0.0;2.0;4.0;1.0;B01
41556;201500027490;1;7;0;0.0;2.0;1.0;1.0;Z01
41557;201500027491;0;1;0;0.0;2.0;1.0;1.0;A01
41558;201500027491;0;7;0;0.0;2.0;4.0;1.0;B01
41559;201500027492;0;7;0;8.0;0.0;1.0;1.0;A01
41560;201500027493;0;2;0;0.0;2.0;1.0;1.0;A01
41561;201500027493;0;7;0;0.0;2.0;3.0;1.0;B01
41562;201500027494;0;2;0;0.0;2.0;1.0;1.0;A01
41563;201500027494;0;7;0;0.0;2.0;4.0;1.0;B01
41564;201500027495;0;1;0;0.0;2.0;0.0;19.0;B01
41565;201500027495;0;7;0;0.0;2.0;1.0;1.0;A01
41566;201500027496;0;33;0;0.0;2.0;1.0;1.0;A01
41567;201500027496;0;7;0;0.0;0.0;0.0;0.0;B01
41568;201500027497;0;33;0;0.0;0.0;0.0;1.0;A01
41569;201500027498;0;7;0;0.0;2.0;7.0;1.0;A01
41570;201500027498;0;7;0;0.0;2.0;1.0;1.0;B01
41571;201500027499;1;7;0;0.0;2.0;1.0;1.0;Z01
41572;201500027499;0;7;0;0.0;2.0;7.0;1.0;B01
41573;201500027500;0;7;0;0.0;0.0;0.0;0.0;A01
41574;201500027500;0;1;0;0.0;2.0;1.0;1.0;B01
41575;201500027501;0;7;0;0.0;2.0;4.0;1.0;C01
41576;201500027501;0;7;0;0.0;2.0;4.0;1.0;B01
41577;201500027501;0;7;0;0.0;2.0;1.0;1.0;A01
41578;201500027502;0;7;0;0.0;2.0;4.0;1.0;B01
41579;201500027502;0;7;0;0.0;2.0;1.0;1.0;A01
41580;201500027503;0;7;0;0.0;2.0;1.0;1.0;A01
41581;201500027504;0;7;0;0.0;2.0;8.0;1.0;B01
41582;201500027504;0;7;0;0.0;2.0;1.0;10.0;A01
41583;201500027505;0;1;0;0.0;2.0;7.0;19.0;A01
41584;201500027505;0;7;0;0.0;2.0;1.0;1.0;B01
41585;201500027506;0;7;0;0.0;2.0;4.0;18.0;B01
41586;201500027506;0;2;0;0.0;2.0;1.0;1.0;A01
41587;201500027507;0;2;0;0.0;2.0;1.0;1.0;A01
41588;201500027507;0;7;0;0.0;2.0;4.0;1.0;B01
41589;201500027509;0;7;0;0.0;2.0;0.0;1.0;B01
41590;201500027509;0;30;0;0.0;2.0;0.0;1.0;A01
41591;201500027510;0;7;0;3.0;0.0;1.0;1.0;A01
41592;201500027511;0;7;0;0.0;1.0;1.0;15.0;A01
41593;201500027512;0;7;0;0.0;2.0;1.0;1.0;A01
41594;201500027512;0;33;0;0.0;2.0;3.0;1.0;B01
41595;201500027513;0;2;0;0.0;0.0;0.0;1.0;A01
41596;201500027514;0;2;0;0.0;2.0;1.0;1.0;B01
41597;201500027514;0;7;0;0.0;2.0;7.0;15.0;A01
41598;201500027515;0;1;0;0.0;2.0;1.0;1.0;B01
41599;201500027515;0;7;0;0.0;2.0;7.0;16.0;A01
41600;201500027516;0;7;0;0.0;1.0;1.0;1.0;A01
41601;201500027517;0;1;0;0.0;0.0;0.0;0.0;B01
41602;201500027517;0;7;0;0.0;2.0;1.0;1.0;A01
41603;201500027518;0;7;0;0.0;1.0;1.0;1.0;A01
41604;201500027519;0;7;0;0.0;1.0;1.0;1.0;A01
41605;201500027520;0;31;0;0.0;2.0;1.0;1.0;B01
41606;201500027520;0;7;0;0.0;2.0;1.0;9.0;A01
41607;201500027521;0;2;0;0.0;2.0;2.0;1.0;A01
41608;201500027521;0;10;0;0.0;2.0;1.0;1.0;B01
41609;201500027522;0;2;0;0.0;1.0;0.0;21.0;A01
41610;201500027523;0;1;0;0.0;0.0;0.0;0.0;B01
41611;201500027523;0;7;0;0.0;2.0;3.0;15.0;A01
41612;201500027524;0;7;0;9.0;0.0;0.0;1.0;A01
41613;201500027525;0;2;0;0.0;2.0;6.0;1.0;A01
41614;201500027525;0;7;0;0.0;2.0;2.0;15.0;B01
41615;201500027526;1;2;0;0.0;2.0;1.0;16.0;Z01
41616;201500027526;0;7;0;0.0;2.0;8.0;1.0;B01
41617;201500027527;0;2;0;0.0;0.0;0.0;1.0;A01
41618;201500027528;0;3;0;0.0;2.0;3.0;1.0;A01
41619;201500027528;0;33;0;0.0;2.0;1.0;1.0;B01
41620;201500027529;0;2;0;0.0;2.0;1.0;1.0;A01
41621;201500027529;0;7;0;0.0;2.0;8.0;1.0;B01
41622;201500027530;0;7;0;0.0;1.0;1.0;1.0;A01
41623;201500027531;0;1;0;0.0;2.0;0.0;1.0;B01
41624;201500027531;0;7;0;0.0;2.0;3.0;15.0;A01
41625;201500027532;0;33;0;0.0;0.0;0.0;1.0;A01
41626;201500027533;0;7;0;0.0;2.0;1.0;1.0;A01
41627;201500027533;0;7;0;0.0;2.0;1.0;1.0;C01
41628;201500027533;0;7;0;0.0;2.0;4.0;1.0;B01
41629;201500027535;0;7;0;0.0;0.0;1.0;0.0;A01
41630;201500027535;0;7;0;0.0;0.0;3.0;0.0;B01
41631;201500027536;0;7;0;0.0;0.0;8.0;1.0;A01
41632;201500027537;0;31;0;0.0;0.0;2.0;1.0;A01
41633;201500027537;0;7;0;0.0;0.0;4.0;1.0;B01
41634;201500027538;0;2;0;0.0;0.0;2.0;0.0;A01
41635;201500027538;0;7;0;0.0;0.0;3.0;1.0;B01
41636;201500027539;0;7;0;0.0;0.0;4.0;1.0;B01
41637;201500027539;0;7;0;0.0;0.0;1.0;23.0;A01
41638;201500027540;0;7;0;0.0;1.0;0.0;0.0;A01
41639;201500027541;0;7;0;0.0;0.0;0.0;0.0;A01
41640;201500027541;0;7;0;0.0;0.0;0.0;0.0;B01
41641;201500027542;0;1;0;0.0;0.0;0.0;0.0;B01
41642;201500027542;0;7;0;0.0;0.0;1.0;0.0;A01
41643;201500027544;0;7;0;2.0;0.0;1.0;1.0;A01
41644;201500027545;0;7;0;0.0;2.0;4.0;1.0;B01
41645;201500027545;0;7;0;0.0;2.0;1.0;1.0;A01
41646;201500027546;0;7;0;0.0;2.0;7.0;16.0;A01
41647;201500027546;0;1;0;0.0;2.0;1.0;1.0;B01
41648;201500027547;0;1;0;0.0;2.0;0.0;16.0;B01
41649;201500027547;0;33;0;0.0;2.0;1.0;1.0;A01
41650;201500027548;0;2;0;0.0;0.0;0.0;15.0;A01
41651;201500027548;1;7;0;0.0;2.0;0.0;0.0;Z01
41652;201500027549;0;7;0;0.0;0.0;2.0;15.0;A01
41653;201500027549;0;2;0;0.0;0.0;1.0;1.0;B01
41654;201500027550;0;2;0;0.0;2.0;1.0;1.0;B01
41655;201500027550;0;7;0;0.0;2.0;4.0;20.0;A01
41656;201500027551;0;7;0;0.0;2.0;1.0;1.0;A01
41657;201500027551;0;7;0;0.0;2.0;4.0;1.0;B01
41658;201500027552;0;7;0;0.0;2.0;3.0;9.0;A01
41659;201500027552;0;7;0;0.0;2.0;2.0;1.0;B01
41660;201500027554;0;7;0;2.0;2.0;1.0;1.0;A01
41661;201500027555;0;33;0;0.0;0.0;0.0;21.0;B01
41662;201500027555;0;7;0;0.0;0.0;0.0;15.0;A01
41663;201500027556;0;2;0;0.0;2.0;0.0;0.0;A01
41664;201500027556;0;7;0;0.0;2.0;0.0;0.0;B01
41665;201500027557;0;7;0;0.0;2.0;1.0;1.0;B01
41666;201500027557;0;7;0;0.0;2.0;3.0;1.0;A01
41667;201500027559;0;1;0;0.0;2.0;0.0;1.0;B01
41668;201500027559;0;7;0;0.0;2.0;1.0;1.0;A01
41669;201500027560;0;7;0;13.0;0.0;0.0;1.0;A01
41670;201500027561;0;33;0;16.0;0.0;0.0;1.0;A01
41671;201500027563;0;7;0;0.0;2.0;2.0;10.0;A01
41672;201500027563;0;32;0;0.0;2.0;1.0;1.0;B01
41673;201500027565;0;14;0;0.0;2.0;3.0;15.0;B01
41674;201500027565;0;7;0;6.0;2.0;2.0;16.0;A01
41675;201500027566;0;33;0;0.0;0.0;0.0;1.0;A01
41676;201500027567;0;2;0;0.0;2.0;7.0;15.0;A01
41677;201500027567;0;7;0;0.0;2.0;3.0;1.0;B01
41678;201500027569;0;7;0;0.0;0.0;3.0;0.0;B01
41679;201500027569;0;7;0;0.0;0.0;1.0;0.0;A01
41680;201500027570;0;7;0;0.0;0.0;4.0;24.0;D01
41681;201500027570;0;7;0;0.0;0.0;1.0;0.0;A01
41682;201500027570;0;7;0;0.0;0.0;5.0;24.0;C01
41683;201500027570;0;7;0;0.0;0.0;7.0;24.0;B01
41684;201500027571;0;7;0;0.0;0.0;1.0;1.0;A01
41685;201500027572;0;7;0;0.0;0.0;3.0;0.0;B01
41686;201500027572;0;2;0;0.0;0.0;7.0;15.0;A01
41687;201500027573;0;7;0;0.0;0.0;6.0;23.0;B01
41688;201500027573;0;31;0;0.0;0.0;7.0;1.0;A01
41689;201500027574;0;1;0;0.0;0.0;1.0;19.0;B01
41690;201500027574;0;7;0;0.0;0.0;2.0;1.0;A01
41691;201500027575;0;7;0;0.0;0.0;6.0;16.0;B01
41692;201500027575;0;2;0;0.0;0.0;1.0;1.0;A01
41693;201500027576;1;7;0;0.0;1.0;0.0;0.0;Z01
41694;201500027577;0;7;0;0.0;0.0;2.0;1.0;B01
41695;201500027577;0;7;0;0.0;0.0;3.0;16.0;A01
41696;201500027578;0;7;0;0.0;0.0;8.0;1.0;A01
41697;201500027578;0;7;0;0.0;0.0;1.0;1.0;B01
41698;201500027579;0;7;0;0.0;0.0;2.0;1.0;A01
41699;201500027579;0;7;0;0.0;0.0;3.0;24.0;B01
41700;201500027579;0;7;0;0.0;0.0;2.0;24.0;C01
41701;201500027581;0;2;0;0.0;0.0;0.0;1.0;A01
41702;201500027582;1;7;0;0.0;1.0;0.0;0.0;Z01
41703;201500027583;1;7;0;0.0;1.0;1.0;1.0;A01
41704;201500027584;0;7;0;0.0;1.0;1.0;15.0;A01
41705;201500027585;0;7;0;0.0;2.0;3.0;15.0;A01
41706;201500027585;0;7;0;0.0;2.0;3.0;1.0;B01
41707;201500027585;0;1;0;0.0;2.0;6.0;1.0;C01
41708;201500027586;0;7;0;8.0;0.0;3.0;1.0;A01
41709;201500027587;0;7;0;0.0;2.0;8.0;1.0;B01
41710;201500027587;0;15;0;0.0;2.0;3.0;1.0;A01
41711;201500027588;0;15;0;0.0;2.0;8.0;17.0;A01
41712;201500027588;0;7;0;0.0;2.0;1.0;1.0;B01
41713;201500027589;0;7;0;0.0;2.0;1.0;1.0;B01
41714;201500027589;0;7;0;0.0;2.0;7.0;1.0;A01
41715;201500027590;0;7;0;0.0;2.0;1.0;1.0;B01
41716;201500027590;0;7;0;0.0;2.0;1.0;1.0;A01
41717;201500027591;0;30;0;0.0;2.0;0.0;0.0;A01
41718;201500027591;0;7;0;0.0;2.0;0.0;1.0;B01
41719;201500027592;0;1;0;0.0;0.0;0.0;1.0;A01
41720;201500027593;0;7;0;0.0;1.0;1.0;1.0;A01
41721;201500027594;0;40;0;0.0;1.0;1.0;1.0;A01
41722;201500027595;0;7;0;0.0;0.0;9.0;2.0;A01
41723;201500027595;0;7;0;0.0;0.0;4.0;24.0;B01
41724;201500027595;0;7;0;0.0;0.0;4.0;24.0;C01
41725;201500027596;0;7;0;0.0;0.0;9.0;10.0;A01
41726;201500027596;0;7;0;0.0;0.0;2.0;1.0;B01
41727;201500027596;0;7;0;0.0;0.0;4.0;24.0;C01
41728;201500027596;0;7;0;0.0;0.0;4.0;24.0;D01
41729;201500027596;0;7;0;0.0;0.0;1.0;24.0;E01
41730;201500027597;0;7;0;0.0;2.0;3.0;1.0;A01
41731;201500027597;0;7;0;0.0;2.0;3.0;1.0;B01
41732;201500027598;0;1;0;0.0;2.0;0.0;1.0;B01
41733;201500027598;0;7;0;0.0;2.0;2.0;15.0;A01
41734;201500027599;0;7;0;0.0;2.0;2.0;1.0;B01
41735;201500027599;0;1;0;0.0;2.0;4.0;11.0;A01
41736;201500027600;0;7;0;0.0;2.0;3.0;1.0;B01
41737;201500027600;0;7;0;0.0;2.0;7.0;10.0;A01
41738;201500027601;0;7;0;0.0;2.0;3.0;1.0;B01
41739;201500027601;0;7;0;0.0;2.0;1.0;1.0;A01
41740;201500027602;0;7;0;0.0;2.0;1.0;1.0;A01
41741;201500027602;0;7;0;0.0;2.0;4.0;1.0;B01
41742;201500027602;0;7;0;0.0;2.0;4.0;1.0;C01
41743;201500027603;0;1;0;0.0;1.0;0.0;18.0;A01
41744;201500027604;0;7;0;0.0;1.0;1.0;15.0;A01
41745;201500027605;0;1;0;0.0;2.0;2.0;1.0;B01
41746;201500027605;0;7;0;0.0;2.0;2.0;15.0;A01
41747;201500027606;0;7;0;0.0;1.0;1.0;1.0;A01
41748;201500027607;0;33;0;0.0;0.0;0.0;21.0;B01
41749;201500027607;0;7;0;0.0;0.0;0.0;9.0;A01
41750;201500027608;0;2;0;0.0;0.0;0.0;1.0;A01
41751;201500027609;0;1;0;0.0;2.0;4.0;1.0;B01
41752;201500027609;0;7;0;0.0;2.0;1.0;1.0;A01
41753;201500027610;0;7;0;0.0;2.0;1.0;1.0;A01
41754;201500027610;0;7;0;0.0;2.0;2.0;1.0;B01
41755;201500027611;0;7;0;0.0;2.0;4.0;20.0;A01
41756;201500027611;0;1;0;0.0;2.0;0.0;1.0;B01
41757;201500027612;0;7;0;0.0;2.0;4.0;23.0;C01
41758;201500027612;0;7;0;0.0;2.0;4.0;23.0;B01
41759;201500027612;0;7;0;0.0;2.0;1.0;1.0;A01
41760;201500027613;0;2;0;0.0;2.0;0.0;1.0;B01
41761;201500027613;0;7;0;0.0;2.0;3.0;1.0;A01
41762;201500027614;0;1;0;0.0;2.0;8.0;1.0;A01
41763;201500027614;0;7;0;0.0;2.0;1.0;1.0;B01
41764;201500027615;0;1;0;0.0;2.0;7.0;1.0;B01
41765;201500027615;0;7;0;0.0;2.0;1.0;1.0;A01
41766;201500027616;0;7;0;0.0;2.0;1.0;1.0;A01
41767;201500027616;0;7;0;0.0;2.0;4.0;0.0;B01
41768;201500027617;0;7;0;0.0;1.0;2.0;1.0;A01
41769;201500027618;0;7;0;3.0;0.0;1.0;15.0;A01
41770;201500027619;0;7;0;0.0;2.0;3.0;1.0;A01
41771;201500027619;0;7;0;0.0;2.0;7.0;1.0;B01
41772;201500027620;0;1;0;0.0;2.0;7.0;1.0;B01
41773;201500027620;0;7;0;0.0;2.0;8.0;22.0;A01
41774;201500027621;0;7;0;0.0;0.0;0.0;1.0;A01
41775;201500027623;0;7;0;0.0;2.0;3.0;1.0;B01
41776;201500027623;0;7;0;0.0;2.0;5.0;1.0;A01
41777;201500027624;0;7;0;0.0;2.0;4.0;1.0;B01
41778;201500027624;0;7;0;0.0;2.0;1.0;1.0;A01
41779;201500027624;0;7;0;0.0;2.0;4.0;1.0;C01
41780;201500027625;0;7;0;0.0;2.0;8.0;13.0;A01
41781;201500027625;0;1;0;0.0;2.0;0.0;1.0;B01
41782;201500027626;0;7;0;0.0;1.0;1.0;1.0;A01
41783;201500027627;0;7;0;0.0;1.0;1.0;1.0;A01
41784;201500027628;0;7;0;0.0;1.0;1.0;1.0;A01
41785;201500027629;0;2;0;0.0;2.0;0.0;15.0;A01
41786;201500027629;0;7;0;0.0;2.0;1.0;1.0;B01
41787;201500027630;0;7;0;0.0;2.0;2.0;15.0;A01
41788;201500027630;0;7;0;0.0;2.0;3.0;1.0;B01
41789;201500027631;0;2;0;0.0;2.0;1.0;1.0;A01
41790;201500027631;0;7;0;0.0;2.0;7.0;1.0;B01
41791;201500027632;0;7;0;0.0;2.0;8.0;10.0;A01
41792;201500027632;0;1;0;0.0;2.0;1.0;1.0;B01
41793;201500027633;0;2;0;0.0;2.0;7.0;1.0;B01
41794;201500027633;0;7;0;0.0;2.0;1.0;1.0;A01
41795;201500027635;0;32;0;0.0;2.0;7.0;1.0;B01
41796;201500027635;0;7;0;0.0;2.0;3.0;15.0;A01
41797;201500027636;0;7;0;0.0;2.0;1.0;1.0;A01
41798;201500027636;0;7;0;0.0;2.0;8.0;15.0;B01
41799;201500027637;0;7;0;0.0;2.0;1.0;13.0;A01
41800;201500027637;0;1;0;0.0;2.0;1.0;0.0;B01
41801;201500027637;0;7;0;0.0;0.0;0.0;24.0;C01
41802;201500027638;0;30;0;0.0;2.0;1.0;1.0;A01
41803;201500027638;0;7;0;0.0;2.0;2.0;0.0;B01
41804;201500027639;0;3;0;0.0;2.0;1.0;2.0;A01
41805;201500027639;0;7;0;0.0;0.0;4.0;23.0;B01
41806;201500027640;0;13;0;0.0;1.0;1.0;2.0;A01
41807;201500027641;0;7;0;8.0;0.0;1.0;1.0;A01
41808;201500027642;0;7;0;3.0;0.0;1.0;1.0;A01
41809;201500027643;0;7;0;0.0;2.0;3.0;15.0;A01
41810;201500027643;0;30;0;0.0;2.0;3.0;1.0;B01
41811;201500027644;0;7;0;0.0;2.0;1.0;1.0;A01
41812;201500027644;0;7;0;0.0;2.0;4.0;1.0;B01
41813;201500027644;0;7;0;0.0;2.0;4.0;1.0;C01
41814;201500027645;0;7;0;0.0;2.0;1.0;1.0;A01
41815;201500027645;0;7;0;0.0;2.0;4.0;1.0;B01
41816;201500027646;0;1;0;0.0;2.0;0.0;1.0;B01
41817;201500027646;0;7;0;0.0;2.0;7.0;16.0;A01
41818;201500027647;0;7;0;0.0;1.0;1.0;1.0;A01
41819;201500027648;0;2;0;0.0;0.0;0.0;1.0;A01
41820;201500027649;0;7;0;8.0;0.0;1.0;1.0;A01