;Num_Acc;senc;catv;occutc;obs;obsm;choc;manv;num_veh
41821;201500027650;0;7;0;8.0;0.0;0.0;0.0;A01
41822;201500027651;0;7;0;0.0;1.0;1.0;16.0;A01
41823;201500027652;0;7;0;0.0;2.0;3.0;16.0;A01
41824;201500027652;0;31;0;0.0;2.0;1.0;1.0;B01
41825;201500027653;0;7;0;0.0;0.0;1.0;1.0;A01
41826;201500027654;0;7;0;0.0;0.0;3.0;1.0;B01
41827;201500027654;0;7;0;0.0;0.0;3.0;15.0;A01
41828;201500027655;0;7;0;0.0;0.0;1.0;1.0;A01
41829;201500027656;0;7;0;0.0;0.0;6.0;20.0;A01
41830;201500027656;0;7;0;0.0;0.0;1.0;1.0;B01
41831;201500027657;0;7;0;0.0;0.0;5.0;16.0;A01
41832;201500027657;0;1;0;0.0;0.0;8.0;1.0;B01
41833;201500027658;0;7;0;0.0;0.0;1.0;13.0;A01
41834;201500027658;0;7;0;0.0;0.0;1.0;1.0;B01
41835;201500027659;0;7;0;0.0;2.0;1.0;15.0;A01
41836;201500027659;0;1;0;0.0;2.0;3.0;1.0;B01
41837;201500027660;0;7;0;0.0;2.0;8.0;1.0;A01
41838;201500027660;0;7;0;0.0;2.0;2.0;1.0;B01
41839;201500027661;0;7;0;0.0;2.0;7.0;16.0;A01
41840;201500027661;0;1;0;0.0;0.0;0.0;0.0;B01
41841;201500027662;0;7;0;0.0;2.0;4.0;1.0;B01
41842;201500027662;0;7;0;0.0;2.0;1.0;1.0;A01
41843;201500027663;0;7;0;0.0;2.0;1.0;1.0;B01
41844;201500027663;0;7;0;0.0;2.0;8.0;1.0;A01
41845;201500027664;0;33;0;0.0;0.0;0.0;1.0;A01
41846;201500027665;0;7;0;0.0;0.0;0.0;1.0;A01
41847;201500027666;0;7;0;0.0;1.0;0.0;0.0;A01
41848;201500027667;0;7;0;0.0;1.0;1.0;15.0;A01
41849;201500027668;0;34;0;0.0;0.0;0.0;1.0;A01
41850;201500027670;0;7;0;0.0;2.0;7.0;16.0;B01
41851;201500027670;0;1;0;0.0;2.0;1.0;1.0;A01
41852;201500027671;0;7;0;14.0;1.0;0.0;1.0;A01
41853;201500027672;0;1;0;0.0;2.0;8.0;0.0;B01
41854;201500027672;0;7;0;0.0;2.0;7.0;0.0;A01
41855;201500027673;0;7;0;0.0;0.0;4.0;0.0;A01
41856;201500027673;0;7;0;0.0;2.0;1.0;0.0;B01
41857;201500027674;0;7;0;0.0;1.0;7.0;0.0;A01
41858;201500027675;0;7;0;0.0;1.0;0.0;;A01
41859;201500027676;0;7;0;0.0;2.0;4.0;1.0;B01
41860;201500027676;0;7;0;0.0;2.0;1.0;1.0;A01
41861;201500027677;0;7;0;0.0;1.0;1.0;1.0;A01
41862;201500027678;0;7;0;0.0;2.0;3.0;1.0;B01
41863;201500027678;0;7;0;0.0;2.0;2.0;1.0;A01
41864;201500027679;0;3;0;12.0;0.0;0.0;1.0;A01
41865;201500027680;0;7;0;10.0;0.0;1.0;1.0;A01
41866;201500027681;0;37;0;0.0;2.0;8.0;1.0;B01
41867;201500027681;0;2;0;0.0;2.0;7.0;1.0;A01
41868;201500027682;0;1;0;0.0;2.0;8.0;1.0;B01
41869;201500027682;0;7;0;0.0;2.0;7.0;16.0;A01
41870;201500027683;0;2;0;0.0;0.0;0.0;1.0;A01
41871;201500027684;0;7;0;0.0;2.0;1.0;1.0;A01
41872;201500027684;0;7;0;0.0;2.0;4.0;1.0;B01
41873;201500027685;0;7;0;0.0;2.0;0.0;1.0;B01
41874;201500027685;0;7;0;0.0;2.0;2.0;12.0;A01
41875;201500027686;0;7;0;0.0;2.0;1.0;1.0;A01
41876;201500027686;0;7;0;0.0;2.0;4.0;1.0;B01
41877;201500027687;0;7;0;0.0;2.0;1.0;1.0;A01
41878;201500027687;0;7;0;0.0;2.0;4.0;1.0;B01
41879;201500027688;0;7;0;0.0;1.0;1.0;1.0;A01
41880;201500027690;0;2;0;0.0;0.0;0.0;1.0;A01
41881;201500027691;0;7;0;0.0;2.0;7.0;16.0;A01
41882;201500027691;0;1;0;0.0;2.0;8.0;1.0;B01
41883;201500027692;0;7;0;0.0;1.0;1.0;1.0;A01
41884;201500027693;0;7;0;0.0;2.0;3.0;20.0;A01
41885;201500027693;0;7;0;0.0;0.0;2.0;1.0;B01
41886;201500027694;0;10;0;0.0;2.0;3.0;15.0;A01
41887;201500027694;0;30;0;0.0;2.0;1.0;1.0;B01
41888;201500027695;0;30;0;0.0;2.0;1.0;1.0;A01
41889;201500027695;0;7;0;0.0;2.0;7.0;0.0;B01
41890;201500027696;0;1;0;0.0;0.0;0.0;0.0;A01
41891;201500027697;1;1;0;0.0;1.0;1.0;1.0;Z01
41892;201500027698;0;7;0;0.0;2.0;0.0;0.0;B01
41893;201500027698;0;7;0;0.0;0.0;0.0;0.0;A01
41894;201500027699;0;7;0;0.0;1.0;1.0;0.0;A01
41895;201500027700;0;33;0;0.0;0.0;0.0;1.0;A01
41896;201500027701;0;7;0;0.0;2.0;8.0;1.0;A01
41897;201500027701;0;33;0;0.0;2.0;1.0;1.0;B01
41898;201500027702;0;7;0;2.0;0.0;1.0;1.0;A01
41899;201500027704;0;30;0;0.0;2.0;1.0;1.0;B01
41900;201500027704;0;7;0;0.0;2.0;1.0;15.0;A01
41901;201500027705;0;7;0;13.0;0.0;1.0;0.0;A01
41902;201500027706;0;7;0;0.0;2.0;2.0;15.0;A01
41903;201500027706;0;7;0;1.0;2.0;4.0;1.0;B01
41904;201500027707;0;7;0;0.0;1.0;1.0;1.0;A01
41905;201500027708;0;7;0;0.0;2.0;2.0;1.0;A01
41906;201500027708;0;7;0;0.0;2.0;8.0;1.0;B01
41907;201500027709;0;7;0;0.0;2.0;8.0;1.0;A01
41908;201500027709;0;7;0;0.0;2.0;3.0;0.0;B01
41909;201500027710;0;7;0;0.0;2.0;1.0;1.0;A01
41910;201500027710;0;7;0;0.0;2.0;4.0;1.0;B01
41911;201500027711;0;7;0;0.0;2.0;3.0;1.0;B01
41912;201500027711;0;7;0;0.0;2.0;2.0;15.0;A01
41913;201500027712;0;7;0;0.0;2.0;1.0;2.0;A01
41914;201500027712;0;7;0;0.0;0.0;4.0;2.0;C01
41915;201500027712;0;7;0;0.0;0.0;4.0;2.0;B01
41916;201500027713;0;7;0;0.0;2.0;2.0;16.0;A01
41917;201500027713;0;7;0;0.0;2.0;3.0;7.0;B01
41918;201500027714;0;7;0;0.0;2.0;0.0;0.0;A01
41919;201500027714;0;7;0;0.0;0.0;0.0;0.0;B01
41920;201500027715;0;30;0;0.0;0.0;1.0;0.0;A01
41921;201500027716;0;7;0;0.0;1.0;2.0;1.0;A01
41922;201500027717;0;7;0;0.0;2.0;1.0;1.0;B01
41923;201500027717;0;7;0;0.0;2.0;1.0;0.0;A01
41924;201500027719;0;2;0;0.0;0.0;7.0;1.0;A01
41925;201500027720;0;7;0;0.0;2.0;2.0;22.0;A01
41926;201500027720;0;2;0;0.0;2.0;1.0;1.0;B01
41927;201500027722;1;30;0;0.0;1.0;0.0;0.0;A01
41928;201500027723;0;7;0;0.0;1.0;1.0;1.0;A01
41929;201500027724;0;7;0;0.0;2.0;2.0;16.0;A01
41930;201500027724;0;1;0;0.0;2.0;1.0;18.0;B01
41931;201500027726;0;7;0;0.0;2.0;3.0;1.0;B01
41932;201500027726;0;7;0;0.0;2.0;1.0;15.0;A01
41933;201500027727;0;10;0;0.0;1.0;3.0;15.0;A01
41934;201500027728;0;7;0;14.0;0.0;3.0;0.0;A01
41935;201500027729;0;7;0;0.0;1.0;3.0;1.0;A01
41936;201500027731;0;7;0;0.0;2.0;2.0;1.0;B01
41937;201500027731;1;7;0;0.0;2.0;3.0;1.0;A01
41938;201500027732;0;7;0;0.0;0.0;0.0;0.0;B01
41939;201500027732;0;7;0;0.0;2.0;1.0;2.0;A01
41940;201500027733;0;7;0;0.0;1.0;1.0;1.0;A01
41941;201500027734;0;7;0;0.0;2.0;3.0;17.0;A01
41942;201500027734;0;33;0;0.0;2.0;5.0;17.0;B01
41943;201500027735;1;7;0;0.0;1.0;1.0;1.0;A01
41944;201500027736;0;7;0;8.0;0.0;1.0;14.0;A01
41945;201500027737;1;7;0;0.0;1.0;0.0;0.0;Z01
41946;201500027738;0;2;0;0.0;1.0;1.0;2.0;A01
41947;201500027739;1;7;0;0.0;1.0;0.0;0.0;A01
41948;201500027740;0;7;0;0.0;1.0;3.0;1.0;A01
41949;201500027741;0;7;0;0.0;2.0;6.0;13.0;A01
41950;201500027741;0;7;0;0.0;2.0;8.0;1.0;B01
41951;201500027742;0;7;0;0.0;2.0;3.0;1.0;B01
41952;201500027742;0;30;0;0.0;2.0;2.0;15.0;A01
41953;201500027743;0;7;0;0.0;1.0;1.0;1.0;A01
41954;201500027744;0;7;0;0.0;1.0;3.0;1.0;A01
41955;201500027745;0;7;0;0.0;2.0;3.0;21.0;B01
41956;201500027745;0;7;0;0.0;2.0;2.0;16.0;A01
41957;201500027746;0;7;0;0.0;2.0;7.0;2.0;A01
41958;201500027746;0;7;0;0.0;2.0;1.0;1.0;B01
41959;201500027747;0;7;0;0.0;2.0;1.0;11.0;A01
41960;201500027747;0;7;0;3.0;0.0;4.0;23.0;B01
41961;201500027750;0;2;0;0.0;0.0;1.0;1.0;A01
41962;201500027751;0;7;0;0.0;1.0;1.0;1.0;A01
41963;201500027752;0;7;0;0.0;2.0;1.0;1.0;B01
41964;201500027752;0;7;0;0.0;2.0;0.0;13.0;A01
41965;201500027753;0;30;0;0.0;1.0;1.0;1.0;A01
41966;201500027754;0;7;0;0.0;1.0;1.0;1.0;A01
41967;201500027755;0;7;0;0.0;2.0;1.0;9.0;A01
41968;201500027755;0;7;0;0.0;2.0;7.0;0.0;B01
41969;201500027756;0;7;0;0.0;2.0;3.0;15.0;A01
41970;201500027756;0;7;0;0.0;2.0;2.0;2.0;B01
41971;201500027757;0;7;0;0.0;1.0;1.0;14.0;A01
41972;201500027758;0;7;0;0.0;2.0;2.0;15.0;B01
41973;201500027758;0;7;0;0.0;2.0;1.0;15.0;C01
41974;201500027758;0;7;0;0.0;2.0;1.0;2.0;A01
41975;201500027760;0;7;0;0.0;2.0;1.0;19.0;A01
41976;201500027760;0;7;0;0.0;2.0;7.0;1.0;B01
41977;201500027761;2;7;0;0.0;2.0;1.0;19.0;A01
41978;201500027761;0;7;0;0.0;2.0;3.0;1.0;B01
41979;201500027762;0;7;0;14.0;2.0;1.0;1.0;A01
41980;201500027762;0;7;0;0.0;2.0;4.0;1.0;B01
41981;201500027763;0;7;0;0.0;2.0;3.0;19.0;A01
41982;201500027763;0;2;0;0.0;2.0;1.0;0.0;B01
41983;201500027764;0;7;0;0.0;2.0;3.0;0.0;A01
41984;201500027764;0;30;0;0.0;0.0;0.0;0.0;B01
41985;201500027766;0;7;0;0.0;2.0;8.0;0.0;B01
41986;201500027766;0;15;0;0.0;2.0;1.0;0.0;A01
41987;201500027767;0;7;0;0.0;2.0;1.0;9.0;A01
41988;201500027767;0;1;0;0.0;2.0;7.0;2.0;B01
41989;201500027768;0;1;0;0.0;2.0;0.0;0.0;B01
41990;201500027768;0;7;0;0.0;2.0;8.0;1.0;A01
41991;201500027769;0;7;0;0.0;2.0;8.0;2.0;B01
41992;201500027769;0;7;0;0.0;2.0;3.0;13.0;A01
41993;201500027770;0;2;0;0.0;2.0;4.0;2.0;A01
41994;201500027770;0;7;0;0.0;2.0;4.0;23.0;B01
41995;201500027771;0;7;0;0.0;2.0;1.0;2.0;A01
41996;201500027771;0;7;0;0.0;2.0;4.0;23.0;B01
41997;201500027771;0;7;0;0.0;2.0;4.0;23.0;C01
41998;201500027772;0;7;0;1.0;0.0;1.0;21.0;A01
41999;201500027773;0;7;0;0.0;1.0;1.0;1.0;A01
42000;201500027774;0;7;0;6.0;0.0;1.0;19.0;A01
42001;201500027775;0;1;0;0.0;9.0;1.0;2.0;A01
42002;201500027776;0;7;0;0.0;2.0;1.0;1.0;A01
42003;201500027776;0;7;0;4.0;2.0;4.0;2.0;B01
42004;201500027777;0;30;0;12.0;0.0;0.0;14.0;A01
42005;201500027778;0;13;0;0.0;2.0;1.0;2.0;A01
42006;201500027778;0;7;0;14.0;2.0;4.0;23.0;B01
42007;201500027779;0;7;0;0.0;2.0;1.0;2.0;A01
42008;201500027779;0;7;0;0.0;2.0;4.0;23.0;B01
42009;201500027780;0;7;0;14.0;2.0;8.0;13.0;A01
42010;201500027780;0;7;0;0.0;2.0;7.0;1.0;B01
42011;201500027781;0;30;0;0.0;2.0;1.0;2.0;A01
42012;201500027781;0;7;0;0.0;2.0;4.0;23.0;B01
42013;201500027782;0;7;0;0.0;1.0;8.0;15.0;A01
42014;201500027783;0;30;0;0.0;0.0;0.0;15.0;A01
42015;201500027784;0;7;0;0.0;2.0;1.0;1.0;A01
42016;201500027784;0;7;0;0.0;2.0;3.0;15.0;B01
42017;201500027785;0;7;0;0.0;2.0;3.0;1.0;B01
42018;201500027785;0;2;0;0.0;2.0;0.0;1.0;A01
42019;201500027786;0;7;0;0.0;2.0;4.0;1.0;B01
42020;201500027786;0;7;0;0.0;2.0;4.0;1.0;C01
42021;201500027786;0;10;0;0.0;2.0;1.0;1.0;A01
42022;201500027786;0;10;0;0.0;2.0;5.0;1.0;D01
42023;201500027787;0;10;0;0.0;2.0;1.0;15.0;A01
42024;201500027787;0;7;0;0.0;2.0;8.0;1.0;B01
42025;201500027788;0;7;0;0.0;2.0;3.0;15.0;A01
42026;201500027788;0;7;0;0.0;2.0;1.0;1.0;B01
42027;201500027789;0;2;0;0.0;2.0;4.0;1.0;B01
42028;201500027789;1;7;0;0.0;2.0;1.0;1.0;A01
42029;201500027790;0;7;0;0.0;1.0;7.0;1.0;A01
42030;201500027791;0;7;0;0.0;1.0;1.0;16.0;A01
42031;201500027792;0;33;0;0.0;2.0;1.0;0.0;A01
42032;201500027792;0;33;0;0.0;2.0;4.0;1.0;B01
42033;201500027793;0;7;0;0.0;2.0;8.0;24.0;A01
42034;201500027793;0;1;0;1.0;0.0;1.0;1.0;B01
42035;201500027794;0;37;0;0.0;2.0;1.0;1.0;A01
42036;201500027794;0;7;0;0.0;2.0;1.0;23.0;C01
42037;201500027794;0;7;0;0.0;2.0;8.0;1.0;B01
42038;201500027795;0;7;0;0.0;2.0;3.0;13.0;A01
42039;201500027795;0;15;0;0.0;2.0;3.0;1.0;B01
42040;201500027796;0;7;0;0.0;2.0;1.0;1.0;B01
42041;201500027796;0;10;0;0.0;2.0;3.0;13.0;A01
42042;201500027797;0;33;0;12.0;0.0;7.0;1.0;A01
42043;201500027798;0;30;0;0.0;1.0;1.0;1.0;A01
42044;201500027799;0;7;0;6.0;0.0;2.0;14.0;A01
42045;201500027799;0;7;0;0.0;2.0;5.0;24.0;B01
42046;201500027800;2;7;0;0.0;2.0;2.0;1.0;A01
42047;201500027800;0;7;0;7.0;2.0;8.0;15.0;B01
42048;201500027802;0;7;0;3.0;2.0;9.0;11.0;A01
42049;201500027802;0;15;0;0.0;2.0;2.0;1.0;B01
42050;201500027802;0;7;0;0.0;2.0;1.0;1.0;C01
42051;201500027802;0;7;0;0.0;2.0;1.0;1.0;D01
42052;201500027803;0;7;0;0.0;2.0;1.0;1.0;A01
42053;201500027803;0;32;0;0.0;0.0;0.0;0.0;B01
42054;201500027804;0;30;0;0.0;2.0;1.0;5.0;A01
42055;201500027804;0;7;0;0.0;2.0;1.0;1.0;B01
42056;201500027805;0;7;0;0.0;1.0;1.0;1.0;A01
42057;201500027806;2;7;0;0.0;2.0;7.0;20.0;A01
42058;201500027806;0;30;0;0.0;2.0;1.0;3.0;B01
42059;201500027807;0;7;0;0.0;1.0;2.0;1.0;A01
42060;201500027808;0;7;0;0.0;1.0;2.0;1.0;A01
42061;201500027809;0;7;0;0.0;1.0;1.0;1.0;A01
42062;201500027810;0;7;0;0.0;1.0;3.0;1.0;A01
42063;201500027811;0;33;0;0.0;2.0;5.0;1.0;A01
42064;201500027812;0;7;0;0.0;1.0;4.0;4.0;A01
42065;201500027813;0;7;0;0.0;2.0;3.0;15.0;A01
42066;201500027813;0;7;0;0.0;2.0;3.0;1.0;B01
42067;201500027814;0;7;0;0.0;1.0;3.0;1.0;A01
42068;201500027816;0;7;0;0.0;2.0;7.0;15.0;A01
42069;201500027816;0;7;0;0.0;2.0;1.0;1.0;B01
42070;201500027817;0;7;0;0.0;1.0;4.0;23.0;B01
42071;201500027817;0;7;0;0.0;2.0;1.0;1.0;A01
42072;201500027818;0;7;0;0.0;2.0;3.0;13.0;A01
42073;201500027818;0;14;0;0.0;2.0;6.0;1.0;B01
42074;201500027818;0;7;0;0.0;2.0;1.0;1.0;C01
42075;201500027818;0;14;0;0.0;2.0;2.0;1.0;D01
42076;201500027819;0;7;0;0.0;2.0;1.0;13.0;A01
42077;201500027819;0;7;0;0.0;2.0;8.0;1.0;B01
42078;201500027820;0;7;0;0.0;2.0;3.0;15.0;A01
42079;201500027820;0;7;0;0.0;2.0;1.0;1.0;B01
42080;201500027820;0;7;0;0.0;2.0;1.0;2.0;C01
42081;201500027823;0;7;0;0.0;2.0;4.0;1.0;A01
42082;201500027823;0;2;0;0.0;2.0;1.0;2.0;B01
42083;201500027826;1;7;0;0.0;2.0;1.0;19.0;Z01
42084;201500027826;0;30;0;0.0;2.0;8.0;1.0;A01
42085;201500027827;0;1;0;0.0;2.0;1.0;1.0;B01
42086;201500027827;0;7;0;0.0;2.0;3.0;15.0;A01
42087;201500027828;0;16;0;0.0;0.0;0.0;2.0;A01
42088;201500027828;0;10;0;0.0;2.0;4.0;1.0;B01
42089;201500027829;0;7;0;0.0;1.0;1.0;1.0;A01
42090;201500027830;0;33;0;0.0;2.0;1.0;1.0;B01
42091;201500027830;0;7;0;0.0;2.0;3.0;15.0;A01
42092;201500027831;0;7;0;0.0;1.0;0.0;13.0;A01
42093;201500027832;0;7;0;0.0;1.0;3.0;1.0;B01
42094;201500027833;0;7;0;0.0;2.0;1.0;1.0;A01
42095;201500027833;0;7;0;0.0;2.0;6.0;1.0;B01
42096;201500027834;0;7;0;0.0;2.0;2.0;11.0;A01
42097;201500027834;0;7;0;0.0;2.0;6.0;1.0;B01
42098;201500027835;0;7;0;4.0;0.0;2.0;13.0;A01
42099;201500027836;1;7;0;0.0;1.0;2.0;1.0;Z01
42100;201500027838;0;7;0;0.0;2.0;4.0;1.0;B01
42101;201500027838;0;7;0;0.0;2.0;1.0;2.0;A01
42102;201500027838;0;7;0;0.0;2.0;4.0;2.0;C01
42103;201500027839;0;7;0;0.0;2.0;2.0;1.0;B01
42104;201500027839;0;7;0;0.0;2.0;3.0;9.0;A01
42105;201500027840;0;30;0;0.0;2.0;1.0;2.0;A01
42106;201500027840;0;10;0;0.0;2.0;6.0;2.0;B01
42107;201500027841;0;2;0;0.0;0.0;0.0;1.0;B01
42108;201500027841;0;30;0;0.0;0.0;8.0;2.0;A01
42109;201500027842;0;31;0;6.0;0.0;3.0;2.0;A01
42110;201500027842;0;7;0;0.0;0.0;0.0;20.0;B01
42111;201500027843;0;33;0;0.0;2.0;1.0;1.0;B01
42112;201500027843;0;10;0;0.0;2.0;8.0;9.0;A01
42113;201500027844;0;30;0;0.0;2.0;1.0;1.0;B01
42114;201500027844;0;7;0;0.0;2.0;3.0;9.0;A01
42115;201500027845;0;7;0;16.0;0.0;9.0;13.0;A01
42116;201500027846;0;1;0;0.0;2.0;0.0;1.0;A01
42117;201500027846;0;1;0;16.0;0.0;7.0;21.0;B01
42118;201500027847;0;30;0;0.0;0.0;0.0;1.0;A01
42119;201500027848;0;30;0;0.0;2.0;1.0;1.0;B01
42120;201500027848;0;7;0;0.0;2.0;4.0;4.0;A01
42121;201500027849;0;7;0;6.0;0.0;2.0;1.0;A01
42122;201500027850;0;30;0;0.0;2.0;4.0;1.0;A01
42123;201500027850;1;7;0;0.0;2.0;1.0;2.0;Z01
42124;201500027851;0;7;0;0.0;2.0;2.0;1.0;B01
42125;201500027851;0;1;0;0.0;2.0;1.0;1.0;A01
42126;201500027852;0;30;0;0.0;2.0;5.0;15.0;B01
42127;201500027852;0;30;0;0.0;2.0;1.0;1.0;A01
42128;201500027853;0;30;0;0.0;2.0;4.0;23.0;A01
42129;201500027853;1;7;0;0.0;2.0;1.0;2.0;Z01
42130;201500027853;1;7;0;0.0;2.0;4.0;2.0;B01
42131;201500027854;0;7;0;0.0;1.0;3.0;1.0;B01
42132;201500027855;0;7;0;1.0;0.0;2.0;14.0;A01
42133;201500027856;0;7;0;1.0;0.0;3.0;13.0;A01
42134;201500027857;0;7;0;0.0;1.0;4.0;4.0;A01
42135;201500027858;1;7;0;0.0;1.0;2.0;1.0;Z01
42136;201500027860;0;30;0;0.0;0.0;0.0;1.0;A01
42137;201500027861;0;7;0;0.0;2.0;4.0;23.0;A01
42138;201500027861;0;7;0;0.0;2.0;1.0;2.0;B01
42139;201500027862;0;7;0;0.0;1.0;3.0;1.0;A01
42140;201500027864;0;7;0;0.0;1.0;1.0;1.0;A01
42141;201500027865;0;7;0;0.0;1.0;4.0;4.0;A01
42142;201500027866;0;7;0;0.0;2.0;1.0;2.0;A01
42143;201500027866;0;7;0;0.0;2.0;4.0;23.0;B01
42144;201500027866;0;7;0;0.0;2.0;4.0;23.0;C01
42145;201500027866;0;7;0;0.0;2.0;4.0;23.0;D01
42146;201500027867;0;30;0;6.0;0.0;1.0;19.0;A01
42147;201500027869;0;30;0;0.0;2.0;1.0;17.0;A01
42148;201500027869;0;7;0;0.0;2.0;8.0;15.0;B01
42149;201500027870;0;7;0;0.0;2.0;1.0;1.0;A01
42150;201500027870;0;7;0;0.0;2.0;4.0;1.0;B01
42151;201500027871;0;7;0;0.0;0.0;0.0;2.0;B01
42152;201500027871;0;31;0;0.0;2.0;4.0;23.0;A01
42153;201500027872;0;7;0;0.0;2.0;4.0;2.0;B01
42154;201500027872;0;7;0;0.0;2.0;4.0;1.0;C01
42155;201500027872;0;7;0;0.0;2.0;1.0;2.0;A01
42156;201500027873;0;30;0;0.0;2.0;7.0;15.0;A01
42157;201500027873;0;7;0;0.0;2.0;2.0;1.0;B01
42158;201500027874;0;7;0;0.0;2.0;1.0;2.0;A01
42159;201500027874;0;7;0;0.0;2.0;4.0;23.0;B01
42160;201500027875;0;10;0;6.0;0.0;1.0;1.0;A01
42161;201500027876;0;30;0;12.0;0.0;2.0;14.0;A01
42162;201500027878;0;7;0;13.0;0.0;3.0;13.0;A01
42163;201500027879;0;33;0;0.0;2.0;7.0;16.0;B01
42164;201500027879;0;7;0;0.0;2.0;3.0;9.0;A01
42165;201500027880;0;30;0;0.0;2.0;1.0;14.0;A01
42166;201500027882;0;33;0;0.0;2.0;1.0;2.0;A01
42167;201500027882;0;7;0;0.0;2.0;4.0;23.0;B01
42168;201500027883;0;1;0;16.0;0.0;0.0;1.0;A01
42169;201500027884;0;30;0;0.0;0.0;3.0;11.0;A01
42170;201500027885;0;7;0;0.0;2.0;5.0;15.0;A01
42171;201500027885;0;33;0;0.0;2.0;1.0;1.0;B01
42172;201500027886;0;7;0;0.0;2.0;3.0;9.0;A01
42173;201500027886;0;33;0;0.0;2.0;1.0;1.0;B01
42174;201500027887;0;14;0;0.0;2.0;2.0;2.0;A01
42175;201500027887;0;7;0;0.0;2.0;6.0;23.0;B01
42176;201500027888;0;7;0;4.0;0.0;3.0;13.0;A01
42177;201500027889;0;7;0;0.0;2.0;8.0;23.0;A01
42178;201500027889;0;7;0;0.0;2.0;3.0;16.0;B01
42179;201500027890;0;7;0;13.0;0.0;9.0;13.0;A01
42180;201500027891;0;10;0;0.0;0.0;0.0;10.0;A01
42181;201500027891;0;7;0;0.0;2.0;1.0;1.0;B01
42182;201500027891;0;7;0;0.0;2.0;3.0;9.0;C01
42183;201500027892;0;7;0;0.0;2.0;4.0;4.0;A01
42184;201500027892;0;1;0;0.0;2.0;7.0;1.0;B01
42185;201500027893;0;30;0;0.0;2.0;1.0;2.0;A01
42186;201500027893;0;7;0;0.0;2.0;5.0;23.0;B01
42187;201500027894;0;30;0;0.0;0.0;8.0;1.0;A01
42188;201500027895;0;30;0;0.0;0.0;1.0;1.0;A01
42189;201500027896;0;7;0;0.0;2.0;1.0;1.0;B01
42190;201500027896;0;7;0;0.0;2.0;8.0;1.0;A01
42191;201500027897;0;30;0;0.0;0.0;1.0;14.0;A01
42192;201500027899;0;7;0;0.0;2.0;2.0;16.0;A01
42193;201500027899;0;7;0;0.0;2.0;6.0;1.0;B01
42194;201500027900;0;7;0;3.0;0.0;3.0;13.0;A01
42195;201500027901;0;7;0;0.0;2.0;3.0;13.0;A01
42196;201500027901;0;7;0;0.0;2.0;3.0;1.0;B01
42197;201500027902;0;7;0;0.0;2.0;2.0;1.0;A01
42198;201500027902;0;7;0;0.0;2.0;2.0;15.0;B01
42199;201500027903;0;30;0;0.0;0.0;7.0;16.0;A01
42200;201500027904;0;1;0;0.0;0.0;8.0;1.0;A01
42201;201500027905;0;7;0;0.0;1.0;2.0;1.0;A01
42202;201500027906;0;7;0;3.0;0.0;1.0;16.0;A01
42203;201500027907;0;7;0;0.0;2.0;4.0;1.0;B01
42204;201500027907;0;30;0;0.0;2.0;1.0;2.0;A01
42205;201500027908;0;30;0;0.0;0.0;7.0;1.0;A01
42206;201500027909;0;1;0;0.0;1.0;3.0;1.0;A01
42207;201500027910;0;7;0;13.0;0.0;1.0;1.0;A01
42208;201500027912;0;7;0;0.0;2.0;3.0;1.0;B01
42209;201500027912;0;30;0;0.0;2.0;3.0;13.0;A01
42210;201500027913;0;33;0;3.0;0.0;1.0;13.0;A01
42211;201500027914;0;30;0;16.0;0.0;1.0;14.0;A01
42212;201500027915;0;10;0;6.0;0.0;1.0;1.0;A01
42213;201500027916;0;7;0;0.0;2.0;4.0;23.0;B01
42214;201500027916;0;7;0;0.0;2.0;1.0;2.0;A01
42215;201500027917;0;7;0;0.0;2.0;2.0;1.0;B01
42216;201500027917;0;30;0;0.0;2.0;1.0;15.0;A01
42217;201500027918;0;7;0;0.0;2.0;1.0;2.0;A01
42218;201500027918;0;7;0;0.0;2.0;4.0;23.0;B01
42219;201500027919;0;1;0;0.0;2.0;7.0;15.0;A01
42220;201500027919;0;7;0;0.0;2.0;6.0;10.0;B01
42221;201500027920;0;1;0;14.0;0.0;1.0;1.0;A01
42222;201500027922;0;7;0;12.0;0.0;2.0;14.0;A01
42223;201500027923;0;7;0;1.0;0.0;1.0;1.0;A01
42224;201500027923;0;7;0;0.0;9.0;4.0;23.0;B01
42225;201500027924;0;1;0;1.0;0.0;1.0;1.0;B01
42226;201500027924;0;7;0;0.0;2.0;3.0;24.0;A01
42227;201500027925;0;32;0;0.0;2.0;1.0;2.0;A01
42228;201500027925;0;7;0;0.0;2.0;4.0;23.0;B01
42229;201500027926;0;10;0;0.0;2.0;3.0;1.0;A01
42230;201500027926;0;7;0;0.0;0.0;0.0;1.0;B01
42231;201500027927;0;30;0;1.0;2.0;1.0;2.0;A01
42232;201500027927;0;7;0;0.0;2.0;5.0;23.0;B01
42233;201500027928;0;30;0;0.0;0.0;7.0;1.0;A01
42234;201500027929;0;7;0;0.0;1.0;2.0;15.0;A01
42235;201500027931;0;7;0;0.0;2.0;4.0;2.0;B01
42236;201500027931;0;7;0;0.0;2.0;1.0;2.0;A01
42237;201500027932;0;33;0;0.0;0.0;8.0;1.0;A01
42238;201500027933;0;30;0;0.0;1.0;1.0;1.0;A01
42239;201500027934;0;2;0;0.0;0.0;2.0;13.0;A01
42240;201500027935;0;7;0;0.0;2.0;4.0;23.0;B01
42241;201500027935;1;7;0;0.0;2.0;1.0;1.0;Z01