;Num_Acc;senc;catv;occutc;obs;obsm;choc;manv;num_veh
42242;201500027936;0;30;0;16.0;0.0;3.0;1.0;A01
42243;201500027937;0;33;0;0.0;0.0;8.0;1.0;A01
42244;201500027938;0;7;0;0.0;2.0;6.0;1.0;A01
42245;201500027938;0;7;0;0.0;2.0;2.0;16.0;B01
42246;201500027939;0;30;0;0.0;2.0;1.0;18.0;A01
42247;201500027939;0;10;0;0.0;2.0;5.0;16.0;B01
42248;201500027940;0;1;0;0.0;2.0;1.0;1.0;A01
42249;201500027940;1;7;0;0.0;2.0;5.0;16.0;Z01
42250;201500027941;0;30;0;11.0;0.0;1.0;13.0;A01
42251;201500027942;0;30;0;14.0;0.0;3.0;13.0;A01
42252;201500027943;0;1;0;1.0;0.0;1.0;1.0;B01
42253;201500027943;0;7;0;0.0;2.0;7.0;22.0;A01
42254;201500027944;0;7;0;13.0;0.0;9.0;1.0;A01
42255;201500027945;0;30;0;0.0;0.0;7.0;1.0;A01
42256;201500027946;0;1;0;0.0;2.0;4.0;15.0;B01
42257;201500027946;0;7;0;0.0;2.0;1.0;2.0;A01
42258;201500027948;0;7;0;0.0;2.0;2.0;15.0;A01
42259;201500027948;0;7;0;0.0;2.0;3.0;1.0;B01
42260;201500027949;0;30;0;0.0;2.0;1.0;18.0;A01
42261;201500027949;0;15;0;0.0;2.0;7.0;16.0;B01
42262;201500027952;0;10;0;0.0;1.0;8.0;16.0;A01
42263;201500027953;0;7;0;0.0;1.0;5.0;4.0;A01
42264;201500027954;0;33;0;16.0;0.0;7.0;1.0;B01
42265;201500027954;0;7;0;0.0;0.0;0.0;9.0;A01
42266;201500027956;0;7;0;13.0;0.0;2.0;14.0;A01
42267;201500027958;0;7;0;0.0;1.0;2.0;1.0;A01
42268;201500027959;0;7;0;0.0;2.0;2.0;16.0;A01
42269;201500027959;0;7;0;0.0;2.0;3.0;9.0;B01
42270;201500027960;0;7;0;8.0;1.0;2.0;14.0;A01
42271;201500027961;0;31;0;0.0;2.0;1.0;1.0;B01
42272;201500027961;0;7;0;0.0;2.0;1.0;15.0;A01
42273;201500027962;0;7;0;0.0;1.0;1.0;15.0;A01
42274;201500027963;0;7;0;2.0;0.0;1.0;1.0;A01
42275;201500027964;0;7;0;15.0;0.0;2.0;14.0;A01
42276;201500027965;1;7;0;0.0;2.0;1.0;0.0;Z01
42277;201500027965;0;30;0;0.0;2.0;5.0;1.0;B01
42278;201500027966;0;10;0;0.0;2.0;1.0;2.0;A01
42279;201500027966;0;7;0;0.0;2.0;4.0;23.0;B01
42280;201500027968;0;30;0;0.0;2.0;1.0;1.0;B01
42281;201500027968;0;7;0;0.0;2.0;2.0;9.0;A01
42282;201500027969;0;7;0;0.0;2.0;1.0;9.0;A01
42283;201500027969;0;30;0;0.0;2.0;1.0;1.0;B01
42284;201500027971;0;7;0;0.0;1.0;1.0;1.0;A01
42285;201500027972;0;7;0;0.0;2.0;3.0;1.0;B01
42286;201500027972;0;7;0;0.0;2.0;3.0;15.0;A01
42287;201500027973;0;7;0;0.0;1.0;2.0;1.0;A01
42288;201500027974;0;7;0;12.0;0.0;1.0;1.0;A01
42289;201500027975;0;30;0;0.0;0.0;7.0;1.0;A01
42290;201500027976;0;30;0;0.0;0.0;7.0;15.0;A01
42291;201500027977;1;7;0;0.0;1.0;0.0;0.0;Z01
42292;201500027978;0;7;0;1.0;0.0;2.0;14.0;A01
42293;201500027979;0;30;0;0.0;0.0;7.0;15.0;A01
42294;201500027980;1;7;0;0.0;1.0;1.0;16.0;Z01
42295;201500027981;0;30;0;0.0;0.0;8.0;1.0;A01
42296;201500027982;0;32;0;12.0;0.0;2.0;16.0;A01
42297;201500027983;0;7;0;13.0;0.0;2.0;1.0;A01
42298;201500027984;0;30;0;0.0;2.0;1.0;1.0;B01
42299;201500027984;0;7;0;0.0;2.0;2.0;15.0;A01
42300;201500027985;0;7;0;0.0;2.0;1.0;1.0;B01
42301;201500027985;0;7;0;0.0;2.0;8.0;15.0;A01
42302;201500027986;0;7;0;6.0;0.0;1.0;13.0;A01
42303;201500027987;0;7;0;1.0;1.0;1.0;21.0;A01
42304;201500027988;0;1;0;15.0;0.0;3.0;1.0;A01
42305;201500027989;0;30;0;0.0;2.0;1.0;15.0;A01
42306;201500027989;0;7;0;0.0;2.0;7.0;1.0;B01
42307;201500027990;0;7;0;3.0;0.0;0.0;14.0;A01
42308;201500027991;0;1;0;0.0;2.0;1.0;15.0;A01
42309;201500027991;0;7;0;0.0;2.0;3.0;2.0;B01
42310;201500027992;0;30;0;0.0;2.0;1.0;17.0;A01
42311;201500027992;0;7;0;0.0;0.0;0.0;17.0;B01
42312;201500027993;0;33;0;0.0;0.0;8.0;15.0;A01
42313;201500027994;0;7;0;0.0;2.0;3.0;1.0;B01
42314;201500027994;0;7;0;0.0;2.0;1.0;15.0;A01
42315;201500027995;0;7;0;0.0;2.0;3.0;1.0;B01
42316;201500027995;0;30;0;0.0;2.0;1.0;15.0;A01
42317;201500027996;0;7;0;1.0;0.0;3.0;1.0;A01
42318;201500027997;0;7;0;0.0;1.0;3.0;16.0;A01
42319;201500027998;0;7;0;0.0;1.0;4.0;4.0;A01
42320;201500027998;0;7;0;0.0;2.0;1.0;1.0;B01
42321;201500027999;0;1;0;12.0;0.0;1.0;14.0;A01
42322;201500028000;0;7;0;0.0;2.0;4.0;23.0;C01
42323;201500028000;0;7;0;0.0;2.0;6.0;23.0;B01
42324;201500028000;0;7;0;11.0;2.0;3.0;11.0;A01
42325;201500028001;0;30;0;14.0;0.0;1.0;1.0;A01
42326;201500028002;0;7;0;14.0;0.0;1.0;1.0;A01
42327;201500028003;0;7;0;0.0;2.0;2.0;1.0;B01
42328;201500028003;0;7;0;0.0;2.0;5.0;15.0;A01
42329;201500028004;0;30;0;15.0;0.0;1.0;1.0;A01
42330;201500028005;0;30;0;0.0;2.0;4.0;1.0;B01
42331;201500028005;1;7;0;0.0;2.0;1.0;2.0;Z01
42332;201500028006;0;7;0;0.0;1.0;2.0;16.0;A01
42333;201500028007;0;7;0;0.0;1.0;1.0;1.0;A01
42334;201500028008;0;7;0;0.0;2.0;3.0;15.0;A01
42335;201500028008;0;31;0;0.0;2.0;8.0;1.0;B01
42336;201500028009;0;30;0;0.0;2.0;1.0;1.0;A01
42337;201500028009;0;7;0;0.0;2.0;4.0;1.0;B01
42338;201500028010;0;7;0;0.0;2.0;3.0;13.0;A01
42339;201500028010;0;7;0;0.0;2.0;1.0;1.0;B01
42340;201500028011;0;30;0;0.0;0.0;8.0;1.0;A01
42341;201500028012;0;30;0;14.0;0.0;3.0;1.0;A01
42342;201500028013;0;7;0;6.0;0.0;1.0;1.0;A01
42343;201500028014;0;7;0;0.0;2.0;6.0;15.0;A01
42344;201500028014;0;2;0;0.0;2.0;1.0;2.0;B01
42345;201500028015;0;1;0;0.0;2.0;8.0;15.0;B01
42346;201500028015;0;7;0;0.0;2.0;1.0;1.0;A01
42347;201500028016;0;33;0;0.0;0.0;7.0;1.0;A01
42348;201500028017;0;7;0;0.0;0.0;1.0;1.0;B01
42349;201500028017;0;7;0;0.0;2.0;2.0;15.0;A01
42350;201500028018;0;7;0;0.0;2.0;1.0;2.0;B01
42351;201500028018;0;7;0;0.0;2.0;6.0;9.0;A01
42352;201500028019;0;30;0;0.0;2.0;1.0;2.0;A01
42353;201500028019;0;10;0;0.0;2.0;4.0;1.0;B01
42354;201500028020;0;30;0;0.0;0.0;0.0;1.0;A01
42355;201500028021;0;1;0;0.0;2.0;0.0;1.0;A01
42356;201500028021;0;7;0;0.0;0.0;7.0;9.0;B01
42357;201500028022;0;14;0;0.0;0.0;0.0;13.0;A01
42358;201500028022;0;7;0;13.0;2.0;8.0;1.0;B01
42359;201500028023;0;30;0;12.0;0.0;1.0;1.0;A01
42360;201500028024;0;7;0;0.0;1.0;5.0;4.0;A01
42361;201500028025;0;10;0;0.0;1.0;1.0;1.0;A01
42362;201500028026;0;30;0;0.0;0.0;0.0;1.0;A01
42363;201500028027;0;7;0;0.0;1.0;2.0;1.0;A01
42364;201500028028;0;7;0;0.0;2.0;2.0;1.0;B01
42365;201500028028;0;30;0;0.0;2.0;3.0;15.0;A01
42366;201500028029;0;2;0;0.0;1.0;1.0;1.0;A01
42367;201500028031;0;7;0;0.0;2.0;3.0;1.0;B01
42368;201500028031;0;10;0;0.0;2.0;3.0;15.0;A01
42369;201500028032;0;7;0;0.0;1.0;1.0;1.0;A01
42370;201500028033;0;32;0;0.0;0.0;7.0;1.0;B01
42371;201500028033;0;10;0;0.0;2.0;1.0;9.0;A01
42372;201500028034;0;7;0;11.0;0.0;3.0;13.0;A01
42373;201500028035;0;7;0;14.0;0.0;3.0;16.0;A01
42374;201500028036;0;7;0;0.0;2.0;1.0;1.0;A01
42375;201500028036;0;7;0;0.0;1.0;4.0;1.0;B01
42376;201500028037;0;10;0;0.0;1.0;0.0;1.0;A01
42377;201500028038;0;7;0;0.0;1.0;2.0;15.0;A01
42378;201500028040;0;10;0;9.0;0.0;1.0;1.0;A01
42379;201500028041;0;7;0;0.0;2.0;3.0;9.0;A01
42380;201500028041;0;30;0;0.0;0.0;7.0;15.0;B01
42381;201500028042;0;7;0;0.0;1.0;1.0;1.0;A01
42382;201500028043;0;7;0;0.0;9.0;3.0;15.0;A01
42383;201500028043;0;1;0;0.0;2.0;1.0;16.0;B01
42384;201500028044;0;7;0;14.0;0.0;4.0;23.0;C01
42385;201500028044;0;7;0;0.0;2.0;4.0;1.0;A01
42386;201500028044;0;7;0;0.0;0.0;4.0;23.0;B01
42387;201500028045;0;2;0;0.0;2.0;8.0;2.0;B01
42388;201500028045;0;7;0;0.0;2.0;2.0;16.0;A01
42389;201500028046;0;2;0;0.0;2.0;5.0;2.0;A01
42390;201500028046;0;7;0;0.0;0.0;5.0;23.0;B01
42391;201500028047;0;2;0;0.0;0.0;0.0;1.0;A01
42392;201500028048;0;1;0;0.0;1.0;1.0;1.0;A01
42393;201500028049;0;2;0;12.0;0.0;1.0;1.0;A01
42394;201500028050;0;1;0;0.0;0.0;0.0;1.0;A01
42395;201500028051;0;7;0;0.0;2.0;4.0;23.0;B01
42396;201500028051;0;7;0;0.0;2.0;1.0;1.0;A01
42397;201500028052;0;7;0;0.0;1.0;1.0;16.0;A01
42398;201500028053;0;30;0;0.0;2.0;1.0;1.0;B01
42399;201500028053;0;7;0;0.0;2.0;7.0;15.0;A01
42400;201500028054;0;7;0;13.0;0.0;0.0;13.0;A01
42401;201500028055;0;31;0;0.0;2.0;1.0;17.0;B01
42402;201500028055;0;7;0;0.0;0.0;6.0;15.0;A01
42403;201500028056;0;1;0;0.0;2.0;3.0;11.0;A01
42404;201500028056;0;7;0;0.0;2.0;2.0;17.0;B01
42405;201500028057;0;13;0;0.0;2.0;1.0;2.0;A01
42406;201500028057;0;10;0;0.0;2.0;4.0;23.0;B01
42407;201500028058;0;7;0;0.0;2.0;3.0;9.0;A01
42408;201500028058;0;2;0;0.0;2.0;2.0;0.0;B01
42409;201500028059;0;7;0;0.0;2.0;2.0;19.0;A01
42410;201500028059;0;33;0;0.0;2.0;5.0;1.0;B01
42411;201500028061;0;2;0;0.0;2.0;1.0;2.0;A01
42412;201500028061;0;7;0;0.0;2.0;4.0;2.0;B01
42413;201500028062;0;7;0;0.0;1.0;1.0;1.0;A01
42414;201500028063;0;30;0;0.0;2.0;1.0;15.0;B01
42415;201500028063;0;7;0;0.0;0.0;2.0;1.0;A01
42416;201500028064;0;30;0;1.0;0.0;1.0;1.0;A01
42417;201500028065;0;2;0;0.0;2.0;1.0;18.0;A01
42418;201500028065;0;7;0;0.0;2.0;5.0;15.0;B01
42419;201500028066;0;10;0;0.0;1.0;5.0;4.0;A01
42420;201500028068;0;2;0;1.0;0.0;1.0;13.0;A01
42421;201500028068;0;7;0;0.0;2.0;4.0;24.0;B01
42422;201500028069;0;2;0;0.0;2.0;1.0;1.0;B01
42423;201500028069;0;7;0;0.0;2.0;7.0;15.0;A01
42424;201500028070;0;10;0;6.0;0.0;1.0;14.0;A01
42425;201500028071;0;7;0;0.0;1.0;4.0;23.0;B01
42426;201500028071;0;7;0;0.0;2.0;1.0;2.0;A01
42427;201500028072;0;7;0;0.0;2.0;4.0;2.0;B01
42428;201500028072;0;38;0;0.0;2.0;2.0;2.0;A01
42429;201500028074;0;7;0;0.0;2.0;4.0;23.0;B01
42430;201500028074;0;7;0;0.0;2.0;1.0;1.0;A01
42431;201500028075;0;7;0;0.0;2.0;3.0;15.0;A01
42432;201500028075;0;2;0;0.0;2.0;1.0;1.0;B01
42433;201500028076;0;7;0;0.0;2.0;3.0;15.0;A01
42434;201500028076;0;7;0;0.0;2.0;3.0;1.0;B01
42435;201500028078;0;7;0;0.0;1.0;2.0;1.0;A01
42436;201500028079;0;7;0;0.0;2.0;1.0;2.0;A01
42437;201500028079;0;7;0;0.0;2.0;4.0;23.0;B01
42438;201500028080;0;7;0;0.0;1.0;2.0;1.0;A01
42439;201500028081;0;7;0;0.0;2.0;1.0;23.0;A01
42440;201500028081;0;7;0;0.0;0.0;0.0;2.0;B01
42441;201500028082;0;7;0;0.0;0.0;4.0;23.0;A01
42442;201500028082;0;7;0;14.0;0.0;1.0;2.0;C01
42443;201500028082;0;10;0;14.0;0.0;4.0;23.0;B01
42444;201500028083;0;7;0;0.0;0.0;0.0;1.0;B01
42445;201500028083;0;7;0;0.0;2.0;1.0;13.0;A01
42446;201500028084;0;7;0;0.0;1.0;3.0;15.0;A01
42447;201500028085;0;7;0;0.0;2.0;1.0;13.0;A01
42448;201500028085;0;10;0;0.0;2.0;0.0;1.0;B01
42449;201500028086;0;7;0;0.0;2.0;2.0;9.0;A01
42450;201500028086;0;1;0;0.0;2.0;1.0;1.0;B01
42451;201500028087;0;7;0;0.0;2.0;2.0;15.0;A01
42452;201500028087;0;2;0;0.0;2.0;0.0;1.0;B01
42453;201500028088;0;2;0;0.0;0.0;7.0;1.0;A01
42454;201500028089;0;7;0;14.0;0.0;1.0;2.0;C01
42455;201500028089;0;7;0;14.0;0.0;4.0;23.0;B01
42456;201500028089;0;7;0;0.0;0.0;4.0;23.0;A01
42457;201500028090;0;7;0;0.0;1.0;0.0;1.0;A01
42458;201500028091;0;1;0;0.0;2.0;1.0;9.0;B01
42459;201500028091;0;3;0;0.0;9.0;3.0;9.0;A01
42460;201500028092;0;7;0;0.0;2.0;1.0;6.0;A01
42461;201500028092;0;7;0;0.0;2.0;5.0;1.0;B01
42462;201500028093;0;10;0;0.0;1.0;2.0;15.0;A01
42463;201500028094;0;7;0;13.0;0.0;9.0;1.0;A01
42464;201500028095;0;1;0;0.0;2.0;0.0;2.0;B01
42465;201500028095;0;7;0;0.0;2.0;7.0;16.0;A01
42466;201500028096;0;7;0;0.0;2.0;2.0;15.0;A01
42467;201500028096;0;1;0;0.0;2.0;1.0;1.0;B01
42468;201500028097;0;7;0;0.0;2.0;0.0;16.0;A01
42469;201500028097;0;7;0;0.0;2.0;0.0;0.0;B01
42470;201500028098;0;7;0;0.0;2.0;3.0;17.0;A01
42471;201500028098;0;33;0;0.0;2.0;7.0;17.0;B01
42472;201500028099;0;7;0;0.0;2.0;2.0;16.0;A01
42473;201500028099;0;1;0;0.0;2.0;6.0;16.0;B01
42474;201500028101;0;7;0;0.0;2.0;3.0;1.0;A01
42475;201500028101;0;7;0;0.0;2.0;8.0;15.0;B01
42476;201500028102;0;7;0;13.0;0.0;2.0;21.0;A01
42477;201500028103;0;7;0;0.0;2.0;1.0;2.0;A01
42478;201500028103;0;7;0;0.0;2.0;4.0;23.0;B01
42479;201500028104;0;7;0;0.0;1.0;3.0;16.0;A01
42480;201500028105;0;10;0;0.0;1.0;1.0;1.0;A01
42481;201500028106;0;33;0;3.0;0.0;8.0;1.0;A01
42482;201500028107;0;17;0;13.0;0.0;2.0;14.0;A01
42483;201500028108;0;7;0;0.0;2.0;3.0;9.0;A01
42484;201500028108;0;1;0;0.0;2.0;4.0;1.0;B01
42485;201500028109;0;7;0;0.0;1.0;1.0;16.0;A01
42486;201500028111;0;7;0;0.0;1.0;3.0;1.0;A01
42487;201500028113;0;7;0;0.0;2.0;1.0;1.0;A01
42488;201500028113;0;31;0;0.0;2.0;4.0;1.0;B01
42489;201500028114;0;10;0;0.0;2.0;6.0;9.0;B01
42490;201500028114;0;33;0;0.0;2.0;1.0;0.0;A01
42491;201500028115;1;7;0;0.0;1.0;1.0;1.0;A01
42492;201500028116;0;2;0;0.0;2.0;4.0;0.0;A01
42493;201500028116;1;7;0;0.0;2.0;2.0;2.0;B01
42494;201500028117;0;33;0;3.0;0.0;8.0;1.0;A01
42495;201500028118;0;14;0;0.0;1.0;5.0;1.0;A01
42496;201500028120;0;30;0;0.0;2.0;1.0;0.0;A01
42497;201500028120;0;7;0;0.0;2.0;7.0;1.0;B01
42498;201500028121;0;7;0;8.0;0.0;8.0;0.0;A01
42499;201500028122;0;10;0;0.0;1.0;5.0;4.0;A01
42500;201500028123;0;7;0;0.0;1.0;3.0;0.0;A01
42501;201500028124;0;10;0;0.0;1.0;2.0;16.0;A01
42502;201500028125;0;33;0;12.0;0.0;7.0;1.0;A01
42503;201500028126;0;3;0;8.0;1.0;1.0;1.0;A01
42504;201500028127;1;33;0;0.0;1.0;0.0;0.0;A01
42505;201500028128;1;7;0;0.0;2.0;2.0;0.0;B02
42506;201500028128;0;7;0;15.0;2.0;5.0;1.0;A01
42507;201500028130;0;7;0;0.0;2.0;6.0;15.0;B01
42508;201500028130;0;33;0;0.0;2.0;1.0;17.0;A01
42509;201500028131;0;7;0;0.0;1.0;2.0;1.0;A01
42510;201500028132;0;7;0;0.0;2.0;8.0;0.0;B01
42511;201500028132;2;7;0;0.0;2.0;1.0;1.0;A01
42512;201500028134;0;7;0;0.0;2.0;1.0;0.0;A01
42513;201500028134;0;31;0;0.0;2.0;7.0;0.0;B01
42514;201500028135;0;7;0;1.0;1.0;1.0;9.0;A01
42515;201500028136;0;7;0;0.0;2.0;8.0;10.0;A01
42516;201500028136;0;33;0;0.0;2.0;1.0;2.0;B01
42517;201500028137;0;7;0;0.0;0.0;5.0;16.0;B01
42518;201500028137;0;33;0;0.0;2.0;1.0;2.0;A01
42519;201500028138;0;7;0;0.0;1.0;3.0;1.0;A01
42520;201500028139;0;7;0;0.0;1.0;2.0;1.0;A01
42521;201500028140;0;10;0;0.0;2.0;8.0;1.0;A01
42522;201500028140;0;32;0;0.0;2.0;1.0;1.0;B01
42523;201500028141;0;7;0;0.0;1.0;7.0;0.0;A01
42524;201500028142;0;10;0;0.0;1.0;3.0;15.0;A01
42525;201500028143;0;7;0;0.0;2.0;1.0;9.0;A01
42526;201500028143;0;1;0;0.0;2.0;7.0;1.0;B01
42527;201500028144;0;7;0;0.0;1.0;3.0;1.0;A01
42528;201500028145;0;7;0;0.0;2.0;0.0;0.0;A01
42529;201500028145;0;30;0;0.0;2.0;0.0;0.0;B01
42530;201500028146;0;2;0;0.0;2.0;1.0;1.0;A01
42531;201500028146;0;37;0;0.0;2.0;8.0;1.0;B01
42532;201500028147;0;7;0;0.0;2.0;1.0;16.0;A01
42533;201500028147;0;31;0;0.0;2.0;8.0;15.0;B01
42534;201500028148;1;2;0;0.0;1.0;2.0;1.0;A01
42535;201500028149;1;99;0;0.0;2.0;1.0;2.0;A01
42536;201500028149;0;7;0;0.0;2.0;4.0;1.0;B01
42537;201500028150;0;3;0;0.0;1.0;4.0;4.0;A01
42538;201500028151;0;7;0;0.0;2.0;8.0;1.0;B01
42539;201500028151;1;10;0;0.0;2.0;7.0;17.0;A01
42540;201500028151;0;7;0;0.0;2.0;4.0;1.0;C01
42541;201500028152;0;40;2;0.0;1.0;1.0;0.0;A01
42542;201500028153;0;7;0;0.0;2.0;4.0;2.0;B01
42543;201500028153;0;7;0;0.0;2.0;1.0;2.0;A01
42544;201500028154;0;1;0;0.0;2.0;0.0;0.0;A01
42545;201500028154;1;7;0;0.0;2.0;0.0;0.0;C01
42546;201500028154;0;1;0;0.0;2.0;0.0;0.0;B01
42547;201500028155;2;7;0;0.0;2.0;1.0;0.0;A01
42548;201500028155;0;7;0;0.0;2.0;1.0;0.0;B01
42549;201500028156;0;7;0;0.0;1.0;2.0;14.0;A01
42550;201500028157;0;7;0;0.0;2.0;1.0;9.0;A01
42551;201500028157;0;31;0;0.0;2.0;8.0;0.0;B01
42552;201500028158;0;7;0;0.0;2.0;2.0;1.0;B01
42553;201500028158;0;7;0;0.0;2.0;3.0;13.0;A01
42554;201500028159;0;7;0;0.0;1.0;1.0;1.0;A01
42555;201500028160;0;7;0;0.0;1.0;8.0;1.0;A01
42556;201500028161;0;7;0;0.0;2.0;3.0;1.0;B01
42557;201500028161;0;7;0;0.0;2.0;1.0;16.0;A01
42558;201500028162;0;2;0;0.0;2.0;1.0;1.0;B01
42559;201500028162;0;10;0;0.0;2.0;6.0;10.0;A01
42560;201500028163;0;30;0;0.0;2.0;1.0;1.0;B01
42561;201500028163;0;1;0;0.0;2.0;1.0;0.0;C01
42562;201500028163;0;7;0;0.0;2.0;2.0;15.0;A01
42563;201500028164;0;10;0;0.0;0.0;0.0;15.0;A01
42564;201500028164;0;7;0;1.0;0.0;1.0;21.0;B01
42565;201500028165;0;7;0;0.0;2.0;7.0;17.0;A01
42566;201500028165;0;1;0;0.0;2.0;8.0;1.0;B01
42567;201500028167;0;33;0;0.0;2.0;1.0;1.0;A01
42568;201500028167;0;7;0;0.0;2.0;1.0;1.0;C01
42569;201500028167;0;33;0;0.0;2.0;8.0;1.0;B01
42570;201500028168;0;20;0;0.0;2.0;6.0;1.0;B01
42571;201500028168;2;7;0;0.0;2.0;1.0;17.0;A01
42572;201500028169;2;7;0;0.0;2.0;1.0;2.0;Z01
42573;201500028169;0;7;0;0.0;2.0;6.0;10.0;A01
42574;201500028171;0;10;0;0.0;1.0;0.0;0.0;A01
42575;201500028172;0;7;0;0.0;1.0;1.0;15.0;A01
42576;201500028173;0;7;0;0.0;2.0;8.0;15.0;B01
42577;201500028173;0;33;0;0.0;2.0;1.0;17.0;A01
42578;201500028175;0;7;0;0.0;2.0;1.0;1.0;B01
42579;201500028175;0;7;0;0.0;0.0;6.0;15.0;A01
42580;201500028176;0;33;0;0.0;2.0;4.0;23.0;B01
42581;201500028176;0;7;0;14.0;2.0;1.0;2.0;A01
42582;201500028177;0;1;0;0.0;2.0;1.0;19.0;A01
42583;201500028177;0;1;0;0.0;2.0;1.0;1.0;B01
42584;201500028178;0;7;0;2.0;2.0;8.0;1.0;B01
42585;201500028178;0;7;0;2.0;2.0;1.0;13.0;A01
42586;201500028179;0;21;0;0.0;2.0;4.0;1.0;A01
42587;201500028179;0;10;0;0.0;2.0;1.0;1.0;B01
42588;201500028180;0;7;0;0.0;1.0;5.0;22.0;A01
42589;201500028181;0;7;0;0.0;2.0;4.0;2.0;C01
42590;201500028181;0;7;0;0.0;2.0;4.0;2.0;B01
42591;201500028181;0;7;0;0.0;2.0;1.0;1.0;A01
42592;201500028183;0;7;0;0.0;1.0;1.0;1.0;A01
42593;201500028184;0;2;0;0.0;2.0;8.0;1.0;B01
42594;201500028184;0;10;0;0.0;0.0;0.0;0.0;A01
42595;201500028184;0;7;0;0.0;2.0;8.0;23.0;C01
42596;201500028185;0;34;0;0.0;1.0;1.0;1.0;A01
42597;201500028186;0;7;0;0.0;1.0;7.0;1.0;A01
42598;201500028187;0;7;0;0.0;2.0;1.0;15.0;A01
42599;201500028187;0;1;0;0.0;2.0;1.0;1.0;B01
42600;201500028190;0;7;0;0.0;2.0;1.0;2.0;C01
42601;201500028190;0;7;0;0.0;2.0;1.0;13.0;A01
42602;201500028190;0;7;0;0.0;2.0;8.0;2.0;B01
42603;201500028191;0;7;0;0.0;1.0;2.0;0.0;A01
42604;201500028192;0;10;0;0.0;2.0;3.0;15.0;A01
42605;201500028192;0;2;0;0.0;2.0;1.0;1.0;B01
42606;201500028193;0;2;0;0.0;2.0;1.0;1.0;B01
42607;201500028193;0;7;0;0.0;2.0;1.0;15.0;A01
42608;201500028194;0;15;0;0.0;2.0;3.0;1.0;B01
42609;201500028194;0;7;0;0.0;2.0;5.0;16.0;A01
42610;201500028195;0;7;0;0.0;2.0;0.0;0.0;B01
42611;201500028195;0;7;0;0.0;2.0;3.0;0.0;A01
42612;201500028196;0;7;0;0.0;2.0;2.0;15.0;A01
42613;201500028196;0;7;0;0.0;2.0;1.0;1.0;B01
42614;201500028197;0;7;0;0.0;2.0;1.0;1.0;A01
42615;201500028197;0;7;0;0.0;2.0;3.0;15.0;B01
42616;201500028198;0;30;0;1.0;0.0;1.0;21.0;B01
42617;201500028198;0;7;0;0.0;0.0;0.0;9.0;A01
42618;201500028199;0;7;0;0.0;2.0;3.0;9.0;A01
42619;201500028199;0;30;0;0.0;2.0;1.0;0.0;B01
42620;201500028200;0;7;0;0.0;2.0;1.0;15.0;A01
42621;201500028200;0;1;0;0.0;2.0;1.0;1.0;B01
42622;201500028201;0;7;0;0.0;2.0;4.0;23.0;B01
42623;201500028201;0;10;0;0.0;2.0;1.0;1.0;A01
42624;201500028201;0;7;0;0.0;2.0;4.0;23.0;C01
42625;201500028202;0;7;0;0.0;2.0;7.0;1.0;A01
42626;201500028202;0;30;0;0.0;2.0;1.0;7.0;B01
42627;201500028203;0;7;0;0.0;1.0;1.0;1.0;A01
42628;201500028204;0;7;0;0.0;2.0;3.0;1.0;B01
42629;201500028204;0;7;0;0.0;2.0;2.0;1.0;A01
42630;201500028205;0;7;0;0.0;2.0;1.0;2.0;A01
42631;201500028205;0;7;0;0.0;2.0;4.0;2.0;B01
42632;201500028206;0;7;0;0.0;1.0;2.0;1.0;A01
42633;201500028207;0;33;0;0.0;2.0;7.0;1.0;A01
42634;201500028207;0;7;0;0.0;2.0;4.0;0.0;B01
42635;201500028209;0;37;0;0.0;2.0;2.0;0.0;B01
42636;201500028209;0;1;0;0.0;2.0;3.0;15.0;A01
42637;201500028210;0;7;0;0.0;1.0;3.0;1.0;A01
42638;201500028211;0;10;0;0.0;1.0;1.0;15.0;A01
42639;201500028212;0;7;0;0.0;2.0;7.0;15.0;A01
42640;201500028212;0;31;0;0.0;2.0;1.0;1.0;B01
42641;201500028213;0;10;0;0.0;1.0;2.0;1.0;A01
42642;201500028214;0;10;0;0.0;2.0;2.0;20.0;A01
42643;201500028214;0;7;0;0.0;2.0;8.0;1.0;B01
42644;201500028215;0;7;0;0.0;2.0;1.0;1.0;A01
42645;201500028215;0;7;0;0.0;2.0;1.0;1.0;B01
42646;201500028216;0;7;0;0.0;2.0;3.0;0.0;A01
42647;201500028216;0;7;0;0.0;2.0;1.0;0.0;B01
42648;201500028217;0;1;0;0.0;2.0;0.0;0.0;B01
42649;201500028217;0;7;0;0.0;2.0;0.0;0.0;A01
42650;201500028218;0;7;0;0.0;2.0;2.0;2.0;A01
42651;201500028218;0;7;0;0.0;2.0;6.0;14.0;B01
42652;201500028218;0;7;0;0.0;0.0;5.0;13.0;C01
42653;201500028219;0;7;0;0.0;0.0;7.0;1.0;B01
42654;201500028219;0;1;0;0.0;2.0;1.0;0.0;A01
42655;201500028220;0;1;0;0.0;2.0;1.0;1.0;B01
42656;201500028220;0;7;0;0.0;0.0;8.0;15.0;A01
42657;201500028221;0;2;0;0.0;2.0;1.0;1.0;B01
42658;201500028221;0;7;0;0.0;2.0;5.0;15.0;A01
42659;201500028222;0;7;0;0.0;2.0;3.0;0.0;B01
42660;201500028222;0;7;0;0.0;2.0;2.0;0.0;A01