;Num_Acc;senc;catv;occutc;obs;obsm;choc;manv;num_veh
42661;201500028223;0;7;0;0.0;2.0;4.0;23.0;B01
42662;201500028223;0;7;0;0.0;2.0;1.0;2.0;A01
42663;201500028224;0;7;0;0.0;2.0;5.0;15.0;A01
42664;201500028224;0;7;0;0.0;2.0;2.0;1.0;B01
42665;201500028225;0;7;0;0.0;0.0;8.0;10.0;A01
42666;201500028225;0;7;0;0.0;2.0;2.0;13.0;B01
42667;201500028226;0;7;0;0.0;2.0;1.0;1.0;B01
42668;201500028226;0;7;0;0.0;2.0;8.0;15.0;A01
42669;201500028227;0;7;0;7.0;0.0;1.0;1.0;A01
42670;201500028228;0;7;0;0.0;2.0;1.0;1.0;B01
42671;201500028228;0;1;0;0.0;2.0;8.0;19.0;A01
42672;201500028229;0;10;0;0.0;2.0;3.0;1.0;A01
42673;201500028229;0;7;0;0.0;2.0;4.0;9.0;B01
42674;201500028230;0;7;0;0.0;2.0;8.0;1.0;B01
42675;201500028230;0;7;0;6.0;2.0;3.0;13.0;A01
42676;201500028231;0;10;0;6.0;0.0;1.0;0.0;A01
42677;201500028232;0;7;0;0.0;2.0;4.0;2.0;A01
42678;201500028232;0;1;0;0.0;2.0;4.0;2.0;B01
42679;201500028233;0;7;0;14.0;2.0;3.0;2.0;A01
42680;201500028233;0;7;0;0.0;2.0;5.0;23.0;B01
42681;201500028234;0;7;0;0.0;1.0;1.0;1.0;A01
42682;201500028235;0;7;0;0.0;1.0;1.0;1.0;A01
42683;201500028236;0;7;0;0.0;1.0;1.0;1.0;A01
42684;201500028238;0;7;0;4.0;0.0;2.0;1.0;A01
42685;201500028239;0;10;0;0.0;1.0;3.0;15.0;A01
42686;201500028240;0;1;0;0.0;1.0;1.0;1.0;A01
42687;201500028242;0;7;0;2.0;0.0;1.0;1.0;A01
42688;201500028243;0;7;0;0.0;2.0;1.0;10.0;A01
42689;201500028243;0;33;0;0.0;2.0;1.0;0.0;B01
42690;201500028244;0;10;0;0.0;2.0;2.0;15.0;A01
42691;201500028244;0;7;0;0.0;2.0;1.0;1.0;B01
42692;201500028245;0;10;0;0.0;2.0;4.0;9.0;A01
42693;201500028245;0;2;0;0.0;2.0;1.0;1.0;B01
42694;201500028246;0;2;0;0.0;0.0;0.0;1.0;A01
42695;201500028247;0;10;0;0.0;2.0;1.0;1.0;A01
42696;201500028247;0;7;0;0.0;2.0;7.0;1.0;B01
42697;201500028248;0;1;0;0.0;2.0;8.0;0.0;B01
42698;201500028248;0;10;0;0.0;2.0;1.0;1.0;A01
42699;201500028249;0;33;0;0.0;2.0;1.0;17.0;A01
42700;201500028249;0;7;0;0.0;2.0;7.0;15.0;B01
42701;201500028250;0;7;0;0.0;1.0;0.0;0.0;A01
42702;201500028251;0;7;0;0.0;1.0;2.0;1.0;A01
42703;201500028252;0;7;0;0.0;2.0;1.0;2.0;B01
42704;201500028252;0;7;0;0.0;2.0;4.0;23.0;A01
42705;201500028253;0;1;0;0.0;2.0;1.0;1.0;B01
42706;201500028253;0;7;0;0.0;2.0;2.0;15.0;A01
42707;201500028254;0;2;0;0.0;2.0;7.0;1.0;A01
42708;201500028254;0;7;0;0.0;2.0;1.0;1.0;B01
42709;201500028255;0;7;0;0.0;0.0;4.0;2.0;B01
42710;201500028255;0;7;0;0.0;2.0;1.0;2.0;A01
42711;201500028256;0;7;0;0.0;0.0;0.0;0.0;A01
42712;201500028256;0;7;0;0.0;2.0;4.0;23.0;B01
42713;201500028257;0;7;0;0.0;1.0;1.0;1.0;A01
42714;201500028258;0;7;0;0.0;2.0;1.0;13.0;A01
42715;201500028258;0;7;0;0.0;2.0;1.0;21.0;B01
42716;201500028259;0;7;0;2.0;0.0;1.0;14.0;A01
42717;201500028260;0;7;0;0.0;0.0;0.0;0.0;C01
42718;201500028260;0;7;0;0.0;2.0;4.0;23.0;B01
42719;201500028260;0;7;0;0.0;2.0;4.0;23.0;A01
42720;201500028261;0;7;0;6.0;0.0;5.0;4.0;A01
42721;201500028264;0;7;0;0.0;2.0;6.0;23.0;B01
42722;201500028264;0;7;0;0.0;2.0;2.0;14.0;A01
42723;201500028265;0;7;0;0.0;2.0;1.0;1.0;B01
42724;201500028265;0;7;0;0.0;2.0;1.0;13.0;A01
42725;201500028266;0;1;0;0.0;2.0;1.0;1.0;B01
42726;201500028266;0;7;0;0.0;2.0;1.0;15.0;A01
42727;201500028267;0;15;0;0.0;0.0;0.0;0.0;A01
42728;201500028268;0;7;0;0.0;1.0;8.0;1.0;A01
42729;201500028269;0;7;0;0.0;2.0;1.0;1.0;B01
42730;201500028269;0;2;0;0.0;2.0;7.0;21.0;A01
42731;201500028270;0;30;0;0.0;2.0;8.0;0.0;B01
42732;201500028270;0;10;0;0.0;2.0;7.0;17.0;A01
42733;201500028271;0;7;0;0.0;2.0;7.0;17.0;A01
42734;201500028271;0;14;0;0.0;2.0;3.0;15.0;B01
42735;201500028272;0;7;0;0.0;2.0;1.0;1.0;B01
42736;201500028272;0;10;0;0.0;2.0;3.0;21.0;C01
42737;201500028272;0;7;0;0.0;2.0;8.0;1.0;A01
42738;201500028273;0;7;0;0.0;2.0;2.0;16.0;A01
42739;201500028273;0;1;0;0.0;2.0;1.0;21.0;B01
42740;201500028274;0;33;0;0.0;2.0;1.0;21.0;A01
42741;201500028274;0;7;0;0.0;2.0;4.0;23.0;B01
42742;201500028275;0;7;0;3.0;0.0;1.0;14.0;A01
42743;201500028277;0;33;0;0.0;6.0;1.0;1.0;A01
42744;201500028278;0;7;0;0.0;0.0;1.0;13.0;A01
42745;201500028279;0;7;0;0.0;2.0;1.0;21.0;A01
42746;201500028279;0;7;0;0.0;2.0;4.0;23.0;B01
42747;201500028280;0;7;0;0.0;2.0;7.0;16.0;A01
42748;201500028280;0;1;0;0.0;2.0;1.0;1.0;B01
42749;201500028281;0;7;0;0.0;2.0;4.0;23.0;C01
42750;201500028281;0;7;0;0.0;2.0;1.0;21.0;A01
42751;201500028281;0;7;0;0.0;2.0;4.0;23.0;B01
42752;201500028282;0;7;0;8.0;0.0;1.0;14.0;A01
42753;201500028283;0;1;0;0.0;2.0;1.0;1.0;B01
42754;201500028283;0;17;0;0.0;2.0;7.0;16.0;A01
42755;201500028284;0;7;0;0.0;1.0;1.0;15.0;A01
42756;201500028285;0;7;0;0.0;2.0;1.0;1.0;A01
42757;201500028285;0;7;0;0.0;2.0;4.0;23.0;B01
42758;201500028286;0;2;0;8.0;0.0;1.0;14.0;A01
42759;201500028287;0;2;0;0.0;0.0;0.0;0.0;A01
42760;201500028288;0;7;0;0.0;1.0;4.0;4.0;A01
42761;201500028289;0;7;0;0.0;2.0;0.0;0.0;B01
42762;201500028289;0;7;0;0.0;2.0;3.0;0.0;A01
42763;201500028290;0;1;0;0.0;0.0;0.0;0.0;B01
42764;201500028290;0;7;0;0.0;9.0;3.0;1.0;A01
42765;201500028291;1;7;0;0.0;1.0;1.0;1.0;A01
42766;201500028292;0;10;0;0.0;2.0;0.0;0.0;B01
42767;201500028292;0;7;0;0.0;2.0;0.0;0.0;C01
42768;201500028292;0;7;0;0.0;2.0;1.0;1.0;A01
42769;201500028293;0;7;0;0.0;2.0;6.0;1.0;B01
42770;201500028293;0;7;0;0.0;2.0;1.0;1.0;C01
42771;201500028293;0;15;0;0.0;2.0;6.0;1.0;A01
42772;201500028294;0;2;0;0.0;2.0;1.0;1.0;A01
42773;201500028294;0;7;0;0.0;0.0;0.0;0.0;B01
42774;201500028295;0;2;0;0.0;2.0;4.0;0.0;B01
42775;201500028295;0;7;0;0.0;2.0;1.0;2.0;A01
42776;201500028297;0;7;0;0.0;2.0;1.0;0.0;A01
42777;201500028297;0;2;0;0.0;2.0;0.0;0.0;B01
42778;201500028298;0;7;0;0.0;0.0;3.0;15.0;A01
42779;201500028298;0;7;0;0.0;0.0;3.0;1.0;B01
42780;201500028299;0;7;0;2.0;0.0;1.0;13.0;A01
42781;201500028300;0;7;0;0.0;0.0;0.0;0.0;A01
42782;201500028301;0;1;0;0.0;2.0;1.0;19.0;A01
42783;201500028301;0;7;0;0.0;0.0;5.0;15.0;B01
42784;201500028302;0;33;0;0.0;0.0;3.0;1.0;A01
42785;201500028303;0;7;0;0.0;1.0;2.0;1.0;A01
42786;201500028304;0;7;0;2.0;0.0;1.0;2.0;A01
42787;201500028305;0;7;0;0.0;1.0;3.0;15.0;A01
42788;201500028306;0;13;0;0.0;1.0;5.0;4.0;A01
42789;201500028307;0;7;0;0.0;2.0;1.0;1.0;A01
42790;201500028307;0;1;0;0.0;2.0;7.0;0.0;B01
42791;201500028308;0;1;0;0.0;2.0;1.0;1.0;B01
42792;201500028308;0;1;0;0.0;2.0;1.0;1.0;C01
42793;201500028308;0;1;0;0.0;2.0;1.0;1.0;D01
42794;201500028308;0;1;0;0.0;2.0;1.0;0.0;E01
42795;201500028308;0;1;0;0.0;2.0;1.0;1.0;F01
42796;201500028308;0;1;0;0.0;0.0;0.0;0.0;G02
42797;201500028308;0;1;0;0.0;2.0;1.0;1.0;H02
42798;201500028308;0;1;0;0.0;2.0;1.0;1.0;I02
42799;201500028308;0;1;0;0.0;2.0;1.0;1.0;J02
42800;201500028308;0;1;0;0.0;2.0;1.0;1.0;K02
42801;201500028308;0;7;0;0.0;2.0;1.0;13.0;A03
42802;201500028308;0;1;0;0.0;2.0;1.0;1.0;L03
42803;201500028308;0;1;0;0.0;2.0;1.0;1.0;M03
42804;201500028309;0;33;0;11.0;0.0;1.0;0.0;A01
42805;201500028310;0;17;0;0.0;2.0;3.0;0.0;A01
42806;201500028310;0;10;0;0.0;2.0;3.0;1.0;B01
42807;201500028311;0;33;0;0.0;2.0;1.0;1.0;A01
42808;201500028311;0;7;0;0.0;0.0;5.0;11.0;B01
42809;201500028312;0;7;0;0.0;1.0;4.0;4.0;A01
42810;201500028313;0;1;0;0.0;1.0;0.0;0.0;A01
42811;201500028314;0;2;0;0.0;2.0;1.0;13.0;A01
42812;201500028314;0;7;0;0.0;2.0;3.0;1.0;B01
42813;201500028315;0;7;0;0.0;9.0;1.0;9.0;A01
42814;201500028315;0;1;0;0.0;2.0;5.0;2.0;B01
42815;201500028316;0;30;0;0.0;2.0;1.0;19.0;A01
42816;201500028316;0;7;0;0.0;2.0;2.0;19.0;B01
42817;201500028317;0;7;0;0.0;0.0;0.0;0.0;A01
42818;201500028317;0;33;0;0.0;2.0;0.0;0.0;B01
42819;201500028319;0;7;0;15.0;1.0;1.0;13.0;A01
42820;201500028320;0;2;0;12.0;0.0;1.0;9.0;A01
42821;201500028321;0;7;0;0.0;0.0;0.0;0.0;A01
42822;201500028321;0;7;0;0.0;0.0;0.0;0.0;B01
42823;201500028322;0;7;0;0.0;1.0;2.0;1.0;A01
42824;201500028323;0;37;1;0.0;1.0;3.0;1.0;A01
42825;201500028324;0;7;0;0.0;1.0;0.0;1.0;A01
42826;201500028325;0;7;0;0.0;2.0;1.0;13.0;A01
42827;201500028325;0;7;0;0.0;2.0;1.0;1.0;B01
42828;201500028326;1;7;0;0.0;1.0;1.0;19.0;A01
42829;201500028327;0;7;0;0.0;1.0;4.0;4.0;A01
42830;201500028328;0;7;0;0.0;1.0;2.0;1.0;A01
42831;201500028329;0;7;0;0.0;1.0;1.0;1.0;A01
42832;201500028330;0;7;0;0.0;2.0;1.0;1.0;B01
42833;201500028330;0;7;0;0.0;2.0;1.0;5.0;A01
42834;201500028331;0;33;0;0.0;0.0;8.0;1.0;A01
42835;201500028332;0;7;0;0.0;2.0;1.0;19.0;B01
42836;201500028332;0;7;0;0.0;2.0;8.0;19.0;A01
42837;201500028333;0;7;0;0.0;1.0;1.0;2.0;A01
42838;201500028334;1;7;0;0.0;1.0;0.0;0.0;A01
42839;201500028335;0;7;0;8.0;0.0;7.0;6.0;A01
42840;201500028336;0;7;0;0.0;2.0;7.0;15.0;A01
42841;201500028336;0;33;0;0.0;2.0;1.0;1.0;B01
42842;201500028338;0;7;0;2.0;0.0;9.0;1.0;A01
42843;201500028339;0;7;0;0.0;1.0;2.0;15.0;A01
42844;201500028341;0;7;0;3.0;0.0;1.0;14.0;A01
42845;201500028343;0;30;0;3.0;0.0;2.0;13.0;A01
42846;201500028344;0;7;0;2.0;0.0;0.0;5.0;A01
42847;201500028345;0;15;0;0.0;0.0;0.0;0.0;B01
42848;201500028345;0;33;0;0.0;2.0;1.0;13.0;A01
42849;201500028345;0;7;0;0.0;0.0;0.0;0.0;C01
42850;201500028346;0;7;0;0.0;0.0;0.0;0.0;B01
42851;201500028346;0;7;0;13.0;0.0;7.0;14.0;A01
42852;201500028347;0;7;0;0.0;2.0;1.0;0.0;A01
42853;201500028347;0;1;0;0.0;2.0;1.0;0.0;B01
42854;201500028348;1;10;0;0.0;1.0;8.0;2.0;A01
42855;201500028349;0;7;0;0.0;1.0;1.0;2.0;A01
42856;201500028350;0;7;0;13.0;0.0;1.0;0.0;A01
42857;201500028351;0;7;0;0.0;2.0;1.0;1.0;A01
42858;201500028351;0;7;0;0.0;0.0;4.0;0.0;B01
42859;201500028352;0;7;0;0.0;2.0;2.0;1.0;A01
42860;201500028352;0;7;0;0.0;2.0;1.0;9.0;B01
42861;201500028355;0;7;0;0.0;0.0;7.0;1.0;A01
42862;201500028355;0;7;0;0.0;2.0;9.0;1.0;C01
42863;201500028355;0;7;0;0.0;2.0;9.0;1.0;B01
42864;201500028356;0;7;0;0.0;2.0;3.0;15.0;A01
42865;201500028356;0;7;0;0.0;2.0;3.0;1.0;B01
42866;201500028357;0;7;0;0.0;1.0;2.0;15.0;A01
42867;201500028358;2;1;0;0.0;2.0;1.0;1.0;X01
42868;201500028358;2;7;0;7.0;2.0;4.0;0.0;B01
42869;201500028359;0;7;0;0.0;2.0;3.0;0.0;A01
42870;201500028359;0;7;0;0.0;2.0;2.0;0.0;B01
42871;201500028360;0;7;0;0.0;2.0;1.0;5.0;A01
42872;201500028360;0;7;0;0.0;2.0;1.0;0.0;B01
42873;201500028361;0;7;0;0.0;2.0;7.0;0.0;B01
42874;201500028361;0;7;0;0.0;2.0;1.0;0.0;A01
42875;201500028362;0;7;0;15.0;0.0;9.0;0.0;A01
42876;201500028363;0;7;0;13.0;0.0;1.0;1.0;A01
42877;201500028364;0;33;0;16.0;0.0;9.0;17.0;A01
42878;201500028365;0;7;0;0.0;1.0;3.0;1.0;A01
42879;201500028366;0;7;0;0.0;2.0;1.0;1.0;A01
42880;201500028366;0;7;0;0.0;2.0;4.0;2.0;B01
42881;201500028367;0;7;0;3.0;0.0;9.0;1.0;A01
42882;201500028368;0;7;0;0.0;2.0;4.0;2.0;A01
42883;201500028368;0;7;0;0.0;2.0;1.0;2.0;B01
42884;201500028368;0;7;0;0.0;2.0;1.0;2.0;C01
42885;201500028369;0;7;0;0.0;1.0;2.0;1.0;A01
42886;201500028370;0;7;0;0.0;2.0;3.0;13.0;A01
42887;201500028370;0;7;0;0.0;2.0;3.0;0.0;B01
42888;201500028371;0;7;0;0.0;1.0;0.0;0.0;A01
42889;201500028372;0;31;0;0.0;0.0;0.0;0.0;A01
42890;201500028373;0;7;0;0.0;0.0;0.0;0.0;B01
42891;201500028373;0;7;0;0.0;0.0;0.0;0.0;A01
42892;201500028373;0;7;0;0.0;0.0;0.0;0.0;C01
42893;201500028374;0;31;0;0.0;2.0;1.0;14.0;B01
42894;201500028374;0;7;0;0.0;2.0;4.0;15.0;A01
42895;201500028375;0;7;0;0.0;2.0;1.0;2.0;D01
42896;201500028375;0;7;0;0.0;0.0;0.0;0.0;E01
42897;201500028375;0;7;0;0.0;2.0;1.0;1.0;C01
42898;201500028375;0;7;0;0.0;2.0;4.0;1.0;A01
42899;201500028375;0;7;0;0.0;2.0;1.0;1.0;B01
42900;201500028376;0;32;0;0.0;2.0;1.0;16.0;B01
42901;201500028376;0;7;0;0.0;2.0;1.0;15.0;A01
42902;201500028377;0;7;0;0.0;2.0;2.0;1.0;A01
42903;201500028377;0;7;0;0.0;2.0;3.0;15.0;B01
42904;201500028378;0;7;0;0.0;2.0;4.0;2.0;B01
42905;201500028378;0;7;0;0.0;2.0;1.0;21.0;A01
42906;201500028378;0;7;0;0.0;2.0;4.0;2.0;C01
42907;201500028379;0;7;0;0.0;1.0;3.0;1.0;A01
42908;201500028380;0;7;0;1.0;0.0;0.0;0.0;A01
42909;201500028381;0;33;0;0.0;0.0;0.0;0.0;B01
42910;201500028381;0;7;0;0.0;0.0;0.0;0.0;A01
42911;201500028382;0;33;0;3.0;0.0;0.0;16.0;A01
42912;201500028383;0;7;0;0.0;1.0;5.0;4.0;A01
42913;201500028384;0;7;0;0.0;0.0;0.0;0.0;A01
42914;201500028384;0;7;0;0.0;0.0;0.0;0.0;B01
42915;201500028386;0;7;0;3.0;0.0;9.0;0.0;A01
42916;201500028387;0;1;0;0.0;2.0;3.0;0.0;B01
42917;201500028387;0;7;0;0.0;0.0;2.0;0.0;A01
42918;201500028388;0;7;0;0.0;2.0;7.0;1.0;B01
42919;201500028388;0;7;0;0.0;2.0;8.0;11.0;A01
42920;201500028389;0;7;0;0.0;0.0;0.0;0.0;A01
42921;201500028390;0;7;0;0.0;0.0;0.0;0.0;A01
42922;201500028391;0;7;0;0.0;0.0;0.0;0.0;B01
42923;201500028391;0;7;0;0.0;0.0;0.0;0.0;A01
42924;201500028392;0;7;0;0.0;0.0;4.0;2.0;C01
42925;201500028392;0;7;0;0.0;2.0;1.0;2.0;A01
42926;201500028392;0;7;0;0.0;2.0;4.0;2.0;B01
42927;201500028393;0;7;0;0.0;0.0;0.0;0.0;B01
42928;201500028393;0;7;0;0.0;0.0;0.0;0.0;A01
42929;201500028394;0;7;0;0.0;0.0;0.0;0.0;A01
42930;201500028394;0;7;0;0.0;0.0;0.0;0.0;B01
42931;201500028395;0;7;0;0.0;0.0;0.0;0.0;D01
42932;201500028395;0;7;0;0.0;0.0;0.0;0.0;C01
42933;201500028395;0;7;0;1.0;0.0;1.0;14.0;A01
42934;201500028395;0;7;0;0.0;0.0;4.0;0.0;B01
42935;201500028395;0;7;0;0.0;0.0;0.0;0.0;E01
42936;201500028396;0;7;0;0.0;5.0;1.0;1.0;A01
42937;201500028396;0;7;0;0.0;0.0;0.0;0.0;C01
42938;201500028396;0;7;0;0.0;5.0;3.0;0.0;B01
42939;201500028397;0;7;0;0.0;0.0;0.0;0.0;A01
42940;201500028398;0;7;0;0.0;0.0;0.0;2.0;C01
42941;201500028398;0;7;0;0.0;0.0;0.0;2.0;B01
42942;201500028398;0;7;0;0.0;0.0;0.0;2.0;A01
42943;201500028399;1;7;0;0.0;0.0;0.0;0.0;A01
42944;201500028399;0;7;0;0.0;2.0;1.0;0.0;B01
42945;201500028400;0;33;0;0.0;2.0;1.0;17.0;A01
42946;201500028400;0;7;0;0.0;0.0;3.0;15.0;B01
42947;201500028401;0;7;0;0.0;0.0;0.0;0.0;A01
42948;201500028402;0;7;0;0.0;1.0;2.0;1.0;A01
42949;201500028403;0;7;0;0.0;1.0;3.0;0.0;A01
42950;201500028404;0;2;0;0.0;2.0;6.0;1.0;A01
42951;201500028404;0;7;0;0.0;0.0;0.0;0.0;B01
42952;201500028405;0;7;0;0.0;0.0;0.0;1.0;A01
42953;201500028406;0;7;0;0.0;1.0;2.0;1.0;A01
42954;201500028407;0;7;0;0.0;1.0;2.0;1.0;A01
42955;201500028408;0;7;0;6.0;0.0;1.0;16.0;A01
42956;201500028409;0;7;0;0.0;2.0;4.0;2.0;B01
42957;201500028409;0;7;0;0.0;2.0;1.0;1.0;A01
42958;201500028410;0;7;0;0.0;1.0;0.0;0.0;A01
42959;201500028411;0;7;0;16.0;0.0;4.0;1.0;A01
42960;201500028412;0;7;0;1.0;0.0;9.0;14.0;A01
42961;201500028413;0;7;0;0.0;2.0;0.0;0.0;A01
42962;201500028413;0;7;0;0.0;2.0;0.0;0.0;B01
42963;201500028414;0;7;0;6.0;0.0;0.0;0.0;A01
42964;201500028415;0;7;0;0.0;2.0;0.0;0.0;A01
42965;201500028415;0;7;0;0.0;2.0;0.0;0.0;B01
42966;201500028417;0;7;0;0.0;0.0;0.0;0.0;A01
42967;201500028418;0;7;0;0.0;2.0;4.0;15.0;A01
42968;201500028418;0;3;0;0.0;2.0;1.0;2.0;B01
42969;201500028419;0;30;0;0.0;2.0;1.0;1.0;B01
42970;201500028419;0;7;0;0.0;2.0;2.0;15.0;A01
42971;201500028421;0;7;0;0.0;2.0;3.0;15.0;A01
42972;201500028421;0;31;0;0.0;2.0;8.0;1.0;B01
42973;201500028422;0;7;0;0.0;2.0;2.0;1.0;A01
42974;201500028422;0;7;0;0.0;2.0;3.0;1.0;B01
42975;201500028423;0;7;0;0.0;2.0;3.0;1.0;A01
42976;201500028423;0;30;0;0.0;2.0;1.0;1.0;B01
42977;201500028424;0;7;0;9.0;0.0;1.0;1.0;A01
42978;201500028425;0;7;0;0.0;2.0;1.0;1.0;A01
42979;201500028425;0;7;0;0.0;2.0;4.0;15.0;B01
42980;201500028426;0;7;0;0.0;2.0;8.0;15.0;A01
42981;201500028426;0;7;0;0.0;2.0;3.0;1.0;B01
42982;201500028427;0;7;0;0.0;1.0;1.0;15.0;A01
42983;201500028428;0;33;0;0.0;2.0;7.0;1.0;B01
42984;201500028428;0;7;0;0.0;2.0;2.0;9.0;A01
42985;201500028429;0;7;0;0.0;2.0;1.0;2.0;A01
42986;201500028429;0;7;0;0.0;2.0;1.0;2.0;B01
42987;201500028429;0;7;0;0.0;2.0;4.0;23.0;C01
42988;201500028429;0;1;0;0.0;0.0;0.0;23.0;D01
42989;201500028430;0;37;0;0.0;1.0;2.0;1.0;A01
42990;201500028431;1;7;0;0.0;1.0;0.0;0.0;Z01
42991;201500028432;0;7;0;15.0;2.0;3.0;8.0;B01
42992;201500028432;0;7;0;0.0;2.0;1.0;15.0;A01
42993;201500028433;0;7;0;0.0;2.0;4.0;2.0;C01
42994;201500028433;0;7;0;0.0;2.0;2.0;2.0;A01
42995;201500028433;0;7;0;0.0;2.0;6.0;2.0;B01
42996;201500028434;0;2;0;0.0;2.0;1.0;2.0;A01
42997;201500028434;0;7;0;0.0;2.0;6.0;1.0;B01
42998;201500028435;0;1;0;0.0;1.0;1.0;5.0;A01
42999;201500028436;0;7;0;0.0;1.0;3.0;1.0;A01
43000;201500028437;0;33;0;0.0;2.0;1.0;1.0;A01
43001;201500028437;0;7;0;0.0;2.0;3.0;9.0;B01
43002;201500028438;0;7;0;0.0;2.0;1.0;15.0;A01
43003;201500028438;0;33;0;0.0;2.0;1.0;1.0;B01
43004;201500028439;1;1;0;0.0;2.0;0.0;0.0;Z01
43005;201500028439;0;30;0;0.0;2.0;7.0;10.0;B01
43006;201500028440;0;30;0;0.0;2.0;3.0;1.0;B01
43007;201500028440;1;7;0;0.0;2.0;0.0;0.0;Z01
43008;201500028441;0;40;0;0.0;1.0;0.0;1.0;A01
43009;201500028443;0;30;0;0.0;2.0;1.0;1.0;A01
43010;201500028443;1;7;0;0.0;2.0;1.0;1.0;Z01
43011;201500028444;0;7;0;0.0;2.0;1.0;0.0;A01
43012;201500028444;0;7;0;9.0;2.0;8.0;1.0;B01
43013;201500028445;0;7;0;7.0;0.0;1.0;1.0;A01
43014;201500028446;0;7;0;0.0;2.0;3.0;13.0;A01
43015;201500028446;0;30;0;0.0;2.0;7.0;1.0;B01
43016;201500028447;0;7;0;0.0;2.0;8.0;24.0;A01
43017;201500028447;0;1;0;0.0;2.0;1.0;1.0;B01
43018;201500028448;0;7;0;7.0;0.0;1.0;13.0;A01
43019;201500028449;1;30;0;0.0;1.0;0.0;5.0;Z01
43020;201500028450;1;7;0;0.0;1.0;0.0;0.0;Z01
43021;201500028451;0;7;0;0.0;9.0;1.0;1.0;A01
43022;201500028451;0;7;0;0.0;2.0;1.0;1.0;B01
43023;201500028455;0;7;0;0.0;2.0;2.0;1.0;A01
43024;201500028455;0;7;0;0.0;0.0;0.0;0.0;B01
43025;201500028456;0;40;0;0.0;2.0;3.0;1.0;B01
43026;201500028456;0;1;0;0.0;4.0;1.0;1.0;A01
43027;201500028457;0;7;0;0.0;2.0;1.0;2.0;A01
43028;201500028457;0;7;0;0.0;2.0;4.0;23.0;B01
43029;201500028459;0;1;0;0.0;2.0;8.0;13.0;A01
43030;201500028459;0;7;0;0.0;2.0;1.0;1.0;B01
43031;201500028460;1;7;0;0.0;2.0;2.0;2.0;A01
43032;201500028460;0;7;0;0.0;2.0;3.0;23.0;B01
43033;201500028461;0;7;0;0.0;2.0;1.0;2.0;A01
43034;201500028461;0;7;0;0.0;2.0;4.0;2.0;B01
43035;201500028462;0;7;0;0.0;2.0;1.0;15.0;A01
43036;201500028462;0;32;0;0.0;2.0;8.0;1.0;B01
43037;201500028463;0;10;0;0.0;1.0;3.0;1.0;A01
43038;201500028465;0;7;0;0.0;2.0;1.0;1.0;A01
43039;201500028465;0;7;0;0.0;2.0;4.0;1.0;B01
43040;201500028466;0;10;0;0.0;2.0;2.0;20.0;B01
43041;201500028466;0;1;0;0.0;2.0;1.0;5.0;A01
43042;201500028467;0;7;0;0.0;2.0;1.0;2.0;A01
43043;201500028467;0;7;0;0.0;2.0;4.0;2.0;B01
43044;201500028468;0;7;0;0.0;2.0;1.0;2.0;A01
43045;201500028468;0;7;0;0.0;2.0;4.0;23.0;B01
43046;201500028469;0;33;0;0.0;2.0;1.0;1.0;A01
43047;201500028469;0;7;0;0.0;2.0;3.0;10.0;B01
43048;201500028470;0;7;0;0.0;1.0;1.0;1.0;A01
43049;201500028471;0;7;0;0.0;2.0;7.0;15.0;A01
43050;201500028471;0;30;0;0.0;2.0;1.0;1.0;B01
43051;201500028472;0;7;0;9.0;0.0;1.0;19.0;A01
43052;201500028473;0;7;0;0.0;2.0;1.0;1.0;B01
43053;201500028473;0;7;0;0.0;2.0;1.0;10.0;A01
43054;201500028474;0;7;0;0.0;2.0;2.0;1.0;B01
43055;201500028474;0;1;0;0.0;2.0;1.0;19.0;A01
43056;201500028475;0;7;0;0.0;2.0;1.0;2.0;A01
43057;201500028475;0;7;0;0.0;2.0;4.0;2.0;B01
43058;201500028476;0;7;0;0.0;2.0;2.0;1.0;A01
43059;201500028476;0;1;0;0.0;2.0;8.0;19.0;B01
43060;201500028477;0;7;0;0.0;2.0;3.0;1.0;A01
43061;201500028477;0;1;0;0.0;2.0;1.0;1.0;B01
43062;201500028478;0;7;0;0.0;1.0;3.0;0.0;A01
43063;201500028479;0;7;0;0.0;1.0;6.0;20.0;A01
43064;201500028480;0;7;0;0.0;2.0;1.0;2.0;A01
43065;201500028480;0;7;0;0.0;2.0;4.0;23.0;B01
43066;201500028481;0;10;0;0.0;1.0;2.0;1.0;A01
43067;201500028483;0;7;0;0.0;2.0;5.0;1.0;B01
43068;201500028483;0;7;0;0.0;2.0;1.0;1.0;A01
43069;201500028488;0;7;0;1.0;0.0;2.0;0.0;A01
43070;201500028489;0;7;0;0.0;2.0;8.0;11.0;A01
43071;201500028489;0;30;0;0.0;2.0;2.0;17.0;B01
43072;201500028490;0;7;0;0.0;2.0;8.0;1.0;B01
43073;201500028490;0;1;0;0.0;2.0;7.0;14.0;A01
43074;201500028492;0;7;0;0.0;2.0;7.0;1.0;A01
43075;201500028492;0;7;0;0.0;2.0;1.0;1.0;B01
43076;201500028493;0;7;0;0.0;1.0;3.0;15.0;A01
43077;201500028494;0;10;0;0.0;2.0;8.0;1.0;A01
43078;201500028494;0;1;0;0.0;2.0;1.0;1.0;B01
43079;201500028495;0;7;0;3.0;2.0;7.0;1.0;B01
43080;201500028495;1;17;0;0.0;2.0;8.0;11.0;Z01
43081;201500028496;0;7;0;0.0;2.0;1.0;1.0;A01