;Num_Acc;senc;catv;occutc;obs;obsm;choc;manv;num_veh
43928;201500029068;0;2;0;0.0;2.0;0.0;0.0;A01
43929;201500029068;0;2;0;0.0;2.0;0.0;0.0;B01
43930;201500029069;0;2;0;0.0;2.0;1.0;0.0;A01
43931;201500029069;0;7;0;0.0;2.0;4.0;2.0;B01
43932;201500029070;0;3;0;6.0;0.0;0.0;0.0;A01
43933;201500029071;0;7;0;0.0;2.0;0.0;0.0;A01
43934;201500029071;0;1;0;0.0;2.0;0.0;0.0;B01
43935;201500029072;0;7;0;13.0;0.0;0.0;0.0;A01
43936;201500029073;0;7;0;0.0;2.0;4.0;0.0;B01
43937;201500029073;0;7;0;0.0;2.0;1.0;2.0;A01
43938;201500029074;0;33;0;12.0;0.0;0.0;0.0;A01
43939;201500029075;0;7;0;0.0;2.0;3.0;0.0;A01
43940;201500029075;0;1;0;0.0;2.0;0.0;0.0;B01
43941;201500029076;0;7;0;0.0;2.0;1.0;0.0;A01
43942;201500029076;0;7;0;0.0;2.0;4.0;0.0;B01
43943;201500029077;0;1;0;12.0;0.0;0.0;0.0;A01
43944;201500029078;0;7;0;0.0;1.0;0.0;0.0;A01
43945;201500029079;0;7;0;0.0;2.0;1.0;0.0;A01
43946;201500029079;0;7;0;0.0;2.0;0.0;0.0;B01
43947;201500029080;0;2;0;0.0;2.0;1.0;0.0;A01
43948;201500029080;0;7;0;0.0;2.0;0.0;0.0;B01
43949;201500029081;0;2;0;0.0;2.0;1.0;0.0;A01
43950;201500029081;0;7;0;0.0;2.0;6.0;15.0;B01
43951;201500029082;0;7;0;0.0;1.0;1.0;0.0;A01
43952;201500029083;0;7;0;6.0;0.0;0.0;0.0;A01
43953;201500029084;0;1;0;12.0;0.0;0.0;0.0;A01
43954;201500029085;0;7;0;0.0;1.0;1.0;0.0;A01
43955;201500029086;0;15;0;0.0;1.0;0.0;0.0;A01
43956;201500029087;0;7;0;4.0;0.0;0.0;0.0;A01
43957;201500029088;0;7;0;0.0;2.0;2.0;15.0;A01
43958;201500029088;0;33;0;0.0;2.0;1.0;1.0;B01
43959;201500029089;0;7;0;0.0;1.0;1.0;1.0;A01
43960;201500029090;0;7;0;0.0;2.0;2.0;16.0;A01
43961;201500029090;0;1;0;0.0;2.0;0.0;0.0;B01
43962;201500029091;0;7;0;8.0;0.0;1.0;0.0;A01
43963;201500029092;0;7;0;0.0;1.0;0.0;0.0;A01
43964;201500029093;2;7;0;2.0;0.0;1.0;0.0;A01
43965;201500029094;0;7;0;0.0;2.0;1.0;2.0;A01
43966;201500029094;0;7;0;0.0;2.0;4.0;0.0;B01
43967;201500029094;0;7;0;0.0;2.0;4.0;2.0;C01
43968;201500029095;0;7;0;0.0;2.0;1.0;13.0;A01
43969;201500029095;0;7;0;0.0;2.0;1.0;1.0;B01
43970;201500029096;0;2;0;0.0;1.0;1.0;0.0;A01
43971;201500029097;0;2;0;0.0;0.0;0.0;0.0;A01
43972;201500029098;0;7;0;16.0;0.0;0.0;0.0;A01
43973;201500029099;0;7;0;0.0;1.0;1.0;1.0;A01
43974;201500029100;0;2;0;0.0;0.0;0.0;0.0;A01
43975;201500029101;0;7;0;0.0;2.0;0.0;0.0;A01
43976;201500029101;0;1;0;0.0;2.0;0.0;0.0;B01
43977;201500029102;0;7;0;0.0;2.0;0.0;0.0;A01
43978;201500029102;0;15;0;0.0;2.0;7.0;0.0;B01
43979;201500029103;0;1;0;0.0;2.0;0.0;0.0;A01
43980;201500029104;0;2;0;0.0;0.0;0.0;1.0;A01
43981;201500029105;0;7;0;0.0;2.0;1.0;2.0;A01
43982;201500029105;0;7;0;0.0;2.0;4.0;2.0;B01
43983;201500029106;0;1;0;0.0;2.0;0.0;1.0;B01
43984;201500029106;0;7;0;0.0;2.0;2.0;16.0;A01
43985;201500029107;0;2;0;11.0;0.0;0.0;0.0;A01
43986;201500029108;0;33;0;0.0;1.0;1.0;1.0;A01
43987;201500029109;0;33;0;0.0;2.0;1.0;0.0;A01
43988;201500029109;0;7;0;0.0;2.0;8.0;0.0;B01
43989;201500029110;0;7;0;0.0;2.0;1.0;15.0;A01
43990;201500029110;0;7;0;0.0;2.0;3.0;1.0;B01
43991;201500029111;0;7;0;0.0;2.0;0.0;0.0;A01
43992;201500029111;0;7;0;0.0;2.0;0.0;0.0;B01
43993;201500029112;0;7;0;0.0;0.0;1.0;0.0;A01
43994;201500029112;0;1;0;0.0;2.0;0.0;0.0;B01
43995;201500029113;0;7;0;0.0;1.0;0.0;0.0;A01
43996;201500029114;0;2;0;0.0;0.0;0.0;0.0;A01
43997;201500029115;0;1;0;0.0;0.0;0.0;0.0;A01
43998;201500029116;0;7;0;0.0;2.0;3.0;1.0;B01
43999;201500029116;0;7;0;5.0;2.0;1.0;16.0;A01
44000;201500029117;0;7;0;0.0;2.0;2.0;1.0;A01
44001;201500029117;0;2;0;0.0;2.0;8.0;1.0;B01
44002;201500029118;0;7;0;0.0;0.0;0.0;0.0;A01
44003;201500029119;0;2;0;0.0;2.0;0.0;1.0;B01
44004;201500029119;0;7;0;0.0;2.0;1.0;15.0;A01
44005;201500029120;0;7;0;0.0;2.0;4.0;1.0;B01
44006;201500029120;0;37;2;0.0;2.0;1.0;1.0;A01
44007;201500029120;0;7;0;0.0;2.0;4.0;1.0;C01
44008;201500029121;0;7;0;0.0;1.0;1.0;1.0;A01
44009;201500029122;0;1;0;0.0;0.0;0.0;0.0;A01
44010;201500029123;0;7;0;0.0;1.0;0.0;1.0;A01
44011;201500029124;0;7;0;0.0;2.0;0.0;1.0;B01
44012;201500029124;0;7;0;0.0;2.0;3.0;17.0;A01
44013;201500029125;0;2;0;0.0;2.0;1.0;0.0;B01
44014;201500029125;0;7;0;0.0;2.0;3.0;15.0;A01
44015;201500029126;0;7;0;0.0;0.0;0.0;0.0;A01
44016;201500029127;0;7;0;0.0;1.0;1.0;16.0;A01
44017;201500029128;0;7;0;0.0;1.0;3.0;1.0;A01
44018;201500029129;0;7;0;0.0;2.0;3.0;0.0;B01
44019;201500029129;0;7;0;0.0;2.0;2.0;0.0;A01
44020;201500029130;0;7;0;0.0;1.0;1.0;0.0;A01
44021;201500029131;0;7;0;0.0;2.0;3.0;1.0;B02
44022;201500029131;0;33;0;0.0;2.0;7.0;13.0;A01
44023;201500029132;0;33;0;0.0;0.0;5.0;1.0;A01
44024;201500029133;0;7;0;0.0;1.0;0.0;1.0;A01
44025;201500029134;0;7;0;0.0;1.0;1.0;15.0;A01
44026;201500029136;0;7;0;0.0;2.0;1.0;2.0;A01
44027;201500029136;0;7;0;0.0;2.0;4.0;2.0;B01
44028;201500029137;0;7;0;0.0;2.0;3.0;23.0;B01
44029;201500029137;0;7;0;0.0;2.0;1.0;2.0;A01
44030;201500029138;2;7;0;0.0;2.0;4.0;23.0;B01
44031;201500029138;0;1;0;14.0;0.0;1.0;1.0;A01
44032;201500029139;0;7;0;0.0;0.0;1.0;1.0;A01
44033;201500029139;0;7;0;0.0;0.0;0.0;0.0;B01
44034;201500029140;0;7;0;0.0;2.0;4.0;2.0;B01
44035;201500029140;0;33;0;0.0;2.0;1.0;2.0;A01
44036;201500029141;0;7;0;0.0;1.0;1.0;15.0;A01
44037;201500029142;0;7;0;0.0;2.0;6.0;13.0;A01
44038;201500029142;0;33;0;0.0;2.0;1.0;1.0;B01
44039;201500029143;0;30;0;0.0;2.0;1.0;1.0;B01
44040;201500029143;0;7;0;0.0;2.0;7.0;16.0;A01
44041;201500029144;0;7;0;0.0;1.0;2.0;1.0;A01
44042;201500029145;0;7;0;0.0;1.0;1.0;15.0;A01
44043;201500029146;0;7;0;0.0;1.0;0.0;0.0;A01
44044;201500029147;0;1;0;0.0;0.0;0.0;0.0;B01
44045;201500029147;0;10;0;0.0;9.0;2.0;15.0;A01
44046;201500029148;0;7;0;0.0;2.0;2.0;15.0;A01
44047;201500029148;0;7;0;0.0;2.0;3.0;1.0;B01
44048;201500029149;0;7;0;0.0;1.0;7.0;1.0;A01
44049;201500029150;0;7;0;0.0;1.0;1.0;1.0;A01
44050;201500029151;0;30;0;0.0;2.0;1.0;0.0;B01
44051;201500029151;0;7;0;0.0;2.0;3.0;15.0;A01
44052;201500029152;0;7;0;16.0;0.0;9.0;17.0;A01
44053;201500029152;0;7;0;0.0;0.0;8.0;2.0;B01
44054;201500029153;0;7;0;0.0;2.0;6.0;1.0;B01
44055;201500029153;0;7;0;0.0;2.0;1.0;17.0;A01
44056;201500029154;0;7;0;0.0;2.0;8.0;13.0;A01
44057;201500029154;0;31;0;0.0;2.0;2.0;17.0;B01
44058;201500029155;0;7;0;0.0;1.0;2.0;1.0;A01
44059;201500029158;0;7;0;0.0;2.0;1.0;13.0;A01
44060;201500029158;0;7;0;1.0;0.0;1.0;1.0;C01
44061;201500029158;0;7;0;0.0;2.0;1.0;1.0;B01
44062;201500029158;0;7;0;1.0;0.0;1.0;1.0;D01
44063;201500029159;0;7;0;0.0;2.0;6.0;15.0;B01
44064;201500029159;0;14;0;0.0;2.0;2.0;15.0;A01
44065;201500029160;0;7;0;0.0;2.0;1.0;0.0;A01
44066;201500029160;0;7;0;0.0;2.0;1.0;0.0;C01
44067;201500029160;0;7;0;0.0;2.0;3.0;1.0;B01
44068;201500029162;0;7;0;0.0;2.0;4.0;23.0;B01
44069;201500029162;0;7;0;0.0;2.0;1.0;2.0;A01
44070;201500029163;0;7;0;0.0;0.0;0.0;0.0;B01
44071;201500029163;0;31;0;0.0;2.0;1.0;0.0;A01
44072;201500029164;0;7;0;0.0;2.0;1.0;1.0;A01
44073;201500029164;0;2;0;0.0;2.0;1.0;15.0;B01
44074;201500029166;0;7;0;0.0;2.0;2.0;1.0;B01
44075;201500029166;0;7;0;0.0;2.0;3.0;15.0;A01
44076;201500029167;0;1;0;0.0;2.0;1.0;1.0;B01
44077;201500029167;0;7;0;0.0;2.0;7.0;15.0;A01
44078;201500029168;0;7;0;0.0;1.0;1.0;15.0;A01
44079;201500029170;0;7;0;0.0;2.0;4.0;1.0;B01
44080;201500029170;0;2;0;0.0;2.0;1.0;1.0;A01
44081;201500029171;1;7;0;0.0;2.0;2.0;0.0;A01
44082;201500029171;0;33;0;0.0;2.0;7.0;1.0;B01
44083;201500029172;0;30;0;0.0;2.0;1.0;1.0;B01
44084;201500029172;0;7;0;0.0;2.0;7.0;15.0;A01
44085;201500029173;0;7;0;0.0;2.0;1.0;1.0;A01
44086;201500029173;0;7;0;0.0;2.0;3.0;15.0;B01
44087;201500029175;0;7;0;0.0;2.0;8.0;1.0;B01
44088;201500029175;0;7;0;0.0;2.0;3.0;9.0;A01
44089;201500029176;0;7;0;14.0;1.0;1.0;21.0;A01
44090;201500029177;0;7;0;0.0;2.0;7.0;15.0;A01
44091;201500029177;0;7;0;0.0;2.0;1.0;16.0;B01
44092;201500029178;0;7;0;13.0;0.0;1.0;1.0;A01
44093;201500029179;2;7;0;1.0;2.0;2.0;21.0;B01
44094;201500029179;0;7;0;0.0;2.0;1.0;15.0;A01
44095;201500029181;0;15;0;0.0;4.0;8.0;16.0;A01
44096;201500029181;0;39;0;0.0;2.0;1.0;1.0;B01
44097;201500029182;0;7;0;0.0;2.0;1.0;1.0;B02
44098;201500029182;0;7;0;0.0;0.0;3.0;19.0;A01
44099;201500029183;0;33;0;0.0;2.0;1.0;2.0;A01
44100;201500029183;0;7;0;0.0;0.0;6.0;1.0;B02
44101;201500029184;0;7;0;13.0;0.0;7.0;2.0;A01
44102;201500029185;0;39;250;0.0;2.0;0.0;1.0;B02
44103;201500029185;0;7;0;0.0;4.0;0.0;0.0;A01
44104;201500029187;0;7;0;0.0;2.0;1.0;1.0;A01
44105;201500029187;0;7;0;0.0;2.0;2.0;16.0;B02
44106;201500029188;0;7;0;0.0;2.0;3.0;13.0;A01
44107;201500029188;0;30;0;0.0;2.0;3.0;1.0;B02
44108;201500029189;0;2;0;0.0;2.0;1.0;17.0;A01
44109;201500029189;0;10;0;0.0;2.0;1.0;1.0;B02
44110;201500029190;0;7;0;0.0;1.0;2.0;0.0;A01
44111;201500029191;0;7;0;13.0;0.0;1.0;2.0;A01
44112;201500029192;0;7;0;0.0;2.0;6.0;15.0;B01
44113;201500029192;0;2;0;0.0;2.0;1.0;2.0;A01
44114;201500029193;0;7;0;0.0;9.0;1.0;17.0;A01
44115;201500029193;0;30;0;0.0;2.0;8.0;2.0;B01
44116;201500029194;0;2;0;0.0;2.0;3.0;15.0;B01
44117;201500029194;0;33;0;1.0;2.0;1.0;2.0;A01
44118;201500029195;0;7;0;0.0;1.0;1.0;2.0;A01
44119;201500029196;0;7;0;0.0;1.0;2.0;2.0;A01
44120;201500029197;0;7;0;2.0;0.0;1.0;1.0;A01
44121;201500029198;0;2;0;0.0;1.0;1.0;2.0;A01
44122;201500029199;0;7;0;0.0;1.0;5.0;4.0;F01
44123;201500029200;0;7;0;0.0;1.0;3.0;1.0;A01
44124;201500029201;0;7;0;0.0;2.0;4.0;2.0;B01
44125;201500029201;0;7;0;0.0;2.0;1.0;2.0;A01
44126;201500029202;0;7;0;0.0;2.0;1.0;1.0;B01
44127;201500029202;0;10;0;0.0;2.0;1.0;13.0;A01
44128;201500029203;0;7;0;0.0;2.0;3.0;5.0;A01
44129;201500029203;0;7;0;0.0;2.0;6.0;21.0;B01
44130;201500029204;0;10;0;0.0;1.0;2.0;1.0;A01
44131;201500029205;0;7;0;0.0;1.0;7.0;15.0;A01
44132;201500029206;0;7;0;0.0;1.0;1.0;1.0;A01
44133;201500029207;0;7;0;0.0;1.0;1.0;1.0;A01
44134;201500029208;0;30;0;0.0;4.0;1.0;1.0;A01
44135;201500029208;0;39;0;;;;;A02
44136;201500029210;0;7;0;0.0;1.0;3.0;15.0;A01
44137;201500029211;0;7;0;0.0;2.0;4.0;0.0;B01
44138;201500029211;0;15;0;4.0;2.0;3.0;2.0;A01
44139;201500029212;0;7;0;0.0;2.0;3.0;1.0;B01
44140;201500029212;0;7;0;0.0;2.0;3.0;17.0;A01
44141;201500029213;0;7;0;0.0;2.0;3.0;15.0;A01
44142;201500029213;0;7;0;0.0;2.0;1.0;1.0;B01
44143;201500029214;0;7;0;0.0;2.0;2.0;0.0;A01
44144;201500029214;0;7;0;0.0;2.0;6.0;15.0;B01
44145;201500029215;0;7;0;0.0;1.0;3.0;1.0;A01
44146;201500029216;0;7;0;0.0;1.0;4.0;4.0;A01
44147;201500029217;0;7;0;0.0;2.0;2.0;1.0;B01
44148;201500029217;0;7;0;0.0;2.0;5.0;10.0;A01
44149;201500029218;0;10;0;0.0;1.0;1.0;1.0;A01
44150;201500029219;1;7;0;0.0;1.0;0.0;0.0;Z01
44151;201500029220;0;1;0;0.0;2.0;1.0;1.0;B01
44152;201500029220;0;7;0;0.0;2.0;2.0;15.0;A01
44153;201500029221;0;7;0;0.0;1.0;1.0;0.0;A01
44154;201500029222;0;10;0;0.0;1.0;3.0;1.0;A01
44155;201500029223;0;33;0;0.0;0.0;8.0;1.0;B01
44156;201500029224;0;7;0;0.0;1.0;3.0;1.0;A01
44157;201500029225;0;7;0;12.0;0.0;1.0;1.0;A01
44158;201500029226;0;7;0;0.0;1.0;4.0;23.0;B01
44159;201500029226;0;7;0;0.0;2.0;1.0;1.0;A01
44160;201500029227;0;10;0;0.0;2.0;2.0;17.0;A01
44161;201500029227;0;31;0;0.0;2.0;1.0;1.0;B01
44162;201500029229;0;7;0;0.0;2.0;0.0;0.0;A01
44163;201500029229;0;2;0;0.0;2.0;3.0;1.0;B01
44164;201500029230;0;7;0;0.0;1.0;3.0;1.0;A01
44165;201500029231;0;10;0;0.0;2.0;4.0;23.0;B01
44166;201500029231;0;7;0;0.0;2.0;4.0;23.0;C01
44167;201500029231;0;7;0;0.0;2.0;1.0;2.0;A01
44168;201500029231;0;7;0;0.0;2.0;4.0;23.0;D01
44169;201500029232;0;7;0;0.0;1.0;1.0;1.0;A01
44170;201500029233;0;7;0;0.0;1.0;2.0;1.0;A01
44171;201500029234;0;1;0;1.0;2.0;0.0;1.0;B01
44172;201500029235;0;7;0;0.0;2.0;2.0;1.0;B01
44173;201500029235;0;7;0;0.0;2.0;2.0;9.0;A01
44174;201500029237;0;31;0;0.0;2.0;1.0;2.0;A01
44175;201500029237;0;7;0;0.0;2.0;4.0;2.0;B01
44176;201500029238;0;7;0;0.0;2.0;1.0;1.0;B01
44177;201500029238;0;10;0;0.0;2.0;1.0;15.0;A01
44178;201500029239;0;7;0;0.0;2.0;4.0;23.0;B01
44179;201500029239;0;7;0;1.0;2.0;1.0;2.0;A01
44180;201500029242;0;33;0;0.0;2.0;1.0;1.0;B01
44181;201500029242;0;10;0;0.0;2.0;1.0;15.0;A01
44182;201500029243;0;7;0;2.0;0.0;8.0;1.0;A01
44183;201500029244;0;7;0;0.0;2.0;5.0;1.0;B01
44184;201500029244;0;1;0;0.0;2.0;1.0;19.0;A01
44185;201500029245;0;7;0;1.0;0.0;9.0;13.0;A01
44186;201500029246;0;99;0;0.0;2.0;1.0;19.0;A01
44187;201500029246;0;7;0;0.0;2.0;3.0;1.0;B01
44188;201500029247;0;7;0;0.0;2.0;2.0;1.0;C01
44189;201500029247;0;7;0;8.0;2.0;9.0;1.0;B01
44190;201500029247;0;1;0;0.0;2.0;0.0;0.0;D01
44191;201500029247;0;10;0;8.0;2.0;1.0;13.0;A01
44192;201500029248;0;33;0;0.0;2.0;1.0;1.0;B01
44193;201500029248;0;7;0;0.0;2.0;7.0;15.0;A01
44194;201500029249;0;7;0;0.0;1.0;2.0;1.0;A01
44195;201500029251;0;7;0;0.0;2.0;1.0;1.0;A01
44196;201500029251;0;7;0;0.0;2.0;3.0;15.0;B01
44197;201500029252;0;33;0;0.0;1.0;1.0;1.0;A01
44198;201500029253;0;7;0;0.0;2.0;1.0;15.0;A01
44199;201500029253;0;30;0;0.0;2.0;1.0;1.0;B01
44200;201500029254;0;3;0;0.0;1.0;1.0;1.0;A01
44201;201500029255;0;7;0;0.0;2.0;3.0;15.0;B01
44202;201500029255;0;33;0;0.0;2.0;1.0;1.0;A01
44203;201500029257;0;2;0;1.0;0.0;1.0;1.0;A01
44204;201500029258;0;10;0;0.0;2.0;3.0;9.0;A01
44205;201500029258;0;33;0;0.0;0.0;0.0;0.0;B01
44206;201500029259;0;10;0;0.0;9.0;3.0;9.0;A01
44207;201500029259;0;1;0;0.0;2.0;1.0;0.0;B01
44208;201500029260;0;10;0;0.0;1.0;0.0;1.0;A01
44209;201500029261;0;37;0;0.0;2.0;2.0;1.0;A01
44210;201500029261;0;10;0;0.0;2.0;1.0;15.0;B01
44211;201500029262;0;7;0;0.0;1.0;1.0;16.0;A01
44212;201500029263;0;7;0;0.0;1.0;1.0;1.0;A01
44213;201500029264;1;7;0;0.0;1.0;0.0;0.0;Z01
44214;201500029265;0;37;0;0.0;1.0;2.0;0.0;A01
44215;201500029266;0;1;0;0.0;2.0;0.0;0.0;A01
44216;201500029266;0;7;0;0.0;0.0;4.0;15.0;B01
44217;201500029267;0;7;0;0.0;1.0;3.0;1.0;A01
44218;201500029268;0;7;0;0.0;1.0;1.0;1.0;A01
44219;201500029269;0;7;0;0.0;2.0;2.0;1.0;B01
44220;201500029269;0;2;0;0.0;2.0;1.0;7.0;A01
44221;201500029270;0;7;0;0.0;2.0;3.0;15.0;A01
44222;201500029270;0;34;0;0.0;2.0;8.0;1.0;B01
44223;201500029272;0;1;0;0.0;2.0;1.0;0.0;A01
44224;201500029272;0;7;0;0.0;2.0;3.0;1.0;B01
44225;201500029273;0;7;0;1.0;0.0;1.0;14.0;A01
44226;201500029274;1;7;0;0.0;1.0;7.0;1.0;Z01
44227;201500029275;0;2;0;0.0;2.0;8.0;1.0;A01
44228;201500029275;1;7;0;0.0;2.0;8.0;13.0;Z01
44229;201500029276;0;7;0;0.0;2.0;1.0;2.0;A01
44230;201500029276;0;2;0;0.0;2.0;4.0;2.0;B01
44231;201500029276;0;7;0;0.0;2.0;4.0;2.0;C01
44232;201500029277;0;7;0;0.0;2.0;3.0;0.0;A01
44233;201500029277;0;31;0;0.0;2.0;1.0;1.0;B01
44234;201500029278;0;7;0;2.0;0.0;9.0;1.0;A01
44235;201500029279;0;7;0;0.0;2.0;4.0;2.0;B01
44236;201500029279;0;7;0;0.0;2.0;4.0;1.0;C01
44237;201500029279;0;7;0;0.0;2.0;1.0;2.0;A01
44238;201500029280;0;7;0;0.0;2.0;1.0;1.0;A01
44239;201500029280;0;7;0;0.0;0.0;0.0;0.0;B01
44240;201500029281;0;7;0;0.0;2.0;4.0;1.0;C01
44241;201500029281;0;7;0;0.0;2.0;1.0;1.0;A01
44242;201500029281;0;7;0;0.0;2.0;4.0;1.0;B01
44243;201500029282;0;7;0;0.0;2.0;1.0;1.0;B01
44244;201500029282;0;7;0;0.0;2.0;8.0;1.0;A01
44245;201500029283;0;1;0;0.0;1.0;1.0;1.0;A01
44246;201500029284;0;13;0;0.0;1.0;5.0;1.0;A01
44247;201500029285;0;15;0;0.0;2.0;2.0;15.0;B01
44248;201500029285;0;7;0;0.0;2.0;9.0;18.0;A01
44249;201500029285;0;7;0;0.0;2.0;2.0;1.0;C01
44250;201500029286;0;7;0;0.0;2.0;4.0;1.0;D01
44251;201500029286;0;7;0;0.0;2.0;9.0;1.0;B01
44252;201500029286;0;7;0;0.0;2.0;4.0;1.0;F02
44253;201500029286;0;7;0;0.0;2.0;9.0;1.0;C01
44254;201500029286;0;7;0;0.0;2.0;4.0;1.0;E01
44255;201500029286;0;15;0;0.0;2.0;1.0;1.0;A01
44256;201500029287;0;7;0;0.0;2.0;3.0;15.0;B01
44257;201500029287;0;31;0;0.0;2.0;2.0;17.0;A01
44258;201500029288;0;7;0;0.0;1.0;1.0;1.0;A01
44259;201500029289;0;2;0;15.0;0.0;1.0;1.0;A01
44260;201500029290;0;7;0;0.0;1.0;3.0;0.0;A01
44261;201500029291;0;7;0;0.0;1.0;1.0;1.0;A01
44262;201500029292;0;7;0;0.0;2.0;3.0;9.0;A01
44263;201500029292;0;7;0;0.0;2.0;1.0;1.0;B01
44264;201500029293;0;7;0;2.0;0.0;3.0;7.0;A01
44265;201500029295;0;7;0;0.0;2.0;3.0;1.0;B01
44266;201500029295;0;2;0;0.0;2.0;2.0;9.0;A01
44267;201500029296;0;7;0;0.0;2.0;8.0;24.0;A01
44268;201500029296;0;1;0;1.0;0.0;1.0;1.0;B01
44269;201500029297;0;7;0;0.0;1.0;2.0;1.0;A01
44270;201500029299;0;7;0;0.0;1.0;1.0;15.0;A01
44271;201500029300;0;7;0;0.0;2.0;1.0;15.0;A01
44272;201500029300;0;2;0;0.0;2.0;1.0;1.0;B01
44273;201500029302;0;7;0;0.0;1.0;3.0;1.0;A01
44274;201500029304;1;33;0;0.0;2.0;0.0;0.0;Z01
44275;201500029304;0;7;0;0.0;2.0;8.0;0.0;B01
44276;201500029305;0;30;0;0.0;1.0;1.0;1.0;A01
44277;201500029306;0;7;0;0.0;2.0;1.0;1.0;A01
44278;201500029306;0;7;0;0.0;2.0;2.0;10.0;B01
44279;201500029307;0;7;0;0.0;1.0;1.0;1.0;A01
44280;201500029308;0;7;0;0.0;2.0;3.0;15.0;B01
44281;201500029308;0;7;0;0.0;2.0;1.0;1.0;A01
44282;201500029309;0;1;0;0.0;0.0;0.0;0.0;B01
44283;201500029309;1;7;0;0.0;0.0;0.0;0.0;A01
44284;201500029310;0;7;0;0.0;1.0;0.0;1.0;A01
44285;201500029312;0;7;0;0.0;1.0;1.0;0.0;A01
44286;201500029313;0;7;0;0.0;1.0;1.0;18.0;A01
44287;201500029314;0;10;0;2.0;0.0;5.0;1.0;A01
44288;201500029317;0;10;0;0.0;1.0;1.0;1.0;A01
44289;201500029318;0;7;0;0.0;1.0;1.0;1.0;A01
44290;201500029319;0;7;0;0.0;2.0;1.0;1.0;A01
44291;201500029319;0;7;0;0.0;2.0;4.0;1.0;B01
44292;201500029320;0;7;0;0.0;1.0;1.0;15.0;A01
44293;201500029321;0;7;0;2.0;0.0;8.0;1.0;A01
44294;201500029322;0;7;0;0.0;2.0;2.0;0.0;A01
44295;201500029322;0;7;0;0.0;2.0;2.0;0.0;B01
44296;201500029323;0;7;0;0.0;2.0;7.0;13.0;A01
44297;201500029323;0;7;0;0.0;2.0;1.0;1.0;B01
44298;201500029324;0;2;0;1.0;0.0;0.0;0.0;A01
44299;201500029325;0;7;0;0.0;1.0;2.0;1.0;A01
44300;201500029326;0;7;0;6.0;0.0;1.0;1.0;A01
44301;201500029328;0;7;0;0.0;2.0;6.0;15.0;B01
44302;201500029328;0;2;0;0.0;2.0;1.0;1.0;A01
44303;201500029329;0;7;0;0.0;1.0;3.0;1.0;A01
44304;201500029330;0;7;0;0.0;1.0;2.0;1.0;A01
44305;201500029331;0;2;0;0.0;0.0;0.0;1.0;A01
44306;201500029332;0;7;0;0.0;1.0;7.0;1.0;A01
44307;201500029333;0;7;0;0.0;2.0;2.0;1.0;B01
44308;201500029333;0;7;0;0.0;2.0;8.0;16.0;A01
44309;201500029334;0;7;0;0.0;1.0;1.0;2.0;A01
44310;201500029335;0;2;0;0.0;2.0;1.0;1.0;B01
44311;201500029335;0;7;0;0.0;2.0;8.0;1.0;A01
44312;201500029335;0;7;0;0.0;2.0;0.0;0.0;T01
44313;201500029336;0;7;0;0.0;1.0;3.0;0.0;A01
44314;201500029337;0;7;0;0.0;2.0;3.0;2.0;A01
44315;201500029337;0;33;0;0.0;2.0;0.0;2.0;B01
44316;201500029338;0;33;0;0.0;2.0;1.0;1.0;A01
44317;201500029338;0;7;0;0.0;2.0;3.0;1.0;B01
44318;201500029339;0;10;0;0.0;1.0;2.0;16.0;A01
44319;201500029340;0;7;0;0.0;2.0;1.0;1.0;B01
44320;201500029340;0;7;0;0.0;2.0;7.0;15.0;A01
44321;201500029341;0;7;0;0.0;1.0;1.0;15.0;A01
44322;201500029342;0;7;0;0.0;1.0;1.0;1.0;A01
44323;201500029344;0;7;0;0.0;1.0;1.0;1.0;A01
44324;201500029345;0;7;0;0.0;2.0;1.0;1.0;B01
44325;201500029345;0;7;0;0.0;2.0;7.0;15.0;A01
44326;201500029346;0;7;0;0.0;1.0;1.0;1.0;A01
44327;201500029347;0;7;0;0.0;2.0;3.0;15.0;A01
44328;201500029347;0;30;0;0.0;2.0;1.0;17.0;B01
44329;201500029348;0;7;0;0.0;1.0;3.0;16.0;A01
44330;201500029350;0;30;0;0.0;2.0;1.0;17.0;A01
44331;201500029350;0;7;0;0.0;2.0;3.0;15.0;B01
44332;201500029352;0;7;0;0.0;1.0;2.0;1.0;A01
44333;201500029354;0;10;0;0.0;2.0;3.0;1.0;B01
44334;201500029354;0;7;0;0.0;2.0;3.0;13.0;A01
44335;201500029355;0;33;0;1.0;0.0;1.0;14.0;A01
44336;201500029356;0;7;0;0.0;1.0;1.0;1.0;A01
44337;201500029357;0;7;0;0.0;1.0;2.0;16.0;A01
44338;201500029358;0;7;0;0.0;1.0;1.0;1.0;A01
44339;201500029359;0;7;0;0.0;1.0;1.0;1.0;A01
44340;201500029360;0;30;0;0.0;0.0;1.0;13.0;A01
44341;201500029361;0;7;0;0.0;1.0;1.0;1.0;A01
44342;201500029362;0;2;0;0.0;2.0;1.0;0.0;B01
44343;201500029362;0;7;0;0.0;2.0;3.0;9.0;A01
44344;201500029363;0;7;0;0.0;1.0;1.0;1.0;A01
44345;201500029364;0;7;0;0.0;1.0;3.0;9.0;A01
44346;201500029365;0;7;0;0.0;1.0;1.0;1.0;A01
44347;201500029366;0;7;0;0.0;2.0;1.0;1.0;B01
44348;201500029366;0;2;0;0.0;2.0;1.0;9.0;A01