;Num_Acc;senc;catv;occutc;obs;obsm;choc;manv;num_veh
44349;201500029367;0;7;0;0.0;1.0;1.0;1.0;A01
44350;201500029368;0;7;0;0.0;2.0;4.0;2.0;C01
44351;201500029368;0;7;0;0.0;2.0;4.0;2.0;B01
44352;201500029368;0;7;0;0.0;2.0;1.0;1.0;A01
44353;201500029368;0;7;0;0.0;2.0;1.0;1.0;D01
44354;201500029369;0;7;0;0.0;1.0;1.0;1.0;A01
44355;201500029370;0;7;0;0.0;2.0;4.0;16.0;B01
44356;201500029370;0;36;0;0.0;2.0;1.0;1.0;A01
44357;201500029371;0;33;0;1.0;0.0;1.0;13.0;A01
44358;201500029372;0;33;0;0.0;0.0;2.0;14.0;A01
44359;201500029374;0;33;0;0.0;2.0;1.0;1.0;B01
44360;201500029374;0;7;0;0.0;2.0;2.0;9.0;A01
44361;201500029375;0;7;0;0.0;1.0;1.0;1.0;A01
44362;201500029377;0;7;0;0.0;2.0;1.0;1.0;B01
44363;201500029377;0;30;0;0.0;2.0;1.0;13.0;A01
44364;201500029378;0;7;0;0.0;1.0;8.0;0.0;A01
44365;201500029379;0;33;0;3.0;0.0;1.0;13.0;A01
44366;201500029382;0;7;0;0.0;2.0;1.0;0.0;A01
44367;201500029382;0;7;0;0.0;2.0;0.0;24.0;B01
44368;201500029383;0;7;0;0.0;1.0;2.0;16.0;A01
44369;201500029384;0;7;0;0.0;2.0;1.0;15.0;A01
44370;201500029384;0;7;0;0.0;2.0;1.0;1.0;B01
44371;201500029385;0;7;0;0.0;2.0;1.0;13.0;A01
44372;201500029385;0;7;0;0.0;2.0;1.0;1.0;B01
44373;201500029386;0;1;0;0.0;2.0;1.0;1.0;B01
44374;201500029386;0;7;0;0.0;9.0;1.0;15.0;A01
44375;201500029387;0;7;0;0.0;1.0;7.0;1.0;A01
44376;201500029388;0;7;0;0.0;2.0;3.0;6.0;A01
44377;201500029388;0;7;0;0.0;2.0;1.0;1.0;B01
44378;201500029389;0;1;0;0.0;2.0;3.0;19.0;B01
44379;201500029389;0;7;0;0.0;9.0;1.0;16.0;A01
44380;201500029390;0;7;0;0.0;1.0;2.0;1.0;A01
44381;201500029391;0;7;0;0.0;2.0;5.0;1.0;B01
44382;201500029391;0;2;0;0.0;2.0;3.0;13.0;A01
44383;201500029392;1;7;0;0.0;2.0;3.0;15.0;A01
44384;201500029392;0;2;0;0.0;2.0;1.0;1.0;B01
44385;201500029393;0;30;0;16.0;0.0;2.0;14.0;A01
44386;201500029394;0;7;0;0.0;1.0;2.0;16.0;A01
44387;201500029395;0;7;0;0.0;0.0;0.0;0.0;A01
44388;201500029395;0;33;0;0.0;0.0;0.0;21.0;B01
44389;201500029395;0;33;0;0.0;0.0;7.0;21.0;C01
44390;201500029396;0;32;0;0.0;1.0;1.0;1.0;A01
44391;201500029397;0;7;0;0.0;1.0;1.0;15.0;A01
44392;201500029398;0;7;0;0.0;2.0;1.0;15.0;A01
44393;201500029398;0;33;0;0.0;2.0;1.0;1.0;B01
44394;201500029399;0;7;0;0.0;1.0;2.0;1.0;A01
44395;201500029400;0;7;0;0.0;1.0;2.0;1.0;A01
44396;201500029401;0;7;0;0.0;1.0;1.0;0.0;A01
44397;201500029402;0;7;0;0.0;1.0;2.0;0.0;A01
44398;201500029403;0;7;0;0.0;1.0;1.0;0.0;A01
44399;201500029404;0;7;0;0.0;1.0;1.0;1.0;A01
44400;201500029406;0;10;0;0.0;1.0;1.0;1.0;A01
44401;201500029407;0;7;0;0.0;1.0;0.0;0.0;A01
44402;201500029408;0;1;0;0.0;2.0;3.0;1.0;B01
44403;201500029408;0;7;0;0.0;9.0;2.0;16.0;A01
44404;201500029409;0;3;0;0.0;1.0;0.0;0.0;A01
44405;201500029410;0;10;0;0.0;1.0;3.0;15.0;A01
44406;201500029411;0;7;0;0.0;2.0;1.0;1.0;B01
44407;201500029411;0;7;0;0.0;2.0;1.0;13.0;A01
44408;201500029412;0;7;0;0.0;1.0;3.0;15.0;A01
44409;201500029413;0;33;0;0.0;2.0;2.0;1.0;B01
44410;201500029413;0;7;0;0.0;2.0;3.0;9.0;A01
44411;201500029414;0;7;0;0.0;1.0;3.0;1.0;A01
44412;201500029415;0;7;0;0.0;2.0;2.0;1.0;A01
44413;201500029415;0;30;0;0.0;2.0;1.0;15.0;B02
44414;201500029416;0;7;0;0.0;2.0;1.0;1.0;J10
44415;201500029416;0;7;0;0.0;2.0;1.0;1.0;E05
44416;201500029416;0;7;0;0.0;2.0;1.0;1.0;F06
44417;201500029416;0;7;0;0.0;2.0;1.0;1.0;H08
44418;201500029416;0;7;0;0.0;2.0;1.0;1.0;G07
44419;201500029416;0;10;0;3.0;0.0;3.0;1.0;A01
44420;201500029416;0;7;0;0.0;2.0;1.0;1.0;I09
44421;201500029416;0;7;0;0.0;2.0;1.0;1.0;B02
44422;201500029416;0;7;0;0.0;2.0;1.0;1.0;K11
44423;201500029416;0;7;0;0.0;2.0;1.0;1.0;D04
44424;201500029416;0;7;0;0.0;2.0;1.0;1.0;C03
44425;201500029417;0;15;0;0.0;2.0;2.0;21.0;A01
44426;201500029417;0;7;0;3.0;2.0;6.0;9.0;B02
44427;201500029418;0;10;0;0.0;2.0;2.0;17.0;A01
44428;201500029420;0;7;0;0.0;2.0;1.0;2.0;A01
44429;201500029420;0;7;0;0.0;0.0;4.0;2.0;C03
44430;201500029420;0;7;0;0.0;2.0;4.0;2.0;B02
44431;201500029421;0;7;0;0.0;2.0;2.0;1.0;A01
44432;201500029421;0;7;0;3.0;0.0;6.0;13.0;B02
44433;201500029422;0;10;0;14.0;0.0;7.0;2.0;C03
44434;201500029422;0;17;0;0.0;2.0;4.0;2.0;B02
44435;201500029422;0;10;0;14.0;0.0;2.0;2.0;D04
44436;201500029422;0;10;0;0.0;2.0;1.0;2.0;A01
44437;201500029422;0;7;0;14.0;0.0;2.0;2.0;E05
44438;201500029423;0;1;0;0.0;2.0;8.0;15.0;B02
44439;201500029423;0;33;0;0.0;2.0;1.0;17.0;A01
44440;201500029424;0;1;0;0.0;9.0;4.0;1.0;B02
44441;201500029424;0;1;0;0.0;9.0;1.0;1.0;A01
44442;201500029425;0;7;0;2.0;0.0;1.0;1.0;A01
44443;201500029425;0;7;0;0.0;0.0;7.0;1.0;B02
44444;201500029426;0;7;0;0.0;2.0;1.0;1.0;B02
44445;201500029426;0;7;0;0.0;2.0;1.0;13.0;A01
44446;201500029428;0;33;0;0.0;2.0;0.0;0.0;B01
44447;201500029428;0;7;0;0.0;2.0;1.0;9.0;A01
44448;201500029429;0;2;0;0.0;2.0;1.0;0.0;A01
44449;201500029429;0;7;0;0.0;2.0;1.0;1.0;B01
44450;201500029430;0;7;0;0.0;1.0;0.0;1.0;A01
44451;201500029431;0;2;0;0.0;0.0;0.0;0.0;A01
44452;201500029432;0;2;0;0.0;0.0;0.0;0.0;A01
44453;201500029433;0;7;0;0.0;2.0;2.0;0.0;A01
44454;201500029433;0;1;0;0.0;2.0;8.0;0.0;B01
44455;201500029434;0;1;0;0.0;2.0;1.0;0.0;A01
44456;201500029434;0;7;0;0.0;2.0;2.0;0.0;B01
44457;201500029435;0;7;0;0.0;2.0;2.0;1.0;B01
44458;201500029435;0;7;0;0.0;2.0;7.0;5.0;A01
44459;201500029436;0;7;0;0.0;1.0;0.0;0.0;A01
44460;201500029437;0;7;0;0.0;1.0;0.0;0.0;A01
44461;201500029438;0;2;0;0.0;0.0;0.0;0.0;A01
44462;201500029440;0;7;0;0.0;2.0;1.0;0.0;A01
44463;201500029440;0;7;0;0.0;2.0;1.0;0.0;B01
44464;201500029441;0;7;0;0.0;2.0;4.0;4.0;A01
44465;201500029441;0;1;0;0.0;2.0;1.0;1.0;B01
44466;201500029442;0;33;0;0.0;0.0;0.0;0.0;A01
44467;201500029443;0;7;0;0.0;2.0;1.0;15.0;A01
44468;201500029443;0;1;0;0.0;2.0;1.0;1.0;B01
44469;201500029444;0;2;0;0.0;0.0;0.0;0.0;A01
44470;201500029445;0;2;0;0.0;0.0;0.0;0.0;A01
44471;201500029446;0;7;0;0.0;1.0;3.0;0.0;A01
44472;201500029447;0;7;0;0.0;0.0;0.0;0.0;B01
44473;201500029447;0;1;0;0.0;0.0;0.0;0.0;A01
44474;201500029448;0;33;0;0.0;0.0;0.0;0.0;A01
44475;201500029449;0;33;0;0.0;0.0;0.0;0.0;A01
44476;201500029450;0;33;0;0.0;0.0;7.0;0.0;A01
44477;201500029451;0;30;0;8.0;0.0;1.0;16.0;A01
44478;201500029452;0;7;0;6.0;0.0;1.0;0.0;A01
44479;201500029453;0;7;0;0.0;0.0;0.0;0.0;A01
44480;201500029455;0;7;0;0.0;1.0;1.0;1.0;A01
44481;201500029456;0;7;0;1.0;0.0;3.0;13.0;A01
44482;201500029457;0;1;0;12.0;0.0;0.0;1.0;A01
44483;201500029458;0;7;0;0.0;1.0;0.0;0.0;A01
44484;201500029459;0;7;0;0.0;1.0;1.0;16.0;A01
44485;201500029460;0;7;0;0.0;2.0;2.0;17.0;A01
44486;201500029460;0;1;0;0.0;2.0;0.0;1.0;B01
44487;201500029461;0;7;0;0.0;2.0;0.0;1.0;B01
44488;201500029461;0;7;0;0.0;2.0;0.0;15.0;A01
44489;201500029462;0;2;0;8.0;0.0;0.0;0.0;A01
44490;201500029463;0;1;0;0.0;2.0;0.0;0.0;B01
44491;201500029463;1;7;0;0.0;2.0;0.0;0.0;Z01
44492;201500029464;0;7;0;0.0;2.0;0.0;0.0;A01
44493;201500029464;0;33;0;0.0;2.0;0.0;0.0;B01
44494;201500029465;0;3;0;1.0;0.0;3.0;1.0;A01
44495;201500029466;2;7;0;0.0;2.0;2.0;0.0;Z01
44496;201500029466;0;1;0;0.0;0.0;4.0;1.0;B01
44497;201500029467;0;33;0;0.0;0.0;0.0;0.0;A01
44498;201500029468;0;7;0;0.0;1.0;0.0;0.0;A01
44499;201500029469;0;33;0;0.0;0.0;8.0;0.0;A01
44500;201500029470;0;7;0;0.0;2.0;1.0;2.0;A01
44501;201500029470;0;7;0;0.0;0.0;0.0;0.0;B01
44502;201500029471;0;7;0;0.0;2.0;4.0;2.0;B01
44503;201500029471;0;33;0;0.0;2.0;1.0;2.0;A01
44504;201500029472;0;7;0;0.0;2.0;4.0;2.0;B01
44505;201500029472;0;7;0;0.0;2.0;1.0;0.0;A01
44506;201500029473;0;7;0;0.0;2.0;1.0;15.0;A01
44507;201500029473;0;7;0;0.0;2.0;3.0;1.0;B01
44508;201500029474;0;2;0;0.0;1.0;1.0;0.0;A01
44509;201500029475;0;7;0;0.0;2.0;8.0;0.0;A01
44510;201500029475;0;7;0;0.0;2.0;1.0;0.0;B01
44511;201500029476;0;7;0;0.0;2.0;1.0;0.0;A01
44512;201500029476;0;7;0;0.0;2.0;8.0;0.0;C01
44513;201500029476;0;7;0;0.0;2.0;8.0;0.0;B01
44514;201500029477;0;7;0;15.0;0.0;0.0;14.0;A01
44515;201500029478;0;1;0;0.0;0.0;7.0;0.0;A01
44516;201500029479;0;7;0;0.0;1.0;1.0;16.0;A01
44517;201500029480;0;7;0;0.0;1.0;4.0;4.0;A01
44518;201500029481;0;7;0;0.0;2.0;1.0;0.0;A01
44519;201500029481;0;7;0;0.0;2.0;1.0;0.0;B01
44520;201500029482;0;7;0;0.0;1.0;1.0;0.0;A01
44521;201500029483;0;7;0;0.0;2.0;0.0;0.0;A01
44522;201500029483;0;33;0;0.0;2.0;7.0;0.0;B01
44523;201500029484;0;7;0;0.0;2.0;2.0;1.0;B01
44524;201500029484;0;30;0;0.0;2.0;1.0;18.0;A01
44525;201500029486;0;7;0;0.0;1.0;1.0;0.0;A01
44526;201500029487;0;7;0;0.0;1.0;1.0;15.0;A01
44527;201500029488;0;7;0;0.0;2.0;1.0;1.0;B01
44528;201500029488;0;7;0;0.0;2.0;1.0;15.0;A01
44529;201500029489;0;2;0;0.0;0.0;0.0;0.0;A01
44530;201500029492;0;30;0;0.0;2.0;1.0;0.0;B01
44531;201500029492;0;7;0;0.0;2.0;1.0;0.0;A01
44532;201500029493;0;7;0;0.0;2.0;1.0;0.0;B01
44533;201500029493;0;31;0;0.0;2.0;1.0;0.0;A01
44534;201500029494;0;7;0;0.0;1.0;1.0;1.0;A01
44535;201500029495;0;7;0;0.0;1.0;1.0;0.0;A01
44536;201500029496;0;1;0;0.0;2.0;6.0;0.0;B01
44537;201500029496;0;7;0;0.0;2.0;0.0;0.0;A01
44538;201500029497;0;30;0;0.0;0.0;7.0;0.0;A01
44539;201500029498;0;7;0;0.0;2.0;1.0;0.0;B01
44540;201500029498;0;7;0;0.0;2.0;1.0;0.0;A01
44541;201500029499;0;7;0;0.0;2.0;1.0;1.0;B01
44542;201500029499;0;7;0;0.0;2.0;0.0;0.0;A01
44543;201500029500;0;7;0;0.0;1.0;4.0;0.0;A01
44544;201500029501;0;7;0;0.0;2.0;1.0;0.0;B01
44545;201500029501;0;7;0;0.0;2.0;1.0;0.0;A01
44546;201500029502;0;7;0;0.0;2.0;1.0;1.0;A01
44547;201500029502;0;7;0;0.0;2.0;6.0;0.0;B01
44548;201500029503;0;7;0;1.0;0.0;9.0;1.0;A01
44549;201500029504;0;1;0;0.0;2.0;0.0;1.0;A01
44550;201500029504;0;7;0;0.0;2.0;1.0;0.0;B01
44551;201500029505;1;7;0;0.0;1.0;0.0;0.0;Z01
44552;201500029506;0;33;0;0.0;2.0;7.0;13.0;A01
44553;201500029506;0;7;0;0.0;2.0;8.0;2.0;B01
44554;201500029507;0;2;0;0.0;2.0;8.0;0.0;B01
44555;201500029507;0;7;0;0.0;2.0;1.0;0.0;A01
44556;201500029508;0;10;0;0.0;2.0;1.0;0.0;A01
44557;201500029508;0;7;0;0.0;2.0;8.0;0.0;B01
44558;201500029509;0;2;0;0.0;0.0;8.0;0.0;A01
44559;201500029510;0;7;0;0.0;1.0;0.0;1.0;A01
44560;201500029511;0;37;1;0.0;1.0;1.0;0.0;A01
44561;201500029513;0;2;0;0.0;2.0;0.0;1.0;B01
44562;201500029513;0;7;0;0.0;2.0;3.0;15.0;A01
44563;201500029514;0;7;0;2.0;0.0;2.0;1.0;A01
44564;201500029515;0;7;0;0.0;2.0;3.0;10.0;A01
44565;201500029515;0;7;0;0.0;2.0;7.0;1.0;B01
44566;201500029517;0;7;0;0.0;2.0;8.0;0.0;A01
44567;201500029517;0;7;0;0.0;2.0;3.0;0.0;B01
44568;201500029519;0;7;0;0.0;2.0;1.0;0.0;A01
44569;201500029519;0;1;0;0.0;2.0;7.0;0.0;B01
44570;201500029520;0;2;0;0.0;2.0;1.0;1.0;B01
44571;201500029520;0;7;0;0.0;2.0;2.0;15.0;A01
44572;201500029522;0;7;0;0.0;1.0;7.0;1.0;A01
44573;201500029523;0;7;0;6.0;0.0;3.0;13.0;A01
44574;201500029525;0;33;0;12.0;0.0;1.0;1.0;A01
44575;201500029526;0;7;0;0.0;2.0;1.0;1.0;A01
44576;201500029526;0;1;0;0.0;2.0;4.0;2.0;B02
44577;201500029527;0;10;0;1.0;;1.0;1.0;A01
44578;201500029528;0;7;0;6.0;0.0;1.0;17.0;A01
44579;201500029530;0;7;0;0.0;1.0;2.0;1.0;A01
44580;201500029531;0;7;0;0.0;2.0;1.0;1.0;B02
44581;201500029531;0;7;0;0.0;2.0;1.0;6.0;A01
44582;201500029532;0;7;0;2.0;0.0;1.0;1.0;A01
44583;201500029533;0;7;0;0.0;1.0;2.0;1.0;A01
44584;201500029534;0;7;0;0.0;2.0;3.0;20.0;B02
44585;201500029534;0;2;0;0.0;2.0;1.0;5.0;A01
44586;201500029535;0;7;0;0.0;2.0;8.0;1.0;B02
44587;201500029535;0;7;0;3.0;2.0;2.0;12.0;A01
44588;201500029535;0;7;0;0.0;2.0;9.0;1.0;C03
44589;201500029536;0;7;0;0.0;2.0;3.0;1.0;B02
44590;201500029536;0;7;0;0.0;2.0;2.0;16.0;A01
44591;201500029537;0;7;0;0.0;2.0;3.0;19.0;B02
44592;201500029537;0;33;0;0.0;2.0;1.0;1.0;A01
44593;201500029538;0;33;0;0.0;2.0;1.0;1.0;A01
44594;201500029538;0;7;0;0.0;2.0;8.0;19.0;B02
44595;201500029539;0;33;0;16.0;0.0;2.0;1.0;A01
44596;201500029540;0;33;0;3.0;0.0;3.0;1.0;A01
44597;201500029541;0;30;0;15.0;0.0;1.0;1.0;A01
44598;201500029541;0;7;0;0.0;2.0;8.0;9.0;B02
44599;201500029542;0;7;0;0.0;1.0;2.0;17.0;A01
44600;201500029543;0;7;0;2.0;0.0;1.0;18.0;A01
44601;201500029544;0;7;0;0.0;1.0;3.0;1.0;A01
44602;201500029545;0;7;0;0.0;2.0;3.0;1.0;A01
44603;201500029545;0;7;0;0.0;2.0;8.0;15.0;B02
44604;201500029546;0;7;0;0.0;1.0;2.0;2.0;A01
44605;201500029547;0;7;0;1.0;0.0;2.0;1.0;A01
44606;201500029548;0;7;0;0.0;1.0;2.0;0.0;A01
44607;201500029549;0;7;0;0.0;2.0;7.0;19.0;A01
44608;201500029549;0;1;0;0.0;2.0;1.0;1.0;B01
44609;201500029550;0;7;0;0.0;1.0;1.0;1.0;A01
44610;201500029551;0;7;0;15.0;1.0;2.0;1.0;A01
44611;201500029552;0;7;0;0.0;1.0;2.0;1.0;A01
44612;201500029553;0;7;0;0.0;2.0;1.0;15.0;B01
44613;201500029553;0;33;0;0.0;2.0;1.0;1.0;A01
44614;201500029554;0;10;0;0.0;1.0;0.0;1.0;A01
44615;201500029556;1;7;0;0.0;1.0;0.0;0.0;Z01
44616;201500029557;0;7;0;0.0;1.0;8.0;1.0;A01
44617;201500029558;0;7;0;0.0;1.0;0.0;0.0;A01
44618;201500029559;0;7;0;8.0;2.0;1.0;1.0;B01
44619;201500029559;0;7;0;11.0;2.0;2.0;15.0;A01
44620;201500029560;0;2;0;0.0;2.0;7.0;1.0;B01
44621;201500029560;0;7;0;0.0;9.0;3.0;15.0;A01
44622;201500029561;0;7;0;0.0;2.0;2.0;1.0;B01
44623;201500029561;0;7;0;0.0;0.0;8.0;10.0;A01
44624;201500029562;0;15;0;0.0;9.0;0.0;2.0;A01
44625;201500029562;0;1;0;0.0;2.0;8.0;2.0;B01
44626;201500029563;0;7;0;0.0;0.0;0.0;0.0;B01
44627;201500029563;0;7;0;0.0;2.0;0.0;0.0;A01
44628;201500029564;0;7;0;0.0;2.0;8.0;1.0;C01
44629;201500029564;0;7;0;0.0;2.0;1.0;1.0;B01
44630;201500029564;1;7;0;0.0;2.0;1.0;13.0;A01
44631;201500029565;0;7;0;2.0;0.0;2.0;13.0;A01
44632;201500029566;0;7;0;0.0;1.0;1.0;15.0;A01
44633;201500029568;0;34;0;0.0;2.0;8.0;1.0;B01
44634;201500029568;0;7;0;0.0;2.0;1.0;15.0;A01
44635;201500029569;0;7;0;0.0;2.0;6.0;1.0;C01
44636;201500029569;0;7;0;0.0;2.0;3.0;13.0;A01
44637;201500029569;0;7;0;0.0;2.0;3.0;1.0;B01
44638;201500029570;0;7;0;0.0;2.0;6.0;16.0;A01
44639;201500029570;0;7;0;0.0;2.0;1.0;1.0;B01
44640;201500029571;0;7;0;0.0;2.0;3.0;13.0;A01
44641;201500029571;0;7;0;0.0;2.0;6.0;1.0;B01
44642;201500029572;0;7;0;15.0;0.0;2.0;1.0;A01
44643;201500029573;0;15;0;0.0;0.0;2.0;16.0;B01
44644;201500029573;0;2;0;0.0;2.0;3.0;18.0;A01
44645;201500029574;0;7;0;0.0;2.0;3.0;1.0;B01
44646;201500029574;0;7;0;0.0;2.0;1.0;9.0;A01
44647;201500029575;0;7;0;0.0;1.0;2.0;9.0;A01
44648;201500029577;0;2;0;0.0;2.0;8.0;2.0;B01
44649;201500029577;0;7;0;0.0;2.0;3.0;15.0;A01
44650;201500029578;0;7;0;0.0;1.0;2.0;0.0;A01
44651;201500029579;0;7;0;0.0;1.0;2.0;1.0;A01
44652;201500029580;0;7;0;6.0;0.0;0.0;13.0;A01
44653;201500029581;0;7;0;0.0;2.0;2.0;15.0;A01
44654;201500029581;0;33;0;0.0;2.0;0.0;1.0;B01
44655;201500029582;0;1;0;16.0;0.0;0.0;17.0;B01
44656;201500029583;0;7;0;0.0;2.0;0.0;0.0;B01
44657;201500029583;0;7;0;0.0;2.0;2.0;19.0;A01
44658;201500029584;0;7;0;0.0;1.0;2.0;1.0;A01
44659;201500029585;0;7;0;0.0;0.0;2.0;15.0;B01
44660;201500029585;0;1;0;0.0;2.0;1.0;1.0;A01
44661;201500029586;0;7;0;0.0;1.0;1.0;1.0;A01
44662;201500029588;0;7;0;0.0;1.0;3.0;19.0;A01
44663;201500029589;0;2;0;0.0;2.0;1.0;1.0;A01
44664;201500029589;0;7;0;0.0;2.0;2.0;15.0;B01
44665;201500029590;0;10;0;0.0;2.0;1.0;1.0;B01
44666;201500029590;0;7;0;0.0;2.0;1.0;13.0;A01
44667;201500029591;0;7;0;0.0;1.0;3.0;17.0;A01
44668;201500029593;0;7;0;0.0;1.0;3.0;1.0;A01
44669;201500029594;0;7;0;0.0;2.0;1.0;1.0;B01
44670;201500029594;0;7;0;0.0;2.0;1.0;1.0;C01
44671;201500029594;0;7;0;0.0;2.0;1.0;5.0;A01
44672;201500029595;0;7;0;0.0;1.0;1.0;1.0;A01
44673;201500029596;0;7;0;1.0;2.0;2.0;13.0;A01
44674;201500029596;0;7;0;0.0;2.0;3.0;0.0;C01
44675;201500029596;0;7;0;0.0;0.0;3.0;0.0;D01
44676;201500029596;0;7;0;1.0;2.0;2.0;21.0;B01
44677;201500029597;0;30;0;0.0;2.0;1.0;1.0;A01
44678;201500029597;0;7;0;0.0;2.0;3.0;9.0;B01
44679;201500029599;0;7;0;2.0;0.0;1.0;19.0;A01
44680;201500029600;0;7;0;0.0;1.0;2.0;1.0;A01
44681;201500029601;1;7;0;0.0;1.0;7.0;0.0;A01
44682;201500029603;0;7;0;0.0;2.0;1.0;2.0;A01
44683;201500029603;0;1;0;0.0;2.0;4.0;15.0;B01
44684;201500029604;0;7;0;0.0;1.0;1.0;1.0;A01
44685;201500029604;0;1;0;0.0;0.0;0.0;0.0;B01
44686;201500029605;0;33;0;0.0;0.0;1.0;1.0;B01
44687;201500029605;0;7;0;0.0;2.0;7.0;15.0;A01
44688;201500029605;0;7;0;0.0;0.0;0.0;0.0;D01
44689;201500029605;0;7;0;0.0;2.0;1.0;1.0;C01
44690;201500029606;0;7;0;1.0;0.0;2.0;1.0;A01
44691;201500029607;0;7;0;0.0;9.0;4.0;1.0;A01
44692;201500029607;0;1;0;0.0;2.0;4.0;0.0;B01
44693;201500029608;0;7;0;0.0;2.0;1.0;2.0;A01
44694;201500029608;0;7;0;0.0;2.0;1.0;2.0;B01
44695;201500029609;0;7;0;0.0;1.0;3.0;1.0;A01
44696;201500029611;0;7;0;15.0;0.0;1.0;1.0;A01
44697;201500029612;0;33;0;0.0;6.0;1.0;1.0;A01
44698;201500029613;0;7;0;0.0;1.0;1.0;1.0;A01
44699;201500029614;0;7;0;0.0;2.0;1.0;1.0;B01
44700;201500029614;0;38;0;0.0;2.0;3.0;15.0;A01
44701;201500029615;0;7;0;0.0;1.0;5.0;1.0;A01
44702;201500029616;0;7;0;16.0;0.0;1.0;14.0;A01
44703;201500029617;0;7;0;0.0;1.0;1.0;1.0;A01
44704;201500029618;0;33;0;0.0;2.0;8.0;1.0;A01
44705;201500029618;1;7;0;0.0;0.0;0.0;0.0;B01
44706;201500029619;0;7;0;0.0;1.0;1.0;1.0;A01
44707;201500029620;0;7;0;0.0;1.0;1.0;1.0;A01
44708;201500029621;0;7;0;0.0;2.0;3.0;9.0;A01
44709;201500029621;0;1;0;0.0;2.0;1.0;1.0;B01
44710;201500029623;0;7;0;0.0;2.0;8.0;9.0;A01
44711;201500029623;0;1;0;0.0;0.0;0.0;0.0;B01
44712;201500029624;0;7;0;6.0;0.0;1.0;1.0;A01
44713;201500029625;0;7;0;0.0;0.0;0.0;0.0;B01
44714;201500029625;0;1;0;0.0;2.0;1.0;15.0;A01
44715;201500029626;0;7;0;0.0;2.0;1.0;2.0;B01
44716;201500029626;0;1;0;0.0;2.0;4.0;13.0;A01
44717;201500029628;0;31;0;0.0;2.0;1.0;1.0;B01
44718;201500029628;0;7;0;0.0;2.0;1.0;9.0;A01
44719;201500029629;0;7;0;2.0;0.0;1.0;1.0;A01
44720;201500029630;0;10;0;0.0;0.0;0.0;0.0;B01
44721;201500029630;0;2;0;0.0;2.0;1.0;1.0;A01
44722;201500029631;0;40;0;0.0;1.0;3.0;1.0;A01
44723;201500029633;0;7;0;0.0;1.0;1.0;1.0;A01
44724;201500029635;0;7;0;0.0;1.0;2.0;1.0;A01
44725;201500029636;0;7;0;0.0;2.0;1.0;13.0;A01
44726;201500029636;0;7;0;0.0;2.0;1.0;1.0;B01
44727;201500029637;0;7;0;0.0;0.0;0.0;0.0;A01
44728;201500029638;0;31;0;0.0;0.0;7.0;1.0;A01
44729;201500029639;0;7;0;0.0;1.0;0.0;1.0;A01
44730;201500029640;0;7;0;0.0;2.0;8.0;1.0;B01
44731;201500029640;0;7;0;6.0;2.0;8.0;13.0;A01
44732;201500029641;1;7;0;0.0;1.0;1.0;1.0;Z01
44733;201500029642;0;7;0;0.0;1.0;2.0;1.0;A01
44734;201500029643;0;1;0;0.0;2.0;4.0;2.0;B01
44735;201500029643;0;7;0;0.0;2.0;2.0;2.0;A01
44736;201500029644;1;31;0;0.0;0.0;0.0;0.0;A01
44737;201500029645;0;2;0;0.0;2.0;1.0;13.0;A01
44738;201500029645;0;2;0;0.0;2.0;1.0;1.0;B01
44739;201500029646;0;7;0;0.0;1.0;1.0;15.0;A01
44740;201500029647;0;7;0;0.0;2.0;2.0;15.0;A01
44741;201500029647;0;32;0;0.0;2.0;1.0;1.0;B01
44742;201500029648;0;7;0;15.0;2.0;4.0;2.0;C01
44743;201500029648;0;7;0;0.0;2.0;1.0;2.0;A01
44744;201500029648;0;7;0;0.0;2.0;4.0;2.0;B01
44745;201500029649;0;7;0;0.0;2.0;3.0;19.0;A01
44746;201500029649;0;33;0;0.0;2.0;1.0;1.0;B01
44747;201500029650;0;7;0;0.0;1.0;1.0;1.0;A01
44748;201500029651;2;7;0;1.0;2.0;1.0;13.0;A01
44749;201500029651;0;7;0;1.0;2.0;1.0;1.0;B01
44750;201500029652;0;7;0;0.0;1.0;1.0;1.0;A01
44751;201500029653;0;7;0;0.0;2.0;3.0;1.0;B01
44752;201500029653;0;1;0;0.0;2.0;7.0;19.0;A01
44753;201500029654;0;7;0;0.0;2.0;2.0;1.0;B01
44754;201500029654;0;30;0;0.0;2.0;1.0;13.0;A01
44755;201500029655;0;2;0;0.0;2.0;1.0;1.0;B01
44756;201500029655;0;7;0;0.0;2.0;5.0;4.0;A01
44757;201500029656;1;7;0;0.0;1.0;2.0;1.0;Z01
44758;201500029657;0;33;0;15.0;0.0;0.0;0.0;A01
44759;201500029658;0;1;0;0.0;0.0;0.0;0.0;B01
44760;201500029658;1;7;0;0.0;2.0;1.0;0.0;A01
44761;201500029659;0;7;0;0.0;2.0;3.0;21.0;B01
44762;201500029659;0;30;0;0.0;2.0;1.0;13.0;A01
44763;201500029660;0;7;0;0.0;2.0;2.0;17.0;B01
44764;201500029660;0;2;0;0.0;2.0;8.0;15.0;A01
44765;201500029661;0;7;0;0.0;2.0;1.0;13.0;A01
44766;201500029661;0;7;0;0.0;2.0;1.0;1.0;B01
44767;201500029663;0;2;0;0.0;2.0;7.0;1.0;A01
44768;201500029663;0;7;0;0.0;2.0;3.0;1.0;B01
44769;201500029664;0;7;0;0.0;2.0;3.0;1.0;B01
44770;201500029664;0;7;0;0.0;2.0;3.0;13.0;A01