;Num_Acc;senc;catv;occutc;obs;obsm;choc;manv;num_veh
44771;201500029665;0;10;0;0.0;2.0;1.0;1.0;B01
44772;201500029665;0;33;0;0.0;2.0;1.0;13.0;A01
44773;201500029666;0;7;0;0.0;2.0;3.0;1.0;B01
44774;201500029666;0;7;0;3.0;2.0;3.0;13.0;A01
44775;201500029667;0;7;0;0.0;1.0;2.0;9.0;A01
44776;201500029668;1;7;0;8.0;1.0;2.0;13.0;Z01
44777;201500029669;0;1;0;0.0;2.0;1.0;19.0;B01
44778;201500029669;0;10;0;0.0;2.0;2.0;1.0;A01
44779;201500029670;0;7;0;2.0;2.0;2.0;1.0;B01
44780;201500029670;0;10;0;0.0;2.0;6.0;11.0;A01
44781;201500029671;0;7;0;0.0;2.0;1.0;13.0;A01
44782;201500029671;0;10;0;0.0;2.0;1.0;1.0;B01
44783;201500029672;0;33;0;0.0;2.0;1.0;2.0;A01
44784;201500029672;0;7;0;0.0;2.0;4.0;2.0;Z01
44785;201500029674;0;7;0;0.0;1.0;2.0;1.0;A01
44786;201500029675;0;7;0;0.0;2.0;3.0;16.0;A01
44787;201500029675;0;30;0;0.0;2.0;1.0;1.0;B01
44788;201500029676;0;7;0;0.0;1.0;1.0;21.0;A01
44789;201500029677;0;33;0;0.0;2.0;1.0;1.0;B01
44790;201500029677;0;31;0;0.0;2.0;7.0;19.0;A01
44791;201500029678;0;14;0;0.0;2.0;8.0;1.0;B01
44792;201500029678;0;7;0;3.0;2.0;8.0;17.0;A01
44793;201500029678;0;7;0;0.0;2.0;1.0;1.0;C01
44794;201500029680;0;7;0;0.0;1.0;2.0;1.0;A01
44795;201500029681;0;7;0;0.0;1.0;1.0;15.0;A01
44796;201500029682;0;7;0;0.0;1.0;2.0;1.0;A01
44797;201500029683;0;1;0;0.0;2.0;7.0;19.0;B01
44798;201500029683;0;7;0;0.0;2.0;1.0;1.0;A01
44799;201500029684;0;7;0;0.0;1.0;1.0;1.0;A01
44800;201500029685;1;7;0;0.0;1.0;1.0;1.0;Z01
44801;201500029686;0;2;0;15.0;0.0;1.0;1.0;A01
44802;201500029687;0;10;0;0.0;2.0;1.0;13.0;A01
44803;201500029687;0;7;0;13.0;2.0;3.0;21.0;B01
44804;201500029688;0;7;0;0.0;1.0;2.0;15.0;A01
44805;201500029689;0;1;0;0.0;2.0;1.0;1.0;B01
44806;201500029689;0;10;0;0.0;2.0;4.0;4.0;A01
44807;201500029690;1;7;0;0.0;1.0;1.0;1.0;Z01
44808;201500029691;0;7;0;0.0;2.0;1.0;1.0;B01
44809;201500029691;0;7;0;0.0;2.0;1.0;1.0;A01
44810;201500029692;0;7;0;6.0;0.0;1.0;1.0;A01
44811;201500029694;0;7;0;0.0;2.0;2.0;1.0;A01
44812;201500029694;0;7;0;0.0;2.0;1.0;1.0;B01
44813;201500029697;0;33;0;8.0;0.0;1.0;1.0;A01
44814;201500029698;0;7;0;0.0;1.0;1.0;0.0;A01
44815;201500029699;0;7;0;7.0;0.0;1.0;1.0;A01
44816;201500029700;1;2;0;0.0;1.0;1.0;5.0;Z01
44817;201500029701;0;7;0;0.0;0.0;4.0;23.0;E01
44818;201500029701;0;7;0;0.0;0.0;4.0;23.0;C01
44819;201500029701;0;7;0;0.0;0.0;4.0;23.0;B01
44820;201500029701;0;17;0;0.0;0.0;1.0;1.0;A01
44821;201500029701;0;7;0;0.0;0.0;4.0;23.0;D01
44822;201500029701;0;7;0;0.0;0.0;4.0;23.0;F02
44823;201500029703;0;7;0;0.0;9.0;2.0;1.0;A01
44824;201500029703;0;1;0;0.0;2.0;8.0;19.0;B01
44825;201500029704;1;7;0;0.0;1.0;1.0;1.0;Z01
44826;201500029705;0;7;0;0.0;2.0;1.0;17.0;A01
44827;201500029705;0;38;39;0.0;2.0;3.0;1.0;B01
44828;201500029705;0;7;0;0.0;2.0;8.0;1.0;C01
44829;201500029707;1;7;0;0.0;2.0;0.0;1.0;Z01
44830;201500029707;0;7;0;0.0;2.0;0.0;0.0;A01
44831;201500029708;0;1;0;0.0;2.0;0.0;1.0;B01
44832;201500029708;0;7;0;0.0;2.0;4.0;4.0;A01
44833;201500029709;0;7;0;0.0;2.0;5.0;15.0;A01
44834;201500029709;0;33;0;0.0;2.0;0.0;1.0;B01
44835;201500029710;0;7;0;0.0;2.0;0.0;15.0;A01
44836;201500029710;0;33;0;0.0;2.0;0.0;1.0;B01
44837;201500029711;0;7;0;0.0;2.0;7.0;1.0;B01
44838;201500029711;0;7;0;0.0;2.0;1.0;1.0;A01
44839;201500029712;0;7;0;0.0;2.0;1.0;9.0;A01
44840;201500029712;0;7;0;0.0;0.0;0.0;0.0;B01
44841;201500029713;0;10;0;0.0;1.0;3.0;1.0;A01
44842;201500029714;0;1;0;1.0;0.0;1.0;1.0;A01
44843;201500029715;0;33;0;0.0;2.0;1.0;1.0;B01
44844;201500029715;0;7;0;0.0;2.0;3.0;5.0;A01
44845;201500029716;0;14;0;0.0;1.0;5.0;16.0;A01
44846;201500029717;1;7;0;0.0;1.0;2.0;1.0;Z01
44847;201500029718;0;2;0;0.0;2.0;1.0;2.0;A01
44848;201500029718;0;1;0;0.0;2.0;4.0;1.0;B01
44849;201500029719;0;7;0;0.0;2.0;1.0;1.0;A01
44850;201500029719;0;7;0;0.0;2.0;5.0;0.0;B01
44851;201500029720;0;7;0;0.0;9.0;3.0;1.0;B01
44852;201500029720;0;1;0;0.0;2.0;3.0;15.0;A01
44853;201500029721;0;7;0;1.0;0.0;1.0;1.0;A01
44854;201500029722;0;7;0;0.0;2.0;3.0;1.0;B01
44855;201500029722;0;33;0;0.0;2.0;7.0;17.0;A01
44856;201500029723;0;2;0;11.0;0.0;3.0;1.0;A01
44857;201500029724;0;7;0;0.0;2.0;0.0;16.0;A01
44858;201500029724;0;1;0;0.0;2.0;8.0;1.0;B01
44859;201500029725;1;7;0;0.0;1.0;8.0;0.0;Z01
44860;201500029728;0;10;0;0.0;1.0;1.0;15.0;A01
44861;201500029729;0;7;0;1.0;0.0;1.0;13.0;A01
44862;201500029731;0;1;0;0.0;0.0;8.0;1.0;B01
44863;201500029731;1;7;0;0.0;2.0;7.0;0.0;Z01
44864;201500029732;0;7;0;0.0;2.0;1.0;1.0;B01
44865;201500029732;0;33;0;0.0;2.0;7.0;10.0;A01
44866;201500029735;0;1;0;0.0;2.0;7.0;1.0;A01
44867;201500029735;1;7;0;0.0;2.0;1.0;15.0;Z01
44868;201500029737;0;33;0;0.0;0.0;1.0;17.0;A01
44869;201500029738;0;7;0;0.0;2.0;8.0;19.0;A01
44870;201500029738;0;1;0;0.0;2.0;8.0;19.0;B01
44871;201500029739;0;7;0;0.0;1.0;1.0;1.0;A01
44872;201500029740;0;7;0;0.0;1.0;1.0;1.0;A01
44873;201500029742;0;7;0;0.0;2.0;2.0;1.0;A01
44874;201500029742;0;2;0;0.0;2.0;3.0;12.0;B01
44875;201500029743;0;2;0;0.0;2.0;3.0;1.0;B01
44876;201500029743;1;7;0;0.0;2.0;0.0;0.0;Z01
44877;201500029746;0;7;0;0.0;2.0;4.0;23.0;C01
44878;201500029746;0;7;0;0.0;2.0;6.0;23.0;B01
44879;201500029746;0;7;0;0.0;2.0;2.0;1.0;A01
44880;201500029747;0;7;0;0.0;1.0;2.0;1.0;A01
44881;201500029749;0;7;0;0.0;1.0;0.0;6.0;A01
44882;201500029750;0;7;0;3.0;0.0;1.0;1.0;A01
44883;201500029751;0;7;0;0.0;1.0;1.0;1.0;A01
44884;201500029752;0;31;0;0.0;1.0;0.0;0.0;A01
44885;201500029753;0;1;0;0.0;2.0;1.0;11.0;B01
44886;201500029753;0;7;0;0.0;2.0;5.0;0.0;A01
44887;201500029754;0;33;0;0.0;0.0;0.0;0.0;B01
44888;201500029754;0;7;0;0.0;2.0;5.0;15.0;A01
44889;201500029755;1;7;0;0.0;1.0;1.0;1.0;A01
44890;201500029756;0;7;0;0.0;1.0;1.0;0.0;B01
44891;201500029756;0;7;0;0.0;2.0;2.0;1.0;A01
44892;201500029757;0;7;0;8.0;0.0;1.0;16.0;A01
44893;201500029759;0;7;0;0.0;1.0;1.0;1.0;A01
44894;201500029760;0;7;0;0.0;2.0;1.0;21.0;B01
44895;201500029760;0;7;0;0.0;2.0;1.0;13.0;A01
44896;201500029761;0;7;0;0.0;1.0;0.0;1.0;A01
44897;201500029762;0;17;0;0.0;2.0;1.0;2.0;A01
44898;201500029762;0;33;0;0.0;2.0;4.0;2.0;B01
44899;201500029763;0;7;0;0.0;1.0;2.0;17.0;A01
44900;201500029764;0;7;0;0.0;0.0;0.0;0.0;B01
44901;201500029764;0;7;0;0.0;2.0;3.0;0.0;A01
44902;201500029765;0;1;0;0.0;2.0;8.0;15.0;B01
44903;201500029765;0;7;0;0.0;2.0;1.0;1.0;A01
44904;201500029767;0;1;0;0.0;2.0;1.0;1.0;B01
44905;201500029767;0;7;0;0.0;2.0;2.0;1.0;A01
44906;201500029768;0;32;0;0.0;0.0;2.0;2.0;B01
44907;201500029768;0;7;0;0.0;0.0;8.0;9.0;A01
44908;201500029769;0;7;0;0.0;2.0;6.0;15.0;A01
44909;201500029769;0;33;0;0.0;2.0;1.0;2.0;B01
44910;201500029770;0;7;0;0.0;1.0;6.0;0.0;A01
44911;201500029771;0;7;0;0.0;2.0;3.0;15.0;B01
44912;201500029771;0;30;0;0.0;2.0;1.0;1.0;A01
44913;201500029772;0;7;0;1.0;1.0;1.0;2.0;A01
44914;201500029773;1;7;0;0.0;1.0;0.0;1.0;Z01
44915;201500029774;0;7;0;0.0;1.0;1.0;0.0;A01
44916;201500029776;1;7;0;0.0;1.0;2.0;1.0;Z01
44917;201500029777;0;7;0;0.0;1.0;1.0;15.0;A01
44918;201500029778;1;7;0;0.0;1.0;0.0;0.0;A01
44919;201500029779;0;1;0;0.0;9.0;4.0;14.0;B01
44920;201500029779;0;14;0;0.0;2.0;5.0;16.0;A01
44921;201500029780;1;15;0;0.0;2.0;5.0;0.0;A01
44922;201500029780;0;1;0;0.0;0.0;1.0;0.0;B01
44923;201500029781;0;2;0;0.0;2.0;1.0;1.0;B01
44924;201500029781;0;7;0;0.0;2.0;6.0;15.0;A01
44925;201500029782;0;7;0;0.0;2.0;1.0;23.0;B01
44926;201500029782;0;7;0;0.0;2.0;1.0;0.0;A01
44927;201500029782;0;7;0;0.0;0.0;0.0;0.0;C01
44928;201500029783;0;7;0;0.0;2.0;3.0;1.0;B01
44929;201500029783;0;7;0;0.0;2.0;3.0;15.0;A01
44930;201500029784;0;7;0;0.0;1.0;4.0;0.0;A01
44931;201500029785;0;7;0;0.0;1.0;1.0;1.0;A01
44932;201500029786;0;7;0;0.0;2.0;7.0;1.0;A01
44933;201500029786;0;7;0;0.0;2.0;1.0;1.0;B01
44934;201500029787;0;7;0;0.0;1.0;0.0;0.0;A01
44935;201500029789;1;30;0;0.0;1.0;0.0;0.0;A01
44936;201500029790;0;2;0;0.0;2.0;1.0;2.0;A01
44937;201500029790;0;7;0;0.0;0.0;7.0;16.0;B01
44938;201500029792;0;7;0;0.0;1.0;1.0;9.0;A01
44939;201500029794;0;7;0;0.0;2.0;1.0;2.0;A01
44940;201500029794;0;7;0;0.0;2.0;4.0;2.0;B01
44941;201500029794;0;7;0;0.0;0.0;4.0;2.0;C01
44942;201500029795;0;1;0;0.0;2.0;0.0;19.0;B01
44943;201500029795;0;7;0;0.0;2.0;0.0;1.0;A01
44944;201500029797;0;7;0;0.0;1.0;4.0;4.0;B01
44945;201500029798;1;7;0;0.0;2.0;1.0;2.0;A01
44946;201500029798;0;7;0;0.0;2.0;4.0;2.0;B01
44947;201500029799;0;7;0;0.0;2.0;1.0;1.0;A01
44948;201500029799;1;2;0;0.0;2.0;6.0;16.0;Z01
44949;201500029800;1;99;0;0.0;0.0;0.0;0.0;Z01
44950;201500029800;0;1;0;0.0;2.0;0.0;1.0;B01
44951;201500029801;0;33;0;0.0;2.0;1.0;1.0;B01
44952;201500029801;0;7;0;0.0;2.0;7.0;15.0;A01
44953;201500029803;0;1;0;0.0;0.0;4.0;1.0;A01
44954;201500029803;1;7;0;0.0;2.0;1.0;1.0;Z01
44955;201500029804;0;7;0;0.0;2.0;7.0;1.0;B01
44956;201500029804;0;7;0;0.0;2.0;1.0;1.0;A01
44957;201500029805;1;7;0;0.0;2.0;1.0;1.0;Z01
44958;201500029805;0;1;0;0.0;0.0;0.0;16.0;A01
44959;201500029806;0;7;0;0.0;1.0;2.0;1.0;A01
44960;201500029807;0;1;0;0.0;2.0;0.0;19.0;B01
44961;201500029807;0;7;0;0.0;2.0;1.0;1.0;A01
44962;201500029808;0;7;0;0.0;1.0;7.0;1.0;A01
44963;201500029809;2;7;0;2.0;0.0;1.0;0.0;A01
44964;201500029810;0;31;0;0.0;1.0;1.0;0.0;A01
44965;201500029811;0;1;0;0.0;2.0;1.0;1.0;B01
44966;201500029811;1;7;0;0.0;2.0;5.0;17.0;Z01
44967;201500029812;1;30;0;0.0;1.0;1.0;1.0;Z01
44968;201500029813;0;2;0;0.0;2.0;1.0;1.0;B01
44969;201500029813;0;7;0;0.0;2.0;2.0;16.0;A01
44970;201500029814;1;7;0;0.0;2.0;0.0;9.0;B01
44971;201500029814;0;7;0;0.0;2.0;6.0;9.0;A01
44972;201500029815;0;7;0;2.0;0.0;1.0;16.0;A01
44973;201500029816;0;32;0;0.0;2.0;0.0;0.0;B01
44974;201500029816;1;10;0;0.0;2.0;2.0;1.0;A01
44975;201500029817;0;7;0;0.0;2.0;1.0;1.0;A01
44976;201500029817;0;7;0;0.0;2.0;2.0;1.0;B01
44977;201500029818;0;30;0;0.0;2.0;7.0;16.0;A01
44978;201500029818;0;7;0;0.0;2.0;0.0;23.0;C01
44979;201500029818;0;7;0;0.0;2.0;1.0;0.0;B01
44980;201500029820;0;7;0;0.0;2.0;1.0;1.0;A01
44981;201500029820;0;7;0;0.0;2.0;8.0;0.0;B01
44982;201500029821;1;7;0;0.0;2.0;0.0;12.0;Z01
44983;201500029821;0;1;0;0.0;2.0;1.0;2.0;B01
44984;201500029822;0;7;0;0.0;1.0;1.0;1.0;A01
44985;201500029823;0;7;0;0.0;2.0;1.0;0.0;B01
44986;201500029823;0;3;0;0.0;2.0;0.0;0.0;A01
44987;201500029824;0;7;0;0.0;2.0;4.0;23.0;C01
44988;201500029824;0;7;0;0.0;2.0;4.0;23.0;D01
44989;201500029824;0;7;0;0.0;2.0;1.0;1.0;A01
44990;201500029824;0;7;0;0.0;2.0;4.0;23.0;B01
44991;201500029825;0;7;0;0.0;1.0;8.0;0.0;A01
44992;201500029826;0;1;0;0.0;2.0;7.0;15.0;A01
44993;201500029826;1;7;0;0.0;9.0;1.0;1.0;Z01
44994;201500029828;0;7;0;0.0;1.0;4.0;4.0;A01
44995;201500029829;0;7;0;0.0;1.0;4.0;4.0;A01
44996;201500029830;0;30;0;0.0;2.0;7.0;21.0;B01
44997;201500029830;0;7;0;0.0;2.0;3.0;13.0;A01
44998;201500029831;0;33;0;0.0;2.0;1.0;1.0;B01
44999;201500029831;0;7;0;0.0;2.0;8.0;15.0;A01
45000;201500029832;0;7;0;0.0;2.0;1.0;1.0;A01
45001;201500029832;0;7;0;0.0;0.0;4.0;1.0;B01
45002;201500029833;0;7;0;0.0;1.0;2.0;0.0;A01
45003;201500029834;1;7;0;0.0;2.0;0.0;16.0;A01
45004;201500029834;0;1;0;0.0;2.0;1.0;1.0;B01
45005;201500029835;0;1;0;0.0;2.0;0.0;1.0;B01
45006;201500029835;1;7;0;0.0;2.0;2.0;23.0;Z01
45007;201500029836;1;30;0;0.0;1.0;0.0;2.0;Z01
45008;201500029837;0;30;0;0.0;2.0;0.0;0.0;A01
45009;201500029839;0;31;0;0.0;2.0;8.0;16.0;B01
45010;201500029839;1;7;0;0.0;2.0;1.0;0.0;Z01
45011;201500029840;0;7;0;0.0;9.0;7.0;2.0;B01
45012;201500029840;0;30;0;0.0;2.0;1.0;2.0;A01
45013;201500029841;1;30;0;0.0;1.0;1.0;1.0;A01
45014;201500029842;0;7;0;0.0;1.0;0.0;0.0;A01
45015;201500029843;0;7;0;0.0;2.0;2.0;1.0;A01
45016;201500029843;0;31;0;0.0;2.0;1.0;1.0;B01
45017;201500029844;0;14;0;0.0;1.0;2.0;16.0;A01
45018;201500029845;0;7;0;1.0;1.0;2.0;0.0;A01
45019;201500029846;0;7;0;0.0;1.0;0.0;16.0;A01
45020;201500029847;0;7;0;0.0;1.0;3.0;2.0;A01
45021;201500029848;0;7;0;8.0;2.0;8.0;0.0;A01
45022;201500029849;0;7;0;0.0;2.0;1.0;1.0;B01
45023;201500029849;2;7;0;0.0;2.0;1.0;1.0;A01
45024;201500029849;0;7;0;0.0;2.0;3.0;1.0;C01
45025;201500029850;0;1;0;0.0;1.0;1.0;17.0;A01
45026;201500029851;0;30;0;0.0;1.0;1.0;1.0;A01
45027;201500029852;0;7;0;0.0;2.0;8.0;0.0;A01
45028;201500029852;0;33;0;0.0;2.0;1.0;0.0;B01
45029;201500029853;0;7;0;0.0;1.0;0.0;0.0;A01
45030;201500029854;0;7;0;0.0;2.0;3.0;15.0;A01
45031;201500029854;0;31;0;0.0;2.0;1.0;1.0;B01
45032;201500029855;0;7;0;0.0;2.0;8.0;15.0;A01
45033;201500029855;0;33;0;8.0;2.0;7.0;15.0;B01
45034;201500029856;2;7;0;6.0;0.0;1.0;0.0;A01
45035;201500029857;0;7;0;0.0;2.0;8.0;0.0;A01
45036;201500029857;0;33;0;0.0;2.0;7.0;0.0;B01
45037;201500029858;0;7;0;0.0;2.0;0.0;0.0;B01
45038;201500029858;0;31;0;0.0;2.0;0.0;0.0;A01
45039;201500029859;0;32;0;0.0;2.0;3.0;1.0;A01
45040;201500029859;0;7;0;0.0;2.0;2.0;16.0;B01
45041;201500029860;0;7;0;8.0;0.0;8.0;16.0;A01
45042;201500029861;1;7;0;0.0;1.0;0.0;1.0;A01
45043;201500029862;0;7;0;0.0;1.0;0.0;0.0;A01
45044;201500029863;0;10;0;0.0;2.0;1.0;13.0;A01
45045;201500029863;0;7;0;0.0;2.0;3.0;1.0;B01
45046;201500029864;0;15;0;0.0;2.0;7.0;13.0;A01
45047;201500029864;0;1;0;0.0;2.0;4.0;2.0;B01
45048;201500029865;0;39;0;0.0;4.0;1.0;0.0;B01
45049;201500029865;0;7;0;0.0;4.0;0.0;0.0;A01
45050;201500029866;1;30;0;0.0;1.0;0.0;0.0;Z01
45051;201500029867;0;32;0;0.0;0.0;0.0;0.0;A01
45052;201500029868;0;7;0;0.0;2.0;1.0;1.0;A01
45053;201500029868;0;7;0;0.0;2.0;3.0;1.0;B01
45054;201500029869;0;7;0;0.0;1.0;2.0;15.0;A01
45055;201500029870;1;7;0;0.0;1.0;0.0;0.0;Z01
45056;201500029871;1;30;0;0.0;0.0;0.0;17.0;A01
45057;201500029872;0;33;0;0.0;2.0;1.0;1.0;D01
45058;201500029872;0;7;0;0.0;0.0;0.0;0.0;C01
45059;201500029873;0;7;0;0.0;1.0;1.0;16.0;A01
45060;201500029874;0;10;0;0.0;2.0;2.0;19.0;A01
45061;201500029874;0;31;0;0.0;2.0;1.0;1.0;B01
45062;201500029875;0;7;0;0.0;1.0;3.0;1.0;A01
45063;201500029876;0;7;0;0.0;2.0;6.0;1.0;B01
45064;201500029876;0;7;0;0.0;2.0;1.0;0.0;A01
45065;201500029876;0;7;0;0.0;2.0;0.0;0.0;C01
45066;201500029877;0;7;0;0.0;2.0;1.0;0.0;B01
45067;201500029877;2;7;0;0.0;2.0;3.0;0.0;A01
45068;201500029878;0;2;0;0.0;2.0;1.0;1.0;B01
45069;201500029878;1;10;0;0.0;2.0;0.0;15.0;Z01
45070;201500029879;1;7;0;0.0;1.0;2.0;5.0;Z01
45071;201500029880;0;7;0;0.0;2.0;8.0;1.0;B01
45072;201500029880;0;7;0;0.0;2.0;1.0;1.0;A01
45073;201500029881;1;7;0;0.0;2.0;1.0;2.0;A01
45074;201500029881;0;7;0;1.0;2.0;6.0;1.0;B01
45075;201500029882;0;7;0;0.0;2.0;3.0;0.0;B01
45076;201500029882;0;7;0;0.0;2.0;3.0;0.0;A01
45077;201500029883;0;7;0;0.0;1.0;2.0;16.0;A01
45078;201500029884;0;10;0;0.0;1.0;2.0;1.0;A01
45079;201500029885;1;7;0;0.0;2.0;0.0;0.0;Z01
45080;201500029885;0;3;0;0.0;2.0;0.0;0.0;B01
45081;201500029886;2;7;0;14.0;2.0;1.0;19.0;A01
45082;201500029886;0;7;0;0.0;0.0;8.0;19.0;B01
45083;201500029887;0;7;0;0.0;2.0;3.0;9.0;A01
45084;201500029887;0;1;0;0.0;2.0;1.0;1.0;M01
45085;201500029888;0;1;0;0.0;9.0;0.0;1.0;A01
45086;201500029888;1;34;0;0.0;2.0;0.0;0.0;Z01
45087;201500029889;0;7;0;0.0;2.0;2.0;0.0;A01
45088;201500029889;0;7;0;0.0;2.0;0.0;0.0;B01
45089;201500029891;0;33;0;14.0;2.0;1.0;1.0;A01
45090;201500029891;0;7;0;0.0;0.0;3.0;15.0;B01
45091;201500029892;1;7;0;0.0;1.0;0.0;0.0;Z01
45092;201500029893;0;7;0;0.0;1.0;0.0;0.0;B01
45093;201500029893;0;7;0;0.0;2.0;3.0;1.0;A01
45094;201500029894;0;33;0;0.0;2.0;1.0;1.0;B01
45095;201500029894;0;7;0;0.0;2.0;3.0;9.0;A01
45096;201500029896;1;7;0;0.0;1.0;2.0;16.0;Z01
45097;201500029900;0;7;0;0.0;2.0;1.0;1.0;B01
45098;201500029900;0;7;0;0.0;2.0;3.0;13.0;A01
45099;201500029901;0;7;0;0.0;1.0;3.0;1.0;A01
45100;201500029902;0;7;0;0.0;1.0;1.0;15.0;A01
45101;201500029904;0;7;0;0.0;0.0;4.0;2.0;B01
45102;201500029904;0;37;0;0.0;2.0;4.0;2.0;A01
45103;201500029905;0;2;0;0.0;1.0;0.0;16.0;A01
45104;201500029906;0;37;58;6.0;0.0;1.0;1.0;A01
45105;201500029907;0;7;0;0.0;2.0;1.0;1.0;A01
45106;201500029907;0;7;0;0.0;2.0;4.0;1.0;B01
45107;201500029907;0;99;0;0.0;2.0;4.0;1.0;C01
45108;201500029908;0;1;0;0.0;1.0;3.0;0.0;A01
45109;201500029909;0;7;0;0.0;1.0;0.0;15.0;A01
45110;201500029910;0;33;0;0.0;2.0;0.0;0.0;B01
45111;201500029910;0;7;0;0.0;2.0;8.0;1.0;A01
45112;201500029911;0;7;0;0.0;2.0;2.0;0.0;A01
45113;201500029911;0;1;0;0.0;2.0;3.0;0.0;B01
45114;201500029912;1;2;0;0.0;2.0;1.0;0.0;Z01
45115;201500029912;0;7;0;0.0;2.0;0.0;0.0;A01
45116;201500029913;0;33;0;0.0;2.0;7.0;0.0;B01
45117;201500029913;1;7;0;0.0;2.0;8.0;0.0;Z01
45118;201500029914;0;7;0;0.0;1.0;0.0;0.0;A01
45119;201500029915;0;10;0;0.0;0.0;0.0;0.0;B01
45120;201500029915;0;7;0;14.0;0.0;0.0;0.0;A01
45121;201500029916;2;7;0;1.0;0.0;1.0;12.0;A01
45122;201500029916;0;21;0;0.0;2.0;4.0;23.0;B01
45123;201500029917;0;34;0;0.0;2.0;0.0;0.0;B01
45124;201500029917;0;7;0;0.0;2.0;0.0;0.0;A01
45125;201500029918;0;7;0;0.0;2.0;0.0;0.0;B01
45126;201500029918;0;7;0;0.0;2.0;3.0;1.0;A01
45127;201500029919;0;33;0;0.0;2.0;1.0;1.0;B01
45128;201500029919;0;10;0;0.0;2.0;8.0;15.0;A01
45129;201500029920;0;7;0;0.0;1.0;0.0;0.0;A01
45130;201500029922;1;7;0;0.0;1.0;2.0;16.0;A01
45131;201500029923;1;7;0;0.0;1.0;2.0;17.0;Z01
45132;201500029924;0;7;0;0.0;1.0;0.0;0.0;A01
45133;201500029925;0;7;0;0.0;2.0;5.0;0.0;A01
45134;201500029925;0;30;0;0.0;2.0;1.0;2.0;B01
45135;201500029926;1;7;0;0.0;1.0;0.0;0.0;Z01
45136;201500029928;0;2;0;0.0;2.0;1.0;2.0;A01
45137;201500029928;1;7;0;0.0;2.0;4.0;2.0;B01
45138;201500029929;0;7;0;0.0;1.0;1.0;0.0;A01
45139;201500029930;0;7;0;0.0;2.0;3.0;15.0;B01
45140;201500029930;0;7;0;0.0;2.0;1.0;1.0;A01
45141;201500029931;0;7;0;0.0;2.0;2.0;15.0;A01
45142;201500029931;0;31;0;0.0;2.0;1.0;1.0;B01
45143;201500029933;0;34;0;0.0;0.0;0.0;0.0;B01
45144;201500029933;0;7;0;0.0;0.0;0.0;0.0;A01
45145;201500029934;2;7;0;8.0;2.0;7.0;10.0;A01
45146;201500029934;0;7;0;0.0;2.0;1.0;1.0;B01
45147;201500029935;0;7;0;0.0;1.0;2.0;0.0;A01
45148;201500029936;1;10;0;0.0;2.0;3.0;9.0;A01
45149;201500029936;0;7;0;0.0;2.0;3.0;1.0;B01
45150;201500029937;0;10;0;0.0;1.0;2.0;0.0;A01
45151;201500029938;0;7;0;0.0;2.0;8.0;0.0;B01
45152;201500029938;2;7;0;0.0;2.0;1.0;19.0;A01
45153;201500029939;1;7;0;0.0;0.0;0.0;1.0;Z01
45154;201500029939;0;30;0;8.0;0.0;7.0;1.0;B01
45155;201500029941;0;3;0;0.0;1.0;1.0;1.0;A01
45156;201500029942;1;7;0;0.0;2.0;1.0;15.0;Z01
45157;201500029942;0;30;0;0.0;2.0;0.0;0.0;A01
45158;201500029943;0;1;0;0.0;2.0;0.0;0.0;B01
45159;201500029943;0;7;0;0.0;9.0;0.0;0.0;A01
45160;201500029944;2;7;0;0.0;2.0;1.0;5.0;A01
45161;201500029944;0;7;0;15.0;2.0;2.0;1.0;B01
45162;201500029945;0;7;0;0.0;2.0;3.0;0.0;A01
45163;201500029945;0;3;0;0.0;2.0;2.0;0.0;B01
45164;201500029947;0;1;0;0.0;1.0;1.0;1.0;A01
45165;201500029948;1;7;0;0.0;1.0;0.0;0.0;F01
45166;201500029949;0;7;0;8.0;2.0;2.0;1.0;B01
45167;201500029949;2;7;0;14.0;2.0;1.0;0.0;A01
45168;201500029950;0;7;0;0.0;1.0;0.0;0.0;A01
45169;201500029951;0;7;0;0.0;1.0;7.0;24.0;A01
45170;201500029952;0;33;0;0.0;0.0;0.0;0.0;B01
45171;201500029952;0;7;0;0.0;0.0;0.0;0.0;A01
45172;201500029953;0;7;0;8.0;2.0;8.0;5.0;A01
45173;201500029953;0;7;0;0.0;2.0;3.0;15.0;B01
45174;201500029954;0;7;0;0.0;2.0;1.0;15.0;A01
45175;201500029954;2;7;0;0.0;2.0;1.0;19.0;B01
45176;201500029955;1;7;0;0.0;0.0;0.0;0.0;Z01
45177;201500029955;0;1;0;0.0;0.0;0.0;0.0;A01
45178;201500029956;0;7;0;0.0;1.0;1.0;0.0;A01
45179;201500029957;0;7;0;0.0;1.0;8.0;14.0;A01
45180;201500029958;0;7;0;0.0;1.0;2.0;21.0;A01
45181;201500029960;0;7;0;0.0;0.0;4.0;15.0;B01
45182;201500029960;0;7;0;0.0;2.0;1.0;2.0;A01
45183;201500029961;0;7;0;0.0;1.0;3.0;15.0;A01
45184;201500029962;0;7;0;0.0;2.0;3.0;15.0;A01
45185;201500029962;0;7;0;0.0;2.0;2.0;1.0;B01
45186;201500029963;0;7;0;0.0;2.0;2.0;1.0;A01
45187;201500029963;0;33;0;0.0;2.0;1.0;1.0;B01
45188;201500029964;1;3;0;15.0;1.0;1.0;19.0;A01
45189;201500029965;0;7;0;0.0;1.0;1.0;15.0;A01
45190;201500029966;0;33;0;0.0;2.0;7.0;17.0;B01
45191;201500029966;1;7;0;0.0;2.0;0.0;0.0;Z01