;Num_Acc;senc;catv;occutc;obs;obsm;choc;manv;num_veh
45192;201500029967;0;7;0;0.0;1.0;1.0;0.0;A01
45193;201500029968;0;7;0;0.0;1.0;1.0;1.0;A01
45194;201500029969;1;1;0;14.0;1.0;0.0;0.0;A01
45195;201500029970;0;33;0;7.0;2.0;0.0;0.0;A01
45196;201500029971;0;7;0;0.0;0.0;0.0;0.0;A01
45197;201500029971;0;7;0;0.0;0.0;1.0;17.0;B01
45198;201500029972;1;7;0;0.0;1.0;0.0;0.0;A01
45199;201500029973;0;7;0;0.0;1.0;1.0;1.0;A01
45200;201500029975;0;10;0;0.0;2.0;1.0;1.0;B01
45201;201500029975;0;10;0;0.0;2.0;2.0;15.0;A01
45202;201500029976;0;7;0;0.0;2.0;3.0;15.0;A01
45203;201500029976;0;2;0;0.0;2.0;9.0;1.0;B01
45204;201500029977;0;7;0;0.0;2.0;1.0;1.0;B01
45205;201500029977;0;7;0;0.0;2.0;1.0;1.0;C01
45206;201500029977;0;7;0;0.0;0.0;1.0;9.0;A01
45207;201500029979;0;33;0;0.0;2.0;1.0;1.0;B01
45208;201500029979;0;7;0;0.0;2.0;2.0;15.0;A01
45209;201500029981;0;7;0;0.0;0.0;3.0;1.0;B01
45210;201500029981;0;7;0;0.0;2.0;2.0;0.0;A01
45211;201500029982;0;7;0;0.0;2.0;4.0;20.0;B01
45212;201500029982;1;7;0;0.0;2.0;1.0;2.0;A01
45213;201500029983;0;7;0;0.0;2.0;8.0;15.0;A01
45214;201500029983;0;33;0;0.0;2.0;8.0;1.0;B01
45215;201500029984;0;7;0;0.0;2.0;3.0;15.0;A01
45216;201500029984;0;32;0;0.0;2.0;1.0;1.0;B01
45217;201500029985;1;7;0;15.0;1.0;4.0;0.0;A01
45218;201500029988;0;7;0;0.0;1.0;2.0;1.0;A01
45219;201500029989;0;33;0;0.0;1.0;1.0;1.0;A01
45220;201500029990;0;7;0;14.0;0.0;1.0;2.0;A01
45221;201500029991;0;33;0;0.0;2.0;1.0;1.0;B01
45222;201500029991;0;7;0;0.0;2.0;1.0;15.0;A01
45223;201500029992;0;7;0;0.0;1.0;1.0;1.0;A01
45224;201500029993;0;7;0;0.0;1.0;1.0;0.0;A01
45225;201500029993;0;7;0;0.0;2.0;1.0;0.0;B01
45226;201500029994;0;7;0;0.0;2.0;1.0;1.0;A01
45227;201500029994;0;7;0;0.0;2.0;1.0;1.0;B01
45228;201500029996;0;7;0;0.0;1.0;8.0;1.0;A01
45229;201500029997;0;7;0;0.0;1.0;1.0;1.0;A01
45230;201500029998;0;7;0;8.0;0.0;7.0;0.0;A01
45231;201500029999;0;7;0;0.0;2.0;3.0;15.0;A01
45232;201500029999;0;2;0;0.0;2.0;3.0;1.0;B01
45233;201500030000;0;7;0;0.0;1.0;1.0;1.0;A01
45234;201500030001;0;7;0;0.0;2.0;7.0;19.0;A01
45235;201500030001;0;7;0;0.0;2.0;1.0;1.0;B01
45236;201500030002;0;7;0;0.0;1.0;2.0;2.0;A01
45237;201500030003;0;32;0;0.0;1.0;1.0;1.0;A01
45238;201500030004;0;7;0;0.0;1.0;0.0;9.0;A01
45239;201500030005;0;37;0;0.0;0.0;6.0;23.0;B01
45240;201500030005;0;1;0;0.0;2.0;1.0;1.0;A01
45241;201500030006;0;7;0;0.0;1.0;2.0;2.0;A01
45242;201500030007;0;7;0;0.0;2.0;8.0;1.0;A01
45243;201500030007;0;7;0;0.0;2.0;2.0;19.0;B01
45244;201500030008;0;7;0;0.0;2.0;3.0;2.0;A01
45245;201500030008;1;7;0;0.0;2.0;0.0;0.0;B01
45246;201500030009;0;7;0;0.0;1.0;3.0;1.0;A01
45247;201500030010;0;7;0;0.0;2.0;1.0;0.0;B01
45248;201500030010;0;1;0;0.0;2.0;1.0;0.0;A01
45249;201500030011;0;33;0;0.0;2.0;0.0;0.0;A01
45250;201500030011;0;7;0;0.0;2.0;0.0;0.0;B01
45251;201500030012;0;7;0;0.0;2.0;1.0;2.0;A01
45252;201500030012;0;7;0;0.0;2.0;4.0;2.0;B01
45253;201500030012;0;7;0;0.0;2.0;4.0;2.0;C01
45254;201500030013;0;7;0;0.0;2.0;3.0;23.0;B01
45255;201500030013;0;7;0;0.0;2.0;2.0;1.0;A01
45256;201500030015;1;7;0;0.0;2.0;1.0;19.0;Z01
45257;201500030015;0;7;0;0.0;2.0;2.0;1.0;A01
45258;201500030016;0;7;0;0.0;2.0;0.0;0.0;B01
45259;201500030016;0;2;0;0.0;2.0;0.0;0.0;A01
45260;201500030017;0;7;0;0.0;2.0;7.0;19.0;A01
45261;201500030017;0;7;0;0.0;2.0;1.0;2.0;B01
45262;201500030018;0;33;0;0.0;2.0;8.0;1.0;B01
45263;201500030018;0;7;0;0.0;2.0;2.0;16.0;A01
45264;201500030019;0;1;0;0.0;2.0;4.0;0.0;B01
45265;201500030019;0;7;0;0.0;2.0;4.0;0.0;C01
45266;201500030019;0;7;0;0.0;2.0;1.0;2.0;A01
45267;201500030020;0;7;0;0.0;1.0;1.0;1.0;A01
45268;201500030021;0;7;0;0.0;2.0;2.0;0.0;B01
45269;201500030021;2;7;0;0.0;2.0;1.0;9.0;A01
45270;201500030023;0;33;0;0.0;2.0;0.0;0.0;A01
45271;201500030023;0;7;0;0.0;2.0;0.0;0.0;B01
45272;201500030024;0;1;0;0.0;0.0;0.0;0.0;A01
45273;201500030024;0;7;0;0.0;0.0;0.0;0.0;B01
45274;201500030025;0;7;0;0.0;2.0;8.0;15.0;B01
45275;201500030025;0;30;0;0.0;2.0;1.0;17.0;A01
45276;201500030026;0;7;0;1.0;0.0;2.0;1.0;A01
45277;201500030026;0;7;0;0.0;2.0;6.0;0.0;D01
45278;201500030026;0;7;0;0.0;2.0;2.0;0.0;B01
45279;201500030027;0;7;0;0.0;1.0;1.0;15.0;A01
45280;201500030028;0;7;0;0.0;1.0;2.0;20.0;A01
45281;201500030029;0;7;0;0.0;2.0;1.0;1.0;B01
45282;201500030029;0;7;0;0.0;2.0;8.0;15.0;A01
45283;201500030030;0;7;0;0.0;1.0;0.0;0.0;A01
45284;201500030031;0;3;0;0.0;1.0;0.0;0.0;A01
45285;201500030032;0;1;0;0.0;0.0;1.0;0.0;B01
45286;201500030032;1;7;0;0.0;0.0;0.0;0.0;A01
45287;201500030033;0;7;0;0.0;1.0;2.0;1.0;A01
45288;201500030034;0;7;0;0.0;2.0;3.0;9.0;A01
45289;201500030034;0;1;0;0.0;0.0;0.0;0.0;B01
45290;201500030035;0;7;0;0.0;1.0;3.0;0.0;A01
45291;201500030036;0;1;0;0.0;2.0;0.0;0.0;B01
45292;201500030036;0;7;0;0.0;9.0;0.0;0.0;A01
45293;201500030037;0;7;0;0.0;2.0;3.0;14.0;C01
45294;201500030037;0;7;0;1.0;0.0;5.0;0.0;B01
45295;201500030037;0;10;0;0.0;9.0;5.0;20.0;A01
45296;201500030038;0;2;0;0.0;2.0;2.0;17.0;A01
45297;201500030038;0;7;0;0.0;2.0;3.0;15.0;B01
45298;201500030039;2;7;0;1.0;1.0;1.0;2.0;A01
45299;201500030039;1;7;0;0.0;2.0;0.0;15.0;Z01
45300;201500030040;0;33;0;0.0;2.0;1.0;0.0;B01
45301;201500030040;0;30;0;0.0;2.0;1.0;0.0;A01
45302;201500030042;0;7;0;0.0;0.0;3.0;16.0;A01
45303;201500030042;0;7;0;0.0;0.0;2.0;0.0;B01
45304;201500030043;0;7;0;0.0;1.0;0.0;0.0;A01
45305;201500030044;0;7;0;8.0;0.0;1.0;1.0;A01
45306;201500030045;0;37;0;0.0;1.0;2.0;16.0;A01
45307;201500030046;1;7;0;0.0;1.0;2.0;0.0;Z01
45308;201500030047;0;7;0;8.0;0.0;3.0;14.0;A01
45309;201500030048;0;7;0;0.0;2.0;1.0;2.0;A01
45310;201500030048;0;7;0;0.0;0.0;0.0;0.0;B01
45311;201500030049;0;7;0;0.0;1.0;2.0;15.0;A01
45312;201500030051;0;7;0;0.0;2.0;1.0;1.0;A01
45313;201500030051;0;7;0;0.0;2.0;4.0;16.0;B01
45314;201500030052;0;7;0;0.0;1.0;0.0;0.0;A01
45315;201500030053;0;7;0;0.0;1.0;2.0;1.0;A01
45316;201500030054;0;7;0;0.0;1.0;4.0;4.0;A01
45317;201500030055;0;7;0;0.0;2.0;1.0;2.0;A01
45318;201500030055;0;7;0;0.0;2.0;4.0;0.0;C01
45319;201500030055;0;7;0;0.0;2.0;4.0;0.0;B01
45320;201500030056;0;7;0;1.0;0.0;1.0;0.0;A01
45321;201500030057;0;7;0;0.0;2.0;1.0;1.0;B01
45322;201500030057;2;10;0;0.0;2.0;1.0;0.0;A01
45323;201500030058;0;7;0;0.0;1.0;4.0;4.0;A01
45324;201500030060;0;7;0;0.0;2.0;1.0;1.0;B01
45325;201500030060;0;7;0;0.0;2.0;3.0;9.0;A01
45326;201500030061;0;7;0;0.0;2.0;1.0;6.0;A01
45327;201500030061;0;7;0;0.0;2.0;3.0;1.0;B01
45328;201500030062;0;7;0;0.0;1.0;1.0;1.0;A01
45329;201500030064;0;30;0;1.0;1.0;0.0;17.0;A01
45330;201500030065;0;7;0;0.0;2.0;2.0;16.0;A01
45331;201500030065;0;2;0;0.0;2.0;3.0;1.0;B01
45332;201500030066;0;7;0;0.0;2.0;1.0;1.0;A01
45333;201500030066;0;7;0;0.0;0.0;0.0;0.0;B01
45334;201500030067;0;7;0;0.0;1.0;2.0;1.0;A01
45335;201500030068;0;7;0;0.0;2.0;1.0;1.0;A01
45336;201500030068;0;7;0;0.0;2.0;7.0;1.0;B01
45337;201500030069;0;7;0;0.0;1.0;2.0;0.0;A01
45338;201500030070;0;7;0;0.0;2.0;1.0;1.0;A01
45339;201500030070;0;7;0;0.0;2.0;5.0;4.0;B01
45340;201500030071;1;7;0;0.0;2.0;0.0;0.0;Z01
45341;201500030071;0;1;0;0.0;2.0;0.0;0.0;B01
45342;201500030072;0;7;0;0.0;2.0;7.0;1.0;A01
45343;201500030072;0;7;0;0.0;2.0;1.0;0.0;B01
45344;201500030073;1;7;0;0.0;1.0;1.0;2.0;A01
45345;201500030074;0;7;0;0.0;2.0;2.0;0.0;A01
45346;201500030074;0;33;0;0.0;0.0;0.0;0.0;B01
45347;201500030075;0;7;0;0.0;1.0;2.0;1.0;A01
45348;201500030076;0;7;0;0.0;2.0;5.0;16.0;A01
45349;201500030076;0;32;0;0.0;2.0;8.0;2.0;B01
45350;201500030077;0;1;0;0.0;2.0;1.0;19.0;A01
45351;201500030077;0;7;0;0.0;2.0;8.0;0.0;B01
45352;201500030078;0;7;0;14.0;0.0;1.0;0.0;A01
45353;201500030079;0;7;0;0.0;0.0;2.0;15.0;A01
45354;201500030079;0;7;0;0.0;2.0;1.0;1.0;B01
45355;201500030080;0;33;0;0.0;1.0;1.0;0.0;A01
45356;201500030081;0;33;0;0.0;2.0;1.0;1.0;A01
45357;201500030081;0;7;0;0.0;0.0;0.0;0.0;B01
45358;201500030082;0;7;0;1.0;0.0;1.0;1.0;A01
45359;201500030082;0;1;0;0.0;0.0;0.0;0.0;B01
45360;201500030083;0;7;0;0.0;1.0;1.0;0.0;A01
45361;201500030084;0;7;0;0.0;1.0;3.0;0.0;A01
45362;201500030085;0;7;0;0.0;1.0;1.0;15.0;A01
45363;201500030086;0;7;0;0.0;1.0;1.0;1.0;A01
45364;201500030088;0;7;0;0.0;9.0;1.0;1.0;A01
45365;201500030088;0;1;0;0.0;2.0;8.0;19.0;B01
45366;201500030090;0;7;0;0.0;2.0;1.0;15.0;A01
45367;201500030090;0;33;0;0.0;2.0;1.0;1.0;B01
45368;201500030091;0;7;0;0.0;1.0;1.0;1.0;A01
45369;201500030092;0;7;0;0.0;2.0;2.0;0.0;A01
45370;201500030092;0;7;0;8.0;2.0;8.0;1.0;B01
45371;201500030093;0;7;0;0.0;2.0;8.0;20.0;B01
45372;201500030093;0;7;0;0.0;2.0;8.0;2.0;A01
45373;201500030093;0;7;0;0.0;2.0;6.0;0.0;C01
45374;201500030095;0;1;0;0.0;2.0;6.0;2.0;B01
45375;201500030096;0;7;0;0.0;0.0;3.0;15.0;B01
45376;201500030096;0;7;0;15.0;2.0;1.0;17.0;A01
45377;201500030097;1;7;0;0.0;0.0;0.0;0.0;Z01
45378;201500030097;0;33;0;0.0;2.0;8.0;2.0;B01
45379;201500030098;0;7;0;0.0;2.0;2.0;16.0;A01
45380;201500030098;0;1;0;0.0;2.0;1.0;1.0;B01
45381;201500030099;0;1;0;0.0;0.0;0.0;0.0;B01
45382;201500030099;0;7;0;0.0;0.0;8.0;22.0;A01
45383;201500030100;1;7;0;0.0;1.0;0.0;1.0;A01
45384;201500030101;0;7;0;0.0;1.0;3.0;15.0;A01
45385;201500030102;0;7;0;0.0;1.0;8.0;1.0;A01
45386;201500030103;0;7;0;0.0;1.0;1.0;16.0;A01
45387;201500030104;0;1;0;0.0;1.0;1.0;1.0;A01
45388;201500030105;0;7;0;0.0;2.0;8.0;19.0;A01
45389;201500030105;0;7;0;0.0;2.0;1.0;2.0;B01
45390;201500030106;0;7;0;0.0;1.0;2.0;1.0;A01
45391;201500030107;0;7;0;0.0;2.0;7.0;15.0;A01
45392;201500030107;0;7;0;0.0;2.0;3.0;23.0;C01
45393;201500030107;0;7;0;0.0;2.0;8.0;1.0;B01
45394;201500030108;0;7;0;0.0;1.0;3.0;15.0;A01
45395;201500030109;0;33;0;0.0;0.0;0.0;0.0;A01
45396;201500030109;0;7;0;0.0;0.0;0.0;0.0;B01
45397;201500030110;0;7;0;0.0;0.0;0.0;0.0;B01
45398;201500030110;0;2;0;0.0;0.0;3.0;16.0;A01
45399;201500030111;0;7;0;12.0;0.0;7.0;14.0;A01
45400;201500030112;0;7;0;0.0;2.0;1.0;1.0;B01
45401;201500030112;0;7;0;0.0;2.0;7.0;15.0;D01
45402;201500030113;1;7;0;0.0;2.0;1.0;1.0;Z01
45403;201500030113;0;2;0;0.0;2.0;4.0;1.0;B01
45404;201500030114;0;32;0;0.0;2.0;1.0;1.0;B01
45405;201500030114;0;7;0;0.0;2.0;2.0;15.0;A01
45406;201500030115;0;7;0;0.0;2.0;2.0;0.0;A01
45407;201500030115;0;7;0;0.0;0.0;0.0;0.0;B01
45408;201500030116;0;7;0;1.0;1.0;2.0;14.0;A01
45409;201500030117;0;7;0;0.0;2.0;1.0;1.0;A01
45410;201500030117;0;7;0;0.0;2.0;4.0;1.0;B01
45411;201500030118;0;7;0;0.0;2.0;3.0;20.0;A01
45412;201500030118;0;1;0;0.0;2.0;1.0;17.0;B01
45413;201500030119;0;7;0;0.0;1.0;8.0;0.0;A01
45414;201500030120;0;7;0;0.0;2.0;0.0;1.0;B01
45415;201500030120;0;7;0;0.0;2.0;1.0;19.0;A01
45416;201500030121;1;7;0;0.0;2.0;7.0;15.0;Z01
45417;201500030121;0;7;0;0.0;2.0;2.0;0.0;A01
45418;201500030122;0;2;0;0.0;2.0;1.0;9.0;A01
45419;201500030122;0;7;0;0.0;0.0;7.0;23.0;B01
45420;201500030124;0;33;0;12.0;0.0;7.0;14.0;A01
45421;201500030125;0;7;0;0.0;1.0;3.0;1.0;A01
45422;201500030126;0;7;0;0.0;0.0;8.0;1.0;A01
45423;201500030127;0;30;0;0.0;2.0;1.0;2.0;B01
45424;201500030127;0;7;0;0.0;9.0;7.0;1.0;A01
45425;201500030128;1;7;0;0.0;1.0;0.0;0.0;Z01
45426;201500030129;0;7;0;0.0;1.0;0.0;0.0;A01
45427;201500030130;0;7;0;0.0;2.0;1.0;9.0;A01
45428;201500030130;0;7;0;0.0;2.0;7.0;1.0;B01
45429;201500030132;0;7;0;1.0;0.0;2.0;0.0;A01
45430;201500030134;0;7;0;0.0;2.0;1.0;1.0;B01
45431;201500030134;0;7;0;0.0;2.0;1.0;2.0;A01
45432;201500030135;0;7;0;3.0;0.0;2.0;0.0;A01
45433;201500030136;0;7;0;0.0;2.0;7.0;10.0;B01
45434;201500030136;0;7;0;0.0;2.0;1.0;2.0;A01
45435;201500030137;0;1;0;0.0;2.0;1.0;1.0;A01
45436;201500030137;0;7;0;0.0;9.0;5.0;2.0;B01
45437;201500030138;2;7;0;6.0;2.0;1.0;1.0;A01
45438;201500030138;0;7;0;1.0;2.0;2.0;1.0;B01
45439;201500030139;0;7;0;0.0;2.0;1.0;0.0;B01
45440;201500030139;0;7;0;0.0;2.0;0.0;15.0;A01
45441;201500030140;1;30;0;0.0;0.0;0.0;0.0;B01
45442;201500030140;1;30;0;0.0;1.0;1.0;0.0;A01
45443;201500030141;0;7;0;2.0;0.0;1.0;1.0;A01
45444;201500030142;0;33;0;0.0;2.0;1.0;1.0;A01
45445;201500030142;0;7;0;0.0;2.0;6.0;1.0;B01
45446;201500030142;0;7;0;1.0;2.0;1.0;1.0;C01
45447;201500030143;0;7;0;0.0;1.0;2.0;2.0;A01
45448;201500030144;2;7;0;0.0;2.0;1.0;11.0;A01
45449;201500030144;0;31;0;0.0;2.0;0.0;0.0;B01
45450;201500030145;0;30;0;8.0;0.0;1.0;14.0;A01
45451;201500030146;0;7;0;15.0;0.0;1.0;0.0;A01
45452;201500030147;0;7;0;0.0;2.0;7.0;10.0;A01
45453;201500030147;0;33;0;0.0;2.0;1.0;1.0;B01
45454;201500030148;0;7;0;0.0;2.0;1.0;2.0;A01
45455;201500030148;0;1;0;0.0;0.0;4.0;2.0;B01
45456;201500030149;0;7;0;0.0;1.0;0.0;0.0;A01
45457;201500030150;0;7;0;1.0;0.0;2.0;1.0;A01
45458;201500030151;1;30;0;0.0;1.0;0.0;0.0;A01
45459;201500030152;0;3;0;0.0;2.0;7.0;19.0;A01
45460;201500030152;0;37;0;0.0;2.0;1.0;1.0;B01
45461;201500030153;0;7;0;1.0;0.0;3.0;16.0;A01
45462;201500030154;0;7;0;0.0;0.0;0.0;0.0;B01
45463;201500030154;0;1;0;0.0;0.0;0.0;0.0;A01
45464;201500030155;0;7;0;0.0;2.0;0.0;0.0;B01
45465;201500030155;0;7;0;0.0;2.0;0.0;0.0;A01
45466;201500030157;1;7;0;0.0;2.0;0.0;0.0;Z01
45467;201500030157;0;1;0;0.0;2.0;1.0;0.0;B01
45468;201500030158;0;7;0;0.0;2.0;1.0;1.0;A01
45469;201500030158;0;7;0;0.0;2.0;3.0;16.0;B01
45470;201500030159;0;7;0;0.0;1.0;1.0;1.0;A01
45471;201500030160;0;7;0;0.0;9.0;2.0;15.0;A01
45472;201500030160;0;1;0;0.0;2.0;1.0;15.0;B01
45473;201500030161;0;37;0;0.0;1.0;0.0;2.0;A01
45474;201500030162;0;7;0;0.0;2.0;2.0;15.0;A01
45475;201500030162;0;7;0;0.0;2.0;2.0;2.0;B01
45476;201500030162;0;7;0;0.0;2.0;1.0;23.0;C01
45477;201500030163;0;37;0;0.0;9.0;8.0;7.0;A01
45478;201500030163;0;1;0;0.0;2.0;2.0;17.0;B01
45479;201500030164;0;2;0;0.0;0.0;0.0;0.0;A01
45480;201500030164;0;99;0;0.0;0.0;0.0;0.0;B01
45481;201500030165;0;7;0;0.0;0.0;1.0;1.0;A01
45482;201500030165;0;7;0;0.0;0.0;0.0;0.0;B01
45483;201500030167;0;7;0;0.0;0.0;0.0;0.0;B01
45484;201500030167;0;2;0;0.0;0.0;0.0;0.0;A01
45485;201500030168;1;7;0;0.0;1.0;0.0;0.0;Z01
45486;201500030169;0;7;0;0.0;1.0;1.0;2.0;A01
45487;201500030170;0;7;0;0.0;1.0;0.0;0.0;A01
45488;201500030171;0;7;0;0.0;2.0;1.0;9.0;A01
45489;201500030171;0;1;0;0.0;0.0;0.0;0.0;B01
45490;201500030172;0;7;0;0.0;2.0;7.0;9.0;A01
45491;201500030172;0;32;0;0.0;2.0;7.0;1.0;B01
45492;201500030173;0;7;0;0.0;2.0;1.0;1.0;B01
45493;201500030173;0;7;0;0.0;2.0;7.0;1.0;A01
45494;201500030174;0;7;0;0.0;2.0;2.0;1.0;B01
45495;201500030174;0;7;0;0.0;2.0;3.0;9.0;A01
45496;201500030175;0;7;0;0.0;0.0;0.0;0.0;A01
45497;201500030175;0;7;0;0.0;0.0;0.0;0.0;B01
45498;201500030178;0;7;0;0.0;1.0;2.0;0.0;A01
45499;201500030179;0;7;0;0.0;0.0;0.0;0.0;B01
45500;201500030179;0;1;0;0.0;0.0;0.0;0.0;A01
45501;201500030180;0;7;0;0.0;0.0;4.0;24.0;B01
45502;201500030180;0;7;0;1.0;0.0;1.0;0.0;A01
45503;201500030181;0;7;0;0.0;0.0;9.0;14.0;A01
45504;201500030182;0;1;0;0.0;2.0;1.0;19.0;B01
45505;201500030182;0;7;0;0.0;2.0;6.0;1.0;A01
45506;201500030183;0;2;0;5.0;0.0;1.0;1.0;A01
45507;201500030184;0;33;0;0.0;2.0;1.0;2.0;A01
45508;201500030184;0;7;0;0.0;2.0;6.0;11.0;B01
45509;201500030185;0;7;0;0.0;1.0;1.0;1.0;A01
45510;201500030186;0;10;0;0.0;1.0;2.0;1.0;A01
45511;201500030187;0;30;0;0.0;2.0;1.0;1.0;A01
45512;201500030187;0;7;0;0.0;2.0;3.0;23.0;B01
45513;201500030188;0;7;0;0.0;2.0;1.0;15.0;A01
45514;201500030188;0;7;0;0.0;2.0;3.0;1.0;B01
45515;201500030189;0;7;0;9.0;0.0;1.0;1.0;A01
45516;201500030190;0;7;0;0.0;1.0;1.0;1.0;A01
45517;201500030191;0;7;0;0.0;1.0;1.0;0.0;A01
45518;201500030192;0;1;0;0.0;0.0;0.0;0.0;B01
45519;201500030192;0;7;0;0.0;2.0;7.0;16.0;A01
45520;201500030193;0;7;0;0.0;2.0;1.0;15.0;A01
45521;201500030193;0;2;0;0.0;2.0;8.0;1.0;B01
45522;201500030194;0;7;0;0.0;1.0;1.0;1.0;A01
45523;201500030195;0;1;0;0.0;2.0;7.0;15.0;B01
45524;201500030195;0;7;0;0.0;9.0;2.0;1.0;A01
45525;201500030196;0;7;0;0.0;2.0;1.0;19.0;A01
45526;201500030196;0;7;0;0.0;2.0;1.0;2.0;B01
45527;201500030197;0;7;0;0.0;1.0;1.0;15.0;A01
45528;201500030198;0;7;0;0.0;2.0;5.0;23.0;A01
45529;201500030198;0;1;0;0.0;2.0;1.0;2.0;B01
45530;201500030199;0;7;0;6.0;0.0;3.0;0.0;A01
45531;201500030200;0;7;0;0.0;1.0;3.0;15.0;A01
45532;201500030201;0;7;0;0.0;1.0;2.0;1.0;A01
45533;201500030202;0;2;0;0.0;2.0;1.0;0.0;B01
45534;201500030202;0;7;0;0.0;2.0;2.0;1.0;A01
45535;201500030203;0;7;0;0.0;2.0;6.0;15.0;B01
45536;201500030203;0;30;0;0.0;2.0;1.0;13.0;A01
45537;201500030204;0;7;0;0.0;2.0;1.0;1.0;A01
45538;201500030204;0;33;0;0.0;2.0;1.0;0.0;B01
45539;201500030205;0;7;0;0.0;2.0;8.0;0.0;B01
45540;201500030205;0;30;0;0.0;2.0;0.0;0.0;A01
45541;201500030206;0;7;0;0.0;1.0;2.0;0.0;A01
45542;201500030207;0;7;0;0.0;2.0;8.0;1.0;B01
45543;201500030207;0;7;0;0.0;2.0;3.0;15.0;A01
45544;201500030208;0;32;0;0.0;2.0;1.0;1.0;B01
45545;201500030208;0;7;0;0.0;2.0;7.0;15.0;A01
45546;201500030209;0;7;0;0.0;1.0;2.0;15.0;A01
45547;201500030210;0;7;0;0.0;2.0;1.0;2.0;A01
45548;201500030210;0;7;0;0.0;2.0;5.0;2.0;B01
45549;201500030211;0;7;0;1.0;2.0;3.0;13.0;B01
45550;201500030211;0;7;0;1.0;2.0;3.0;1.0;A01
45551;201500030212;0;7;0;0.0;2.0;8.0;1.0;B01
45552;201500030212;0;7;0;0.0;2.0;1.0;1.0;A01
45553;201500030213;0;7;0;0.0;2.0;2.0;19.0;A01
45554;201500030213;0;31;0;0.0;2.0;8.0;19.0;B01
45555;201500030214;0;7;0;0.0;2.0;1.0;13.0;A01
45556;201500030214;0;7;0;0.0;2.0;1.0;1.0;B01
45557;201500030215;0;7;0;0.0;2.0;1.0;15.0;B01
45558;201500030215;0;99;0;0.0;2.0;1.0;1.0;A01
45559;201500030216;0;7;0;0.0;0.0;6.0;0.0;B01
45560;201500030216;0;33;0;0.0;2.0;1.0;2.0;A01
45561;201500030217;0;7;0;0.0;2.0;3.0;15.0;A01
45562;201500030217;0;7;0;0.0;2.0;1.0;0.0;B01
45563;201500030218;0;34;0;0.0;0.0;0.0;13.0;A01
45564;201500030219;0;7;0;0.0;2.0;1.0;9.0;A01
45565;201500030219;0;7;0;0.0;2.0;7.0;2.0;B01
45566;201500030220;0;7;0;1.0;0.0;1.0;1.0;A01
45567;201500030222;0;7;0;0.0;2.0;3.0;15.0;A01
45568;201500030222;0;7;0;15.0;2.0;1.0;1.0;B01
45569;201500030223;0;1;0;0.0;2.0;7.0;15.0;B01
45570;201500030223;1;7;0;0.0;9.0;1.0;1.0;A01
45571;201500030224;0;7;0;0.0;1.0;3.0;1.0;A01
45572;201500030225;0;7;0;0.0;2.0;3.0;0.0;B01
45573;201500030225;0;7;0;0.0;2.0;3.0;0.0;A01
45574;201500030225;0;7;0;0.0;2.0;1.0;0.0;C01
45575;201500030226;0;7;0;0.0;1.0;2.0;1.0;A01
45576;201500030227;0;7;0;0.0;2.0;4.0;1.0;D01
45577;201500030227;0;7;0;0.0;2.0;1.0;1.0;C01
45578;201500030227;0;10;0;0.0;2.0;1.0;1.0;E01
45579;201500030227;0;7;0;3.0;2.0;2.0;14.0;A01
45580;201500030227;0;7;0;0.0;2.0;6.0;21.0;H02
45581;201500030227;0;7;0;0.0;2.0;4.0;1.0;B01
45582;201500030227;0;7;0;0.0;2.0;8.0;1.0;F02
45583;201500030227;0;7;0;3.0;0.0;1.0;13.0;G02
45584;201500030228;2;7;0;0.0;2.0;3.0;5.0;Z01
45585;201500030228;0;7;0;0.0;2.0;3.0;1.0;B01
45586;201500030229;0;7;0;0.0;2.0;2.0;0.0;A01
45587;201500030229;0;14;0;0.0;2.0;6.0;23.0;B01
45588;201500030230;0;7;0;0.0;1.0;2.0;0.0;A01
45589;201500030231;0;7;0;0.0;1.0;3.0;0.0;A01
45590;201500030232;0;7;0;0.0;2.0;3.0;1.0;B01
45591;201500030232;0;7;0;0.0;2.0;1.0;1.0;A01
45592;201500030233;0;7;0;0.0;2.0;1.0;11.0;A01
45593;201500030233;0;7;0;1.0;2.0;1.0;2.0;B01
45594;201500030234;0;7;0;0.0;0.0;0.0;0.0;A01
45595;201500030235;0;7;0;0.0;2.0;0.0;0.0;B01
45596;201500030235;0;7;0;0.0;2.0;1.0;1.0;A01
45597;201500030236;1;7;0;0.0;1.0;0.0;0.0;Z01
45598;201500030237;0;1;0;0.0;2.0;1.0;18.0;B01
45599;201500030237;0;7;0;0.0;2.0;2.0;16.0;A01
45600;201500030238;0;7;0;0.0;2.0;1.0;2.0;A01
45601;201500030238;0;7;0;0.0;2.0;4.0;2.0;B01
45602;201500030239;0;10;0;0.0;2.0;1.0;1.0;B01
45603;201500030239;0;7;0;0.0;2.0;3.0;10.0;A01
45604;201500030240;0;7;0;0.0;2.0;2.0;15.0;A01
45605;201500030240;0;7;0;0.0;2.0;3.0;0.0;B01
45606;201500030241;0;1;0;0.0;2.0;1.0;5.0;A01
45607;201500030241;0;7;0;0.0;9.0;3.0;15.0;B01
45608;201500030242;0;7;0;0.0;2.0;2.0;1.0;A01
45609;201500030242;0;7;0;0.0;2.0;7.0;0.0;B01
45610;201500030243;1;7;0;0.0;1.0;0.0;0.0;Z01
45611;201500030244;0;2;0;0.0;2.0;1.0;1.0;A01
45612;201500030244;0;7;0;0.0;0.0;0.0;0.0;B01
45613;201500030245;0;2;0;0.0;2.0;1.0;17.0;A01