;Num_Acc;senc;catv;occutc;obs;obsm;choc;manv;num_veh
46877;201500031132;0;10;0;0.0;2.0;1.0;15.0;A01
46878;201500031133;0;33;0;0.0;2.0;1.0;1.0;B01
46879;201500031133;0;7;0;0.0;2.0;8.0;9.0;A01
46880;201500031134;0;7;0;0.0;2.0;8.0;15.0;A01
46881;201500031134;0;33;0;0.0;2.0;1.0;1.0;B01
46882;201500031136;0;7;0;0.0;2.0;4.0;1.0;A01
46883;201500031136;0;33;0;0.0;2.0;3.0;2.0;B01
46884;201500031137;0;7;0;0.0;1.0;2.0;16.0;A01
46885;201500031138;0;7;0;0.0;1.0;0.0;0.0;A01
46886;201500031139;0;7;0;0.0;1.0;3.0;1.0;A01
46887;201500031140;2;7;0;0.0;2.0;2.0;1.0;Z01
46888;201500031140;0;7;0;0.0;2.0;3.0;15.0;B01
46889;201500031141;0;32;0;0.0;2.0;1.0;1.0;B01
46890;201500031141;0;7;0;0.0;2.0;3.0;15.0;A01
46891;201500031142;0;7;0;0.0;2.0;4.0;1.0;B01
46892;201500031142;0;7;0;0.0;2.0;1.0;1.0;A01
46893;201500031143;0;2;0;0.0;2.0;1.0;1.0;A01
46894;201500031143;0;7;0;0.0;2.0;7.0;1.0;B01
46895;201500031144;0;7;0;2.0;0.0;1.0;1.0;A01
46896;201500031145;0;7;0;0.0;1.0;2.0;1.0;A01
46897;201500031146;0;7;0;0.0;2.0;1.0;13.0;A01
46898;201500031146;0;37;1;0.0;2.0;1.0;1.0;B01
46899;201500031147;0;7;0;0.0;1.0;1.0;1.0;A01
46900;201500031148;0;37;1;0.0;1.0;0.0;0.0;A01
46901;201500031150;0;10;0;0.0;1.0;0.0;4.0;A01
46902;201500031151;0;7;0;0.0;1.0;5.0;4.0;A01
46903;201500031152;0;7;0;0.0;2.0;2.0;17.0;A01
46904;201500031152;0;30;0;0.0;2.0;8.0;13.0;B01
46905;201500031154;0;33;0;0.0;2.0;1.0;1.0;B01
46906;201500031154;0;7;0;0.0;2.0;2.0;15.0;A01
46907;201500031155;0;7;0;6.0;0.0;1.0;1.0;A01
46908;201500031156;0;7;0;0.0;2.0;3.0;9.0;A01
46909;201500031156;0;2;0;0.0;2.0;1.0;1.0;B01
46910;201500031157;0;7;0;0.0;2.0;1.0;2.0;A01
46911;201500031157;0;7;0;0.0;2.0;4.0;15.0;B01
46912;201500031158;0;33;0;0.0;2.0;8.0;1.0;A01
46913;201500031158;0;7;0;0.0;2.0;3.0;1.0;B01
46914;201500031159;0;7;0;0.0;1.0;3.0;1.0;A01
46915;201500031161;0;1;0;0.0;1.0;0.0;0.0;A01
46916;201500031162;0;2;0;11.0;0.0;1.0;0.0;A01
46917;201500031163;0;7;0;0.0;2.0;3.0;1.0;B01
46918;201500031163;0;7;0;0.0;2.0;1.0;1.0;A01
46919;201500031164;0;1;0;0.0;0.0;0.0;0.0;A01
46920;201500031164;0;7;0;0.0;0.0;0.0;0.0;B01
46921;201500031165;0;7;0;0.0;1.0;1.0;1.0;A01
46922;201500031166;0;20;0;0.0;0.0;6.0;11.0;B01
46923;201500031166;0;7;0;0.0;2.0;5.0;0.0;A01
46924;201500031167;0;10;0;0.0;0.0;0.0;0.0;B01
46925;201500031167;0;10;0;0.0;0.0;0.0;0.0;A01
46926;201500031168;0;7;0;0.0;1.0;0.0;1.0;A01
46927;201500031169;0;7;0;0.0;2.0;7.0;15.0;B01
46928;201500031169;0;31;0;0.0;2.0;7.0;15.0;A01
46929;201500031170;0;2;0;0.0;0.0;0.0;0.0;B01
46930;201500031170;0;7;0;0.0;0.0;0.0;0.0;A01
46931;201500031171;0;7;0;0.0;2.0;6.0;0.0;A01
46932;201500031171;0;1;0;0.0;2.0;0.0;0.0;B01
46933;201500031172;0;7;0;0.0;2.0;1.0;1.0;A01
46934;201500031172;0;16;0;0.0;0.0;0.0;0.0;B01
46935;201500031173;0;7;0;0.0;1.0;2.0;1.0;A01
46936;201500031174;0;33;0;0.0;2.0;1.0;17.0;A01
46937;201500031174;0;7;0;0.0;2.0;3.0;0.0;B01
46938;201500031175;0;7;0;0.0;2.0;6.0;0.0;B01
46939;201500031175;0;30;0;0.0;2.0;1.0;1.0;A01
46940;201500031176;0;7;0;0.0;1.0;2.0;1.0;A01
46941;201500031178;0;33;0;11.0;2.0;7.0;1.0;B01
46942;201500031178;0;7;0;0.0;2.0;1.0;19.0;A01
46943;201500031179;0;7;0;0.0;2.0;3.0;13.0;A01
46944;201500031179;0;14;0;0.0;2.0;3.0;1.0;B01
46945;201500031180;0;7;0;2.0;0.0;1.0;6.0;A01
46946;201500031181;0;7;0;0.0;2.0;3.0;19.0;A01
46947;201500031181;0;7;0;0.0;2.0;3.0;1.0;B01
46948;201500031182;0;30;0;0.0;2.0;8.0;1.0;A01
46949;201500031182;0;7;0;0.0;2.0;1.0;1.0;B01
46950;201500031183;0;34;0;0.0;2.0;1.0;1.0;B01
46951;201500031183;0;7;0;0.0;2.0;2.0;15.0;A01
46952;201500031184;0;7;0;0.0;2.0;2.0;15.0;A01
46953;201500031184;0;2;0;0.0;2.0;1.0;0.0;B01
46954;201500031185;0;31;0;0.0;2.0;1.0;1.0;B01
46955;201500031185;0;7;0;0.0;2.0;7.0;19.0;A01
46956;201500031186;0;7;0;0.0;1.0;0.0;0.0;A01
46957;201500031187;0;1;0;0.0;2.0;1.0;1.0;B01
46958;201500031187;0;7;0;0.0;2.0;7.0;19.0;A01
46959;201500031188;0;7;0;6.0;0.0;1.0;19.0;A01
46960;201500031189;0;15;0;0.0;2.0;2.0;14.0;A01
46961;201500031189;0;7;0;0.0;2.0;9.0;1.0;B01
46962;201500031190;0;2;0;0.0;2.0;8.0;1.0;B01
46963;201500031190;0;7;0;0.0;2.0;1.0;1.0;A01
46964;201500031192;0;30;0;0.0;2.0;7.0;1.0;B01
46965;201500031192;0;7;0;0.0;2.0;1.0;19.0;A01
46966;201500031193;0;1;0;0.0;0.0;8.0;1.0;B01
46967;201500031193;0;7;0;0.0;2.0;1.0;19.0;A01
46968;201500031194;0;31;0;0.0;2.0;1.0;1.0;B01
46969;201500031194;0;7;0;0.0;2.0;8.0;15.0;A01
46970;201500031195;0;31;0;0.0;2.0;1.0;18.0;A01
46971;201500031195;0;7;0;0.0;2.0;2.0;16.0;B01
46972;201500031196;0;7;0;1.0;0.0;1.0;1.0;A01
46973;201500031197;0;7;0;0.0;1.0;1.0;1.0;A01
46974;201500031198;0;2;0;0.0;0.0;1.0;1.0;A01
46975;201500031199;0;2;0;0.0;2.0;1.0;1.0;B01
46976;201500031199;0;7;0;0.0;2.0;8.0;9.0;A01
46977;201500031200;0;33;0;0.0;2.0;1.0;1.0;B01
46978;201500031200;0;7;0;0.0;2.0;3.0;15.0;A01
46979;201500031201;0;32;0;0.0;2.0;1.0;2.0;A01
46980;201500031201;0;7;0;0.0;2.0;5.0;2.0;B01
46981;201500031202;0;1;0;0.0;2.0;4.0;1.0;B01
46982;201500031202;0;7;0;0.0;2.0;8.0;9.0;A01
46983;201500031203;0;2;0;0.0;2.0;7.0;1.0;B01
46984;201500031203;0;7;0;0.0;2.0;1.0;19.0;A01
46985;201500031204;0;37;25;0.0;2.0;4.0;23.0;B01
46986;201500031204;0;7;0;0.0;2.0;1.0;2.0;A01
46987;201500031205;0;7;0;12.0;0.0;1.0;1.0;A01
46988;201500031206;0;30;0;0.0;2.0;3.0;7.0;A01
46989;201500031206;0;7;0;0.0;2.0;2.0;16.0;B01
46990;201500031207;0;7;0;0.0;2.0;6.0;1.0;B01
46991;201500031207;0;2;0;0.0;2.0;2.0;14.0;A01
46992;201500031209;0;32;0;14.0;0.0;1.0;1.0;A01
46993;201500031210;0;7;0;0.0;0.0;3.0;1.0;B01
46994;201500031210;0;7;0;0.0;2.0;1.0;5.0;A01
46995;201500031211;0;2;0;0.0;2.0;1.0;1.0;A01
46996;201500031211;0;7;0;0.0;2.0;7.0;1.0;B01
46997;201500031212;0;99;0;0.0;1.0;3.0;1.0;A01
46998;201500031213;0;3;0;11.0;0.0;1.0;0.0;A01
46999;201500031214;0;30;0;0.0;2.0;1.0;1.0;A01
47000;201500031214;0;7;0;0.0;2.0;3.0;1.0;B01
47001;201500031215;0;2;0;0.0;2.0;3.0;9.0;A01
47002;201500031215;0;33;0;0.0;2.0;1.0;21.0;B01
47003;201500031216;0;7;0;12.0;0.0;1.0;6.0;A01
47004;201500031217;0;7;0;0.0;1.0;2.0;1.0;A01
47005;201500031218;0;7;0;0.0;1.0;1.0;13.0;A01
47006;201500031219;0;31;0;0.0;2.0;7.0;17.0;B01
47007;201500031219;0;7;0;0.0;2.0;2.0;15.0;A01
47008;201500031220;0;2;0;0.0;2.0;1.0;1.0;B01
47009;201500031220;0;7;0;0.0;2.0;3.0;15.0;A01
47010;201500031221;0;7;0;0.0;2.0;7.0;0.0;B01
47011;201500031221;0;2;0;0.0;2.0;1.0;1.0;A01
47012;201500031222;0;7;0;0.0;1.0;1.0;15.0;A01
47013;201500031223;0;7;0;0.0;2.0;1.0;15.0;A01
47014;201500031223;0;7;0;0.0;2.0;3.0;1.0;B01
47015;201500031224;0;7;0;0.0;1.0;3.0;1.0;A01
47016;201500031225;0;7;0;0.0;1.0;8.0;15.0;A01
47017;201500031226;0;33;0;0.0;2.0;8.0;9.0;A01
47018;201500031226;0;7;0;0.0;2.0;2.0;1.0;B01
47019;201500031227;0;7;0;0.0;2.0;1.0;9.0;A01
47020;201500031227;0;7;0;0.0;2.0;0.0;0.0;B01
47021;201500031228;0;2;0;0.0;2.0;1.0;15.0;A01
47022;201500031228;0;7;0;0.0;2.0;6.0;15.0;B01
47023;201500031229;0;2;0;0.0;0.0;0.0;0.0;A01
47024;201500031230;0;7;0;0.0;1.0;4.0;4.0;A01
47025;201500031231;0;30;0;0.0;2.0;1.0;17.0;A01
47026;201500031231;0;7;0;0.0;2.0;1.0;1.0;B01
47027;201500031232;0;7;0;0.0;0.0;4.0;15.0;B01
47028;201500031232;0;2;0;0.0;2.0;1.0;2.0;A01
47029;201500031233;0;33;0;0.0;2.0;8.0;3.0;A01
47030;201500031233;0;7;0;0.0;2.0;8.0;1.0;C01
47031;201500031233;0;7;0;0.0;2.0;7.0;1.0;B01
47032;201500031234;0;7;0;8.0;0.0;2.0;14.0;A01
47033;201500031235;0;2;0;12.0;0.0;1.0;1.0;A01
47034;201500031236;1;99;0;0.0;1.0;1.0;0.0;Z01
47035;201500031238;0;7;0;0.0;2.0;4.0;2.0;B01
47036;201500031238;0;7;0;0.0;2.0;1.0;3.0;A01
47037;201500031238;0;7;0;0.0;2.0;4.0;2.0;C01
47038;201500031239;0;7;0;0.0;2.0;3.0;10.0;A01
47039;201500031239;0;7;0;0.0;2.0;2.0;1.0;B01
47040;201500031240;0;10;0;0.0;1.0;4.0;4.0;A01
47041;201500031241;0;33;0;0.0;2.0;9.0;21.0;A01
47042;201500031241;0;7;0;0.0;2.0;1.0;23.0;B01
47043;201500031242;0;7;0;0.0;2.0;3.0;10.0;A01
47044;201500031242;0;30;0;0.0;2.0;1.0;15.0;B01
47045;201500031243;0;2;0;0.0;0.0;7.0;1.0;A01
47046;201500031245;0;7;0;0.0;2.0;7.0;19.0;A01
47047;201500031245;0;32;0;0.0;2.0;1.0;1.0;B01
47048;201500031246;0;7;0;0.0;2.0;1.0;2.0;A01
47049;201500031246;0;7;0;0.0;2.0;4.0;2.0;B01
47050;201500031246;0;33;0;0.0;2.0;1.0;17.0;C01
47051;201500031246;0;7;0;0.0;2.0;3.0;0.0;D01
47052;201500031247;0;1;0;0.0;2.0;3.0;13.0;A01
47053;201500031247;0;1;0;0.0;2.0;3.0;21.0;B01
47054;201500031249;0;2;0;0.0;2.0;1.0;2.0;A01
47055;201500031249;0;10;0;0.0;2.0;5.0;2.0;B01
47056;201500031250;0;10;0;0.0;1.0;1.0;1.0;A01
47057;201500031252;0;33;0;12.0;0.0;1.0;14.0;A01
47058;201500031253;0;7;0;0.0;1.0;1.0;1.0;A01
47059;201500031254;0;7;0;0.0;2.0;2.0;15.0;A01
47060;201500031254;0;33;0;0.0;2.0;1.0;1.0;B01
47061;201500031255;0;7;0;0.0;2.0;4.0;23.0;B01
47062;201500031255;0;10;0;0.0;2.0;4.0;23.0;C01
47063;201500031255;0;10;0;0.0;2.0;1.0;2.0;A01
47064;201500031256;0;30;0;0.0;2.0;1.0;2.0;A01
47065;201500031256;0;7;0;0.0;2.0;4.0;23.0;B01
47066;201500031257;0;7;0;0.0;2.0;3.0;9.0;A01
47067;201500031257;0;2;0;0.0;2.0;7.0;1.0;B01
47068;201500031258;0;7;0;0.0;2.0;2.0;16.0;A01
47069;201500031258;0;31;0;0.0;2.0;1.0;7.0;B01
47070;201500031259;0;7;0;8.0;0.0;1.0;19.0;A01
47071;201500031260;0;33;0;0.0;2.0;1.0;1.0;B01
47072;201500031260;0;7;0;0.0;2.0;7.0;19.0;A01
47073;201500031261;0;2;0;0.0;0.0;0.0;0.0;A01
47074;201500031262;0;10;0;0.0;2.0;7.0;15.0;A01
47075;201500031262;0;34;0;0.0;2.0;1.0;1.0;B01
47076;201500031263;0;33;0;4.0;0.0;0.0;0.0;A01
47077;201500031264;0;31;0;0.0;2.0;8.0;1.0;B01
47078;201500031264;0;7;0;0.0;2.0;2.0;19.0;A01
47079;201500031265;0;7;0;0.0;2.0;4.0;2.0;B01
47080;201500031265;0;2;0;0.0;2.0;1.0;2.0;A01
47081;201500031266;0;7;0;0.0;2.0;5.0;1.0;C01
47082;201500031266;0;7;0;0.0;2.0;6.0;1.0;B01
47083;201500031266;0;2;0;0.0;2.0;1.0;9.0;A01
47084;201500031267;0;10;0;0.0;2.0;3.0;9.0;A01
47085;201500031267;0;1;0;0.0;2.0;7.0;1.0;B01
47086;201500031268;0;7;0;0.0;0.0;0.0;15.0;A01
47087;201500031268;0;32;0;16.0;0.0;0.0;0.0;B01
47088;201500031269;0;30;0;0.0;1.0;2.0;17.0;A01
47089;201500031270;1;7;0;0.0;2.0;2.0;15.0;A01
47090;201500031270;0;1;0;0.0;2.0;1.0;1.0;B01
47091;201500031271;0;10;0;0.0;2.0;5.0;16.0;B01
47092;201500031271;0;33;0;0.0;2.0;1.0;7.0;A01
47093;201500031272;0;33;0;0.0;0.0;1.0;1.0;A01
47094;201500031273;0;7;0;0.0;2.0;1.0;2.0;B01
47095;201500031273;0;33;0;11.0;0.0;1.0;14.0;A01
47096;201500031274;1;30;0;0.0;1.0;1.0;7.0;Z01
47097;201500031275;0;7;0;0.0;9.0;2.0;9.0;A01
47098;201500031275;0;1;0;0.0;2.0;7.0;1.0;B01
47099;201500031276;0;7;0;2.0;0.0;1.0;14.0;A01
47100;201500031277;0;7;0;0.0;2.0;5.0;15.0;B01
47101;201500031277;0;33;0;0.0;2.0;1.0;1.0;A01
47102;201500031278;0;7;0;0.0;1.0;1.0;1.0;A01
47103;201500031279;1;1;0;0.0;1.0;0.0;0.0;Z01
47104;201500031280;0;7;0;0.0;2.0;2.0;9.0;A01
47105;201500031280;0;1;0;0.0;2.0;7.0;1.0;B01
47106;201500031281;0;7;0;0.0;1.0;2.0;1.0;A01
47107;201500031282;0;7;0;0.0;2.0;3.0;0.0;B01
47108;201500031282;0;1;0;0.0;2.0;1.0;0.0;A01
47109;201500031283;0;7;0;0.0;2.0;2.0;1.0;B01
47110;201500031283;0;2;0;0.0;2.0;1.0;9.0;A01
47111;201500031284;0;10;0;0.0;2.0;1.0;5.0;A01
47112;201500031284;0;7;0;12.0;2.0;2.0;21.0;C01
47113;201500031284;0;33;0;0.0;2.0;1.0;23.0;B01
47114;201500031285;0;7;0;0.0;2.0;3.0;9.0;A01
47115;201500031285;0;37;20;0.0;2.0;7.0;15.0;B01
47116;201500031286;0;7;0;0.0;2.0;3.0;13.0;A01
47117;201500031286;0;15;0;0.0;2.0;8.0;1.0;B01
47118;201500031287;0;30;0;0.0;1.0;1.0;21.0;A01
47119;201500031288;0;7;0;0.0;2.0;2.0;15.0;A01
47120;201500031288;0;33;0;0.0;2.0;1.0;1.0;B01
47121;201500031289;0;1;0;0.0;0.0;0.0;1.0;A01
47122;201500031290;0;7;0;0.0;2.0;1.0;1.0;A01
47123;201500031290;0;7;0;0.0;2.0;2.0;15.0;B01
47124;201500031293;0;7;0;0.0;2.0;2.0;9.0;A01
47125;201500031293;0;2;0;0.0;2.0;1.0;17.0;B01
47126;201500031294;0;1;0;0.0;0.0;0.0;1.0;A01
47127;201500031295;0;10;0;0.0;2.0;7.0;15.0;A01
47128;201500031295;0;33;0;0.0;2.0;1.0;1.0;B01
47129;201500031296;1;10;0;0.0;2.0;8.0;18.0;Z01
47130;201500031296;0;33;0;0.0;2.0;7.0;1.0;A01
47131;201500031297;0;33;0;0.0;1.0;1.0;1.0;A01
47132;201500031298;0;7;0;0.0;2.0;3.0;9.0;A01
47133;201500031298;0;2;0;0.0;2.0;4.0;15.0;B01
47134;201500031299;0;2;0;0.0;1.0;1.0;7.0;A01
47135;201500031300;0;2;0;0.0;2.0;0.0;23.0;B01
47136;201500031300;1;7;0;14.0;0.0;2.0;9.0;A01
47137;201500031301;0;7;0;8.0;0.0;1.0;14.0;A01
47138;201500031304;0;13;0;0.0;2.0;0.0;12.0;A01
47139;201500031304;0;7;0;0.0;2.0;8.0;1.0;B01
47140;201500031305;0;10;0;0.0;1.0;4.0;4.0;A01
47141;201500031306;1;7;0;0.0;2.0;8.0;11.0;Z01
47142;201500031306;0;2;0;8.0;2.0;8.0;0.0;B01
47143;201500031307;0;10;0;0.0;9.0;8.0;24.0;A01
47144;201500031307;0;1;0;1.0;0.0;1.0;1.0;B01
47145;201500031308;0;31;0;0.0;2.0;1.0;1.0;B01
47146;201500031308;0;7;0;0.0;9.0;3.0;9.0;A01
47147;201500031309;0;7;0;0.0;9.0;4.0;2.0;B01
47148;201500031309;0;30;0;0.0;2.0;1.0;2.0;A01
47149;201500031310;0;30;0;0.0;9.0;1.0;19.0;A01
47150;201500031310;0;30;0;0.0;9.0;1.0;1.0;B01
47151;201500031311;0;33;0;0.0;2.0;0.0;17.0;A01
47152;201500031311;0;7;0;0.0;9.0;8.0;1.0;B01
47153;201500031312;0;2;0;0.0;0.0;0.0;0.0;A01
47154;201500031314;0;33;0;0.0;2.0;0.0;0.0;B01
47155;201500031314;0;7;0;0.0;2.0;0.0;0.0;A01
47156;201500031315;0;7;0;0.0;1.0;3.0;0.0;A01
47157;201500031316;0;2;0;0.0;2.0;6.0;0.0;A01
47158;201500031316;0;7;0;0.0;2.0;0.0;0.0;B01
47159;201500031317;0;31;0;0.0;1.0;0.0;0.0;A01
47160;201500031318;0;2;0;1.0;0.0;1.0;1.0;A01
47161;201500031320;0;1;0;1.0;0.0;1.0;1.0;A01
47162;201500031321;0;2;0;0.0;1.0;1.0;0.0;A01
47163;201500031322;0;2;0;1.0;0.0;0.0;1.0;A01
47164;201500031323;0;7;0;12.0;0.0;1.0;0.0;A01
47165;201500031324;0;2;0;0.0;2.0;1.0;17.0;A01
47166;201500031324;0;7;0;0.0;9.0;1.0;0.0;B01
47167;201500031325;0;32;0;0.0;2.0;0.0;0.0;B01
47168;201500031325;0;7;0;0.0;2.0;0.0;0.0;A01
47169;201500031326;0;7;0;6.0;0.0;2.0;0.0;A01
47170;201500031327;0;32;0;0.0;0.0;0.0;15.0;A01
47171;201500031328;0;31;0;0.0;2.0;2.0;17.0;B01
47172;201500031328;0;7;0;0.0;9.0;3.0;15.0;A01
47173;201500031329;0;7;0;0.0;0.0;0.0;15.0;A01
47174;201500031329;0;34;0;0.0;0.0;0.0;1.0;B01
47175;201500031330;0;7;0;0.0;1.0;2.0;1.0;A01
47176;201500031331;0;7;0;6.0;0.0;1.0;1.0;A01
47177;201500031332;0;7;0;0.0;1.0;0.0;0.0;A01
47178;201500031333;0;1;0;0.0;2.0;0.0;0.0;B01
47179;201500031333;0;7;0;0.0;9.0;8.0;0.0;A01
47180;201500031334;0;34;0;0.0;2.0;0.0;0.0;B01
47181;201500031334;0;7;0;0.0;2.0;0.0;0.0;A01
47182;201500031335;0;7;0;0.0;2.0;8.0;16.0;B01
47183;201500031335;0;2;0;0.0;2.0;1.0;1.0;A01
47184;201500031336;0;31;0;0.0;2.0;0.0;0.0;C01
47185;201500031336;0;7;0;0.0;2.0;0.0;0.0;B01
47186;201500031336;0;7;0;0.0;2.0;0.0;0.0;A01
47187;201500031337;0;34;0;14.0;0.0;1.0;1.0;A01
47188;201500031338;0;7;0;6.0;0.0;1.0;14.0;A01
47189;201500031339;0;33;0;3.0;0.0;1.0;14.0;A01
47190;201500031340;0;7;0;8.0;0.0;0.0;0.0;A01
47191;201500031341;0;2;0;0.0;0.0;0.0;1.0;A01
47192;201500031342;0;2;0;0.0;2.0;1.0;1.0;B01
47193;201500031342;0;7;0;0.0;2.0;1.0;15.0;A01
47194;201500031343;0;7;0;0.0;2.0;4.0;2.0;A01
47195;201500031343;0;7;0;0.0;2.0;4.0;2.0;B01
47196;201500031344;0;7;0;0.0;2.0;1.0;1.0;A01
47197;201500031344;0;7;0;0.0;2.0;4.0;1.0;B01
47198;201500031344;0;7;0;0.0;2.0;4.0;1.0;C01
47199;201500031346;0;7;0;0.0;2.0;3.0;13.0;A01
47200;201500031346;0;30;0;0.0;2.0;2.0;1.0;B01
47201;201500031348;0;7;0;0.0;1.0;1.0;15.0;A01
47202;201500031350;0;2;0;0.0;2.0;1.0;1.0;B01
47203;201500031350;0;7;0;0.0;2.0;1.0;9.0;A01
47204;201500031351;0;7;0;0.0;2.0;6.0;1.0;A01
47205;201500031351;0;30;0;0.0;2.0;1.0;0.0;B01
47206;201500031352;0;10;0;0.0;1.0;4.0;4.0;A01
47207;201500031353;0;37;0;0.0;1.0;2.0;1.0;A01
47208;201500031354;0;7;0;0.0;9.0;1.0;2.0;A01
47209;201500031354;0;30;0;0.0;2.0;1.0;1.0;B01
47210;201500031355;0;30;0;0.0;1.0;1.0;0.0;A01
47211;201500031356;0;7;0;0.0;1.0;3.0;15.0;A01
47212;201500031357;0;7;0;0.0;2.0;2.0;1.0;A01
47213;201500031357;0;7;0;0.0;2.0;1.0;1.0;B01
47214;201500031358;0;33;0;0.0;2.0;3.0;1.0;B01
47215;201500031358;0;7;0;0.0;2.0;1.0;9.0;A01
47216;201500031359;0;2;0;0.0;2.0;4.0;2.0;B01
47217;201500031359;0;14;0;0.0;2.0;1.0;2.0;A01
47218;201500031361;0;7;0;0.0;2.0;6.0;11.0;A01
47219;201500031361;0;30;0;0.0;2.0;1.0;1.0;B01
47220;201500031362;0;7;0;0.0;2.0;1.0;1.0;A01
47221;201500031362;0;2;0;0.0;2.0;1.0;1.0;B01
47222;201500031363;0;7;0;0.0;2.0;1.0;9.0;A01
47223;201500031363;0;7;0;0.0;2.0;7.0;1.0;B01
47224;201500031364;0;7;0;0.0;2.0;1.0;5.0;A01
47225;201500031364;0;14;0;0.0;2.0;1.0;1.0;B01
47226;201500031365;0;1;0;0.0;2.0;1.0;15.0;A01
47227;201500031365;0;7;0;0.0;2.0;2.0;1.0;B01
47228;201500031366;0;7;0;0.0;1.0;1.0;1.0;A01
47229;201500031367;0;3;0;0.0;1.0;1.0;1.0;A01
47230;201500031370;0;1;0;0.0;2.0;1.0;1.0;B01
47231;201500031370;0;7;0;0.0;2.0;6.0;9.0;A01
47232;201500031371;0;30;0;0.0;2.0;1.0;15.0;A01
47233;201500031371;0;7;0;0.0;2.0;3.0;1.0;B01
47234;201500031373;0;2;0;0.0;2.0;1.0;1.0;B01
47235;201500031373;0;7;0;0.0;2.0;8.0;1.0;A01
47236;201500031374;0;7;0;0.0;2.0;1.0;15.0;A01
47237;201500031374;0;7;0;0.0;2.0;1.0;1.0;B01
47238;201500031375;0;7;0;0.0;1.0;8.0;4.0;A01
47239;201500031376;0;7;0;0.0;2.0;1.0;2.0;A01
47240;201500031376;0;7;0;0.0;2.0;4.0;23.0;B01
47241;201500031377;0;7;0;0.0;2.0;1.0;15.0;A01
47242;201500031377;0;30;0;0.0;2.0;1.0;1.0;B01
47243;201500031379;0;7;0;0.0;2.0;1.0;1.0;A01
47244;201500031379;0;7;0;0.0;2.0;4.0;1.0;B01
47245;201500031380;0;7;0;0.0;2.0;4.0;2.0;B01
47246;201500031380;0;7;0;0.0;2.0;1.0;2.0;A01
47247;201500031381;0;7;0;0.0;1.0;0.0;1.0;A01
47248;201500031382;0;31;0;0.0;2.0;1.0;1.0;B01
47249;201500031382;0;7;0;0.0;2.0;8.0;15.0;A01
47250;201500031384;0;7;0;0.0;2.0;5.0;2.0;B01
47251;201500031384;0;31;0;0.0;2.0;3.0;2.0;A01
47252;201500031386;0;37;0;0.0;1.0;2.0;7.0;A01
47253;201500031387;0;7;0;0.0;2.0;2.0;1.0;B01
47254;201500031387;0;7;0;0.0;2.0;3.0;1.0;A01
47255;201500031388;0;7;0;0.0;2.0;4.0;16.0;A01
47256;201500031388;0;1;0;0.0;2.0;0.0;0.0;B01
47257;201500031389;0;7;0;0.0;2.0;4.0;1.0;B01
47258;201500031389;0;7;0;0.0;2.0;1.0;1.0;A01
47259;201500031390;0;7;0;0.0;2.0;2.0;15.0;A01
47260;201500031390;0;30;0;0.0;2.0;3.0;1.0;B01
47261;201500031391;0;7;0;0.0;1.0;1.0;15.0;A01
47262;201500031392;0;7;0;0.0;2.0;4.0;2.0;B01
47263;201500031392;0;7;0;0.0;2.0;1.0;2.0;A01
47264;201500031393;0;7;0;0.0;1.0;1.0;15.0;A01
47265;201500031394;0;7;0;0.0;2.0;1.0;1.0;B01
47266;201500031394;0;7;0;0.0;2.0;2.0;15.0;A01
47267;201500031395;0;7;0;0.0;1.0;0.0;15.0;A01
47268;201500031396;0;7;0;0.0;2.0;4.0;2.0;C01
47269;201500031396;0;7;0;0.0;2.0;4.0;2.0;B01
47270;201500031396;0;7;0;0.0;2.0;1.0;2.0;A01
47271;201500031397;0;7;0;0.0;2.0;6.0;4.0;A01
47272;201500031397;0;30;0;0.0;2.0;1.0;1.0;B01
47273;201500031398;0;7;0;0.0;1.0;1.0;15.0;A01
47274;201500031399;0;7;0;0.0;2.0;3.0;1.0;B01
47275;201500031399;0;30;0;0.0;2.0;7.0;17.0;A01
47276;201500031400;0;7;0;0.0;2.0;1.0;2.0;A01
47277;201500031400;0;7;0;0.0;2.0;4.0;23.0;C01
47278;201500031400;0;7;0;0.0;2.0;4.0;23.0;B01
47279;201500031401;0;7;0;0.0;2.0;3.0;1.0;B01
47280;201500031401;0;7;0;0.0;2.0;1.0;10.0;A01
47281;201500031402;0;2;0;0.0;2.0;1.0;1.0;A01
47282;201500031402;0;7;0;0.0;2.0;2.0;15.0;B01
47283;201500031403;0;7;0;0.0;2.0;2.0;1.0;A01
47284;201500031403;0;1;0;0.0;2.0;4.0;1.0;B01
47285;201500031404;0;30;0;0.0;2.0;1.0;1.0;B01
47286;201500031404;0;7;0;0.0;2.0;2.0;15.0;A01
47287;201500031405;0;7;0;0.0;2.0;1.0;0.0;B01
47288;201500031405;0;2;0;0.0;2.0;1.0;0.0;A01
47289;201500031406;0;7;0;0.0;2.0;1.0;1.0;B01
47290;201500031406;0;7;0;0.0;2.0;8.0;15.0;A01
47291;201500031407;0;7;0;0.0;2.0;1.0;0.0;B01
47292;201500031407;0;7;0;0.0;2.0;1.0;1.0;A01
47293;201500031408;0;7;0;0.0;1.0;0.0;15.0;A01
47294;201500031409;0;7;0;0.0;2.0;1.0;15.0;A01
47295;201500031409;0;1;0;0.0;2.0;1.0;1.0;B01
47296;201500031411;0;7;0;0.0;2.0;1.0;1.0;A01