;Num_Acc;senc;catv;occutc;obs;obsm;choc;manv;num_veh
47719;201500031653;0;7;0;0.0;2.0;1.0;2.0;A01
47720;201500031653;0;7;0;0.0;2.0;4.0;1.0;C01
47721;201500031653;0;7;0;0.0;2.0;4.0;1.0;B01
47722;201500031654;0;10;0;0.0;2.0;3.0;9.0;A01
47723;201500031654;0;2;0;0.0;2.0;1.0;1.0;B01
47724;201500031655;0;31;0;13.0;0.0;7.0;14.0;A01
47725;201500031656;0;7;0;0.0;2.0;4.0;1.0;B01
47726;201500031656;0;2;0;0.0;2.0;1.0;2.0;A01
47727;201500031657;0;7;0;6.0;0.0;1.0;14.0;A01
47728;201500031658;0;7;0;0.0;2.0;3.0;0.0;A01
47729;201500031658;0;2;0;0.0;2.0;1.0;1.0;B01
47730;201500031659;0;7;0;0.0;2.0;4.0;16.0;B01
47731;201500031659;0;33;0;0.0;2.0;1.0;2.0;A01
47732;201500031660;0;33;0;0.0;2.0;7.0;1.0;B01
47733;201500031660;0;7;0;0.0;2.0;6.0;9.0;A01
47734;201500031661;0;7;0;0.0;2.0;3.0;9.0;A01
47735;201500031661;0;7;0;0.0;2.0;1.0;1.0;B01
47736;201500031662;0;7;0;0.0;2.0;3.0;13.0;A01
47737;201500031662;0;7;0;0.0;2.0;3.0;1.0;B01
47738;201500031663;0;7;0;0.0;2.0;2.0;11.0;A01
47739;201500031663;0;7;0;0.0;2.0;8.0;11.0;B01
47740;201500031664;0;33;0;0.0;2.0;1.0;1.0;B01
47741;201500031664;0;7;0;0.0;2.0;3.0;9.0;A01
47742;201500031665;0;7;0;0.0;2.0;1.0;1.0;B01
47743;201500031665;0;7;0;0.0;2.0;1.0;15.0;A01
47744;201500031666;0;7;0;0.0;2.0;1.0;1.0;B01
47745;201500031666;0;7;0;0.0;2.0;1.0;1.0;A01
47746;201500031667;0;33;0;1.0;0.0;1.0;1.0;B01
47747;201500031667;0;7;0;0.0;2.0;0.0;15.0;A01
47748;201500031668;0;7;0;0.0;2.0;2.0;9.0;A01
47749;201500031668;0;32;0;0.0;2.0;1.0;1.0;B01
47750;201500031669;0;7;0;0.0;2.0;4.0;1.0;B01
47751;201500031669;0;2;0;0.0;2.0;1.0;2.0;A01
47752;201500031670;0;7;0;0.0;2.0;2.0;15.0;B01
47753;201500031670;0;32;0;0.0;2.0;1.0;17.0;A01
47754;201500031671;0;7;0;0.0;1.0;0.0;0.0;A01
47755;201500031672;0;7;0;0.0;2.0;8.0;15.0;A01
47756;201500031672;0;7;0;0.0;2.0;1.0;1.0;B01
47757;201500031673;0;7;0;0.0;2.0;3.0;1.0;A01
47758;201500031673;0;7;0;0.0;2.0;0.0;0.0;B01
47759;201500031674;0;10;0;0.0;2.0;4.0;1.0;B01
47760;201500031674;0;30;0;0.0;2.0;1.0;2.0;A01
47761;201500031676;0;2;0;0.0;2.0;1.0;2.0;A01
47762;201500031676;0;7;0;0.0;2.0;4.0;1.0;B01
47763;201500031678;0;33;0;0.0;2.0;1.0;1.0;C01
47764;201500031678;0;33;0;0.0;2.0;1.0;2.0;A01
47765;201500031678;0;7;0;0.0;2.0;4.0;15.0;B01
47766;201500031680;0;10;0;0.0;2.0;3.0;9.0;A01
47767;201500031680;0;33;0;0.0;0.0;0.0;0.0;B01
47768;201500031681;0;2;0;0.0;2.0;1.0;13.0;A01
47769;201500031681;0;7;0;0.0;2.0;1.0;1.0;B01
47770;201500031682;0;7;0;0.0;1.0;1.0;17.0;A01
47771;201500031683;0;30;0;0.0;2.0;1.0;17.0;A01
47772;201500031683;0;7;0;0.0;2.0;8.0;0.0;B01
47773;201500031684;0;7;0;0.0;2.0;3.0;13.0;A01
47774;201500031684;0;7;0;0.0;2.0;3.0;1.0;B01
47775;201500031685;0;7;0;0.0;2.0;1.0;13.0;A01
47776;201500031685;0;7;0;0.0;2.0;1.0;1.0;B01
47777;201500031686;0;7;0;0.0;2.0;2.0;16.0;A01
47778;201500031686;0;32;0;0.0;2.0;8.0;1.0;B01
47779;201500031687;0;7;0;0.0;2.0;4.0;1.0;B01
47780;201500031687;0;31;0;0.0;2.0;1.0;2.0;A01
47781;201500031688;0;2;0;0.0;2.0;1.0;17.0;B01
47782;201500031688;0;7;0;0.0;2.0;3.0;9.0;A01
47783;201500031689;0;37;0;0.0;1.0;8.0;9.0;A01
47784;201500031690;0;7;0;0.0;1.0;1.0;1.0;A01
47785;201500031691;0;2;0;0.0;2.0;1.0;1.0;B01
47786;201500031691;0;7;0;0.0;2.0;3.0;15.0;A01
47787;201500031693;0;7;0;0.0;2.0;2.0;9.0;A01
47788;201500031693;0;7;0;0.0;2.0;3.0;1.0;B01
47789;201500031694;0;32;0;0.0;2.0;7.0;16.0;B01
47790;201500031694;0;7;0;0.0;2.0;6.0;15.0;A01
47791;201500031695;0;7;0;0.0;2.0;1.0;1.0;B01
47792;201500031695;0;7;0;0.0;2.0;2.0;9.0;A01
47793;201500031696;0;7;0;0.0;2.0;1.0;2.0;A01
47794;201500031696;0;7;0;0.0;2.0;4.0;1.0;B01
47795;201500031697;0;7;0;0.0;1.0;1.0;9.0;A01
47796;201500031698;0;7;0;0.0;1.0;7.0;1.0;A01
47797;201500031699;0;2;0;0.0;2.0;1.0;1.0;B01
47798;201500031699;0;7;0;0.0;2.0;3.0;9.0;A01
47799;201500031700;0;2;0;0.0;2.0;1.0;1.0;B01
47800;201500031700;0;7;0;0.0;2.0;3.0;15.0;A01
47801;201500031701;0;7;0;0.0;2.0;4.0;1.0;C01
47802;201500031701;0;7;0;0.0;2.0;1.0;2.0;B01
47803;201500031701;0;7;0;0.0;2.0;1.0;2.0;A01
47804;201500031702;0;2;0;0.0;2.0;1.0;2.0;A01
47805;201500031702;0;7;0;0.0;2.0;4.0;1.0;B01
47806;201500031703;0;10;0;0.0;2.0;1.0;1.0;A01
47807;201500031703;0;30;0;16.0;0.0;0.0;1.0;B01
47808;201500031704;0;7;0;0.0;2.0;1.0;1.0;A01
47809;201500031704;0;1;0;0.0;0.0;0.0;0.0;B01
47810;201500031705;0;15;0;0.0;1.0;1.0;1.0;A01
47811;201500031706;0;7;0;0.0;1.0;2.0;1.0;A01
47812;201500031707;0;7;0;0.0;2.0;1.0;10.0;A01
47813;201500031707;0;33;0;0.0;0.0;0.0;0.0;B01
47814;201500031708;0;7;0;0.0;2.0;7.0;15.0;B01
47815;201500031708;0;33;0;0.0;2.0;1.0;1.0;A01
47816;201500031709;0;7;0;0.0;1.0;1.0;1.0;A01
47817;201500031710;0;7;0;0.0;2.0;3.0;1.0;B01
47818;201500031710;0;33;0;0.0;2.0;3.0;17.0;A01
47819;201500031711;0;7;0;0.0;0.0;0.0;0.0;B01
47820;201500031711;0;30;0;0.0;2.0;1.0;2.0;A01
47821;201500031712;0;7;0;0.0;2.0;3.0;15.0;B01
47822;201500031712;0;2;0;0.0;2.0;2.0;17.0;A01
47823;201500031713;0;7;0;0.0;2.0;2.0;1.0;B01
47824;201500031713;0;2;0;0.0;2.0;1.0;1.0;A01
47825;201500031714;0;7;0;0.0;2.0;3.0;9.0;A01
47826;201500031714;0;7;0;0.0;2.0;8.0;15.0;B01
47827;201500031715;0;7;0;0.0;2.0;1.0;9.0;B01
47828;201500031715;0;2;0;0.0;2.0;1.0;17.0;A01
47829;201500031717;0;32;0;0.0;2.0;7.0;17.0;A01
47830;201500031717;0;7;0;0.0;2.0;8.0;1.0;B01
47831;201500031719;0;2;0;0.0;2.0;1.0;17.0;A01
47832;201500031719;0;7;0;0.0;2.0;3.0;15.0;B01
47833;201500031720;0;31;0;0.0;2.0;1.0;2.0;A01
47834;201500031720;0;7;0;0.0;0.0;0.0;0.0;B01
47835;201500031721;0;7;0;0.0;2.0;1.0;1.0;B01
47836;201500031721;0;7;0;0.0;2.0;1.0;19.0;A01
47837;201500031722;0;7;0;0.0;2.0;3.0;15.0;A01
47838;201500031722;0;30;0;0.0;2.0;1.0;17.0;B01
47839;201500031723;0;7;0;0.0;2.0;4.0;1.0;B01
47840;201500031723;0;30;0;0.0;2.0;1.0;2.0;A01
47841;201500031724;0;7;0;0.0;2.0;1.0;1.0;B01
47842;201500031724;0;33;0;0.0;2.0;1.0;15.0;A01
47843;201500031725;0;30;0;0.0;2.0;1.0;2.0;A01
47844;201500031725;0;7;0;0.0;0.0;0.0;0.0;B01
47845;201500031725;0;7;0;0.0;2.0;1.0;1.0;D01
47846;201500031725;0;7;0;0.0;2.0;1.0;2.0;C01
47847;201500031726;0;7;0;0.0;2.0;4.0;1.0;B01
47848;201500031726;0;7;0;0.0;2.0;1.0;1.0;A01
47849;201500031727;0;33;0;0.0;2.0;1.0;1.0;B01
47850;201500031727;0;7;0;0.0;2.0;2.0;9.0;A01
47851;201500031728;0;7;0;0.0;2.0;2.0;1.0;B01
47852;201500031728;0;7;0;0.0;2.0;3.0;9.0;A01
47853;201500031729;0;2;0;0.0;2.0;1.0;1.0;B01
47854;201500031729;0;7;0;0.0;2.0;3.0;9.0;A01
47855;201500031730;0;10;0;0.0;2.0;4.0;1.0;B01
47856;201500031730;0;30;0;0.0;2.0;1.0;2.0;A01
47857;201500031731;0;10;0;0.0;1.0;2.0;1.0;A01
47858;201500031732;0;30;0;0.0;2.0;1.0;2.0;A01
47859;201500031732;0;7;0;0.0;2.0;4.0;1.0;B01
47860;201500031733;0;7;0;0.0;2.0;3.0;19.0;A01
47861;201500031733;0;2;0;0.0;2.0;1.0;1.0;B01
47862;201500031735;0;7;0;0.0;2.0;6.0;10.0;A01
47863;201500031735;0;33;0;0.0;2.0;2.0;1.0;B01
47864;201500031736;0;7;0;0.0;2.0;1.0;1.0;A01
47865;201500031736;0;7;0;0.0;2.0;4.0;0.0;B01
47866;201500031737;0;33;0;0.0;0.0;0.0;0.0;A01
47867;201500031738;0;7;0;0.0;2.0;8.0;15.0;A01
47868;201500031738;0;33;0;0.0;2.0;1.0;17.0;B01
47869;201500031739;0;7;0;0.0;1.0;1.0;1.0;A01
47870;201500031740;0;7;0;0.0;2.0;1.0;19.0;B01
47871;201500031740;0;34;0;0.0;2.0;7.0;17.0;A01
47872;201500031741;0;33;0;8.0;0.0;2.0;14.0;A01
47873;201500031742;0;7;0;0.0;2.0;2.0;15.0;A01
47874;201500031742;0;30;0;0.0;2.0;8.0;0.0;B01
47875;201500031743;0;31;0;0.0;2.0;3.0;2.0;B01
47876;201500031743;0;30;0;0.0;2.0;2.0;2.0;A01
47877;201500031744;0;10;0;0.0;2.0;3.0;23.0;B01
47878;201500031744;0;33;0;0.0;2.0;1.0;17.0;A01
47879;201500031745;0;7;0;0.0;2.0;2.0;1.0;B01
47880;201500031745;0;7;0;0.0;2.0;3.0;9.0;A01
47881;201500031746;0;7;0;0.0;2.0;1.0;21.0;B01
47882;201500031746;0;7;0;0.0;2.0;1.0;15.0;A01
47883;201500031747;0;32;0;0.0;2.0;1.0;1.0;B01
47884;201500031747;0;7;0;0.0;2.0;2.0;5.0;A01
47885;201500031748;0;7;0;0.0;2.0;1.0;1.0;B01
47886;201500031748;0;7;0;0.0;2.0;3.0;9.0;A01
47887;201500031749;0;31;0;0.0;2.0;1.0;1.0;B01
47888;201500031749;0;7;0;0.0;2.0;3.0;9.0;A01
47889;201500031749;0;7;0;0.0;2.0;1.0;1.0;C01
47890;201500031750;0;33;0;0.0;2.0;1.0;1.0;B01
47891;201500031750;0;13;0;0.0;2.0;7.0;15.0;A01
47892;201500031751;0;7;0;0.0;0.0;0.0;0.0;B01
47893;201500031751;0;7;0;0.0;2.0;1.0;2.0;A01
47894;201500031752;0;7;0;0.0;2.0;4.0;1.0;B01
47895;201500031752;0;7;0;0.0;2.0;1.0;2.0;A01
47896;201500031753;0;7;0;0.0;2.0;4.0;2.0;C01
47897;201500031753;0;10;0;0.0;0.0;0.0;0.0;D01
47898;201500031753;0;7;0;0.0;2.0;4.0;2.0;A01
47899;201500031753;0;7;0;0.0;2.0;4.0;2.0;B01
47900;201500031754;0;7;0;0.0;2.0;6.0;15.0;B01
47901;201500031754;0;2;0;0.0;2.0;1.0;2.0;A01
47902;201500031755;0;7;0;0.0;1.0;2.0;1.0;A01
47903;201500031756;0;7;0;0.0;2.0;4.0;1.0;B01
47904;201500031756;0;7;0;0.0;2.0;1.0;2.0;A01
47905;201500031757;0;2;0;0.0;2.0;1.0;2.0;A01
47906;201500031757;0;7;0;0.0;2.0;4.0;1.0;B01
47907;201500031759;0;30;0;0.0;2.0;8.0;1.0;B01
47908;201500031759;0;7;0;0.0;2.0;7.0;17.0;A01
47909;201500031760;0;7;0;0.0;2.0;1.0;2.0;A01
47910;201500031760;0;20;0;0.0;2.0;4.0;23.0;B01
47911;201500031761;0;7;0;0.0;1.0;1.0;1.0;A01
47912;201500031762;0;7;0;0.0;1.0;3.0;0.0;A01
47913;201500031763;0;7;0;0.0;2.0;9.0;2.0;B01
47914;201500031763;0;7;0;0.0;2.0;1.0;2.0;A01
47915;201500031763;0;7;0;0.0;2.0;4.0;2.0;C01
47916;201500031764;0;7;0;0.0;2.0;4.0;2.0;B01
47917;201500031764;0;7;0;0.0;2.0;4.0;2.0;A01
47918;201500031765;0;7;0;0.0;1.0;1.0;1.0;A01
47919;201500031766;0;7;0;0.0;1.0;0.0;0.0;A01
47920;201500031767;0;7;0;0.0;1.0;5.0;0.0;A01
47921;201500031768;0;7;0;0.0;0.0;0.0;0.0;A01
47922;201500031768;0;30;0;0.0;2.0;1.0;1.0;B01
47923;201500031769;0;7;0;0.0;2.0;2.0;10.0;A01
47924;201500031769;0;33;0;16.0;2.0;8.0;1.0;B01
47925;201500031770;0;7;0;0.0;0.0;0.0;0.0;B01
47926;201500031770;0;7;0;0.0;2.0;1.0;1.0;A01
47927;201500031771;0;7;0;0.0;2.0;4.0;1.0;B01
47928;201500031771;0;7;0;0.0;2.0;1.0;1.0;A01
47929;201500031772;0;7;0;6.0;0.0;1.0;15.0;A01
47930;201500031773;0;33;0;0.0;2.0;1.0;1.0;B01
47931;201500031773;0;7;0;0.0;2.0;3.0;15.0;A01
47932;201500031774;0;7;0;0.0;2.0;1.0;2.0;A01
47933;201500031774;0;31;0;0.0;2.0;4.0;23.0;B01
47934;201500031775;0;7;0;0.0;1.0;8.0;1.0;A01
47935;201500031777;0;37;1;0.0;1.0;2.0;1.0;A01
47936;201500031779;0;7;0;0.0;0.0;0.0;0.0;A01
47937;201500031780;0;7;0;0.0;1.0;2.0;1.0;A01
47938;201500031781;0;7;0;0.0;2.0;6.0;2.0;B01
47939;201500031781;0;2;0;0.0;2.0;6.0;2.0;A01
47940;201500031782;0;10;0;0.0;2.0;1.0;2.0;A01
47941;201500031782;0;7;0;0.0;0.0;4.0;1.0;C01
47942;201500031782;0;7;0;0.0;2.0;4.0;1.0;B01
47943;201500031783;0;7;0;0.0;2.0;2.0;2.0;B01
47944;201500031783;0;7;0;0.0;2.0;0.0;9.0;A01
47945;201500031784;0;7;0;0.0;2.0;7.0;1.0;B01
47946;201500031784;0;1;0;0.0;2.0;8.0;15.0;A01
47947;201500031785;0;1;0;0.0;0.0;0.0;0.0;B01
47948;201500031785;0;7;0;0.0;2.0;6.0;4.0;A01
47949;201500031786;0;7;0;0.0;2.0;1.0;13.0;A01
47950;201500031786;0;7;0;0.0;2.0;1.0;1.0;B01
47951;201500031787;0;7;0;0.0;2.0;1.0;2.0;A01
47952;201500031787;0;7;0;0.0;2.0;1.0;2.0;B01
47953;201500031787;0;7;0;0.0;0.0;5.0;2.0;C01
47954;201500031788;0;7;0;0.0;2.0;2.0;1.0;B01
47955;201500031788;0;7;0;0.0;2.0;2.0;13.0;A01
47956;201500031789;0;7;0;0.0;2.0;1.0;13.0;A01
47957;201500031789;0;7;0;0.0;2.0;1.0;1.0;B01
47958;201500031790;0;7;0;0.0;1.0;1.0;1.0;A01
47959;201500031791;0;7;0;6.0;2.0;7.0;1.0;B01
47960;201500031791;0;10;0;0.0;2.0;1.0;23.0;C01
47961;201500031791;0;14;0;0.0;2.0;1.0;1.0;A01
47962;201500031792;0;7;0;0.0;2.0;3.0;9.0;A01
47963;201500031792;0;1;0;0.0;2.0;1.0;15.0;B01
47964;201500031793;0;7;0;0.0;0.0;0.0;0.0;A01
47965;201500031793;0;7;0;0.0;0.0;0.0;0.0;B01
47966;201500031794;0;7;0;0.0;2.0;4.0;2.0;B01
47967;201500031794;0;7;0;0.0;2.0;1.0;2.0;A01
47968;201500031795;0;7;0;0.0;2.0;1.0;2.0;A01
47969;201500031795;0;7;0;0.0;2.0;4.0;23.0;C01
47970;201500031795;0;30;0;0.0;2.0;4.0;23.0;B01
47971;201500031796;0;7;0;0.0;2.0;1.0;1.0;B01
47972;201500031796;0;7;0;0.0;2.0;8.0;19.0;A01
47973;201500031797;0;7;0;0.0;1.0;2.0;16.0;A01
47974;201500031799;0;1;0;0.0;2.0;1.0;0.0;B01
47975;201500031799;0;7;0;0.0;2.0;3.0;0.0;A01
47976;201500031800;0;10;0;0.0;2.0;3.0;1.0;B01
47977;201500031800;0;7;0;0.0;2.0;7.0;19.0;A01
47978;201500031801;0;7;0;0.0;1.0;0.0;0.0;A01
47979;201500031802;0;7;0;0.0;1.0;3.0;15.0;A01
47980;201500031803;0;7;0;0.0;0.0;2.0;1.0;A01
47981;201500031804;0;7;0;14.0;2.0;1.0;19.0;A01
47982;201500031804;0;7;0;0.0;2.0;3.0;19.0;B01
47983;201500031805;0;33;0;0.0;2.0;1.0;17.0;A01
47984;201500031805;0;7;0;0.0;2.0;5.0;15.0;B01
47985;201500031806;0;7;0;0.0;1.0;3.0;0.0;A01
47986;201500031807;0;7;0;2.0;0.0;1.0;15.0;A01
47987;201500031808;0;7;0;0.0;2.0;1.0;1.0;B01
47988;201500031808;0;7;0;0.0;1.0;2.0;0.0;A01
47989;201500031809;0;30;0;1.0;2.0;1.0;17.0;B01
47990;201500031809;0;7;0;0.0;2.0;3.0;15.0;A01
47991;201500031810;0;7;0;0.0;2.0;4.0;2.0;B01
47992;201500031810;0;30;0;0.0;2.0;1.0;2.0;A01
47993;201500031811;0;7;0;0.0;2.0;1.0;5.0;A01
47994;201500031811;0;7;0;0.0;2.0;1.0;1.0;B01
47995;201500031812;0;7;0;0.0;2.0;1.0;15.0;A01
47996;201500031812;0;33;0;0.0;2.0;8.0;15.0;B01
47997;201500031813;0;7;0;0.0;2.0;1.0;13.0;A01
47998;201500031813;0;7;0;0.0;2.0;1.0;1.0;B01
47999;201500031814;0;2;0;0.0;2.0;8.0;1.0;B01
48000;201500031814;0;7;0;0.0;2.0;2.0;15.0;A01
48001;201500031816;0;7;0;0.0;2.0;7.0;15.0;B01
48002;201500031816;0;30;0;0.0;2.0;1.0;1.0;A01
48003;201500031817;0;7;0;0.0;0.0;0.0;0.0;B01
48004;201500031817;0;7;0;0.0;2.0;2.0;1.0;A01
48005;201500031818;0;7;0;0.0;1.0;4.0;4.0;A01
48006;201500031819;0;7;0;0.0;2.0;8.0;1.0;B01
48007;201500031819;0;7;0;7.0;2.0;1.0;9.0;A01
48008;201500031820;1;7;0;0.0;2.0;0.0;5.0;A01
48009;201500031820;0;7;0;0.0;2.0;7.0;1.0;B01
48010;201500031822;0;7;0;0.0;1.0;1.0;15.0;A01
48011;201500031823;0;7;0;6.0;0.0;1.0;13.0;A01
48012;201500031824;0;14;0;0.0;2.0;7.0;16.0;B01
48013;201500031824;0;33;0;0.0;2.0;1.0;0.0;A01
48014;201500031825;0;7;0;0.0;1.0;0.0;0.0;A01
48015;201500031826;0;7;0;0.0;2.0;1.0;19.0;A01
48016;201500031826;0;7;0;0.0;2.0;7.0;1.0;B01
48017;201500031827;0;7;0;0.0;1.0;2.0;1.0;A01
48018;201500031828;0;7;0;13.0;0.0;9.0;0.0;A01
48019;201500031829;0;7;0;0.0;2.0;1.0;1.0;B01
48020;201500031829;0;7;0;0.0;2.0;1.0;19.0;A01
48021;201500031830;0;33;0;0.0;2.0;8.0;1.0;B01
48022;201500031830;0;7;0;0.0;2.0;1.0;15.0;A01
48023;201500031831;0;7;0;0.0;0.0;0.0;0.0;B01
48024;201500031831;0;7;0;0.0;2.0;3.0;1.0;A01
48025;201500031832;0;7;0;1.0;1.0;2.0;0.0;A01
48026;201500031833;0;7;0;0.0;2.0;7.0;1.0;B01
48027;201500031833;0;10;0;13.0;2.0;3.0;16.0;A01
48028;201500031836;0;7;0;0.0;2.0;1.0;2.0;A01
48029;201500031836;0;7;0;0.0;2.0;4.0;2.0;C01
48030;201500031836;0;7;0;0.0;2.0;9.0;2.0;B01
48031;201500031837;0;7;0;0.0;2.0;9.0;2.0;B01
48032;201500031837;0;7;0;0.0;2.0;1.0;2.0;A01
48033;201500031838;0;7;0;0.0;1.0;3.0;1.0;A01
48034;201500031839;0;7;0;0.0;2.0;1.0;2.0;A01
48035;201500031839;0;7;0;0.0;2.0;1.0;1.0;D01
48036;201500031839;0;7;0;0.0;2.0;1.0;1.0;C01
48037;201500031839;0;10;0;0.0;2.0;9.0;2.0;B01
48038;201500031840;0;7;0;0.0;2.0;3.0;1.0;B01
48039;201500031840;0;7;0;0.0;2.0;2.0;13.0;A01
48040;201500031841;0;7;0;0.0;2.0;3.0;1.0;B01
48041;201500031841;0;7;0;0.0;2.0;3.0;13.0;A01
48042;201500031842;0;7;0;0.0;2.0;3.0;15.0;A01
48043;201500031842;0;33;0;0.0;2.0;1.0;17.0;B01
48044;201500031844;0;7;0;0.0;2.0;2.0;1.0;B01
48045;201500031844;0;7;0;0.0;2.0;2.0;15.0;A01
48046;201500031845;0;7;0;0.0;2.0;3.0;15.0;B01
48047;201500031845;0;7;0;0.0;2.0;1.0;17.0;A01
48048;201500031846;0;37;1;0.0;2.0;2.0;1.0;B01
48049;201500031846;0;7;0;15.0;2.0;7.0;15.0;A01
48050;201500031847;0;7;0;0.0;1.0;1.0;2.0;A01
48051;201500031848;0;7;0;0.0;2.0;6.0;1.0;C01
48052;201500031848;0;7;0;0.0;2.0;1.0;5.0;A01
48053;201500031848;0;7;0;0.0;2.0;1.0;0.0;B01
48054;201500031849;0;7;0;0.0;2.0;7.0;15.0;A01
48055;201500031849;0;33;0;0.0;2.0;1.0;0.0;B01
48056;201500031850;0;1;0;1.0;0.0;1.0;1.0;B01
48057;201500031850;0;7;0;0.0;2.0;8.0;22.0;A01
48058;201500031851;0;7;0;0.0;2.0;3.0;1.0;B01
48059;201500031851;0;1;0;0.0;2.0;0.0;19.0;A01
48060;201500031852;0;34;0;0.0;2.0;8.0;1.0;B01
48061;201500031852;0;7;0;0.0;2.0;2.0;19.0;A01
48062;201500031853;0;7;0;0.0;0.0;0.0;0.0;C01
48063;201500031853;0;7;0;0.0;0.0;0.0;0.0;A01
48064;201500031853;0;7;0;0.0;0.0;0.0;0.0;B01
48065;201500031854;0;7;0;0.0;1.0;1.0;1.0;A01
48066;201500031855;0;33;0;0.0;2.0;1.0;1.0;B01
48067;201500031855;0;7;0;0.0;2.0;3.0;17.0;A01
48068;201500031856;0;7;0;0.0;2.0;1.0;1.0;B01
48069;201500031856;0;1;0;0.0;2.0;3.0;15.0;A01
48070;201500031857;0;15;0;0.0;2.0;1.0;2.0;A01
48071;201500031857;0;7;0;0.0;2.0;4.0;2.0;B01
48072;201500031858;0;33;0;0.0;2.0;1.0;1.0;B01
48073;201500031858;0;7;0;0.0;2.0;3.0;15.0;A01
48074;201500031859;0;7;0;0.0;2.0;3.0;0.0;B01
48075;201500031859;0;1;0;0.0;0.0;0.0;0.0;A01
48076;201500031860;0;1;0;0.0;2.0;1.0;17.0;A01
48077;201500031860;0;7;0;0.0;2.0;3.0;1.0;B01
48078;201500031860;0;13;0;0.0;0.0;0.0;17.0;C01
48079;201500031861;0;7;0;0.0;2.0;3.0;15.0;B01
48080;201500031861;0;7;0;0.0;2.0;3.0;1.0;A01
48081;201500031862;0;7;0;0.0;2.0;4.0;15.0;B01
48082;201500031862;0;37;1;0.0;2.0;1.0;1.0;A01
48083;201500031863;0;7;0;0.0;1.0;2.0;1.0;A01
48084;201500031864;0;10;0;0.0;2.0;3.0;19.0;A01
48085;201500031864;0;33;0;0.0;2.0;8.0;1.0;B01
48086;201500031865;0;7;0;0.0;1.0;1.0;1.0;A01
48087;201500031866;0;7;0;0.0;2.0;2.0;15.0;A01
48088;201500031866;0;30;0;0.0;2.0;8.0;1.0;B01
48089;201500031867;0;7;0;0.0;2.0;1.0;19.0;A01
48090;201500031867;0;32;0;0.0;2.0;1.0;1.0;B01
48091;201500031868;0;1;0;0.0;2.0;0.0;1.0;B01
48092;201500031868;0;7;0;0.0;2.0;0.0;9.0;A01
48093;201500031869;0;7;0;0.0;2.0;6.0;23.0;B01
48094;201500031869;0;30;0;0.0;2.0;2.0;0.0;A01
48095;201500031870;0;10;0;0.0;2.0;1.0;2.0;A01
48096;201500031870;0;7;0;0.0;2.0;4.0;2.0;B01
48097;201500031871;0;7;0;0.0;1.0;7.0;0.0;A01
48098;201500031872;0;1;0;0.0;1.0;0.0;0.0;A01
48099;201500031873;0;7;0;0.0;1.0;1.0;15.0;A01
48100;201500031874;0;7;0;0.0;2.0;2.0;15.0;B01
48101;201500031874;0;30;0;0.0;2.0;1.0;15.0;A01
48102;201500031875;0;7;0;0.0;2.0;8.0;1.0;B01
48103;201500031875;0;7;0;0.0;2.0;8.0;1.0;A01
48104;201500031876;0;1;0;0.0;0.0;0.0;0.0;B01
48105;201500031876;0;7;0;0.0;2.0;0.0;0.0;A01
48106;201500031877;0;7;0;0.0;2.0;2.0;1.0;B01
48107;201500031877;0;7;0;0.0;2.0;7.0;19.0;A01
48108;201500031878;0;7;0;0.0;2.0;3.0;15.0;A01
48109;201500031878;0;30;0;0.0;2.0;1.0;1.0;B01
48110;201500031879;0;7;0;0.0;2.0;1.0;2.0;A01
48111;201500031879;0;7;0;0.0;0.0;6.0;2.0;B01
48112;201500031880;0;7;0;0.0;1.0;2.0;12.0;A01
48113;201500031881;0;7;0;0.0;2.0;2.0;9.0;A01
48114;201500031881;0;1;0;0.0;0.0;0.0;0.0;B01
48115;201500031882;0;7;0;0.0;2.0;7.0;15.0;A01
48116;201500031882;0;1;0;0.0;2.0;1.0;1.0;B01
48117;201500031884;0;7;0;0.0;1.0;8.0;1.0;A01
48118;201500031886;0;33;0;0.0;1.0;1.0;1.0;A01
48119;201500031887;0;7;0;0.0;1.0;1.0;16.0;A01
48120;201500031888;0;14;0;0.0;1.0;2.0;16.0;A01
48121;201500031889;0;7;0;0.0;2.0;3.0;1.0;A01
48122;201500031889;0;7;0;0.0;2.0;6.0;0.0;B01
48123;201500031891;0;7;0;0.0;2.0;3.0;13.0;A01
48124;201500031891;0;7;0;0.0;2.0;3.0;1.0;B01
48125;201500031892;0;30;0;0.0;1.0;1.0;1.0;A01
48126;201500031894;0;7;0;0.0;1.0;1.0;1.0;A01
48127;201500031895;0;33;0;4.0;0.0;7.0;1.0;A01
48128;201500031897;0;30;0;0.0;2.0;1.0;2.0;A01
48129;201500031897;0;7;0;0.0;2.0;4.0;2.0;B01
48130;201500031898;0;30;0;0.0;2.0;4.0;2.0;B01
48131;201500031898;0;7;0;0.0;2.0;1.0;2.0;A01
48132;201500031899;0;7;0;6.0;0.0;1.0;14.0;A01
48133;201500031900;0;7;0;0.0;1.0;2.0;1.0;A01
48134;201500031901;0;7;0;0.0;0.0;4.0;23.0;C01
48135;201500031901;0;7;0;0.0;2.0;1.0;0.0;A01
48136;201500031901;0;7;0;0.0;2.0;9.0;23.0;B01
48137;201500031902;0;7;0;0.0;1.0;2.0;1.0;A01
48138;201500031903;0;7;0;0.0;2.0;3.0;1.0;B01