;Num_Acc;senc;catv;occutc;obs;obsm;choc;manv;num_veh
48560;201500032175;0;7;0;0.0;2.0;2.0;15.0;A01
48561;201500032175;0;7;0;0.0;2.0;1.0;1.0;B01
48562;201500032176;0;31;0;0.0;1.0;1.0;1.0;A01
48563;201500032177;0;33;0;1.0;2.0;7.0;1.0;B01
48564;201500032177;0;7;0;0.0;2.0;3.0;1.0;A01
48565;201500032178;0;7;0;0.0;2.0;1.0;15.0;A01
48566;201500032178;0;2;0;0.0;2.0;1.0;0.0;B01
48567;201500032180;0;15;0;0.0;1.0;4.0;1.0;A01
48568;201500032181;1;7;0;0.0;1.0;3.0;16.0;A01
48569;201500032182;0;1;0;0.0;2.0;1.0;0.0;B01
48570;201500032182;0;7;0;0.0;2.0;3.0;1.0;A01
48571;201500032183;0;7;0;0.0;2.0;1.0;1.0;B01
48572;201500032183;0;10;0;0.0;2.0;8.0;19.0;A01
48573;201500032185;0;7;0;0.0;1.0;2.0;1.0;A01
48574;201500032186;2;7;0;0.0;2.0;1.0;1.0;Z01
48575;201500032186;0;7;0;0.0;2.0;4.0;1.0;B01
48576;201500032187;0;31;0;0.0;2.0;7.0;1.0;B01
48577;201500032187;0;7;0;0.0;2.0;7.0;1.0;A01
48578;201500032188;0;7;0;0.0;1.0;1.0;1.0;A01
48579;201500032189;0;7;0;0.0;1.0;1.0;1.0;A01
48580;201500032190;0;1;0;0.0;2.0;1.0;1.0;A01
48581;201500032190;0;7;0;0.0;2.0;3.0;1.0;B01
48582;201500032191;0;7;0;0.0;2.0;1.0;0.0;B01
48583;201500032191;0;1;0;0.0;2.0;3.0;1.0;A01
48584;201500032192;0;7;0;0.0;2.0;8.0;1.0;B01
48585;201500032192;0;30;0;0.0;2.0;1.0;1.0;A01
48586;201500032193;0;7;0;0.0;1.0;3.0;1.0;A01
48587;201500032194;1;7;0;0.0;1.0;3.0;1.0;Z01
48588;201500032195;0;7;0;0.0;1.0;1.0;16.0;A01
48589;201500032197;0;37;1;0.0;1.0;1.0;1.0;A01
48590;201500032198;0;7;0;0.0;2.0;7.0;15.0;A01
48591;201500032198;0;34;0;0.0;2.0;8.0;16.0;B01
48592;201500032199;0;7;0;8.0;0.0;1.0;1.0;A01
48593;201500032200;0;1;0;0.0;2.0;1.0;1.0;B01
48594;201500032200;0;7;0;0.0;2.0;3.0;15.0;A01
48595;201500032201;0;30;0;0.0;1.0;7.0;21.0;A01
48596;201500032202;0;37;0;0.0;2.0;1.0;1.0;B01
48597;201500032202;0;7;0;0.0;2.0;1.0;14.0;A01
48598;201500032203;0;7;0;0.0;2.0;7.0;1.0;A01
48599;201500032203;0;7;0;0.0;2.0;1.0;1.0;B01
48600;201500032204;0;7;0;0.0;1.0;1.0;1.0;A01
48601;201500032205;0;1;0;0.0;2.0;8.0;19.0;A01
48602;201500032205;0;7;0;0.0;2.0;1.0;1.0;B01
48603;201500032206;0;7;0;0.0;2.0;3.0;1.0;A01
48604;201500032207;0;7;0;0.0;2.0;6.0;15.0;A01
48605;201500032207;0;33;0;0.0;2.0;1.0;1.0;B01
48606;201500032208;0;7;0;0.0;1.0;0.0;1.0;A01
48607;201500032209;0;7;0;0.0;1.0;1.0;1.0;A01
48608;201500032210;1;7;0;0.0;2.0;7.0;17.0;Z01
48609;201500032210;0;33;0;0.0;2.0;1.0;1.0;A01
48610;201500032211;0;7;0;8.0;0.0;1.0;15.0;A01
48611;201500032212;0;7;0;0.0;2.0;3.0;15.0;A01
48612;201500032212;0;1;0;0.0;2.0;1.0;1.0;B01
48613;201500032213;0;7;0;0.0;1.0;1.0;1.0;A01
48614;201500032214;0;7;0;0.0;2.0;1.0;1.0;A01
48615;201500032214;0;1;0;0.0;2.0;3.0;1.0;B01
48616;201500032216;0;7;0;0.0;2.0;1.0;1.0;B01
48617;201500032216;0;7;0;0.0;2.0;1.0;14.0;A01
48618;201500032217;0;33;0;0.0;0.0;0.0;21.0;A01
48619;201500032217;1;7;0;0.0;0.0;0.0;15.0;Z01
48620;201500032218;0;7;0;0.0;1.0;1.0;15.0;A01
48621;201500032219;0;7;0;0.0;1.0;0.0;0.0;A01
48622;201500032220;0;40;0;0.0;2.0;7.0;1.0;B01
48623;201500032220;0;1;0;0.0;4.0;8.0;1.0;A01
48624;201500032221;1;7;0;0.0;1.0;0.0;0.0;Z01
48625;201500032223;0;1;0;0.0;2.0;8.0;19.0;B01
48626;201500032223;0;7;0;0.0;2.0;1.0;16.0;A01
48627;201500032224;0;1;0;0.0;2.0;8.0;1.0;B01
48628;201500032224;0;7;0;0.0;2.0;1.0;16.0;A01
48629;201500032226;0;1;0;0.0;2.0;6.0;1.0;B01
48630;201500032226;0;7;0;0.0;2.0;2.0;1.0;A01
48631;201500032227;0;7;0;2.0;0.0;1.0;0.0;A01
48632;201500032229;0;7;0;0.0;1.0;1.0;1.0;A01
48633;201500032230;0;15;0;0.0;2.0;1.0;1.0;A01
48634;201500032230;0;7;0;0.0;2.0;4.0;1.0;B01
48635;201500032231;0;1;0;0.0;2.0;7.0;15.0;B01
48636;201500032231;1;7;0;0.0;2.0;0.0;1.0;Z01
48637;201500032232;0;7;0;0.0;2.0;1.0;1.0;A01
48638;201500032232;0;1;0;0.0;2.0;8.0;19.0;B01
48639;201500032233;0;7;0;0.0;2.0;4.0;23.0;D01
48640;201500032233;0;7;0;0.0;2.0;4.0;23.0;C01
48641;201500032233;0;10;0;0.0;2.0;4.0;23.0;B01
48642;201500032233;0;7;0;0.0;2.0;1.0;1.0;A01
48643;201500032234;0;7;0;0.0;2.0;0.0;1.0;B01
48644;201500032234;1;30;0;0.0;0.0;0.0;0.0;A01
48645;201500032235;0;7;0;0.0;2.0;3.0;15.0;A01
48646;201500032235;0;30;0;0.0;2.0;2.0;1.0;B01
48647;201500032236;0;7;0;0.0;2.0;8.0;22.0;A01
48648;201500032236;0;1;0;0.0;2.0;0.0;1.0;B01
48649;201500032237;0;7;0;0.0;2.0;1.0;1.0;A01
48650;201500032237;0;7;0;0.0;2.0;4.0;1.0;B01
48651;201500032237;0;1;0;0.0;0.0;0.0;0.0;C01
48652;201500032238;0;7;0;0.0;2.0;2.0;1.0;A01
48653;201500032239;0;7;0;0.0;2.0;2.0;1.0;A01
48654;201500032239;0;7;0;0.0;2.0;7.0;15.0;B01
48655;201500032240;0;7;0;0.0;2.0;3.0;9.0;A01
48656;201500032240;0;1;0;0.0;2.0;1.0;1.0;B01
48657;201500032241;0;31;0;0.0;2.0;1.0;13.0;A01
48658;201500032241;0;34;0;0.0;2.0;1.0;1.0;B01
48659;201500032242;0;7;0;0.0;2.0;2.0;1.0;A01
48660;201500032242;0;32;0;0.0;2.0;1.0;0.0;B01
48661;201500032243;0;7;0;0.0;1.0;1.0;9.0;A01
48662;201500032244;0;1;0;0.0;2.0;7.0;19.0;A01
48663;201500032244;0;7;0;0.0;2.0;1.0;1.0;B01
48664;201500032245;0;1;0;0.0;2.0;7.0;1.0;B01
48665;201500032245;0;7;0;0.0;2.0;1.0;16.0;A01
48666;201500032246;1;7;0;0.0;1.0;2.0;1.0;Z01
48667;201500032247;1;7;0;0.0;2.0;1.0;1.0;Z01
48668;201500032247;0;30;0;0.0;2.0;8.0;1.0;A01
48669;201500032248;0;1;0;0.0;2.0;1.0;1.0;A01
48670;201500032248;0;7;0;0.0;2.0;4.0;21.0;B01
48671;201500032249;0;7;0;14.0;0.0;1.0;2.0;A01
48672;201500032249;0;7;0;0.0;2.0;4.0;23.0;B01
48673;201500032250;0;7;0;0.0;1.0;4.0;4.0;A01
48674;201500032251;0;7;0;0.0;2.0;7.0;1.0;A01
48675;201500032251;0;1;0;0.0;2.0;8.0;1.0;B01
48676;201500032252;0;7;0;2.0;0.0;1.0;1.0;A01
48677;201500032253;0;30;0;0.0;2.0;1.0;5.0;A01
48678;201500032253;0;7;0;0.0;2.0;1.0;1.0;B01
48679;201500032254;0;7;0;0.0;2.0;5.0;1.0;B01
48680;201500032254;0;33;0;0.0;2.0;1.0;1.0;A01
48681;201500032255;0;7;0;0.0;1.0;1.0;1.0;A01
48682;201500032256;0;7;0;0.0;1.0;2.0;1.0;A01
48683;201500032257;0;7;0;0.0;1.0;1.0;1.0;A01
48684;201500032258;0;7;0;0.0;1.0;1.0;1.0;A01
48685;201500032259;0;7;0;0.0;2.0;1.0;9.0;A01
48686;201500032259;0;2;0;0.0;2.0;1.0;1.0;B01
48687;201500032260;0;7;0;0.0;2.0;0.0;0.0;A01
48688;201500032260;0;33;0;0.0;2.0;0.0;0.0;B01
48689;201500032261;0;1;0;0.0;2.0;3.0;1.0;B01
48690;201500032261;0;7;0;0.0;2.0;3.0;15.0;A01
48691;201500032262;0;36;0;0.0;2.0;2.0;1.0;A01
48692;201500032262;0;7;0;0.0;2.0;3.0;16.0;B01
48693;201500032263;1;7;0;0.0;1.0;8.0;1.0;Z01
48694;201500032264;0;7;0;0.0;1.0;3.0;1.0;A01
48695;201500032265;0;1;0;0.0;2.0;2.0;1.0;A01
48696;201500032265;0;7;0;0.0;2.0;3.0;1.0;B01
48697;201500032266;0;7;0;0.0;2.0;1.0;1.0;A01
48698;201500032266;0;7;0;0.0;2.0;4.0;1.0;B01
48699;201500032267;0;7;0;0.0;2.0;1.0;15.0;A01
48700;201500032267;0;7;0;0.0;2.0;1.0;1.0;B01
48701;201500032268;0;7;0;0.0;2.0;1.0;16.0;A01
48702;201500032268;0;7;0;0.0;2.0;1.0;1.0;B01
48703;201500032269;0;7;0;0.0;1.0;2.0;1.0;A01
48704;201500032270;0;37;0;0.0;2.0;1.0;1.0;B01
48705;201500032270;0;1;0;0.0;2.0;1.0;19.0;A01
48706;201500032272;0;40;0;0.0;1.0;2.0;1.0;A01
48707;201500032274;0;1;0;0.0;2.0;1.0;19.0;A01
48708;201500032274;0;7;0;0.0;2.0;2.0;1.0;B01
48709;201500032275;0;7;0;0.0;2.0;1.0;1.0;B01
48710;201500032275;0;7;0;0.0;2.0;2.0;15.0;A01
48711;201500032276;0;7;0;0.0;1.0;1.0;0.0;A01
48712;201500032277;0;1;0;0.0;2.0;7.0;19.0;B01
48713;201500032277;0;34;0;0.0;2.0;1.0;1.0;A01
48714;201500032278;0;7;0;0.0;2.0;2.0;1.0;B01
48715;201500032278;0;1;0;0.0;2.0;2.0;19.0;A01
48716;201500032279;0;1;0;0.0;2.0;1.0;2.0;A01
48717;201500032279;0;10;0;0.0;2.0;4.0;2.0;B01
48718;201500032280;0;7;0;0.0;2.0;2.0;15.0;A01
48719;201500032280;0;7;0;0.0;2.0;8.0;1.0;B01
48720;201500032281;0;7;0;1.0;0.0;1.0;1.0;A01
48721;201500032282;0;7;0;2.0;0.0;1.0;1.0;A01
48722;201500032283;0;7;0;0.0;2.0;4.0;2.0;B01
48723;201500032283;0;7;0;0.0;2.0;4.0;2.0;C01
48724;201500032283;0;7;0;0.0;2.0;0.0;2.0;A01
48725;201500032284;0;7;0;0.0;2.0;3.0;15.0;A01
48726;201500032284;0;32;0;0.0;2.0;1.0;1.0;B01
48727;201500032285;0;7;0;0.0;2.0;1.0;1.0;A01
48728;201500032285;0;1;0;0.0;2.0;7.0;19.0;B01
48729;201500032286;0;2;0;0.0;1.0;1.0;1.0;A01
48730;201500032287;0;7;0;0.0;2.0;2.0;1.0;A01
48731;201500032287;0;1;0;0.0;2.0;1.0;19.0;B01
48732;201500032288;0;7;0;0.0;1.0;1.0;1.0;A01
48733;201500032289;0;34;0;0.0;1.0;1.0;1.0;A01
48734;201500032290;0;40;0;0.0;1.0;1.0;1.0;A01
48735;201500032292;0;1;0;0.0;2.0;8.0;19.0;A01
48736;201500032292;0;7;0;0.0;2.0;1.0;1.0;B01
48737;201500032293;0;7;0;0.0;2.0;7.0;15.0;A01
48738;201500032293;0;33;0;0.0;2.0;1.0;1.0;B01
48739;201500032294;0;7;0;0.0;1.0;4.0;4.0;A01
48740;201500032295;0;1;0;0.0;2.0;7.0;19.0;B01
48741;201500032295;0;7;0;0.0;2.0;1.0;1.0;A01
48742;201500032296;0;1;0;0.0;2.0;3.0;21.0;B01
48743;201500032296;0;7;0;0.0;2.0;2.0;17.0;A01
48744;201500032297;0;1;0;0.0;1.0;1.0;1.0;A01
48745;201500032298;0;7;0;0.0;1.0;1.0;0.0;A01
48746;201500032299;0;10;0;0.0;2.0;4.0;2.0;C01
48747;201500032299;0;7;0;0.0;2.0;1.0;2.0;A01
48748;201500032299;0;10;0;0.0;2.0;4.0;2.0;B01
48749;201500032300;0;7;0;0.0;2.0;1.0;1.0;A01
48750;201500032300;0;1;0;0.0;2.0;7.0;0.0;B01
48751;201500032301;0;1;0;0.0;2.0;7.0;1.0;B01
48752;201500032301;0;7;0;0.0;2.0;1.0;9.0;A01
48753;201500032302;0;7;0;0.0;2.0;1.0;5.0;A01
48754;201500032302;0;10;0;0.0;2.0;1.0;1.0;B01
48755;201500032303;0;15;0;0.0;2.0;3.0;15.0;B01
48756;201500032303;0;33;0;0.0;2.0;1.0;17.0;A01
48757;201500032304;0;30;0;0.0;2.0;1.0;1.0;A01
48758;201500032304;0;1;0;0.0;2.0;1.0;19.0;B01
48759;201500032305;0;7;0;4.0;0.0;1.0;1.0;A01
48760;201500032306;0;1;0;0.0;2.0;1.0;0.0;B01
48761;201500032306;0;10;0;0.0;2.0;8.0;16.0;A01
48762;201500032307;0;7;0;1.0;2.0;2.0;1.0;A01
48763;201500032307;0;31;0;0.0;2.0;4.0;1.0;B01
48764;201500032308;0;1;0;0.0;2.0;1.0;1.0;B01
48765;201500032308;0;3;0;0.0;2.0;5.0;16.0;A01
48766;201500032309;0;7;0;0.0;2.0;1.0;1.0;A01
48767;201500032309;0;7;0;0.0;2.0;4.0;1.0;B01
48768;201500032310;0;7;0;0.0;2.0;7.0;1.0;A01
48769;201500032310;0;7;0;0.0;2.0;1.0;1.0;B01
48770;201500032311;0;7;0;0.0;1.0;1.0;1.0;A01
48771;201500032312;0;1;0;0.0;2.0;1.0;1.0;B01
48772;201500032312;0;7;0;0.0;2.0;1.0;15.0;A01
48773;201500032313;0;40;0;0.0;1.0;0.0;1.0;A01
48774;201500032314;0;30;0;0.0;2.0;1.0;1.0;A01
48775;201500032314;0;3;0;0.0;2.0;1.0;16.0;B01
48776;201500032315;0;7;0;0.0;2.0;1.0;1.0;A01
48777;201500032315;0;7;0;0.0;2.0;8.0;1.0;B01
48778;201500032316;0;31;0;14.0;0.0;1.0;1.0;A01
48779;201500032317;1;32;0;0.0;1.0;0.0;0.0;Z01
48780;201500032318;0;7;0;0.0;2.0;4.0;1.0;B01
48781;201500032318;0;7;0;0.0;2.0;1.0;1.0;A01
48782;201500032320;0;1;0;0.0;2.0;5.0;1.0;B01
48783;201500032320;0;7;0;0.0;2.0;1.0;1.0;A01
48784;201500032321;0;1;0;0.0;2.0;1.0;1.0;A01
48785;201500032321;0;7;0;0.0;2.0;7.0;16.0;B01
48786;201500032322;0;10;0;0.0;2.0;1.0;1.0;A01
48787;201500032322;0;7;0;0.0;2.0;1.0;1.0;B01
48788;201500032323;0;1;0;0.0;2.0;1.0;1.0;A01
48789;201500032323;0;7;0;0.0;2.0;3.0;1.0;B01
48790;201500032324;0;33;0;0.0;2.0;0.0;1.0;A01
48791;201500032324;0;7;0;0.0;2.0;0.0;1.0;C01
48792;201500032324;0;7;0;0.0;2.0;3.0;14.0;B01
48793;201500032327;0;1;0;0.0;2.0;1.0;19.0;B01
48794;201500032327;0;7;0;0.0;2.0;1.0;0.0;A01
48795;201500032328;0;33;0;0.0;2.0;1.0;1.0;B01
48796;201500032328;0;7;0;0.0;2.0;7.0;16.0;A01
48797;201500032330;0;40;0;0.0;4.0;8.0;1.0;B01
48798;201500032330;0;1;0;0.0;2.0;1.0;19.0;A01
48799;201500032331;2;3;0;0.0;2.0;1.0;1.0;Z01
48800;201500032331;0;7;0;0.0;2.0;3.0;1.0;B01
48801;201500032332;0;7;0;0.0;2.0;4.0;1.0;C01
48802;201500032332;0;7;0;0.0;2.0;1.0;1.0;B01
48803;201500032332;0;7;0;0.0;2.0;1.0;1.0;A01
48804;201500032333;0;7;0;0.0;2.0;2.0;15.0;A01
48805;201500032333;0;33;0;0.0;2.0;1.0;1.0;B01
48806;201500032334;2;1;0;0.0;1.0;1.0;1.0;Z01
48807;201500032335;0;7;0;8.0;0.0;3.0;16.0;A01
48808;201500032336;0;7;0;0.0;1.0;2.0;1.0;A01
48809;201500032337;0;1;0;0.0;2.0;8.0;1.0;B01
48810;201500032337;0;13;0;0.0;2.0;5.0;1.0;A01
48811;201500032338;0;7;0;0.0;2.0;1.0;1.0;A01
48812;201500032338;0;34;0;0.0;2.0;5.0;1.0;B01
48813;201500032339;0;2;0;0.0;2.0;8.0;1.0;A01
48814;201500032339;0;7;0;0.0;2.0;3.0;1.0;B01
48815;201500032340;0;1;0;0.0;2.0;1.0;1.0;A01
48816;201500032340;0;1;0;0.0;2.0;1.0;1.0;B01
48817;201500032341;0;40;0;0.0;2.0;2.0;1.0;B01
48818;201500032341;0;1;0;0.0;2.0;1.0;19.0;A01
48819;201500032342;0;1;0;0.0;2.0;1.0;16.0;A01
48820;201500032342;0;7;0;0.0;2.0;1.0;1.0;B01
48821;201500032343;0;10;0;0.0;2.0;7.0;24.0;B01
48822;201500032343;0;10;0;0.0;2.0;4.0;1.0;A01
48823;201500032344;0;7;0;0.0;1.0;1.0;1.0;A01
48824;201500032345;0;7;0;0.0;2.0;4.0;1.0;C01
48825;201500032345;0;37;0;0.0;2.0;1.0;1.0;A01
48826;201500032345;0;7;0;0.0;2.0;4.0;1.0;B01
48827;201500032345;0;7;0;0.0;2.0;4.0;1.0;D01
48828;201500032346;1;7;0;0.0;1.0;4.0;4.0;Z01
48829;201500032348;0;7;0;0.0;2.0;1.0;1.0;A01
48830;201500032348;0;7;0;0.0;2.0;1.0;1.0;B01
48831;201500032349;0;7;0;0.0;1.0;1.0;1.0;A01
48832;201500032350;0;7;0;2.0;0.0;1.0;1.0;A01
48833;201500032351;1;7;0;0.0;2.0;1.0;9.0;Z01
48834;201500032351;0;2;0;0.0;2.0;1.0;1.0;A01
48835;201500032352;0;7;0;0.0;2.0;3.0;1.0;A01
48836;201500032352;0;2;0;0.0;0.0;0.0;0.0;Z01
48837;201500032354;0;30;0;1.0;0.0;1.0;1.0;A01
48838;201500032355;0;7;0;0.0;2.0;1.0;1.0;B01
48839;201500032355;0;7;0;0.0;1.0;4.0;1.0;A01
48840;201500032356;0;7;0;0.0;1.0;1.0;1.0;A01
48841;201500032357;0;7;0;0.0;1.0;1.0;1.0;A01
48842;201500032358;0;7;0;0.0;2.0;1.0;1.0;A01
48843;201500032358;0;7;0;0.0;2.0;4.0;1.0;B01
48844;201500032360;0;31;0;0.0;0.0;0.0;0.0;A01
48845;201500032360;1;7;0;0.0;2.0;0.0;0.0;Z01
48846;201500032361;0;7;0;0.0;1.0;2.0;1.0;A01
48847;201500032362;0;2;0;0.0;1.0;1.0;1.0;A01
48848;201500032363;0;7;0;0.0;2.0;1.0;15.0;A01
48849;201500032363;0;33;0;0.0;2.0;1.0;17.0;B01
48850;201500032363;0;7;0;0.0;2.0;3.0;1.0;C01
48851;201500032364;0;10;0;0.0;2.0;1.0;15.0;A01
48852;201500032364;0;31;0;0.0;2.0;1.0;1.0;B01
48853;201500032365;0;10;0;0.0;0.0;0.0;0.0;A01
48854;201500032365;0;7;0;0.0;2.0;1.0;1.0;B01
48855;201500032366;0;7;0;0.0;1.0;1.0;1.0;A01
48856;201500032367;0;1;0;0.0;2.0;3.0;19.0;A01
48857;201500032367;0;7;0;0.0;2.0;1.0;1.0;B01
48858;201500032368;0;40;0;0.0;2.0;1.0;1.0;A01
48859;201500032368;0;7;0;0.0;4.0;8.0;15.0;B01
48860;201500032369;0;34;0;0.0;2.0;1.0;1.0;B01
48861;201500032369;0;7;0;0.0;2.0;5.0;15.0;A01
48862;201500032370;0;7;0;0.0;2.0;1.0;16.0;A01
48863;201500032370;0;1;0;0.0;2.0;1.0;1.0;B01
48864;201500032371;0;7;0;0.0;2.0;3.0;10.0;A01
48865;201500032371;0;30;0;0.0;2.0;1.0;17.0;B01
48866;201500032372;0;7;0;0.0;1.0;3.0;1.0;A01
48867;201500032373;0;7;0;0.0;2.0;6.0;1.0;B01
48868;201500032373;0;30;0;0.0;2.0;1.0;1.0;A01
48869;201500032374;0;7;0;0.0;2.0;5.0;1.0;A01
48870;201500032374;0;7;0;0.0;2.0;1.0;1.0;B01
48871;201500032375;0;1;0;0.0;2.0;1.0;1.0;A01
48872;201500032375;0;7;0;0.0;2.0;1.0;1.0;B01
48873;201500032376;0;31;0;0.0;2.0;1.0;1.0;B01
48874;201500032376;0;7;0;0.0;2.0;5.0;1.0;A01
48875;201500032377;0;34;0;0.0;2.0;1.0;1.0;B01
48876;201500032377;0;7;0;0.0;2.0;1.0;15.0;A01
48877;201500032378;0;7;0;0.0;2.0;4.0;1.0;B01
48878;201500032378;0;7;0;0.0;2.0;1.0;1.0;A01
48879;201500032379;1;30;0;0.0;2.0;0.0;0.0;Z01
48880;201500032379;0;1;0;0.0;2.0;1.0;1.0;A01
48881;201500032380;0;7;0;0.0;2.0;1.0;1.0;A01
48882;201500032380;0;7;0;0.0;2.0;4.0;1.0;B01
48883;201500032382;0;7;0;0.0;2.0;3.0;1.0;B01
48884;201500032382;0;7;0;0.0;2.0;1.0;13.0;A01
48885;201500032383;0;7;0;0.0;2.0;4.0;1.0;A01
48886;201500032383;0;7;0;0.0;2.0;1.0;1.0;B01
48887;201500032384;0;7;0;0.0;1.0;7.0;1.0;A01
48888;201500032385;0;7;0;0.0;1.0;4.0;4.0;A01
48889;201500032386;0;7;0;0.0;2.0;1.0;1.0;B01
48890;201500032386;0;7;0;0.0;2.0;7.0;1.0;A01
48891;201500032387;0;7;0;6.0;0.0;1.0;1.0;A01
48892;201500032388;0;7;0;0.0;2.0;2.0;16.0;A01
48893;201500032388;0;33;0;0.0;2.0;1.0;1.0;B01
48894;201500032389;0;7;0;0.0;2.0;3.0;10.0;A01
48895;201500032389;0;33;0;0.0;2.0;1.0;1.0;B01
48896;201500032390;0;7;0;0.0;2.0;7.0;1.0;A01
48897;201500032390;0;1;0;0.0;2.0;8.0;1.0;B01
48898;201500032391;0;7;0;0.0;1.0;1.0;1.0;A01
48899;201500032392;0;7;0;8.0;0.0;8.0;0.0;A01
48900;201500032393;0;1;0;0.0;2.0;1.0;16.0;B01
48901;201500032393;0;7;0;0.0;2.0;3.0;0.0;A01
48902;201500032394;0;30;0;9.0;0.0;1.0;1.0;A01
48903;201500032396;0;7;0;0.0;1.0;2.0;1.0;A01
48904;201500032397;0;37;0;0.0;1.0;5.0;1.0;A01
48905;201500032398;0;99;0;0.0;2.0;7.0;19.0;A01
48906;201500032398;0;7;0;0.0;2.0;3.0;1.0;B01
48907;201500032399;0;7;0;0.0;2.0;2.0;16.0;A01
48908;201500032399;0;1;0;0.0;2.0;6.0;19.0;B01
48909;201500032401;0;1;0;0.0;2.0;1.0;1.0;B01
48910;201500032401;0;1;0;0.0;2.0;1.0;1.0;A01
48911;201500032402;0;10;0;0.0;2.0;1.0;1.0;B01
48912;201500032402;0;7;0;0.0;2.0;4.0;1.0;C01
48913;201500032402;0;7;0;0.0;2.0;1.0;1.0;A01
48914;201500032403;0;31;0;0.0;2.0;1.0;1.0;B01
48915;201500032403;0;7;0;0.0;2.0;1.0;15.0;A01
48916;201500032404;0;7;0;0.0;1.0;2.0;1.0;A01
48917;201500032406;0;7;0;0.0;1.0;3.0;1.0;A01
48918;201500032407;0;7;0;0.0;2.0;3.0;1.0;B01
48919;201500032407;0;31;0;0.0;2.0;1.0;1.0;A01
48920;201500032408;0;1;0;0.0;2.0;1.0;19.0;A01
48921;201500032408;0;7;0;0.0;2.0;8.0;1.0;B01
48922;201500032409;0;7;0;0.0;2.0;8.0;1.0;B01
48923;201500032409;0;33;0;0.0;2.0;1.0;1.0;A01
48924;201500032410;0;7;0;0.0;2.0;2.0;15.0;A01
48925;201500032410;0;7;0;0.0;2.0;8.0;0.0;B01
48926;201500032411;0;7;0;1.0;1.0;1.0;1.0;A01
48927;201500032412;0;7;0;0.0;2.0;3.0;15.0;A01
48928;201500032412;0;7;0;0.0;2.0;8.0;1.0;B01
48929;201500032413;0;7;0;0.0;2.0;1.0;17.0;A01
48930;201500032413;0;7;0;0.0;2.0;8.0;1.0;C01
48931;201500032413;0;7;0;0.0;2.0;1.0;1.0;B01
48932;201500032414;0;7;0;0.0;2.0;4.0;23.0;B01
48933;201500032414;0;7;0;0.0;2.0;4.0;23.0;C01
48934;201500032414;0;7;0;0.0;2.0;1.0;2.0;A01
48935;201500032415;0;7;0;0.0;2.0;1.0;15.0;A01
48936;201500032415;0;1;0;0.0;2.0;8.0;1.0;B01
48937;201500032416;0;7;0;2.0;0.0;2.0;1.0;A01
48938;201500032417;0;7;0;0.0;2.0;1.0;2.0;A01
48939;201500032417;0;1;0;0.0;2.0;4.0;2.0;B01
48940;201500032418;0;7;0;0.0;2.0;2.0;16.0;B01
48941;201500032418;0;1;0;0.0;2.0;1.0;16.0;A01
48942;201500032419;0;1;0;0.0;2.0;2.0;1.0;B01
48943;201500032419;0;1;0;1.0;2.0;8.0;21.0;A01
48944;201500032420;0;7;0;0.0;2.0;1.0;16.0;A01
48945;201500032420;0;1;0;0.0;2.0;1.0;1.0;B01
48946;201500032421;0;1;0;0.0;2.0;0.0;0.0;A01
48947;201500032421;1;7;0;12.0;2.0;1.0;0.0;Z01
48948;201500032422;0;7;0;0.0;2.0;1.0;1.0;A01
48949;201500032422;0;2;0;0.0;2.0;4.0;1.0;B01
48950;201500032423;0;7;0;0.0;2.0;3.0;10.0;A01
48951;201500032423;0;2;0;0.0;2.0;1.0;1.0;B01
48952;201500032424;0;7;0;0.0;2.0;3.0;1.0;B01
48953;201500032424;0;30;0;0.0;2.0;8.0;1.0;A01
48954;201500032426;0;7;0;0.0;2.0;1.0;15.0;A01
48955;201500032426;0;7;0;0.0;2.0;2.0;1.0;B01
48956;201500032427;0;7;0;0.0;2.0;8.0;20.0;A01
48957;201500032427;0;2;0;0.0;2.0;1.0;1.0;B01
48958;201500032429;0;7;0;0.0;2.0;1.0;15.0;A01
48959;201500032429;0;1;0;0.0;2.0;1.0;1.0;B01
48960;201500032430;0;7;0;0.0;1.0;3.0;15.0;A01
48961;201500032431;0;2;0;0.0;1.0;2.0;1.0;A01
48962;201500032432;0;7;0;0.0;1.0;1.0;15.0;A01
48963;201500032433;0;7;0;0.0;2.0;1.0;15.0;A01
48964;201500032433;0;7;0;0.0;2.0;3.0;1.0;B01
48965;201500032434;0;7;0;0.0;2.0;1.0;1.0;A01
48966;201500032434;0;1;0;0.0;2.0;1.0;1.0;B01
48967;201500032435;0;7;0;0.0;2.0;4.0;2.0;B01
48968;201500032435;0;7;0;0.0;2.0;1.0;2.0;A01
48969;201500032436;0;7;0;0.0;1.0;1.0;16.0;A01
48970;201500032437;0;7;0;0.0;2.0;1.0;1.0;B01
48971;201500032437;0;7;0;0.0;2.0;7.0;1.0;A01
48972;201500032438;0;1;0;0.0;2.0;1.0;13.0;A01
48973;201500032438;0;1;0;0.0;2.0;1.0;1.0;B01
48974;201500032439;0;7;0;0.0;1.0;2.0;1.0;A01
48975;201500032440;0;30;0;0.0;2.0;1.0;1.0;B01
48976;201500032440;0;7;0;0.0;2.0;1.0;15.0;A01
48977;201500032441;1;7;0;0.0;2.0;3.0;2.0;A01
48978;201500032441;0;2;0;0.0;2.0;4.0;2.0;B01
48979;201500032442;0;10;0;0.0;1.0;4.0;20.0;A01
48980;201500032444;0;7;0;0.0;2.0;3.0;9.0;A01