;Num_Acc;senc;catv;occutc;obs;obsm;choc;manv;num_veh
48981;201500032444;0;31;0;0.0;2.0;7.0;1.0;B01
48982;201500032445;0;2;0;0.0;2.0;1.0;17.0;A01
48983;201500032445;0;7;0;0.0;2.0;8.0;15.0;B01
48984;201500032446;0;7;0;0.0;2.0;4.0;2.0;A01
48985;201500032446;0;30;0;0.0;2.0;1.0;2.0;B01
48986;201500032447;0;2;0;0.0;2.0;1.0;1.0;A01
48987;201500032447;0;10;0;0.0;2.0;2.0;15.0;B01
48988;201500032448;0;7;0;0.0;1.0;1.0;16.0;A01
48989;201500032449;0;30;0;0.0;1.0;1.0;1.0;A01
48990;201500032450;0;31;0;0.0;2.0;1.0;2.0;A01
48991;201500032450;0;7;0;0.0;2.0;4.0;1.0;B01
48992;201500032451;0;10;0;0.0;2.0;1.0;16.0;A01
48993;201500032451;0;1;0;0.0;2.0;4.0;19.0;B01
48994;201500032452;0;2;0;0.0;2.0;1.0;1.0;B01
48995;201500032452;0;7;0;0.0;2.0;1.0;15.0;A01
48996;201500032453;0;7;0;0.0;2.0;1.0;1.0;B01
48997;201500032453;0;7;0;0.0;2.0;3.0;1.0;A01
48998;201500032454;0;7;0;0.0;2.0;6.0;15.0;A01
48999;201500032454;0;32;0;0.0;2.0;1.0;1.0;B01
49000;201500032455;0;7;0;0.0;2.0;7.0;15.0;A01
49001;201500032455;0;31;0;0.0;2.0;1.0;1.0;B01
49002;201500032456;0;37;0;0.0;1.0;1.0;16.0;A01
49003;201500032457;0;7;0;0.0;2.0;8.0;10.0;A01
49004;201500032457;0;2;0;0.0;2.0;7.0;17.0;B01
49005;201500032458;0;40;0;0.0;1.0;1.0;1.0;A01
49006;201500032461;0;7;0;0.0;2.0;1.0;10.0;A01
49007;201500032461;0;33;0;0.0;2.0;3.0;1.0;B02
49008;201500032463;0;7;0;0.0;2.0;1.0;13.0;B02
49009;201500032463;0;15;0;0.0;2.0;3.0;1.0;A01
49010;201500032464;0;10;0;0.0;1.0;2.0;1.0;A01
49011;201500032465;0;7;0;2.0;0.0;1.0;0.0;A01
49012;201500032466;0;33;0;0.0;0.0;9.0;17.0;A01
49013;201500032467;0;7;0;0.0;2.0;1.0;9.0;A01
49014;201500032467;0;1;0;0.0;2.0;7.0;1.0;B01
49015;201500032468;0;7;0;0.0;2.0;3.0;15.0;A01
49016;201500032468;0;2;0;0.0;2.0;1.0;1.0;B01
49017;201500032469;0;32;0;0.0;2.0;1.0;2.0;A01
49018;201500032469;0;7;0;0.0;2.0;6.0;10.0;B01
49019;201500032470;0;13;0;0.0;2.0;7.0;1.0;A01
49020;201500032470;0;7;0;0.0;2.0;1.0;1.0;B01
49021;201500032471;0;7;0;0.0;1.0;1.0;1.0;A01
49022;201500032472;0;7;0;0.0;1.0;4.0;4.0;A01
49023;201500032473;0;7;0;0.0;1.0;2.0;1.0;A01
49024;201500032474;0;7;0;0.0;1.0;1.0;9.0;A01
49025;201500032475;0;33;0;0.0;2.0;4.0;17.0;B01
49026;201500032475;0;7;0;0.0;2.0;3.0;15.0;J01
49027;201500032476;0;7;0;0.0;1.0;6.0;20.0;A01
49028;201500032477;0;1;0;0.0;2.0;8.0;1.0;B01
49029;201500032477;0;7;0;0.0;2.0;1.0;6.0;A01
49030;201500032478;0;7;0;0.0;2.0;3.0;0.0;B01
49031;201500032478;0;7;0;0.0;2.0;1.0;1.0;A01
49032;201500032479;0;10;0;0.0;1.0;2.0;1.0;A01
49033;201500032480;0;7;0;0.0;2.0;2.0;0.0;A01
49034;201500032480;0;1;0;0.0;0.0;0.0;0.0;B01
49035;201500032481;0;33;0;0.0;2.0;1.0;1.0;B01
49036;201500032481;0;7;0;0.0;2.0;1.0;9.0;A01
49037;201500032482;0;7;0;0.0;2.0;1.0;15.0;A01
49038;201500032482;0;1;0;0.0;2.0;8.0;19.0;B01
49039;201500032483;0;7;0;0.0;1.0;2.0;1.0;A01
49040;201500032484;0;7;0;0.0;2.0;3.0;16.0;A01
49041;201500032484;0;1;0;0.0;2.0;1.0;19.0;B01
49042;201500032485;0;7;0;0.0;2.0;1.0;1.0;A01
49043;201500032485;0;7;0;0.0;2.0;4.0;1.0;A02
49044;201500032486;0;7;0;2.0;0.0;1.0;1.0;A01
49045;201500032490;0;7;0;2.0;0.0;1.0;14.0;A01
49046;201500032491;0;7;0;0.0;1.0;1.0;1.0;A01
49047;201500032492;0;1;0;0.0;2.0;7.0;19.0;A03
49048;201500032492;0;1;0;0.0;0.0;7.0;19.0;A02
49049;201500032492;1;7;0;0.0;2.0;1.0;15.0;A01
49050;201500032493;0;7;0;0.0;1.0;2.0;2.0;A01
49051;201500032494;1;30;0;0.0;1.0;0.0;0.0;Z01
49052;201500032495;0;7;0;0.0;1.0;2.0;16.0;A01
49053;201500032497;0;7;0;0.0;1.0;5.0;2.0;A01
49054;201500032498;0;7;0;0.0;1.0;2.0;1.0;A01
49055;201500032499;0;7;0;0.0;2.0;1.0;9.0;A01
49056;201500032499;0;7;0;0.0;2.0;3.0;1.0;B01
49057;201500032500;0;7;0;1.0;1.0;5.0;1.0;A01
49058;201500032501;0;7;0;0.0;2.0;2.0;15.0;B01
49059;201500032501;0;7;0;0.0;2.0;3.0;1.0;A01
49060;201500032503;0;7;0;0.0;1.0;1.0;1.0;A01
49061;201500032504;0;7;0;0.0;1.0;5.0;1.0;A01
49062;201500032505;0;7;0;0.0;1.0;1.0;1.0;A01
49063;201500032506;0;33;0;0.0;2.0;1.0;1.0;A01
49064;201500032506;0;7;0;0.0;2.0;3.0;1.0;B01
49065;201500032507;0;7;0;8.0;0.0;1.0;1.0;A01
49066;201500032508;0;7;0;1.0;0.0;0.0;0.0;A01
49067;201500032508;0;7;0;0.0;2.0;0.0;0.0;C01
49068;201500032508;0;7;0;0.0;2.0;0.0;0.0;B01
49069;201500032509;0;7;0;0.0;1.0;2.0;1.0;A01
49070;201500032510;0;31;0;0.0;2.0;8.0;19.0;A01
49071;201500032510;0;40;1;0.0;2.0;2.0;1.0;B01
49072;201500032511;0;7;0;0.0;1.0;2.0;1.0;A01
49073;201500032512;0;7;0;0.0;1.0;2.0;1.0;A01
49074;201500032513;0;7;0;0.0;1.0;1.0;1.0;A01
49075;201500032515;0;7;0;0.0;1.0;1.0;16.0;A01
49076;201500032516;0;7;0;0.0;0.0;0.0;23.0;A01
49077;201500032516;0;7;0;0.0;2.0;3.0;21.0;B01
49078;201500032516;0;7;0;0.0;2.0;7.0;1.0;C01
49079;201500032517;0;7;0;0.0;1.0;3.0;1.0;A01
49080;201500032518;0;7;0;11.0;2.0;7.0;1.0;A01
49081;201500032518;0;7;0;0.0;2.0;1.0;1.0;B01
49082;201500032519;1;30;0;0.0;1.0;1.0;1.0;Z01
49083;201500032520;0;7;0;0.0;1.0;1.0;1.0;A01
49084;201500032521;0;30;0;0.0;0.0;4.0;1.0;A01
49085;201500032521;2;7;0;0.0;2.0;1.0;2.0;B01
49086;201500032522;0;7;0;0.0;1.0;1.0;2.0;A01
49087;201500032523;0;7;0;0.0;2.0;2.0;15.0;A01
49088;201500032523;0;1;0;0.0;2.0;3.0;19.0;B01
49089;201500032525;1;7;0;0.0;2.0;0.0;17.0;B01
49090;201500032525;0;7;0;0.0;2.0;6.0;1.0;A01
49091;201500032526;0;7;0;15.0;2.0;2.0;1.0;A01
49092;201500032526;0;7;0;0.0;2.0;1.0;9.0;B01
49093;201500032527;0;7;0;0.0;2.0;3.0;13.0;A01
49094;201500032527;0;7;0;0.0;0.0;3.0;1.0;B01
49095;201500032528;0;7;0;0.0;2.0;8.0;11.0;A01
49096;201500032528;0;7;0;0.0;2.0;0.0;0.0;B01
49097;201500032529;0;34;0;0.0;2.0;1.0;1.0;B01
49098;201500032529;0;7;0;0.0;2.0;3.0;15.0;A01
49099;201500032530;0;7;0;0.0;1.0;2.0;1.0;A01
49100;201500032531;0;30;0;0.0;1.0;2.0;0.0;A01
49101;201500032532;0;1;0;0.0;2.0;1.0;5.0;B01
49102;201500032532;0;7;0;0.0;2.0;1.0;16.0;A01
49103;201500032533;0;7;0;0.0;1.0;2.0;1.0;A01
49104;201500032534;0;7;0;0.0;1.0;1.0;2.0;A01
49105;201500032536;0;32;0;0.0;1.0;1.0;1.0;A01
49106;201500032537;0;7;0;0.0;1.0;8.0;1.0;A01
49107;201500032538;0;7;0;0.0;2.0;1.0;1.0;B01
49108;201500032538;0;7;0;0.0;2.0;3.0;9.0;A01
49109;201500032540;0;7;0;0.0;0.0;8.0;0.0;B01
49110;201500032540;0;7;0;0.0;2.0;3.0;1.0;A01
49111;201500032541;0;7;0;0.0;1.0;3.0;1.0;A01
49112;201500032542;0;7;0;0.0;2.0;1.0;18.0;A01
49113;201500032542;0;7;0;0.0;2.0;4.0;2.0;B01
49114;201500032543;0;7;0;0.0;2.0;1.0;2.0;A01
49115;201500032543;0;7;0;0.0;1.0;4.0;0.0;B01
49116;201500032544;0;1;0;0.0;2.0;1.0;19.0;A01
49117;201500032544;0;7;0;0.0;2.0;3.0;1.0;B01
49118;201500032545;0;37;3;0.0;1.0;2.0;1.0;A01
49119;201500032546;0;1;0;0.0;9.0;1.0;0.0;A01
49120;201500032546;0;1;0;0.0;9.0;0.0;0.0;B01
49121;201500032547;0;2;0;0.0;2.0;1.0;1.0;A01
49122;201500032547;1;7;0;0.0;2.0;1.0;15.0;B01
49123;201500032548;0;1;0;1.0;0.0;1.0;1.0;B01
49124;201500032548;0;7;0;0.0;2.0;8.0;0.0;A01
49125;201500032549;0;7;0;0.0;2.0;3.0;15.0;A01
49126;201500032549;0;7;0;0.0;2.0;1.0;1.0;B01
49127;201500032551;0;7;0;0.0;2.0;7.0;17.0;A01
49128;201500032551;0;1;0;0.0;2.0;1.0;15.0;B01
49129;201500032552;0;10;0;0.0;2.0;2.0;1.0;A01
49130;201500032552;0;30;0;0.0;2.0;7.0;1.0;B01
49131;201500032553;0;7;0;0.0;2.0;3.0;9.0;A01
49132;201500032553;0;7;0;0.0;2.0;7.0;1.0;B01
49133;201500032553;0;7;0;14.0;2.0;1.0;1.0;C01
49134;201500032553;0;7;0;0.0;2.0;8.0;1.0;D01
49135;201500032554;0;7;0;14.0;2.0;1.0;2.0;A01
49136;201500032554;0;7;0;0.0;2.0;4.0;2.0;B01
49137;201500032554;0;7;0;0.0;0.0;4.0;2.0;C01
49138;201500032555;0;7;0;0.0;2.0;1.0;16.0;A01
49139;201500032555;0;7;0;0.0;2.0;0.0;0.0;B01
49140;201500032556;0;7;0;1.0;0.0;3.0;1.0;A01
49141;201500032557;0;14;0;0.0;1.0;2.0;1.0;A01
49142;201500032558;0;1;0;0.0;2.0;0.0;0.0;B01
49143;201500032558;0;1;0;0.0;2.0;1.0;0.0;C01
49144;201500032558;0;7;0;0.0;9.0;2.0;15.0;A01
49145;201500032559;0;1;0;0.0;2.0;0.0;0.0;B01
49146;201500032559;0;7;0;0.0;9.0;1.0;0.0;A01
49147;201500032560;0;7;0;0.0;1.0;1.0;1.0;A01
49148;201500032561;0;7;0;9.0;0.0;1.0;14.0;A01
49149;201500032562;0;1;0;0.0;2.0;0.0;19.0;A01
49150;201500032562;0;7;0;0.0;2.0;3.0;1.0;B01
49151;201500032563;0;7;0;0.0;0.0;1.0;17.0;A01
49152;201500032563;0;10;0;0.0;0.0;3.0;9.0;B01
49153;201500032564;0;7;0;0.0;1.0;2.0;16.0;A01
49154;201500032565;0;7;0;0.0;2.0;3.0;15.0;A01
49155;201500032565;0;7;0;0.0;2.0;3.0;1.0;B01
49156;201500032566;0;7;0;0.0;2.0;2.0;15.0;A01
49157;201500032566;0;1;0;0.0;2.0;3.0;1.0;P01
49158;201500032567;0;7;0;0.0;2.0;2.0;16.0;A01
49159;201500032567;0;30;0;0.0;2.0;8.0;1.0;B01
49160;201500032568;0;7;0;0.0;2.0;3.0;1.0;A01
49161;201500032568;0;1;0;0.0;2.0;8.0;19.0;B01
49162;201500032569;0;33;0;0.0;2.0;1.0;9.0;B01
49163;201500032569;0;7;0;0.0;2.0;3.0;15.0;A01
49164;201500032570;0;7;0;0.0;1.0;1.0;1.0;A01
49165;201500032571;1;7;0;0.0;1.0;0.0;0.0;Z01
49166;201500032572;0;7;0;0.0;2.0;1.0;1.0;A01
49167;201500032572;0;7;0;0.0;2.0;4.0;2.0;B01
49168;201500032572;0;7;0;0.0;0.0;4.0;2.0;C01
49169;201500032573;0;7;0;0.0;1.0;8.0;1.0;A01
49170;201500032574;0;7;0;0.0;2.0;1.0;9.0;A01
49171;201500032574;0;7;0;12.0;2.0;7.0;16.0;B01
49172;201500032576;0;7;0;0.0;2.0;7.0;15.0;A01
49173;201500032576;0;7;0;0.0;2.0;1.0;1.0;B01
49174;201500032576;0;37;8;0.0;2.0;3.0;23.0;C01
49175;201500032577;0;7;0;0.0;2.0;1.0;2.0;A01
49176;201500032577;0;7;0;0.0;2.0;4.0;2.0;B01
49177;201500032578;0;7;0;0.0;1.0;3.0;1.0;A01
49178;201500032579;0;7;0;0.0;2.0;3.0;16.0;A01
49179;201500032579;0;1;0;0.0;2.0;7.0;19.0;B01
49180;201500032580;0;36;0;0.0;2.0;8.0;1.0;B01
49181;201500032580;0;7;0;9.0;2.0;3.0;17.0;A01
49182;201500032581;1;10;0;0.0;1.0;2.0;5.0;Z01
49183;201500032582;0;7;0;0.0;2.0;1.0;1.0;A01
49184;201500032582;0;7;0;0.0;2.0;1.0;15.0;B01
49185;201500032583;0;7;0;0.0;1.0;1.0;0.0;A01
49186;201500032584;0;7;0;0.0;2.0;4.0;2.0;A01
49187;201500032584;0;7;0;0.0;2.0;1.0;2.0;B01
49188;201500032586;0;33;0;0.0;1.0;3.0;2.0;A01
49189;201500032587;0;7;0;0.0;2.0;1.0;2.0;A01
49190;201500032587;0;7;0;0.0;2.0;4.0;2.0;C01
49191;201500032587;0;7;0;0.0;2.0;4.0;2.0;B01
49192;201500032588;0;7;0;0.0;1.0;2.0;1.0;A01
49193;201500032589;0;31;0;0.0;2.0;1.0;2.0;A01
49194;201500032589;0;7;0;0.0;2.0;5.0;23.0;B01
49195;201500032590;0;33;0;0.0;2.0;3.0;1.0;B01
49196;201500032590;0;7;0;0.0;2.0;3.0;15.0;A01
49197;201500032591;0;7;0;0.0;2.0;7.0;23.0;B01
49198;201500032591;0;2;0;0.0;2.0;7.0;2.0;A01
49199;201500032592;0;7;0;12.0;0.0;3.0;1.0;A01
49200;201500032593;0;7;0;0.0;1.0;1.0;1.0;A01
49201;201500032594;0;10;0;0.0;2.0;3.0;23.0;B01
49202;201500032594;0;7;0;1.0;2.0;1.0;5.0;A01
49203;201500032595;0;7;0;0.0;2.0;1.0;2.0;A01
49204;201500032595;0;7;0;0.0;2.0;4.0;2.0;B01
49205;201500032596;0;10;0;0.0;1.0;3.0;15.0;A01
49206;201500032598;0;7;0;0.0;1.0;2.0;2.0;A01
49207;201500032599;0;7;0;0.0;0.0;1.0;15.0;B01
49208;201500032599;0;7;0;0.0;2.0;1.0;1.0;A01
49209;201500032600;0;7;0;0.0;0.0;0.0;0.0;B01
49210;201500032600;0;7;0;0.0;0.0;1.0;15.0;A01
49211;201500032601;0;2;0;0.0;2.0;2.0;2.0;A01
49212;201500032601;0;7;0;0.0;0.0;4.0;1.0;B01
49213;201500032602;0;30;0;0.0;2.0;8.0;19.0;A01
49214;201500032602;0;7;0;0.0;2.0;1.0;1.0;B01
49215;201500032603;0;2;0;0.0;2.0;0.0;21.0;B01
49216;201500032603;1;7;0;0.0;0.0;0.0;1.0;A01
49217;201500032604;0;7;0;0.0;2.0;4.0;2.0;B01
49218;201500032604;1;7;0;0.0;2.0;0.0;0.0;Z01
49219;201500032605;0;33;0;0.0;0.0;9.0;1.0;A01
49220;201500032607;0;7;0;6.0;0.0;7.0;0.0;A01
49221;201500032609;1;7;0;0.0;0.0;0.0;2.0;A01
49222;201500032609;0;7;0;12.0;0.0;4.0;16.0;B01
49223;201500032610;0;7;0;14.0;0.0;1.0;2.0;A01
49224;201500032610;0;7;0;0.0;2.0;4.0;2.0;B01
49225;201500032610;0;7;0;0.0;0.0;4.0;2.0;C01
49226;201500032611;0;7;0;0.0;0.0;2.0;15.0;A01
49227;201500032611;0;32;0;0.0;0.0;7.0;1.0;B01
49228;201500032612;0;31;0;0.0;2.0;7.0;0.0;B01
49229;201500032612;0;7;0;0.0;2.0;3.0;15.0;A01
49230;201500032613;0;7;0;0.0;2.0;1.0;1.0;B01
49231;201500032613;0;7;0;0.0;2.0;7.0;15.0;A01
49232;201500032614;0;7;0;0.0;2.0;1.0;2.0;A01
49233;201500032614;0;7;0;0.0;2.0;4.0;2.0;B01
49234;201500032615;0;7;0;3.0;0.0;9.0;2.0;A01
49235;201500032616;0;2;0;0.0;2.0;1.0;1.0;B01
49236;201500032616;0;7;0;0.0;0.0;8.0;16.0;A01
49237;201500032617;0;15;0;0.0;1.0;4.0;4.0;A01
49238;201500032618;0;7;0;0.0;1.0;4.0;4.0;A01
49239;201500032619;0;7;0;0.0;2.0;3.0;1.0;A01
49240;201500032619;0;7;0;0.0;0.0;5.0;0.0;B01
49241;201500032620;0;7;0;14.0;2.0;2.0;15.0;A01
49242;201500032620;0;32;0;14.0;2.0;9.0;1.0;B01
49243;201500032621;0;7;0;0.0;0.0;1.0;15.0;A01
49244;201500032622;0;7;0;0.0;0.0;1.0;5.0;A01
49245;201500032622;0;7;0;0.0;2.0;1.0;1.0;C01
49246;201500032623;0;7;0;0.0;2.0;3.0;1.0;A01
49247;201500032623;0;33;0;0.0;2.0;3.0;0.0;B01
49248;201500032624;0;7;0;12.0;9.0;2.0;2.0;A01
49249;201500032624;0;1;0;0.0;0.0;0.0;0.0;B01
49250;201500032625;0;7;0;0.0;2.0;8.0;1.0;A01
49251;201500032625;0;7;0;0.0;2.0;1.0;15.0;B01
49252;201500032626;0;7;0;0.0;9.0;7.0;15.0;B01
49253;201500032626;0;2;0;0.0;2.0;1.0;1.0;A01
49254;201500032627;0;7;0;0.0;2.0;1.0;1.0;A01
49255;201500032627;0;7;0;0.0;2.0;7.0;15.0;B01
49256;201500032628;0;10;0;0.0;2.0;8.0;14.0;A01
49257;201500032628;0;33;0;0.0;2.0;0.0;0.0;B01
49258;201500032629;0;7;0;0.0;2.0;3.0;1.0;A01
49259;201500032629;2;7;0;0.0;2.0;1.0;17.0;B01
49260;201500032630;0;7;0;0.0;1.0;0.0;0.0;A01
49261;201500032633;0;7;0;2.0;0.0;2.0;13.0;A01
49262;201500032634;0;1;0;0.0;1.0;1.0;1.0;A01
49263;201500032635;0;36;0;0.0;2.0;3.0;1.0;B01
49264;201500032635;0;10;0;0.0;2.0;2.0;15.0;A01
49265;201500032636;0;7;0;6.0;0.0;1.0;1.0;A01
49266;201500032637;0;7;0;0.0;1.0;1.0;1.0;A01
49267;201500032638;0;33;0;0.0;2.0;0.0;1.0;B01
49268;201500032638;0;7;0;0.0;0.0;0.0;0.0;A01
49269;201500032639;0;7;0;0.0;2.0;1.0;1.0;B01
49270;201500032639;0;7;0;0.0;2.0;3.0;1.0;A01
49271;201500032640;0;7;0;16.0;0.0;2.0;2.0;A01
49272;201500032641;0;7;0;0.0;2.0;1.0;1.0;B01
49273;201500032641;0;7;0;0.0;2.0;1.0;19.0;A01
49274;201500032642;0;33;0;14.0;0.0;1.0;13.0;A01
49275;201500032643;0;33;0;0.0;2.0;3.0;1.0;A01
49276;201500032643;0;10;0;0.0;2.0;3.0;15.0;B01
49277;201500032644;0;7;0;0.0;2.0;1.0;2.0;C01
49278;201500032644;0;7;0;0.0;2.0;1.0;1.0;B01
49279;201500032644;0;2;0;0.0;2.0;1.0;2.0;A01
49280;201500032645;0;7;0;3.0;0.0;2.0;0.0;A01
49281;201500032646;0;7;0;0.0;9.0;2.0;2.0;A01
49282;201500032646;0;1;0;0.0;2.0;6.0;2.0;B01
49283;201500032647;0;7;0;2.0;0.0;1.0;1.0;A01
49284;201500032648;0;7;0;0.0;2.0;3.0;2.0;A01
49285;201500032648;0;7;0;0.0;2.0;4.0;2.0;C01
49286;201500032648;0;7;0;0.0;2.0;4.0;2.0;B01
49287;201500032649;0;7;0;0.0;1.0;3.0;1.0;A01
49288;201500032650;0;7;0;0.0;0.0;0.0;0.0;B01
49289;201500032650;0;33;0;0.0;2.0;1.0;0.0;A01
49290;201500032651;0;7;0;0.0;2.0;2.0;1.0;B01
49291;201500032651;0;7;0;0.0;2.0;3.0;9.0;A01
49292;201500032652;0;7;0;0.0;1.0;2.0;0.0;A01
49293;201500032653;0;7;0;0.0;1.0;8.0;15.0;A01
49294;201500032654;0;7;0;0.0;1.0;1.0;13.0;A01
49295;201500032655;0;7;0;0.0;1.0;2.0;1.0;A01
49296;201500032656;0;2;0;0.0;2.0;2.0;1.0;B01
49297;201500032656;0;7;0;0.0;2.0;7.0;15.0;A01
49298;201500032657;0;33;0;0.0;0.0;0.0;1.0;B01
49299;201500032657;0;7;0;0.0;0.0;3.0;15.0;A01
49300;201500032658;0;7;0;0.0;0.0;4.0;2.0;B01
49301;201500032658;0;7;0;0.0;2.0;4.0;2.0;A01
49302;201500032659;0;7;0;0.0;2.0;2.0;15.0;A01
49303;201500032659;0;30;0;0.0;2.0;1.0;1.0;B01
49304;201500032660;1;2;0;0.0;9.0;0.0;2.0;A01
49305;201500032660;0;1;0;0.0;2.0;0.0;2.0;B01
49306;201500032661;1;7;0;0.0;1.0;1.0;1.0;Z01
49307;201500032662;0;7;0;1.0;0.0;9.0;0.0;A01
49308;201500032663;0;7;0;0.0;1.0;4.0;4.0;A01
49309;201500032664;0;7;0;0.0;1.0;2.0;17.0;A01
49310;201500032666;0;7;0;8.0;0.0;1.0;15.0;A01
49311;201500032667;0;7;0;1.0;2.0;1.0;9.0;B01
49312;201500032667;0;7;0;7.0;2.0;1.0;17.0;A01
49313;201500032668;0;1;0;0.0;2.0;7.0;19.0;B01
49314;201500032668;1;99;0;0.0;0.0;0.0;0.0;Z01
49315;201500032669;0;40;60;0.0;2.0;5.0;1.0;B01
49316;201500032669;0;37;1;5.0;4.0;2.0;1.0;A01
49317;201500032670;0;7;0;0.0;1.0;2.0;16.0;A01
49318;201500032671;0;7;0;0.0;2.0;4.0;2.0;B01
49319;201500032671;0;7;0;0.0;2.0;1.0;2.0;A01
49320;201500032672;0;10;0;0.0;1.0;3.0;15.0;A01
49321;201500032673;0;7;0;0.0;1.0;1.0;2.0;A01
49322;201500032674;0;7;0;0.0;1.0;1.0;1.0;A01
49323;201500032675;0;7;0;8.0;0.0;1.0;1.0;A01
49324;201500032676;0;7;0;8.0;0.0;1.0;15.0;A01
49325;201500032677;0;13;0;0.0;2.0;7.0;1.0;A01
49326;201500032677;0;7;0;0.0;2.0;1.0;1.0;B01
49327;201500032678;0;7;0;0.0;1.0;3.0;1.0;A01
49328;201500032679;0;7;0;0.0;0.0;1.0;1.0;B01
49329;201500032679;0;7;0;0.0;2.0;1.0;13.0;A01
49330;201500032680;0;10;0;6.0;0.0;1.0;2.0;A01
49331;201500032681;0;7;0;0.0;2.0;1.0;0.0;A01
49332;201500032681;0;7;0;0.0;2.0;4.0;0.0;B01
49333;201500032682;0;1;0;0.0;2.0;7.0;1.0;B01
49334;201500032682;0;7;0;0.0;2.0;1.0;1.0;A01
49335;201500032683;0;10;0;0.0;0.0;0.0;9.0;B01
49336;201500032683;0;7;0;0.0;1.0;1.0;2.0;A01
49337;201500032684;0;7;0;0.0;1.0;1.0;16.0;A01
49338;201500032686;0;7;0;0.0;2.0;8.0;1.0;A01
49339;201500032686;0;31;0;0.0;2.0;8.0;1.0;B01
49340;201500032687;0;7;0;0.0;1.0;3.0;1.0;A01
49341;201500032688;0;2;0;0.0;2.0;1.0;1.0;B01
49342;201500032688;0;7;0;0.0;2.0;3.0;15.0;A01
49343;201500032689;0;7;0;0.0;2.0;1.0;5.0;A01
49344;201500032689;0;7;0;0.0;2.0;1.0;23.0;B01
49345;201500032690;0;7;0;0.0;2.0;2.0;15.0;A01
49346;201500032691;0;7;0;0.0;2.0;1.0;13.0;A01
49347;201500032691;0;7;0;0.0;0.0;1.0;1.0;B01
49348;201500032692;0;7;0;0.0;2.0;4.0;2.0;B01
49349;201500032692;0;7;0;0.0;2.0;4.0;2.0;C01
49350;201500032692;0;7;0;0.0;2.0;1.0;2.0;A01
49351;201500032694;0;7;0;12.0;0.0;9.0;1.0;A01
49352;201500032695;0;7;0;0.0;2.0;1.0;15.0;B01
49353;201500032695;0;14;0;0.0;2.0;1.0;1.0;A01
49354;201500032696;0;7;0;0.0;1.0;3.0;1.0;A01
49355;201500032697;0;7;0;0.0;2.0;1.0;1.0;A01
49356;201500032697;0;7;0;0.0;2.0;7.0;19.0;B01
49357;201500032698;0;7;0;0.0;2.0;3.0;15.0;A01
49358;201500032698;0;32;0;0.0;2.0;1.0;1.0;B01
49359;201500032699;1;33;0;0.0;1.0;1.0;0.0;Z01
49360;201500032700;0;7;0;2.0;0.0;1.0;1.0;A01
49361;201500032701;0;7;0;0.0;1.0;1.0;1.0;A01
49362;201500032703;0;7;0;0.0;2.0;5.0;2.0;B01
49363;201500032703;0;7;0;0.0;2.0;4.0;2.0;C01
49364;201500032703;0;7;0;0.0;2.0;3.0;12.0;A01
49365;201500032704;0;7;0;0.0;1.0;7.0;13.0;A01
49366;201500032705;0;7;0;0.0;2.0;4.0;23.0;B01
49367;201500032705;0;7;0;0.0;2.0;1.0;2.0;A01
49368;201500032706;0;2;0;0.0;2.0;1.0;2.0;A01
49369;201500032706;0;37;0;0.0;2.0;4.0;2.0;B01
49370;201500032707;0;7;0;0.0;2.0;3.0;21.0;A01
49371;201500032707;0;33;0;12.0;2.0;3.0;21.0;B01
49372;201500032708;0;1;0;0.0;2.0;1.0;1.0;A01
49373;201500032708;0;10;0;0.0;2.0;1.0;0.0;B01
49374;201500032710;0;7;0;0.0;2.0;4.0;2.0;B01
49375;201500032710;0;7;0;0.0;2.0;1.0;1.0;A01
49376;201500032711;0;10;0;0.0;2.0;4.0;2.0;B01
49377;201500032711;0;10;0;0.0;2.0;1.0;2.0;A01
49378;201500032713;0;7;0;0.0;2.0;3.0;15.0;B01
49379;201500032713;0;33;0;0.0;2.0;7.0;17.0;A01
49380;201500032714;0;7;0;0.0;1.0;1.0;1.0;A01
49381;201500032715;0;7;0;0.0;2.0;3.0;0.0;A01
49382;201500032715;0;36;0;0.0;2.0;1.0;16.0;B01
49383;201500032716;0;7;0;0.0;1.0;4.0;4.0;A01
49384;201500032717;0;13;0;0.0;1.0;1.0;1.0;A01
49385;201500032718;1;7;0;0.0;1.0;1.0;1.0;A01
49386;201500032719;0;10;0;0.0;0.0;0.0;0.0;A01
49387;201500032719;0;33;0;0.0;9.0;1.0;0.0;B01
49388;201500032720;0;7;0;0.0;1.0;1.0;1.0;A01
49389;201500032721;0;10;0;0.0;1.0;7.0;1.0;A01
49390;201500032722;0;7;0;0.0;2.0;8.0;15.0;B01
49391;201500032722;0;2;0;0.0;2.0;1.0;17.0;A01
49392;201500032723;0;32;0;0.0;2.0;7.0;2.0;A01
49393;201500032723;0;7;0;0.0;2.0;6.0;20.0;B01
49394;201500032724;0;31;0;0.0;1.0;1.0;9.0;A01
49395;201500032725;0;2;0;0.0;2.0;1.0;0.0;A01
49396;201500032725;0;7;0;0.0;2.0;7.0;0.0;B01
49397;201500032727;0;7;0;0.0;0.0;0.0;0.0;A01
49398;201500032728;0;7;0;0.0;2.0;3.0;2.0;A01
49399;201500032728;0;1;0;0.0;2.0;5.0;2.0;B01
49400;201500032729;0;7;0;0.0;1.0;3.0;0.0;A01
49401;201500032730;0;2;0;0.0;2.0;8.0;5.0;A01