;Num_Acc;senc;catv;occutc;obs;obsm;choc;manv;num_veh
49402;201500032730;0;7;0;0.0;2.0;0.0;16.0;B01
49403;201500032731;0;10;0;0.0;2.0;2.0;7.0;A01
49404;201500032731;0;7;0;0.0;2.0;5.0;15.0;B01
49405;201500032733;0;33;0;0.0;2.0;1.0;1.0;A01
49406;201500032733;0;7;0;0.0;2.0;1.0;15.0;B01
49407;201500032734;0;7;0;15.0;2.0;3.0;1.0;A01
49408;201500032734;0;7;0;15.0;2.0;6.0;1.0;B01
49409;201500032735;0;7;0;0.0;2.0;1.0;15.0;A01
49410;201500032735;0;31;0;0.0;2.0;1.0;1.0;B01
49411;201500032736;0;7;0;2.0;0.0;0.0;0.0;A01
49412;201500032737;1;99;0;0.0;1.0;1.0;0.0;Z01
49413;201500032738;0;10;0;6.0;0.0;1.0;1.0;A01
49414;201500032739;0;7;0;0.0;2.0;2.0;15.0;B01
49415;201500032739;1;99;0;0.0;2.0;0.0;8.0;A01
49416;201500032740;0;33;0;0.0;2.0;0.0;0.0;A01
49417;201500032740;1;7;0;;;;;Z02
49418;201500032741;0;30;0;0.0;1.0;1.0;2.0;A01
49419;201500032742;0;7;0;0.0;9.0;3.0;15.0;A01
49420;201500032742;0;1;0;0.0;2.0;1.0;0.0;B01
49421;201500032743;0;7;0;0.0;1.0;3.0;1.0;A01
49422;201500032744;0;7;0;0.0;2.0;3.0;10.0;B01
49423;201500032744;0;7;0;0.0;2.0;3.0;1.0;A01
49424;201500032746;0;7;0;0.0;0.0;3.0;15.0;B01
49425;201500032746;0;33;0;0.0;2.0;8.0;0.0;A01
49426;201500032747;0;10;0;0.0;2.0;1.0;2.0;A01
49427;201500032747;0;7;0;0.0;2.0;4.0;2.0;B01
49428;201500032748;0;7;0;0.0;1.0;1.0;0.0;A01
49429;201500032749;0;7;0;0.0;2.0;4.0;15.0;B01
49430;201500032749;2;32;0;0.0;2.0;1.0;2.0;Z01
49431;201500032750;0;7;0;0.0;2.0;7.0;16.0;B01
49432;201500032750;0;33;0;0.0;2.0;1.0;7.0;A01
49433;201500032751;0;7;0;0.0;1.0;3.0;15.0;A01
49434;201500032752;0;7;0;0.0;2.0;4.0;2.0;B01
49435;201500032752;0;33;0;0.0;2.0;1.0;2.0;A01
49436;201500032753;0;7;0;0.0;2.0;1.0;15.0;A01
49437;201500032753;0;32;0;0.0;2.0;1.0;1.0;B01
49438;201500032754;0;7;0;0.0;2.0;3.0;19.0;A01
49439;201500032754;0;7;0;0.0;2.0;2.0;1.0;B01
49440;201500032755;0;7;0;0.0;1.0;2.0;15.0;A01
49441;201500032756;0;7;0;0.0;2.0;3.0;1.0;B01
49442;201500032756;0;2;0;0.0;2.0;5.0;17.0;A01
49443;201500032757;0;10;0;0.0;1.0;1.0;1.0;A01
49444;201500032758;0;7;0;0.0;2.0;2.0;7.0;A01
49445;201500032758;0;7;0;0.0;2.0;8.0;10.0;B01
49446;201500032759;0;7;0;0.0;2.0;1.0;2.0;A01
49447;201500032759;0;7;0;0.0;2.0;4.0;23.0;B01
49448;201500032760;0;7;0;0.0;1.0;1.0;1.0;A01
49449;201500032761;0;33;0;0.0;2.0;1.0;17.0;A01
49450;201500032761;0;7;0;0.0;2.0;8.0;15.0;B01
49451;201500032762;0;7;0;0.0;2.0;6.0;1.0;A01
49452;201500032762;0;7;0;0.0;2.0;0.0;13.0;C01
49453;201500032762;0;33;0;0.0;2.0;7.0;13.0;B01
49454;201500032763;1;99;0;0.0;1.0;0.0;0.0;Z01
49455;201500032765;0;30;0;0.0;0.0;1.0;18.0;A01
49456;201500032765;0;7;0;0.0;0.0;2.0;15.0;B01
49457;201500032766;0;7;0;0.0;2.0;3.0;15.0;A01
49458;201500032766;0;7;0;0.0;2.0;3.0;1.0;B01
49459;201500032767;0;2;0;12.0;0.0;1.0;1.0;A01
49460;201500032768;0;7;0;0.0;2.0;6.0;1.0;B01
49461;201500032768;0;2;0;0.0;2.0;7.0;15.0;A01
49462;201500032770;0;33;0;5.0;9.0;1.0;0.0;A01
49463;201500032771;0;7;0;0.0;0.0;7.0;15.0;A01
49464;201500032771;0;7;0;0.0;0.0;0.0;0.0;B01
49465;201500032772;0;7;0;0.0;1.0;8.0;1.0;A01
49466;201500032773;0;7;0;0.0;2.0;8.0;0.0;A01
49467;201500032773;0;1;0;0.0;2.0;2.0;15.0;B01
49468;201500032774;0;38;0;0.0;9.0;2.0;1.0;A01
49469;201500032774;0;33;0;0.0;2.0;6.0;0.0;B01
49470;201500032775;0;7;0;0.0;2.0;8.0;15.0;A01
49471;201500032775;0;32;0;0.0;2.0;1.0;1.0;B01
49472;201500032776;0;3;0;0.0;1.0;2.0;2.0;A01
49473;201500032777;1;7;0;0.0;0.0;8.0;8.0;A01
49474;201500032777;0;37;0;0.0;2.0;3.0;7.0;B01
49475;201500032779;0;7;0;0.0;2.0;1.0;2.0;B01
49476;201500032779;0;7;0;1.0;0.0;0.0;0.0;A01
49477;201500032780;0;7;0;0.0;2.0;3.0;15.0;A01
49478;201500032780;0;7;0;0.0;2.0;8.0;1.0;B01
49479;201500032781;0;15;0;0.0;9.0;2.0;16.0;A01
49480;201500032781;0;1;0;0.0;2.0;8.0;0.0;B01
49481;201500032782;0;33;0;0.0;2.0;7.0;0.0;B01
49482;201500032782;0;7;0;0.0;2.0;0.0;0.0;A01
49483;201500032783;0;10;0;0.0;2.0;1.0;2.0;A01
49484;201500032783;0;7;0;0.0;2.0;4.0;23.0;B01
49485;201500032783;0;7;0;0.0;2.0;4.0;23.0;C01
49486;201500032784;0;7;0;0.0;2.0;3.0;1.0;B01
49487;201500032784;0;30;0;0.0;2.0;1.0;15.0;A01
49488;201500032785;0;7;0;0.0;1.0;2.0;2.0;A01
49489;201500032786;0;7;0;0.0;2.0;1.0;1.0;A01
49490;201500032786;0;1;0;0.0;2.0;8.0;1.0;B01
49491;201500032788;0;7;0;12.0;2.0;8.0;11.0;A01
49492;201500032788;0;31;0;0.0;2.0;1.0;1.0;B01
49493;201500032789;1;7;0;0.0;1.0;0.0;2.0;A01
49494;201500032790;0;7;0;0.0;1.0;4.0;4.0;A01
49495;201500032791;0;7;0;0.0;2.0;3.0;9.0;A01
49496;201500032791;0;2;0;8.0;2.0;2.0;1.0;B01
49497;201500032792;1;7;0;0.0;1.0;0.0;0.0;A01
49498;201500032793;0;7;0;0.0;1.0;3.0;1.0;B01
49499;201500032794;0;31;0;0.0;2.0;2.0;0.0;B01
49500;201500032794;0;2;0;0.0;2.0;1.0;0.0;A01
49501;201500032795;0;7;0;1.0;9.0;2.0;1.0;A01
49502;201500032795;0;1;0;0.0;2.0;0.0;2.0;B01
49503;201500032796;0;7;0;0.0;2.0;7.0;15.0;A01
49504;201500032796;0;34;0;0.0;2.0;1.0;1.0;B01
49505;201500032797;0;7;0;0.0;2.0;1.0;2.0;D01
49506;201500032797;0;10;0;0.0;2.0;1.0;2.0;A01
49507;201500032797;0;7;0;0.0;2.0;4.0;2.0;B01
49508;201500032797;0;7;0;0.0;2.0;4.0;2.0;C01
49509;201500032798;0;7;0;0.0;1.0;0.0;0.0;A01
49510;201500032799;0;7;0;0.0;1.0;2.0;1.0;A01
49511;201500032800;0;7;0;0.0;2.0;1.0;2.0;B01
49512;201500032800;0;7;0;1.0;2.0;2.0;15.0;A01
49513;201500032801;0;7;0;0.0;2.0;3.0;0.0;A01
49514;201500032801;0;31;0;0.0;2.0;7.0;2.0;B01
49515;201500032802;0;7;0;0.0;9.0;1.0;1.0;A01
49516;201500032802;0;1;0;0.0;2.0;4.0;1.0;B01
49517;201500032803;0;34;0;0.0;2.0;1.0;17.0;A01
49518;201500032803;0;7;0;0.0;2.0;3.0;15.0;B01
49519;201500032804;1;30;0;0.0;1.0;5.0;1.0;A01
49520;201500032805;0;34;0;0.0;2.0;2.0;17.0;A01
49521;201500032805;0;7;0;0.0;2.0;3.0;0.0;B01
49522;201500032806;0;7;0;0.0;1.0;2.0;17.0;A01
49523;201500032807;0;40;10;0.0;1.0;2.0;0.0;A01
49524;201500032808;1;33;0;0.0;0.0;1.0;0.0;A01
49525;201500032808;1;7;0;0.0;2.0;1.0;15.0;B01
49526;201500032809;0;13;0;0.0;2.0;3.0;16.0;A01
49527;201500032809;0;13;0;0.0;2.0;0.0;0.0;B01
49528;201500032810;1;33;0;0.0;1.0;0.0;0.0;Z01
49529;201500032813;0;31;0;13.0;0.0;1.0;13.0;A01
49530;201500032814;0;34;0;12.0;2.0;1.0;2.0;A01
49531;201500032814;0;7;0;0.0;2.0;5.0;23.0;B01
49532;201500032815;1;7;0;0.0;2.0;1.0;2.0;Z01
49533;201500032815;0;10;0;0.0;2.0;5.0;2.0;A01
49534;201500032816;0;7;0;9.0;2.0;3.0;0.0;A01
49535;201500032816;0;7;0;8.0;2.0;2.0;0.0;B01
49536;201500032819;0;7;0;0.0;1.0;2.0;1.0;A01
49537;201500032820;1;7;0;15.0;1.0;0.0;0.0;A01
49538;201500032821;0;2;0;0.0;2.0;2.0;0.0;A01
49539;201500032821;0;40;0;0.0;2.0;2.0;8.0;B01
49540;201500032824;0;7;0;0.0;2.0;3.0;1.0;B01
49541;201500032824;0;7;0;0.0;2.0;2.0;15.0;A01
49542;201500032825;0;7;0;0.0;2.0;3.0;15.0;A01
49543;201500032825;0;30;0;0.0;2.0;3.0;1.0;B01
49544;201500032826;0;7;0;0.0;2.0;7.0;1.0;A01
49545;201500032826;0;32;0;0.0;2.0;1.0;1.0;B01
49546;201500032827;0;33;0;0.0;1.0;4.0;1.0;A01
49547;201500032828;0;7;0;0.0;2.0;1.0;1.0;B01
49548;201500032828;1;7;0;0.0;2.0;0.0;15.0;Z01
49549;201500032829;0;3;0;0.0;1.0;4.0;4.0;A01
49550;201500032830;0;7;0;0.0;2.0;3.0;9.0;A01
49551;201500032830;0;33;0;0.0;2.0;1.0;9.0;B01
49552;201500032831;0;1;0;0.0;1.0;1.0;1.0;A01
49553;201500032832;0;13;0;0.0;1.0;0.0;15.0;A01
49554;201500032833;0;7;0;0.0;2.0;4.0;1.0;B01
49555;201500032833;0;7;0;0.0;2.0;1.0;1.0;A01
49556;201500032833;0;7;0;0.0;2.0;4.0;1.0;C01
49557;201500032835;0;7;0;0.0;2.0;3.0;1.0;A01
49558;201500032835;2;7;0;0.0;2.0;1.0;13.0;B01
49559;201500032836;0;7;0;1.0;0.0;7.0;1.0;B01
49560;201500032836;0;7;0;0.0;2.0;1.0;1.0;A01
49561;201500032839;1;7;0;0.0;1.0;4.0;4.0;Z01
49562;201500032840;0;7;0;0.0;2.0;2.0;15.0;A01
49563;201500032840;0;7;0;0.0;2.0;3.0;1.0;B01
49564;201500032841;0;16;0;0.0;1.0;2.0;1.0;A01
49565;201500032842;0;1;0;0.0;0.0;0.0;0.0;B01
49566;201500032842;0;14;0;0.0;9.0;5.0;1.0;A01
49567;201500032843;0;33;0;0.0;2.0;2.0;2.0;A01
49568;201500032843;0;7;0;0.0;2.0;0.0;0.0;B01
49569;201500032844;0;7;0;0.0;1.0;1.0;1.0;A01
49570;201500032846;0;7;0;0.0;2.0;3.0;1.0;B01
49571;201500032846;0;2;0;0.0;2.0;7.0;14.0;A01
49572;201500032847;0;7;0;0.0;2.0;1.0;2.0;B01
49573;201500032847;0;33;0;0.0;2.0;3.0;19.0;A01
49574;201500032848;0;32;0;0.0;0.0;0.0;0.0;B01
49575;201500032848;0;7;0;0.0;2.0;6.0;13.0;A01
49576;201500032849;0;7;0;0.0;2.0;2.0;15.0;A01
49577;201500032849;0;1;0;0.0;2.0;1.0;1.0;B01
49578;201500032850;0;7;0;1.0;0.0;1.0;11.0;A01
49579;201500032850;0;10;0;0.0;2.0;1.0;5.0;B01
49580;201500032851;0;7;0;0.0;2.0;2.0;0.0;A01
49581;201500032851;0;2;0;0.0;2.0;5.0;1.0;B01
49582;201500032852;0;30;0;4.0;0.0;2.0;19.0;A01
49583;201500032852;0;7;0;0.0;2.0;2.0;0.0;B01
49584;201500032853;0;32;0;0.0;1.0;1.0;1.0;A01
49585;201500032854;0;7;0;6.0;2.0;1.0;0.0;A01
49586;201500032854;0;30;0;0.0;2.0;4.0;0.0;B01
49587;201500032855;0;7;0;0.0;9.0;4.0;2.0;A01
49588;201500032855;0;31;0;14.0;0.0;1.0;2.0;B01
49589;201500032856;0;7;0;2.0;0.0;7.0;17.0;A01
49590;201500032857;0;10;0;14.0;2.0;4.0;23.0;B01
49591;201500032857;0;7;0;14.0;0.0;1.0;2.0;A01
49592;201500032857;0;7;0;0.0;2.0;4.0;23.0;C01
49593;201500032858;0;7;0;0.0;1.0;3.0;1.0;A01
49594;201500032859;0;31;0;0.0;2.0;1.0;1.0;A01
49595;201500032859;0;7;0;0.0;2.0;3.0;15.0;B01
49596;201500032861;0;7;0;0.0;2.0;1.0;13.0;A01
49597;201500032861;0;7;0;0.0;2.0;1.0;1.0;B01
49598;201500032862;0;33;0;0.0;2.0;5.0;2.0;B01
49599;201500032862;0;7;0;0.0;2.0;3.0;15.0;A01
49600;201500032863;0;7;0;0.0;2.0;4.0;2.0;A01
49601;201500032863;0;30;0;0.0;2.0;1.0;2.0;B01
49602;201500032864;0;33;0;0.0;2.0;2.0;0.0;B01
49603;201500032864;0;7;0;0.0;2.0;8.0;15.0;A01
49604;201500032865;0;1;0;0.0;2.0;1.0;1.0;B01
49605;201500032865;0;7;0;0.0;2.0;2.0;16.0;A01
49606;201500032866;0;7;0;0.0;0.0;4.0;1.0;B01
49607;201500032866;0;33;0;0.0;2.0;1.0;1.0;A01
49608;201500032867;0;2;0;1.0;0.0;1.0;14.0;A01
49609;201500032868;0;33;0;0.0;2.0;7.0;17.0;A01
49610;201500032868;0;7;0;0.0;2.0;3.0;15.0;B01
49611;201500032869;0;7;0;6.0;0.0;0.0;0.0;A01
49612;201500032871;0;7;0;0.0;1.0;3.0;1.0;A01
49613;201500032872;0;7;0;0.0;2.0;3.0;15.0;B01
49614;201500032872;0;32;0;0.0;2.0;1.0;2.0;A01
49615;201500032873;0;7;0;0.0;1.0;1.0;2.0;A01
49616;201500032874;0;33;0;0.0;2.0;1.0;1.0;B01
49617;201500032874;0;7;0;0.0;2.0;3.0;15.0;A01
49618;201500032876;0;7;0;0.0;2.0;1.0;1.0;A01
49619;201500032876;0;15;0;0.0;2.0;4.0;1.0;B01
49620;201500032877;0;1;0;0.0;2.0;1.0;19.0;A01
49621;201500032877;0;7;0;0.0;2.0;2.0;16.0;B01
49622;201500032878;0;7;0;0.0;1.0;3.0;19.0;A01
49623;201500032879;1;1;0;0.0;1.0;0.0;0.0;Z01
49624;201500032880;0;7;0;0.0;9.0;6.0;15.0;B01
49625;201500032880;0;1;0;0.0;2.0;3.0;5.0;A01
49626;201500032881;0;1;0;12.0;2.0;8.0;18.0;A01
49627;201500032881;0;37;0;12.0;9.0;5.0;1.0;B01
49628;201500032882;1;7;0;0.0;2.0;4.0;4.0;Z01
49629;201500032882;0;33;0;0.0;2.0;1.0;2.0;A01
49630;201500032883;0;7;0;0.0;9.0;2.0;1.0;A01
49631;201500032883;0;1;0;0.0;2.0;1.0;1.0;B01
49632;201500032884;0;1;0;0.0;0.0;0.0;0.0;B01
49633;201500032884;0;7;0;0.0;2.0;3.0;1.0;A01
49634;201500032885;0;33;0;0.0;2.0;7.0;1.0;B01
49635;201500032885;0;7;0;0.0;2.0;1.0;15.0;A01
49636;201500032886;0;7;0;1.0;1.0;3.0;1.0;A01
49637;201500032887;0;7;0;6.0;0.0;1.0;16.0;A01
49638;201500032888;0;3;0;9.0;1.0;8.0;0.0;A01
49639;201500032889;0;7;0;0.0;1.0;1.0;17.0;A01
49640;201500032890;0;40;45;0.0;1.0;1.0;1.0;A01
49641;201500032891;0;33;0;5.0;0.0;4.0;1.0;A01
49642;201500032892;0;7;0;0.0;2.0;3.0;1.0;B01
49643;201500032892;0;7;0;0.0;2.0;3.0;15.0;A01
49644;201500032893;0;7;0;6.0;0.0;2.0;1.0;A01
49645;201500032894;0;33;0;0.0;2.0;2.0;1.0;A01
49646;201500032894;0;33;0;0.0;2.0;5.0;15.0;B01
49647;201500032895;0;1;0;0.0;2.0;4.0;15.0;B01
49648;201500032895;0;7;0;0.0;2.0;2.0;1.0;A01
49649;201500032896;0;10;0;0.0;2.0;3.0;15.0;B01
49650;201500032896;0;7;0;6.0;1.0;1.0;8.0;A01
49651;201500032897;0;7;0;0.0;2.0;2.0;1.0;B01
49652;201500032897;0;7;0;0.0;2.0;3.0;15.0;A01
49653;201500032900;0;31;0;0.0;2.0;0.0;1.0;B01
49654;201500032900;1;7;0;0.0;0.0;0.0;0.0;Z01
49655;201500032901;0;10;0;0.0;1.0;3.0;1.0;A01
49656;201500032902;0;10;0;0.0;1.0;3.0;1.0;A01
49657;201500032903;0;7;0;0.0;2.0;7.0;16.0;B01
49658;201500032903;0;30;0;0.0;2.0;8.0;18.0;A01
49659;201500032904;0;40;50;0.0;1.0;1.0;0.0;A01
49660;201500032905;0;7;0;0.0;2.0;3.0;15.0;A01
49661;201500032905;0;7;0;0.0;2.0;2.0;17.0;B01
49662;201500032906;0;7;0;0.0;2.0;3.0;2.0;B01
49663;201500032906;0;10;0;0.0;2.0;2.0;2.0;A01
49664;201500032907;0;7;0;0.0;2.0;3.0;1.0;B01
49665;201500032907;2;7;0;0.0;2.0;3.0;13.0;A01
49666;201500032908;0;1;0;1.0;2.0;1.0;11.0;B01
49667;201500032908;0;7;0;1.0;9.0;2.0;1.0;A01
49668;201500032909;0;33;0;0.0;2.0;8.0;1.0;B01
49669;201500032909;0;7;0;0.0;2.0;3.0;15.0;A01
49670;201500032910;0;7;0;0.0;2.0;8.0;15.0;A01
49671;201500032910;0;7;0;0.0;2.0;1.0;1.0;B01
49672;201500032911;1;7;0;0.0;1.0;0.0;1.0;Z01
49673;201500032912;0;7;0;0.0;2.0;1.0;1.0;B01
49674;201500032912;0;2;0;0.0;2.0;1.0;15.0;A01
49675;201500032913;0;7;0;2.0;0.0;2.0;13.0;A01
49676;201500032914;0;7;0;0.0;2.0;1.0;15.0;A01
49677;201500032914;0;7;0;0.0;2.0;3.0;1.0;B01
49678;201500032915;1;7;0;0.0;1.0;0.0;5.0;A01
49679;201500032917;0;30;0;8.0;0.0;7.0;0.0;A01
49680;201500032918;0;7;0;0.0;2.0;7.0;2.0;A01
49681;201500032918;0;7;0;0.0;2.0;4.0;2.0;C01
49682;201500032918;0;7;0;0.0;2.0;9.0;13.0;B01
49683;201500032919;0;7;0;16.0;0.0;2.0;15.0;A01
49684;201500032919;0;30;0;0.0;2.0;1.0;2.0;B01
49685;201500032920;0;7;0;0.0;1.0;1.0;16.0;A01
49686;201500032921;0;34;0;0.0;1.0;1.0;1.0;A01
49687;201500032922;0;33;0;12.0;0.0;7.0;1.0;A01
49688;201500032923;0;33;0;0.0;2.0;1.0;1.0;B01
49689;201500032923;0;7;0;0.0;2.0;7.0;15.0;A01
49690;201500032924;0;33;0;0.0;2.0;1.0;1.0;B01
49691;201500032924;0;7;0;0.0;2.0;3.0;10.0;A01
49692;201500032926;0;33;0;0.0;1.0;0.0;17.0;A01
49693;201500032928;0;99;0;0.0;2.0;3.0;1.0;A01
49694;201500032928;0;7;0;8.0;2.0;6.0;13.0;B01
49695;201500032929;0;30;0;0.0;2.0;1.0;1.0;B01
49696;201500032929;0;7;0;0.0;2.0;3.0;15.0;A01
49697;201500032930;0;7;0;0.0;2.0;1.0;1.0;A01
49698;201500032930;0;1;0;0.0;2.0;7.0;1.0;B01
49699;201500032931;0;30;0;0.0;1.0;1.0;17.0;A01
49700;201500032932;1;33;0;0.0;1.0;0.0;0.0;Z01
49701;201500032933;0;7;0;0.0;1.0;0.0;1.0;A01
49702;201500032934;0;10;0;0.0;2.0;1.0;2.0;A01
49703;201500032934;0;10;0;0.0;2.0;4.0;1.0;B01
49704;201500032937;0;33;0;3.0;0.0;8.0;9.0;A01
49705;201500032939;0;7;0;0.0;0.0;4.0;1.0;B01
49706;201500032939;0;7;0;0.0;0.0;1.0;1.0;A01
49707;201500032940;0;7;0;0.0;2.0;2.0;0.0;B01
49708;201500032940;0;30;0;0.0;2.0;2.0;5.0;A01
49709;201500032942;0;7;0;0.0;2.0;8.0;16.0;B01
49710;201500032942;0;14;0;0.0;2.0;2.0;0.0;A01
49711;201500032943;0;7;0;6.0;0.0;1.0;1.0;A01
49712;201500032945;0;2;0;0.0;0.0;0.0;0.0;A01
49713;201500032946;0;7;0;6.0;2.0;1.0;2.0;B01
49714;201500032946;0;7;0;0.0;2.0;6.0;19.0;A01
49715;201500032947;0;7;0;0.0;2.0;1.0;1.0;A01
49716;201500032947;0;7;0;1.0;0.0;0.0;0.0;C01
49717;201500032947;0;10;0;0.0;0.0;0.0;0.0;B01
49718;201500032948;1;31;0;0.0;1.0;7.0;1.0;Z01
49719;201500032949;0;7;0;0.0;1.0;2.0;2.0;A01
49720;201500032950;1;7;0;0.0;1.0;0.0;0.0;Z01
49721;201500032951;0;7;0;0.0;1.0;3.0;15.0;A01
49722;201500032952;0;7;0;0.0;1.0;8.0;4.0;A01
49723;201500032953;1;30;0;0.0;1.0;0.0;0.0;A01
49724;201500032954;0;7;0;0.0;1.0;1.0;16.0;A01
49725;201500032955;0;15;0;0.0;4.0;8.0;15.0;A01
49726;201500032955;0;40;0;0.0;2.0;2.0;1.0;B01
49727;201500032956;0;1;0;0.0;9.0;3.0;1.0;A01
49728;201500032956;0;40;52;0.0;9.0;3.0;0.0;B01
49729;201500032957;0;32;0;0.0;2.0;1.0;1.0;B01
49730;201500032957;0;7;0;0.0;2.0;1.0;15.0;A01
49731;201500032959;0;7;0;0.0;1.0;1.0;1.0;A01
49732;201500032960;0;7;0;0.0;2.0;2.0;15.0;A01
49733;201500032960;0;31;0;0.0;2.0;1.0;1.0;B01
49734;201500032961;2;7;0;0.0;0.0;2.0;15.0;Z01
49735;201500032961;0;30;0;0.0;0.0;3.0;1.0;A01
49736;201500032962;0;1;0;1.0;0.0;1.0;1.0;B01
49737;201500032962;0;14;0;0.0;2.0;3.0;23.0;A01
49738;201500032963;0;7;0;0.0;0.0;3.0;15.0;B01
49739;201500032963;0;99;0;0.0;0.0;2.0;7.0;A01
49740;201500032964;0;1;0;0.0;2.0;1.0;1.0;B01
49741;201500032964;0;10;0;0.0;2.0;7.0;15.0;A01
49742;201500032965;0;33;0;0.0;2.0;2.0;1.0;B01
49743;201500032965;0;7;0;0.0;2.0;3.0;1.0;A01
49744;201500032966;0;30;0;0.0;2.0;1.0;1.0;B01
49745;201500032966;0;37;60;0.0;2.0;7.0;15.0;A01
49746;201500032967;0;10;0;0.0;2.0;7.0;16.0;A01
49747;201500032967;0;1;0;0.0;2.0;1.0;16.0;B01
49748;201500032968;0;7;0;1.0;2.0;2.0;1.0;A01
49749;201500032968;0;7;0;0.0;2.0;6.0;15.0;B01
49750;201500032969;0;7;0;0.0;1.0;7.0;1.0;A01
49751;201500032970;0;7;0;0.0;2.0;5.0;16.0;A01
49752;201500032970;1;7;0;0.0;2.0;1.0;1.0;B01
49753;201500032971;0;1;0;0.0;2.0;0.0;0.0;B01
49754;201500032971;0;7;0;0.0;2.0;3.0;15.0;A01
49755;201500032972;0;7;0;0.0;2.0;1.0;2.0;A01
49756;201500032972;0;7;0;0.0;9.0;4.0;2.0;B01
49757;201500032973;0;7;0;0.0;2.0;2.0;1.0;A01
49758;201500032973;0;31;0;0.0;2.0;1.0;1.0;B01
49759;201500032974;0;1;0;0.0;2.0;3.0;2.0;B01
49760;201500032974;0;37;40;0.0;2.0;7.0;2.0;A01
49761;201500032976;0;7;0;0.0;1.0;2.0;1.0;A01
49762;201500032977;2;10;0;1.0;1.0;9.0;1.0;Z01
49763;201500032979;0;7;0;0.0;2.0;5.0;21.0;B01
49764;201500032979;2;7;0;0.0;2.0;2.0;5.0;A01
49765;201500032980;0;7;0;0.0;1.0;6.0;4.0;A01
49766;201500032981;0;7;0;0.0;2.0;1.0;1.0;A01
49767;201500032981;0;7;0;0.0;2.0;1.0;1.0;B01
49768;201500032982;0;7;0;0.0;2.0;4.0;23.0;C01
49769;201500032982;0;7;0;0.0;2.0;1.0;9.0;A01
49770;201500032982;0;7;0;0.0;2.0;4.0;23.0;B01
49771;201500032984;0;7;0;8.0;0.0;2.0;1.0;A01
49772;201500032985;0;2;0;0.0;2.0;2.0;17.0;A01
49773;201500032985;0;7;0;0.0;2.0;6.0;1.0;B01
49774;201500032987;0;7;0;0.0;1.0;0.0;4.0;A01
49775;201500032988;0;7;0;0.0;1.0;1.0;1.0;A01
49776;201500032989;0;7;0;0.0;2.0;1.0;2.0;A01
49777;201500032989;0;7;0;0.0;2.0;4.0;2.0;B01
49778;201500032990;0;7;0;0.0;0.0;5.0;2.0;B01
49779;201500032990;0;7;0;0.0;0.0;0.0;0.0;A01
49780;201500032991;1;7;0;0.0;0.0;3.0;21.0;A01
49781;201500032991;0;7;0;0.0;0.0;6.0;2.0;B01
49782;201500032992;0;7;0;0.0;2.0;4.0;1.0;B01
49783;201500032992;0;10;0;0.0;2.0;1.0;1.0;A01
49784;201500032993;0;7;0;0.0;9.0;8.0;22.0;A01
49785;201500032993;0;1;0;1.0;0.0;1.0;1.0;B01
49786;201500032995;0;7;0;0.0;2.0;3.0;15.0;A01
49787;201500032995;0;7;0;0.0;2.0;3.0;1.0;B01
49788;201500032996;0;7;0;15.0;0.0;1.0;14.0;A01
49789;201500032997;0;15;0;14.0;0.0;5.0;1.0;A01
49790;201500032998;0;10;0;0.0;2.0;2.0;15.0;A01
49791;201500032998;0;7;0;0.0;2.0;3.0;1.0;B01
49792;201500032999;0;7;0;2.0;0.0;8.0;1.0;A01
49793;201500033000;0;7;0;0.0;1.0;1.0;1.0;A01
49794;201500033002;1;99;0;0.0;2.0;0.0;1.0;Z01
49795;201500033002;0;1;0;0.0;2.0;3.0;1.0;A01
49796;201500033003;0;7;0;0.0;2.0;1.0;2.0;A01
49797;201500033003;0;10;0;0.0;2.0;4.0;2.0;B01
49798;201500033004;0;7;0;0.0;2.0;2.0;15.0;A01
49799;201500033004;0;10;0;0.0;2.0;1.0;1.0;B01
49800;201500033005;0;10;0;0.0;1.0;1.0;1.0;A01
49801;201500033006;0;7;0;0.0;2.0;8.0;13.0;A01
49802;201500033006;0;33;0;0.0;2.0;1.0;17.0;B01
49803;201500033007;0;7;0;0.0;2.0;3.0;2.0;B01
49804;201500033007;0;10;0;0.0;2.0;6.0;13.0;A01
49805;201500033008;0;7;0;0.0;1.0;0.0;15.0;A01
49806;201500033010;1;7;0;0.0;1.0;3.0;1.0;Z01
49807;201500033011;0;7;0;0.0;1.0;3.0;1.0;A01
49808;201500033012;0;7;0;2.0;0.0;1.0;1.0;A01
49809;201500033013;0;3;0;0.0;2.0;2.0;15.0;B01
49810;201500033013;0;7;0;8.0;2.0;3.0;1.0;A01
49811;201500033014;0;2;0;6.0;0.0;5.0;1.0;A01
49812;201500033014;0;10;0;0.0;2.0;1.0;1.0;B01
49813;201500033015;0;1;0;0.0;2.0;5.0;0.0;B01
49814;201500033015;0;7;0;0.0;2.0;1.0;1.0;A01
49815;201500033016;0;1;0;1.0;0.0;1.0;14.0;A01
49816;201500033017;0;7;0;0.0;2.0;3.0;16.0;A01
49817;201500033017;0;1;0;0.0;2.0;2.0;15.0;B01
49818;201500033019;0;1;0;0.0;2.0;2.0;1.0;B01
49819;201500033019;0;7;0;0.0;2.0;3.0;15.0;A01
49820;201500033020;0;7;0;0.0;2.0;3.0;13.0;A01
49821;201500033020;0;7;0;0.0;2.0;3.0;1.0;B01