;Num_Acc;senc;catv;occutc;obs;obsm;choc;manv;num_veh
51504;201500034175;0;17;0;0.0;0.0;8.0;11.0;A01
51505;201500034175;0;33;0;3.0;2.0;9.0;1.0;B01
51506;201500034176;0;7;0;0.0;2.0;1.0;0.0;A01
51507;201500034176;0;7;0;0.0;2.0;3.0;14.0;B01
51508;201500034177;0;99;0;1.0;0.0;0.0;1.0;A01
51509;201500034178;0;7;0;0.0;2.0;1.0;0.0;A01
51510;201500034178;0;7;0;0.0;2.0;1.0;5.0;B01
51511;201500034179;0;10;0;1.0;0.0;2.0;14.0;A01
51512;201500034179;0;15;0;0.0;0.0;6.0;23.0;B01
51513;201500034179;0;7;0;0.0;2.0;2.0;17.0;C01
51514;201500034180;0;7;0;0.0;0.0;0.0;0.0;A01
51515;201500034181;0;7;0;2.0;0.0;3.0;14.0;A01
51516;201500034182;0;14;0;0.0;2.0;7.0;15.0;A01
51517;201500034182;0;33;0;0.0;2.0;1.0;1.0;B01
51518;201500034183;0;7;0;0.0;2.0;3.0;1.0;B01
51519;201500034183;0;7;0;0.0;2.0;7.0;9.0;A01
51520;201500034184;2;7;0;16.0;0.0;0.0;0.0;A01
51521;201500034184;0;7;0;0.0;9.0;0.0;0.0;B01
51522;201500034186;0;7;0;0.0;2.0;1.0;13.0;A01
51523;201500034186;0;7;0;0.0;2.0;1.0;1.0;B01
51524;201500034186;0;15;0;0.0;2.0;3.0;1.0;C01
51525;201500034186;0;10;0;0.0;2.0;1.0;1.0;D01
51526;201500034187;0;33;0;0.0;0.0;3.0;1.0;A01
51527;201500034187;0;33;0;0.0;0.0;0.0;0.0;B01
51528;201500034187;0;7;0;0.0;0.0;0.0;0.0;C01
51529;201500034188;0;7;0;0.0;2.0;3.0;6.0;B01
51530;201500034188;0;30;0;0.0;2.0;1.0;19.0;A01
51531;201500034189;0;7;0;0.0;1.0;1.0;1.0;A01
51532;201500034190;0;7;0;0.0;1.0;3.0;15.0;A01
51533;201500034191;0;7;0;0.0;1.0;1.0;16.0;A01
51534;201500034192;0;30;0;0.0;0.0;1.0;1.0;B01
51535;201500034192;0;7;0;0.0;2.0;3.0;16.0;A01
51536;201500034193;0;7;0;0.0;2.0;0.0;0.0;B01
51537;201500034193;1;7;0;0.0;0.0;0.0;0.0;A01
51538;201500034194;0;7;0;0.0;2.0;8.0;1.0;B01
51539;201500034194;0;33;0;0.0;2.0;1.0;1.0;A01
51540;201500034195;0;7;0;0.0;1.0;0.0;0.0;A01
51541;201500034196;0;7;0;0.0;1.0;1.0;1.0;A01
51542;201500034197;0;7;0;0.0;1.0;1.0;17.0;A01
51543;201500034198;0;7;0;0.0;2.0;4.0;0.0;B01
51544;201500034198;0;7;0;0.0;2.0;4.0;1.0;C01
51545;201500034198;0;7;0;0.0;2.0;1.0;1.0;A01
51546;201500034199;0;7;0;16.0;0.0;1.0;1.0;A01
51547;201500034200;0;2;0;0.0;2.0;1.0;1.0;B01
51548;201500034200;0;7;0;0.0;2.0;3.0;13.0;A01
51549;201500034201;0;7;0;0.0;2.0;1.0;19.0;A01
51550;201500034201;0;30;0;0.0;2.0;8.0;1.0;B01
51551;201500034202;2;7;0;0.0;2.0;4.0;4.0;A01
51552;201500034202;0;7;0;0.0;2.0;1.0;23.0;B01
51553;201500034204;1;31;0;0.0;1.0;0.0;1.0;A01
51554;201500034206;0;1;0;0.0;0.0;8.0;2.0;B01
51555;201500034206;0;20;0;0.0;9.0;7.0;16.0;A01
51556;201500034207;0;37;0;0.0;1.0;0.0;0.0;A01
51557;201500034209;0;15;0;0.0;2.0;2.0;1.0;A01
51558;201500034209;0;37;0;0.0;2.0;8.0;0.0;B01
51559;201500034210;0;7;0;0.0;0.0;1.0;2.0;A01
51560;201500034210;0;7;0;0.0;0.0;4.0;0.0;C01
51561;201500034210;0;7;0;0.0;2.0;4.0;0.0;B01
51562;201500034211;0;7;0;2.0;0.0;1.0;1.0;A01
51563;201500034212;1;13;0;0.0;1.0;0.0;0.0;A01
51564;201500034213;0;31;0;0.0;2.0;1.0;5.0;B01
51565;201500034213;0;7;0;16.0;9.0;7.0;5.0;A01
51566;201500034214;0;15;0;0.0;2.0;8.0;23.0;B01
51567;201500034214;0;7;0;1.0;0.0;1.0;2.0;A01
51568;201500034215;0;7;0;0.0;2.0;7.0;9.0;A01
51569;201500034215;0;33;0;0.0;2.0;1.0;1.0;B01
51570;201500034216;0;33;0;0.0;2.0;2.0;16.0;A01
51571;201500034216;0;7;0;0.0;2.0;3.0;2.0;B01
51572;201500034217;0;3;0;0.0;2.0;1.0;15.0;A01
51573;201500034217;0;7;0;0.0;0.0;0.0;0.0;B01
51574;201500034219;0;33;0;0.0;2.0;1.0;1.0;B01
51575;201500034219;0;7;0;0.0;2.0;8.0;10.0;A01
51576;201500034220;0;37;0;0.0;1.0;2.0;1.0;B01
51577;201500034221;0;2;0;0.0;2.0;6.0;15.0;B01
51578;201500034221;0;7;0;0.0;2.0;2.0;12.0;A01
51579;201500034222;2;7;0;0.0;0.0;2.0;0.0;A01
51580;201500034222;0;7;0;0.0;0.0;2.0;0.0;B01
51581;201500034223;0;7;0;0.0;2.0;9.0;21.0;A01
51582;201500034223;0;7;0;0.0;2.0;0.0;1.0;B01
51583;201500034224;1;7;0;0.0;2.0;1.0;2.0;A01
51584;201500034224;0;7;0;0.0;2.0;4.0;2.0;B01
51585;201500034225;0;7;0;0.0;1.0;4.0;4.0;A01
51586;201500034226;0;7;0;0.0;1.0;1.0;2.0;A01
51587;201500034227;2;7;0;8.0;0.0;1.0;0.0;A01
51588;201500034228;0;37;0;0.0;1.0;2.0;19.0;A01
51589;201500034229;0;1;0;0.0;2.0;0.0;1.0;B01
51590;201500034229;0;7;0;0.0;2.0;3.0;13.0;A01
51591;201500034230;0;7;0;6.0;0.0;1.0;0.0;A01
51592;201500034231;0;7;0;8.0;0.0;1.0;1.0;B01
51593;201500034231;0;7;0;0.0;2.0;1.0;9.0;A01
51594;201500034232;1;32;0;0.0;1.0;0.0;1.0;A01
51595;201500034233;0;7;0;8.0;0.0;1.0;0.0;B01
51596;201500034233;1;10;0;0.0;2.0;0.0;1.0;A01
51597;201500034235;0;7;0;4.0;0.0;3.0;13.0;A01
51598;201500034236;0;38;0;0.0;0.0;0.0;1.0;A01
51599;201500034237;0;7;0;0.0;2.0;1.0;1.0;B01
51600;201500034237;0;7;0;14.0;2.0;1.0;1.0;A01
51601;201500034238;0;7;0;0.0;1.0;7.0;1.0;A01
51602;201500034239;0;33;0;0.0;0.0;0.0;1.0;A01
51603;201500034240;0;7;0;0.0;2.0;4.0;23.0;C01
51604;201500034240;0;7;0;0.0;2.0;1.0;1.0;A01
51605;201500034240;0;7;0;0.0;2.0;4.0;23.0;B01
51606;201500034241;0;7;0;0.0;1.0;2.0;1.0;A01
51607;201500034242;0;7;0;0.0;1.0;0.0;0.0;A01
51608;201500034243;0;7;0;0.0;1.0;3.0;1.0;A01
51609;201500034244;0;33;0;0.0;2.0;0.0;0.0;A01
51610;201500034244;0;7;0;0.0;2.0;0.0;0.0;B01
51611;201500034245;0;33;0;0.0;2.0;3.0;1.0;B01
51612;201500034245;0;7;0;0.0;2.0;3.0;1.0;A01
51613;201500034247;0;7;0;0.0;1.0;1.0;1.0;A01
51614;201500034248;1;7;0;0.0;2.0;1.0;2.0;A01
51615;201500034248;0;7;0;0.0;2.0;4.0;23.0;B01
51616;201500034249;0;10;0;0.0;2.0;7.0;0.0;B01
51617;201500034249;0;7;0;0.0;2.0;3.0;0.0;A01
51618;201500034250;0;33;0;0.0;2.0;8.0;0.0;B01
51619;201500034250;0;7;0;0.0;2.0;3.0;15.0;A01
51620;201500034251;0;7;0;0.0;1.0;4.0;4.0;A01
51621;201500034252;0;7;0;0.0;1.0;3.0;2.0;A01
51622;201500034253;0;7;0;0.0;2.0;1.0;2.0;A01
51623;201500034253;0;7;0;0.0;2.0;4.0;23.0;B01
51624;201500034253;0;7;0;0.0;0.0;0.0;0.0;C01
51625;201500034254;0;7;0;0.0;2.0;4.0;1.0;B01
51626;201500034254;0;32;0;0.0;2.0;1.0;1.0;A01
51627;201500034255;0;7;0;0.0;1.0;0.0;0.0;A01
51628;201500034256;0;7;0;0.0;2.0;1.0;2.0;A01
51629;201500034256;0;7;0;0.0;2.0;4.0;2.0;B01
51630;201500034256;0;7;0;0.0;0.0;0.0;0.0;C01
51631;201500034256;0;7;0;0.0;2.0;4.0;0.0;D01
51632;201500034256;0;7;0;0.0;2.0;4.0;2.0;E01
51633;201500034257;0;7;0;0.0;2.0;8.0;0.0;A01
51634;201500034257;0;33;0;0.0;2.0;1.0;1.0;B01
51635;201500034258;0;1;0;0.0;2.0;4.0;1.0;B01
51636;201500034258;0;7;0;0.0;9.0;1.0;1.0;A01
51637;201500034259;0;7;0;0.0;2.0;0.0;0.0;A01
51638;201500034259;0;7;0;0.0;2.0;0.0;0.0;B01
51639;201500034260;0;32;0;0.0;2.0;8.0;1.0;A01
51640;201500034260;0;7;0;0.0;2.0;3.0;1.0;B01
51641;201500034261;0;7;0;0.0;2.0;7.0;2.0;A01
51642;201500034261;0;7;0;0.0;2.0;3.0;2.0;B01
51643;201500034262;0;7;0;0.0;2.0;5.0;1.0;C01
51644;201500034262;0;7;0;3.0;2.0;1.0;0.0;A01
51645;201500034262;0;7;0;5.0;2.0;1.0;21.0;B01
51646;201500034263;0;7;0;0.0;2.0;3.0;15.0;A01
51647;201500034263;0;1;0;0.0;2.0;3.0;0.0;B01
51648;201500034264;1;10;0;0.0;1.0;1.0;1.0;A01
51649;201500034265;0;7;0;0.0;2.0;7.0;15.0;A01
51650;201500034265;0;34;0;0.0;2.0;1.0;1.0;B01
51651;201500034266;0;7;0;0.0;1.0;3.0;4.0;A01
51652;201500034267;0;7;0;3.0;2.0;1.0;2.0;A01
51653;201500034267;0;7;0;3.0;2.0;4.0;2.0;C01
51654;201500034267;0;7;0;5.0;2.0;9.0;2.0;B01
51655;201500034268;0;7;0;0.0;2.0;4.0;10.0;B01
51656;201500034268;2;7;0;0.0;2.0;1.0;1.0;A01
51657;201500034269;0;33;0;4.0;0.0;1.0;18.0;A01
51658;201500034270;0;7;0;0.0;2.0;3.0;15.0;B01
51659;201500034270;1;7;0;0.0;2.0;2.0;19.0;A01
51660;201500034271;0;7;0;0.0;2.0;8.0;9.0;A01
51661;201500034271;0;30;0;0.0;2.0;9.0;2.0;B01
51662;201500034272;0;37;0;0.0;1.0;5.0;1.0;A01
51663;201500034273;0;7;0;0.0;2.0;1.0;2.0;A01
51664;201500034273;0;7;0;0.0;2.0;4.0;1.0;B01
51665;201500034274;0;33;0;0.0;2.0;2.0;21.0;B01
51666;201500034274;0;10;0;0.0;2.0;3.0;15.0;A01
51667;201500034275;0;7;0;0.0;1.0;8.0;0.0;A01
51668;201500034276;0;7;0;0.0;2.0;5.0;9.0;A01
51669;201500034276;0;33;0;0.0;2.0;8.0;2.0;B01
51670;201500034277;0;10;0;0.0;2.0;3.0;15.0;A01
51671;201500034277;0;30;0;0.0;2.0;7.0;1.0;B01
51672;201500034278;0;7;0;0.0;2.0;2.0;1.0;B01
51673;201500034278;0;7;0;0.0;2.0;3.0;11.0;A01
51674;201500034280;0;34;0;0.0;2.0;8.0;15.0;B01
51675;201500034280;0;7;0;0.0;2.0;3.0;1.0;A01
51676;201500034282;0;7;0;0.0;1.0;8.0;1.0;A01
51677;201500034283;0;1;0;0.0;0.0;0.0;0.0;B01
51678;201500034283;0;7;0;0.0;2.0;4.0;4.0;A01
51679;201500034284;0;7;0;0.0;1.0;2.0;0.0;A01
51680;201500034285;0;31;0;0.0;2.0;1.0;1.0;B01
51681;201500034285;0;7;0;0.0;2.0;2.0;15.0;A01
51682;201500034286;0;33;0;0.0;2.0;8.0;11.0;B01
51683;201500034288;0;7;0;12.0;6.0;9.0;1.0;A01
51684;201500034290;0;7;0;0.0;1.0;3.0;1.0;A01
51685;201500034291;0;7;0;0.0;2.0;4.0;2.0;B01
51686;201500034291;0;7;0;0.0;2.0;1.0;1.0;A01
51687;201500034292;0;34;0;11.0;0.0;1.0;6.0;A01
51688;201500034293;0;33;0;0.0;2.0;1.0;1.0;B01
51689;201500034293;0;7;0;0.0;2.0;2.0;15.0;A01
51690;201500034294;0;7;0;0.0;1.0;3.0;15.0;A01
51691;201500034295;0;33;0;4.0;2.0;0.0;17.0;A01
51692;201500034296;0;7;0;0.0;1.0;3.0;2.0;A01
51693;201500034297;0;7;0;0.0;1.0;2.0;15.0;A01
51694;201500034298;0;2;0;0.0;2.0;1.0;1.0;B01
51695;201500034298;0;7;0;0.0;2.0;3.0;9.0;A01
51696;201500034299;0;7;0;0.0;1.0;1.0;2.0;A01
51697;201500034300;0;37;1;0.0;1.0;1.0;16.0;A01
51698;201500034301;0;7;0;0.0;2.0;3.0;1.0;B01
51699;201500034301;0;2;0;0.0;2.0;7.0;1.0;A01
51700;201500034302;0;7;0;0.0;1.0;1.0;1.0;A01
51701;201500034303;0;7;0;1.0;0.0;0.0;1.0;A01
51702;201500034304;0;2;0;0.0;2.0;4.0;1.0;B01
51703;201500034304;0;7;0;0.0;0.0;0.0;9.0;A01
51704;201500034305;0;10;0;0.0;2.0;3.0;15.0;B01
51705;201500034305;0;33;0;0.0;2.0;1.0;17.0;A01
51706;201500034306;0;7;0;0.0;1.0;1.0;1.0;A01
51707;201500034307;0;7;0;0.0;2.0;3.0;1.0;B01
51708;201500034307;0;2;0;0.0;2.0;1.0;5.0;A01
51709;201500034308;0;2;0;1.0;0.0;1.0;3.0;B01
51710;201500034308;0;7;0;0.0;0.0;7.0;22.0;A01
51711;201500034310;0;33;0;0.0;0.0;0.0;1.0;A01
51712;201500034311;0;7;0;0.0;1.0;2.0;1.0;A01
51713;201500034312;0;31;0;0.0;2.0;1.0;1.0;B01
51714;201500034312;0;7;0;0.0;2.0;7.0;15.0;A01
51715;201500034313;0;7;0;0.0;1.0;1.0;1.0;A01
51716;201500034314;0;7;0;0.0;2.0;1.0;1.0;B01
51717;201500034314;0;7;0;6.0;2.0;2.0;17.0;A01
51718;201500034314;0;10;0;0.0;2.0;3.0;1.0;C01
51719;201500034315;0;7;0;0.0;2.0;3.0;15.0;A01
51720;201500034315;0;2;0;0.0;2.0;1.0;1.0;B01
51721;201500034316;0;33;0;0.0;2.0;1.0;1.0;B01
51722;201500034316;0;7;0;0.0;2.0;1.0;10.0;A01
51723;201500034317;0;7;0;0.0;1.0;1.0;1.0;A01
51724;201500034318;0;33;0;0.0;1.0;3.0;1.0;A01
51725;201500034319;0;7;0;0.0;1.0;1.0;0.0;A01
51726;201500034320;0;7;0;0.0;0.0;9.0;1.0;A01
51727;201500034321;0;7;0;0.0;2.0;1.0;13.0;A01
51728;201500034321;0;14;0;0.0;2.0;1.0;1.0;B01
51729;201500034322;0;33;0;0.0;2.0;1.0;17.0;A01
51730;201500034322;0;7;0;0.0;2.0;6.0;15.0;B01
51731;201500034323;0;7;0;0.0;1.0;1.0;16.0;A01
51732;201500034324;0;10;0;0.0;2.0;1.0;15.0;A01
51733;201500034324;0;7;0;0.0;2.0;1.0;1.0;B01
51734;201500034325;0;10;0;0.0;2.0;5.0;15.0;A01
51735;201500034325;0;33;0;0.0;2.0;1.0;1.0;B01
51736;201500034326;0;7;0;0.0;0.0;4.0;0.0;B01
51737;201500034326;0;7;0;0.0;2.0;1.0;0.0;A01
51738;201500034327;0;34;0;0.0;1.0;1.0;1.0;A01
51739;201500034328;0;30;0;0.0;0.0;1.0;1.0;A01
51740;201500034328;0;14;0;14.0;0.0;4.0;1.0;B01
51741;201500034330;0;7;0;0.0;1.0;2.0;0.0;A01
51742;201500034331;0;7;0;0.0;0.0;9.0;0.0;A01
51743;201500034332;0;7;0;0.0;2.0;0.0;2.0;B01
51744;201500034332;0;33;0;0.0;2.0;8.0;2.0;A01
51745;201500034333;0;7;0;0.0;2.0;4.0;1.0;B01
51746;201500034333;0;7;0;0.0;2.0;1.0;1.0;A01
51747;201500034334;0;33;0;0.0;1.0;1.0;1.0;A01
51748;201500034335;0;7;0;0.0;2.0;1.0;1.0;B01
51749;201500034335;0;7;0;0.0;0.0;1.0;6.0;A01
51750;201500034336;0;7;0;0.0;0.0;4.0;1.0;A01
51751;201500034336;0;7;0;0.0;0.0;4.0;1.0;C01
51752;201500034336;0;7;0;0.0;0.0;0.0;0.0;B01
51753;201500034337;0;7;0;0.0;0.0;1.0;2.0;A01
51754;201500034337;0;7;0;0.0;0.0;4.0;2.0;B01
51755;201500034339;0;7;0;0.0;1.0;2.0;1.0;A01
51756;201500034340;0;7;0;0.0;2.0;5.0;23.0;B01
51757;201500034340;0;7;0;0.0;2.0;3.0;12.0;A01
51758;201500034340;0;7;0;0.0;2.0;4.0;1.0;C01
51759;201500034341;1;7;0;0.0;2.0;1.0;16.0;A01
51760;201500034341;0;7;0;0.0;2.0;3.0;15.0;B01
51761;201500034342;0;1;0;0.0;9.0;1.0;15.0;B01
51762;201500034342;0;37;0;0.0;9.0;2.0;1.0;A01
51763;201500034343;0;33;0;0.0;2.0;1.0;2.0;B01
51764;201500034343;0;7;0;0.0;2.0;3.0;13.0;A01
51765;201500034344;0;7;0;0.0;1.0;2.0;0.0;A01
51766;201500034345;0;7;0;0.0;2.0;0.0;0.0;C01
51767;201500034345;0;7;0;0.0;2.0;2.0;2.0;A01
51768;201500034345;0;7;0;0.0;2.0;0.0;0.0;B01
51769;201500034346;0;33;0;0.0;2.0;1.0;2.0;B01
51770;201500034346;0;7;0;0.0;2.0;2.0;19.0;A01
51771;201500034347;0;7;0;0.0;0.0;6.0;16.0;B01
51772;201500034347;0;30;0;0.0;2.0;1.0;1.0;A01
51773;201500034348;0;7;0;0.0;1.0;0.0;0.0;A01
51774;201500034349;0;10;0;0.0;2.0;3.0;13.0;A01
51775;201500034349;0;33;0;0.0;2.0;0.0;1.0;B01
51776;201500034350;0;7;0;0.0;0.0;8.0;13.0;B01
51777;201500034350;0;7;0;0.0;2.0;0.0;0.0;A01
51778;201500034351;0;7;0;0.0;2.0;1.0;0.0;A01
51779;201500034351;0;33;0;0.0;0.0;0.0;0.0;B01
51780;201500034352;0;7;0;0.0;0.0;0.0;0.0;B01
51781;201500034352;0;7;0;0.0;0.0;0.0;0.0;A01
51782;201500034353;0;7;0;14.0;2.0;9.0;0.0;B01
51783;201500034353;0;7;0;14.0;0.0;4.0;1.0;C01
51784;201500034353;0;7;0;14.0;0.0;1.0;0.0;A01
51785;201500034354;0;7;0;0.0;0.0;3.0;1.0;C01
51786;201500034354;0;7;0;0.0;0.0;6.0;2.0;B01
51787;201500034354;0;33;0;0.0;0.0;1.0;17.0;A01
51788;201500034355;0;7;0;0.0;1.0;2.0;0.0;A01
51789;201500034356;0;7;0;0.0;0.0;1.0;0.0;A01
51790;201500034357;0;32;0;15.0;0.0;1.0;1.0;A01
51791;201500034358;0;7;0;0.0;1.0;3.0;0.0;A01
51792;201500034359;0;10;0;0.0;1.0;7.0;9.0;A01
51793;201500034361;0;7;0;0.0;1.0;0.0;0.0;A01
51794;201500034362;0;7;0;0.0;2.0;8.0;15.0;A01
51795;201500034362;0;7;0;0.0;2.0;1.0;1.0;B01
51796;201500034363;0;31;0;0.0;2.0;7.0;16.0;A01
51797;201500034363;0;7;0;0.0;2.0;3.0;1.0;B01
51798;201500034364;0;7;0;0.0;1.0;3.0;1.0;A01
51799;201500034365;0;7;0;0.0;1.0;6.0;4.0;A01
51800;201500034367;0;7;0;16.0;0.0;4.0;0.0;A01
51801;201500034367;0;15;0;0.0;0.0;1.0;1.0;B01
51802;201500034368;0;7;0;6.0;0.0;1.0;0.0;A01
51803;201500034369;0;7;0;0.0;2.0;1.0;1.0;A01
51804;201500034369;0;7;0;0.0;2.0;0.0;0.0;B01
51805;201500034370;0;7;0;0.0;1.0;2.0;15.0;A01
51806;201500034371;0;32;0;0.0;2.0;1.0;2.0;A01
51807;201500034371;0;7;0;0.0;0.0;3.0;19.0;B01
51808;201500034373;0;7;0;0.0;2.0;2.0;0.0;A01
51809;201500034373;0;1;0;0.0;2.0;1.0;0.0;B01
51810;201500034374;0;10;0;0.0;0.0;4.0;2.0;B01
51811;201500034374;0;10;0;0.0;2.0;1.0;2.0;A01
51812;201500034375;0;7;0;0.0;1.0;1.0;16.0;A01
51813;201500034376;0;7;0;0.0;2.0;7.0;15.0;A01
51814;201500034376;0;33;0;0.0;2.0;1.0;1.0;B01
51815;201500034377;0;7;0;15.0;0.0;0.0;1.0;A01
51816;201500034379;0;7;0;0.0;0.0;4.0;1.0;B01
51817;201500034379;0;7;0;0.0;2.0;1.0;2.0;A01
51818;201500034380;0;30;0;0.0;2.0;1.0;17.0;A01
51819;201500034380;0;7;0;0.0;0.0;3.0;15.0;B01
51820;201500034381;0;14;0;0.0;1.0;2.0;1.0;A01
51821;201500034382;0;7;0;0.0;0.0;5.0;2.0;B01
51822;201500034382;0;1;0;0.0;2.0;1.0;2.0;A01
51823;201500034384;2;7;0;16.0;0.0;3.0;13.0;A01
51824;201500034384;0;33;0;12.0;0.0;1.0;1.0;B01
51825;201500034385;0;7;0;0.0;2.0;7.0;15.0;A01
51826;201500034385;0;33;0;0.0;2.0;1.0;0.0;B01
51827;201500034386;0;7;0;8.0;0.0;9.0;0.0;A01
51828;201500034387;0;7;0;0.0;1.0;6.0;4.0;A01
51829;201500034388;0;7;0;0.0;1.0;0.0;0.0;A01
51830;201500034389;0;10;0;0.0;0.0;4.0;1.0;B01
51831;201500034389;0;10;0;0.0;2.0;1.0;1.0;A01
51832;201500034390;0;7;0;0.0;1.0;1.0;1.0;A01
51833;201500034391;0;33;0;0.0;2.0;1.0;1.0;B01
51834;201500034391;0;7;0;0.0;2.0;5.0;15.0;A01
51835;201500034393;0;7;0;0.0;1.0;1.0;1.0;A01
51836;201500034394;0;7;0;0.0;1.0;1.0;2.0;A01
51837;201500034395;0;7;0;0.0;2.0;2.0;1.0;B01
51838;201500034395;0;7;0;0.0;2.0;1.0;0.0;A01
51839;201500034396;0;2;0;0.0;0.0;7.0;0.0;B01
51840;201500034396;0;7;0;0.0;0.0;3.0;0.0;A01
51841;201500034397;0;7;0;0.0;2.0;1.0;2.0;B01
51842;201500034397;0;7;0;0.0;0.0;2.0;15.0;A01
51843;201500034398;0;7;0;0.0;2.0;1.0;2.0;A01
51844;201500034398;0;30;0;0.0;0.0;4.0;0.0;B01
51845;201500034399;0;7;0;0.0;1.0;0.0;0.0;A01
51846;201500034400;0;7;0;0.0;2.0;1.0;1.0;C01
51847;201500034400;0;14;0;0.0;2.0;1.0;11.0;A01
51848;201500034400;0;7;0;0.0;2.0;4.0;2.0;B01
51849;201500034401;0;7;0;0.0;2.0;1.0;1.0;B01
51850;201500034401;0;7;0;0.0;2.0;1.0;2.0;A01
51851;201500034402;1;7;0;0.0;1.0;1.0;2.0;A01
51852;201500034403;0;7;0;0.0;2.0;1.0;15.0;A01
51853;201500034403;0;2;0;0.0;2.0;1.0;1.0;B01
51854;201500034404;0;37;1;0.0;1.0;0.0;0.0;A01
51855;201500034405;1;99;0;0.0;1.0;0.0;0.0;A01
51856;201500034406;0;2;0;0.0;2.0;1.0;2.0;B01
51857;201500034406;0;7;0;0.0;2.0;6.0;15.0;A01
51858;201500034407;0;7;0;0.0;0.0;0.0;0.0;A01
51859;201500034407;0;7;0;0.0;0.0;0.0;0.0;B01
51860;201500034408;0;7;0;0.0;2.0;1.0;2.0;A01
51861;201500034408;0;7;0;0.0;2.0;3.0;15.0;B01
51862;201500034409;0;7;0;0.0;2.0;3.0;1.0;A01
51863;201500034409;0;13;0;0.0;2.0;8.0;1.0;B01
51864;201500034410;0;7;0;0.0;1.0;1.0;2.0;A01
51865;201500034411;0;7;0;0.0;1.0;2.0;0.0;A01
51866;201500034412;0;7;0;0.0;2.0;1.0;1.0;B01
51867;201500034412;0;7;0;0.0;2.0;1.0;5.0;A01
51868;201500034413;0;7;0;0.0;0.0;3.0;0.0;B01
51869;201500034413;0;7;0;0.0;0.0;6.0;0.0;A01
51870;201500034414;0;7;0;0.0;2.0;2.0;15.0;A01
51871;201500034414;0;33;0;0.0;2.0;1.0;1.0;B01
51872;201500034415;0;1;0;0.0;2.0;4.0;2.0;B01
51873;201500034415;1;7;0;14.0;2.0;7.0;2.0;A01
51874;201500034416;0;7;0;0.0;1.0;1.0;1.0;A01
51875;201500034417;0;7;0;0.0;2.0;2.0;15.0;A01
51876;201500034417;0;2;0;0.0;2.0;1.0;0.0;B01
51877;201500034418;0;7;0;1.0;1.0;2.0;14.0;A01
51878;201500034419;0;7;0;0.0;2.0;4.0;2.0;C01
51879;201500034419;0;7;0;0.0;2.0;5.0;2.0;B01
51880;201500034419;0;7;0;0.0;2.0;3.0;2.0;A01
51881;201500034420;0;7;0;2.0;0.0;1.0;13.0;A01
51882;201500034421;0;7;0;0.0;2.0;5.0;12.0;A01
51883;201500034421;0;7;0;0.0;2.0;1.0;3.0;B01
51884;201500034423;0;7;0;2.0;0.0;6.0;0.0;A01
51885;201500034424;0;7;0;2.0;2.0;3.0;2.0;B01
51886;201500034424;0;7;0;2.0;2.0;2.0;2.0;A01
51887;201500034425;0;7;0;0.0;2.0;1.0;1.0;A01
51888;201500034425;0;7;0;0.0;0.0;8.0;15.0;B01
51889;201500034426;0;7;0;0.0;0.0;3.0;4.0;B01
51890;201500034426;0;31;0;8.0;2.0;2.0;2.0;A01
51891;201500034427;0;7;0;0.0;2.0;0.0;0.0;B01
51892;201500034427;0;7;0;0.0;2.0;0.0;0.0;A01
51893;201500034428;0;7;0;0.0;1.0;3.0;1.0;A01
51894;201500034429;0;7;0;0.0;2.0;6.0;10.0;A01
51895;201500034429;0;34;0;0.0;2.0;1.0;3.0;B01
51896;201500034430;0;7;0;0.0;2.0;8.0;1.0;B01
51897;201500034430;0;34;0;0.0;2.0;1.0;1.0;A01
51898;201500034431;0;34;0;0.0;2.0;1.0;1.0;B01
51899;201500034431;0;7;0;0.0;2.0;3.0;19.0;A01
51900;201500034432;0;1;0;0.0;0.0;0.0;0.0;B01
51901;201500034432;0;7;0;0.0;0.0;3.0;0.0;A01
51902;201500034433;0;33;0;0.0;0.0;7.0;17.0;A01
51903;201500034433;0;7;0;0.0;0.0;8.0;2.0;B01
51904;201500034434;0;33;0;0.0;2.0;6.0;0.0;B01
51905;201500034434;0;7;0;0.0;0.0;5.0;0.0;A01
51906;201500034436;0;7;0;0.0;2.0;1.0;15.0;A01
51907;201500034436;0;33;0;0.0;2.0;1.0;1.0;B01
51908;201500034437;0;7;0;0.0;2.0;4.0;2.0;D01
51909;201500034437;0;7;0;0.0;2.0;1.0;2.0;A01
51910;201500034437;0;7;0;0.0;2.0;4.0;2.0;B01
51911;201500034437;0;7;0;0.0;2.0;4.0;2.0;C01
51912;201500034438;0;7;0;0.0;1.0;2.0;2.0;A01
51913;201500034439;0;7;0;0.0;2.0;2.0;15.0;A01
51914;201500034439;0;1;0;0.0;2.0;0.0;0.0;B01
51915;201500034440;0;7;0;0.0;1.0;1.0;1.0;A01
51916;201500034442;0;7;0;0.0;0.0;1.0;13.0;A01
51917;201500034442;0;7;0;0.0;0.0;1.0;1.0;C01
51918;201500034442;0;7;0;0.0;0.0;1.0;1.0;B01
51919;201500034443;0;7;0;0.0;2.0;1.0;0.0;A01
51920;201500034444;0;7;0;0.0;1.0;4.0;4.0;A01
51921;201500034445;0;7;0;0.0;0.0;0.0;0.0;B01
51922;201500034445;0;7;0;0.0;0.0;0.0;0.0;A01
51923;201500034446;0;7;0;0.0;2.0;3.0;13.0;A01