;Num_Acc;senc;catv;occutc;obs;obsm;choc;manv;num_veh
52345;201500034713;1;7;0;0.0;1.0;1.0;1.0;A01
52346;201500034714;0;7;0;0.0;2.0;3.0;1.0;B01
52347;201500034714;0;7;0;0.0;2.0;2.0;1.0;A01
52348;201500034715;0;7;0;0.0;1.0;3.0;1.0;A01
52349;201500034717;0;10;0;0.0;2.0;3.0;15.0;A01
52350;201500034717;0;2;0;0.0;2.0;1.0;0.0;B01
52351;201500034718;0;7;0;0.0;2.0;7.0;15.0;A01
52352;201500034718;0;7;0;0.0;2.0;1.0;1.0;B01
52353;201500034719;0;7;0;0.0;1.0;2.0;1.0;A01
52354;201500034720;0;2;0;0.0;2.0;7.0;17.0;A01
52355;201500034720;0;7;0;0.0;2.0;3.0;1.0;B01
52356;201500034721;0;7;0;0.0;2.0;1.0;1.0;B01
52357;201500034721;0;30;0;0.0;2.0;2.0;15.0;A01
52358;201500034722;0;33;0;0.0;2.0;1.0;1.0;B01
52359;201500034722;0;7;0;0.0;2.0;6.0;10.0;A01
52360;201500034723;0;7;0;0.0;2.0;6.0;1.0;A01
52361;201500034723;0;2;0;0.0;2.0;1.0;8.0;B01
52362;201500034724;0;2;0;0.0;1.0;1.0;1.0;A01
52363;201500034725;0;7;0;0.0;1.0;2.0;15.0;A01
52364;201500034726;0;7;0;0.0;1.0;7.0;1.0;A01
52365;201500034727;0;7;0;0.0;2.0;1.0;13.0;A01
52366;201500034727;0;7;0;0.0;2.0;3.0;1.0;B01
52367;201500034728;0;7;0;0.0;2.0;2.0;17.0;A01
52368;201500034728;0;7;0;0.0;2.0;3.0;1.0;B01
52369;201500034730;0;7;0;0.0;2.0;1.0;1.0;B01
52370;201500034730;0;33;0;0.0;2.0;1.0;13.0;A01
52371;201500034731;0;2;0;0.0;2.0;1.0;1.0;B01
52372;201500034731;0;7;0;0.0;2.0;3.0;15.0;A01
52373;201500034732;0;7;0;0.0;2.0;2.0;1.0;A01
52374;201500034732;0;7;0;0.0;2.0;8.0;1.0;B01
52375;201500034733;0;7;0;0.0;2.0;3.0;1.0;B01
52376;201500034733;0;2;0;0.0;2.0;1.0;13.0;A01
52377;201500034735;0;7;0;0.0;2.0;1.0;1.0;A01
52378;201500034735;0;7;0;0.0;2.0;1.0;1.0;B01
52379;201500034735;0;7;0;0.0;2.0;4.0;1.0;C01
52380;201500034736;0;2;0;0.0;0.0;0.0;1.0;A01
52381;201500034737;0;7;0;0.0;2.0;1.0;9.0;A01
52382;201500034737;0;7;0;0.0;2.0;2.0;1.0;B01
52383;201500034738;0;7;0;0.0;1.0;1.0;1.0;A01
52384;201500034739;0;7;0;0.0;2.0;4.0;1.0;A01
52385;201500034739;0;1;0;0.0;2.0;1.0;1.0;B01
52386;201500034740;0;7;0;8.0;0.0;1.0;14.0;A01
52387;201500034741;0;7;0;0.0;2.0;1.0;15.0;A01
52388;201500034741;0;7;0;0.0;2.0;1.0;1.0;B01
52389;201500034741;0;7;0;0.0;2.0;1.0;1.0;C01
52390;201500034742;0;7;0;0.0;1.0;4.0;4.0;A01
52391;201500034743;0;7;0;0.0;2.0;1.0;1.0;A01
52392;201500034743;0;7;0;0.0;2.0;4.0;23.0;B01
52393;201500034744;0;2;0;0.0;2.0;1.0;15.0;A01
52394;201500034744;0;7;0;0.0;2.0;3.0;15.0;B01
52395;201500034745;0;1;0;0.0;2.0;1.0;1.0;A01
52396;201500034745;0;7;0;0.0;2.0;3.0;15.0;B01
52397;201500034746;2;7;0;0.0;2.0;8.0;13.0;A01
52398;201500034746;0;2;0;0.0;2.0;7.0;1.0;B01
52399;201500034747;0;7;0;0.0;2.0;8.0;10.0;A01
52400;201500034747;0;33;0;0.0;2.0;1.0;1.0;B01
52401;201500034748;0;7;0;0.0;2.0;3.0;15.0;A01
52402;201500034748;0;2;0;0.0;2.0;3.0;1.0;B01
52403;201500034749;0;7;0;0.0;2.0;2.0;15.0;A01
52404;201500034749;0;7;0;0.0;2.0;8.0;1.0;B01
52405;201500034750;0;2;0;0.0;1.0;1.0;1.0;A01
52406;201500034751;0;33;0;0.0;2.0;2.0;1.0;A01
52407;201500034751;0;7;0;0.0;2.0;1.0;1.0;B01
52408;201500034753;0;7;0;0.0;2.0;1.0;1.0;A01
52409;201500034753;0;7;0;0.0;2.0;4.0;1.0;B01
52410;201500034753;0;7;0;0.0;2.0;4.0;1.0;C01
52411;201500034754;0;7;0;0.0;1.0;2.0;1.0;A01
52412;201500034755;1;7;0;0.0;2.0;2.0;15.0;A01
52413;201500034755;0;1;0;0.0;2.0;7.0;19.0;B01
52414;201500034756;0;7;0;0.0;2.0;2.0;10.0;A01
52415;201500034756;0;2;0;0.0;2.0;1.0;1.0;B01
52416;201500034757;0;7;0;0.0;2.0;3.0;1.0;A01
52417;201500034757;0;7;0;0.0;2.0;7.0;1.0;B01
52418;201500034758;0;2;0;0.0;2.0;8.0;1.0;A01
52419;201500034758;0;7;0;0.0;2.0;2.0;15.0;B01
52420;201500034759;0;7;0;0.0;2.0;1.0;15.0;A01
52421;201500034759;0;7;0;0.0;2.0;3.0;1.0;B01
52422;201500034760;0;7;0;0.0;2.0;2.0;1.0;B01
52423;201500034760;0;2;0;0.0;2.0;1.0;1.0;A01
52424;201500034761;0;15;0;0.0;2.0;2.0;0.0;A01
52425;201500034761;0;7;0;0.0;2.0;8.0;0.0;B01
52426;201500034761;0;7;0;0.0;2.0;3.0;0.0;C01
52427;201500034762;0;7;0;0.0;2.0;2.0;15.0;A01
52428;201500034762;0;33;0;0.0;2.0;0.0;1.0;B01
52429;201500034763;0;7;0;0.0;1.0;3.0;1.0;A01
52430;201500034764;0;7;0;0.0;1.0;1.0;1.0;A01
52431;201500034765;0;7;0;0.0;2.0;5.0;5.0;A01
52432;201500034765;0;7;0;0.0;2.0;7.0;1.0;B01
52433;201500034767;0;7;0;0.0;1.0;2.0;1.0;A01
52434;201500034768;0;7;0;0.0;9.0;1.0;15.0;A01
52435;201500034768;0;1;0;0.0;2.0;6.0;1.0;B01
52436;201500034769;0;7;0;0.0;1.0;3.0;1.0;A01
52437;201500034770;0;2;0;0.0;2.0;8.0;1.0;A01
52438;201500034770;1;15;0;0.0;2.0;7.0;17.0;Z01
52439;201500034771;0;7;0;0.0;2.0;1.0;1.0;B01
52440;201500034771;0;7;0;0.0;2.0;3.0;19.0;A01
52441;201500034772;0;1;0;0.0;1.0;1.0;1.0;A01
52442;201500034773;0;33;0;5.0;0.0;1.0;1.0;A01
52443;201500034775;0;7;0;0.0;1.0;1.0;15.0;A01
52444;201500034776;0;7;0;0.0;2.0;4.0;1.0;A01
52445;201500034776;0;7;0;0.0;2.0;1.0;1.0;B01
52446;201500034776;0;7;0;0.0;2.0;1.0;1.0;C01
52447;201500034777;0;7;0;0.0;2.0;2.0;1.0;B01
52448;201500034777;0;7;0;0.0;2.0;2.0;15.0;A01
52449;201500034778;0;30;0;0.0;2.0;1.0;1.0;A01
52450;201500034778;0;7;0;0.0;2.0;3.0;15.0;B01
52451;201500034779;0;7;0;0.0;1.0;3.0;15.0;A01
52452;201500034780;0;7;0;0.0;1.0;1.0;1.0;A01
52453;201500034781;0;7;0;0.0;2.0;8.0;15.0;A01
52454;201500034781;0;2;0;0.0;2.0;1.0;17.0;B01
52455;201500034782;0;2;0;0.0;2.0;1.0;1.0;A01
52456;201500034782;0;7;0;0.0;2.0;2.0;16.0;B01
52457;201500034784;0;7;0;0.0;1.0;3.0;15.0;Z01
52458;201500034785;0;7;0;0.0;2.0;1.0;15.0;B01
52459;201500034785;0;31;0;0.0;2.0;7.0;1.0;A01
52460;201500034786;0;1;0;0.0;2.0;1.0;1.0;B01
52461;201500034786;0;7;0;0.0;2.0;7.0;15.0;A01
52462;201500034787;0;7;0;0.0;2.0;1.0;1.0;A01
52463;201500034787;0;7;0;0.0;2.0;4.0;23.0;B01
52464;201500034788;0;7;0;0.0;2.0;2.0;15.0;A01
52465;201500034788;0;7;0;0.0;2.0;1.0;1.0;B01
52466;201500034789;0;7;0;0.0;1.0;7.0;1.0;A01
52467;201500034790;0;7;0;0.0;0.0;0.0;1.0;A01
52468;201500034791;0;2;0;0.0;2.0;1.0;1.0;B01
52469;201500034791;0;7;0;0.0;2.0;1.0;15.0;A01
52470;201500034792;0;7;0;0.0;2.0;7.0;15.0;B01
52471;201500034792;0;7;0;0.0;2.0;1.0;9.0;A01
52472;201500034794;0;7;0;12.0;2.0;1.0;1.0;A01
52473;201500034794;0;7;0;0.0;2.0;1.0;0.0;B02
52474;201500034795;0;7;0;0.0;1.0;1.0;1.0;A01
52475;201500034796;0;7;0;0.0;1.0;4.0;4.0;A01
52476;201500034798;0;7;0;0.0;1.0;2.0;1.0;A01
52477;201500034799;0;7;0;11.0;0.0;1.0;1.0;A01
52478;201500034800;0;7;0;0.0;2.0;1.0;1.0;A01
52479;201500034800;0;7;0;0.0;2.0;4.0;1.0;B01
52480;201500034801;0;2;0;0.0;2.0;7.0;16.0;B01
52481;201500034801;0;7;0;0.0;2.0;7.0;15.0;A01
52482;201500034802;0;7;0;0.0;2.0;7.0;16.0;A01
52483;201500034802;0;1;0;0.0;2.0;1.0;1.0;B01
52484;201500034803;0;37;1;0.0;2.0;3.0;1.0;B01
52485;201500034803;0;7;0;0.0;2.0;7.0;16.0;A01
52486;201500034804;0;7;0;0.0;2.0;1.0;1.0;A01
52487;201500034804;0;7;0;0.0;1.0;4.0;1.0;B01
52488;201500034805;0;2;0;0.0;9.0;1.0;3.0;A01
52489;201500034805;0;1;0;0.0;2.0;7.0;19.0;B01
52490;201500034806;0;7;0;0.0;2.0;1.0;1.0;A01
52491;201500034806;0;7;0;0.0;2.0;1.0;1.0;B01
52492;201500034806;0;7;0;0.0;2.0;4.0;1.0;C01
52493;201500034807;0;2;0;0.0;2.0;1.0;1.0;A01
52494;201500034807;0;7;0;0.0;2.0;6.0;1.0;B01
52495;201500034808;0;7;0;0.0;2.0;3.0;15.0;B01
52496;201500034808;0;7;0;0.0;2.0;2.0;1.0;A01
52497;201500034809;0;7;0;0.0;1.0;1.0;1.0;A01
52498;201500034810;0;7;0;0.0;2.0;1.0;15.0;A01
52499;201500034810;0;31;0;0.0;2.0;3.0;1.0;B01
52500;201500034811;0;7;0;0.0;2.0;3.0;15.0;B01
52501;201500034811;0;33;0;0.0;2.0;1.0;1.0;A01
52502;201500034812;0;33;0;0.0;2.0;1.0;17.0;A01
52503;201500034812;0;10;0;0.0;2.0;6.0;17.0;B01
52504;201500034813;0;7;0;0.0;1.0;1.0;1.0;A01
52505;201500034814;0;7;0;0.0;2.0;1.0;15.0;A01
52506;201500034814;0;7;0;0.0;2.0;8.0;16.0;B01
52507;201500034815;0;7;0;0.0;2.0;1.0;1.0;B01
52508;201500034815;0;7;0;0.0;2.0;2.0;15.0;A01
52509;201500034816;1;7;0;0.0;1.0;1.0;1.0;A01
52510;201500034818;0;7;0;0.0;1.0;2.0;1.0;A01
52511;201500034819;0;7;0;0.0;2.0;3.0;9.0;B01
52512;201500034819;0;7;0;0.0;2.0;3.0;9.0;A01
52513;201500034820;0;7;0;0.0;2.0;4.0;4.0;A01
52514;201500034820;0;7;0;0.0;2.0;8.0;1.0;B01
52515;201500034821;0;7;0;0.0;1.0;3.0;1.0;A01
52516;201500034822;0;7;0;0.0;2.0;1.0;17.0;A01
52517;201500034822;0;7;0;0.0;2.0;8.0;15.0;B01
52518;201500034823;0;7;0;0.0;2.0;1.0;15.0;B01
52519;201500034823;0;2;0;0.0;2.0;3.0;1.0;A01
52520;201500034824;0;7;0;0.0;1.0;2.0;1.0;A01
52521;201500034825;0;7;0;0.0;2.0;2.0;15.0;A01
52522;201500034825;0;7;0;0.0;2.0;8.0;1.0;B01
52523;201500034826;0;10;0;0.0;2.0;1.0;15.0;B01
52524;201500034826;0;7;0;0.0;2.0;7.0;1.0;A01
52525;201500034827;0;2;0;0.0;2.0;7.0;0.0;A01
52526;201500034827;0;7;0;0.0;2.0;3.0;1.0;B01
52527;201500034829;0;3;0;0.0;2.0;1.0;13.0;A01
52528;201500034829;0;7;0;0.0;2.0;7.0;0.0;B01
52529;201500034830;0;2;0;0.0;2.0;1.0;1.0;A01
52530;201500034830;0;7;0;0.0;2.0;2.0;1.0;B01
52531;201500034831;0;1;0;0.0;2.0;1.0;5.0;A01
52532;201500034831;0;7;0;0.0;9.0;1.0;16.0;B01
52533;201500034832;0;7;0;0.0;2.0;1.0;15.0;A01
52534;201500034832;0;7;0;0.0;2.0;8.0;1.0;B01
52535;201500034833;0;7;0;0.0;1.0;1.0;1.0;A01
52536;201500034834;0;7;0;0.0;1.0;1.0;1.0;A01
52537;201500034837;0;7;0;0.0;2.0;1.0;1.0;A01
52538;201500034837;0;7;0;0.0;2.0;4.0;1.0;B01
52539;201500034839;0;7;0;0.0;1.0;1.0;1.0;A01
52540;201500034840;0;33;0;0.0;2.0;2.0;1.0;A01
52541;201500034840;0;7;0;0.0;2.0;3.0;16.0;B01
52542;201500034841;0;7;0;0.0;2.0;1.0;1.0;A01
52543;201500034841;0;7;0;0.0;2.0;4.0;1.0;B01
52544;201500034842;0;7;0;0.0;2.0;2.0;9.0;A01
52545;201500034842;0;1;0;0.0;2.0;1.0;5.0;B01
52546;201500034844;0;7;0;0.0;1.0;1.0;1.0;A01
52547;201500034845;0;10;0;0.0;1.0;8.0;1.0;A01
52548;201500034846;0;1;0;0.0;2.0;3.0;1.0;A01
52549;201500034846;0;37;1;0.0;2.0;7.0;1.0;B01
52550;201500034847;0;7;0;0.0;1.0;2.0;1.0;A01
52551;201500034848;0;33;0;0.0;0.0;7.0;1.0;A01
52552;201500034848;0;33;0;0.0;0.0;7.0;1.0;B01
52553;201500034849;0;33;0;0.0;2.0;1.0;1.0;A01
52554;201500034849;0;7;0;0.0;2.0;3.0;15.0;B01
52555;201500034850;0;7;0;0.0;9.0;1.0;15.0;A01
52556;201500034851;0;7;0;0.0;1.0;2.0;1.0;A01
52557;201500034852;0;7;0;0.0;2.0;7.0;1.0;A01
52558;201500034852;0;7;0;0.0;2.0;1.0;1.0;B01
52559;201500034854;0;7;0;0.0;1.0;3.0;1.0;A01
52560;201500034855;0;7;0;0.0;1.0;0.0;0.0;A01
52561;201500034856;0;1;0;0.0;2.0;1.0;21.0;B01
52562;201500034856;0;7;0;0.0;2.0;1.0;9.0;A01
52563;201500034857;0;7;0;0.0;2.0;3.0;15.0;A01
52564;201500034857;0;2;0;0.0;2.0;1.0;1.0;B01
52565;201500034857;0;7;0;0.0;2.0;3.0;1.0;C01
52566;201500034858;0;7;0;0.0;9.0;8.0;22.0;A01
52567;201500034858;0;1;0;1.0;0.0;1.0;21.0;B01
52568;201500034859;0;33;0;0.0;2.0;2.0;17.0;A01
52569;201500034859;0;7;0;0.0;2.0;3.0;15.0;B01
52570;201500034860;0;7;0;0.0;1.0;1.0;1.0;A01
52571;201500034861;0;7;0;0.0;2.0;8.0;1.0;B01
52572;201500034861;0;7;0;0.0;2.0;3.0;1.0;C01
52573;201500034861;0;7;0;0.0;2.0;3.0;13.0;A01
52574;201500034863;0;7;0;0.0;2.0;3.0;9.0;A01
52575;201500034863;0;2;0;0.0;2.0;2.0;0.0;B01
52576;201500034864;0;7;0;0.0;1.0;1.0;1.0;A01
52577;201500034865;0;2;0;0.0;2.0;1.0;1.0;B01
52578;201500034865;0;7;0;0.0;2.0;3.0;9.0;A01
52579;201500034866;0;7;0;0.0;2.0;8.0;15.0;A01
52580;201500034866;0;7;0;0.0;2.0;1.0;1.0;B01
52581;201500034867;0;7;0;0.0;2.0;3.0;13.0;A01
52582;201500034867;0;7;0;0.0;2.0;3.0;1.0;B01
52583;201500034868;0;7;0;0.0;2.0;3.0;1.0;A01
52584;201500034868;0;2;0;0.0;2.0;1.0;1.0;B01
52585;201500034869;0;38;3;0.0;2.0;1.0;1.0;B01
52586;201500034869;0;7;0;0.0;2.0;1.0;13.0;A01
52587;201500034870;0;7;0;15.0;1.0;4.0;4.0;A01
52588;201500034871;0;7;0;2.0;0.0;3.0;5.0;A01
52589;201500034873;0;7;0;0.0;2.0;2.0;15.0;A01
52590;201500034873;0;34;0;0.0;2.0;1.0;1.0;B01
52591;201500034874;0;10;0;0.0;2.0;1.0;13.0;A01
52592;201500034874;0;7;0;0.0;2.0;8.0;1.0;B01
52593;201500034874;0;7;0;0.0;2.0;2.0;1.0;C01
52594;201500034875;0;7;0;8.0;0.0;1.0;19.0;A01
52595;201500034876;0;2;0;0.0;2.0;1.0;2.0;A01
52596;201500034876;0;7;0;0.0;2.0;4.0;23.0;B01
52597;201500034877;0;7;0;0.0;2.0;7.0;15.0;A01
52598;201500034877;0;1;0;0.0;2.0;1.0;1.0;B01
52599;201500034878;0;33;0;16.0;0.0;9.0;12.0;A01
52600;201500034879;0;7;0;0.0;2.0;1.0;1.0;B01
52601;201500034879;0;7;0;0.0;2.0;7.0;19.0;A01
52602;201500034880;0;7;0;0.0;1.0;1.0;1.0;A01
52603;201500034881;0;7;0;0.0;2.0;8.0;23.0;B01
52604;201500034881;0;7;0;0.0;2.0;3.0;16.0;A01
52605;201500034882;0;7;0;0.0;1.0;6.0;4.0;A01
52606;201500034883;0;7;0;0.0;1.0;1.0;1.0;A01
52607;201500034884;0;7;0;0.0;2.0;3.0;15.0;A01
52608;201500034884;0;7;0;0.0;2.0;3.0;1.0;B01
52609;201500034885;0;7;0;0.0;1.0;1.0;16.0;A01
52610;201500034886;0;2;0;0.0;2.0;1.0;1.0;B01
52611;201500034886;0;7;0;0.0;2.0;2.0;15.0;A01
52612;201500034887;0;7;0;0.0;2.0;1.0;0.0;B01
52613;201500034887;0;33;0;0.0;2.0;1.0;0.0;A01
52614;201500034889;0;7;0;0.0;2.0;5.0;16.0;B01
52615;201500034889;0;33;0;0.0;2.0;1.0;1.0;A01
52616;201500034890;0;7;0;0.0;2.0;3.0;15.0;B01
52617;201500034890;0;2;0;0.0;2.0;1.0;1.0;A01
52618;201500034891;0;7;0;0.0;2.0;7.0;1.0;A01
52619;201500034891;0;2;0;0.0;2.0;1.0;1.0;B01
52620;201500034892;0;7;0;0.0;2.0;1.0;0.0;B01
52621;201500034892;0;2;0;0.0;2.0;1.0;0.0;A01
52622;201500034893;0;7;0;0.0;2.0;3.0;5.0;A01
52623;201500034893;0;7;0;0.0;2.0;3.0;1.0;B01
52624;201500034894;1;7;0;0.0;2.0;2.0;0.0;A01
52625;201500034894;0;2;0;0.0;2.0;7.0;1.0;B01
52626;201500034895;0;7;0;1.0;0.0;0.0;0.0;A01
52627;201500034895;0;20;0;0.0;2.0;6.0;23.0;B01
52628;201500034896;0;7;0;0.0;0.0;4.0;2.0;A01
52629;201500034896;0;1;0;0.0;2.0;5.0;2.0;B01
52630;201500034897;0;33;0;14.0;0.0;1.0;1.0;A01
52631;201500034898;0;7;0;0.0;9.0;3.0;2.0;A01
52632;201500034898;0;21;0;0.0;0.0;4.0;2.0;B01
52633;201500034899;0;7;0;0.0;2.0;3.0;10.0;A01
52634;201500034899;0;7;0;0.0;2.0;1.0;1.0;B01
52635;201500034900;0;7;0;0.0;2.0;2.0;15.0;A01
52636;201500034900;0;33;0;0.0;2.0;1.0;5.0;B01
52637;201500034901;0;7;0;2.0;0.0;7.0;1.0;A01
52638;201500034903;0;7;0;0.0;9.0;0.0;1.0;A01
52639;201500034904;0;7;0;0.0;2.0;1.0;2.0;A01
52640;201500034904;0;7;0;0.0;1.0;1.0;23.0;B01
52641;201500034905;0;7;0;0.0;1.0;2.0;1.0;A01
52642;201500034906;0;33;0;15.0;0.0;1.0;1.0;A01
52643;201500034907;0;3;0;0.0;1.0;1.0;1.0;A01
52644;201500034908;0;1;0;0.0;2.0;1.0;1.0;B01
52645;201500034908;0;7;0;0.0;2.0;3.0;19.0;A01
52646;201500034909;0;7;0;0.0;2.0;9.0;1.0;B01
52647;201500034909;0;7;0;0.0;2.0;1.0;1.0;C01
52648;201500034909;0;7;0;0.0;2.0;1.0;1.0;A01
52649;201500034910;0;7;0;0.0;2.0;2.0;10.0;A01
52650;201500034910;0;30;0;6.0;2.0;1.0;1.0;B01
52651;201500034911;0;7;0;0.0;2.0;3.0;2.0;A01
52652;201500034911;0;7;0;0.0;2.0;9.0;1.0;B01
52653;201500034911;0;7;0;6.0;2.0;9.0;14.0;C01
52654;201500034912;0;7;0;0.0;2.0;3.0;19.0;A01
52655;201500034912;0;30;0;0.0;2.0;7.0;1.0;B01
52656;201500034913;0;7;0;13.0;0.0;1.0;14.0;A01
52657;201500034914;0;7;0;0.0;1.0;4.0;4.0;A01
52658;201500034916;0;7;0;0.0;2.0;1.0;19.0;A01
52659;201500034916;0;1;0;11.0;2.0;8.0;1.0;B01
52660;201500034917;0;7;0;0.0;2.0;3.0;15.0;A01
52661;201500034917;0;1;0;0.0;2.0;1.0;1.0;B01
52662;201500034918;0;7;0;0.0;2.0;3.0;1.0;A01
52663;201500034918;0;7;0;0.0;2.0;5.0;15.0;B01
52664;201500034918;0;7;0;12.0;2.0;3.0;1.0;C01
52665;201500034919;0;31;0;0.0;2.0;7.0;1.0;A01
52666;201500034919;0;7;0;0.0;2.0;3.0;16.0;B01
52667;201500034920;0;7;0;0.0;2.0;2.0;1.0;A01
52668;201500034920;0;7;0;0.0;2.0;2.0;1.0;B01
52669;201500034921;0;7;0;0.0;2.0;4.0;1.0;A01
52670;201500034921;1;7;0;0.0;2.0;1.0;2.0;Z01
52671;201500034922;0;7;0;8.0;0.0;7.0;13.0;A01
52672;201500034924;0;33;0;0.0;2.0;1.0;1.0;B01
52673;201500034924;0;7;0;0.0;2.0;5.0;19.0;A01
52674;201500034925;0;7;0;3.0;0.0;9.0;1.0;A01
52675;201500034926;0;7;0;0.0;1.0;1.0;21.0;A01
52676;201500034927;0;7;0;3.0;0.0;3.0;13.0;A01
52677;201500034928;0;7;0;0.0;2.0;8.0;1.0;B01
52678;201500034928;0;7;0;11.0;2.0;1.0;19.0;A01
52679;201500034929;0;7;0;0.0;2.0;2.0;19.0;B01
52680;201500034929;0;7;0;0.0;2.0;8.0;19.0;A01
52681;201500034930;0;7;0;13.0;0.0;9.0;19.0;A01
52682;201500034931;0;7;0;13.0;2.0;1.0;13.0;A01
52683;201500034931;0;7;0;13.0;2.0;1.0;1.0;B01
52684;201500034932;0;7;0;0.0;2.0;1.0;13.0;A01
52685;201500034932;0;7;0;6.0;2.0;3.0;13.0;B01
52686;201500034933;0;7;0;0.0;2.0;2.0;1.0;A01
52687;201500034933;0;1;0;0.0;2.0;1.0;1.0;B01
52688;201500034934;0;7;0;0.0;1.0;8.0;1.0;A01
52689;201500034935;0;7;0;0.0;2.0;2.0;19.0;A01
52690;201500034935;0;7;0;0.0;2.0;1.0;1.0;B01
52691;201500034936;0;7;0;6.0;0.0;1.0;13.0;A01
52692;201500034937;0;37;0;0.0;0.0;0.0;1.0;A01
52693;201500034937;0;1;0;0.0;0.0;0.0;0.0;B01
52694;201500034938;0;10;0;0.0;2.0;1.0;1.0;B01
52695;201500034938;0;33;0;4.0;2.0;8.0;13.0;A01
52696;201500034939;0;7;0;0.0;1.0;1.0;1.0;A01
52697;201500034940;0;7;0;2.0;0.0;7.0;13.0;A01
52698;201500034941;0;7;0;6.0;2.0;8.0;1.0;B01
52699;201500034941;0;7;0;0.0;2.0;1.0;19.0;A01
52700;201500034942;0;7;0;0.0;2.0;3.0;13.0;A01
52701;201500034942;0;17;0;0.0;2.0;3.0;1.0;B01
52702;201500034944;0;10;0;0.0;2.0;3.0;15.0;A01
52703;201500034944;0;2;0;0.0;2.0;1.0;1.0;B01
52704;201500034945;0;7;0;0.0;2.0;1.0;2.0;A01
52705;201500034945;0;7;0;0.0;2.0;4.0;2.0;B01
52706;201500034946;0;7;0;0.0;2.0;1.0;19.0;A01
52707;201500034946;0;7;0;0.0;2.0;7.0;1.0;B01
52708;201500034947;0;7;0;0.0;2.0;3.0;13.0;A01
52709;201500034947;0;10;0;0.0;2.0;3.0;1.0;B01
52710;201500034948;0;33;0;0.0;2.0;1.0;1.0;A01
52711;201500034948;0;7;0;0.0;2.0;5.0;15.0;B01
52712;201500034949;0;7;0;0.0;2.0;1.0;15.0;A01
52713;201500034949;0;33;0;0.0;2.0;1.0;1.0;B01
52714;201500034951;0;7;0;0.0;2.0;3.0;19.0;A01
52715;201500034951;0;30;0;0.0;2.0;1.0;17.0;B01
52716;201500034952;0;7;0;13.0;0.0;0.0;13.0;A01
52717;201500034953;0;7;0;2.0;0.0;9.0;13.0;A01
52718;201500034954;0;7;0;0.0;2.0;3.0;19.0;A01
52719;201500034954;0;34;0;0.0;2.0;7.0;17.0;B01
52720;201500034955;0;7;0;0.0;2.0;7.0;15.0;A01
52721;201500034955;0;7;0;0.0;2.0;2.0;1.0;B01
52722;201500034956;0;7;0;0.0;2.0;7.0;19.0;A01
52723;201500034956;0;30;0;0.0;2.0;1.0;1.0;B01
52724;201500034958;0;7;0;0.0;2.0;7.0;15.0;A01
52725;201500034958;0;1;0;0.0;2.0;1.0;1.0;B01
52726;201500034959;0;7;0;0.0;0.0;3.0;13.0;A01
52727;201500034959;0;10;0;0.0;2.0;6.0;1.0;B01
52728;201500034961;0;7;0;0.0;1.0;3.0;15.0;A01
52729;201500034962;0;7;0;0.0;2.0;2.0;1.0;B01
52730;201500034962;0;7;0;0.0;2.0;3.0;1.0;A01
52731;201500034963;0;38;1;0.0;1.0;2.0;1.0;A01
52732;201500034964;0;7;0;0.0;1.0;2.0;1.0;A01
52733;201500034965;0;33;0;0.0;2.0;1.0;17.0;B01
52734;201500034965;0;7;0;0.0;2.0;1.0;15.0;A01
52735;201500034966;0;33;0;13.0;0.0;1.0;1.0;A01
52736;201500034967;0;7;0;0.0;1.0;1.0;0.0;A01
52737;201500034968;0;7;0;0.0;2.0;0.0;0.0;A01
52738;201500034969;0;34;0;0.0;2.0;1.0;21.0;B01
52739;201500034969;0;7;0;0.0;2.0;1.0;9.0;A01
52740;201500034970;0;7;0;0.0;2.0;3.0;9.0;A01
52741;201500034970;0;2;0;0.0;2.0;1.0;1.0;B01
52742;201500034971;0;7;0;0.0;0.0;4.0;17.0;A01
52743;201500034971;0;33;0;14.0;2.0;1.0;2.0;B01
52744;201500034972;1;7;0;0.0;1.0;0.0;0.0;Z01
52745;201500034973;0;33;0;0.0;2.0;1.0;1.0;B01
52746;201500034973;0;7;0;0.0;2.0;2.0;10.0;A01
52747;201500034974;0;2;0;0.0;1.0;1.0;0.0;A01
52748;201500034975;0;33;0;0.0;2.0;1.0;1.0;B01
52749;201500034975;0;7;0;0.0;9.0;7.0;15.0;A01
52750;201500034975;0;7;0;0.0;2.0;3.0;1.0;C01
52751;201500034976;0;7;0;15.0;0.0;3.0;13.0;A01
52752;201500034977;0;33;0;0.0;2.0;1.0;2.0;A01
52753;201500034977;0;7;0;0.0;2.0;8.0;0.0;B01
52754;201500034978;0;7;0;0.0;2.0;3.0;23.0;B01
52755;201500034978;0;7;0;0.0;2.0;2.0;14.0;A01
52756;201500034979;0;10;0;0.0;1.0;2.0;6.0;A01
52757;201500034982;0;7;0;0.0;1.0;2.0;1.0;A01
52758;201500034983;0;7;0;0.0;0.0;3.0;1.0;B01
52759;201500034983;0;32;0;0.0;0.0;3.0;1.0;A01
52760;201500034984;0;7;0;0.0;1.0;1.0;2.0;A01
52761;201500034985;0;7;0;0.0;2.0;1.0;17.0;A01
52762;201500034985;0;33;0;0.0;2.0;1.0;1.0;C01
52763;201500034985;0;7;0;0.0;9.0;2.0;1.0;B01
52764;201500034986;0;7;0;0.0;2.0;1.0;1.0;B01
52765;201500034986;0;7;0;0.0;2.0;1.0;9.0;A01