;Num_Acc;senc;catv;occutc;obs;obsm;choc;manv;num_veh
52766;201500034988;0;7;0;0.0;2.0;3.0;1.0;B01
52767;201500034988;0;2;0;0.0;2.0;8.0;9.0;A01
52768;201500034989;0;7;0;0.0;2.0;1.0;1.0;B01
52769;201500034989;0;7;0;0.0;2.0;1.0;15.0;A01
52770;201500034990;0;2;0;0.0;0.0;0.0;1.0;A01
52771;201500034990;0;7;0;0.0;0.0;0.0;1.0;B01
52772;201500034991;0;33;0;0.0;0.0;0.0;0.0;B01
52773;201500034991;0;7;0;0.0;0.0;0.0;0.0;A01
52774;201500034994;0;7;0;0.0;2.0;3.0;1.0;A01
52775;201500034994;0;7;0;0.0;2.0;1.0;15.0;B01
52776;201500034995;0;10;0;0.0;1.0;2.0;1.0;A01
52777;201500034996;0;7;0;0.0;2.0;3.0;15.0;B01
52778;201500034996;0;2;0;0.0;2.0;1.0;17.0;A01
52779;201500034997;0;7;0;0.0;2.0;8.0;15.0;A01
52780;201500034997;0;34;0;0.0;2.0;1.0;1.0;B01
52781;201500034998;0;7;0;0.0;2.0;1.0;2.0;A01
52782;201500034998;0;10;0;0.0;2.0;4.0;2.0;B01
52783;201500034999;0;33;0;0.0;1.0;1.0;17.0;A01
52784;201500035001;0;33;0;0.0;2.0;1.0;1.0;B01
52785;201500035001;0;7;0;0.0;2.0;1.0;1.0;A01
52786;201500035002;0;7;0;0.0;1.0;4.0;4.0;A01
52787;201500035003;0;33;0;0.0;2.0;1.0;9.0;B01
52788;201500035003;0;7;0;0.0;2.0;8.0;9.0;A01
52789;201500035004;0;7;0;0.0;1.0;6.0;4.0;A01
52790;201500035006;0;7;0;2.0;0.0;1.0;14.0;A01
52791;201500035007;0;7;0;0.0;2.0;1.0;1.0;B01
52792;201500035007;0;1;0;0.0;2.0;8.0;19.0;A01
52793;201500035008;0;10;0;0.0;2.0;2.0;2.0;B01
52794;201500035008;0;32;0;0.0;2.0;4.0;2.0;A01
52795;201500035009;0;7;0;0.0;1.0;3.0;1.0;A01
52796;201500035010;0;1;0;0.0;2.0;1.0;9.0;B01
52797;201500035010;0;7;0;0.0;9.0;3.0;1.0;A01
52798;201500035011;0;7;0;0.0;2.0;0.0;2.0;A01
52799;201500035011;0;2;0;0.0;2.0;8.0;13.0;B01
52800;201500035013;0;36;0;0.0;2.0;1.0;13.0;B01
52801;201500035013;0;7;0;0.0;2.0;1.0;1.0;A01
52802;201500035014;0;7;0;0.0;2.0;1.0;1.0;A01
52803;201500035014;0;34;0;0.0;2.0;8.0;1.0;B01
52804;201500035015;0;33;0;0.0;2.0;1.0;13.0;B01
52805;201500035015;0;7;0;0.0;2.0;3.0;0.0;A01
52806;201500035016;0;7;0;0.0;2.0;1.0;1.0;C01
52807;201500035016;0;7;0;0.0;2.0;1.0;13.0;A01
52808;201500035016;0;7;0;0.0;2.0;6.0;1.0;B01
52809;201500035017;0;14;0;0.0;1.0;6.0;4.0;A01
52810;201500035018;0;7;0;0.0;2.0;3.0;15.0;A01
52811;201500035018;0;34;0;0.0;2.0;7.0;16.0;B01
52812;201500035019;0;7;0;0.0;2.0;1.0;16.0;A01
52813;201500035019;0;1;0;0.0;2.0;8.0;1.0;B01
52814;201500035021;0;7;0;0.0;1.0;7.0;0.0;A01
52815;201500035022;0;7;0;1.0;1.0;2.0;14.0;A01
52816;201500035023;0;33;0;0.0;2.0;2.0;17.0;A01
52817;201500035023;0;7;0;0.0;2.0;8.0;15.0;B01
52818;201500035024;0;33;0;10.0;0.0;8.0;13.0;A01
52819;201500035025;0;34;0;0.0;1.0;1.0;1.0;A01
52820;201500035026;0;7;0;0.0;2.0;3.0;19.0;A01
52821;201500035026;0;34;0;0.0;2.0;1.0;1.0;B01
52822;201500035027;0;30;0;0.0;2.0;3.0;1.0;A01
52823;201500035027;0;30;0;0.0;2.0;0.0;1.0;B01
52824;201500035028;0;1;0;0.0;2.0;3.0;19.0;B01
52825;201500035028;0;33;0;0.0;2.0;2.0;17.0;A01
52826;201500035030;0;33;0;0.0;2.0;1.0;2.0;A01
52827;201500035030;0;7;0;0.0;2.0;6.0;2.0;B01
52828;201500035031;0;10;0;0.0;1.0;5.0;1.0;A01
52829;201500035032;0;7;0;0.0;1.0;6.0;4.0;A01
52830;201500035033;0;32;0;0.0;2.0;2.0;3.0;A01
52831;201500035033;0;7;0;0.0;2.0;8.0;15.0;B01
52832;201500035034;0;7;0;0.0;1.0;1.0;9.0;A01
52833;201500035035;0;30;0;0.0;2.0;1.0;1.0;B01
52834;201500035035;0;7;0;0.0;2.0;3.0;15.0;A01
52835;201500035039;0;7;0;0.0;0.0;8.0;15.0;B01
52836;201500035039;0;30;0;0.0;2.0;1.0;17.0;A01
52837;201500035040;1;7;0;0.0;1.0;1.0;1.0;A01
52838;201500035041;0;10;0;0.0;2.0;4.0;4.0;A01
52839;201500035041;0;1;0;0.0;0.0;0.0;0.0;B01
52840;201500035042;0;7;0;14.0;1.0;1.0;1.0;A01
52841;201500035043;0;7;0;0.0;1.0;1.0;1.0;A01
52842;201500035044;0;7;0;0.0;1.0;7.0;0.0;A01
52843;201500035045;0;7;0;0.0;1.0;1.0;1.0;A01
52844;201500035046;0;34;0;0.0;0.0;0.0;1.0;A01
52845;201500035046;0;7;0;0.0;0.0;0.0;20.0;B01
52846;201500035047;0;7;0;0.0;2.0;1.0;1.0;B01
52847;201500035047;0;7;0;0.0;0.0;6.0;2.0;A01
52848;201500035048;0;33;0;0.0;2.0;1.0;13.0;A01
52849;201500035048;0;7;0;0.0;9.0;8.0;1.0;C01
52850;201500035048;0;7;0;0.0;2.0;3.0;1.0;B01
52851;201500035049;0;10;0;0.0;2.0;5.0;19.0;A01
52852;201500035049;0;33;0;0.0;2.0;7.0;1.0;B01
52853;201500035050;0;7;0;0.0;2.0;6.0;5.0;A01
52854;201500035050;0;33;0;0.0;2.0;1.0;1.0;B01
52855;201500035051;0;7;0;0.0;1.0;4.0;4.0;A01
52856;201500035054;0;7;0;0.0;1.0;1.0;15.0;A01
52857;201500035056;0;7;0;0.0;2.0;7.0;10.0;A01
52858;201500035056;0;7;0;0.0;2.0;1.0;1.0;B01
52859;201500035057;0;7;0;0.0;2.0;4.0;23.0;B01
52860;201500035057;0;7;0;0.0;2.0;1.0;2.0;A01
52861;201500035058;0;7;0;13.0;0.0;2.0;1.0;A01
52862;201500035059;0;30;0;0.0;2.0;1.0;1.0;A01
52863;201500035059;1;7;0;0.0;2.0;0.0;15.0;B01
52864;201500035060;0;30;0;0.0;2.0;1.0;1.0;B01
52865;201500035060;0;7;0;0.0;2.0;1.0;15.0;A01
52866;201500035061;0;7;0;0.0;2.0;1.0;0.0;A01
52867;201500035061;0;7;0;0.0;2.0;3.0;1.0;B01
52868;201500035062;0;7;0;0.0;0.0;7.0;0.0;A01
52869;201500035062;0;30;0;0.0;2.0;3.0;0.0;B01
52870;201500035064;0;7;0;6.0;0.0;1.0;16.0;A01
52871;201500035065;0;7;0;0.0;2.0;1.0;1.0;B01
52872;201500035065;0;7;0;0.0;2.0;1.0;13.0;A01
52873;201500035066;0;7;0;0.0;1.0;1.0;1.0;A01
52874;201500035067;0;7;0;0.0;2.0;3.0;13.0;A01
52875;201500035067;0;7;0;0.0;2.0;1.0;1.0;C01
52876;201500035067;0;7;0;0.0;2.0;3.0;1.0;B01
52877;201500035068;0;30;0;0.0;2.0;1.0;2.0;A01
52878;201500035068;0;7;0;0.0;2.0;6.0;1.0;B01
52879;201500035069;0;7;0;0.0;1.0;2.0;2.0;A01
52880;201500035070;0;2;0;0.0;0.0;0.0;1.0;A01
52881;201500035071;0;7;0;3.0;0.0;2.0;1.0;A01
52882;201500035072;0;7;0;0.0;1.0;3.0;19.0;A01
52883;201500035073;0;7;0;2.0;0.0;0.0;0.0;A01
52884;201500035074;0;7;0;1.0;0.0;3.0;1.0;A01
52885;201500035074;0;7;0;1.0;0.0;5.0;0.0;B01
52886;201500035075;0;7;0;0.0;2.0;1.0;2.0;D01
52887;201500035075;0;1;0;0.0;2.0;8.0;1.0;B01
52888;201500035075;0;7;0;0.0;2.0;0.0;5.0;C01
52889;201500035075;0;7;0;0.0;2.0;1.0;5.0;A01
52890;201500035076;0;7;0;1.0;0.0;2.0;14.0;A01
52891;201500035077;0;7;0;0.0;2.0;1.0;2.0;A01
52892;201500035077;0;1;0;0.0;2.0;4.0;2.0;B01
52893;201500035078;0;37;1;0.0;1.0;0.0;0.0;A01
52894;201500035080;0;7;0;0.0;1.0;3.0;1.0;A01
52895;201500035081;0;2;0;0.0;2.0;1.0;1.0;B01
52896;201500035081;0;7;0;0.0;2.0;2.0;15.0;A01
52897;201500035082;0;7;0;0.0;2.0;8.0;19.0;A01
52898;201500035082;0;2;0;0.0;2.0;1.0;1.0;B01
52899;201500035083;0;7;0;0.0;2.0;3.0;13.0;A01
52900;201500035083;0;33;0;0.0;2.0;1.0;1.0;B01
52901;201500035084;0;7;0;0.0;0.0;3.0;1.0;A01
52902;201500035084;0;1;0;0.0;0.0;4.0;1.0;B01
52903;201500035085;0;7;0;0.0;2.0;2.0;5.0;A01
52904;201500035085;0;7;0;0.0;2.0;2.0;2.0;B01
52905;201500035086;0;7;0;0.0;2.0;3.0;1.0;B01
52906;201500035086;0;7;0;0.0;2.0;3.0;0.0;A01
52907;201500035088;0;1;0;0.0;2.0;4.0;1.0;B01
52908;201500035088;0;7;0;0.0;2.0;3.0;9.0;A01
52909;201500035089;0;2;0;14.0;0.0;1.0;0.0;A01
52910;201500035090;0;2;0;0.0;2.0;1.0;5.0;A01
52911;201500035090;0;7;0;0.0;2.0;1.0;1.0;B01
52912;201500035091;0;33;0;0.0;9.0;1.0;2.0;A01
52913;201500035091;0;1;0;0.0;9.0;0.0;2.0;B01
52914;201500035092;0;7;0;0.0;1.0;2.0;0.0;A01
52915;201500035093;0;10;0;4.0;0.0;0.0;1.0;A01
52916;201500035094;0;7;0;0.0;1.0;2.0;1.0;A01
52917;201500035095;0;2;0;2.0;0.0;1.0;1.0;A01
52918;201500035096;0;32;0;0.0;0.0;1.0;1.0;A01
52919;201500035098;0;33;0;0.0;2.0;1.0;1.0;B01
52920;201500035098;0;7;0;0.0;2.0;3.0;9.0;A01
52921;201500035099;0;7;0;13.0;0.0;8.0;0.0;A01
52922;201500035100;0;7;0;0.0;1.0;1.0;1.0;A01
52923;201500035101;0;7;0;0.0;2.0;3.0;1.0;B01
52924;201500035101;0;1;0;0.0;2.0;1.0;19.0;A01
52925;201500035104;0;7;0;0.0;2.0;8.0;15.0;B01
52926;201500035104;0;31;0;0.0;2.0;1.0;17.0;A01
52927;201500035105;0;31;0;0.0;2.0;1.0;17.0;A01
52928;201500035105;0;7;0;0.0;2.0;2.0;15.0;B01
52929;201500035106;0;7;0;0.0;2.0;3.0;15.0;A01
52930;201500035106;0;2;0;0.0;2.0;1.0;17.0;B01
52931;201500035107;0;1;0;0.0;2.0;8.0;1.0;A01
52932;201500035107;0;7;0;0.0;9.0;5.0;16.0;B01
52933;201500035108;0;7;0;0.0;0.0;3.0;1.0;B01
52934;201500035108;0;10;0;0.0;0.0;0.0;1.0;A01
52935;201500035109;0;30;0;12.0;0.0;3.0;5.0;A01
52936;201500035110;0;10;0;0.0;1.0;4.0;4.0;A01
52937;201500035111;1;99;0;0.0;2.0;7.0;17.0;B01
52938;201500035111;0;7;0;0.0;2.0;8.0;1.0;A01
52939;201500035112;1;7;0;0.0;1.0;0.0;0.0;Z01
52940;201500035114;0;7;0;0.0;2.0;3.0;9.0;A01
52941;201500035114;0;1;0;0.0;2.0;4.0;0.0;B01
52942;201500035115;0;32;0;0.0;2.0;1.0;2.0;A01
52943;201500035115;0;7;0;0.0;2.0;4.0;23.0;B01
52944;201500035116;0;7;0;0.0;1.0;1.0;1.0;A01
52945;201500035117;0;30;0;1.0;0.0;3.0;18.0;A01
52946;201500035117;0;7;0;0.0;2.0;2.0;23.0;B01
52947;201500035118;0;7;0;0.0;1.0;4.0;4.0;A01
52948;201500035119;0;32;0;0.0;2.0;0.0;0.0;B01
52949;201500035119;1;34;0;0.0;2.0;8.0;5.0;Z01
52950;201500035120;0;3;0;0.0;9.0;3.0;1.0;A01
52951;201500035120;0;1;0;0.0;0.0;0.0;0.0;B01
52952;201500035121;0;7;0;0.0;2.0;4.0;2.0;B01
52953;201500035121;0;30;0;0.0;2.0;1.0;2.0;A01
52954;201500035123;0;33;0;0.0;0.0;0.0;0.0;A01
52955;201500035124;0;7;0;0.0;1.0;4.0;4.0;A01
52956;201500035125;0;7;0;0.0;2.0;3.0;10.0;A01
52957;201500035125;0;34;0;0.0;2.0;7.0;17.0;B01
52958;201500035127;0;32;0;0.0;2.0;1.0;1.0;A01
52959;201500035127;0;7;0;0.0;2.0;8.0;15.0;B01
52960;201500035128;0;32;0;0.0;2.0;1.0;2.0;B01
52961;201500035128;0;7;0;11.0;0.0;2.0;14.0;A01
52962;201500035129;0;33;0;0.0;1.0;7.0;21.0;A01
52963;201500035130;0;7;0;0.0;2.0;1.0;5.0;A01
52964;201500035130;0;7;0;0.0;2.0;1.0;1.0;B01
52965;201500035131;0;7;0;0.0;2.0;0.0;0.0;B01
52966;201500035131;0;33;0;0.0;2.0;0.0;17.0;A01
52967;201500035132;0;7;0;15.0;0.0;2.0;14.0;A01
52968;201500035133;0;7;0;0.0;0.0;4.0;2.0;B01
52969;201500035133;0;10;0;0.0;2.0;2.0;2.0;A01
52970;201500035134;0;7;0;0.0;2.0;1.0;15.0;A01
52971;201500035134;0;33;0;0.0;2.0;1.0;1.0;B01
52972;201500035135;0;30;0;0.0;0.0;7.0;1.0;A01
52973;201500035136;0;15;0;0.0;9.0;7.0;2.0;B01
52974;201500035136;0;1;0;0.0;2.0;1.0;2.0;A01
52975;201500035137;1;7;0;0.0;2.0;2.0;16.0;Z01
52976;201500035137;0;32;0;0.0;2.0;3.0;1.0;B01
52977;201500035138;0;7;0;0.0;0.0;1.0;1.0;C01
52978;201500035138;0;13;0;0.0;0.0;0.0;1.0;A01
52979;201500035138;0;7;0;0.0;0.0;1.0;1.0;B01
52980;201500035139;0;7;0;0.0;1.0;0.0;0.0;A01
52981;201500035140;0;31;0;0.0;1.0;1.0;1.0;A01
52982;201500035141;0;7;0;0.0;1.0;2.0;1.0;A01
52983;201500035142;0;7;0;0.0;1.0;1.0;0.0;A01
52984;201500035144;0;7;0;0.0;2.0;3.0;19.0;A01
52985;201500035144;0;30;0;0.0;2.0;1.0;1.0;B01
52986;201500035145;0;7;0;0.0;1.0;2.0;1.0;A01
52987;201500035146;0;34;0;0.0;2.0;1.0;1.0;B01
52988;201500035146;0;10;0;0.0;2.0;3.0;15.0;A01
52989;201500035147;0;7;0;12.0;0.0;9.0;14.0;A01
52990;201500035148;0;7;0;0.0;1.0;3.0;1.0;A01
52991;201500035149;0;7;0;1.0;0.0;7.0;13.0;A01
52992;201500035150;0;7;0;0.0;1.0;1.0;16.0;A01
52993;201500035151;0;7;0;0.0;2.0;6.0;0.0;A01
52994;201500035151;0;31;0;0.0;2.0;3.0;0.0;B01
52995;201500035152;0;7;0;0.0;2.0;1.0;1.0;B01
52996;201500035152;0;7;0;0.0;2.0;1.0;5.0;A01
52997;201500035153;0;7;0;0.0;1.0;2.0;1.0;A01
52998;201500035154;0;10;0;0.0;2.0;3.0;2.0;B01
52999;201500035154;0;32;0;0.0;2.0;7.0;2.0;A01
53000;201500035156;0;7;0;0.0;1.0;4.0;4.0;A01
53001;201500035157;1;10;0;0.0;2.0;8.0;17.0;Z01
53002;201500035157;0;33;0;0.0;2.0;7.0;17.0;A01
53003;201500035158;0;7;0;0.0;1.0;4.0;0.0;A01
53004;201500035160;0;7;0;0.0;1.0;2.0;14.0;A01
53005;201500035161;0;7;0;0.0;1.0;2.0;1.0;A01
53006;201500035162;0;7;0;0.0;2.0;8.0;0.0;B01
53007;201500035162;0;30;0;0.0;2.0;1.0;17.0;A01
53008;201500035163;0;7;0;2.0;0.0;2.0;13.0;A01
53009;201500035164;0;7;0;10.0;0.0;1.0;1.0;A01
53010;201500035165;0;7;0;0.0;2.0;3.0;1.0;B01
53011;201500035165;0;7;0;2.0;2.0;3.0;13.0;A01
53012;201500035166;0;10;0;0.0;2.0;1.0;1.0;A01
53013;201500035166;0;30;0;0.0;2.0;7.0;1.0;B01
53014;201500035167;0;33;0;0.0;2.0;7.0;17.0;B01
53015;201500035167;1;7;0;0.0;0.0;0.0;0.0;Z01
53016;201500035168;0;7;0;0.0;1.0;2.0;15.0;A01
53017;201500035170;0;33;0;0.0;2.0;8.0;1.0;B01
53018;201500035170;0;7;0;0.0;2.0;5.0;12.0;A01
53019;201500035171;0;7;0;0.0;2.0;3.0;1.0;C01
53020;201500035171;0;33;0;0.0;2.0;7.0;17.0;A01
53021;201500035171;0;7;0;0.0;2.0;8.0;15.0;B01
53022;201500035172;0;7;0;0.0;0.0;4.0;23.0;A01
53023;201500035172;0;7;0;0.0;2.0;1.0;2.0;B01
53024;201500035174;0;7;0;0.0;2.0;1.0;1.0;B01
53025;201500035174;0;7;0;0.0;2.0;1.0;1.0;A01
53026;201500035175;0;7;0;0.0;1.0;2.0;1.0;A01
53027;201500035176;0;7;0;0.0;2.0;3.0;1.0;A01
53028;201500035176;0;31;0;0.0;2.0;1.0;1.0;B01
53029;201500035177;0;33;0;0.0;0.0;1.0;1.0;A01
53030;201500035178;0;7;0;0.0;2.0;5.0;15.0;B01
53031;201500035178;0;32;0;0.0;2.0;1.0;1.0;A01
53032;201500035179;0;33;0;0.0;9.0;2.0;2.0;A01
53033;201500035180;0;1;0;;2.0;3.0;19.0;A01
53034;201500035180;0;14;0;0.0;2.0;3.0;1.0;B01
53035;201500035181;0;7;0;0.0;1.0;2.0;0.0;A01
53036;201500035182;0;7;0;0.0;2.0;1.0;15.0;A01
53037;201500035182;0;7;0;0.0;2.0;8.0;2.0;B01
53038;201500035183;0;1;0;0.0;2.0;1.0;1.0;B01
53039;201500035183;0;7;0;0.0;2.0;2.0;15.0;A01
53040;201500035184;0;30;0;0.0;2.0;7.0;2.0;B01
53041;201500035184;0;7;0;0.0;2.0;1.0;1.0;A01
53042;201500035185;1;7;0;0.0;1.0;0.0;0.0;A01
53043;201500035186;0;7;0;0.0;2.0;3.0;16.0;A01
53044;201500035186;0;7;0;0.0;2.0;2.0;1.0;B01
53045;201500035187;0;7;0;0.0;1.0;2.0;1.0;A01
53046;201500035188;0;7;0;0.0;2.0;8.0;2.0;B01
53047;201500035188;0;7;0;0.0;2.0;5.0;2.0;C01
53048;201500035188;0;7;0;0.0;2.0;9.0;2.0;A01
53049;201500035189;0;7;0;0.0;1.0;2.0;1.0;A01
53050;201500035190;0;34;0;0.0;2.0;1.0;1.0;B01
53051;201500035190;0;7;0;0.0;2.0;6.0;10.0;A01
53052;201500035191;0;7;0;0.0;1.0;2.0;2.0;A01
53053;201500035193;0;7;0;0.0;2.0;1.0;16.0;A01
53054;201500035193;0;32;0;0.0;2.0;1.0;1.0;B01
53055;201500035194;0;7;0;0.0;1.0;7.0;1.0;A01
53056;201500035195;0;33;0;0.0;2.0;1.0;1.0;A01
53057;201500035195;0;7;0;0.0;2.0;8.0;15.0;B01
53058;201500035196;0;7;0;1.0;1.0;3.0;0.0;A01
53059;201500035197;0;34;0;12.0;0.0;9.0;16.0;B01
53060;201500035197;0;7;0;0.0;2.0;3.0;0.0;A01
53061;201500035199;0;7;0;0.0;2.0;4.0;2.0;B01
53062;201500035199;0;30;0;0.0;2.0;1.0;2.0;A01
53063;201500035200;0;7;0;0.0;1.0;2.0;1.0;A01
53064;201500035201;1;30;0;0.0;2.0;1.0;5.0;A01
53065;201500035201;0;10;0;0.0;2.0;1.0;1.0;B01
53066;201500035202;0;7;0;0.0;1.0;1.0;1.0;A01
53067;201500035203;0;7;0;0.0;2.0;8.0;5.0;A01
53068;201500035203;0;33;0;0.0;2.0;1.0;1.0;B01
53069;201500035204;0;32;0;0.0;2.0;1.0;1.0;B01
53070;201500035204;0;20;0;0.0;2.0;4.0;4.0;A01
53071;201500035205;0;34;0;0.0;1.0;1.0;2.0;A01
53072;201500035206;0;7;0;0.0;2.0;7.0;15.0;B01
53073;201500035206;0;33;0;0.0;2.0;1.0;1.0;A01
53074;201500035207;0;7;0;0.0;2.0;0.0;1.0;B01
53075;201500035207;0;32;0;0.0;2.0;0.0;16.0;A01
53076;201500035208;0;10;0;0.0;2.0;0.0;0.0;B01
53077;201500035208;0;7;0;0.0;2.0;0.0;0.0;A01
53078;201500035209;0;34;0;0.0;2.0;0.0;2.0;A01
53079;201500035209;0;7;0;0.0;0.0;0.0;15.0;B01
53080;201500035210;0;32;0;0.0;2.0;1.0;1.0;B01
53081;201500035210;0;7;0;0.0;2.0;3.0;15.0;A01
53082;201500035212;0;33;0;0.0;2.0;2.0;1.0;A01
53083;201500035212;0;7;0;0.0;2.0;1.0;1.0;B01
53084;201500035213;0;34;0;0.0;2.0;9.0;1.0;B01
53085;201500035213;0;7;0;0.0;2.0;8.0;15.0;A01
53086;201500035214;0;7;0;0.0;0.0;4.0;23.0;A01
53087;201500035214;0;7;0;0.0;2.0;1.0;2.0;B01
53088;201500035215;0;7;0;0.0;2.0;3.0;1.0;B01
53089;201500035215;0;7;0;0.0;2.0;3.0;13.0;A01
53090;201500035216;0;7;0;0.0;2.0;1.0;2.0;A01
53091;201500035216;0;7;0;0.0;2.0;5.0;2.0;B01
53092;201500035217;0;2;0;0.0;2.0;1.0;2.0;A01
53093;201500035217;1;7;0;0.0;2.0;4.0;2.0;Z01
53094;201500035218;0;7;0;0.0;1.0;5.0;4.0;A01
53095;201500035219;0;7;0;0.0;0.0;6.0;15.0;B01
53096;201500035219;0;32;0;0.0;2.0;1.0;1.0;A01
53097;201500035220;0;1;0;0.0;1.0;1.0;1.0;A01
53098;201500035221;0;13;0;0.0;1.0;1.0;1.0;A01
53099;201500035222;0;10;0;0.0;2.0;3.0;15.0;B01
53100;201500035222;0;30;0;0.0;2.0;1.0;3.0;A01
53101;201500035223;0;2;0;6.0;0.0;2.0;1.0;A01
53102;201500035224;0;2;0;0.0;2.0;1.0;1.0;A01
53103;201500035224;1;7;0;0.0;0.0;2.0;15.0;Z01
53104;201500035225;0;7;0;1.0;1.0;2.0;15.0;A01
53105;201500035226;0;7;0;0.0;1.0;1.0;15.0;A01
53106;201500035227;0;33;0;0.0;0.0;0.0;0.0;B01
53107;201500035227;0;7;0;0.0;0.0;0.0;15.0;A01
53108;201500035228;0;7;0;0.0;1.0;3.0;1.0;A01
53109;201500035229;0;7;0;0.0;1.0;3.0;14.0;A01
53110;201500035230;0;1;0;0.0;2.0;0.0;2.0;A01
53111;201500035230;0;2;0;0.0;2.0;0.0;2.0;B01
53112;201500035231;1;7;0;0.0;0.0;0.0;0.0;Z01
53113;201500035231;0;7;0;0.0;0.0;4.0;1.0;A01
53114;201500035232;0;3;0;0.0;0.0;4.0;2.0;B01
53115;201500035232;0;30;0;0.0;0.0;1.0;2.0;A01
53116;201500035233;0;13;0;0.0;0.0;0.0;21.0;A01
53117;201500035233;0;33;0;0.0;2.0;0.0;21.0;B01
53118;201500035234;0;3;0;0.0;2.0;3.0;5.0;A01
53119;201500035234;0;3;0;0.0;2.0;8.0;0.0;B01
53120;201500035235;0;7;0;0.0;2.0;1.0;15.0;A01
53121;201500035235;0;31;0;0.0;2.0;8.0;0.0;B01
53122;201500035236;0;7;0;0.0;0.0;1.0;1.0;A01
53123;201500035236;0;30;0;0.0;2.0;7.0;1.0;B01
53124;201500035237;0;1;0;1.0;0.0;1.0;1.0;B01
53125;201500035238;0;2;0;0.0;1.0;1.0;17.0;A01
53126;201500035240;0;30;0;0.0;2.0;1.0;2.0;B01
53127;201500035240;0;7;0;0.0;2.0;3.0;15.0;A01
53128;201500035241;0;31;0;0.0;1.0;8.0;21.0;B01
53129;201500035241;0;7;0;0.0;2.0;1.0;0.0;A01
53130;201500035242;0;7;0;0.0;2.0;3.0;5.0;A01
53131;201500035242;0;7;0;0.0;2.0;3.0;1.0;B01
53132;201500035243;0;7;0;0.0;1.0;3.0;1.0;A01
53133;201500035244;0;33;0;0.0;2.0;1.0;21.0;B01
53134;201500035244;0;7;0;0.0;2.0;3.0;15.0;A01
53135;201500035246;0;31;0;0.0;2.0;7.0;15.0;B01
53136;201500035246;0;7;0;0.0;2.0;1.0;9.0;A01
53137;201500035247;0;7;0;0.0;1.0;2.0;20.0;A01
53138;201500035248;0;30;0;0.0;2.0;1.0;1.0;B01
53139;201500035248;0;7;0;0.0;2.0;7.0;15.0;A01
53140;201500035249;0;13;0;0.0;9.0;8.0;15.0;B01
53141;201500035249;0;33;0;0.0;2.0;1.0;0.0;A01
53142;201500035250;0;7;0;0.0;2.0;5.0;16.0;B01
53143;201500035250;0;30;0;0.0;2.0;8.0;0.0;A01
53144;201500035251;0;1;0;0.0;0.0;0.0;0.0;A01
53145;201500035251;1;2;0;14.0;0.0;1.0;2.0;B01
53146;201500035252;0;7;0;0.0;2.0;1.0;1.0;B01
53147;201500035252;0;7;0;1.0;2.0;1.0;5.0;A01
53148;201500035253;0;31;0;0.0;2.0;1.0;1.0;A01
53149;201500035253;0;7;0;0.0;0.0;0.0;0.0;B01
53150;201500035254;0;7;0;0.0;2.0;1.0;2.0;A01
53151;201500035254;0;7;0;1.0;2.0;4.0;2.0;B01
53152;201500035255;0;1;0;1.0;0.0;1.0;2.0;B01
53153;201500035255;0;7;0;0.0;2.0;0.0;0.0;A01
53154;201500035256;0;7;0;0.0;2.0;4.0;1.0;B01
53155;201500035256;0;7;0;0.0;2.0;1.0;1.0;A01
53156;201500035257;0;7;0;0.0;1.0;4.0;4.0;C01
53157;201500035258;1;33;0;0.0;1.0;1.0;0.0;Z01
53158;201500035259;0;7;0;0.0;2.0;1.0;1.0;A02
53159;201500035259;0;7;0;0.0;2.0;3.0;1.0;E01
53160;201500035259;0;7;0;1.0;2.0;0.0;0.0;G02
53161;201500035259;0;7;0;1.0;2.0;3.0;0.0;F01
53162;201500035259;0;7;0;0.0;2.0;8.0;1.0;D01
53163;201500035259;0;7;0;1.0;0.0;7.0;0.0;C01
53164;201500035259;0;7;0;0.0;2.0;7.0;15.0;B01
53165;201500035260;0;30;0;0.0;1.0;1.0;1.0;A01
53166;201500035261;0;30;0;0.0;2.0;1.0;1.0;B01
53167;201500035261;0;7;0;0.0;0.0;3.0;0.0;A01
53168;201500035262;0;7;0;5.0;0.0;2.0;1.0;A01
53169;201500035262;0;7;0;0.0;0.0;5.0;15.0;B01
53170;201500035263;0;7;0;0.0;1.0;2.0;1.0;A01
53171;201500035264;0;7;0;0.0;1.0;3.0;0.0;A01
53172;201500035265;0;7;0;0.0;2.0;3.0;15.0;A01
53173;201500035266;0;7;0;0.0;2.0;3.0;13.0;A01
53174;201500035266;0;2;0;0.0;2.0;1.0;1.0;B01
53175;201500035267;0;7;0;6.0;2.0;1.0;11.0;A01
53176;201500035267;0;32;0;0.0;2.0;5.0;0.0;B01
53177;201500035267;0;31;0;0.0;2.0;0.0;0.0;C01
53178;201500035268;0;30;0;0.0;2.0;4.0;0.0;B01
53179;201500035268;0;33;0;0.0;2.0;1.0;0.0;A01
53180;201500035269;0;32;0;0.0;2.0;1.0;1.0;B01
53181;201500035269;0;7;0;0.0;2.0;2.0;15.0;A01
53182;201500035270;0;30;0;0.0;2.0;3.0;1.0;A01
53183;201500035271;0;7;0;0.0;2.0;6.0;2.0;B01
53184;201500035271;0;34;0;0.0;2.0;6.0;2.0;A01
53185;201500035272;0;33;0;0.0;2.0;1.0;1.0;B01