;Num_Acc;senc;catv;occutc;obs;obsm;choc;manv;num_veh
53186;201500035272;0;7;0;0.0;2.0;8.0;9.0;A01
53187;201500035273;0;7;0;0.0;1.0;1.0;1.0;A01
53188;201500035274;0;13;0;0.0;2.0;7.0;12.0;A01
53189;201500035274;0;7;0;0.0;9.0;8.0;1.0;B01
53190;201500035275;0;13;0;0.0;2.0;2.0;15.0;A01
53191;201500035275;0;32;0;0.0;2.0;1.0;1.0;B01
53192;201500035276;0;10;0;0.0;1.0;7.0;0.0;A01
53193;201500035277;0;7;0;0.0;1.0;4.0;4.0;A01
53194;201500035278;0;7;0;0.0;2.0;1.0;15.0;A01
53195;201500035278;0;30;0;0.0;2.0;1.0;1.0;B01
53196;201500035279;0;7;0;0.0;2.0;1.0;1.0;B01
53197;201500035279;0;1;0;0.0;2.0;7.0;19.0;A01
53198;201500035280;0;7;0;0.0;2.0;7.0;4.0;A01
53199;201500035280;0;2;0;1.0;0.0;1.0;1.0;B01
53200;201500035282;0;7;0;0.0;0.0;0.0;0.0;B01
53201;201500035282;0;7;0;0.0;0.0;0.0;0.0;A01
53202;201500035283;0;31;0;0.0;2.0;0.0;1.0;B01
53203;201500035283;0;7;0;0.0;2.0;0.0;15.0;A01
53204;201500035284;0;1;0;0.0;2.0;1.0;1.0;B01
53205;201500035284;0;7;0;0.0;2.0;3.0;16.0;A01
53206;201500035285;0;32;0;0.0;1.0;1.0;1.0;A01
53207;201500035286;0;30;0;1.0;0.0;5.0;1.0;B01
53208;201500035286;1;7;0;0.0;2.0;1.0;0.0;A01
53209;201500035287;0;7;0;0.0;1.0;1.0;1.0;A01
53210;201500035288;0;7;0;0.0;1.0;1.0;1.0;A01
53211;201500035289;0;7;0;0.0;1.0;1.0;1.0;A01
53212;201500035291;0;10;0;1.0;1.0;3.0;13.0;A01
53213;201500035292;0;10;0;0.0;2.0;3.0;9.0;A01
53214;201500035292;0;7;0;0.0;2.0;2.0;1.0;B01
53215;201500035293;0;33;0;0.0;2.0;4.0;2.0;B01
53216;201500035293;0;7;0;0.0;2.0;3.0;2.0;A01
53217;201500035294;0;7;0;0.0;2.0;3.0;15.0;B01
53218;201500035294;0;33;0;0.0;2.0;1.0;17.0;A01
53219;201500035295;0;7;0;0.0;2.0;4.0;2.0;B01
53220;201500035295;0;7;0;0.0;2.0;1.0;2.0;A01
53221;201500035295;0;7;0;0.0;2.0;4.0;2.0;C01
53222;201500035296;0;7;0;0.0;1.0;2.0;9.0;A01
53223;201500035297;0;7;0;2.0;0.0;9.0;13.0;A01
53224;201500035298;0;30;0;0.0;2.0;1.0;13.0;B01
53225;201500035298;0;7;0;0.0;2.0;3.0;2.0;A01
53226;201500035299;0;7;0;0.0;1.0;1.0;15.0;A01
53227;201500035301;0;10;0;0.0;2.0;1.0;19.0;B01
53228;201500035301;0;7;0;0.0;2.0;6.0;0.0;A01
53229;201500035302;0;7;0;0.0;2.0;2.0;1.0;B01
53230;201500035302;0;33;0;0.0;2.0;1.0;0.0;A01
53231;201500035303;0;7;0;0.0;2.0;5.0;0.0;C01
53232;201500035303;0;7;0;0.0;2.0;9.0;16.0;B01
53233;201500035303;0;7;0;0.0;0.0;0.0;0.0;A01
53234;201500035305;0;32;0;0.0;2.0;8.0;1.0;A01
53235;201500035305;0;7;0;0.0;2.0;6.0;4.0;B01
53236;201500035306;0;31;0;0.0;2.0;1.0;1.0;B01
53237;201500035306;0;7;0;0.0;2.0;0.0;19.0;A01
53238;201500035307;0;2;0;0.0;2.0;1.0;1.0;B01
53239;201500035307;0;7;0;0.0;2.0;1.0;15.0;A01
53240;201500035308;0;1;0;0.0;1.0;0.0;0.0;A01
53241;201500035309;0;32;0;14.0;0.0;1.0;1.0;A01
53242;201500035309;0;10;0;0.0;9.0;1.0;1.0;B01
53243;201500035310;0;2;0;0.0;2.0;1.0;1.0;A01
53244;201500035310;1;7;0;0.0;2.0;2.0;17.0;B01
53245;201500035311;0;7;0;0.0;2.0;1.0;1.0;B01
53246;201500035311;0;2;0;0.0;2.0;8.0;15.0;A01
53247;201500035312;0;33;0;0.0;2.0;1.0;2.0;B01
53248;201500035312;0;7;0;0.0;2.0;7.0;15.0;A01
53249;201500035314;0;7;0;0.0;2.0;3.0;2.0;A01
53250;201500035314;0;2;0;0.0;2.0;3.0;2.0;B01
53251;201500035315;0;7;0;0.0;1.0;7.0;1.0;A01
53252;201500035316;0;7;0;0.0;1.0;3.0;15.0;A01
53253;201500035317;0;7;0;0.0;2.0;2.0;15.0;A01
53254;201500035317;0;1;0;0.0;2.0;8.0;1.0;B01
53255;201500035318;0;7;0;0.0;2.0;1.0;2.0;A01
53256;201500035318;0;7;0;0.0;0.0;0.0;23.0;B01
53257;201500035319;0;7;0;4.0;0.0;1.0;2.0;A01
53258;201500035320;0;7;0;0.0;2.0;6.0;2.0;B01
53259;201500035320;0;7;0;0.0;2.0;2.0;2.0;A01
53260;201500035321;0;7;0;0.0;2.0;8.0;15.0;A01
53261;201500035321;0;31;0;0.0;2.0;0.0;1.0;B01
53262;201500035322;0;7;0;0.0;2.0;1.0;15.0;A01
53263;201500035322;0;33;0;0.0;2.0;1.0;1.0;B01
53264;201500035323;0;7;0;0.0;1.0;4.0;4.0;A01
53265;201500035324;0;7;0;0.0;2.0;1.0;15.0;A01
53266;201500035324;0;2;0;0.0;2.0;1.0;2.0;B01
53267;201500035325;0;1;0;0.0;0.0;0.0;0.0;B01
53268;201500035325;0;7;0;0.0;9.0;1.0;16.0;A01
53269;201500035326;0;33;0;0.0;2.0;1.0;1.0;C01
53270;201500035326;0;7;0;0.0;2.0;6.0;23.0;B01
53271;201500035326;0;7;0;0.0;2.0;2.0;2.0;A01
53272;201500035326;0;7;0;0.0;2.0;4.0;2.0;D01
53273;201500035327;0;7;0;0.0;1.0;4.0;4.0;A01
53274;201500035328;0;7;0;0.0;2.0;4.0;2.0;B01
53275;201500035328;0;7;0;0.0;2.0;1.0;2.0;A01
53276;201500035329;0;7;0;0.0;2.0;3.0;2.0;A01
53277;201500035329;0;30;0;0.0;2.0;4.0;15.0;B01
53278;201500035330;0;7;0;0.0;2.0;1.0;2.0;A01
53279;201500035330;0;7;0;0.0;2.0;4.0;2.0;B01
53280;201500035330;0;7;0;0.0;2.0;4.0;15.0;C01
53281;201500035331;0;7;0;0.0;1.0;3.0;1.0;B01
53282;201500035331;0;7;0;0.0;1.0;2.0;1.0;A01
53283;201500035332;0;30;0;0.0;2.0;1.0;13.0;A01
53284;201500035332;0;7;0;0.0;2.0;2.0;1.0;B01
53285;201500035333;0;32;0;0.0;2.0;1.0;2.0;A01
53286;201500035333;0;7;0;0.0;0.0;3.0;0.0;B01
53287;201500035334;0;32;0;0.0;2.0;1.0;1.0;A01
53288;201500035334;0;7;0;0.0;2.0;1.0;1.0;B01
53289;201500035335;0;33;0;0.0;2.0;0.0;0.0;B01
53290;201500035335;1;7;0;0.0;2.0;4.0;2.0;Z01
53291;201500035336;0;7;0;2.0;0.0;5.0;13.0;B01
53292;201500035336;0;7;0;0.0;2.0;3.0;1.0;A01
53293;201500035336;0;33;0;0.0;2.0;8.0;1.0;C01
53294;201500035337;0;7;0;0.0;1.0;5.0;18.0;A01
53295;201500035338;0;34;0;0.0;2.0;1.0;1.0;B01
53296;201500035338;0;7;0;0.0;2.0;3.0;10.0;A01
53297;201500035339;0;32;0;0.0;2.0;1.0;17.0;A01
53298;201500035339;0;7;0;0.0;2.0;3.0;9.0;B01
53299;201500035340;0;7;0;15.0;1.0;1.0;17.0;A01
53300;201500035341;0;34;0;0.0;2.0;1.0;2.0;B01
53301;201500035341;0;7;0;0.0;2.0;2.0;10.0;A01
53302;201500035342;0;1;0;0.0;2.0;0.0;1.0;B01
53303;201500035342;0;7;0;0.0;2.0;3.0;16.0;A01
53304;201500035343;0;10;0;0.0;1.0;2.0;15.0;A01
53305;201500035344;0;7;0;0.0;2.0;2.0;1.0;B01
53306;201500035344;0;7;0;0.0;2.0;1.0;19.0;A01
53307;201500035345;0;30;0;0.0;2.0;1.0;1.0;B01
53308;201500035345;0;7;0;0.0;2.0;2.0;15.0;A01
53309;201500035346;0;7;0;0.0;1.0;2.0;1.0;A01
53310;201500035348;0;7;0;0.0;2.0;8.0;13.0;B01
53311;201500035348;0;34;0;0.0;2.0;7.0;17.0;A01
53312;201500035349;0;2;0;0.0;2.0;0.0;2.0;B01
53313;201500035349;0;7;0;0.0;9.0;8.0;0.0;A01
53314;201500035350;0;2;0;0.0;0.0;1.0;0.0;B01
53315;201500035350;0;7;0;0.0;0.0;3.0;0.0;A01
53316;201500035351;0;33;0;0.0;2.0;6.0;1.0;A01
53317;201500035351;0;7;0;0.0;2.0;6.0;11.0;B01
53318;201500035352;0;7;0;2.0;0.0;1.0;21.0;A01
53319;201500035353;0;30;0;0.0;2.0;1.0;0.0;A01
53320;201500035353;0;7;0;0.0;2.0;8.0;1.0;B01
53321;201500035354;0;32;0;0.0;2.0;1.0;1.0;A01
53322;201500035354;0;7;0;0.0;2.0;0.0;0.0;B01
53323;201500035355;0;14;0;0.0;1.0;2.0;1.0;A01
53324;201500035356;2;7;0;1.0;2.0;1.0;13.0;A01
53325;201500035356;0;7;0;0.0;2.0;1.0;1.0;B01
53326;201500035358;0;7;0;16.0;2.0;2.0;2.0;A01
53327;201500035358;0;7;0;8.0;2.0;7.0;15.0;B01
53328;201500035359;1;30;0;0.0;1.0;7.0;0.0;A01
53329;201500035360;1;7;0;0.0;1.0;0.0;0.0;Z01
53330;201500035361;0;33;0;0.0;2.0;1.0;1.0;C01
53331;201500035361;0;10;0;0.0;2.0;3.0;19.0;A01
53332;201500035361;0;33;0;0.0;2.0;1.0;1.0;B01
53333;201500035362;0;7;0;0.0;1.0;6.0;15.0;A01
53334;201500035363;0;7;0;0.0;2.0;1.0;1.0;A01
53335;201500035363;0;7;0;0.0;2.0;4.0;0.0;B01
53336;201500035364;0;7;0;0.0;2.0;3.0;1.0;B01
53337;201500035364;0;7;0;0.0;2.0;2.0;1.0;A01
53338;201500035365;0;33;0;12.0;0.0;1.0;1.0;A01
53339;201500035366;0;1;0;0.0;1.0;1.0;13.0;A01
53340;201500035367;0;7;0;0.0;2.0;1.0;9.0;A01
53341;201500035367;0;7;0;0.0;2.0;2.0;1.0;B01
53342;201500035368;0;33;0;0.0;2.0;1.0;1.0;B01
53343;201500035368;0;7;0;0.0;0.0;3.0;15.0;A01
53344;201500035369;0;31;0;0.0;2.0;1.0;1.0;A01
53345;201500035369;0;7;0;0.0;2.0;6.0;23.0;B01
53346;201500035370;0;7;0;0.0;2.0;1.0;2.0;B01
53347;201500035370;0;7;0;0.0;2.0;1.0;2.0;A01
53348;201500035370;0;7;0;0.0;2.0;4.0;1.0;C01
53349;201500035371;0;7;0;0.0;2.0;5.0;4.0;A01
53350;201500035371;0;33;0;0.0;2.0;1.0;21.0;B01
53351;201500035372;0;7;0;0.0;1.0;3.0;1.0;A01
53352;201500035373;0;7;0;0.0;2.0;3.0;15.0;A01
53353;201500035373;0;1;0;0.0;2.0;1.0;21.0;B01
53354;201500035374;0;7;0;0.0;2.0;2.0;1.0;B01
53355;201500035374;0;7;0;0.0;2.0;2.0;15.0;A01
53356;201500035375;0;7;0;0.0;2.0;1.0;1.0;B01
53357;201500035375;0;7;0;0.0;2.0;7.0;1.0;A01
53358;201500035376;0;7;0;0.0;2.0;3.0;1.0;A01
53359;201500035376;0;7;0;0.0;2.0;3.0;1.0;B01
53360;201500035377;0;31;0;0.0;2.0;4.0;1.0;B01
53361;201500035377;0;10;0;0.0;2.0;1.0;1.0;A01
53362;201500035379;0;7;0;0.0;2.0;8.0;11.0;A01
53363;201500035379;0;32;0;0.0;2.0;1.0;17.0;B01
53364;201500035379;0;7;0;0.0;2.0;6.0;1.0;C01
53365;201500035380;0;7;0;0.0;0.0;3.0;13.0;A01
53366;201500035380;0;34;0;0.0;0.0;7.0;1.0;B01
53367;201500035381;0;30;0;0.0;1.0;6.0;21.0;A01
53368;201500035382;0;7;0;0.0;1.0;1.0;1.0;B01
53369;201500035382;0;7;0;0.0;2.0;1.0;0.0;A01
53370;201500035384;0;33;0;0.0;2.0;3.0;1.0;B01
53371;201500035384;1;7;0;0.0;2.0;1.0;1.0;Z01
53372;201500035385;0;7;0;0.0;2.0;4.0;2.0;A01
53373;201500035385;0;7;0;0.0;2.0;9.0;1.0;B01
53374;201500035385;0;7;0;0.0;2.0;1.0;2.0;C01
53375;201500035386;0;7;0;13.0;9.0;1.0;0.0;A01
53376;201500035387;0;34;0;0.0;2.0;7.0;1.0;B01
53377;201500035387;1;10;0;0.0;2.0;0.0;15.0;Z01
53378;201500035388;0;33;0;0.0;2.0;8.0;1.0;A01
53379;201500035388;0;7;0;0.0;2.0;1.0;1.0;B01
53380;201500035389;0;33;0;0.0;2.0;7.0;1.0;B01
53381;201500035389;0;7;0;0.0;2.0;4.0;15.0;A01
53382;201500035390;0;7;0;8.0;0.0;2.0;0.0;A01
53383;201500035391;0;2;0;0.0;2.0;7.0;1.0;A01
53384;201500035391;0;7;0;0.0;2.0;2.0;0.0;B01
53385;201500035392;0;7;0;11.0;0.0;1.0;0.0;A01
53386;201500035394;0;2;0;0.0;2.0;1.0;1.0;B01
53387;201500035394;0;34;0;0.0;2.0;1.0;5.0;A01
53388;201500035395;0;7;0;0.0;2.0;7.0;15.0;B01
53389;201500035395;0;33;0;0.0;2.0;1.0;1.0;A01
53390;201500035396;0;7;0;0.0;2.0;3.0;1.0;A01
53391;201500035396;0;1;0;0.0;2.0;1.0;1.0;B01
53392;201500035397;1;30;0;0.0;1.0;1.0;1.0;Z01
53393;201500035398;0;33;0;0.0;2.0;0.0;1.0;B01
53394;201500035398;0;7;0;0.0;2.0;3.0;15.0;A01
53395;201500035399;0;7;0;0.0;2.0;4.0;0.0;B01
53396;201500035399;0;31;0;0.0;2.0;1.0;1.0;A01
53397;201500035400;0;2;0;0.0;2.0;1.0;2.0;A01
53398;201500035400;0;7;0;0.0;2.0;5.0;2.0;B01
53399;201500035401;1;10;0;0.0;1.0;4.0;4.0;A01
53400;201500035404;0;7;0;0.0;0.0;4.0;2.0;B01
53401;201500035404;0;7;0;0.0;2.0;1.0;2.0;A01
53402;201500035405;0;7;0;0.0;2.0;3.0;15.0;B01
53403;201500035405;0;33;0;0.0;2.0;7.0;17.0;A01
53404;201500035406;0;10;0;0.0;1.0;1.0;1.0;A01
53405;201500035407;0;7;0;0.0;1.0;2.0;0.0;A01
53406;201500035408;1;7;0;0.0;1.0;0.0;15.0;A01
53407;201500035409;0;7;0;0.0;2.0;1.0;5.0;A01
53408;201500035409;0;7;0;0.0;2.0;1.0;1.0;B01
53409;201500035410;0;7;0;0.0;1.0;4.0;4.0;A01
53410;201500035411;0;7;0;0.0;2.0;5.0;2.0;C01
53411;201500035411;0;34;0;0.0;1.0;1.0;3.0;A01
53412;201500035411;0;7;0;0.0;2.0;5.0;1.0;B01
53413;201500035411;0;7;0;0.0;2.0;5.0;2.0;D01
53414;201500035411;0;7;0;0.0;2.0;5.0;2.0;E01
53415;201500035412;0;7;0;0.0;1.0;2.0;1.0;A01
53416;201500035413;0;7;0;0.0;2.0;3.0;1.0;B01
53417;201500035413;0;32;0;0.0;2.0;1.0;1.0;A01
53418;201500035415;0;34;0;0.0;2.0;1.0;5.0;A01
53419;201500035415;0;7;0;0.0;2.0;3.0;0.0;B01
53420;201500035416;0;34;0;0.0;2.0;1.0;1.0;B01
53421;201500035416;0;7;0;0.0;2.0;7.0;19.0;A01
53422;201500035417;1;7;0;0.0;1.0;0.0;1.0;Z01
53423;201500035418;0;7;0;0.0;1.0;7.0;1.0;A01
53424;201500035419;0;7;0;12.0;1.0;1.0;15.0;A01
53425;201500035420;0;7;0;0.0;1.0;2.0;1.0;A01
53426;201500035422;1;7;0;0.0;1.0;0.0;0.0;Z01
53427;201500035423;0;7;0;0.0;2.0;1.0;9.0;A01
53428;201500035423;0;33;0;0.0;2.0;7.0;1.0;B01
53429;201500035424;0;33;0;0.0;0.0;0.0;0.0;A01
53430;201500035424;0;7;0;0.0;2.0;1.0;15.0;B01
53431;201500035425;0;7;0;0.0;2.0;8.0;11.0;A01
53432;201500035425;0;33;0;0.0;2.0;7.0;1.0;B01
53433;201500035426;0;7;0;0.0;1.0;1.0;15.0;A01
53434;201500035427;0;7;0;13.0;2.0;1.0;1.0;B01
53435;201500035427;0;7;0;0.0;2.0;4.0;1.0;A01
53436;201500035428;0;7;0;8.0;0.0;1.0;1.0;A01
53437;201500035429;0;31;0;0.0;0.0;1.0;1.0;A01
53438;201500035430;0;34;0;0.0;2.0;1.0;17.0;A01
53439;201500035430;0;7;0;0.0;2.0;7.0;15.0;B01
53440;201500035431;0;30;0;1.0;0.0;1.0;1.0;A01
53441;201500035432;0;7;0;0.0;2.0;7.0;1.0;C01
53442;201500035432;0;7;0;0.0;2.0;1.0;12.0;A01
53443;201500035432;0;7;0;0.0;2.0;4.0;1.0;B01
53444;201500035433;0;7;0;1.0;0.0;1.0;14.0;A01
53445;201500035434;0;37;1;0.0;1.0;1.0;1.0;A01
53446;201500035438;0;7;0;0.0;2.0;4.0;1.0;B01
53447;201500035438;0;7;0;0.0;2.0;1.0;0.0;A01
53448;201500035439;0;7;0;0.0;1.0;1.0;1.0;A01
53449;201500035440;0;7;0;0.0;1.0;7.0;1.0;A01
53450;201500035441;0;17;0;0.0;2.0;3.0;1.0;B01
53451;201500035441;0;7;0;0.0;2.0;1.0;16.0;A01
53452;201500035442;0;7;0;0.0;9.0;1.0;1.0;A01
53453;201500035442;0;1;0;0.0;2.0;7.0;19.0;B01
53454;201500035443;0;30;0;0.0;2.0;1.0;1.0;B01
53455;201500035443;0;7;0;0.0;2.0;2.0;15.0;A01
53456;201500035445;0;7;0;0.0;2.0;5.0;15.0;B01
53457;201500035445;0;7;0;0.0;2.0;1.0;1.0;A01
53458;201500035445;0;7;0;0.0;2.0;1.0;16.0;C01
53459;201500035446;0;34;0;0.0;2.0;1.0;5.0;A01
53460;201500035446;0;7;0;0.0;2.0;1.0;1.0;B01
53461;201500035447;0;7;0;0.0;1.0;1.0;1.0;A01
53462;201500035448;0;7;0;0.0;1.0;1.0;15.0;A01
53463;201500035450;0;34;0;4.0;0.0;8.0;13.0;A01
53464;201500035451;0;7;0;0.0;2.0;4.0;23.0;B01
53465;201500035451;0;33;0;0.0;2.0;1.0;1.0;A01
53466;201500035452;0;7;0;13.0;0.0;1.0;17.0;A01
53467;201500035453;0;33;0;14.0;0.0;9.0;0.0;A01
53468;201500035454;0;7;0;0.0;2.0;8.0;5.0;A01
53469;201500035454;0;32;0;0.0;2.0;1.0;17.0;B01
53470;201500035455;0;31;0;0.0;2.0;4.0;2.0;A01
53471;201500035456;0;33;0;0.0;2.0;1.0;1.0;B01
53472;201500035456;0;7;0;0.0;2.0;7.0;19.0;A01
53473;201500035457;0;7;0;0.0;2.0;1.0;1.0;A01
53474;201500035457;0;7;0;0.0;2.0;1.0;1.0;B01
53475;201500035458;0;33;0;0.0;2.0;0.0;0.0;B01
53476;201500035458;0;7;0;0.0;9.0;7.0;13.0;A01
53477;201500035459;0;15;0;0.0;0.0;0.0;0.0;B01
53478;201500035459;0;7;0;0.0;2.0;4.0;2.0;A01
53479;201500035460;0;7;0;0.0;2.0;1.0;1.0;B01
53480;201500035460;0;7;0;0.0;2.0;0.0;5.0;A01
53481;201500035460;0;7;0;0.0;2.0;8.0;1.0;C01
53482;201500035461;0;1;0;0.0;2.0;8.0;19.0;B01
53483;201500035461;1;34;0;0.0;2.0;1.0;1.0;Z01
53484;201500035462;0;7;0;0.0;2.0;1.0;1.0;A01
53485;201500035462;0;7;0;0.0;2.0;6.0;19.0;B01
53486;201500035464;0;7;0;0.0;2.0;6.0;1.0;C01
53487;201500035464;0;33;0;0.0;2.0;1.0;1.0;B01
53488;201500035464;0;7;0;0.0;2.0;1.0;0.0;A01
53489;201500035464;0;7;0;0.0;2.0;6.0;1.0;D01
53490;201500035465;0;7;0;0.0;2.0;7.0;15.0;A01
53491;201500035465;0;34;0;0.0;2.0;1.0;1.0;B01
53492;201500035466;0;10;0;0.0;1.0;4.0;4.0;A01
53493;201500035467;0;10;0;0.0;9.0;3.0;0.0;A01
53494;201500035467;0;1;0;0.0;2.0;1.0;1.0;B01
53495;201500035469;0;7;0;0.0;2.0;3.0;6.0;A01
53496;201500035469;0;33;0;0.0;2.0;2.0;0.0;B01
53497;201500035470;0;7;0;1.0;0.0;1.0;1.0;A01
53498;201500035471;0;7;0;0.0;0.0;0.0;0.0;C01
53499;201500035471;0;7;0;0.0;2.0;1.0;1.0;A01
53500;201500035471;0;31;0;11.0;2.0;4.0;1.0;B01
53501;201500035472;0;7;0;0.0;1.0;7.0;1.0;A01
53502;201500035473;0;7;0;0.0;1.0;1.0;2.0;A01
53503;201500035474;0;7;0;0.0;1.0;1.0;1.0;A01
53504;201500035475;0;37;0;0.0;1.0;7.0;0.0;A01
53505;201500035476;0;7;0;0.0;0.0;9.0;1.0;A01
53506;201500035478;0;7;0;16.0;0.0;1.0;16.0;A01
53507;201500035479;0;7;0;0.0;2.0;1.0;0.0;A01
53508;201500035479;0;33;0;0.0;2.0;9.0;0.0;B01
53509;201500035480;0;2;0;2.0;0.0;1.0;0.0;A01
53510;201500035481;0;7;0;0.0;2.0;6.0;15.0;B01
53511;201500035481;0;32;0;0.0;2.0;1.0;13.0;A01
53512;201500035482;0;2;0;0.0;2.0;4.0;1.0;B01
53513;201500035482;0;7;0;0.0;2.0;2.0;2.0;A01
53514;201500035483;0;7;0;0.0;2.0;2.0;0.0;A01
53515;201500035483;0;33;0;0.0;2.0;1.0;0.0;B01
53516;201500035484;0;7;0;0.0;2.0;3.0;5.0;A01
53517;201500035484;0;7;0;0.0;2.0;3.0;1.0;B01
53518;201500035484;0;7;0;0.0;2.0;0.0;0.0;C01
53519;201500035485;0;7;0;8.0;0.0;1.0;1.0;A01
53520;201500035486;0;1;0;0.0;2.0;0.0;0.0;A01
53521;201500035486;0;7;0;0.0;2.0;7.0;1.0;B01
53522;201500035487;0;7;0;8.0;0.0;7.0;1.0;A01
53523;201500035488;0;7;0;0.0;1.0;1.0;1.0;A01
53524;201500035489;0;7;0;0.0;2.0;1.0;1.0;A01
53525;201500035489;0;30;0;0.0;2.0;1.0;1.0;B01
53526;201500035490;1;7;0;0.0;1.0;1.0;16.0;A01
53527;201500035491;0;7;0;0.0;2.0;3.0;15.0;A01
53528;201500035491;0;1;0;0.0;2.0;1.0;0.0;B01
53529;201500035492;0;7;0;12.0;1.0;7.0;2.0;A01
53530;201500035493;0;7;0;0.0;2.0;3.0;1.0;C01
53531;201500035493;0;33;0;0.0;2.0;1.0;1.0;B01
53532;201500035493;0;7;0;0.0;2.0;3.0;15.0;A01
53533;201500035494;0;7;0;0.0;2.0;1.0;1.0;A01
53534;201500035494;0;7;0;0.0;2.0;1.0;1.0;B01
53535;201500035495;0;7;0;0.0;1.0;3.0;1.0;A01
53536;201500035496;0;7;0;0.0;1.0;2.0;1.0;A01
53537;201500035497;0;7;0;0.0;1.0;2.0;1.0;A01
53538;201500035498;0;2;0;0.0;2.0;1.0;1.0;B01
53539;201500035498;0;7;0;0.0;2.0;1.0;15.0;A01
53540;201500035499;0;7;0;0.0;2.0;3.0;10.0;A01
53541;201500035499;0;2;0;0.0;2.0;1.0;2.0;B01
53542;201500035500;0;7;0;0.0;1.0;0.0;20.0;A01
53543;201500035501;2;7;0;0.0;2.0;1.0;2.0;A01
53544;201500035501;0;7;0;0.0;0.0;4.0;23.0;B01
53545;201500035502;0;33;0;0.0;2.0;1.0;1.0;B01
53546;201500035502;0;7;0;0.0;2.0;2.0;15.0;A01
53547;201500035504;0;7;0;0.0;1.0;3.0;1.0;A01
53548;201500035505;0;7;0;0.0;2.0;8.0;15.0;A01
53549;201500035505;0;33;0;0.0;2.0;1.0;1.0;B01
53550;201500035507;0;7;0;0.0;2.0;4.0;2.0;B01
53551;201500035507;0;7;0;0.0;2.0;1.0;2.0;A01
53552;201500035507;0;7;0;15.0;0.0;4.0;2.0;C01
53553;201500035508;0;7;0;0.0;0.0;1.0;1.0;A01
53554;201500035509;0;7;0;13.0;0.0;1.0;1.0;A01
53555;201500035510;0;7;0;0.0;2.0;3.0;13.0;A01
53556;201500035510;0;7;0;0.0;2.0;3.0;1.0;B01
53557;201500035511;0;7;0;0.0;2.0;2.0;1.0;B01
53558;201500035511;0;7;0;12.0;2.0;3.0;9.0;A01
53559;201500035512;0;2;0;0.0;2.0;2.0;1.0;B01
53560;201500035512;0;7;0;0.0;2.0;5.0;15.0;A01
53561;201500035513;0;7;0;0.0;2.0;1.0;1.0;A01
53562;201500035513;0;7;0;0.0;2.0;1.0;1.0;B01
53563;201500035514;0;7;0;1.0;2.0;1.0;1.0;A01
53564;201500035514;0;7;0;0.0;2.0;3.0;1.0;C01
53565;201500035515;0;7;0;0.0;2.0;1.0;5.0;A01
53566;201500035515;0;7;0;0.0;2.0;1.0;1.0;B01
53567;201500035517;0;7;0;0.0;0.0;4.0;1.0;B01
53568;201500035517;0;7;0;0.0;2.0;1.0;1.0;A01
53569;201500035518;0;7;0;0.0;2.0;3.0;15.0;A01
53570;201500035518;0;7;0;0.0;2.0;1.0;1.0;B01
53571;201500035519;0;7;0;0.0;0.0;7.0;1.0;B01
53572;201500035519;0;10;0;0.0;2.0;1.0;9.0;A01
53573;201500035520;0;7;0;0.0;2.0;5.0;19.0;A01
53574;201500035520;0;30;0;0.0;0.0;0.0;0.0;B01
53575;201500035522;0;7;0;0.0;1.0;0.0;0.0;A01
53576;201500035523;0;1;0;0.0;0.0;0.0;0.0;B01
53577;201500035523;0;7;0;0.0;0.0;0.0;0.0;A01
53578;201500035524;0;7;0;0.0;2.0;1.0;15.0;A01
53579;201500035524;0;32;0;0.0;2.0;7.0;1.0;B01
53580;201500035526;0;7;0;0.0;1.0;1.0;1.0;A01
53581;201500035528;0;7;0;0.0;0.0;0.0;0.0;A01
53582;201500035529;0;7;0;0.0;1.0;0.0;0.0;A01
53583;201500035530;0;7;0;0.0;1.0;3.0;1.0;F01
53584;201500035531;0;7;0;0.0;2.0;5.0;15.0;A01
53585;201500035531;0;7;0;0.0;0.0;0.0;0.0;B01
53586;201500035532;0;7;0;0.0;2.0;1.0;1.0;B01
53587;201500035532;0;7;0;0.0;2.0;7.0;15.0;A01
53588;201500035533;0;33;0;0.0;2.0;8.0;1.0;B01
53589;201500035533;0;7;0;0.0;2.0;8.0;1.0;A01
53590;201500035534;0;7;0;0.0;1.0;3.0;9.0;A01
53591;201500035535;0;7;0;0.0;1.0;1.0;1.0;A01
53592;201500035536;0;7;0;0.0;2.0;1.0;5.0;A01
53593;201500035536;0;7;0;0.0;2.0;1.0;1.0;B01
53594;201500035537;0;7;0;0.0;2.0;7.0;13.0;A01
53595;201500035537;0;7;0;0.0;2.0;3.0;1.0;B01
53596;201500035538;0;7;0;0.0;1.0;2.0;15.0;A01
53597;201500035539;0;30;0;12.0;0.0;1.0;1.0;A01
53598;201500035540;0;30;0;0.0;2.0;2.0;18.0;A01
53599;201500035540;0;10;0;0.0;0.0;0.0;0.0;B01
53600;201500035541;0;7;0;0.0;2.0;1.0;1.0;B01
53601;201500035541;0;7;0;0.0;2.0;3.0;15.0;A01
53602;201500035542;0;15;0;0.0;2.0;3.0;1.0;B01
53603;201500035542;0;7;0;0.0;2.0;1.0;13.0;A01
53604;201500035543;0;7;0;0.0;2.0;7.0;1.0;B01
53605;201500035543;0;7;0;0.0;2.0;3.0;9.0;A01