;Num_Acc;senc;catv;occutc;obs;obsm;choc;manv;num_veh
53606;201500035544;0;1;0;0.0;2.0;3.0;9.0;B01
53607;201500035544;0;7;0;0.0;2.0;3.0;1.0;A01
53608;201500035545;0;7;0;0.0;2.0;7.0;16.0;A01
53609;201500035545;0;2;0;0.0;2.0;8.0;1.0;B01
53610;201500035546;0;32;0;8.0;2.0;1.0;1.0;B01
53611;201500035546;0;7;0;0.0;2.0;3.0;15.0;A01
53612;201500035547;0;32;0;0.0;0.0;0.0;0.0;B01
53613;201500035547;0;7;0;0.0;2.0;3.0;10.0;A01
53614;201500035548;0;7;0;0.0;1.0;2.0;9.0;A01
53615;201500035549;0;7;0;0.0;1.0;4.0;4.0;A01
53616;201500035550;0;7;0;0.0;2.0;2.0;16.0;A01
53617;201500035550;0;1;0;0.0;0.0;4.0;11.0;B01
53618;201500035551;0;30;0;0.0;1.0;7.0;1.0;A01
53619;201500035552;0;7;0;0.0;2.0;3.0;9.0;A01
53620;201500035552;0;7;0;0.0;2.0;7.0;1.0;B01
53621;201500035553;1;7;0;0.0;2.0;5.0;9.0;Z01
53622;201500035553;0;1;0;0.0;2.0;4.0;1.0;B01
53623;201500035554;0;10;0;0.0;2.0;3.0;24.0;A01
53624;201500035554;0;1;0;1.0;0.0;1.0;1.0;B01
53625;201500035555;0;7;0;0.0;2.0;2.0;19.0;A01
53626;201500035555;0;30;0;1.0;2.0;1.0;1.0;B01
53627;201500035556;0;7;0;6.0;0.0;1.0;14.0;A01
53628;201500035557;0;7;0;0.0;2.0;1.0;1.0;B01
53629;201500035557;0;7;0;0.0;2.0;1.0;13.0;A01
53630;201500035558;0;30;0;0.0;2.0;1.0;1.0;A01
53631;201500035558;1;7;0;0.0;2.0;4.0;4.0;Z01
53632;201500035560;0;7;0;0.0;2.0;2.0;1.0;B01
53633;201500035560;0;7;0;0.0;2.0;3.0;9.0;A01
53634;201500035560;0;30;0;0.0;2.0;1.0;1.0;C01
53635;201500035561;0;30;0;0.0;0.0;7.0;10.0;A01
53636;201500035563;0;30;0;0.0;1.0;1.0;0.0;A01
53637;201500035564;0;30;0;0.0;2.0;5.0;1.0;B01
53638;201500035564;0;7;0;0.0;2.0;3.0;9.0;A01
53639;201500035565;0;2;0;14.0;0.0;0.0;1.0;A01
53640;201500035566;0;7;0;15.0;1.0;4.0;4.0;A01
53641;201500035567;0;1;0;0.0;0.0;0.0;0.0;B01
53642;201500035567;0;7;0;0.0;2.0;1.0;1.0;A01
53643;201500035568;0;1;0;0.0;2.0;2.0;1.0;B01
53644;201500035568;0;10;0;0.0;2.0;7.0;1.0;A01
53645;201500035569;0;33;0;9.0;0.0;1.0;14.0;A01
53646;201500035570;0;13;0;0.0;2.0;7.0;16.0;A01
53647;201500035570;0;1;0;0.0;2.0;8.0;19.0;B01
53648;201500035571;0;2;0;7.0;0.0;1.0;1.0;A01
53649;201500035572;0;7;0;0.0;1.0;1.0;1.0;A01
53650;201500035573;0;2;0;1.0;0.0;1.0;1.0;A01
53651;201500035574;0;30;0;11.0;0.0;1.0;1.0;A01
53652;201500035575;0;7;0;0.0;2.0;1.0;13.0;A01
53653;201500035575;0;7;0;0.0;2.0;3.0;1.0;C01
53654;201500035575;0;7;0;0.0;2.0;8.0;1.0;B01
53655;201500035576;0;7;0;2.0;0.0;1.0;1.0;A01
53656;201500035577;0;7;0;6.0;2.0;2.0;1.0;B01
53657;201500035577;0;7;0;0.0;2.0;3.0;9.0;A01
53658;201500035578;0;7;0;0.0;2.0;8.0;9.0;A01
53659;201500035578;0;31;0;0.0;2.0;2.0;1.0;B01
53660;201500035579;0;2;0;0.0;0.0;8.0;20.0;A01
53661;201500035580;0;7;0;0.0;2.0;2.0;9.0;B01
53662;201500035580;0;1;0;0.0;2.0;8.0;9.0;A01
53663;201500035583;0;10;0;0.0;1.0;8.0;1.0;A01
53664;201500035584;0;30;0;0.0;2.0;1.0;1.0;B01
53665;201500035584;0;7;0;0.0;2.0;3.0;15.0;A01
53666;201500035585;0;1;0;0.0;2.0;1.0;1.0;A01
53667;201500035585;0;7;0;0.0;2.0;4.0;23.0;B01
53668;201500035586;0;7;0;0.0;2.0;1.0;2.0;A01
53669;201500035586;0;7;0;0.0;2.0;4.0;23.0;B01
53670;201500035587;0;7;0;0.0;2.0;1.0;1.0;A01
53671;201500035587;0;7;0;0.0;2.0;4.0;23.0;B01
53672;201500035588;0;7;0;0.0;1.0;3.0;2.0;A01
53673;201500035589;0;7;0;0.0;2.0;8.0;20.0;A01
53674;201500035589;0;7;0;0.0;2.0;7.0;1.0;B01
53675;201500035590;0;7;0;0.0;1.0;0.0;0.0;A01
53676;201500035591;0;3;0;0.0;1.0;2.0;1.0;A01
53677;201500035592;0;33;0;0.0;2.0;1.0;17.0;A01
53678;201500035592;0;7;0;0.0;2.0;3.0;15.0;B01
53679;201500035593;0;30;0;15.0;0.0;1.0;17.0;A01
53680;201500035594;0;7;0;0.0;2.0;5.0;15.0;A01
53681;201500035594;0;32;0;0.0;2.0;0.0;0.0;B01
53682;201500035595;0;7;0;0.0;1.0;0.0;20.0;A01
53683;201500035596;0;1;0;0.0;2.0;1.0;1.0;B01
53684;201500035596;0;7;0;0.0;2.0;3.0;9.0;A01
53685;201500035597;0;7;0;0.0;2.0;1.0;1.0;A01
53686;201500035597;0;7;0;0.0;2.0;4.0;23.0;B01
53687;201500035598;0;30;0;0.0;2.0;1.0;2.0;A01
53688;201500035598;0;7;0;0.0;2.0;6.0;1.0;B01
53689;201500035600;0;7;0;0.0;2.0;7.0;10.0;A01
53690;201500035600;0;33;0;0.0;2.0;1.0;1.0;B01
53691;201500035601;0;7;0;0.0;1.0;2.0;1.0;A01
53692;201500035603;0;30;0;0.0;0.0;0.0;0.0;A01
53693;201500035604;0;2;0;0.0;0.0;7.0;0.0;A01
53694;201500035605;0;7;0;0.0;1.0;3.0;2.0;A01
53695;201500035606;0;7;0;0.0;0.0;9.0;2.0;A01
53696;201500035607;0;1;0;0.0;2.0;0.0;0.0;B01
53697;201500035607;0;7;0;0.0;2.0;3.0;16.0;A01
53698;201500035608;0;1;0;0.0;0.0;0.0;2.0;A01
53699;201500035610;0;7;0;0.0;2.0;3.0;2.0;A01
53700;201500035610;0;30;0;0.0;2.0;4.0;23.0;B01
53701;201500035612;0;7;0;0.0;0.0;0.0;0.0;A01
53702;201500035613;0;7;0;0.0;0.0;0.0;5.0;A01
53703;201500035613;0;32;0;0.0;0.0;7.0;1.0;B01
53704;201500035614;0;7;0;0.0;2.0;3.0;1.0;A01
53705;201500035614;0;37;1;0.0;2.0;3.0;1.0;B01
53706;201500035616;0;7;0;0.0;0.0;0.0;0.0;A01
53707;201500035618;0;7;0;0.0;2.0;2.0;1.0;B01
53708;201500035618;0;7;0;0.0;2.0;1.0;1.0;A01
53709;201500035619;0;31;0;6.0;0.0;1.0;1.0;A01
53710;201500035620;0;31;0;0.0;1.0;2.0;9.0;A01
53711;201500035621;0;7;0;0.0;2.0;3.0;1.0;A01
53712;201500035621;0;7;0;0.0;2.0;3.0;1.0;B01
53713;201500035622;0;10;0;0.0;1.0;2.0;1.0;A01
53714;201500035623;0;7;0;0.0;2.0;1.0;1.0;B01
53715;201500035623;0;7;0;6.0;1.0;1.0;1.0;A01
53716;201500035624;0;7;0;0.0;2.0;7.0;1.0;A01
53717;201500035624;0;10;0;0.0;2.0;8.0;1.0;B01
53718;201500035625;0;7;0;0.0;2.0;3.0;9.0;A01
53719;201500035625;0;30;0;0.0;2.0;1.0;1.0;B01
53720;201500035626;0;7;0;0.0;1.0;1.0;1.0;A01
53721;201500035627;0;7;0;0.0;1.0;3.0;1.0;A01
53722;201500035628;0;7;0;0.0;0.0;0.0;0.0;A01
53723;201500035630;0;7;0;3.0;0.0;1.0;1.0;A01
53724;201500035631;0;1;0;0.0;2.0;4.0;1.0;B01
53725;201500035631;1;7;0;0.0;2.0;2.0;1.0;Z01
53726;201500035632;0;37;0;0.0;2.0;1.0;1.0;A01
53727;201500035632;0;37;2;0.0;2.0;4.0;2.0;B01
53728;201500035632;0;7;0;0.0;2.0;7.0;0.0;C01
53729;201500035633;0;7;0;3.0;0.0;0.0;1.0;A01
53730;201500035634;0;30;0;0.0;2.0;1.0;2.0;A01
53731;201500035634;0;7;0;0.0;0.0;0.0;0.0;B01
53732;201500035635;0;7;0;0.0;2.0;1.0;0.0;A01
53733;201500035635;0;2;0;0.0;2.0;1.0;0.0;B01
53734;201500035636;0;7;0;6.0;0.0;1.0;1.0;A01
53735;201500035637;0;7;0;0.0;2.0;1.0;1.0;A01
53736;201500035637;0;7;0;0.0;2.0;4.0;1.0;B01
53737;201500035638;0;7;0;0.0;2.0;1.0;1.0;A01
53738;201500035638;0;7;0;0.0;2.0;4.0;1.0;B01
53739;201500035639;0;10;0;0.0;2.0;8.0;1.0;A01
53740;201500035639;0;7;0;0.0;2.0;1.0;2.0;B01
53741;201500035640;0;10;0;0.0;2.0;1.0;1.0;A01
53742;201500035640;0;7;0;0.0;2.0;4.0;1.0;B01
53743;201500035640;0;7;0;0.0;2.0;4.0;1.0;C01
53744;201500035641;0;1;0;0.0;1.0;3.0;1.0;A01
53745;201500035642;0;7;0;13.0;0.0;1.0;1.0;A01
53746;201500035643;0;10;0;0.0;1.0;1.0;15.0;A01
53747;201500035644;0;2;0;0.0;2.0;1.0;1.0;A01
53748;201500035644;0;7;0;0.0;2.0;4.0;1.0;B01
53749;201500035645;0;7;0;0.0;2.0;6.0;4.0;A01
53750;201500035645;0;2;0;0.0;2.0;2.0;1.0;B01
53751;201500035647;0;7;0;0.0;2.0;2.0;15.0;A01
53752;201500035647;0;7;0;0.0;2.0;2.0;1.0;B01
53753;201500035649;0;33;0;0.0;2.0;1.0;17.0;A01
53754;201500035649;0;10;0;0.0;2.0;3.0;15.0;B01
53755;201500035650;0;7;0;0.0;2.0;1.0;2.0;A01
53756;201500035650;0;7;0;0.0;2.0;4.0;2.0;B01
53757;201500035650;0;7;0;0.0;2.0;4.0;2.0;C01
53758;201500035651;0;7;0;9.0;0.0;1.0;1.0;A01
53759;201500035652;0;7;0;0.0;2.0;2.0;1.0;A01
53760;201500035652;0;7;0;0.0;2.0;1.0;1.0;B01
53761;201500035653;0;7;0;0.0;2.0;2.0;15.0;A01
53762;201500035653;0;7;0;0.0;2.0;1.0;1.0;B01
53763;201500035654;0;33;0;0.0;2.0;1.0;1.0;A01
53764;201500035654;0;7;0;0.0;2.0;4.0;15.0;B01
53765;201500035655;0;7;0;0.0;2.0;4.0;2.0;C01
53766;201500035655;0;7;0;0.0;2.0;1.0;1.0;A01
53767;201500035655;0;7;0;0.0;2.0;4.0;2.0;B01
53768;201500035656;0;7;0;5.0;0.0;2.0;14.0;A01
53769;201500035657;0;10;0;0.0;2.0;1.0;1.0;A01
53770;201500035657;0;10;0;0.0;2.0;4.0;0.0;B01
53771;201500035658;0;2;0;0.0;2.0;1.0;2.0;A01
53772;201500035658;0;7;0;0.0;0.0;5.0;1.0;B01
53773;201500035659;0;7;0;0.0;2.0;8.0;13.0;A01
53774;201500035659;0;7;0;0.0;2.0;7.0;17.0;B01
53775;201500035660;0;7;0;0.0;2.0;1.0;1.0;A01
53776;201500035660;0;7;0;0.0;2.0;4.0;2.0;B01
53777;201500035661;0;7;0;2.0;0.0;1.0;1.0;A01
53778;201500035662;0;7;0;0.0;2.0;5.0;15.0;A01
53779;201500035662;0;10;0;0.0;2.0;1.0;1.0;B01
53780;201500035663;0;7;0;4.0;0.0;2.0;1.0;A01
53781;201500035664;0;30;0;0.0;2.0;1.0;1.0;A01
53782;201500035664;0;7;0;0.0;2.0;4.0;2.0;B01
53783;201500035665;0;14;0;0.0;2.0;5.0;12.0;A01
53784;201500035665;0;7;0;0.0;2.0;8.0;1.0;B01
53785;201500035666;0;7;0;0.0;2.0;6.0;15.0;A01
53786;201500035666;0;10;0;0.0;2.0;1.0;17.0;B01
53787;201500035667;0;7;0;0.0;2.0;2.0;15.0;A01
53788;201500035667;0;1;0;0.0;2.0;1.0;1.0;B01
53789;201500035668;0;7;0;0.0;2.0;1.0;15.0;A01
53790;201500035668;0;7;0;0.0;2.0;1.0;1.0;B01
53791;201500035669;0;7;0;0.0;2.0;3.0;15.0;A01
53792;201500035669;0;31;0;0.0;2.0;2.0;1.0;B01
53793;201500035670;0;7;0;13.0;0.0;1.0;1.0;A01
53794;201500035671;0;7;0;4.0;0.0;1.0;1.0;A01
53795;201500035672;0;7;0;0.0;1.0;8.0;0.0;A01
53796;201500035673;0;1;0;0.0;2.0;1.0;1.0;A01
53797;201500035673;0;7;0;0.0;2.0;3.0;1.0;B01
53798;201500035674;0;7;0;0.0;2.0;1.0;2.0;A01
53799;201500035674;0;7;0;0.0;2.0;5.0;2.0;B01
53800;201500035674;0;7;0;0.0;2.0;1.0;2.0;C01
53801;201500035675;0;7;0;0.0;2.0;1.0;1.0;A01
53802;201500035675;0;1;0;0.0;2.0;1.0;1.0;B01
53803;201500035676;0;30;0;0.0;2.0;1.0;2.0;A01
53804;201500035676;0;7;0;0.0;2.0;4.0;2.0;B01
53805;201500035678;0;7;0;0.0;2.0;1.0;2.0;A01
53806;201500035678;0;7;0;0.0;2.0;4.0;2.0;B01
53807;201500035679;0;1;0;0.0;5.0;1.0;1.0;A01
53808;201500035680;0;7;0;0.0;2.0;2.0;2.0;A01
53809;201500035680;0;7;0;0.0;2.0;3.0;1.0;B01
53810;201500035681;0;7;0;0.0;2.0;2.0;1.0;B01
53811;201500035681;0;2;0;0.0;2.0;1.0;1.0;A01
53812;201500035682;0;7;0;0.0;2.0;1.0;13.0;A01
53813;201500035682;0;7;0;0.0;2.0;1.0;1.0;B01
53814;201500035682;0;7;0;0.0;2.0;1.0;1.0;D01
53815;201500035683;0;1;0;0.0;2.0;1.0;1.0;B01
53816;201500035683;0;7;0;0.0;2.0;1.0;15.0;A01
53817;201500035684;0;7;0;0.0;2.0;2.0;1.0;B01
53818;201500035684;0;7;0;0.0;2.0;1.0;9.0;A01
53819;201500035685;0;10;0;0.0;2.0;1.0;15.0;A01
53820;201500035685;0;7;0;0.0;2.0;1.0;1.0;B01
53821;201500035686;0;7;0;6.0;0.0;6.0;17.0;A01
53822;201500035687;0;7;0;0.0;1.0;1.0;1.0;A01
53823;201500035688;0;7;0;6.0;0.0;3.0;20.0;A01
53824;201500035689;0;7;0;0.0;2.0;1.0;1.0;A01
53825;201500035689;0;7;0;0.0;2.0;4.0;1.0;B01
53826;201500035689;0;7;0;0.0;2.0;6.0;1.0;C01
53827;201500035690;0;7;0;0.0;1.0;1.0;16.0;A01
53828;201500035691;0;7;0;3.0;0.0;9.0;1.0;A01
53829;201500035691;0;7;0;14.0;0.0;2.0;1.0;B01
53830;201500035692;0;7;0;0.0;2.0;1.0;1.0;A01
53831;201500035692;0;7;0;0.0;2.0;4.0;2.0;B01
53832;201500035693;0;7;0;9.0;0.0;1.0;1.0;A01
53833;201500035694;0;7;0;0.0;2.0;1.0;2.0;A01
53834;201500035694;0;7;0;0.0;2.0;4.0;23.0;B01
53835;201500035695;0;7;0;0.0;1.0;8.0;4.0;A01
53836;201500035696;0;10;0;0.0;2.0;1.0;1.0;A01
53837;201500035696;0;7;0;0.0;2.0;8.0;15.0;B01
53838;201500035697;0;7;0;2.0;0.0;8.0;1.0;A01
53839;201500035698;2;7;0;1.0;1.0;1.0;13.0;Z01
53840;201500035699;0;7;0;0.0;2.0;1.0;1.0;A01
53841;201500035699;0;7;0;0.0;2.0;7.0;1.0;B01
53842;201500035701;0;2;0;0.0;2.0;1.0;1.0;A01
53843;201500035701;0;7;0;0.0;2.0;4.0;2.0;B01
53844;201500035703;0;10;0;2.0;0.0;1.0;1.0;A01
53845;201500035704;0;7;0;0.0;2.0;5.0;0.0;A01
53846;201500035704;0;30;0;0.0;2.0;1.0;1.0;B01
53847;201500035705;0;10;0;0.0;2.0;1.0;1.0;A01
53848;201500035705;0;7;0;0.0;2.0;3.0;9.0;B01
53849;201500035707;0;37;1;0.0;2.0;6.0;4.0;A01
53850;201500035707;0;1;0;0.0;2.0;1.0;23.0;B01
53851;201500035709;0;7;0;2.0;0.0;3.0;1.0;A01
53852;201500035710;0;10;0;0.0;1.0;1.0;1.0;A01
53853;201500035711;0;33;0;0.0;2.0;8.0;1.0;A01
53854;201500035711;0;7;0;0.0;2.0;6.0;1.0;B01
53855;201500035711;1;7;0;0.0;0.0;0.0;2.0;Z01
53856;201500035712;0;7;0;0.0;2.0;3.0;0.0;A01
53857;201500035712;0;7;0;0.0;2.0;3.0;0.0;B01
53858;201500035713;0;7;0;1.0;2.0;2.0;1.0;A01
53859;201500035713;0;7;0;0.0;2.0;5.0;23.0;D01
53860;201500035713;0;7;0;0.0;2.0;4.0;23.0;E01
53861;201500035713;0;7;0;0.0;2.0;4.0;23.0;F01
53862;201500035714;0;7;0;0.0;1.0;1.0;0.0;A01
53863;201500035715;0;7;0;0.0;1.0;3.0;1.0;A01
53864;201500035716;0;7;0;13.0;0.0;1.0;1.0;A01
53865;201500035717;0;7;0;0.0;2.0;3.0;11.0;A01
53866;201500035717;0;33;0;0.0;2.0;4.0;1.0;B01
53867;201500035718;0;10;0;1.0;0.0;2.0;14.0;A01
53868;201500035719;0;7;0;7.0;0.0;1.0;1.0;A01
53869;201500035720;0;7;0;0.0;1.0;1.0;1.0;A01
53870;201500035721;0;7;0;0.0;1.0;1.0;1.0;A01
53871;201500035722;0;7;0;0.0;2.0;3.0;1.0;B01
53872;201500035722;0;32;0;0.0;2.0;1.0;9.0;A01
53873;201500035723;0;7;0;9.0;0.0;6.0;1.0;A01
53874;201500035724;0;7;0;0.0;2.0;3.0;1.0;A01
53875;201500035724;0;7;0;0.0;2.0;8.0;1.0;B01
53876;201500035725;0;7;0;0.0;1.0;1.0;1.0;A01
53877;201500035726;0;2;0;0.0;2.0;1.0;17.0;A01
53878;201500035726;0;7;0;0.0;2.0;8.0;15.0;B01
53879;201500035727;0;7;0;0.0;2.0;1.0;2.0;A01
53880;201500035727;0;7;0;0.0;2.0;4.0;2.0;B01
53881;201500035727;0;7;0;0.0;2.0;4.0;2.0;C01
53882;201500035729;0;33;0;0.0;2.0;7.0;17.0;A01
53883;201500035729;0;7;0;0.0;2.0;8.0;1.0;B01
53884;201500035730;0;7;0;0.0;2.0;1.0;2.0;A01
53885;201500035730;0;7;0;0.0;2.0;4.0;2.0;B01
53886;201500035730;0;7;0;0.0;0.0;0.0;0.0;C01
53887;201500035731;0;2;0;0.0;2.0;1.0;0.0;A01
53888;201500035731;0;7;0;0.0;2.0;5.0;17.0;B01
53889;201500035732;0;3;0;0.0;1.0;1.0;1.0;A01
53890;201500035733;0;10;0;0.0;2.0;1.0;2.0;A01
53891;201500035733;0;10;0;0.0;2.0;4.0;2.0;B01
53892;201500035734;0;7;0;0.0;2.0;3.0;13.0;A01
53893;201500035734;0;7;0;0.0;0.0;3.0;1.0;B01
53894;201500035735;0;10;0;0.0;2.0;1.0;1.0;A01
53895;201500035735;0;7;0;0.0;2.0;9.0;1.0;B01
53896;201500035735;0;7;0;0.0;2.0;9.0;1.0;C01
53897;201500035735;0;7;0;0.0;2.0;4.0;1.0;D01
53898;201500035736;0;7;0;0.0;2.0;1.0;2.0;A01
53899;201500035736;0;7;0;0.0;2.0;4.0;2.0;B01
53900;201500035736;0;7;0;0.0;2.0;4.0;2.0;C01
53901;201500035737;0;7;0;0.0;2.0;5.0;15.0;A01
53902;201500035737;0;33;0;0.0;0.0;0.0;0.0;B01
53903;201500035738;0;7;0;2.0;0.0;1.0;1.0;A01
53904;201500035739;0;7;0;0.0;2.0;1.0;2.0;A01
53905;201500035739;0;31;0;0.0;2.0;4.0;2.0;B01
53906;201500035739;0;7;0;0.0;2.0;4.0;0.0;C01
53907;201500035740;0;33;0;0.0;0.0;0.0;1.0;A01
53908;201500035741;0;7;0;0.0;2.0;1.0;1.0;A01
53909;201500035741;0;7;0;0.0;2.0;4.0;2.0;B01
53910;201500035743;0;7;0;0.0;1.0;1.0;16.0;A01
53911;201500035744;0;7;0;0.0;2.0;2.0;1.0;A01
53912;201500035744;0;7;0;0.0;2.0;0.0;9.0;B01
53913;201500035745;0;30;0;0.0;2.0;1.0;1.0;A01
53914;201500035745;0;7;0;0.0;2.0;2.0;1.0;B01
53915;201500035746;0;7;0;0.0;2.0;1.0;1.0;A01
53916;201500035746;0;7;0;0.0;2.0;4.0;2.0;B01
53917;201500035747;0;7;0;0.0;2.0;1.0;1.0;A01
53918;201500035747;0;7;0;0.0;2.0;4.0;1.0;B01
53919;201500035747;0;7;0;0.0;2.0;4.0;1.0;C01
53920;201500035748;0;30;0;0.0;1.0;1.0;0.0;A01
53921;201500035749;0;7;0;0.0;2.0;1.0;1.0;A01
53922;201500035749;0;7;0;0.0;2.0;4.0;2.0;B01
53923;201500035750;0;30;0;0.0;2.0;1.0;1.0;A01
53924;201500035750;0;7;0;0.0;2.0;4.0;2.0;B01
53925;201500035751;0;7;0;0.0;2.0;2.0;12.0;A01
53926;201500035751;0;33;0;0.0;2.0;3.0;1.0;B01
53927;201500035752;0;30;0;0.0;2.0;2.0;15.0;A01
53928;201500035752;0;7;0;0.0;2.0;2.0;1.0;B01
53929;201500035753;0;7;0;0.0;2.0;1.0;1.0;A01
53930;201500035753;0;7;0;0.0;2.0;4.0;2.0;B01
53931;201500035753;0;7;0;0.0;2.0;4.0;1.0;C01
53932;201500035754;0;7;0;6.0;0.0;1.0;13.0;A01
53933;201500035755;0;33;0;16.0;0.0;1.0;16.0;A01
53934;201500035756;0;7;0;15.0;0.0;1.0;1.0;A01
53935;201500035757;0;15;0;0.0;2.0;1.0;2.0;A01
53936;201500035757;0;7;0;0.0;2.0;4.0;2.0;B01
53937;201500035758;0;7;0;0.0;2.0;8.0;9.0;A01
53938;201500035758;0;33;0;0.0;2.0;2.0;1.0;B01
53939;201500035759;0;2;0;0.0;2.0;8.0;1.0;A01
53940;201500035759;0;10;0;0.0;2.0;5.0;14.0;B01
53941;201500035760;0;7;0;2.0;0.0;3.0;1.0;A01
53942;201500035761;0;7;0;0.0;2.0;2.0;15.0;A01
53943;201500035761;0;7;0;0.0;2.0;1.0;1.0;B01
53944;201500035762;1;10;0;0.0;1.0;0.0;0.0;Z01
53945;201500035763;0;7;0;2.0;0.0;1.0;14.0;A01
53946;201500035764;0;1;0;0.0;2.0;1.0;1.0;B01
53947;201500035764;1;7;0;0.0;2.0;1.0;5.0;Z01
53948;201500035765;0;7;0;4.0;0.0;3.0;1.0;A01
53949;201500035766;0;33;0;16.0;0.0;8.0;1.0;A01
53950;201500035767;0;2;0;0.0;2.0;2.0;17.0;A01
53951;201500035767;0;7;0;0.0;2.0;3.0;15.0;B01
53952;201500035768;0;33;0;0.0;2.0;1.0;2.0;A01
53953;201500035768;0;7;0;0.0;2.0;4.0;2.0;B01
53954;201500035770;0;7;0;0.0;2.0;1.0;2.0;A01
53955;201500035770;0;7;0;0.0;2.0;4.0;2.0;B01
53956;201500035770;0;7;0;0.0;2.0;4.0;2.0;C01
53957;201500035771;0;7;0;0.0;2.0;3.0;1.0;A01
53958;201500035771;0;7;0;0.0;2.0;1.0;1.0;B01
53959;201500035772;0;7;0;16.0;0.0;9.0;1.0;A01
53960;201500035773;0;7;0;0.0;2.0;1.0;13.0;A01
53961;201500035773;0;7;0;0.0;2.0;1.0;1.0;B01
53962;201500035774;1;7;0;1.0;1.0;0.0;16.0;Z01
53963;201500035775;0;10;0;0.0;2.0;1.0;1.0;A01
53964;201500035775;0;7;0;0.0;2.0;4.0;2.0;B01
53965;201500035776;1;7;0;0.0;1.0;4.0;4.0;Z01
53966;201500035777;0;2;0;0.0;2.0;8.0;1.0;A01
53967;201500035777;0;7;0;0.0;2.0;2.0;16.0;B01
53968;201500035778;0;7;0;0.0;2.0;1.0;1.0;A01
53969;201500035778;0;10;0;0.0;2.0;4.0;2.0;B01
53970;201500035779;0;7;0;0.0;2.0;1.0;1.0;A01
53971;201500035779;0;7;0;0.0;2.0;2.0;15.0;B01
53972;201500035780;0;30;0;3.0;0.0;1.0;1.0;A01
53973;201500035781;0;7;0;0.0;2.0;2.0;0.0;A01
53974;201500035781;0;2;0;0.0;2.0;1.0;1.0;B01
53975;201500035782;0;30;0;16.0;0.0;7.0;1.0;A01
53976;201500035783;0;7;0;0.0;2.0;1.0;13.0;A01
53977;201500035783;0;7;0;0.0;2.0;4.0;1.0;B01
53978;201500035785;0;7;0;0.0;2.0;1.0;5.0;A01
53979;201500035785;0;38;5;0.0;2.0;1.0;1.0;B01
53980;201500035786;0;7;0;0.0;2.0;1.0;1.0;A01
53981;201500035786;0;7;0;0.0;2.0;4.0;1.0;B01
53982;201500035786;0;7;0;0.0;2.0;7.0;1.0;C01
53983;201500035787;0;7;0;4.0;0.0;1.0;1.0;A01
53984;201500035788;0;7;0;13.0;2.0;5.0;13.0;A01
53985;201500035788;0;10;0;0.0;2.0;1.0;1.0;B01
53986;201500035790;0;2;0;0.0;2.0;2.0;18.0;A01
53987;201500035790;0;7;0;0.0;2.0;2.0;0.0;B01
53988;201500035791;0;7;0;0.0;2.0;2.0;1.0;B01
53989;201500035791;0;7;0;0.0;2.0;3.0;15.0;A01
53990;201500035792;0;7;0;0.0;2.0;2.0;15.0;A01
53991;201500035792;0;33;0;0.0;2.0;1.0;1.0;B01
53992;201500035793;0;7;0;0.0;2.0;5.0;15.0;A01
53993;201500035793;0;1;0;0.0;2.0;1.0;1.0;B01
53994;201500035795;0;10;0;0.0;1.0;1.0;1.0;A01
53995;201500035796;0;7;0;0.0;2.0;1.0;2.0;A01
53996;201500035796;0;7;0;0.0;2.0;4.0;2.0;B01
53997;201500035797;0;7;0;0.0;2.0;1.0;1.0;A01
53998;201500035797;0;7;0;0.0;2.0;4.0;1.0;B01
53999;201500035798;0;7;0;13.0;0.0;3.0;1.0;A01
54000;201500035799;0;7;0;0.0;9.0;9.0;1.0;A01
54001;201500035800;0;30;0;0.0;2.0;1.0;15.0;A01
54002;201500035800;0;7;0;0.0;2.0;3.0;1.0;B01
54003;201500035801;0;7;0;0.0;1.0;2.0;1.0;A01
54004;201500035802;0;30;0;0.0;2.0;1.0;1.0;A01
54005;201500035802;0;7;0;0.0;2.0;4.0;2.0;B01
54006;201500035803;0;7;0;0.0;2.0;1.0;2.0;A01
54007;201500035803;0;7;0;0.0;2.0;4.0;2.0;B01
54008;201500035804;0;7;0;0.0;2.0;1.0;2.0;A01
54009;201500035804;0;7;0;0.0;2.0;4.0;2.0;B01
54010;201500035805;0;7;0;0.0;2.0;2.0;15.0;A01
54011;201500035805;0;7;0;0.0;2.0;3.0;1.0;B01
54012;201500035806;0;7;0;0.0;2.0;6.0;15.0;A01
54013;201500035806;0;2;0;0.0;2.0;8.0;1.0;B01
54014;201500035807;0;7;0;0.0;2.0;2.0;15.0;A01
54015;201500035807;0;2;0;0.0;2.0;1.0;1.0;B01
54016;201500035808;0;7;0;0.0;1.0;0.0;1.0;A01
54017;201500035810;0;7;0;0.0;2.0;4.0;4.0;A01
54018;201500035810;0;1;0;0.0;2.0;8.0;1.0;B01
54019;201500035811;0;7;0;0.0;1.0;1.0;1.0;A01
54020;201500035812;0;7;0;0.0;2.0;4.0;2.0;B01
54021;201500035812;0;7;0;0.0;2.0;4.0;2.0;C01
54022;201500035812;0;7;0;0.0;2.0;4.0;2.0;D01
54023;201500035812;2;7;0;0.0;2.0;1.0;2.0;Z01
54024;201500035813;0;7;0;0.0;2.0;4.0;2.0;B01
54025;201500035813;0;7;0;0.0;2.0;1.0;2.0;A01
54026;201500035814;0;7;0;0.0;2.0;2.0;15.0;A01
54027;201500035814;0;33;0;0.0;2.0;1.0;1.0;B01