;Num_Acc;senc;catv;occutc;obs;obsm;choc;manv;num_veh
54028;201500035815;0;7;0;0.0;1.0;7.0;0.0;A01
54029;201500035816;0;7;0;0.0;1.0;1.0;1.0;A01
54030;201500035817;0;7;0;0.0;1.0;1.0;1.0;A01
54031;201500035818;0;7;0;0.0;1.0;1.0;1.0;A01
54032;201500035819;0;10;0;0.0;2.0;1.0;2.0;A01
54033;201500035819;0;7;0;0.0;2.0;4.0;1.0;B01
54034;201500035819;0;7;0;0.0;2.0;4.0;1.0;C01
54035;201500035819;0;7;0;0.0;2.0;1.0;1.0;D01
54036;201500035820;0;31;0;0.0;2.0;1.0;15.0;A01
54037;201500035820;0;15;0;0.0;2.0;5.0;1.0;B01
54038;201500035821;0;33;0;0.0;2.0;0.0;17.0;A01
54039;201500035821;0;7;0;0.0;2.0;0.0;1.0;B01
54040;201500035822;0;7;0;0.0;2.0;2.0;15.0;A01
54041;201500035822;0;7;0;0.0;2.0;3.0;1.0;B01
54042;201500035823;0;2;0;0.0;2.0;1.0;2.0;A01
54043;201500035823;0;7;0;0.0;2.0;4.0;2.0;B01
54044;201500035825;0;7;0;0.0;1.0;1.0;1.0;A01
54045;201500035826;0;7;0;0.0;2.0;3.0;9.0;A01
54046;201500035826;0;7;0;0.0;2.0;2.0;1.0;B01
54047;201500035827;0;7;0;0.0;2.0;2.0;15.0;A01
54048;201500035827;0;1;0;0.0;2.0;1.0;1.0;B01
54049;201500035828;0;7;0;0.0;2.0;3.0;1.0;B01
54050;201500035828;0;7;0;0.0;2.0;2.0;15.0;A01
54051;201500035829;0;7;0;0.0;1.0;3.0;1.0;A01
54052;201500035830;0;7;0;1.0;0.0;1.0;1.0;A01
54053;201500035831;0;32;0;0.0;1.0;1.0;1.0;A01
54054;201500035832;0;1;0;0.0;2.0;8.0;19.0;A01
54055;201500035832;0;7;0;0.0;2.0;1.0;1.0;B01
54056;201500035833;0;7;0;0.0;2.0;4.0;1.0;C01
54057;201500035833;0;7;0;0.0;2.0;1.0;1.0;A01
54058;201500035833;0;7;0;0.0;2.0;4.0;1.0;B01
54059;201500035834;0;2;0;1.0;0.0;1.0;1.0;A01
54060;201500035835;0;7;0;7.0;2.0;2.0;1.0;A01
54061;201500035835;0;7;0;0.0;2.0;3.0;1.0;B01
54062;201500035837;0;7;0;0.0;2.0;1.0;1.0;A01
54063;201500035837;0;30;0;0.0;2.0;4.0;1.0;B01
54064;201500035838;0;7;0;0.0;2.0;6.0;1.0;A01
54065;201500035838;0;7;0;0.0;2.0;3.0;0.0;B01
54066;201500035839;0;7;0;0.0;1.0;3.0;0.0;A01
54067;201500035840;0;30;0;16.0;0.0;8.0;1.0;A01
54068;201500035841;0;7;0;0.0;2.0;7.0;0.0;A01
54069;201500035841;0;7;0;0.0;2.0;1.0;0.0;B01
54070;201500035842;0;7;0;1.0;0.0;2.0;1.0;A01
54071;201500035843;0;7;0;2.0;0.0;1.0;1.0;A01
54072;201500035844;0;7;0;0.0;1.0;3.0;1.0;A01
54073;201500035845;0;7;0;0.0;2.0;1.0;1.0;A01
54074;201500035845;0;7;0;0.0;2.0;1.0;1.0;B01
54075;201500035845;0;7;0;0.0;2.0;4.0;1.0;C01
54076;201500035846;0;30;0;0.0;2.0;1.0;1.0;A01
54077;201500035846;0;7;0;0.0;2.0;4.0;2.0;B01
54078;201500035848;0;10;0;0.0;2.0;1.0;2.0;A01
54079;201500035848;0;7;0;0.0;2.0;4.0;1.0;B01
54080;201500035848;0;10;0;0.0;2.0;4.0;1.0;C01
54081;201500035848;0;10;0;0.0;2.0;4.0;1.0;D01
54082;201500035849;0;30;0;3.0;0.0;2.0;1.0;A01
54083;201500035850;1;7;0;0.0;1.0;1.0;1.0;Z01
54084;201500035851;0;33;0;0.0;2.0;2.0;1.0;B01
54085;201500035851;0;7;0;0.0;2.0;6.0;11.0;A01
54086;201500035852;0;7;0;0.0;2.0;1.0;2.0;A01
54087;201500035852;0;7;0;0.0;2.0;4.0;2.0;B01
54088;201500035852;0;7;0;0.0;2.0;4.0;2.0;C01
54089;201500035853;0;7;0;6.0;0.0;3.0;1.0;A01
54090;201500035854;0;7;0;0.0;1.0;2.0;4.0;A01
54091;201500035855;0;30;0;0.0;2.0;1.0;1.0;A01
54092;201500035855;0;10;0;0.0;2.0;2.0;16.0;B01
54093;201500035856;0;32;0;0.0;2.0;1.0;1.0;A01
54094;201500035856;0;7;0;0.0;2.0;3.0;0.0;B01
54095;201500035857;0;7;0;0.0;2.0;1.0;1.0;B01
54096;201500035857;0;7;0;0.0;2.0;1.0;9.0;A01
54097;201500035859;0;7;0;0.0;2.0;8.0;1.0;A01
54098;201500035859;0;7;0;0.0;2.0;1.0;1.0;B01
54099;201500035859;0;7;0;0.0;2.0;1.0;0.0;C01
54100;201500035860;0;30;0;0.0;0.0;0.0;13.0;A01
54101;201500035860;0;7;0;0.0;0.0;0.0;1.0;B01
54102;201500035861;0;7;0;0.0;2.0;1.0;1.0;A01
54103;201500035861;0;21;0;0.0;2.0;4.0;2.0;B01
54104;201500035862;0;7;0;0.0;1.0;3.0;1.0;A01
54105;201500035863;0;7;0;0.0;2.0;3.0;10.0;A01
54106;201500035863;0;7;0;0.0;2.0;3.0;1.0;B01
54107;201500035864;0;7;0;0.0;2.0;1.0;2.0;A01
54108;201500035864;0;7;0;0.0;2.0;4.0;2.0;B01
54109;201500035865;0;7;0;0.0;2.0;3.0;1.0;A01
54110;201500035865;0;7;0;9.0;2.0;5.0;2.0;B01
54111;201500035866;0;10;0;0.0;1.0;1.0;1.0;A01
54112;201500035867;0;7;0;7.0;0.0;1.0;18.0;A01
54113;201500035868;0;7;0;0.0;2.0;2.0;15.0;A01
54114;201500035868;0;7;0;0.0;2.0;1.0;1.0;B01
54115;201500035869;0;7;0;0.0;2.0;3.0;1.0;B01
54116;201500035869;0;7;0;0.0;2.0;2.0;1.0;A01
54117;201500035870;0;10;0;0.0;2.0;1.0;15.0;A01
54118;201500035870;0;7;0;0.0;2.0;6.0;1.0;B01
54119;201500035872;0;7;0;0.0;2.0;1.0;15.0;A01
54120;201500035872;0;7;0;0.0;2.0;1.0;1.0;B01
54121;201500035873;0;7;0;0.0;2.0;1.0;2.0;A01
54122;201500035873;0;7;0;0.0;2.0;4.0;1.0;B01
54123;201500035874;0;7;0;0.0;2.0;1.0;1.0;A01
54124;201500035874;0;7;0;0.0;2.0;4.0;2.0;B01
54125;201500035874;0;7;0;0.0;0.0;0.0;0.0;C01
54126;201500035875;0;7;0;0.0;1.0;2.0;1.0;A01
54127;201500035876;0;7;0;0.0;2.0;1.0;15.0;A01
54128;201500035876;0;30;0;0.0;0.0;0.0;0.0;B01
54129;201500035877;0;7;0;0.0;2.0;2.0;9.0;A01
54130;201500035877;0;1;0;0.0;2.0;8.0;1.0;B01
54131;201500035878;0;7;0;15.0;0.0;1.0;9.0;A01
54132;201500035879;0;30;0;0.0;2.0;1.0;17.0;B01
54133;201500035879;0;7;0;0.0;2.0;3.0;9.0;A01
54134;201500035880;0;7;0;0.0;2.0;1.0;2.0;A01
54135;201500035880;0;7;0;0.0;2.0;4.0;2.0;B01
54136;201500035881;0;7;0;0.0;2.0;3.0;1.0;B01
54137;201500035881;0;7;0;0.0;2.0;3.0;13.0;A01
54138;201500035882;0;33;0;12.0;0.0;8.0;1.0;A01
54139;201500035883;0;7;0;0.0;2.0;1.0;13.0;A01
54140;201500035883;0;7;0;0.0;2.0;1.0;1.0;B01
54141;201500035884;0;7;0;0.0;2.0;3.0;15.0;A01
54142;201500035884;0;33;0;0.0;2.0;3.0;1.0;B01
54143;201500035885;0;7;0;0.0;1.0;1.0;15.0;A01
54144;201500035886;0;7;0;13.0;0.0;9.0;1.0;A01
54145;201500035887;0;2;0;0.0;0.0;7.0;10.0;A01
54146;201500035888;0;7;0;0.0;2.0;2.0;1.0;A01
54147;201500035888;0;7;0;0.0;0.0;0.0;0.0;B01
54148;201500035889;0;7;0;0.0;2.0;4.0;1.0;B01
54149;201500035889;0;7;0;0.0;2.0;1.0;2.0;A01
54150;201500035890;0;7;0;0.0;2.0;1.0;1.0;B01
54151;201500035890;0;7;0;0.0;2.0;8.0;9.0;A01
54152;201500035891;0;7;0;0.0;1.0;2.0;16.0;A01
54153;201500035892;0;10;0;2.0;0.0;1.0;0.0;A01
54154;201500035893;0;7;0;0.0;2.0;1.0;13.0;A01
54155;201500035893;0;7;0;0.0;2.0;3.0;1.0;B01
54156;201500035894;0;7;0;0.0;2.0;3.0;9.0;A01
54157;201500035894;0;31;0;0.0;2.0;1.0;1.0;B01
54158;201500035895;0;7;0;0.0;2.0;1.0;2.0;A01
54159;201500035895;0;7;0;0.0;2.0;4.0;2.0;D01
54160;201500035895;0;7;0;0.0;2.0;4.0;2.0;B01
54161;201500035895;0;7;0;0.0;2.0;4.0;2.0;C01
54162;201500035896;0;7;0;4.0;0.0;1.0;1.0;A01
54163;201500035898;0;7;0;0.0;2.0;1.0;2.0;A01
54164;201500035898;0;7;0;0.0;2.0;4.0;2.0;B01
54165;201500035899;0;7;0;0.0;1.0;2.0;1.0;A01
54166;201500035900;0;7;0;0.0;2.0;1.0;15.0;A01
54167;201500035900;0;33;0;0.0;2.0;1.0;1.0;B01
54168;201500035902;0;30;0;12.0;0.0;8.0;1.0;A01
54169;201500035903;0;7;0;0.0;1.0;3.0;1.0;A01
54170;201500035903;0;7;0;0.0;1.0;3.0;23.0;B01
54171;201500035904;0;7;0;0.0;2.0;3.0;1.0;B01
54172;201500035904;0;7;0;0.0;2.0;1.0;1.0;A01
54173;201500035905;0;7;0;0.0;1.0;2.0;17.0;A01
54174;201500035906;0;7;0;0.0;2.0;1.0;2.0;A01
54175;201500035906;0;7;0;0.0;2.0;4.0;23.0;B01
54176;201500035907;0;33;0;0.0;2.0;1.0;13.0;A01
54177;201500035907;0;10;0;0.0;2.0;3.0;1.0;B01
54178;201500035908;0;33;0;0.0;2.0;1.0;1.0;B01
54179;201500035908;0;7;0;0.0;2.0;3.0;15.0;A01
54180;201500035909;0;30;0;0.0;2.0;7.0;17.0;A01
54181;201500035909;0;7;0;0.0;2.0;3.0;19.0;B01
54182;201500035910;0;7;0;0.0;1.0;1.0;16.0;A01
54183;201500035911;0;10;0;9.0;0.0;2.0;1.0;A01
54184;201500035912;0;7;0;0.0;2.0;1.0;2.0;A01
54185;201500035912;0;7;0;0.0;2.0;4.0;2.0;B01
54186;201500035913;0;7;0;6.0;0.0;3.0;1.0;A01
54187;201500035914;0;7;0;0.0;2.0;6.0;9.0;A01
54188;201500035914;0;32;0;0.0;2.0;5.0;1.0;B01
54189;201500035915;0;7;0;0.0;2.0;4.0;2.0;B01
54190;201500035915;0;15;0;0.0;2.0;2.0;2.0;A01
54191;201500035917;0;30;0;0.0;0.0;3.0;1.0;A01
54192;201500035918;0;7;0;13.0;0.0;9.0;21.0;A01
54193;201500035918;1;7;0;0.0;2.0;2.0;0.0;Z01
54194;201500035919;0;10;0;0.0;2.0;6.0;23.0;D01
54195;201500035919;0;7;0;0.0;2.0;4.0;23.0;B01
54196;201500035919;0;7;0;0.0;2.0;1.0;2.0;A01
54197;201500035919;0;7;0;0.0;2.0;4.0;23.0;C01
54198;201500035920;0;30;0;0.0;2.0;1.0;1.0;A01
54199;201500035920;0;7;0;0.0;2.0;6.0;1.0;B01
54200;201500035921;0;7;0;6.0;0.0;4.0;1.0;A01
54201;201500035922;0;10;0;0.0;1.0;4.0;4.0;A01
54202;201500035923;0;7;0;13.0;0.0;1.0;1.0;A01
54203;201500035924;0;7;0;4.0;0.0;1.0;1.0;A01
54204;201500035925;0;30;0;0.0;0.0;1.0;1.0;A01
54205;201500035926;0;2;0;0.0;2.0;1.0;9.0;B01
54206;201500035926;0;7;0;0.0;2.0;8.0;9.0;A01
54207;201500035927;0;7;0;0.0;2.0;1.0;9.0;A01
54208;201500035927;0;30;0;0.0;2.0;7.0;1.0;B01
54209;201500035928;0;7;0;0.0;1.0;1.0;1.0;A01
54210;201500035929;0;2;0;11.0;0.0;1.0;1.0;A01
54211;201500035931;0;33;0;0.0;2.0;1.0;2.0;A01
54212;201500035931;0;7;0;0.0;2.0;4.0;2.0;B01
54213;201500035932;0;7;0;0.0;2.0;1.0;15.0;A01
54214;201500035932;0;7;0;0.0;2.0;1.0;1.0;B01
54215;201500035933;0;7;0;0.0;2.0;7.0;1.0;A01
54216;201500035933;0;7;0;0.0;2.0;1.0;1.0;B01
54217;201500035934;0;7;0;0.0;1.0;1.0;1.0;A01
54218;201500035935;0;7;0;0.0;2.0;2.0;2.0;A01
54219;201500035935;0;7;0;9.0;2.0;3.0;2.0;B01
54220;201500035936;0;7;0;0.0;2.0;6.0;1.0;B01
54221;201500035936;0;15;0;0.0;2.0;3.0;15.0;A01
54222;201500035937;0;30;0;0.0;2.0;1.0;17.0;B01
54223;201500035937;0;10;0;0.0;2.0;6.0;9.0;A01
54224;201500035938;0;7;0;0.0;2.0;3.0;1.0;B01
54225;201500035938;0;7;0;0.0;2.0;1.0;5.0;A01
54226;201500035941;2;7;0;0.0;2.0;1.0;9.0;Z01
54227;201500035941;0;30;0;0.0;2.0;7.0;9.0;A01
54228;201500035943;0;7;0;6.0;0.0;2.0;1.0;A01
54229;201500035945;0;30;0;0.0;2.0;1.0;9.0;A01
54230;201500035945;0;7;0;0.0;2.0;1.0;9.0;B01
54231;201500035946;0;33;0;0.0;2.0;1.0;1.0;B01
54232;201500035946;0;10;0;0.0;2.0;5.0;12.0;A01
54233;201500035947;0;7;0;6.0;0.0;1.0;1.0;A01
54234;201500035948;0;7;0;6.0;0.0;1.0;1.0;A01
54235;201500035949;0;7;0;0.0;1.0;3.0;15.0;A01
54236;201500035950;0;33;0;12.0;0.0;7.0;1.0;A01
54237;201500035951;0;7;0;1.0;0.0;1.0;1.0;A01
54238;201500035953;0;30;0;0.0;0.0;7.0;1.0;A01
54239;201500035954;0;10;0;0.0;2.0;1.0;1.0;A01
54240;201500035954;0;7;0;7.0;2.0;5.0;1.0;B01
54241;201500035955;0;7;0;0.0;2.0;1.0;1.0;A01
54242;201500035955;0;7;0;0.0;2.0;1.0;9.0;B01
54243;201500035956;0;17;0;0.0;2.0;4.0;1.0;B01
54244;201500035956;0;14;0;0.0;2.0;1.0;2.0;A01
54245;201500035958;0;7;0;8.0;2.0;5.0;1.0;A01
54246;201500035958;0;7;0;0.0;2.0;1.0;1.0;B01
54247;201500035959;0;7;0;0.0;2.0;7.0;0.0;B01
54248;201500035959;0;7;0;0.0;0.0;0.0;0.0;A01
54249;201500035960;0;7;0;0.0;2.0;3.0;9.0;A01
54250;201500035960;0;7;0;0.0;2.0;3.0;9.0;B01
54251;201500035961;0;7;0;0.0;2.0;2.0;15.0;A01
54252;201500035961;0;30;0;0.0;2.0;1.0;1.0;B01
54253;201500035963;0;7;0;0.0;2.0;2.0;15.0;A01
54254;201500035963;0;7;0;0.0;2.0;2.0;1.0;B01
54255;201500035964;0;7;0;2.0;0.0;1.0;16.0;A01
54256;201500035966;0;7;0;0.0;1.0;1.0;1.0;A01
54257;201500035967;0;7;0;0.0;2.0;2.0;15.0;A01
54258;201500035967;0;30;0;0.0;2.0;8.0;1.0;B01
54259;201500035968;0;7;0;0.0;2.0;3.0;0.0;A01
54260;201500035968;0;1;0;0.0;2.0;5.0;0.0;B01
54261;201500035969;0;7;0;4.0;0.0;1.0;1.0;A01
54262;201500035970;0;17;0;0.0;2.0;8.0;9.0;A01
54263;201500035970;0;7;0;0.0;2.0;2.0;1.0;B01
54264;201500035971;0;7;0;0.0;2.0;2.0;15.0;A01
54265;201500035971;0;7;0;0.0;2.0;6.0;1.0;B01
54266;201500035972;0;7;0;0.0;2.0;4.0;23.0;B01
54267;201500035972;0;7;0;0.0;2.0;1.0;2.0;A01
54268;201500035973;0;7;0;0.0;2.0;4.0;23.0;B01
54269;201500035973;0;1;0;0.0;2.0;1.0;2.0;A01
54270;201500035974;0;32;0;12.0;0.0;7.0;1.0;A01
54271;201500035975;0;33;0;0.0;0.0;8.0;9.0;A01
54272;201500035976;0;1;0;0.0;0.0;0.0;1.0;A01
54273;201500035978;0;33;0;0.0;0.0;0.0;1.0;A01
54274;201500035979;0;37;1;0.0;2.0;3.0;1.0;B01
54275;201500035979;0;7;0;0.0;2.0;8.0;13.0;A01
54276;201500035980;0;1;0;0.0;2.0;7.0;17.0;A01
54277;201500035980;0;37;1;0.0;2.0;6.0;0.0;B01
54278;201500035982;0;32;0;0.0;0.0;7.0;16.0;A01
54279;201500035983;0;7;0;0.0;2.0;3.0;15.0;A01
54280;201500035983;0;30;0;0.0;2.0;7.0;17.0;B01
54281;201500035984;0;34;0;0.0;2.0;3.0;13.0;A01
54282;201500035984;0;7;0;0.0;2.0;3.0;1.0;B01
54283;201500035985;0;30;0;0.0;1.0;1.0;1.0;A01
54284;201500035986;0;7;0;0.0;2.0;1.0;1.0;B01
54285;201500035986;0;7;0;0.0;2.0;3.0;9.0;A01
54286;201500035987;0;30;0;0.0;2.0;1.0;9.0;A01
54287;201500035987;0;7;0;0.0;2.0;7.0;1.0;B01
54288;201500035988;0;7;0;9.0;0.0;1.0;1.0;A01
54289;201500035989;0;7;0;15.0;0.0;7.0;1.0;A01
54290;201500035990;0;33;0;0.0;2.0;1.0;1.0;B01
54291;201500035990;0;10;0;0.0;2.0;2.0;15.0;A01
54292;201500035991;0;14;0;0.0;2.0;2.0;1.0;B01
54293;201500035991;0;3;0;0.0;2.0;1.0;9.0;A01
54294;201500035992;0;7;0;0.0;2.0;3.0;1.0;B01
54295;201500035992;0;30;0;0.0;2.0;1.0;10.0;A01
54296;201500035993;0;7;0;0.0;2.0;1.0;1.0;B01
54297;201500035993;0;7;0;0.0;2.0;6.0;9.0;A01
54298;201500035994;0;30;0;0.0;2.0;1.0;2.0;A01
54299;201500035994;0;7;0;0.0;2.0;4.0;2.0;B01
54300;201500035995;0;10;0;0.0;1.0;4.0;4.0;A01
54301;201500035996;0;7;0;8.0;0.0;1.0;1.0;A01
54302;201500035997;0;7;0;0.0;2.0;7.0;15.0;A01
54303;201500035997;0;34;0;0.0;2.0;1.0;1.0;B01
54304;201500035998;0;7;0;0.0;2.0;2.0;2.0;B01
54305;201500035998;0;7;0;0.0;2.0;4.0;2.0;A01
54306;201500035998;0;7;0;0.0;2.0;1.0;2.0;C01
54307;201500035999;0;33;0;0.0;0.0;7.0;16.0;A01
54308;201500036000;0;7;0;0.0;2.0;4.0;2.0;B01
54309;201500036000;0;15;0;0.0;2.0;1.0;2.0;A01
54310;201500036001;0;30;0;0.0;0.0;7.0;1.0;A01
54311;201500036002;0;2;0;0.0;0.0;7.0;1.0;A01
54312;201500036003;0;7;0;0.0;2.0;3.0;9.0;B01
54313;201500036003;0;33;0;0.0;2.0;1.0;9.0;A01
54314;201500036004;0;7;0;13.0;0.0;9.0;1.0;A01
54315;201500036005;0;7;0;0.0;1.0;1.0;16.0;A01
54316;201500036007;0;30;0;0.0;0.0;8.0;1.0;A01
54317;201500036009;0;7;0;0.0;2.0;3.0;1.0;B01
54318;201500036009;0;7;0;0.0;2.0;3.0;13.0;A01
54319;201500036010;0;7;0;0.0;2.0;4.0;23.0;C01
54320;201500036010;0;7;0;0.0;2.0;4.0;23.0;B01
54321;201500036010;0;7;0;0.0;2.0;1.0;2.0;A01
54322;201500036012;0;30;0;0.0;0.0;7.0;1.0;A01
54323;201500036015;0;7;0;2.0;0.0;1.0;1.0;A01
54324;201500036016;0;32;0;0.0;0.0;7.0;1.0;A01
54325;201500036017;0;7;0;0.0;2.0;1.0;15.0;A01
54326;201500036017;0;33;0;0.0;2.0;1.0;1.0;B01
54327;201500036018;0;7;0;0.0;1.0;4.0;23.0;B01
54328;201500036018;0;7;0;0.0;2.0;1.0;2.0;A01
54329;201500036019;0;15;0;0.0;2.0;1.0;1.0;A01
54330;201500036019;0;10;0;3.0;2.0;4.0;23.0;B01
54331;201500036021;0;7;0;0.0;2.0;1.0;2.0;A01
54332;201500036021;0;7;0;0.0;2.0;4.0;2.0;B01
54333;201500036022;0;7;0;0.0;2.0;3.0;13.0;A01
54334;201500036022;0;15;0;0.0;2.0;3.0;1.0;B01
54335;201500036023;0;7;0;0.0;2.0;3.0;1.0;C01
54336;201500036023;0;7;0;9.0;2.0;1.0;13.0;A01
54337;201500036023;0;33;0;0.0;2.0;3.0;1.0;B01
54338;201500036024;0;7;0;0.0;1.0;2.0;17.0;A01
54339;201500036025;0;7;0;0.0;2.0;3.0;1.0;B01
54340;201500036025;0;31;0;0.0;2.0;7.0;1.0;C01
54341;201500036025;0;7;0;0.0;2.0;3.0;13.0;A01
54342;201500036026;0;7;0;0.0;2.0;3.0;5.0;A01
54343;201500036026;0;1;0;0.0;2.0;1.0;1.0;B01
54344;201500036027;0;7;0;9.0;0.0;7.0;1.0;A01
54345;201500036028;0;2;0;0.0;0.0;0.0;1.0;A01
54346;201500036029;0;20;0;0.0;2.0;4.0;4.0;A01
54347;201500036029;0;7;0;0.0;2.0;1.0;1.0;B01
54348;201500036030;0;7;0;0.0;2.0;1.0;9.0;B01
54349;201500036030;0;7;0;0.0;2.0;3.0;9.0;A01
54350;201500036031;0;10;0;0.0;1.0;3.0;1.0;A01
54351;201500036032;1;7;0;0.0;1.0;1.0;1.0;Z01
54352;201500036033;1;7;0;0.0;2.0;4.0;23.0;Z01
54353;201500036033;0;7;0;0.0;2.0;1.0;2.0;A01
54354;201500036033;0;7;0;0.0;2.0;4.0;2.0;B01
54355;201500036034;0;7;0;0.0;2.0;1.0;1.0;B01
54356;201500036034;0;7;0;1.0;2.0;8.0;9.0;A01
54357;201500036035;0;30;0;0.0;0.0;0.0;1.0;A01
54358;201500036036;0;33;0;0.0;2.0;1.0;1.0;B01
54359;201500036036;0;7;0;0.0;2.0;5.0;1.0;A01
54360;201500036037;0;7;0;1.0;0.0;2.0;1.0;A01
54361;201500036038;0;15;0;0.0;0.0;0.0;1.0;A01
54362;201500036038;0;7;0;0.0;9.0;1.0;1.0;B01
54363;201500036039;0;33;0;0.0;2.0;1.0;2.0;A01
54364;201500036039;0;7;0;0.0;2.0;5.0;2.0;B01
54365;201500036040;0;33;0;12.0;0.0;7.0;1.0;A01
54366;201500036041;0;7;0;12.0;2.0;8.0;1.0;A01
54367;201500036041;1;7;0;0.0;2.0;1.0;9.0;Z01
54368;201500036042;0;7;0;0.0;2.0;2.0;15.0;A01
54369;201500036042;0;1;0;0.0;2.0;1.0;1.0;B01
54370;201500036043;0;7;0;0.0;1.0;1.0;15.0;A01
54371;201500036044;0;32;0;0.0;0.0;8.0;1.0;A01
54372;201500036045;0;10;0;0.0;1.0;2.0;1.0;A01
54373;201500036046;0;7;0;0.0;2.0;4.0;23.0;B01
54374;201500036046;0;7;0;0.0;2.0;1.0;2.0;A01
54375;201500036047;0;7;0;0.0;2.0;4.0;2.0;B01
54376;201500036047;0;7;0;0.0;2.0;1.0;2.0;A01
54377;201500036048;0;7;0;0.0;2.0;2.0;1.0;A01
54378;201500036048;0;7;0;0.0;0.0;0.0;0.0;B01
54379;201500036049;0;15;0;0.0;2.0;1.0;13.0;A01
54380;201500036049;0;7;0;0.0;2.0;3.0;1.0;B01
54381;201500036050;0;10;0;0.0;2.0;1.0;1.0;B01
54382;201500036050;0;7;0;0.0;2.0;8.0;0.0;A01
54383;201500036052;0;7;0;0.0;1.0;2.0;1.0;A01
54384;201500036053;0;7;0;0.0;2.0;3.0;13.0;A01
54385;201500036053;0;7;0;0.0;2.0;3.0;1.0;B01
54386;201500036054;0;7;0;0.0;2.0;4.0;23.0;B01
54387;201500036054;0;7;0;0.0;2.0;4.0;23.0;C01
54388;201500036054;0;7;0;0.0;2.0;1.0;2.0;A01
54389;201500036055;0;7;0;0.0;2.0;1.0;2.0;A01
54390;201500036055;0;7;0;0.0;2.0;4.0;2.0;B01
54391;201500036056;0;30;0;0.0;2.0;1.0;1.0;B01
54392;201500036056;0;10;0;0.0;2.0;3.0;9.0;A01
54393;201500036058;0;33;0;0.0;6.0;1.0;1.0;A01
54394;201500036060;0;7;0;0.0;2.0;2.0;1.0;B01
54395;201500036060;0;7;0;0.0;2.0;5.0;4.0;A01
54396;201500036061;0;7;0;0.0;1.0;1.0;9.0;A01
54397;201500036062;0;7;0;0.0;2.0;5.0;2.0;C01
54398;201500036062;0;7;0;0.0;2.0;4.0;2.0;B01
54399;201500036062;0;7;0;0.0;2.0;1.0;2.0;A01
54400;201500036063;0;7;0;0.0;2.0;4.0;23.0;B01
54401;201500036063;0;7;0;0.0;2.0;1.0;2.0;A01
54402;201500036064;0;1;0;0.0;2.0;1.0;1.0;B01
54403;201500036064;0;7;0;0.0;2.0;7.0;15.0;A01
54404;201500036065;0;2;0;12.0;0.0;0.0;0.0;A01
54405;201500036066;0;7;0;2.0;0.0;3.0;0.0;A01
54406;201500036067;0;7;0;0.0;2.0;1.0;1.0;B01
54407;201500036067;0;7;0;0.0;2.0;8.0;1.0;A01
54408;201500036068;0;7;0;0.0;2.0;3.0;15.0;A01
54409;201500036068;0;7;0;0.0;2.0;3.0;1.0;B01
54410;201500036069;2;7;0;0.0;2.0;1.0;15.0;A01
54411;201500036069;0;31;0;0.0;2.0;1.0;1.0;B01
54412;201500036070;0;7;0;0.0;2.0;3.0;16.0;A01
54413;201500036070;0;30;0;0.0;2.0;2.0;1.0;B01
54414;201500036071;0;30;0;1.0;0.0;2.0;0.0;A01
54415;201500036072;0;7;0;12.0;0.0;1.0;1.0;A01
54416;201500036073;0;7;0;12.0;1.0;3.0;1.0;A01
54417;201500036074;0;7;0;0.0;2.0;8.0;23.0;C01
54418;201500036074;0;7;0;1.0;2.0;1.0;0.0;A01
54419;201500036075;0;2;0;0.0;2.0;1.0;2.0;A01
54420;201500036075;0;7;0;0.0;2.0;5.0;23.0;B01
54421;201500036076;0;7;0;9.0;0.0;3.0;6.0;A01
54422;201500036077;0;37;7;0.0;2.0;4.0;23.0;B01
54423;201500036077;0;7;0;0.0;2.0;1.0;2.0;A01
54424;201500036078;0;7;0;1.0;0.0;1.0;1.0;A01
54425;201500036079;0;7;0;0.0;2.0;1.0;2.0;A01
54426;201500036079;0;7;0;0.0;2.0;4.0;23.0;B01
54427;201500036081;0;10;0;0.0;2.0;3.0;16.0;A01
54428;201500036081;0;7;0;0.0;2.0;2.0;1.0;B01
54429;201500036082;0;7;0;9.0;0.0;1.0;1.0;A01
54430;201500036083;0;7;0;1.0;0.0;0.0;15.0;A01
54431;201500036083;0;33;0;1.0;0.0;1.0;1.0;B01
54432;201500036084;0;31;0;0.0;2.0;1.0;2.0;A01
54433;201500036084;0;7;0;0.0;2.0;5.0;2.0;B01
54434;201500036085;0;7;0;0.0;1.0;3.0;1.0;A01
54435;201500036086;0;30;0;0.0;2.0;1.0;9.0;A01
54436;201500036086;0;7;0;0.0;2.0;3.0;1.0;B01
54437;201500036087;0;7;0;0.0;2.0;3.0;1.0;B01
54438;201500036087;0;10;0;0.0;2.0;1.0;13.0;A01
54439;201500036088;0;2;0;1.0;0.0;1.0;1.0;A01
54440;201500036089;0;7;0;0.0;2.0;4.0;2.0;B01
54441;201500036089;0;7;0;0.0;2.0;1.0;2.0;A01
54442;201500036090;0;7;0;0.0;2.0;3.0;23.0;C01
54443;201500036090;0;7;0;0.0;2.0;1.0;1.0;A01
54444;201500036090;0;7;0;0.0;2.0;1.0;9.0;B01
54445;201500036091;0;2;0;0.0;0.0;7.0;1.0;A01
54446;201500036092;0;7;0;0.0;2.0;3.0;9.0;A01
54447;201500036092;0;7;0;0.0;2.0;2.0;1.0;B01
54448;201500036093;0;7;0;0.0;2.0;1.0;2.0;A01