;Num_Acc;senc;catv;occutc;obs;obsm;choc;manv;num_veh
54449;201500036093;0;7;0;0.0;2.0;4.0;2.0;B01
54450;201500036094;0;7;0;0.0;0.0;0.0;0.0;A01
54451;201500036095;0;7;0;0.0;2.0;2.0;15.0;A01
54452;201500036095;0;30;0;0.0;2.0;2.0;1.0;B01
54453;201500036096;0;10;0;0.0;2.0;2.0;1.0;B01
54454;201500036096;0;7;0;0.0;2.0;1.0;19.0;A01
54455;201500036097;0;7;0;0.0;2.0;1.0;2.0;A01
54456;201500036097;0;7;0;0.0;2.0;4.0;1.0;B01
54457;201500036099;0;7;0;0.0;1.0;2.0;1.0;A01
54458;201500036100;0;7;0;0.0;1.0;0.0;16.0;A01
54459;201500036101;0;7;0;0.0;2.0;3.0;1.0;B01
54460;201500036101;0;7;0;0.0;2.0;2.0;15.0;A01
54461;201500036102;0;7;0;0.0;2.0;3.0;1.0;B01
54462;201500036102;0;7;0;0.0;2.0;1.0;15.0;A01
54463;201500036103;0;7;0;0.0;1.0;1.0;1.0;A01
54464;201500036104;0;7;0;9.0;2.0;1.0;9.0;A01
54465;201500036104;0;7;0;0.0;2.0;1.0;9.0;B01
54466;201500036105;0;10;0;13.0;0.0;1.0;13.0;A01
54467;201500036106;0;7;0;0.0;1.0;1.0;1.0;A01
54468;201500036108;0;7;0;0.0;2.0;3.0;15.0;A01
54469;201500036108;0;33;0;0.0;2.0;1.0;1.0;B01
54470;201500036109;0;7;0;0.0;1.0;3.0;16.0;A01
54471;201500036110;0;2;0;0.0;0.0;1.0;1.0;A01
54472;201500036111;0;2;0;0.0;2.0;1.0;9.0;B01
54473;201500036111;0;7;0;0.0;2.0;2.0;15.0;A01
54474;201500036112;0;30;0;0.0;0.0;7.0;1.0;A01
54475;201500036113;0;7;0;15.0;0.0;1.0;9.0;A01
54476;201500036114;0;7;0;0.0;2.0;4.0;23.0;C01
54477;201500036114;0;14;0;0.0;2.0;1.0;2.0;A01
54478;201500036114;0;7;0;0.0;2.0;4.0;23.0;B01
54479;201500036115;0;7;0;0.0;2.0;1.0;1.0;A01
54480;201500036115;0;7;0;0.0;2.0;3.0;1.0;B01
54481;201500036116;0;7;0;8.0;0.0;4.0;13.0;A01
54482;201500036117;0;7;0;0.0;0.0;0.0;0.0;C01
54483;201500036117;0;7;0;0.0;2.0;4.0;23.0;A01
54484;201500036117;0;7;0;0.0;2.0;4.0;23.0;B01
54485;201500036118;0;7;0;0.0;2.0;1.0;2.0;A01
54486;201500036118;0;7;0;0.0;2.0;6.0;1.0;B01
54487;201500036119;1;7;0;0.0;2.0;3.0;10.0;Z01
54488;201500036119;0;30;0;0.0;2.0;1.0;1.0;B01
54489;201500036120;0;10;0;0.0;1.0;4.0;4.0;A01
54490;201500036121;0;7;0;0.0;2.0;1.0;1.0;A01
54491;201500036121;0;7;0;0.0;2.0;3.0;1.0;B01
54492;201500036122;0;7;0;0.0;2.0;1.0;2.0;A01
54493;201500036122;0;7;0;0.0;2.0;4.0;2.0;B01
54494;201500036123;0;7;0;0.0;2.0;4.0;2.0;B01
54495;201500036123;0;7;0;0.0;2.0;4.0;2.0;C01
54496;201500036123;0;7;0;0.0;2.0;1.0;2.0;A01
54497;201500036124;0;10;0;0.0;2.0;8.0;15.0;B01
54498;201500036124;0;2;0;0.0;2.0;2.0;1.0;A01
54499;201500036125;0;30;0;0.0;0.0;7.0;1.0;A01
54500;201500036126;0;7;0;3.0;0.0;1.0;1.0;A01
54501;201500036127;0;7;0;2.0;0.0;3.0;1.0;A01
54502;201500036130;0;7;0;0.0;2.0;1.0;2.0;A01
54503;201500036130;0;7;0;0.0;2.0;4.0;23.0;B01
54504;201500036130;0;7;0;0.0;2.0;4.0;23.0;C01
54505;201500036131;0;30;0;0.0;0.0;7.0;1.0;A01
54506;201500036132;0;33;0;0.0;5.0;8.0;1.0;A01
54507;201500036133;0;2;0;1.0;0.0;1.0;1.0;A01
54508;201500036134;0;7;0;0.0;1.0;1.0;15.0;A01
54509;201500036135;0;7;0;0.0;1.0;1.0;1.0;A01
54510;201500036136;0;7;0;0.0;2.0;1.0;15.0;A01
54511;201500036136;0;1;0;0.0;2.0;1.0;1.0;B01
54512;201500036137;0;7;0;4.0;0.0;5.0;1.0;A01
54513;201500036138;0;7;0;0.0;2.0;3.0;9.0;A01
54514;201500036138;0;7;0;0.0;2.0;1.0;1.0;B01
54515;201500036139;0;7;0;6.0;2.0;1.0;9.0;A01
54516;201500036139;0;7;0;0.0;2.0;1.0;1.0;B01
54517;201500036141;0;7;0;0.0;2.0;4.0;2.0;C01
54518;201500036141;0;7;0;0.0;2.0;1.0;2.0;A01
54519;201500036141;0;7;0;0.0;2.0;4.0;2.0;B01
54520;201500036142;0;7;0;0.0;2.0;2.0;1.0;A01
54521;201500036142;0;2;0;0.0;2.0;1.0;1.0;B01
54522;201500036144;0;7;0;0.0;1.0;2.0;16.0;A01
54523;201500036145;0;7;0;0.0;2.0;3.0;1.0;A01
54524;201500036145;0;7;0;0.0;2.0;2.0;1.0;B01
54525;201500036146;2;7;0;0.0;2.0;1.0;2.0;A01
54526;201500036146;0;7;0;0.0;2.0;1.0;1.0;C01
54527;201500036146;0;7;0;0.0;2.0;4.0;1.0;B01
54528;201500036147;0;7;0;0.0;2.0;8.0;15.0;A01
54529;201500036147;0;7;0;1.0;2.0;2.0;2.0;B01
54530;201500036148;0;7;0;0.0;2.0;1.0;2.0;A01
54531;201500036148;0;7;0;0.0;2.0;4.0;2.0;C01
54532;201500036148;0;7;0;0.0;2.0;4.0;2.0;B01
54533;201500036149;0;30;0;0.0;2.0;1.0;1.0;A01
54534;201500036149;0;7;0;0.0;2.0;8.0;15.0;B01
54535;201500036150;1;7;0;0.0;1.0;3.0;17.0;Z01
54536;201500036152;0;34;0;0.0;2.0;1.0;1.0;B01
54537;201500036152;0;7;0;0.0;2.0;2.0;15.0;A01
54538;201500036153;0;30;0;0.0;2.0;7.0;1.0;B01
54539;201500036153;0;10;0;0.0;2.0;1.0;9.0;A01
54540;201500036154;0;2;0;0.0;2.0;1.0;17.0;A01
54541;201500036154;0;7;0;0.0;2.0;8.0;15.0;B01
54542;201500036155;0;7;0;0.0;1.0;2.0;1.0;A01
54543;201500036156;0;7;0;0.0;2.0;3.0;15.0;B01
54544;201500036156;0;10;0;0.0;2.0;2.0;1.0;A01
54545;201500036157;0;7;0;0.0;2.0;2.0;1.0;A01
54546;201500036157;0;7;0;0.0;2.0;3.0;1.0;B01
54547;201500036158;0;7;0;0.0;2.0;2.0;14.0;A01
54548;201500036158;0;7;0;3.0;2.0;6.0;1.0;B01
54549;201500036159;0;1;0;0.0;2.0;3.0;1.0;B01
54550;201500036159;1;99;0;0.0;2.0;5.0;16.0;Z01
54551;201500036161;0;7;0;0.0;2.0;2.0;15.0;A01
54552;201500036161;0;7;0;0.0;2.0;3.0;1.0;B01
54553;201500036163;1;7;0;0.0;2.0;4.0;1.0;Z01
54554;201500036163;0;7;0;0.0;2.0;4.0;1.0;B01
54555;201500036163;0;7;0;0.0;2.0;1.0;2.0;A01
54556;201500036165;0;17;0;0.0;2.0;7.0;1.0;A01
54557;201500036165;0;1;0;0.0;2.0;0.0;19.0;B01
54558;201500036167;0;99;0;13.0;0.0;7.0;1.0;A01
54559;201500036168;0;7;0;0.0;2.0;1.0;15.0;A01
54560;201500036168;0;30;0;0.0;2.0;1.0;1.0;B01
54561;201500036169;0;7;0;0.0;0.0;0.0;4.0;A01
54562;201500036169;0;30;0;0.0;0.0;7.0;1.0;B01
54563;201500036170;0;30;0;0.0;0.0;8.0;1.0;A01
54564;201500036171;0;7;0;0.0;2.0;3.0;15.0;A01
54565;201500036171;0;30;0;0.0;2.0;8.0;1.0;B01
54566;201500036172;0;7;0;0.0;2.0;1.0;15.0;A01
54567;201500036172;0;7;0;0.0;2.0;3.0;1.0;B01
54568;201500036174;0;7;0;0.0;1.0;1.0;1.0;A01
54569;201500036175;0;7;0;0.0;2.0;3.0;1.0;A01
54570;201500036175;0;7;0;0.0;2.0;2.0;9.0;B01
54571;201500036176;0;33;0;8.0;0.0;1.0;1.0;A01
54572;201500036177;0;34;0;12.0;0.0;1.0;1.0;A01
54573;201500036178;0;7;0;3.0;0.0;3.0;0.0;A01
54574;201500036179;0;33;0;0.0;0.0;8.0;1.0;A01
54575;201500036180;0;7;0;0.0;2.0;1.0;23.0;B01
54576;201500036180;0;7;0;9.0;2.0;1.0;1.0;A01
54577;201500036181;0;33;0;0.0;0.0;7.0;1.0;A01
54578;201500036182;0;7;0;12.0;0.0;8.0;1.0;A01
54579;201500036183;0;7;0;0.0;2.0;8.0;20.0;A01
54580;201500036183;0;2;0;0.0;2.0;1.0;1.0;B01
54581;201500036184;0;7;0;0.0;2.0;2.0;1.0;B01
54582;201500036184;0;7;0;0.0;2.0;8.0;11.0;A01
54583;201500036185;0;30;0;0.0;2.0;3.0;1.0;B01
54584;201500036185;0;7;0;0.0;2.0;3.0;15.0;A01
54585;201500036187;0;14;0;0.0;1.0;0.0;1.0;A01
54586;201500036188;0;33;0;0.0;1.0;1.0;1.0;A01
54587;201500036189;0;10;0;0.0;1.0;1.0;1.0;A01
54588;201500036190;0;7;0;0.0;2.0;2.0;16.0;B01
54589;201500036190;0;30;0;0.0;2.0;3.0;18.0;A01
54590;201500036191;0;7;0;0.0;2.0;7.0;15.0;A01
54591;201500036191;0;30;0;0.0;2.0;1.0;1.0;B01
54592;201500036192;0;33;0;0.0;0.0;0.0;0.0;A01
54593;201500036193;0;2;0;0.0;2.0;1.0;15.0;A01
54594;201500036193;0;7;0;0.0;2.0;8.0;15.0;B01
54595;201500036195;0;7;0;0.0;1.0;1.0;19.0;A01
54596;201500036196;0;7;0;0.0;2.0;2.0;15.0;A01
54597;201500036196;0;2;0;0.0;2.0;1.0;1.0;B01
54598;201500036197;0;7;0;0.0;1.0;1.0;1.0;A01
54599;201500036197;0;7;0;0.0;2.0;1.0;1.0;B01
54600;201500036198;0;7;0;8.0;0.0;1.0;1.0;A01
54601;201500036199;0;1;0;0.0;2.0;1.0;1.0;B01
54602;201500036199;0;7;0;0.0;9.0;1.0;13.0;A01
54603;201500036200;0;7;0;0.0;1.0;1.0;15.0;A01
54604;201500036201;0;33;0;0.0;0.0;0.0;2.0;A01
54605;201500036202;0;33;0;0.0;2.0;8.0;5.0;A01
54606;201500036202;0;7;0;0.0;2.0;8.0;5.0;B01
54607;201500036203;0;33;0;0.0;2.0;7.0;1.0;B01
54608;201500036203;0;7;0;0.0;2.0;2.0;15.0;A01
54609;201500036204;0;14;0;0.0;1.0;2.0;16.0;A01
54610;201500036205;0;7;0;0.0;2.0;3.0;2.0;B01
54611;201500036205;0;2;0;0.0;2.0;1.0;15.0;A01
54612;201500036206;0;7;0;0.0;2.0;1.0;1.0;B01
54613;201500036206;0;7;0;0.0;2.0;2.0;15.0;A01
54614;201500036207;0;10;0;0.0;2.0;1.0;1.0;A01
54615;201500036207;0;2;0;0.0;2.0;3.0;1.0;B01
54616;201500036208;1;7;0;0.0;1.0;1.0;1.0;A01
54617;201500036209;0;7;0;0.0;1.0;2.0;1.0;A01
54618;201500036210;0;7;0;0.0;2.0;0.0;2.0;A01
54619;201500036210;0;7;0;0.0;2.0;0.0;2.0;B01
54620;201500036210;0;7;0;0.0;2.0;0.0;2.0;C01
54621;201500036210;0;7;0;0.0;0.0;0.0;2.0;D01
54622;201500036211;0;7;0;0.0;2.0;1.0;0.0;A01
54623;201500036211;0;33;0;0.0;2.0;7.0;0.0;B01
54624;201500036212;0;10;0;0.0;1.0;1.0;15.0;A01
54625;201500036213;0;1;0;0.0;2.0;4.0;1.0;A01
54626;201500036213;0;7;0;0.0;2.0;2.0;2.0;B01
54627;201500036214;0;7;0;0.0;1.0;1.0;0.0;A01
54628;201500036216;0;7;0;16.0;0.0;7.0;1.0;A01
54629;201500036217;0;7;0;0.0;1.0;1.0;2.0;A01
54630;201500036218;0;7;0;0.0;2.0;2.0;15.0;A01
54631;201500036218;0;7;0;0.0;2.0;3.0;1.0;B01
54632;201500036219;0;7;0;0.0;1.0;2.0;1.0;A01
54633;201500036220;0;7;0;0.0;1.0;1.0;1.0;A01
54634;201500036221;0;7;0;0.0;0.0;0.0;0.0;A01
54635;201500036221;0;33;0;0.0;2.0;1.0;17.0;B01
54636;201500036223;0;7;0;0.0;2.0;3.0;15.0;A01
54637;201500036223;2;1;0;0.0;2.0;8.0;1.0;B01
54638;201500036224;0;7;0;0.0;2.0;1.0;13.0;A01
54639;201500036224;0;7;0;0.0;2.0;1.0;1.0;B01
54640;201500036225;0;7;0;0.0;2.0;2.0;15.0;A01
54641;201500036225;0;33;0;6.0;2.0;1.0;1.0;B01
54642;201500036226;0;7;0;0.0;2.0;7.0;1.0;A01
54643;201500036226;0;2;0;0.0;2.0;1.0;1.0;B01
54644;201500036227;0;7;0;0.0;2.0;1.0;2.0;A01
54645;201500036227;0;7;0;0.0;2.0;4.0;2.0;B01
54646;201500036228;0;2;0;0.0;9.0;1.0;1.0;A01
54647;201500036229;0;2;0;0.0;2.0;1.0;17.0;A01
54648;201500036229;0;1;0;0.0;2.0;3.0;15.0;B01
54649;201500036230;0;31;0;1.0;0.0;3.0;0.0;A01
54650;201500036230;0;7;0;0.0;0.0;5.0;0.0;B01
54651;201500036232;0;7;0;15.0;0.0;1.0;14.0;A01
54652;201500036233;0;3;0;0.0;1.0;1.0;1.0;F01
54653;201500036235;0;7;0;0.0;0.0;0.0;1.0;A01
54654;201500036236;0;33;0;13.0;0.0;1.0;14.0;A01
54655;201500036237;0;30;0;0.0;2.0;1.0;0.0;A01
54656;201500036237;0;7;0;0.0;2.0;3.0;0.0;B01
54657;201500036238;0;30;0;0.0;2.0;1.0;13.0;A01
54658;201500036238;0;7;0;0.0;2.0;1.0;0.0;B01
54659;201500036239;0;7;0;0.0;2.0;3.0;2.0;B01
54660;201500036239;0;33;0;0.0;2.0;2.0;17.0;A01
54661;201500036240;0;1;0;0.0;2.0;0.0;1.0;B01
54662;201500036240;0;7;0;0.0;9.0;2.0;16.0;A01
54663;201500036241;0;7;0;0.0;1.0;1.0;1.0;A01
54664;201500036242;0;7;0;0.0;2.0;1.0;1.0;B01
54665;201500036242;0;3;0;0.0;2.0;1.0;15.0;A01
54666;201500036243;0;7;0;12.0;0.0;1.0;2.0;A01
54667;201500036244;0;7;0;0.0;2.0;1.0;1.0;A01
54668;201500036244;0;7;0;0.0;2.0;5.0;1.0;B01
54669;201500036244;0;7;0;0.0;2.0;6.0;1.0;C01
54670;201500036245;0;2;0;0.0;2.0;0.0;1.0;A01
54671;201500036245;1;7;0;0.0;2.0;0.0;0.0;Z01
54672;201500036246;0;10;0;0.0;1.0;1.0;1.0;A01
54673;201500036247;0;7;0;0.0;2.0;1.0;1.0;B01
54674;201500036247;0;7;0;0.0;2.0;7.0;9.0;A01
54675;201500036248;0;7;0;0.0;9.0;9.0;2.0;A01
54676;201500036249;0;7;0;0.0;1.0;1.0;0.0;A01
54677;201500036250;0;7;0;13.0;0.0;1.0;1.0;A01
54678;201500036251;0;7;0;0.0;1.0;1.0;17.0;A01
54679;201500036252;0;7;0;0.0;2.0;1.0;1.0;A01
54680;201500036252;0;33;0;0.0;2.0;4.0;2.0;B01
54681;201500036253;0;33;0;0.0;2.0;1.0;0.0;A01
54682;201500036253;0;7;0;0.0;2.0;3.0;0.0;B01
54683;201500036254;0;7;0;0.0;1.0;1.0;1.0;A01
54684;201500036255;0;7;0;0.0;1.0;4.0;4.0;A01
54685;201500036256;0;7;0;0.0;2.0;1.0;13.0;A01
54686;201500036256;0;7;0;0.0;2.0;3.0;1.0;B01
54687;201500036257;0;33;0;0.0;1.0;1.0;1.0;A01
54688;201500036258;0;7;0;6.0;0.0;8.0;1.0;A01
54689;201500036259;0;7;0;15.0;2.0;1.0;1.0;B01
54690;201500036259;0;7;0;0.0;2.0;8.0;15.0;A01
54691;201500036262;0;37;1;0.0;1.0;6.0;15.0;A01
54692;201500036263;0;7;0;0.0;2.0;1.0;2.0;A01
54693;201500036263;0;7;0;0.0;2.0;4.0;23.0;B01
54694;201500036263;0;7;0;0.0;2.0;4.0;23.0;C01
54695;201500036264;0;7;0;0.0;2.0;3.0;12.0;A01
54696;201500036264;0;1;0;0.0;2.0;4.0;0.0;B01
54697;201500036265;0;30;0;0.0;2.0;1.0;1.0;B01
54698;201500036265;0;10;0;0.0;2.0;3.0;15.0;A01
54699;201500036266;0;7;0;6.0;0.0;1.0;0.0;A01
54700;201500036267;0;7;0;0.0;1.0;2.0;1.0;A01
54701;201500036268;0;7;0;0.0;2.0;2.0;15.0;A01
54702;201500036268;0;2;0;0.0;2.0;1.0;1.0;B01
54703;201500036269;0;7;0;0.0;2.0;8.0;9.0;A01
54704;201500036269;0;2;0;0.0;2.0;1.0;1.0;B01
54705;201500036270;0;7;0;0.0;2.0;6.0;0.0;B01
54706;201500036270;0;30;0;0.0;2.0;1.0;9.0;A01
54707;201500036271;0;30;0;0.0;2.0;1.0;1.0;A01
54708;201500036271;0;7;0;0.0;9.0;4.0;1.0;B01
54709;201500036272;0;7;0;0.0;1.0;3.0;1.0;A01
54710;201500036273;0;7;0;0.0;1.0;1.0;1.0;A01
54711;201500036273;0;7;0;0.0;2.0;1.0;1.0;B01
54712;201500036274;0;7;0;0.0;1.0;1.0;15.0;A01
54713;201500036275;0;30;0;0.0;1.0;7.0;1.0;A01
54714;201500036276;0;1;0;0.0;2.0;1.0;1.0;A01
54715;201500036276;0;7;0;0.0;2.0;6.0;15.0;B01
54716;201500036277;0;7;0;0.0;2.0;1.0;1.0;A01
54717;201500036277;0;2;0;0.0;2.0;4.0;1.0;B01
54718;201500036278;0;7;0;0.0;1.0;1.0;15.0;A01
54719;201500036279;0;33;0;0.0;2.0;0.0;1.0;B01
54720;201500036279;0;7;0;0.0;2.0;3.0;15.0;A01
54721;201500036281;0;1;0;0.0;2.0;2.0;1.0;B01
54722;201500036281;0;7;0;0.0;2.0;1.0;1.0;A01
54723;201500036282;0;15;0;0.0;2.0;1.0;1.0;A01
54724;201500036282;0;7;0;0.0;9.0;4.0;23.0;B01
54725;201500036283;0;7;0;8.0;0.0;9.0;17.0;A01
54726;201500036284;0;7;0;0.0;2.0;2.0;1.0;A01
54727;201500036284;0;30;0;0.0;2.0;1.0;1.0;B01
54728;201500036285;0;7;0;0.0;9.0;1.0;1.0;A01
54729;201500036285;0;1;0;0.0;2.0;1.0;1.0;B01
54730;201500036286;0;7;0;0.0;2.0;2.0;13.0;A01
54731;201500036286;0;7;0;0.0;2.0;1.0;1.0;B01
54732;201500036287;0;7;0;0.0;1.0;1.0;20.0;A01
54733;201500036288;0;7;0;0.0;2.0;8.0;15.0;A01
54734;201500036288;0;30;0;0.0;2.0;1.0;1.0;B01
54735;201500036289;0;10;0;0.0;2.0;3.0;1.0;A01
54736;201500036289;0;10;0;0.0;0.0;4.0;1.0;B01
54737;201500036290;0;7;0;0.0;2.0;6.0;10.0;A01
54738;201500036290;0;10;0;0.0;2.0;2.0;1.0;B01
54739;201500036291;0;7;0;0.0;2.0;8.0;11.0;B01
54740;201500036291;0;2;0;0.0;2.0;7.0;17.0;A01
54741;201500036292;0;7;0;0.0;2.0;1.0;2.0;A01
54742;201500036292;0;7;0;0.0;0.0;4.0;2.0;B01
54743;201500036293;0;7;0;0.0;1.0;1.0;1.0;A01
54744;201500036294;0;7;0;0.0;2.0;7.0;15.0;B01
54745;201500036294;0;7;0;0.0;2.0;8.0;1.0;A01
54746;201500036295;0;7;0;0.0;2.0;2.0;22.0;A01
54747;201500036295;0;1;0;1.0;0.0;1.0;1.0;B01
54748;201500036296;1;99;0;0.0;1.0;0.0;0.0;A01
54749;201500036297;0;7;0;0.0;1.0;2.0;1.0;A01
54750;201500036298;0;7;0;0.0;2.0;6.0;0.0;A01
54751;201500036298;0;7;0;0.0;2.0;3.0;1.0;B01
54752;201500036300;0;10;0;0.0;1.0;8.0;0.0;A01
54753;201500036301;0;7;0;0.0;2.0;3.0;1.0;B01
54754;201500036301;0;7;0;0.0;2.0;1.0;0.0;A01
54755;201500036302;0;7;0;0.0;2.0;4.0;2.0;C01
54756;201500036302;0;2;0;0.0;2.0;4.0;0.0;B01
54757;201500036302;0;7;0;0.0;2.0;1.0;2.0;A01
54758;201500036303;0;7;0;0.0;2.0;3.0;20.0;A01
54759;201500036303;0;7;0;0.0;2.0;7.0;1.0;B01
54760;201500036304;0;7;0;0.0;0.0;0.0;0.0;B01
54761;201500036304;0;7;0;0.0;0.0;0.0;0.0;A01
54762;201500036305;0;7;0;0.0;2.0;8.0;1.0;A01
54763;201500036305;0;7;0;0.0;2.0;1.0;1.0;B01
54764;201500036306;0;7;0;0.0;1.0;0.0;0.0;A01
54765;201500036307;0;7;0;0.0;1.0;2.0;1.0;A01
54766;201500036308;0;7;0;0.0;9.0;3.0;15.0;A01
54767;201500036308;0;1;0;0.0;0.0;0.0;0.0;B01
54768;201500036309;0;7;0;0.0;2.0;4.0;4.0;A01
54769;201500036309;0;7;0;0.0;2.0;3.0;0.0;B01
54770;201500036310;0;37;5;0.0;1.0;2.0;1.0;A01
54771;201500036311;0;7;0;0.0;2.0;3.0;0.0;A01
54772;201500036311;0;7;0;0.0;2.0;4.0;0.0;B01
54773;201500036312;0;30;0;0.0;2.0;1.0;2.0;A01
54774;201500036312;0;7;0;0.0;0.0;4.0;2.0;B01
54775;201500036313;0;7;0;0.0;1.0;3.0;0.0;A01
54776;201500036314;0;7;0;0.0;2.0;0.0;0.0;B01
54777;201500036314;0;7;0;0.0;2.0;2.0;15.0;A01
54778;201500036315;0;7;0;0.0;0.0;3.0;1.0;B01
54779;201500036315;0;7;0;0.0;0.0;1.0;11.0;A01
54780;201500036315;0;7;0;0.0;0.0;3.0;1.0;C01
54781;201500036316;0;7;0;0.0;1.0;2.0;2.0;A01
54782;201500036317;0;7;0;0.0;1.0;3.0;1.0;A01
54783;201500036318;0;30;0;0.0;2.0;1.0;2.0;B01
54784;201500036318;0;7;0;0.0;2.0;4.0;2.0;A01
54785;201500036319;0;1;0;0.0;0.0;0.0;0.0;B01
54786;201500036319;0;7;0;0.0;2.0;1.0;0.0;A01
54787;201500036320;0;7;0;0.0;1.0;0.0;0.0;A01
54788;201500036321;0;7;0;0.0;2.0;3.0;15.0;A01
54789;201500036321;0;30;0;0.0;2.0;1.0;1.0;B01
54790;201500036322;0;7;0;0.0;0.0;0.0;1.0;A01
54791;201500036323;0;33;0;0.0;2.0;4.0;1.0;B01
54792;201500036323;0;7;0;0.0;2.0;2.0;2.0;A01
54793;201500036324;0;7;0;0.0;1.0;0.0;20.0;A01
54794;201500036325;0;1;0;0.0;0.0;0.0;0.0;B01
54795;201500036325;0;7;0;0.0;2.0;1.0;1.0;A01
54796;201500036326;0;7;0;0.0;0.0;4.0;2.0;B01
54797;201500036326;0;7;0;0.0;2.0;1.0;2.0;A01
54798;201500036327;0;7;0;0.0;2.0;1.0;1.0;B01
54799;201500036327;0;7;0;0.0;2.0;1.0;2.0;C01
54800;201500036327;0;7;0;0.0;2.0;1.0;2.0;A01
54801;201500036328;0;7;0;0.0;0.0;0.0;0.0;B01
54802;201500036328;0;7;0;0.0;0.0;0.0;0.0;A01
54803;201500036329;0;7;0;0.0;1.0;3.0;2.0;A01
54804;201500036330;0;7;0;0.0;2.0;3.0;0.0;A01
54805;201500036330;0;1;0;0.0;2.0;1.0;0.0;B01
54806;201500036332;0;7;0;0.0;2.0;8.0;0.0;A01
54807;201500036332;0;7;0;0.0;2.0;3.0;15.0;B01
54808;201500036333;0;7;0;0.0;2.0;2.0;15.0;A01
54809;201500036333;0;34;0;0.0;2.0;7.0;0.0;B01
54810;201500036334;0;7;0;0.0;2.0;1.0;1.0;B01
54811;201500036334;0;7;0;0.0;2.0;1.0;15.0;A01
54812;201500036335;0;7;0;0.0;1.0;0.0;0.0;A01
54813;201500036339;0;7;0;0.0;2.0;2.0;9.0;A01
54814;201500036339;0;33;0;0.0;2.0;5.0;0.0;B01
54815;201500036341;2;7;0;1.0;0.0;9.0;0.0;A01
54816;201500036342;0;7;0;0.0;2.0;8.0;1.0;B01
54817;201500036342;0;7;0;0.0;2.0;1.0;1.0;A01
54818;201500036343;0;7;0;0.0;2.0;4.0;2.0;C01
54819;201500036343;0;7;0;0.0;2.0;0.0;0.0;B01
54820;201500036343;1;7;0;0.0;2.0;1.0;2.0;A01
54821;201500036344;0;7;0;12.0;0.0;2.0;0.0;A01
54822;201500036345;0;7;0;0.0;1.0;3.0;0.0;A01
54823;201500036346;0;1;0;0.0;2.0;1.0;0.0;Y01
54824;201500036346;0;7;0;0.0;2.0;5.0;0.0;A01
54825;201500036347;0;7;0;0.0;2.0;8.0;23.0;C01
54826;201500036347;0;7;0;0.0;2.0;1.0;15.0;A01
54827;201500036347;0;7;0;0.0;2.0;1.0;1.0;B01
54828;201500036348;0;7;0;0.0;2.0;6.0;0.0;B01
54829;201500036348;0;7;0;0.0;2.0;1.0;0.0;A01
54830;201500036349;0;7;0;0.0;1.0;7.0;1.0;A01
54831;201500036350;0;7;0;0.0;2.0;0.0;0.0;A01
54832;201500036350;0;7;0;0.0;2.0;0.0;13.0;B01
54833;201500036351;0;7;0;0.0;1.0;0.0;0.0;A01
54834;201500036352;0;7;0;0.0;2.0;0.0;0.0;B01
54835;201500036352;0;7;0;0.0;2.0;3.0;19.0;A01
54836;201500036353;0;7;0;8.0;2.0;1.0;2.0;A01
54837;201500036353;0;7;0;0.0;0.0;4.0;2.0;B01
54838;201500036354;0;10;0;0.0;2.0;1.0;2.0;A01
54839;201500036354;0;7;0;0.0;2.0;4.0;2.0;B01
54840;201500036354;0;7;0;0.0;2.0;4.0;2.0;C01
54841;201500036355;0;7;0;0.0;2.0;2.0;2.0;A01
54842;201500036355;0;7;0;0.0;2.0;4.0;0.0;B01
54843;201500036356;0;7;0;0.0;2.0;3.0;0.0;B01
54844;201500036356;0;33;0;0.0;2.0;1.0;13.0;A01
54845;201500036357;0;1;0;0.0;2.0;1.0;0.0;A01
54846;201500036357;0;7;0;0.0;2.0;1.0;0.0;B01
54847;201500036358;0;7;0;0.0;0.0;0.0;23.0;A01
54848;201500036358;0;1;0;1.0;0.0;0.0;21.0;B01
54849;201500036359;0;7;0;0.0;1.0;2.0;1.0;A01
54850;201500036360;0;1;0;0.0;2.0;1.0;5.0;B01
54851;201500036360;0;7;0;0.0;9.0;3.0;15.0;A01
54852;201500036361;0;7;0;0.0;2.0;2.0;15.0;A01
54853;201500036361;0;7;0;0.0;2.0;0.0;0.0;B01
54854;201500036362;0;7;0;0.0;2.0;1.0;1.0;A01
54855;201500036362;0;7;0;0.0;2.0;4.0;1.0;B01
54856;201500036363;0;7;0;0.0;2.0;8.0;15.0;A01
54857;201500036363;0;7;0;0.0;2.0;1.0;1.0;B01
54858;201500036364;0;30;0;0.0;2.0;0.0;0.0;A01
54859;201500036364;0;7;0;0.0;2.0;0.0;0.0;B01
54860;201500036365;0;7;0;0.0;1.0;2.0;1.0;A01
54861;201500036366;0;10;0;0.0;2.0;1.0;1.0;A01
54862;201500036366;0;1;0;0.0;2.0;4.0;0.0;B01
54863;201500036367;0;7;0;0.0;0.0;1.0;16.0;A01
54864;201500036367;0;15;0;0.0;2.0;8.0;1.0;B01
54865;201500036369;0;7;0;0.0;1.0;1.0;1.0;A01
54866;201500036371;0;7;0;0.0;2.0;1.0;2.0;B01
54867;201500036371;0;7;0;0.0;2.0;7.0;2.0;A01
54868;201500036372;0;7;0;0.0;2.0;4.0;2.0;B01
54869;201500036372;0;7;0;0.0;2.0;1.0;2.0;A01