;Num_Acc;senc;catv;occutc;obs;obsm;choc;manv;num_veh
54870;201500036373;0;7;0;0.0;1.0;0.0;0.0;A01
54871;201500036375;0;33;0;0.0;2.0;7.0;0.0;A01
54872;201500036375;0;7;0;0.0;2.0;4.0;4.0;B01
54873;201500036377;0;7;0;0.0;2.0;1.0;0.0;B01
54874;201500036377;0;7;0;0.0;2.0;2.0;1.0;A01
54875;201500036378;0;30;0;0.0;0.0;0.0;15.0;A01
54876;201500036379;1;7;0;0.0;2.0;0.0;15.0;A01
54877;201500036379;0;30;0;0.0;2.0;1.0;2.0;B01
54878;201500036380;0;30;0;0.0;2.0;1.0;1.0;B01
54879;201500036380;0;7;0;0.0;2.0;2.0;15.0;A01
54880;201500036381;0;7;0;0.0;0.0;0.0;15.0;A01
54881;201500036381;0;30;0;0.0;2.0;1.0;1.0;B01
54882;201500036381;0;7;0;0.0;2.0;3.0;23.0;C01
54883;201500036383;0;7;0;0.0;2.0;1.0;1.0;B01
54884;201500036383;0;7;0;0.0;2.0;1.0;1.0;A01
54885;201500036384;0;7;0;0.0;2.0;1.0;2.0;A01
54886;201500036384;0;7;0;0.0;1.0;4.0;2.0;B01
54887;201500036385;0;2;0;0.0;2.0;3.0;1.0;B01
54888;201500036385;0;7;0;0.0;9.0;7.0;20.0;A01
54889;201500036386;0;7;0;0.0;9.0;2.0;9.0;B01
54890;201500036386;0;1;0;0.0;2.0;1.0;5.0;A01
54891;201500036388;0;1;0;0.0;0.0;0.0;0.0;B01
54892;201500036388;0;7;0;1.0;0.0;3.0;24.0;A01
54893;201500036389;0;7;0;8.0;0.0;2.0;0.0;A01
54894;201500036390;0;33;0;0.0;2.0;1.0;2.0;A01
54895;201500036390;0;7;0;0.0;2.0;6.0;2.0;B01
54896;201500036391;0;7;0;0.0;2.0;3.0;0.0;B01
54897;201500036391;0;7;0;0.0;2.0;2.0;0.0;A01
54898;201500036392;0;7;0;8.0;0.0;1.0;1.0;A01
54899;201500036393;0;7;0;0.0;2.0;4.0;0.0;C01
54900;201500036393;0;7;0;0.0;2.0;4.0;2.0;D01
54901;201500036393;0;7;0;0.0;2.0;4.0;2.0;B01
54902;201500036393;0;7;0;0.0;2.0;1.0;2.0;A01
54903;201500036394;0;7;0;0.0;2.0;4.0;2.0;B01
54904;201500036394;0;7;0;0.0;2.0;1.0;2.0;A01
54905;201500036395;0;7;0;0.0;2.0;0.0;0.0;A01
54906;201500036395;0;1;0;0.0;0.0;0.0;0.0;B01
54907;201500036396;0;13;0;0.0;6.0;9.0;0.0;A01
54908;201500036397;0;7;0;0.0;1.0;1.0;14.0;A01
54909;201500036398;0;7;0;0.0;2.0;1.0;1.0;B01
54910;201500036398;0;7;0;0.0;2.0;2.0;15.0;A01
54911;201500036399;0;7;0;12.0;0.0;2.0;2.0;A01
54912;201500036400;0;30;0;0.0;2.0;4.0;2.0;B01
54913;201500036400;0;7;0;0.0;2.0;1.0;2.0;A01
54914;201500036401;0;7;0;0.0;1.0;3.0;1.0;A01
54915;201500036402;0;7;0;0.0;1.0;4.0;4.0;A01
54916;201500036403;0;1;0;0.0;0.0;1.0;1.0;B01
54917;201500036403;0;7;0;0.0;0.0;1.0;1.0;A01
54918;201500036404;0;7;0;1.0;2.0;3.0;1.0;A01
54919;201500036404;0;7;0;1.0;2.0;7.0;20.0;B01
54920;201500036405;0;33;0;0.0;0.0;0.0;0.0;A01
54921;201500036406;0;1;0;0.0;2.0;0.0;0.0;B01
54922;201500036406;0;7;0;0.0;2.0;2.0;16.0;A01
54923;201500036407;0;7;0;0.0;0.0;4.0;2.0;C01
54924;201500036407;0;7;0;0.0;0.0;2.0;2.0;A01
54925;201500036407;0;7;0;0.0;0.0;5.0;2.0;B01
54926;201500036408;0;10;0;0.0;2.0;1.0;0.0;B01
54927;201500036408;0;7;0;0.0;2.0;5.0;19.0;A01
54928;201500036409;0;7;0;0.0;2.0;4.0;2.0;B01
54929;201500036409;0;7;0;0.0;2.0;1.0;2.0;A01
54930;201500036410;0;7;0;0.0;9.0;1.0;9.0;A01
54931;201500036410;0;1;0;0.0;0.0;7.0;1.0;B01
54932;201500036411;0;7;0;0.0;2.0;3.0;1.0;B01
54933;201500036411;0;7;0;0.0;2.0;1.0;15.0;A01
54934;201500036412;0;31;0;0.0;2.0;1.0;1.0;B01
54935;201500036412;0;7;0;0.0;0.0;8.0;15.0;A01
54936;201500036413;0;7;0;0.0;2.0;1.0;1.0;A01
54937;201500036413;0;7;0;0.0;2.0;4.0;1.0;B01
54938;201500036413;1;7;0;0.0;2.0;4.0;1.0;C01
54939;201500036414;0;2;0;12.0;0.0;7.0;21.0;A01
54940;201500036415;0;7;0;0.0;2.0;2.0;1.0;A01
54941;201500036415;0;37;0;0.0;2.0;3.0;1.0;B01
54942;201500036416;0;7;0;0.0;1.0;7.0;13.0;A01
54943;201500036417;0;7;0;0.0;2.0;8.0;15.0;A01
54944;201500036417;0;7;0;0.0;2.0;2.0;2.0;B01
54945;201500036420;1;7;0;0.0;1.0;1.0;0.0;Z01
54946;201500036421;0;7;0;0.0;2.0;1.0;1.0;B01
54947;201500036421;0;7;0;0.0;2.0;1.0;1.0;A01
54948;201500036422;0;31;0;0.0;0.0;0.0;21.0;A01
54949;201500036423;0;7;0;0.0;0.0;2.0;1.0;A01
54950;201500036424;0;7;0;0.0;2.0;6.0;23.0;A01
54951;201500036424;0;15;0;0.0;2.0;2.0;13.0;B01
54952;201500036425;0;7;0;0.0;2.0;1.0;1.0;C01
54953;201500036425;0;7;0;0.0;2.0;2.0;9.0;A01
54954;201500036425;0;7;0;0.0;2.0;9.0;1.0;B01
54955;201500036426;0;1;0;0.0;2.0;1.0;1.0;A01
54956;201500036427;0;14;0;0.0;2.0;2.0;1.0;A01
54957;201500036427;0;7;0;0.0;2.0;8.0;1.0;B01
54958;201500036428;0;7;0;0.0;2.0;7.0;2.0;C01
54959;201500036428;0;7;0;0.0;2.0;3.0;22.0;A01
54960;201500036428;0;33;0;0.0;2.0;9.0;2.0;B01
54961;201500036429;0;7;0;0.0;1.0;3.0;1.0;A01
54962;201500036430;0;7;0;0.0;2.0;1.0;1.0;A01
54963;201500036430;0;7;0;0.0;2.0;4.0;2.0;B01
54964;201500036431;0;7;0;0.0;2.0;1.0;1.0;B01
54965;201500036431;0;7;0;0.0;2.0;8.0;9.0;A01
54966;201500036432;0;7;0;0.0;2.0;4.0;1.0;B01
54967;201500036432;0;7;0;0.0;2.0;1.0;1.0;A01
54968;201500036433;0;7;0;1.0;0.0;4.0;1.0;A01
54969;201500036434;0;10;0;0.0;2.0;4.0;9.0;B01
54970;201500036434;0;33;0;0.0;2.0;1.0;21.0;A01
54971;201500036435;0;7;0;0.0;2.0;3.0;9.0;A01
54972;201500036435;0;31;0;0.0;2.0;2.0;1.0;B01
54973;201500036436;0;7;0;0.0;1.0;1.0;1.0;A01
54974;201500036437;0;2;0;0.0;2.0;1.0;1.0;B01
54975;201500036437;0;7;0;0.0;2.0;2.0;9.0;A01
54976;201500036438;0;7;0;0.0;2.0;7.0;1.0;B01
54977;201500036438;0;7;0;0.0;2.0;1.0;9.0;A01
54978;201500036439;0;7;0;0.0;2.0;7.0;11.0;A01
54979;201500036439;0;33;0;0.0;2.0;8.0;2.0;B01
54980;201500036440;0;7;0;14.0;2.0;1.0;1.0;A01
54981;201500036440;0;7;0;0.0;2.0;4.0;23.0;B01
54982;201500036441;0;7;0;0.0;2.0;1.0;1.0;A01
54983;201500036441;0;7;0;0.0;2.0;4.0;1.0;B01
54984;201500036442;0;7;0;1.0;0.0;1.0;14.0;A01
54985;201500036443;0;7;0;8.0;0.0;1.0;1.0;A01
54986;201500036444;0;7;0;0.0;1.0;7.0;1.0;A01
54987;201500036445;0;30;0;0.0;0.0;8.0;1.0;A01
54988;201500036446;0;7;0;0.0;2.0;3.0;1.0;B01
54989;201500036446;0;7;0;0.0;2.0;3.0;3.0;A01
54990;201500036447;0;7;0;0.0;1.0;1.0;1.0;A01
54991;201500036448;0;7;0;1.0;0.0;1.0;0.0;A01
54992;201500036449;0;7;0;0.0;2.0;3.0;9.0;A01
54993;201500036449;0;7;0;0.0;2.0;5.0;1.0;B01
54994;201500036450;0;7;0;0.0;2.0;1.0;2.0;A01
54995;201500036450;0;7;0;0.0;2.0;4.0;2.0;B01
54996;201500036452;0;33;0;0.0;2.0;1.0;1.0;A01
54997;201500036452;0;15;0;0.0;2.0;6.0;1.0;B01
54998;201500036453;0;7;0;0.0;1.0;8.0;1.0;A01
54999;201500036454;0;7;0;0.0;1.0;7.0;1.0;A01
55000;201500036455;0;10;0;0.0;2.0;1.0;1.0;A01
55001;201500036455;0;7;0;0.0;2.0;4.0;2.0;B01
55002;201500036456;0;31;0;0.0;1.0;8.0;1.0;A01
55003;201500036458;0;7;0;0.0;2.0;1.0;1.0;A01
55004;201500036458;0;7;0;0.0;2.0;9.0;2.0;B01
55005;201500036458;0;7;0;0.0;2.0;4.0;2.0;C01
55006;201500036459;0;7;0;0.0;2.0;1.0;1.0;A01
55007;201500036459;0;7;0;0.0;2.0;9.0;2.0;B01
55008;201500036460;0;7;0;0.0;2.0;3.0;9.0;A01
55009;201500036460;0;30;0;0.0;2.0;1.0;1.0;B01
55010;201500036461;0;33;0;0.0;0.0;0.0;1.0;A01
55011;201500036462;0;2;0;0.0;2.0;7.0;1.0;A01
55012;201500036462;0;7;0;0.0;2.0;1.0;1.0;B01
55013;201500036463;0;10;0;0.0;1.0;1.0;1.0;A01
55014;201500036465;0;7;0;0.0;0.0;0.0;1.0;A01
55015;201500036466;0;7;0;6.0;0.0;1.0;1.0;A01
55016;201500036467;0;7;0;16.0;0.0;0.0;14.0;A01
55017;201500036468;0;7;0;0.0;2.0;2.0;9.0;B01
55018;201500036468;0;32;0;0.0;2.0;1.0;9.0;A01
55019;201500036469;0;7;0;0.0;2.0;7.0;17.0;A01
55020;201500036469;0;7;0;0.0;2.0;8.0;1.0;B01
55021;201500036470;0;33;0;0.0;2.0;1.0;1.0;A01
55022;201500036470;0;7;0;0.0;2.0;4.0;2.0;B01
55023;201500036471;0;30;0;0.0;1.0;1.0;1.0;A01
55024;201500036472;0;7;0;0.0;2.0;3.0;1.0;B01
55025;201500036472;0;7;0;0.0;2.0;1.0;0.0;A01
55026;201500036473;0;7;0;0.0;1.0;4.0;4.0;A01
55027;201500036474;0;7;0;0.0;1.0;7.0;1.0;A01
55028;201500036475;0;7;0;0.0;1.0;1.0;1.0;A01
55029;201500036476;0;7;0;0.0;2.0;0.0;0.0;A01
55030;201500036476;0;10;0;0.0;2.0;0.0;0.0;B01
55031;201500036477;0;7;0;0.0;2.0;4.0;12.0;A01
55032;201500036477;0;33;0;0.0;2.0;1.0;1.0;B01
55033;201500036478;0;7;0;8.0;2.0;3.0;1.0;B01
55034;201500036478;0;7;0;0.0;2.0;3.0;1.0;C01
55035;201500036478;0;7;0;0.0;2.0;3.0;13.0;A01
55036;201500036479;0;7;0;0.0;2.0;1.0;1.0;A01
55037;201500036479;0;33;0;0.0;2.0;4.0;1.0;B01
55038;201500036479;0;7;0;0.0;2.0;4.0;1.0;C01
55039;201500036480;0;7;0;0.0;2.0;8.0;15.0;A01
55040;201500036480;0;7;0;0.0;2.0;2.0;1.0;B01
55041;201500036481;0;32;0;0.0;0.0;0.0;0.0;A01
55042;201500036482;0;1;0;0.0;2.0;7.0;1.0;Y01
55043;201500036482;0;7;0;0.0;2.0;8.0;9.0;A01
55044;201500036483;0;32;0;0.0;2.0;3.0;19.0;B01
55045;201500036483;0;33;0;0.0;2.0;1.0;1.0;A01
55046;201500036484;0;7;0;9.0;0.0;1.0;0.0;A01
55047;201500036485;0;1;0;0.0;2.0;1.0;19.0;A01
55048;201500036485;0;7;0;0.0;2.0;1.0;1.0;B01
55049;201500036486;0;33;0;0.0;2.0;8.0;17.0;A01
55050;201500036487;0;1;0;0.0;2.0;9.0;19.0;B01
55051;201500036487;0;7;0;0.0;2.0;2.0;1.0;A01
55052;201500036488;0;7;0;0.0;2.0;1.0;1.0;A01
55053;201500036488;0;7;0;0.0;2.0;4.0;2.0;C01
55054;201500036488;0;7;0;0.0;2.0;9.0;2.0;B01
55055;201500036489;0;2;0;0.0;0.0;0.0;0.0;A01
55056;201500036490;0;30;0;0.0;0.0;0.0;0.0;A01
55057;201500036491;0;7;0;7.0;0.0;1.0;1.0;A01
55058;201500036492;0;7;0;0.0;2.0;4.0;1.0;B01
55059;201500036492;0;13;0;0.0;2.0;3.0;1.0;A01
55060;201500036493;0;7;0;0.0;2.0;1.0;1.0;B01
55061;201500036493;0;1;0;0.0;2.0;9.0;19.0;A01
55062;201500036494;0;7;0;0.0;2.0;3.0;1.0;B01
55063;201500036494;0;7;0;0.0;2.0;3.0;13.0;A01
55064;201500036495;0;7;0;0.0;2.0;8.0;1.0;C01
55065;201500036495;2;7;0;0.0;2.0;7.0;17.0;A01
55066;201500036495;0;7;0;0.0;2.0;7.0;17.0;B01
55067;201500036496;0;32;0;12.0;0.0;9.0;1.0;A01
55068;201500036497;0;7;0;6.0;0.0;1.0;0.0;A01
55069;201500036498;0;7;0;0.0;2.0;3.0;1.0;B01
55070;201500036498;0;1;0;0.0;2.0;1.0;1.0;A01
55071;201500036499;1;7;0;0.0;2.0;1.0;0.0;Z01
55072;201500036499;0;1;0;0.0;2.0;1.0;1.0;A01
55073;201500036500;0;1;0;16.0;0.0;1.0;1.0;A01
55074;201500036501;0;7;0;0.0;2.0;1.0;1.0;A01
55075;201500036501;0;7;0;0.0;2.0;7.0;1.0;B01
55076;201500036503;0;32;0;0.0;2.0;1.0;1.0;A01
55077;201500036503;0;7;0;0.0;2.0;4.0;2.0;B01
55078;201500036504;0;7;0;0.0;2.0;1.0;1.0;A01
55079;201500036504;0;7;0;0.0;2.0;9.0;2.0;B01
55080;201500036505;1;7;0;0.0;2.0;1.0;2.0;Z01
55081;201500036505;0;7;0;0.0;2.0;4.0;1.0;B01
55082;201500036506;0;7;0;0.0;2.0;1.0;1.0;A01
55083;201500036506;0;7;0;0.0;2.0;4.0;2.0;B01
55084;201500036507;0;7;0;0.0;2.0;4.0;1.0;C01
55085;201500036507;0;7;0;0.0;2.0;4.0;1.0;B01
55086;201500036507;0;7;0;0.0;2.0;1.0;12.0;A01
55087;201500036508;0;33;0;0.0;2.0;8.0;13.0;A01
55088;201500036509;0;7;0;0.0;0.0;9.0;0.0;A01
55089;201500036510;0;7;0;0.0;2.0;1.0;1.0;A01
55090;201500036510;0;7;0;0.0;2.0;1.0;1.0;B01
55091;201500036511;0;7;0;0.0;2.0;4.0;2.0;B01
55092;201500036511;0;7;0;0.0;2.0;1.0;1.0;A01
55093;201500036512;0;13;0;0.0;2.0;1.0;1.0;A01
55094;201500036512;0;7;0;0.0;2.0;4.0;1.0;B01
55095;201500036513;0;7;0;0.0;2.0;3.0;16.0;A01
55096;201500036513;0;7;0;0.0;2.0;3.0;1.0;B01
55097;201500036514;0;33;0;0.0;2.0;8.0;1.0;B01
55098;201500036514;0;7;0;0.0;2.0;3.0;15.0;A01
55099;201500036515;0;34;0;0.0;2.0;2.0;1.0;B01
55100;201500036515;0;7;0;0.0;2.0;2.0;1.0;A01
55101;201500036517;0;7;0;0.0;1.0;4.0;4.0;A01
55102;201500036518;0;7;0;4.0;0.0;1.0;1.0;A01
55103;201500036519;0;7;0;8.0;0.0;0.0;1.0;A01
55104;201500036520;0;7;0;3.0;0.0;1.0;1.0;A01
55105;201500036522;0;33;0;0.0;2.0;1.0;1.0;A01
55106;201500036522;0;33;0;0.0;2.0;4.0;1.0;B01
55107;201500036523;0;30;0;0.0;2.0;0.0;17.0;A01
55108;201500036523;0;7;0;0.0;2.0;3.0;15.0;B01
55109;201500036524;0;7;0;0.0;2.0;1.0;1.0;A01
55110;201500036524;0;7;0;0.0;2.0;4.0;1.0;B01
55111;201500036525;2;1;0;0.0;1.0;1.0;5.0;A01
55112;201500036526;1;7;0;0.0;2.0;1.0;1.0;A01
55113;201500036526;0;7;0;0.0;2.0;4.0;2.0;B01
55114;201500036527;0;7;0;0.0;1.0;3.0;9.0;A01
55115;201500036529;0;15;0;0.0;2.0;4.0;1.0;B01
55116;201500036529;0;7;0;0.0;2.0;8.0;9.0;A01
55117;201500036530;0;7;0;0.0;2.0;6.0;1.0;B01
55118;201500036530;0;2;0;0.0;2.0;1.0;1.0;A01
55119;201500036531;0;7;0;0.0;2.0;2.0;13.0;A01
55120;201500036531;0;7;0;0.0;2.0;3.0;1.0;B01
55121;201500036532;0;7;0;0.0;2.0;1.0;1.0;B01
55122;201500036532;0;7;0;0.0;2.0;1.0;5.0;A01
55123;201500036533;1;14;0;0.0;1.0;2.0;1.0;A01
55124;201500036534;0;7;0;0.0;2.0;3.0;9.0;A01
55125;201500036534;0;33;0;0.0;2.0;1.0;1.0;B01
55126;201500036535;0;7;0;4.0;0.0;9.0;1.0;A01
55127;201500036536;0;10;0;0.0;2.0;3.0;11.0;A01
55128;201500036536;0;34;0;0.0;2.0;0.0;1.0;B01
55129;201500036537;0;7;0;4.0;0.0;1.0;1.0;A01
55130;201500036538;0;7;0;0.0;1.0;1.0;1.0;A01
55131;201500036539;0;7;0;0.0;2.0;3.0;1.0;B01
55132;201500036539;0;7;0;0.0;2.0;3.0;1.0;A01
55133;201500036540;0;30;0;14.0;2.0;7.0;1.0;A01
55134;201500036540;0;7;0;0.0;2.0;8.0;1.0;B01
55135;201500036541;0;7;0;0.0;1.0;1.0;1.0;A01
55136;201500036541;0;7;0;0.0;2.0;4.0;2.0;B01
55137;201500036542;0;7;0;0.0;2.0;4.0;2.0;B01
55138;201500036542;0;7;0;0.0;2.0;1.0;1.0;A01
55139;201500036543;0;1;0;0.0;0.0;0.0;0.0;A01
55140;201500036544;0;14;0;0.0;2.0;1.0;1.0;A01
55141;201500036544;0;7;0;8.0;2.0;4.0;2.0;B01
55142;201500036545;0;7;0;0.0;1.0;1.0;1.0;A01
55143;201500036546;0;7;0;0.0;2.0;8.0;13.0;B01
55144;201500036546;0;2;0;0.0;2.0;2.0;3.0;A01
55145;201500036547;0;10;0;0.0;2.0;6.0;2.0;B01
55146;201500036547;0;33;0;0.0;2.0;1.0;1.0;A01
55147;201500036548;0;7;0;0.0;2.0;2.0;1.0;B01
55148;201500036548;0;7;0;0.0;2.0;8.0;9.0;A01
55149;201500036549;0;7;0;0.0;2.0;7.0;1.0;B01
55150;201500036549;0;33;0;0.0;2.0;8.0;3.0;A01
55151;201500036550;0;10;0;0.0;2.0;8.0;1.0;B01
55152;201500036550;0;7;0;0.0;2.0;1.0;1.0;A01
55153;201500036551;0;7;0;0.0;2.0;1.0;1.0;A01
55154;201500036551;0;7;0;0.0;2.0;4.0;2.0;B01
55155;201500036552;0;7;0;0.0;2.0;8.0;22.0;B01
55156;201500036552;0;33;0;0.0;2.0;1.0;3.0;A01
55157;201500036552;0;7;0;0.0;2.0;7.0;1.0;C01
55158;201500036553;0;31;0;0.0;0.0;0.0;0.0;A01
55159;201500036554;0;7;0;0.0;2.0;4.0;2.0;B01
55160;201500036554;0;7;0;0.0;2.0;1.0;1.0;A01
55161;201500036555;0;37;1;0.0;2.0;3.0;1.0;B01
55162;201500036555;0;7;0;0.0;2.0;8.0;15.0;A01
55163;201500036556;0;10;0;0.0;1.0;4.0;4.0;A01
55164;201500036557;0;7;0;0.0;2.0;4.0;2.0;B01
55165;201500036557;0;7;0;0.0;2.0;1.0;1.0;A01
55166;201500036558;0;7;0;0.0;2.0;5.0;15.0;A01
55167;201500036558;0;2;0;0.0;2.0;1.0;1.0;B01
55168;201500036559;0;7;0;0.0;9.0;1.0;13.0;A01
55169;201500036560;0;14;0;0.0;2.0;2.0;1.0;B01
55170;201500036560;0;7;0;0.0;2.0;1.0;1.0;A01
55171;201500036561;0;7;0;0.0;2.0;2.0;1.0;B01
55172;201500036561;0;1;0;0.0;2.0;8.0;1.0;A01
55173;201500036562;0;31;0;0.0;0.0;0.0;1.0;A01
55174;201500036563;0;38;8;0.0;2.0;8.0;9.0;A01
55175;201500036563;0;7;0;0.0;2.0;7.0;17.0;B01
55176;201500036564;0;7;0;15.0;0.0;9.0;13.0;A01
55177;201500036565;0;7;0;4.0;0.0;1.0;13.0;A01
55178;201500036566;0;33;0;0.0;2.0;8.0;0.0;B01
55179;201500036566;1;13;0;0.0;2.0;0.0;0.0;A01
55180;201500036567;0;1;0;0.0;0.0;0.0;0.0;A01
55181;201500036568;0;7;0;0.0;1.0;1.0;1.0;A01
55182;201500036569;0;7;0;3.0;0.0;1.0;1.0;A01
55183;201500036571;0;7;0;0.0;1.0;1.0;1.0;A01
55184;201500036572;0;7;0;0.0;2.0;4.0;2.0;D01
55185;201500036572;0;10;0;0.0;2.0;4.0;2.0;C01
55186;201500036572;0;14;0;0.0;2.0;1.0;1.0;A01
55187;201500036572;0;7;0;0.0;2.0;4.0;2.0;B01
55188;201500036573;0;2;0;0.0;2.0;9.0;16.0;B01
55189;201500036573;0;7;0;0.0;2.0;1.0;15.0;A01
55190;201500036574;0;7;0;13.0;0.0;1.0;1.0;A01
55191;201500036575;0;7;0;0.0;2.0;3.0;15.0;A01
55192;201500036575;0;2;0;0.0;2.0;8.0;1.0;B01
55193;201500036576;0;7;0;0.0;2.0;1.0;1.0;A01
55194;201500036576;0;7;0;0.0;2.0;1.0;1.0;B01
55195;201500036578;0;33;0;1.0;2.0;1.0;1.0;A01
55196;201500036578;0;7;0;0.0;2.0;5.0;2.0;B01
55197;201500036579;0;7;0;0.0;2.0;2.0;1.0;A01
55198;201500036579;0;7;0;0.0;2.0;3.0;15.0;B01
55199;201500036580;0;7;0;0.0;2.0;3.0;15.0;B01
55200;201500036580;0;33;0;0.0;2.0;1.0;17.0;A01
55201;201500036581;0;7;0;0.0;2.0;2.0;15.0;B01
55202;201500036581;0;32;0;0.0;2.0;1.0;1.0;A01
55203;201500036582;0;7;0;0.0;2.0;3.0;2.0;B01
55204;201500036582;0;33;0;0.0;2.0;2.0;3.0;A01
55205;201500036583;0;33;0;0.0;2.0;1.0;3.0;A01
55206;201500036583;0;7;0;0.0;2.0;7.0;1.0;C01
55207;201500036583;0;7;0;0.0;2.0;8.0;1.0;B01
55208;201500036584;0;7;0;0.0;1.0;2.0;1.0;A01
55209;201500036586;0;33;0;0.0;2.0;4.0;12.0;A01
55210;201500036586;0;15;0;0.0;2.0;4.0;23.0;B01
55211;201500036587;0;33;0;0.0;2.0;3.0;2.0;B01
55212;201500036587;0;33;0;0.0;2.0;5.0;1.0;A01
55213;201500036588;0;7;0;0.0;2.0;8.0;9.0;A01
55214;201500036588;0;14;0;0.0;2.0;1.0;2.0;B01
55215;201500036589;0;34;0;0.0;1.0;1.0;1.0;A01
55216;201500036590;0;33;0;0.0;2.0;2.0;1.0;C01
55217;201500036590;0;7;0;0.0;2.0;7.0;1.0;B01
55218;201500036590;0;7;0;0.0;2.0;1.0;1.0;A01
55219;201500036591;0;37;37;0.0;2.0;1.0;1.0;A01
55220;201500036591;0;10;0;0.0;2.0;4.0;1.0;B01
55221;201500036592;0;7;0;0.0;1.0;1.0;1.0;A01
55222;201500036593;0;7;0;4.0;2.0;3.0;1.0;A01
55223;201500036593;0;7;0;0.0;2.0;1.0;0.0;B01
55224;201500036594;0;7;0;0.0;2.0;1.0;1.0;A01
55225;201500036594;0;7;0;0.0;2.0;4.0;1.0;B01
55226;201500036596;0;7;0;0.0;2.0;7.0;1.0;B01
55227;201500036596;0;7;0;0.0;2.0;1.0;9.0;A01
55228;201500036597;0;7;0;0.0;2.0;2.0;1.0;B01
55229;201500036597;0;7;0;0.0;2.0;2.0;13.0;A01
55230;201500036598;0;7;0;0.0;1.0;1.0;15.0;A01
55231;201500036600;0;7;0;0.0;2.0;1.0;1.0;B01
55232;201500036600;0;7;0;0.0;2.0;5.0;10.0;A01
55233;201500036601;0;7;0;0.0;2.0;4.0;1.0;A01
55234;201500036601;0;1;0;0.0;2.0;1.0;9.0;B01
55235;201500036602;0;7;0;0.0;2.0;4.0;1.0;B01
55236;201500036602;0;10;0;0.0;2.0;1.0;1.0;A01
55237;201500036603;0;33;0;0.0;1.0;6.0;1.0;A01
55238;201500036604;0;7;0;0.0;2.0;4.0;23.0;B01
55239;201500036604;0;7;0;0.0;2.0;1.0;1.0;A01
55240;201500036605;0;30;0;0.0;2.0;1.0;1.0;B01
55241;201500036605;1;10;0;0.0;2.0;4.0;4.0;Z01
55242;201500036606;0;2;0;0.0;1.0;1.0;1.0;A01
55243;201500036607;0;7;0;0.0;1.0;1.0;1.0;A01
55244;201500036608;0;7;0;0.0;1.0;1.0;1.0;A01
55245;201500036610;0;31;0;0.0;2.0;8.0;3.0;A01
55246;201500036610;0;7;0;0.0;2.0;2.0;12.0;B01
55247;201500036611;0;7;0;0.0;2.0;1.0;1.0;A01
55248;201500036611;0;7;0;0.0;2.0;2.0;1.0;B01
55249;201500036612;0;7;0;0.0;2.0;2.0;21.0;B01
55250;201500036612;0;31;0;0.0;2.0;7.0;21.0;A01
55251;201500036613;0;7;0;0.0;1.0;4.0;4.0;A01
55252;201500036614;0;7;0;0.0;1.0;3.0;17.0;A01
55253;201500036615;0;7;0;0.0;2.0;3.0;13.0;A01
55254;201500036615;0;7;0;0.0;2.0;1.0;2.0;C01
55255;201500036615;0;7;0;0.0;2.0;3.0;1.0;B01
55256;201500036616;0;1;0;0.0;2.0;1.0;0.0;A01
55257;201500036616;0;7;0;0.0;2.0;4.0;2.0;B01
55258;201500036617;0;7;0;0.0;2.0;1.0;1.0;A01
55259;201500036617;0;7;0;0.0;2.0;4.0;1.0;B01
55260;201500036618;0;7;0;0.0;2.0;4.0;2.0;B01
55261;201500036618;0;7;0;0.0;2.0;1.0;1.0;A01
55262;201500036619;0;33;0;1.0;0.0;1.0;14.0;A01
55263;201500036620;0;7;0;0.0;2.0;4.0;2.0;C01
55264;201500036620;0;7;0;0.0;2.0;4.0;2.0;B01
55265;201500036620;0;10;0;0.0;2.0;1.0;1.0;A01
55266;201500036620;0;7;0;0.0;2.0;4.0;2.0;D01
55267;201500036621;0;31;0;0.0;2.0;2.0;17.0;B01
55268;201500036621;0;7;0;0.0;2.0;2.0;15.0;A01
55269;201500036622;0;7;0;0.0;2.0;4.0;1.0;B01
55270;201500036622;0;7;0;0.0;2.0;1.0;1.0;A01
55271;201500036622;0;7;0;0.0;2.0;4.0;1.0;C01
55272;201500036623;0;7;0;0.0;2.0;4.0;23.0;C01
55273;201500036623;0;7;0;0.0;2.0;4.0;23.0;B01
55274;201500036623;0;7;0;0.0;2.0;1.0;1.0;A01
55275;201500036624;0;7;0;0.0;2.0;1.0;1.0;B01
55276;201500036624;0;7;0;0.0;2.0;1.0;13.0;A01
55277;201500036625;0;7;0;0.0;2.0;1.0;1.0;A01
55278;201500036625;0;7;0;0.0;2.0;4.0;23.0;B01
55279;201500036626;0;33;0;0.0;2.0;1.0;1.0;B01
55280;201500036626;0;7;0;0.0;2.0;1.0;13.0;A01
55281;201500036627;0;7;0;0.0;1.0;3.0;16.0;A01
55282;201500036628;0;7;0;0.0;2.0;3.0;1.0;B01
55283;201500036628;0;7;0;0.0;2.0;2.0;16.0;A01
55284;201500036629;0;14;0;0.0;2.0;1.0;1.0;A01
55285;201500036629;0;7;0;0.0;2.0;4.0;23.0;B01
55286;201500036631;0;7;0;0.0;2.0;4.0;1.0;B01
55287;201500036631;0;7;0;0.0;2.0;4.0;1.0;C01
55288;201500036631;0;10;0;0.0;2.0;1.0;1.0;A01
55289;201500036633;0;7;0;0.0;2.0;0.0;0.0;A01
55290;201500036633;0;7;0;0.0;0.0;0.0;0.0;B01
55291;201500036634;0;38;2;0.0;2.0;1.0;1.0;A01