;Num_Acc;senc;catv;occutc;obs;obsm;choc;manv;num_veh
55292;201500036634;0;7;0;0.0;2.0;4.0;2.0;B01
55293;201500036635;0;37;2;0.0;2.0;1.0;0.0;B01
55294;201500036635;0;7;0;0.0;2.0;1.0;1.0;A01
55295;201500036636;0;7;0;3.0;2.0;3.0;1.0;B01
55296;201500036636;0;7;0;0.0;2.0;3.0;13.0;A01
55297;201500036637;0;7;0;0.0;2.0;4.0;1.0;A01
55298;201500036637;0;7;0;0.0;2.0;1.0;2.0;C01
55299;201500036637;0;7;0;0.0;2.0;4.0;2.0;B01
55300;201500036638;0;7;0;0.0;1.0;1.0;0.0;A01
55301;201500036639;0;3;0;0.0;2.0;4.0;2.0;C01
55302;201500036639;0;7;0;0.0;2.0;4.0;2.0;B01
55303;201500036639;0;7;0;0.0;2.0;1.0;1.0;A01
55304;201500036640;0;37;1;0.0;2.0;4.0;2.0;B01
55305;201500036640;0;31;0;0.0;2.0;1.0;1.0;A01
55306;201500036642;0;7;0;0.0;2.0;1.0;1.0;A01
55307;201500036642;0;7;0;0.0;2.0;4.0;2.0;B01
55308;201500036642;0;7;0;0.0;2.0;4.0;2.0;C01
55309;201500036643;0;7;0;0.0;2.0;8.0;1.0;B01
55310;201500036643;0;1;0;0.0;2.0;1.0;1.0;A01
55311;201500036644;0;10;0;0.0;1.0;8.0;1.0;A01
55312;201500036645;0;7;0;0.0;2.0;4.0;1.0;A01
55313;201500036645;0;7;0;0.0;2.0;1.0;2.0;B01
55314;201500036647;0;30;0;0.0;2.0;4.0;15.0;A01
55315;201500036647;1;7;0;0.0;2.0;1.0;2.0;Z01
55316;201500036648;0;7;0;0.0;2.0;4.0;2.0;B01
55317;201500036648;0;7;0;0.0;2.0;1.0;1.0;A01
55318;201500036649;2;30;0;1.0;0.0;1.0;1.0;A01
55319;201500036650;0;7;0;0.0;1.0;1.0;1.0;A01
55320;201500036651;0;7;0;0.0;1.0;3.0;15.0;A01
55321;201500036652;0;7;0;0.0;1.0;3.0;1.0;A01
55322;201500036653;0;30;0;0.0;2.0;1.0;1.0;B01
55323;201500036653;0;7;0;0.0;2.0;1.0;1.0;A01
55324;201500036654;0;7;0;0.0;1.0;5.0;4.0;A01
55325;201500036655;0;10;0;0.0;2.0;8.0;13.0;B01
55326;201500036655;0;33;0;0.0;2.0;1.0;17.0;A01
55327;201500036656;0;30;0;0.0;1.0;1.0;1.0;A01
55328;201500036657;0;7;0;0.0;2.0;2.0;1.0;B01
55329;201500036657;0;7;0;0.0;2.0;1.0;1.0;A01
55330;201500036658;0;7;0;0.0;1.0;1.0;1.0;A01
55331;201500036659;0;7;0;0.0;2.0;2.0;1.0;B01
55332;201500036659;0;7;0;0.0;2.0;3.0;19.0;A01
55333;201500036660;0;7;0;0.0;1.0;1.0;1.0;A01
55334;201500036661;1;10;0;0.0;1.0;1.0;17.0;Z01
55335;201500036662;0;37;1;9.0;1.0;1.0;1.0;A01
55336;201500036663;0;1;0;0.0;2.0;7.0;0.0;B01
55337;201500036663;0;7;0;0.0;2.0;1.0;1.0;A01
55338;201500036665;0;2;0;0.0;2.0;1.0;5.0;A01
55339;201500036665;0;7;0;0.0;2.0;3.0;0.0;B01
55340;201500036666;0;32;0;0.0;2.0;7.0;1.0;B01
55341;201500036666;0;7;0;0.0;2.0;1.0;1.0;A01
55342;201500036667;0;7;0;0.0;1.0;1.0;1.0;A01
55343;201500036668;0;7;0;0.0;2.0;2.0;1.0;A01
55344;201500036668;0;7;0;0.0;2.0;3.0;1.0;B01
55345;201500036669;0;7;0;0.0;2.0;1.0;1.0;A01
55346;201500036669;0;7;0;0.0;2.0;4.0;2.0;B01
55347;201500036670;0;7;0;0.0;1.0;1.0;1.0;A01
55348;201500036671;0;7;0;0.0;1.0;8.0;1.0;A01
55349;201500036672;1;7;0;0.0;1.0;1.0;1.0;Z01
55350;201500036673;0;7;0;0.0;2.0;4.0;2.0;B01
55351;201500036673;0;7;0;0.0;2.0;1.0;1.0;A01
55352;201500036675;0;10;0;14.0;1.0;1.0;15.0;A01
55353;201500036676;0;7;0;0.0;2.0;3.0;1.0;B01
55354;201500036676;0;7;0;0.0;2.0;3.0;15.0;A01
55355;201500036677;0;7;0;1.0;0.0;2.0;14.0;A01
55356;201500036678;0;7;0;4.0;0.0;0.0;0.0;A01
55357;201500036679;0;7;0;0.0;2.0;0.0;0.0;A01
55358;201500036679;0;33;0;0.0;2.0;0.0;0.0;B01
55359;201500036680;0;13;0;0.0;1.0;3.0;1.0;A01
55360;201500036681;0;7;0;0.0;1.0;1.0;1.0;A01
55361;201500036682;0;7;0;8.0;0.0;1.0;13.0;A01
55362;201500036683;0;7;0;0.0;2.0;0.0;0.0;B01
55363;201500036683;0;7;0;0.0;2.0;0.0;0.0;A01
55364;201500036684;0;7;0;0.0;2.0;4.0;2.0;B01
55365;201500036684;0;7;0;0.0;2.0;1.0;1.0;A01
55366;201500036684;0;7;0;0.0;2.0;4.0;2.0;C01
55367;201500036685;0;7;0;0.0;2.0;8.0;0.0;B01
55368;201500036685;0;31;0;0.0;2.0;1.0;0.0;A01
55369;201500036686;0;33;0;0.0;2.0;1.0;1.0;A01
55370;201500036686;0;7;0;0.0;2.0;2.0;1.0;B01
55371;201500036687;0;30;0;0.0;2.0;1.0;1.0;B01
55372;201500036687;0;7;0;0.0;2.0;5.0;15.0;A01
55373;201500036688;0;7;0;0.0;2.0;1.0;1.0;A01
55374;201500036688;0;7;0;0.0;2.0;4.0;1.0;B01
55375;201500036689;1;7;0;0.0;1.0;1.0;8.0;Z01
55376;201500036690;0;7;0;0.0;2.0;0.0;1.0;B01
55377;201500036690;0;7;0;0.0;2.0;3.0;0.0;A01
55378;201500036691;0;7;0;0.0;2.0;1.0;5.0;A01
55379;201500036691;0;7;0;0.0;2.0;1.0;5.0;B01
55380;201500036692;0;7;0;8.0;2.0;1.0;1.0;A01
55381;201500036692;0;10;0;0.0;2.0;1.0;0.0;B01
55382;201500036693;0;3;0;8.0;0.0;1.0;13.0;A01
55383;201500036694;0;7;0;0.0;2.0;1.0;1.0;A01
55384;201500036694;0;2;0;0.0;2.0;6.0;16.0;B01
55385;201500036695;0;7;0;0.0;2.0;3.0;13.0;B01
55386;201500036695;0;1;0;0.0;2.0;5.0;1.0;A01
55387;201500036696;0;7;0;0.0;2.0;8.0;1.0;B01
55388;201500036696;0;7;0;0.0;2.0;1.0;15.0;A01
55389;201500036697;0;7;0;0.0;2.0;4.0;2.0;B01
55390;201500036697;0;13;0;0.0;2.0;4.0;2.0;C01
55391;201500036697;0;7;0;0.0;2.0;2.0;0.0;A01
55392;201500036698;0;31;0;0.0;2.0;0.0;0.0;B01
55393;201500036698;0;7;0;0.0;2.0;0.0;0.0;A01
55394;201500036699;0;10;0;0.0;2.0;4.0;2.0;B01
55395;201500036699;0;10;0;0.0;2.0;2.0;21.0;A01
55396;201500036701;2;7;0;0.0;1.0;3.0;1.0;A01
55397;201500036702;0;7;0;0.0;2.0;2.0;1.0;A01
55398;201500036702;0;30;0;0.0;2.0;3.0;1.0;B01
55399;201500036703;0;7;0;0.0;2.0;3.0;15.0;B01
55400;201500036703;0;34;0;0.0;2.0;2.0;17.0;A01
55401;201500036704;0;7;0;0.0;2.0;3.0;15.0;A01
55402;201500036704;0;7;0;0.0;2.0;3.0;1.0;B01
55403;201500036705;0;2;0;0.0;2.0;1.0;1.0;B01
55404;201500036705;0;10;0;0.0;2.0;4.0;1.0;A01
55405;201500036706;0;30;0;0.0;2.0;1.0;13.0;A01
55406;201500036706;2;7;0;0.0;2.0;1.0;13.0;B01
55407;201500036707;0;7;0;0.0;2.0;7.0;1.0;A01
55408;201500036707;1;2;0;0.0;2.0;0.0;0.0;B01
55409;201500036708;0;7;0;0.0;0.0;0.0;0.0;B01
55410;201500036708;0;7;0;0.0;2.0;2.0;19.0;A01
55411;201500036710;0;2;0;6.0;0.0;2.0;14.0;A01
55412;201500036711;0;7;0;0.0;1.0;1.0;15.0;A01
55413;201500036712;0;7;0;0.0;2.0;1.0;1.0;B01
55414;201500036712;0;7;0;0.0;2.0;1.0;13.0;A01
55415;201500036713;0;7;0;0.0;2.0;2.0;19.0;A01
55416;201500036713;0;33;0;0.0;2.0;1.0;19.0;B01
55417;201500036714;0;30;0;0.0;2.0;8.0;1.0;B01
55418;201500036714;0;2;0;0.0;2.0;1.0;1.0;A01
55419;201500036716;0;7;0;0.0;2.0;3.0;15.0;A01
55420;201500036716;0;32;0;0.0;2.0;3.0;1.0;B01
55421;201500036717;0;7;0;0.0;1.0;2.0;19.0;A01
55422;201500036718;0;7;0;0.0;1.0;2.0;20.0;A01
55423;201500036719;0;7;0;0.0;2.0;8.0;13.0;A01
55424;201500036719;0;31;0;0.0;2.0;2.0;1.0;B01
55425;201500036720;0;7;0;0.0;2.0;1.0;1.0;A01
55426;201500036720;0;10;0;0.0;2.0;6.0;2.0;B01
55427;201500036721;0;7;0;0.0;1.0;2.0;1.0;A01
55428;201500036722;0;7;0;0.0;2.0;7.0;15.0;A01
55429;201500036722;0;7;0;0.0;2.0;2.0;1.0;B01
55430;201500036723;0;7;0;8.0;0.0;1.0;15.0;A01
55431;201500036724;0;7;0;4.0;0.0;1.0;15.0;A01
55432;201500036725;0;7;0;0.0;2.0;1.0;2.0;B01
55433;201500036725;0;7;0;0.0;2.0;6.0;1.0;A01
55434;201500036725;1;7;0;0.0;2.0;1.0;2.0;Z01
55435;201500036726;0;7;0;1.0;0.0;1.0;13.0;A01
55436;201500036726;0;10;0;0.0;2.0;1.0;24.0;B01
55437;201500036727;0;7;0;12.0;2.0;2.0;15.0;A01
55438;201500036727;0;33;0;0.0;2.0;1.0;1.0;B01
55439;201500036729;0;7;0;0.0;2.0;3.0;1.0;A01
55440;201500036729;0;99;0;0.0;2.0;1.0;1.0;B01
55441;201500036730;0;7;0;1.0;0.0;9.0;1.0;A01
55442;201500036731;1;7;0;0.0;2.0;1.0;1.0;Z01
55443;201500036731;0;7;0;0.0;2.0;4.0;23.0;B01
55444;201500036732;0;7;0;0.0;2.0;4.0;2.0;B01
55445;201500036732;0;7;0;0.0;2.0;4.0;1.0;A01
55446;201500036732;0;7;0;0.0;2.0;1.0;2.0;C01
55447;201500036733;0;7;0;0.0;2.0;1.0;1.0;A01
55448;201500036733;0;7;0;0.0;2.0;3.0;15.0;B01
55449;201500036734;0;7;0;0.0;2.0;2.0;9.0;B01
55450;201500036734;0;2;0;0.0;2.0;8.0;5.0;A01
55451;201500036735;0;7;0;9.0;0.0;1.0;1.0;A01
55452;201500036736;0;7;0;0.0;2.0;2.0;1.0;A01
55453;201500036736;0;1;0;0.0;2.0;1.0;1.0;B01
55454;201500036737;0;7;0;0.0;0.0;0.0;0.0;A01
55455;201500036738;0;2;0;0.0;2.0;1.0;1.0;B01
55456;201500036738;0;7;0;0.0;2.0;3.0;19.0;A01
55457;201500036739;0;33;0;0.0;2.0;7.0;1.0;A01
55458;201500036739;0;7;0;0.0;2.0;1.0;1.0;B01
55459;201500036741;0;33;0;0.0;2.0;8.0;1.0;B01
55460;201500036741;0;7;0;0.0;2.0;3.0;10.0;A01
55461;201500036742;0;33;0;0.0;0.0;7.0;0.0;A01
55462;201500036743;0;7;0;0.0;1.0;2.0;15.0;A01
55463;201500036744;0;33;0;0.0;0.0;8.0;1.0;A01
55464;201500036745;0;7;0;0.0;2.0;4.0;2.0;B01
55465;201500036745;0;7;0;0.0;2.0;1.0;1.0;A01
55466;201500036745;0;7;0;0.0;2.0;4.0;1.0;C01
55467;201500036746;0;7;0;0.0;2.0;8.0;15.0;B01
55468;201500036746;0;2;0;0.0;2.0;1.0;17.0;A01
55469;201500036747;0;7;0;0.0;2.0;2.0;15.0;A01
55470;201500036747;0;32;0;0.0;2.0;1.0;1.0;B01
55471;201500036749;0;7;0;0.0;2.0;4.0;15.0;A01
55472;201500036749;0;7;0;0.0;2.0;1.0;1.0;B01
55473;201500036750;0;7;0;1.0;0.0;2.0;14.0;A01
55474;201500036751;1;7;0;0.0;1.0;1.0;0.0;Z01
55475;201500036752;0;7;0;0.0;2.0;7.0;15.0;A01
55476;201500036752;0;30;0;0.0;2.0;1.0;2.0;B01
55477;201500036753;0;7;0;0.0;2.0;5.0;1.0;A01
55478;201500036753;0;30;0;0.0;2.0;6.0;0.0;B01
55479;201500036755;0;7;0;0.0;2.0;1.0;14.0;A01
55480;201500036755;0;7;0;0.0;2.0;9.0;1.0;B01
55481;201500036755;0;7;0;0.0;2.0;0.0;1.0;C01
55482;201500036755;0;7;0;0.0;2.0;4.0;1.0;D01
55483;201500036756;0;7;0;0.0;1.0;1.0;1.0;A01
55484;201500036757;0;7;0;0.0;2.0;2.0;15.0;B01
55485;201500036757;0;7;0;0.0;2.0;1.0;1.0;C01
55486;201500036757;1;30;0;0.0;2.0;2.0;1.0;Z01
55487;201500036759;0;7;0;0.0;2.0;3.0;1.0;A01
55488;201500036759;0;7;0;0.0;2.0;3.0;15.0;B01
55489;201500036760;0;7;0;0.0;2.0;1.0;1.0;B01
55490;201500036760;0;10;0;0.0;2.0;1.0;1.0;A01
55491;201500036761;0;7;0;0.0;2.0;1.0;1.0;B01
55492;201500036761;0;7;0;0.0;2.0;1.0;1.0;C01
55493;201500036761;0;7;0;0.0;2.0;4.0;1.0;A01
55494;201500036762;0;7;0;0.0;2.0;2.0;15.0;A01
55495;201500036762;0;2;0;0.0;2.0;1.0;1.0;B01
55496;201500036763;0;7;0;0.0;2.0;1.0;1.0;B01
55497;201500036763;0;7;0;0.0;2.0;1.0;17.0;A01
55498;201500036764;0;2;0;0.0;0.0;0.0;0.0;A01
55499;201500036765;0;7;0;0.0;2.0;4.0;2.0;B01
55500;201500036765;0;7;0;0.0;2.0;1.0;1.0;A01
55501;201500036767;0;1;0;0.0;0.0;0.0;0.0;A01
55502;201500036768;0;7;0;0.0;0.0;9.0;14.0;A01
55503;201500036769;0;7;0;0.0;2.0;4.0;2.0;B01
55504;201500036769;0;7;0;0.0;2.0;1.0;1.0;A01
55505;201500036771;1;30;0;0.0;1.0;1.0;1.0;Z01
55506;201500036773;0;7;0;0.0;2.0;1.0;1.0;B01
55507;201500036773;0;30;0;0.0;2.0;1.0;1.0;A01
55508;201500036774;0;7;0;0.0;0.0;2.0;14.0;A01
55509;201500036775;0;7;0;0.0;2.0;4.0;14.0;B01
55510;201500036775;0;7;0;0.0;2.0;1.0;14.0;C01
55511;201500036775;0;7;0;0.0;2.0;1.0;14.0;A01
55512;201500036777;0;33;0;0.0;0.0;0.0;0.0;A01
55513;201500036778;0;7;0;0.0;1.0;2.0;1.0;A01
55514;201500036779;0;15;0;0.0;2.0;2.0;1.0;A01
55515;201500036779;0;7;0;0.0;2.0;1.0;1.0;B01
55516;201500036780;0;7;0;0.0;0.0;7.0;14.0;A01
55517;201500036781;2;7;0;8.0;0.0;9.0;14.0;A01
55518;201500036782;0;7;0;4.0;0.0;8.0;13.0;A01
55519;201500036783;0;31;0;0.0;0.0;7.0;14.0;A01
55520;201500036784;0;7;0;0.0;1.0;8.0;4.0;A01
55521;201500036785;0;7;0;0.0;2.0;1.0;1.0;A01
55522;201500036785;0;7;0;0.0;2.0;4.0;2.0;B01
55523;201500036786;0;7;0;0.0;1.0;4.0;4.0;A01
55524;201500036787;0;31;0;0.0;0.0;1.0;1.0;A01
55525;201500036788;0;7;0;6.0;0.0;1.0;14.0;A01
55526;201500036789;0;7;0;2.0;0.0;8.0;14.0;A01
55527;201500036791;0;7;0;2.0;0.0;0.0;1.0;A01
55528;201500036792;0;7;0;0.0;2.0;3.0;15.0;B01
55529;201500036792;0;7;0;0.0;2.0;1.0;1.0;A01
55530;201500036793;0;7;0;8.0;0.0;1.0;1.0;A01
55531;201500036794;0;2;0;0.0;2.0;8.0;19.0;B01
55532;201500036794;0;7;0;0.0;2.0;1.0;19.0;A01
55533;201500036795;0;7;0;0.0;2.0;4.0;2.0;B01
55534;201500036795;0;7;0;0.0;2.0;1.0;1.0;A01
55535;201500036796;0;7;0;0.0;2.0;1.0;14.0;A01
55536;201500036796;0;7;0;0.0;2.0;1.0;1.0;B01
55537;201500036798;0;7;0;0.0;2.0;1.0;2.0;B01
55538;201500036798;0;10;0;0.0;2.0;4.0;1.0;A01
55539;201500036799;0;7;0;14.0;0.0;1.0;0.0;A01
55540;201500036800;0;3;0;6.0;0.0;1.0;14.0;A01
55541;201500036801;0;7;0;0.0;1.0;1.0;1.0;A01
55542;201500036802;0;7;0;8.0;0.0;1.0;0.0;A01
55543;201500036803;0;7;0;0.0;2.0;1.0;1.0;B01
55544;201500036803;0;7;0;0.0;2.0;1.0;5.0;A01
55545;201500036804;0;7;0;8.0;0.0;1.0;1.0;A01
55546;201500036805;0;33;0;0.0;2.0;1.0;1.0;A01
55547;201500036805;0;7;0;0.0;2.0;4.0;2.0;B01
55548;201500036807;0;7;0;0.0;2.0;8.0;0.0;B01
55549;201500036807;0;1;0;0.0;2.0;1.0;5.0;A01
55550;201500036808;0;10;0;8.0;2.0;2.0;19.0;A01
55551;201500036808;0;10;0;0.0;2.0;1.0;1.0;B01
55552;201500036809;0;7;0;0.0;0.0;9.0;0.0;A01
55553;201500036810;0;7;0;0.0;0.0;0.0;0.0;A01
55554;201500036811;0;7;0;0.0;2.0;1.0;1.0;A01
55555;201500036811;0;1;0;0.0;2.0;8.0;1.0;B01
55556;201500036813;0;7;0;0.0;2.0;2.0;0.0;C01
55557;201500036813;0;7;0;0.0;2.0;4.0;2.0;B01
55558;201500036813;0;7;0;0.0;2.0;1.0;1.0;A01
55559;201500036814;0;7;0;14.0;0.0;2.0;0.0;A01
55560;201500036815;0;3;0;4.0;0.0;6.0;1.0;A01
55561;201500036816;0;7;0;0.0;1.0;7.0;1.0;A01
55562;201500036817;0;14;0;0.0;2.0;4.0;4.0;A01
55563;201500036817;0;33;0;0.0;2.0;1.0;23.0;B01
55564;201500036818;0;7;0;0.0;2.0;4.0;1.0;A01
55565;201500036818;1;7;0;0.0;2.0;1.0;2.0;Z01
55566;201500036820;0;7;0;0.0;2.0;8.0;9.0;A01
55567;201500036820;0;7;0;0.0;2.0;7.0;1.0;B01
55568;201500036821;0;7;0;0.0;2.0;1.0;15.0;A01
55569;201500036821;0;7;0;0.0;2.0;1.0;1.0;B01
55570;201500036822;0;7;0;0.0;2.0;3.0;1.0;B01
55571;201500036822;0;7;0;0.0;2.0;2.0;15.0;A01
55572;201500036823;0;7;0;1.0;0.0;7.0;13.0;A01
55573;201500036824;0;30;0;0.0;0.0;0.0;1.0;A01
55574;201500036825;0;7;0;16.0;0.0;1.0;14.0;A01
55575;201500036826;0;7;0;16.0;0.0;1.0;14.0;A01
55576;201500036827;0;10;0;3.0;0.0;1.0;1.0;A01
55577;201500036828;0;7;0;0.0;2.0;4.0;2.0;B01
55578;201500036828;0;7;0;0.0;2.0;1.0;1.0;A01
55579;201500036829;0;10;0;0.0;2.0;8.0;9.0;B01
55580;201500036829;1;10;0;0.0;2.0;1.0;1.0;Z01
55581;201500036830;0;33;0;0.0;2.0;1.0;1.0;B01
55582;201500036830;0;7;0;0.0;2.0;3.0;19.0;A01
55583;201500036831;0;7;0;0.0;2.0;1.0;1.0;A01
55584;201500036831;0;7;0;0.0;2.0;4.0;2.0;B01
55585;201500036831;0;7;0;0.0;2.0;0.0;0.0;C01
55586;201500036832;0;7;0;0.0;2.0;4.0;2.0;B01
55587;201500036832;0;10;0;0.0;2.0;1.0;1.0;A01
55588;201500036833;0;33;0;16.0;0.0;0.0;0.0;A01
55589;201500036834;0;7;0;0.0;1.0;2.0;1.0;A01
55590;201500036835;0;10;0;0.0;1.0;1.0;1.0;A01
55591;201500036836;0;7;0;0.0;0.0;0.0;0.0;A01
55592;201500036837;0;7;0;0.0;1.0;1.0;1.0;A01
55593;201500036838;0;7;0;0.0;1.0;2.0;1.0;A01
55594;201500036839;0;7;0;10.0;0.0;3.0;1.0;A01
55595;201500036840;2;30;0;0.0;2.0;1.0;17.0;Z01
55596;201500036840;0;10;0;0.0;2.0;3.0;15.0;B01
55597;201500036841;0;7;0;0.0;2.0;2.0;1.0;A01
55598;201500036841;0;7;0;0.0;2.0;1.0;1.0;B01
55599;201500036842;0;2;0;0.0;0.0;7.0;1.0;A01
55600;201500036843;0;2;0;0.0;2.0;4.0;1.0;B01
55601;201500036843;0;7;0;0.0;2.0;1.0;15.0;A01
55602;201500036844;0;7;0;0.0;2.0;1.0;2.0;B01
55603;201500036844;0;7;0;0.0;2.0;1.0;1.0;A01
55604;201500036844;0;7;0;0.0;2.0;4.0;2.0;C01
55605;201500036846;1;7;0;0.0;1.0;1.0;1.0;Z01
55606;201500036847;0;7;0;0.0;1.0;1.0;1.0;A01
55607;201500036848;0;7;0;4.0;2.0;5.0;1.0;B01
55608;201500036848;0;14;0;0.0;2.0;2.0;14.0;A01
55609;201500036849;0;10;0;5.0;0.0;1.0;1.0;A01
55610;201500036850;0;15;0;0.0;0.0;0.0;14.0;A01
55611;201500036851;0;7;0;0.0;1.0;1.0;1.0;A01
55612;201500036852;0;7;0;0.0;2.0;1.0;1.0;B01
55613;201500036852;0;10;0;0.0;2.0;7.0;1.0;A01
55614;201500036853;0;7;0;0.0;2.0;1.0;1.0;B01
55615;201500036853;0;7;0;0.0;2.0;1.0;13.0;A01
55616;201500036854;0;7;0;3.0;0.0;1.0;1.0;A01
55617;201500036855;0;7;0;0.0;0.0;1.0;1.0;A01
55618;201500036857;0;37;1;0.0;2.0;7.0;2.0;C01
55619;201500036857;0;7;0;0.0;2.0;1.0;1.0;B01
55620;201500036857;0;33;0;0.0;2.0;1.0;1.0;A01
55621;201500036858;0;7;0;0.0;2.0;4.0;2.0;C01
55622;201500036858;0;7;0;0.0;2.0;1.0;1.0;A01
55623;201500036858;0;7;0;0.0;2.0;4.0;2.0;B01
55624;201500036859;0;7;0;0.0;2.0;7.0;1.0;B01
55625;201500036859;0;7;0;0.0;2.0;1.0;9.0;A01
55626;201500036859;0;7;0;0.0;2.0;4.0;1.0;C01
55627;201500036860;0;7;0;0.0;1.0;1.0;1.0;A01
55628;201500036861;0;7;0;0.0;1.0;1.0;1.0;A01
55629;201500036863;0;7;0;0.0;0.0;0.0;0.0;A01
55630;201500036864;0;33;0;1.0;0.0;3.0;1.0;A01
55631;201500036865;0;33;0;0.0;6.0;3.0;1.0;A01
55632;201500036866;0;7;0;0.0;2.0;2.0;2.0;B01
55633;201500036866;0;31;0;0.0;2.0;8.0;1.0;A01
55634;201500036867;0;7;0;0.0;2.0;4.0;2.0;B01
55635;201500036867;0;7;0;0.0;2.0;1.0;1.0;A01
55636;201500036867;0;7;0;0.0;2.0;4.0;2.0;C01
55637;201500036868;0;7;0;9.0;0.0;9.0;1.0;A01
55638;201500036869;0;7;0;0.0;2.0;4.0;2.0;B01
55639;201500036869;0;1;0;0.0;2.0;1.0;1.0;A01
55640;201500036870;0;7;0;0.0;0.0;0.0;14.0;A01
55641;201500036871;0;99;0;9.0;0.0;9.0;6.0;A01
55642;201500036872;0;7;0;0.0;1.0;6.0;4.0;A01
55643;201500036873;0;37;1;16.0;1.0;2.0;16.0;A01
55644;201500036875;0;7;0;0.0;1.0;1.0;1.0;A01
55645;201500036876;0;33;0;0.0;2.0;1.0;1.0;B01
55646;201500036876;0;7;0;0.0;2.0;1.0;15.0;A01
55647;201500036877;0;7;0;0.0;2.0;1.0;1.0;A01
55648;201500036877;0;7;0;0.0;2.0;8.0;1.0;B01
55649;201500036879;0;7;0;0.0;2.0;1.0;9.0;A01
55650;201500036879;0;7;0;0.0;2.0;3.0;0.0;B01
55651;201500036880;0;7;0;0.0;1.0;3.0;1.0;A01
55652;201500036881;0;7;0;0.0;1.0;8.0;1.0;A01
55653;201500036882;0;7;0;0.0;2.0;3.0;9.0;B01
55654;201500036882;0;7;0;0.0;2.0;2.0;0.0;A01
55655;201500036882;0;7;0;0.0;2.0;6.0;2.0;C01
55656;201500036883;0;7;0;0.0;2.0;5.0;1.0;B01
55657;201500036883;0;30;0;0.0;2.0;3.0;13.0;A01
55658;201500036884;0;31;0;0.0;0.0;0.0;0.0;M01
55659;201500036885;0;7;0;0.0;1.0;0.0;0.0;A01
55660;201500036886;0;7;0;8.0;2.0;3.0;1.0;B01
55661;201500036886;0;7;0;0.0;2.0;3.0;1.0;A01
55662;201500036887;0;7;0;0.0;0.0;0.0;0.0;A01
55663;201500036887;0;31;0;0.0;2.0;7.0;1.0;B01
55664;201500036888;0;7;0;0.0;1.0;1.0;1.0;A01
55665;201500036889;0;2;0;0.0;2.0;1.0;18.0;B01
55666;201500036889;0;7;0;0.0;2.0;0.0;0.0;C01
55667;201500036889;0;7;0;0.0;2.0;3.0;0.0;D01
55668;201500036889;0;7;0;0.0;2.0;1.0;9.0;A01
55669;201500036890;0;33;0;0.0;2.0;8.0;18.0;B01
55670;201500036890;0;7;0;0.0;2.0;7.0;12.0;A01
55671;201500036891;0;7;0;0.0;2.0;1.0;13.0;A01
55672;201500036891;0;37;1;0.0;2.0;1.0;1.0;B01
55673;201500036892;0;7;0;0.0;2.0;3.0;15.0;A01
55674;201500036892;0;34;0;0.0;2.0;1.0;1.0;B01
55675;201500036893;0;1;0;0.0;2.0;4.0;1.0;A01
55676;201500036893;0;7;0;0.0;2.0;1.0;2.0;B01
55677;201500036894;0;1;0;0.0;2.0;1.0;0.0;B01
55678;201500036894;0;15;0;0.0;2.0;1.0;0.0;A01
55679;201500036895;0;7;0;0.0;2.0;2.0;0.0;A01
55680;201500036895;0;33;0;0.0;2.0;3.0;9.0;B01
55681;201500036896;0;7;0;0.0;2.0;1.0;1.0;A01
55682;201500036896;0;31;0;0.0;2.0;8.0;1.0;B01
55683;201500036897;0;7;0;0.0;2.0;1.0;1.0;A01
55684;201500036897;0;34;0;0.0;2.0;4.0;2.0;B01
55685;201500036899;0;7;0;8.0;9.0;1.0;1.0;A01
55686;201500036900;0;7;0;0.0;2.0;1.0;1.0;A01
55687;201500036900;0;7;0;0.0;2.0;4.0;1.0;B01
55688;201500036901;0;7;0;0.0;2.0;1.0;1.0;A01
55689;201500036901;0;7;0;0.0;2.0;4.0;2.0;B01
55690;201500036903;0;7;0;0.0;1.0;1.0;1.0;A01
55691;201500036904;0;7;0;0.0;1.0;1.0;1.0;A01
55692;201500036906;0;7;0;0.0;1.0;1.0;1.0;A01
55693;201500036907;0;7;0;0.0;1.0;1.0;1.0;A01
55694;201500036908;0;7;0;0.0;2.0;7.0;17.0;A01
55695;201500036908;0;1;0;0.0;2.0;3.0;2.0;B01
55696;201500036909;0;7;0;0.0;2.0;7.0;1.0;A01
55697;201500036909;0;7;0;0.0;2.0;3.0;2.0;B01
55698;201500036909;0;7;0;0.0;2.0;1.0;1.0;C01
55699;201500036910;0;99;0;0.0;2.0;7.0;1.0;A01
55700;201500036910;0;7;0;6.0;2.0;1.0;1.0;B01
55701;201500036911;0;7;0;0.0;2.0;7.0;1.0;B01
55702;201500036911;0;7;0;0.0;2.0;1.0;15.0;A01
55703;201500036912;1;7;0;0.0;1.0;2.0;1.0;Z01
55704;201500036913;0;7;0;0.0;1.0;1.0;1.0;A01
55705;201500036914;0;2;0;0.0;2.0;1.0;1.0;B01
55706;201500036914;0;7;0;0.0;2.0;2.0;20.0;A01
55707;201500036916;1;2;0;0.0;2.0;0.0;0.0;C01
55708;201500036916;0;1;0;0.0;2.0;1.0;0.0;A01
55709;201500036916;0;7;0;0.0;2.0;7.0;1.0;B01
55710;201500036917;0;7;0;0.0;2.0;8.0;15.0;B01
55711;201500036917;0;34;0;0.0;2.0;2.0;17.0;A01
55712;201500036918;0;7;0;0.0;1.0;4.0;1.0;B01
55713;201500036918;0;7;0;0.0;2.0;1.0;1.0;A01