;Num_Acc;senc;catv;occutc;obs;obsm;choc;manv;num_veh
55714;201500036920;0;15;0;0.0;2.0;3.0;1.0;B01
55715;201500036920;0;7;0;0.0;2.0;0.0;0.0;A01
55716;201500036921;0;30;0;0.0;1.0;1.0;1.0;A01
55717;201500036922;0;37;1;0.0;2.0;1.0;15.0;B01
55718;201500036922;0;2;0;0.0;2.0;1.0;1.0;A01
55719;201500036923;0;33;0;0.0;2.0;1.0;17.0;B01
55720;201500036923;0;7;0;0.0;2.0;3.0;9.0;A01
55721;201500036926;0;7;0;0.0;2.0;5.0;15.0;A01
55722;201500036926;0;33;0;0.0;2.0;2.0;1.0;B01
55723;201500036927;0;7;0;0.0;2.0;5.0;15.0;B01
55724;201500036927;0;33;0;0.0;2.0;3.0;15.0;A01
55725;201500036928;1;33;0;0.0;1.0;1.0;1.0;A01
55726;201500036929;0;2;0;0.0;2.0;7.0;15.0;B01
55727;201500036929;0;7;0;0.0;2.0;8.0;13.0;A01
55728;201500036930;0;2;0;2.0;0.0;2.0;1.0;A01
55729;201500036931;0;7;0;0.0;1.0;1.0;1.0;A01
55730;201500036932;0;15;0;0.0;2.0;2.0;21.0;B01
55731;201500036932;0;7;0;0.0;2.0;3.0;11.0;A01
55732;201500036933;0;7;0;8.0;2.0;3.0;1.0;B01
55733;201500036933;0;7;0;0.0;2.0;1.0;1.0;A01
55734;201500036934;0;7;0;0.0;2.0;1.0;2.0;C01
55735;201500036934;0;7;0;0.0;2.0;4.0;1.0;A01
55736;201500036934;0;7;0;0.0;2.0;1.0;2.0;D01
55737;201500036934;0;7;0;0.0;2.0;4.0;2.0;B01
55738;201500036935;0;7;0;0.0;1.0;3.0;16.0;A01
55739;201500036936;0;7;0;0.0;1.0;1.0;1.0;A01
55740;201500036937;0;15;0;14.0;0.0;1.0;1.0;A01
55741;201500036938;2;34;0;0.0;1.0;1.0;1.0;A01
55742;201500036939;0;7;0;0.0;2.0;5.0;15.0;A01
55743;201500036939;0;34;0;0.0;2.0;1.0;2.0;B01
55744;201500036940;0;32;0;0.0;2.0;1.0;1.0;A01
55745;201500036940;0;7;0;0.0;2.0;8.0;15.0;B01
55746;201500036942;0;7;0;0.0;1.0;3.0;9.0;A01
55747;201500036943;0;7;0;0.0;2.0;4.0;23.0;B01
55748;201500036943;0;7;0;0.0;2.0;4.0;23.0;A01
55749;201500036943;0;7;0;0.0;2.0;1.0;2.0;C01
55750;201500036944;1;7;0;0.0;1.0;3.0;1.0;A01
55751;201500036945;0;7;0;0.0;1.0;2.0;16.0;A01
55752;201500036946;0;7;0;0.0;2.0;3.0;9.0;A01
55753;201500036946;0;30;0;0.0;2.0;5.0;1.0;B01
55754;201500036947;0;7;0;0.0;1.0;2.0;1.0;A01
55755;201500036948;0;99;0;0.0;1.0;1.0;15.0;A01
55756;201500036949;0;7;0;0.0;2.0;3.0;15.0;A01
55757;201500036949;0;2;0;0.0;2.0;1.0;1.0;B01
55758;201500036950;0;1;0;0.0;2.0;1.0;0.0;B01
55759;201500036950;0;7;0;0.0;2.0;1.0;1.0;A01
55760;201500036951;0;7;0;0.0;1.0;1.0;1.0;A01
55761;201500036952;0;10;0;0.0;2.0;3.0;21.0;B01
55762;201500036952;0;33;0;0.0;2.0;1.0;13.0;A01
55763;201500036953;0;7;0;0.0;1.0;1.0;1.0;A01
55764;201500036955;0;7;0;0.0;2.0;4.0;2.0;B01
55765;201500036955;0;7;0;0.0;2.0;1.0;1.0;A01
55766;201500036957;0;7;0;0.0;2.0;5.0;2.0;B01
55767;201500036957;0;7;0;0.0;2.0;1.0;1.0;A01
55768;201500036958;0;7;0;0.0;2.0;2.0;1.0;B01
55769;201500036958;0;33;0;0.0;2.0;1.0;1.0;A01
55770;201500036959;0;10;0;0.0;2.0;4.0;2.0;B01
55771;201500036959;0;33;0;0.0;2.0;1.0;1.0;A01
55772;201500036960;0;10;0;1.0;1.0;4.0;20.0;A01
55773;201500036960;0;7;0;0.0;2.0;4.0;20.0;B01
55774;201500036962;0;7;0;0.0;2.0;1.0;1.0;B01
55775;201500036962;0;7;0;0.0;2.0;1.0;15.0;A01
55776;201500036963;0;16;0;0.0;2.0;1.0;5.0;B01
55777;201500036963;0;7;0;1.0;2.0;1.0;17.0;A01
55778;201500036964;0;10;0;0.0;1.0;2.0;1.0;A01
55779;201500036965;0;33;0;0.0;2.0;7.0;1.0;B01
55780;201500036965;0;7;0;0.0;2.0;1.0;9.0;A01
55781;201500036966;0;7;0;0.0;2.0;6.0;1.0;B01
55782;201500036966;0;7;0;0.0;2.0;1.0;1.0;A01
55783;201500036967;0;7;0;0.0;1.0;1.0;1.0;A01
55784;201500036968;0;33;0;0.0;2.0;7.0;1.0;B01
55785;201500036968;0;7;0;0.0;2.0;1.0;1.0;A01
55786;201500036970;0;34;0;0.0;1.0;1.0;1.0;A01
55787;201500036972;0;31;0;0.0;2.0;1.0;1.0;B01
55788;201500036972;0;7;0;0.0;2.0;1.0;15.0;A01
55789;201500036973;0;7;0;0.0;2.0;7.0;1.0;B01
55790;201500036973;0;7;0;0.0;2.0;6.0;9.0;A01
55791;201500036974;0;31;0;0.0;2.0;1.0;1.0;B01
55792;201500036974;0;7;0;0.0;2.0;3.0;15.0;A01
55793;201500036975;0;2;0;0.0;2.0;8.0;1.0;B01
55794;201500036975;0;7;0;0.0;2.0;7.0;15.0;A01
55795;201500036976;0;2;0;0.0;2.0;7.0;1.0;B01
55796;201500036976;0;7;0;0.0;2.0;3.0;9.0;A01
55797;201500036977;0;10;0;3.0;0.0;1.0;14.0;A01
55798;201500036978;0;7;0;0.0;2.0;3.0;15.0;A01
55799;201500036978;0;34;0;0.0;2.0;3.0;1.0;B01
55800;201500036979;2;7;0;0.0;2.0;1.0;1.0;A01
55801;201500036979;0;7;0;0.0;2.0;8.0;15.0;B01
55802;201500036980;0;7;0;0.0;2.0;4.0;1.0;B01
55803;201500036980;0;7;0;0.0;2.0;1.0;1.0;A01
55804;201500036980;0;7;0;0.0;2.0;4.0;1.0;C01
55805;201500036981;0;7;0;0.0;1.0;1.0;1.0;A01
55806;201500036982;0;7;0;0.0;2.0;1.0;2.0;B01
55807;201500036982;0;33;0;0.0;2.0;4.0;1.0;A01
55808;201500036983;0;1;0;0.0;2.0;8.0;19.0;A01
55809;201500036983;0;7;0;0.0;2.0;2.0;1.0;B01
55810;201500036984;0;10;0;0.0;2.0;3.0;11.0;A01
55811;201500036984;0;7;0;0.0;2.0;2.0;2.0;B01
55812;201500036985;0;7;0;0.0;2.0;0.0;15.0;A01
55813;201500036985;0;2;0;0.0;2.0;7.0;1.0;B01
55814;201500036987;0;7;0;0.0;1.0;1.0;1.0;A01
55815;201500036988;0;33;0;0.0;2.0;7.0;1.0;B01
55816;201500036988;0;7;0;0.0;2.0;5.0;15.0;A01
55817;201500036990;0;10;0;0.0;1.0;1.0;1.0;A01
55818;201500036992;0;7;0;0.0;1.0;3.0;1.0;A01
55819;201500036993;0;7;0;0.0;2.0;5.0;15.0;B01
55820;201500036993;0;7;0;0.0;2.0;3.0;1.0;A01
55821;201500036994;0;33;0;0.0;2.0;1.0;17.0;B01
55822;201500036994;0;7;0;0.0;2.0;8.0;19.0;A01
55823;201500036995;0;7;0;0.0;1.0;5.0;20.0;A01
55824;201500036996;0;7;0;0.0;1.0;2.0;1.0;A01
55825;201500036997;0;7;0;0.0;2.0;1.0;1.0;A01
55826;201500036997;0;1;0;0.0;2.0;1.0;0.0;B01
55827;201500036998;0;7;0;8.0;0.0;3.0;1.0;A01
55828;201500036999;0;33;0;0.0;0.0;0.0;0.0;B01
55829;201500037000;0;7;0;0.0;2.0;7.0;13.0;A01
55830;201500037000;0;13;0;0.0;2.0;1.0;1.0;B01
55831;201500037002;0;7;0;0.0;2.0;1.0;1.0;A01
55832;201500037002;0;7;0;0.0;2.0;4.0;2.0;B01
55833;201500037003;0;7;0;0.0;2.0;7.0;15.0;B01
55834;201500037003;0;32;0;0.0;2.0;1.0;1.0;A01
55835;201500037004;0;7;0;0.0;1.0;1.0;1.0;A01
55836;201500037005;0;7;0;0.0;1.0;1.0;1.0;A01
55837;201500037006;0;7;0;0.0;2.0;4.0;23.0;B01
55838;201500037006;0;7;0;0.0;2.0;1.0;1.0;A01
55839;201500037007;0;7;0;0.0;2.0;9.0;1.0;A01
55840;201500037007;0;7;0;0.0;2.0;4.0;2.0;B01
55841;201500037007;0;7;0;0.0;2.0;1.0;2.0;C01
55842;201500037008;0;7;0;0.0;2.0;1.0;1.0;B01
55843;201500037008;0;7;0;0.0;2.0;1.0;13.0;A01
55844;201500037009;0;7;0;0.0;1.0;1.0;1.0;A01
55845;201500037010;0;7;0;0.0;1.0;1.0;1.0;A01
55846;201500037011;0;33;0;0.0;2.0;1.0;1.0;A01
55847;201500037011;0;7;0;0.0;2.0;4.0;2.0;B01
55848;201500037012;0;7;0;0.0;2.0;7.0;15.0;A01
55849;201500037012;0;32;0;0.0;2.0;1.0;1.0;B01
55850;201500037013;0;7;0;0.0;2.0;4.0;2.0;B01
55851;201500037013;0;33;0;0.0;2.0;1.0;1.0;A01
55852;201500037014;0;7;0;4.0;0.0;1.0;1.0;A01
55853;201500037016;0;7;0;0.0;2.0;5.0;15.0;A01
55854;201500037016;0;31;0;0.0;2.0;1.0;5.0;B01
55855;201500037017;0;7;0;0.0;2.0;1.0;2.0;C01
55856;201500037017;0;7;0;3.0;2.0;1.0;1.0;A01
55857;201500037017;0;10;0;0.0;2.0;4.0;2.0;B01
55858;201500037018;0;7;0;0.0;1.0;2.0;1.0;A01
55859;201500037019;0;7;0;0.0;2.0;4.0;2.0;D01
55860;201500037019;0;7;0;0.0;2.0;1.0;1.0;A01
55861;201500037019;0;7;0;0.0;2.0;1.0;2.0;C01
55862;201500037019;0;7;0;0.0;2.0;1.0;2.0;B01
55863;201500037020;0;7;0;0.0;2.0;4.0;1.0;B01
55864;201500037020;0;7;0;3.0;2.0;2.0;14.0;A01
55865;201500037021;0;7;0;0.0;2.0;1.0;1.0;B01
55866;201500037021;0;7;0;0.0;2.0;8.0;9.0;A01
55867;201500037022;0;7;0;0.0;2.0;8.0;1.0;B01
55868;201500037022;0;7;0;0.0;2.0;1.0;1.0;A01
55869;201500037023;0;34;0;0.0;2.0;1.0;2.0;B01
55870;201500037023;0;7;0;0.0;2.0;5.0;1.0;A01
55871;201500037024;0;33;0;0.0;2.0;1.0;2.0;B01
55872;201500037024;0;7;0;0.0;2.0;4.0;15.0;A01
55873;201500037025;0;7;0;0.0;2.0;4.0;2.0;B01
55874;201500037025;0;7;0;4.0;2.0;1.0;1.0;A01
55875;201500037026;0;30;0;0.0;2.0;1.0;2.0;B01
55876;201500037026;0;7;0;0.0;2.0;6.0;1.0;A01
55877;201500037027;0;7;0;0.0;2.0;2.0;1.0;A01
55878;201500037027;0;30;0;0.0;2.0;7.0;15.0;S01
55879;201500037028;0;7;0;0.0;2.0;1.0;1.0;A01
55880;201500037028;0;7;0;0.0;2.0;4.0;2.0;C01
55881;201500037028;0;7;0;0.0;2.0;4.0;2.0;B01
55882;201500037029;0;33;0;0.0;2.0;1.0;1.0;A01
55883;201500037029;0;7;0;0.0;2.0;4.0;2.0;B01
55884;201500037030;0;33;0;0.0;2.0;1.0;1.0;A01
55885;201500037030;0;7;0;0.0;2.0;8.0;10.0;B01
55886;201500037031;0;7;0;0.0;2.0;1.0;1.0;B01
55887;201500037031;0;33;0;0.0;2.0;1.0;13.0;A01
55888;201500037032;0;7;0;0.0;2.0;4.0;2.0;C01
55889;201500037032;0;7;0;0.0;2.0;4.0;2.0;B01
55890;201500037032;0;7;0;0.0;2.0;1.0;1.0;A01
55891;201500037035;0;7;0;0.0;2.0;1.0;1.0;B01
55892;201500037035;0;7;0;0.0;2.0;1.0;13.0;A01
55893;201500037036;0;7;0;0.0;1.0;3.0;1.0;A01
55894;201500037037;0;33;0;0.0;2.0;1.0;3.0;B01
55895;201500037037;0;7;0;0.0;2.0;4.0;11.0;A01
55896;201500037038;0;32;0;0.0;2.0;0.0;0.0;B01
55897;201500037038;0;7;0;0.0;2.0;2.0;1.0;A01
55898;201500037039;0;1;0;0.0;2.0;1.0;2.0;B01
55899;201500037039;0;7;0;0.0;2.0;4.0;1.0;A01
55900;201500037040;0;33;0;0.0;2.0;1.0;1.0;B01
55901;201500037040;0;7;0;0.0;2.0;1.0;15.0;A01
55902;201500037041;0;7;0;0.0;2.0;1.0;1.0;B01
55903;201500037041;0;7;0;0.0;2.0;3.0;13.0;A01
55904;201500037042;0;7;0;0.0;2.0;4.0;2.0;B01
55905;201500037042;0;30;0;0.0;2.0;1.0;1.0;A01
55906;201500037043;0;1;0;0.0;1.0;1.0;1.0;A01
55907;201500037044;0;1;0;0.0;2.0;2.0;1.0;B01
55908;201500037044;0;7;0;0.0;2.0;3.0;1.0;A01
55909;201500037045;0;7;0;0.0;1.0;1.0;1.0;A01
55910;201500037046;0;7;0;0.0;2.0;1.0;1.0;A01
55911;201500037046;0;30;0;0.0;2.0;6.0;0.0;B01
55912;201500037047;0;33;0;1.0;0.0;1.0;1.0;B01
55913;201500037049;2;7;0;0.0;2.0;1.0;13.0;A01
55914;201500037049;0;7;0;0.0;2.0;1.0;1.0;B01
55915;201500037050;0;2;0;0.0;2.0;1.0;1.0;A01
55916;201500037050;0;7;0;1.0;2.0;3.0;20.0;B01
55917;201500037051;0;7;0;0.0;1.0;1.0;1.0;A01
55918;201500037052;0;7;0;0.0;2.0;1.0;2.0;C01
55919;201500037052;0;7;0;0.0;2.0;1.0;2.0;B01
55920;201500037052;0;7;0;0.0;2.0;4.0;1.0;A01
55921;201500037053;0;7;0;1.0;0.0;1.0;14.0;A01
55922;201500037054;0;7;0;0.0;2.0;1.0;1.0;A01
55923;201500037054;0;7;0;0.0;2.0;1.0;2.0;C01
55924;201500037054;0;34;0;0.0;2.0;1.0;2.0;B01
55925;201500037055;0;7;0;0.0;2.0;3.0;9.0;A01
55926;201500037055;0;7;0;0.0;2.0;1.0;1.0;B01
55927;201500037056;0;10;0;0.0;2.0;1.0;1.0;C01
55928;201500037056;0;10;0;0.0;2.0;4.0;1.0;B01
55929;201500037056;0;14;0;0.0;2.0;8.0;24.0;D01
55930;201500037056;0;7;0;1.0;2.0;8.0;15.0;A01
55931;201500037057;0;7;0;0.0;1.0;1.0;1.0;A01
55932;201500037059;0;7;0;0.0;2.0;8.0;1.0;B01
55933;201500037059;2;7;0;0.0;2.0;1.0;1.0;A01
55934;201500037060;2;10;0;0.0;2.0;1.0;1.0;A01
55935;201500037060;0;7;0;0.0;2.0;4.0;2.0;B01
55936;201500037060;0;7;0;0.0;2.0;4.0;2.0;C01
55937;201500037060;0;7;0;0.0;2.0;4.0;2.0;D01
55938;201500037061;0;7;0;0.0;2.0;1.0;1.0;A01
55939;201500037061;0;7;0;0.0;2.0;4.0;1.0;B01
55940;201500037062;2;7;0;0.0;2.0;1.0;1.0;A01
55941;201500037062;0;7;0;0.0;2.0;5.0;2.0;B01
55942;201500037063;0;7;0;0.0;2.0;1.0;15.0;A01
55943;201500037063;0;7;0;0.0;2.0;2.0;1.0;B01
55944;201500037064;0;32;0;0.0;2.0;6.0;1.0;A01
55945;201500037064;1;7;0;0.0;2.0;2.0;2.0;B01
55946;201500037065;0;7;0;0.0;2.0;7.0;1.0;B01
55947;201500037065;0;7;0;0.0;2.0;8.0;13.0;A01
55948;201500037066;0;7;0;0.0;2.0;4.0;2.0;B01
55949;201500037066;1;33;0;0.0;2.0;1.0;1.0;A01
55950;201500037067;0;32;0;9.0;0.0;1.0;17.0;A01
55951;201500037068;0;7;0;0.0;2.0;1.0;1.0;A01
55952;201500037068;0;7;0;0.0;2.0;4.0;2.0;B01
55953;201500037070;0;7;0;0.0;2.0;1.0;0.0;A01
55954;201500037070;0;7;0;0.0;2.0;1.0;0.0;B01
55955;201500037071;0;7;0;0.0;1.0;1.0;1.0;A01
55956;201500037072;0;3;0;0.0;2.0;1.0;1.0;B01
55957;201500037072;0;32;0;0.0;2.0;1.0;13.0;A01
55958;201500037073;0;7;0;0.0;2.0;4.0;2.0;B01
55959;201500037073;0;7;0;0.0;2.0;4.0;2.0;C01
55960;201500037073;0;7;0;0.0;2.0;4.0;1.0;A01
55961;201500037073;0;33;0;0.0;2.0;7.0;2.0;D01
55962;201500037074;0;33;0;0.0;2.0;1.0;17.0;A01
55963;201500037074;0;7;0;0.0;2.0;3.0;15.0;B01
55964;201500037076;0;7;0;0.0;1.0;1.0;1.0;A01
55965;201500037077;0;7;0;0.0;2.0;3.0;1.0;B01
55966;201500037077;0;33;0;0.0;2.0;2.0;12.0;A01
55967;201500037078;0;2;0;0.0;2.0;1.0;1.0;B01
55968;201500037078;0;7;0;0.0;2.0;6.0;1.0;A01
55969;201500037079;0;7;0;0.0;2.0;3.0;0.0;A01
55970;201500037079;0;33;0;0.0;2.0;1.0;5.0;B01
55971;201500037080;0;7;0;0.0;2.0;8.0;2.0;B01
55972;201500037080;0;7;0;13.0;2.0;1.0;9.0;A01
55973;201500037081;0;7;0;0.0;1.0;7.0;1.0;A01
55974;201500037082;0;7;0;0.0;2.0;6.0;11.0;A01
55975;201500037082;0;14;0;0.0;2.0;1.0;2.0;B01
55976;201500037083;0;33;0;0.0;1.0;1.0;1.0;A01
55977;201500037084;0;33;0;1.0;0.0;1.0;1.0;A01
55978;201500037085;1;7;0;0.0;2.0;1.0;2.0;Z01
55979;201500037085;0;7;0;0.0;2.0;6.0;1.0;A01
55980;201500037086;0;30;0;0.0;2.0;7.0;17.0;B01
55981;201500037086;0;7;0;0.0;2.0;2.0;5.0;A01
55982;201500037087;0;7;0;0.0;2.0;1.0;19.0;A01
55983;201500037087;0;2;0;0.0;2.0;2.0;1.0;B01
55984;201500037088;0;7;0;0.0;1.0;3.0;1.0;A01
55985;201500037090;0;2;0;0.0;2.0;3.0;14.0;B01
55986;201500037090;0;7;0;0.0;2.0;2.0;15.0;A01
55987;201500037091;0;10;0;0.0;2.0;3.0;21.0;B01
55988;201500037091;0;10;0;0.0;2.0;3.0;15.0;A01
55989;201500037092;0;7;0;0.0;2.0;1.0;1.0;A01
55990;201500037092;0;7;0;0.0;2.0;4.0;2.0;B01
55991;201500037093;0;10;0;0.0;1.0;1.0;1.0;A01
55992;201500037094;1;10;0;1.0;2.0;4.0;20.0;Z01
55993;201500037094;0;31;0;0.0;2.0;1.0;1.0;A01
55994;201500037094;0;7;0;0.0;2.0;4.0;23.0;B01
55995;201500037095;0;7;0;4.0;2.0;2.0;10.0;A01
55996;201500037095;0;7;0;9.0;2.0;3.0;1.0;B01
55997;201500037095;0;7;0;0.0;2.0;3.0;2.0;C01
55998;201500037096;0;7;0;0.0;2.0;4.0;1.0;A01
55999;201500037096;0;7;0;0.0;2.0;1.0;2.0;B01
56000;201500037097;0;7;0;4.0;2.0;2.0;14.0;A01
56001;201500037097;0;7;0;4.0;2.0;6.0;2.0;B01
56002;201500037098;0;7;0;9.0;0.0;8.0;1.0;A01
56003;201500037099;0;7;0;0.0;1.0;3.0;14.0;A01
56004;201500037100;0;37;1;0.0;2.0;2.0;1.0;A01
56005;201500037100;0;7;0;0.0;2.0;1.0;15.0;B01
56006;201500037101;0;7;0;0.0;2.0;4.0;1.0;B01
56007;201500037101;0;7;0;0.0;2.0;1.0;1.0;A01
56008;201500037102;0;7;0;0.0;2.0;4.0;2.0;B01
56009;201500037102;0;7;0;0.0;2.0;1.0;1.0;A01
56010;201500037103;0;1;0;0.0;1.0;1.0;1.0;A01
56011;201500037104;0;7;0;0.0;2.0;6.0;15.0;B01
56012;201500037104;0;1;0;0.0;2.0;7.0;15.0;A01
56013;201500037105;1;30;0;0.0;2.0;1.0;0.0;B01
56014;201500037105;2;7;0;6.0;2.0;1.0;0.0;A01
56015;201500037106;0;7;0;0.0;1.0;2.0;1.0;A01
56016;201500037107;0;1;0;0.0;2.0;1.0;0.0;A01
56017;201500037107;0;10;0;0.0;2.0;1.0;0.0;B01
56018;201500037108;0;10;0;0.0;2.0;1.0;1.0;B01
56019;201500037108;0;10;0;0.0;2.0;4.0;23.0;A01
56020;201500037109;0;7;0;0.0;2.0;4.0;0.0;B01
56021;201500037109;0;7;0;0.0;2.0;1.0;0.0;A01
56022;201500037110;0;7;0;4.0;0.0;1.0;8.0;A01
56023;201500037112;0;10;0;0.0;1.0;2.0;1.0;A01
56024;201500037113;0;7;0;1.0;0.0;2.0;14.0;A01
56025;201500037114;0;7;0;0.0;2.0;6.0;2.0;C01
56026;201500037114;0;7;0;0.0;2.0;0.0;2.0;B01
56027;201500037114;0;31;0;1.0;2.0;1.0;1.0;A01
56028;201500037116;0;7;0;0.0;2.0;3.0;1.0;B01
56029;201500037116;0;2;0;0.0;2.0;1.0;9.0;A01
56030;201500037118;0;7;0;0.0;2.0;1.0;1.0;A01
56031;201500037118;0;7;0;0.0;2.0;4.0;2.0;B01
56032;201500037119;0;7;0;0.0;1.0;1.0;1.0;A01
56033;201500037120;0;7;0;0.0;1.0;1.0;1.0;A01
56034;201500037121;0;7;0;0.0;2.0;3.0;13.0;B01
56035;201500037121;0;33;0;0.0;2.0;1.0;1.0;A01
56036;201500037122;0;37;1;0.0;2.0;1.0;1.0;B01
56037;201500037122;0;7;0;0.0;2.0;1.0;15.0;A01
56038;201500037123;0;7;0;0.0;1.0;1.0;1.0;A01
56039;201500037124;0;7;0;0.0;1.0;1.0;1.0;A01
56040;201500037125;0;1;0;1.0;1.0;0.0;0.0;A01
56041;201500037126;0;2;0;0.0;1.0;2.0;21.0;A01
56042;201500037127;1;7;0;0.0;2.0;1.0;1.0;A01
56043;201500037127;0;31;0;0.0;2.0;0.0;0.0;B01
56044;201500037128;0;7;0;0.0;1.0;2.0;1.0;A01
56045;201500037129;0;33;0;0.0;2.0;2.0;1.0;A01
56046;201500037129;0;10;0;0.0;2.0;3.0;15.0;B01
56047;201500037130;0;7;0;0.0;1.0;2.0;1.0;A01
56048;201500037131;0;34;0;0.0;2.0;8.0;17.0;B01
56049;201500037131;0;7;0;0.0;2.0;6.0;15.0;A01
56050;201500037132;0;7;0;0.0;1.0;4.0;4.0;A01
56051;201500037133;0;1;0;0.0;2.0;2.0;1.0;B01
56052;201500037133;0;7;0;0.0;2.0;6.0;9.0;A01
56053;201500037134;0;7;0;0.0;2.0;4.0;2.0;B01
56054;201500037134;0;10;0;0.0;2.0;1.0;1.0;A01
56055;201500037135;0;1;0;0.0;2.0;1.0;1.0;A01
56056;201500037135;0;10;0;0.0;2.0;7.0;1.0;B01
56057;201500037136;0;1;0;0.0;2.0;8.0;1.0;C01
56058;201500037136;0;7;0;0.0;2.0;1.0;9.0;A01
56059;201500037136;0;10;0;0.0;2.0;1.0;1.0;B01
56060;201500037137;0;7;0;9.0;2.0;7.0;1.0;A01
56061;201500037137;0;7;0;0.0;2.0;1.0;15.0;B01
56062;201500037138;0;7;0;0.0;1.0;8.0;15.0;A01
56063;201500037140;0;7;0;0.0;1.0;7.0;1.0;A01
56064;201500037141;0;7;0;0.0;2.0;1.0;1.0;A01
56065;201500037141;0;14;0;9.0;2.0;1.0;1.0;B01
56066;201500037142;0;7;0;0.0;2.0;3.0;1.0;B01
56067;201500037142;0;7;0;0.0;2.0;2.0;1.0;A01
56068;201500037143;0;7;0;9.0;0.0;1.0;14.0;A01
56069;201500037144;0;7;0;0.0;2.0;4.0;2.0;B01
56070;201500037144;0;7;0;0.0;2.0;1.0;1.0;A01
56071;201500037145;0;7;0;0.0;2.0;3.0;1.0;A01
56072;201500037145;1;7;0;1.0;2.0;2.0;1.0;Z01
56073;201500037146;0;7;0;0.0;2.0;8.0;1.0;B01
56074;201500037146;0;2;0;0.0;2.0;1.0;9.0;A01
56075;201500037147;0;7;0;1.0;1.0;3.0;14.0;A01
56076;201500037148;0;7;0;0.0;1.0;6.0;4.0;A01
56077;201500037149;0;7;0;9.0;0.0;1.0;1.0;A01
56078;201500037150;0;7;0;0.0;2.0;1.0;1.0;A01
56079;201500037150;0;1;0;0.0;2.0;1.0;9.0;B01
56080;201500037151;0;7;0;0.0;2.0;3.0;1.0;B01
56081;201500037151;0;7;0;0.0;2.0;3.0;13.0;A01
56082;201500037152;0;10;0;0.0;1.0;2.0;1.0;A01
56083;201500037153;0;7;0;4.0;0.0;1.0;1.0;A01
56084;201500037154;0;31;0;0.0;1.0;3.0;1.0;A01
56085;201500037155;0;7;0;0.0;1.0;1.0;1.0;A01
56086;201500037156;0;33;0;0.0;2.0;1.0;0.0;B01
56087;201500037156;0;13;0;0.0;2.0;8.0;15.0;A01
56088;201500037157;0;1;0;0.0;0.0;0.0;5.0;A01
56089;201500037157;0;7;0;0.0;2.0;0.0;0.0;B01
56090;201500037158;0;33;0;0.0;2.0;1.0;1.0;A01
56091;201500037158;0;7;0;0.0;2.0;7.0;15.0;B01
56092;201500037159;0;7;0;0.0;2.0;1.0;1.0;A01
56093;201500037159;0;7;0;0.0;2.0;8.0;15.0;B01
56094;201500037160;0;7;0;0.0;2.0;1.0;15.0;A01
56095;201500037160;0;2;0;0.0;2.0;1.0;1.0;B01
56096;201500037161;0;7;0;0.0;1.0;1.0;1.0;A01
56097;201500037162;0;7;0;0.0;2.0;4.0;0.0;A01
56098;201500037162;0;30;0;0.0;2.0;1.0;0.0;B01
56099;201500037164;0;31;0;1.0;1.0;1.0;21.0;A01
56100;201500037164;0;7;0;1.0;0.0;6.0;14.0;B01
56101;201500037165;0;7;0;0.0;2.0;3.0;15.0;B01
56102;201500037165;0;30;0;0.0;2.0;2.0;1.0;A01
56103;201500037166;0;33;0;0.0;2.0;1.0;1.0;B01
56104;201500037166;0;7;0;0.0;2.0;2.0;9.0;A01
56105;201500037167;0;7;0;0.0;2.0;7.0;15.0;A01
56106;201500037167;0;33;0;0.0;2.0;1.0;1.0;B01
56107;201500037168;0;7;0;0.0;1.0;2.0;1.0;A01
56108;201500037169;0;7;0;6.0;0.0;6.0;1.0;A01
56109;201500037171;0;7;0;0.0;2.0;1.0;1.0;A01
56110;201500037171;0;1;0;0.0;2.0;4.0;13.0;B01
56111;201500037173;0;7;0;0.0;1.0;1.0;1.0;A01
56112;201500037174;0;7;0;0.0;2.0;0.0;16.0;A01
56113;201500037174;0;7;0;0.0;2.0;0.0;15.0;B01
56114;201500037175;0;2;0;0.0;2.0;1.0;17.0;A01
56115;201500037175;0;7;0;0.0;2.0;3.0;15.0;B01
56116;201500037176;0;1;0;0.0;2.0;1.0;2.0;B01
56117;201500037176;0;7;0;0.0;2.0;3.0;20.0;A01
56118;201500037177;0;7;0;0.0;1.0;1.0;1.0;A01
56119;201500037178;0;7;0;0.0;1.0;4.0;4.0;A01
56120;201500037179;0;7;0;0.0;1.0;2.0;1.0;A01
56121;201500037180;0;33;0;0.0;1.0;1.0;19.0;A01
56122;201500037182;0;30;0;0.0;2.0;1.0;2.0;B01
56123;201500037182;0;10;0;0.0;2.0;4.0;1.0;A01
56124;201500037184;0;7;0;0.0;2.0;1.0;1.0;B01
56125;201500037184;0;7;0;0.0;2.0;1.0;1.0;A01
56126;201500037185;0;7;0;0.0;2.0;4.0;2.0;B01
56127;201500037185;0;7;0;0.0;2.0;1.0;1.0;A01
56128;201500037186;0;7;0;0.0;1.0;1.0;1.0;A01
56129;201500037188;0;7;0;0.0;2.0;3.0;1.0;B01
56130;201500037188;0;7;0;3.0;2.0;7.0;1.0;A01
56131;201500037189;0;7;0;0.0;1.0;3.0;15.0;A01
56132;201500037190;0;7;0;11.0;0.0;1.0;1.0;A01
56133;201500037191;0;7;0;0.0;1.0;1.0;17.0;A01
56134;201500037192;0;33;0;0.0;2.0;1.0;4.0;A01