;Num_Acc;senc;catv;occutc;obs;obsm;choc;manv;num_veh
56135;201500037192;0;7;0;0.0;2.0;3.0;15.0;B01
56136;201500037195;0;7;0;0.0;1.0;1.0;1.0;A01
56137;201500037196;0;2;0;0.0;1.0;1.0;17.0;A01
56138;201500037197;0;30;0;0.0;1.0;1.0;19.0;A01
56139;201500037198;0;33;0;0.0;2.0;1.0;1.0;A01
56140;201500037198;0;7;0;0.0;2.0;3.0;1.0;B01
56141;201500037200;0;30;0;0.0;2.0;8.0;1.0;B01
56142;201500037200;0;7;0;0.0;2.0;3.0;19.0;A01
56143;201500037201;0;7;0;0.0;2.0;1.0;1.0;A01
56144;201500037201;0;31;0;0.0;2.0;1.0;1.0;B01
56145;201500037202;1;7;0;0.0;1.0;1.0;1.0;A01
56146;201500037204;0;2;0;0.0;2.0;8.0;1.0;B01
56147;201500037204;0;7;0;0.0;2.0;3.0;10.0;A01
56148;201500037205;0;2;0;0.0;2.0;7.0;15.0;A01
56149;201500037205;0;7;0;0.0;2.0;3.0;1.0;B01
56150;201500037206;0;7;0;0.0;1.0;1.0;1.0;A01
56151;201500037208;0;7;0;0.0;1.0;1.0;1.0;A01
56152;201500037209;0;34;0;0.0;2.0;3.0;17.0;A01
56153;201500037209;0;7;0;0.0;2.0;1.0;1.0;B01
56154;201500037210;0;7;0;0.0;2.0;7.0;15.0;A01
56155;201500037210;0;33;0;0.0;2.0;1.0;1.0;B01
56156;201500037211;0;7;0;0.0;2.0;6.0;15.0;A01
56157;201500037211;0;7;0;0.0;2.0;3.0;1.0;B01
56158;201500037212;0;2;0;0.0;0.0;1.0;1.0;A01
56159;201500037213;0;7;0;1.0;2.0;2.0;15.0;A01
56160;201500037214;0;7;0;14.0;0.0;1.0;1.0;A01
56161;201500037215;0;34;0;0.0;2.0;4.0;15.0;B01
56162;201500037215;0;7;0;0.0;2.0;1.0;15.0;A01
56163;201500037215;0;7;0;0.0;2.0;3.0;15.0;C01
56164;201500037216;0;7;0;6.0;2.0;2.0;17.0;A01
56165;201500037216;0;7;0;0.0;0.0;2.0;17.0;B01
56166;201500037217;0;7;0;0.0;1.0;2.0;1.0;A01
56167;201500037218;0;30;0;0.0;2.0;4.0;2.0;B01
56168;201500037218;1;7;0;0.0;2.0;1.0;1.0;A01
56169;201500037220;0;7;0;0.0;2.0;1.0;0.0;A01
56170;201500037220;0;7;0;0.0;2.0;8.0;0.0;B01
56171;201500037222;1;7;0;0.0;2.0;3.0;1.0;A01
56172;201500037222;0;30;0;0.0;2.0;7.0;17.0;B01
56173;201500037223;0;1;0;1.0;0.0;1.0;1.0;B01
56174;201500037223;0;7;0;0.0;2.0;6.0;22.0;A01
56175;201500037224;0;7;0;0.0;0.0;0.0;15.0;A01
56176;201500037224;0;1;0;0.0;0.0;0.0;1.0;B01
56177;201500037225;0;7;0;0.0;2.0;8.0;1.0;B01
56178;201500037225;0;31;0;0.0;2.0;1.0;17.0;A01
56179;201500037226;0;7;0;0.0;0.0;0.0;1.0;A01
56180;201500037227;0;7;0;1.0;0.0;2.0;14.0;A01
56181;201500037228;0;30;0;0.0;2.0;5.0;2.0;B01
56182;201500037228;0;7;0;0.0;2.0;1.0;1.0;A01
56183;201500037230;0;2;0;0.0;2.0;8.0;15.0;A01
56184;201500037230;0;2;0;0.0;2.0;7.0;1.0;B01
56185;201500037231;0;7;0;0.0;2.0;1.0;13.0;A01
56186;201500037231;0;37;1;0.0;2.0;3.0;1.0;B01
56187;201500037232;0;37;1;6.0;0.0;1.0;1.0;A01
56188;201500037233;0;7;0;1.0;0.0;2.0;1.0;A01
56189;201500037234;0;34;0;0.0;2.0;3.0;1.0;A01
56190;201500037234;0;7;0;1.0;2.0;2.0;20.0;B01
56191;201500037235;0;7;0;4.0;0.0;8.0;13.0;A01
56192;201500037236;0;7;0;2.0;0.0;1.0;1.0;A01
56193;201500037237;0;7;0;0.0;0.0;0.0;0.0;A01
56194;201500037238;0;7;0;0.0;2.0;1.0;1.0;A01
56195;201500037238;0;33;0;0.0;2.0;8.0;1.0;B01
56196;201500037239;0;7;0;0.0;9.0;3.0;2.0;A01
56197;201500037239;0;1;0;14.0;0.0;5.0;15.0;B01
56198;201500037241;0;2;0;0.0;2.0;4.0;15.0;B01
56199;201500037241;0;2;0;0.0;2.0;1.0;1.0;A01
56200;201500037242;0;30;0;12.0;0.0;7.0;14.0;A01
56201;201500037244;0;10;0;0.0;2.0;2.0;1.0;A01
56202;201500037244;0;7;0;0.0;2.0;3.0;1.0;B01
56203;201500037245;0;10;0;0.0;2.0;1.0;15.0;B01
56204;201500037245;0;7;0;0.0;2.0;2.0;1.0;A01
56205;201500037246;0;7;0;0.0;2.0;1.0;10.0;A01
56206;201500037246;0;31;0;0.0;2.0;1.0;1.0;B01
56207;201500037247;0;7;0;0.0;1.0;1.0;1.0;A01
56208;201500037249;0;7;0;0.0;1.0;2.0;1.0;A01
56209;201500037250;0;7;0;0.0;2.0;7.0;15.0;A01
56210;201500037250;0;1;0;0.0;2.0;7.0;1.0;B01
56211;201500037251;0;7;0;1.0;2.0;2.0;16.0;A01
56212;201500037251;0;7;0;0.0;2.0;2.0;1.0;B01
56213;201500037252;0;7;0;0.0;1.0;3.0;1.0;A01
56214;201500037253;0;7;0;0.0;1.0;1.0;1.0;A01
56215;201500037254;0;7;0;1.0;2.0;2.0;17.0;A01
56216;201500037254;0;7;0;0.0;2.0;3.0;15.0;B01
56217;201500037255;0;7;0;0.0;1.0;3.0;1.0;A01
56218;201500037256;0;30;0;0.0;2.0;7.0;9.0;B01
56219;201500037256;0;7;0;0.0;2.0;1.0;9.0;A01
56220;201500037257;0;33;0;0.0;2.0;9.0;1.0;C01
56221;201500037257;0;7;0;0.0;2.0;3.0;1.0;A01
56222;201500037257;0;7;0;0.0;2.0;1.0;1.0;B01
56223;201500037258;0;33;0;0.0;2.0;1.0;1.0;A01
56224;201500037258;0;7;0;0.0;2.0;8.0;1.0;B01
56225;201500037259;0;7;0;0.0;1.0;3.0;1.0;A01
56226;201500037260;2;7;0;0.0;2.0;1.0;1.0;A01
56227;201500037260;0;7;0;0.0;2.0;4.0;2.0;B01
56228;201500037260;0;7;0;0.0;2.0;4.0;2.0;C01
56229;201500037261;0;7;0;0.0;2.0;1.0;15.0;A01
56230;201500037261;0;33;0;0.0;2.0;1.0;1.0;B01
56231;201500037262;0;7;0;6.0;0.0;1.0;1.0;A01
56232;201500037263;0;7;0;0.0;2.0;8.0;24.0;A01
56233;201500037263;0;30;0;0.0;2.0;2.0;1.0;B01
56234;201500037264;0;7;0;0.0;2.0;8.0;17.0;A01
56235;201500037264;0;33;0;0.0;2.0;2.0;1.0;B01
56236;201500037265;0;7;0;0.0;2.0;2.0;11.0;A01
56237;201500037265;0;34;0;0.0;2.0;1.0;18.0;B01
56238;201500037266;0;1;0;0.0;2.0;1.0;1.0;B01
56239;201500037266;0;10;0;0.0;2.0;3.0;10.0;A01
56240;201500037267;0;7;0;9.0;0.0;1.0;16.0;A01
56241;201500037268;0;7;0;0.0;2.0;1.0;1.0;A01
56242;201500037268;0;34;0;0.0;2.0;1.0;1.0;B01
56243;201500037270;0;7;0;0.0;1.0;2.0;0.0;A01
56244;201500037271;0;32;0;0.0;2.0;0.0;21.0;A01
56245;201500037271;0;7;0;0.0;0.0;0.0;15.0;B01
56246;201500037272;0;10;0;0.0;1.0;4.0;4.0;A01
56247;201500037273;0;14;0;0.0;2.0;2.0;15.0;B01
56248;201500037273;0;7;0;0.0;2.0;2.0;9.0;A01
56249;201500037275;0;7;0;0.0;1.0;5.0;4.0;A01
56250;201500037277;0;34;0;0.0;2.0;1.0;1.0;B01
56251;201500037277;0;7;0;1.0;2.0;1.0;5.0;A01
56252;201500037278;0;7;0;0.0;1.0;1.0;1.0;A01
56253;201500037279;0;7;0;0.0;1.0;2.0;0.0;A01
56254;201500037280;0;7;0;0.0;1.0;1.0;11.0;A01
56255;201500037281;2;10;0;0.0;1.0;1.0;15.0;A01
56256;201500037282;0;7;0;0.0;1.0;1.0;1.0;A01
56257;201500037283;0;30;0;0.0;2.0;7.0;3.0;A01
56258;201500037283;0;7;0;0.0;2.0;3.0;11.0;B01
56259;201500037283;0;7;0;0.0;2.0;2.0;1.0;C01
56260;201500037284;0;7;0;0.0;2.0;6.0;15.0;B01
56261;201500037284;0;34;0;0.0;2.0;1.0;2.0;A01
56262;201500037285;0;7;0;0.0;2.0;1.0;1.0;A01
56263;201500037285;0;7;0;0.0;2.0;1.0;1.0;B01
56264;201500037286;0;3;0;14.0;2.0;4.0;2.0;B01
56265;201500037286;0;7;0;0.0;2.0;2.0;1.0;A01
56266;201500037287;0;33;0;0.0;2.0;1.0;1.0;B01
56267;201500037287;0;7;0;0.0;2.0;8.0;15.0;A01
56268;201500037288;0;33;0;0.0;2.0;0.0;0.0;B01
56269;201500037288;0;33;0;0.0;2.0;0.0;0.0;A01
56270;201500037289;0;99;0;0.0;2.0;6.0;19.0;A01
56271;201500037289;0;33;0;0.0;2.0;1.0;1.0;B01
56272;201500037290;1;7;0;0.0;1.0;3.0;1.0;A01
56273;201500037291;0;7;0;0.0;1.0;1.0;15.0;A01
56274;201500037292;0;7;0;0.0;2.0;2.0;1.0;A01
56275;201500037292;0;7;0;0.0;2.0;1.0;1.0;B01
56276;201500037293;0;10;0;0.0;2.0;8.0;22.0;A01
56277;201500037293;0;1;0;1.0;0.0;1.0;1.0;B01
56278;201500037295;0;7;0;0.0;2.0;1.0;1.0;A01
56279;201500037295;0;33;0;0.0;2.0;4.0;15.0;B01
56280;201500037296;0;1;0;0.0;2.0;4.0;15.0;B01
56281;201500037296;0;7;0;0.0;2.0;3.0;15.0;A01
56282;201500037297;0;7;0;0.0;0.0;3.0;13.0;A01
56283;201500037297;0;37;0;0.0;0.0;3.0;1.0;B01
56284;201500037298;0;33;0;0.0;2.0;8.0;0.0;B01
56285;201500037298;0;7;0;0.0;2.0;2.0;0.0;A01
56286;201500037299;0;10;0;0.0;2.0;3.0;1.0;A01
56287;201500037299;0;31;0;0.0;2.0;8.0;1.0;B01
56288;201500037300;0;7;0;0.0;2.0;1.0;1.0;B01
56289;201500037300;0;30;0;0.0;2.0;7.0;15.0;A01
56290;201500037302;2;7;0;0.0;2.0;7.0;1.0;A01
56291;201500037302;0;7;0;0.0;1.0;8.0;1.0;B01
56292;201500037303;0;7;0;0.0;1.0;3.0;15.0;A01
56293;201500037304;0;7;0;0.0;1.0;1.0;15.0;A01
56294;201500037305;0;7;0;0.0;1.0;7.0;1.0;A01
56295;201500037306;0;2;0;0.0;0.0;0.0;17.0;A01
56296;201500037307;0;10;0;0.0;2.0;1.0;15.0;B01
56297;201500037307;0;32;0;0.0;2.0;2.0;1.0;A01
56298;201500037308;0;32;0;0.0;2.0;7.0;1.0;A01
56299;201500037308;1;7;0;0.0;2.0;6.0;11.0;Z01
56300;201500037309;0;2;0;0.0;2.0;7.0;1.0;A01
56301;201500037309;0;1;0;0.0;2.0;8.0;15.0;B01
56302;201500037310;0;2;0;0.0;2.0;3.0;1.0;A01
56303;201500037310;0;7;0;0.0;2.0;6.0;1.0;B01
56304;201500037311;0;7;0;0.0;1.0;1.0;1.0;A01
56305;201500037312;0;38;51;0.0;2.0;5.0;17.0;A01
56306;201500037312;0;1;0;0.0;2.0;8.0;1.0;B01
56307;201500037313;0;7;0;0.0;2.0;1.0;1.0;A01
56308;201500037313;0;33;0;0.0;2.0;4.0;2.0;B01
56309;201500037314;0;33;0;0.0;0.0;8.0;21.0;A01
56310;201500037315;0;33;0;0.0;2.0;7.0;1.0;B01
56311;201500037315;0;32;0;0.0;2.0;8.0;9.0;A01
56312;201500037316;0;7;0;0.0;1.0;1.0;1.0;A01
56313;201500037317;0;7;0;0.0;2.0;7.0;15.0;A01
56314;201500037317;0;2;0;0.0;2.0;1.0;1.0;B01
56315;201500037320;0;7;0;0.0;1.0;5.0;1.0;A01
56316;201500037321;0;37;1;0.0;1.0;8.0;1.0;A01
56317;201500037322;0;7;0;0.0;2.0;2.0;2.0;B01
56318;201500037322;0;7;0;0.0;2.0;1.0;1.0;A01
56319;201500037323;0;10;0;0.0;2.0;1.0;2.0;A01
56320;201500037323;0;7;0;0.0;2.0;4.0;2.0;B01
56321;201500037324;0;30;0;0.0;2.0;7.0;15.0;A01
56322;201500037324;0;7;0;0.0;2.0;2.0;1.0;B01
56323;201500037325;0;37;2;0.0;0.0;0.0;0.0;B01
56324;201500037325;0;7;0;0.0;2.0;8.0;13.0;A01
56325;201500037326;1;30;0;0.0;1.0;1.0;1.0;Z01
56326;201500037327;0;2;0;0.0;0.0;0.0;0.0;A01
56327;201500037328;0;1;0;1.0;0.0;2.0;1.0;A01
56328;201500037329;0;34;0;0.0;2.0;1.0;2.0;A01
56329;201500037329;0;10;0;0.0;2.0;4.0;2.0;B01
56330;201500037330;0;7;0;0.0;2.0;3.0;15.0;A01
56331;201500037330;0;30;0;0.0;2.0;8.0;1.0;B01
56332;201500037332;0;32;0;1.0;0.0;1.0;1.0;A01
56333;201500037333;0;33;0;0.0;2.0;7.0;1.0;B01
56334;201500037333;1;7;0;0.0;2.0;7.0;15.0;Z01
56335;201500037334;0;32;0;0.0;1.0;8.0;17.0;A01
56336;201500037335;0;7;0;0.0;1.0;4.0;4.0;A01
56337;201500037336;1;7;0;0.0;1.0;1.0;1.0;Z01
56338;201500037337;0;7;0;0.0;1.0;1.0;1.0;A01
56339;201500037338;0;31;0;0.0;1.0;1.0;17.0;A01
56340;201500037339;0;7;0;0.0;1.0;1.0;1.0;A01
56341;201500037340;0;33;0;0.0;2.0;3.0;15.0;B01
56342;201500037340;0;1;0;0.0;2.0;1.0;1.0;A01
56343;201500037341;0;33;0;0.0;1.0;1.0;1.0;A01
56344;201500037342;0;7;0;1.0;2.0;1.0;5.0;A01
56345;201500037342;0;7;0;0.0;2.0;3.0;1.0;B01
56346;201500037343;0;7;0;9.0;0.0;1.0;21.0;A01
56347;201500037344;0;7;0;8.0;0.0;1.0;21.0;A01
56348;201500037345;0;10;0;0.0;2.0;2.0;16.0;B01
56349;201500037345;0;30;0;0.0;2.0;3.0;18.0;A01
56350;201500037346;0;7;0;0.0;2.0;1.0;15.0;A01
56351;201500037346;0;33;0;0.0;2.0;1.0;1.0;B01
56352;201500037347;0;34;0;0.0;1.0;1.0;1.0;A01
56353;201500037348;0;33;0;0.0;2.0;3.0;18.0;A01
56354;201500037348;0;2;0;0.0;2.0;5.0;16.0;B01
56355;201500037349;0;1;0;0.0;2.0;1.0;2.0;A01
56356;201500037349;0;10;0;0.0;2.0;4.0;2.0;B01
56357;201500037350;0;7;0;0.0;2.0;6.0;16.0;B01
56358;201500037350;0;1;0;0.0;2.0;1.0;1.0;A01
56359;201500037351;0;7;0;0.0;1.0;1.0;15.0;A01
56360;201500037352;0;7;0;0.0;1.0;1.0;1.0;A01
56361;201500037353;0;33;0;0.0;2.0;8.0;15.0;A01
56362;201500037353;0;7;0;0.0;2.0;2.0;1.0;B01
56363;201500037354;0;10;0;0.0;1.0;4.0;4.0;A01
56364;201500037355;1;7;0;0.0;1.0;1.0;1.0;Z01
56365;201500037356;0;7;0;0.0;2.0;2.0;14.0;A01
56366;201500037356;0;33;0;0.0;2.0;8.0;1.0;B01
56367;201500037358;0;3;0;0.0;0.0;0.0;0.0;A01
56368;201500037358;0;7;0;0.0;0.0;0.0;0.0;B01
56369;201500037359;0;7;0;0.0;2.0;8.0;15.0;B01
56370;201500037359;0;7;0;0.0;2.0;3.0;15.0;A01
56371;201500037360;0;2;0;0.0;1.0;1.0;1.0;A01
56372;201500037361;0;99;0;0.0;1.0;0.0;0.0;A01
56373;201500037363;0;7;0;0.0;1.0;0.0;0.0;A01
56374;201500037364;0;7;0;0.0;1.0;1.0;15.0;A01
56375;201500037365;0;7;0;0.0;2.0;8.0;1.0;A01
56376;201500037365;0;7;0;0.0;2.0;1.0;1.0;B01
56377;201500037366;0;2;0;0.0;2.0;1.0;1.0;B01
56378;201500037366;0;7;0;0.0;2.0;3.0;15.0;A01
56379;201500037367;0;7;0;0.0;2.0;7.0;22.0;A01
56380;201500037367;0;1;0;1.0;0.0;1.0;1.0;B01
56381;201500037368;0;7;0;0.0;2.0;1.0;16.0;A01
56382;201500037368;0;7;0;0.0;2.0;2.0;1.0;B01
56383;201500037369;0;33;0;0.0;1.0;8.0;1.0;A01
56384;201500037370;0;7;0;0.0;1.0;1.0;1.0;A01
56385;201500037371;0;10;0;0.0;2.0;1.0;2.0;A01
56386;201500037371;0;7;0;0.0;2.0;4.0;2.0;B01
56387;201500037372;0;2;0;0.0;2.0;1.0;18.0;A01
56388;201500037372;0;7;0;0.0;2.0;6.0;1.0;B01
56389;201500037373;0;7;0;14.0;0.0;8.0;1.0;A01
56390;201500037374;0;2;0;0.0;2.0;1.0;17.0;A01
56391;201500037374;0;7;0;0.0;2.0;3.0;15.0;B01
56392;201500037375;0;31;0;0.0;2.0;7.0;1.0;A01
56393;201500037375;0;7;0;0.0;2.0;8.0;16.0;B01
56394;201500037376;0;7;0;0.0;1.0;1.0;1.0;A01
56395;201500037377;0;30;0;11.0;0.0;8.0;1.0;A01
56396;201500037378;0;32;0;0.0;0.0;8.0;1.0;A01
56397;201500037379;1;32;0;0.0;1.0;1.0;1.0;Z01
56398;201500037381;0;1;0;0.0;2.0;1.0;2.0;A01
56399;201500037381;0;7;0;0.0;2.0;5.0;2.0;B01
56400;201500037382;0;7;0;0.0;2.0;1.0;15.0;A01
56401;201500037382;0;34;0;0.0;2.0;8.0;17.0;B01
56402;201500037384;0;7;0;0.0;2.0;1.0;17.0;A01
56403;201500037384;0;13;0;0.0;2.0;6.0;1.0;B01
56404;201500037385;0;10;0;0.0;2.0;2.0;15.0;A01
56405;201500037385;0;7;0;0.0;2.0;3.0;1.0;B01
56406;201500037386;0;1;0;0.0;2.0;1.0;1.0;B01
56407;201500037386;0;99;0;0.0;2.0;6.0;4.0;A01
56408;201500037387;0;1;0;0.0;2.0;1.0;2.0;A01
56409;201500037387;0;10;0;0.0;2.0;5.0;16.0;B01
56410;201500037388;0;7;0;0.0;2.0;1.0;1.0;A01
56411;201500037388;0;32;0;0.0;2.0;4.0;1.0;B01
56412;201500037389;0;7;0;0.0;2.0;8.0;15.0;A01
56413;201500037389;0;2;0;0.0;2.0;8.0;1.0;B01
56414;201500037390;0;7;0;0.0;2.0;4.0;4.0;A01
56415;201500037390;0;32;0;0.0;2.0;1.0;1.0;B01
56416;201500037391;0;32;0;0.0;2.0;1.0;17.0;A01
56417;201500037391;0;7;0;0.0;2.0;3.0;15.0;B01
56418;201500037392;0;7;0;0.0;2.0;2.0;22.0;A01
56419;201500037392;0;1;0;0.0;2.0;8.0;18.0;B01
56420;201500037393;0;30;0;0.0;2.0;1.0;17.0;A01
56421;201500037393;0;7;0;0.0;2.0;3.0;15.0;B01
56422;201500037394;0;2;0;0.0;2.0;0.0;0.0;B01
56423;201500037394;1;7;0;0.0;2.0;0.0;1.0;Z01
56424;201500037395;0;2;0;0.0;2.0;1.0;15.0;A01
56425;201500037395;0;7;0;0.0;2.0;3.0;1.0;B01
56426;201500037396;0;7;0;0.0;2.0;8.0;1.0;A01
56427;201500037396;1;13;0;0.0;2.0;7.0;14.0;Z01
56428;201500037397;0;32;0;0.0;2.0;1.0;2.0;A01
56429;201500037397;1;7;0;0.0;2.0;4.0;2.0;Z01
56430;201500037398;0;10;0;0.0;2.0;2.0;16.0;A01
56431;201500037398;0;33;0;0.0;2.0;8.0;1.0;B01
56432;201500037399;0;7;0;0.0;2.0;1.0;1.0;A01
56433;201500037399;0;7;0;0.0;2.0;4.0;1.0;B01
56434;201500037400;0;2;0;0.0;2.0;8.0;1.0;B01
56435;201500037400;0;7;0;0.0;2.0;1.0;1.0;A01
56436;201500037401;0;7;0;11.0;2.0;7.0;1.0;B01
56437;201500037401;0;7;0;0.0;2.0;0.0;0.0;A01
56438;201500037403;0;13;0;0.0;1.0;1.0;1.0;A01
56439;201500037405;0;7;0;0.0;1.0;3.0;1.0;A01
56440;201500037406;0;32;0;0.0;0.0;0.0;21.0;A01
56441;201500037407;0;32;0;0.0;2.0;8.0;1.0;B01
56442;201500037407;0;13;0;0.0;2.0;8.0;1.0;A01
56443;201500037408;0;32;0;0.0;2.0;1.0;1.0;B01
56444;201500037408;0;7;0;0.0;2.0;5.0;9.0;A01
56445;201500037409;0;32;0;0.0;2.0;1.0;3.0;A01
56446;201500037409;0;7;0;0.0;2.0;8.0;15.0;B01
56447;201500037410;0;7;0;0.0;2.0;7.0;15.0;A01
56448;201500037410;0;32;0;0.0;2.0;1.0;1.0;B01
56449;201500037413;0;7;0;0.0;1.0;3.0;15.0;A01
56450;201500037414;0;32;0;0.0;0.0;8.0;1.0;A01
56451;201500037415;0;1;0;12.0;0.0;1.0;15.0;A01
56452;201500037416;0;31;0;1.0;0.0;1.0;1.0;A01
56453;201500037418;0;7;0;0.0;1.0;5.0;16.0;A01
56454;201500037419;0;7;0;0.0;2.0;7.0;1.0;A01
56455;201500037419;0;7;0;0.0;2.0;1.0;1.0;B01
56456;201500037420;0;7;0;1.0;2.0;3.0;1.0;A01
56457;201500037420;1;7;0;0.0;2.0;0.0;17.0;Z01
56458;201500037420;0;7;0;0.0;2.0;1.0;16.0;B01
56459;201500037421;0;30;0;8.0;0.0;1.0;0.0;A01
56460;201500037422;0;7;0;0.0;1.0;4.0;4.0;A01
56461;201500037423;0;7;0;15.0;0.0;8.0;21.0;A01
56462;201500037424;0;7;0;0.0;2.0;5.0;1.0;A01
56463;201500037424;0;7;0;0.0;2.0;1.0;1.0;B01
56464;201500037425;0;7;0;0.0;1.0;2.0;1.0;A01
56465;201500037426;0;32;0;1.0;0.0;7.0;1.0;B01
56466;201500037426;0;7;0;0.0;2.0;2.0;22.0;A01
56467;201500037427;0;20;0;0.0;2.0;2.0;2.0;A01
56468;201500037427;0;1;0;0.0;2.0;8.0;2.0;B01
56469;201500037428;0;7;0;0.0;1.0;7.0;2.0;A01
56470;201500037429;0;31;0;0.0;2.0;1.0;1.0;A01
56471;201500037429;0;10;0;0.0;2.0;2.0;16.0;B01
56472;201500037430;0;7;0;0.0;1.0;1.0;1.0;A01
56473;201500037431;0;14;0;0.0;1.0;4.0;4.0;A01
56474;201500037432;0;7;0;0.0;1.0;1.0;16.0;A01
56475;201500037433;0;33;0;0.0;1.0;1.0;1.0;A01
56476;201500037434;0;14;0;0.0;2.0;3.0;1.0;B01
56477;201500037434;0;7;0;0.0;2.0;2.0;9.0;A01
56478;201500037435;0;7;0;0.0;1.0;4.0;4.0;A01
56479;201500037436;0;2;0;0.0;2.0;8.0;15.0;B01
56480;201500037436;0;7;0;8.0;2.0;1.0;1.0;A01
56481;201500037437;0;7;0;0.0;2.0;3.0;13.0;A01
56482;201500037437;0;33;0;0.0;2.0;7.0;1.0;B01
56483;201500037438;0;7;0;0.0;1.0;2.0;2.0;A01
56484;201500037439;0;30;0;0.0;2.0;5.0;2.0;A01
56485;201500037439;0;14;0;0.0;2.0;5.0;2.0;B01
56486;201500037440;0;7;0;0.0;2.0;1.0;13.0;A01
56487;201500037440;0;7;0;0.0;2.0;1.0;1.0;B01
56488;201500037442;0;7;0;0.0;1.0;3.0;11.0;A01
56489;201500037443;0;10;0;0.0;1.0;4.0;4.0;A01
56490;201500037444;0;99;0;0.0;2.0;5.0;15.0;A01
56491;201500037444;0;33;0;0.0;2.0;2.0;2.0;B01
56492;201500037445;0;7;0;0.0;2.0;5.0;14.0;A01
56493;201500037445;0;7;0;0.0;2.0;3.0;1.0;B01
56494;201500037446;1;7;0;0.0;2.0;4.0;4.0;Z01
56495;201500037446;0;1;0;0.0;2.0;1.0;1.0;B01
56496;201500037447;0;33;0;2.0;0.0;1.0;1.0;A01
56497;201500037448;0;32;0;0.0;2.0;0.0;1.0;B01
56498;201500037448;0;7;0;0.0;2.0;1.0;1.0;A01
56499;201500037449;0;7;0;0.0;1.0;1.0;15.0;A01
56500;201500037450;0;10;0;0.0;1.0;7.0;17.0;A01
56501;201500037451;0;10;0;0.0;1.0;1.0;1.0;A01
56502;201500037453;0;32;0;0.0;2.0;1.0;1.0;B01
56503;201500037453;0;7;0;0.0;2.0;7.0;1.0;A01
56504;201500037454;0;7;0;0.0;1.0;8.0;1.0;A01
56505;201500037455;0;30;0;0.0;2.0;7.0;1.0;B01
56506;201500037455;0;10;0;0.0;2.0;7.0;15.0;A01
56507;201500037456;0;2;0;15.0;0.0;2.0;2.0;A01
56508;201500037457;0;7;0;0.0;2.0;3.0;13.0;A01
56509;201500037457;0;7;0;0.0;2.0;3.0;23.0;B01
56510;201500037458;0;33;0;0.0;2.0;8.0;1.0;B01
56511;201500037458;0;7;0;0.0;2.0;1.0;17.0;C01
56512;201500037458;0;7;0;0.0;2.0;0.0;4.0;A01
56513;201500037459;0;7;0;0.0;1.0;1.0;1.0;A01
56514;201500037460;0;7;0;0.0;2.0;7.0;12.0;A01
56515;201500037460;0;34;0;0.0;2.0;7.0;3.0;B01
56516;201500037461;0;2;0;0.0;0.0;1.0;1.0;A01
56517;201500037462;0;2;0;0.0;2.0;1.0;1.0;B01
56518;201500037462;0;7;0;0.0;2.0;2.0;1.0;A01
56519;201500037463;0;7;0;0.0;1.0;3.0;1.0;A01
56520;201500037464;0;33;0;0.0;2.0;3.0;2.0;B01
56521;201500037464;0;13;0;0.0;2.0;3.0;15.0;A01
56522;201500037465;0;2;0;0.0;0.0;7.0;2.0;A01
56523;201500037465;0;7;0;0.0;0.0;5.0;2.0;B01
56524;201500037466;0;33;0;0.0;2.0;3.0;15.0;B01
56525;201500037466;0;7;0;0.0;2.0;3.0;2.0;A01
56526;201500037467;2;30;0;0.0;2.0;1.0;0.0;Z01
56527;201500037467;0;1;0;0.0;2.0;8.0;1.0;B01
56528;201500037468;0;7;0;0.0;2.0;4.0;1.0;B01
56529;201500037468;0;7;0;0.0;2.0;1.0;1.0;A01
56530;201500037469;0;10;0;0.0;1.0;4.0;4.0;A01
56531;201500037470;0;7;0;0.0;1.0;0.0;0.0;A01
56532;201500037471;0;7;0;0.0;1.0;2.0;1.0;A01
56533;201500037472;0;7;0;0.0;1.0;3.0;1.0;A01
56534;201500037473;0;34;0;0.0;2.0;7.0;1.0;B01
56535;201500037473;0;7;0;0.0;2.0;2.0;15.0;A01
56536;201500037475;0;7;0;0.0;1.0;3.0;12.0;A01
56537;201500037477;0;7;0;2.0;2.0;9.0;2.0;A01
56538;201500037477;0;7;0;0.0;2.0;5.0;23.0;B01
56539;201500037478;0;7;0;0.0;1.0;1.0;1.0;A01
56540;201500037479;0;7;0;0.0;1.0;1.0;1.0;A01
56541;201500037480;0;7;0;0.0;2.0;4.0;2.0;A01
56542;201500037480;0;33;0;0.0;2.0;1.0;2.0;B01
56543;201500037482;0;33;0;0.0;0.0;7.0;1.0;B01
56544;201500037482;1;7;0;0.0;0.0;0.0;15.0;A01
56545;201500037483;1;99;0;1.0;9.0;4.0;24.0;A01
56546;201500037483;0;1;0;1.0;0.0;1.0;1.0;B01
56547;201500037484;0;33;0;0.0;2.0;1.0;18.0;B01
56548;201500037484;0;7;0;0.0;2.0;2.0;16.0;A01
56549;201500037485;0;33;0;0.0;2.0;8.0;1.0;A01
56550;201500037485;0;7;0;0.0;2.0;1.0;1.0;B01
56551;201500037486;0;7;0;0.0;2.0;4.0;2.0;B01
56552;201500037486;0;33;0;0.0;2.0;1.0;2.0;A01
56553;201500037487;0;7;0;0.0;2.0;6.0;4.0;A01