;Num_Acc;senc;catv;occutc;obs;obsm;choc;manv;num_veh
56554;201500037487;0;7;0;0.0;2.0;2.0;2.0;B01
56555;201500037488;0;7;0;0.0;1.0;1.0;1.0;A01
56556;201500037489;0;7;0;0.0;2.0;2.0;15.0;A01
56557;201500037489;0;31;0;0.0;2.0;1.0;1.0;B01
56558;201500037490;0;7;0;0.0;2.0;1.0;1.0;A01
56559;201500037490;0;7;0;0.0;2.0;3.0;1.0;B01
56560;201500037491;0;31;0;0.0;2.0;2.0;1.0;A01
56561;201500037491;0;7;0;0.0;9.0;3.0;15.0;B01
56562;201500037492;0;7;0;0.0;0.0;0.0;0.0;B01
56563;201500037492;0;99;0;0.0;2.0;3.0;1.0;A01
56564;201500037493;0;31;0;0.0;2.0;3.0;1.0;B01
56565;201500037493;0;7;0;0.0;2.0;2.0;15.0;A01
56566;201500037494;0;7;0;0.0;2.0;2.0;16.0;A01
56567;201500037494;0;7;0;0.0;2.0;2.0;1.0;B01
56568;201500037495;0;7;0;0.0;2.0;2.0;2.0;B01
56569;201500037495;0;33;0;0.0;2.0;1.0;1.0;C01
56570;201500037495;0;7;0;0.0;2.0;2.0;15.0;A01
56571;201500037496;0;7;0;0.0;1.0;4.0;4.0;A01
56572;201500037497;0;7;0;0.0;2.0;6.0;2.0;B01
56573;201500037497;0;7;0;0.0;2.0;2.0;2.0;A01
56574;201500037498;0;37;44;0.0;1.0;2.0;14.0;A01
56575;201500037499;2;32;0;0.0;2.0;1.0;1.0;B01
56576;201500037499;0;7;0;0.0;2.0;2.0;16.0;A01
56577;201500037500;0;30;0;0.0;0.0;1.0;1.0;A01
56578;201500037501;0;7;0;0.0;1.0;2.0;15.0;A01
56579;201500037503;0;2;0;0.0;2.0;1.0;9.0;A01
56580;201500037503;0;7;0;0.0;2.0;2.0;2.0;B01
56581;201500037504;0;7;0;0.0;1.0;1.0;1.0;A01
56582;201500037505;0;7;0;0.0;2.0;1.0;1.0;B01
56583;201500037505;0;7;0;0.0;2.0;3.0;9.0;A01
56584;201500037506;0;7;0;0.0;2.0;6.0;15.0;B01
56585;201500037506;1;7;0;0.0;2.0;1.0;1.0;A01
56586;201500037507;0;7;0;0.0;2.0;2.0;10.0;A01
56587;201500037507;0;31;0;0.0;2.0;1.0;1.0;B01
56588;201500037508;0;7;0;0.0;2.0;1.0;1.0;A01
56589;201500037508;0;7;0;0.0;2.0;3.0;1.0;B01
56590;201500037509;0;7;0;0.0;1.0;1.0;1.0;A01
56591;201500037510;0;34;0;0.0;2.0;5.0;1.0;A01
56592;201500037510;0;7;0;0.0;2.0;3.0;15.0;B01
56593;201500037511;0;7;0;0.0;1.0;3.0;1.0;A01
56594;201500037512;0;7;0;0.0;1.0;2.0;18.0;A01
56595;201500037513;0;7;0;0.0;2.0;1.0;2.0;A01
56596;201500037513;0;7;0;0.0;2.0;4.0;2.0;B01
56597;201500037514;0;7;0;0.0;1.0;1.0;2.0;A01
56598;201500037515;0;7;0;0.0;2.0;1.0;1.0;B01
56599;201500037515;0;7;0;0.0;2.0;3.0;15.0;A01
56600;201500037516;0;33;0;0.0;2.0;1.0;1.0;A01
56601;201500037516;0;7;0;0.0;9.0;2.0;15.0;B01
56602;201500037517;0;7;0;0.0;1.0;4.0;4.0;A01
56603;201500037518;0;7;0;0.0;9.0;3.0;1.0;A01
56604;201500037518;0;2;0;0.0;2.0;3.0;16.0;B01
56605;201500037519;0;7;0;0.0;2.0;3.0;1.0;B01
56606;201500037519;0;7;0;0.0;2.0;1.0;10.0;A01
56607;201500037520;0;7;0;14.0;0.0;1.0;6.0;A01
56608;201500037521;0;7;0;0.0;1.0;3.0;1.0;A01
56609;201500037522;0;7;0;0.0;2.0;3.0;15.0;A01
56610;201500037522;0;32;0;0.0;2.0;8.0;1.0;B01
56611;201500037523;0;10;0;0.0;2.0;7.0;15.0;A01
56612;201500037523;0;1;0;0.0;2.0;1.0;1.0;B01
56613;201500037524;0;7;0;0.0;1.0;1.0;15.0;A01
56614;201500037525;0;7;0;4.0;0.0;1.0;1.0;A01
56615;201500037526;0;7;0;0.0;1.0;2.0;15.0;A01
56616;201500037527;0;7;0;0.0;2.0;4.0;1.0;B01
56617;201500037527;0;10;0;0.0;2.0;1.0;2.0;A01
56618;201500037529;0;7;0;0.0;1.0;4.0;4.0;A01
56619;201500037530;0;33;0;0.0;0.0;1.0;21.0;A01
56620;201500037531;0;30;0;0.0;2.0;1.0;17.0;B01
56621;201500037531;0;7;0;0.0;2.0;3.0;10.0;A01
56622;201500037534;0;7;0;0.0;2.0;8.0;15.0;A01
56623;201500037534;0;7;0;0.0;2.0;2.0;1.0;B01
56624;201500037535;0;7;0;0.0;1.0;4.0;20.0;A01
56625;201500037536;0;32;0;0.0;2.0;7.0;1.0;B01
56626;201500037536;0;7;0;0.0;2.0;8.0;15.0;A01
56627;201500037537;0;10;0;0.0;2.0;2.0;5.0;A01
56628;201500037537;0;32;0;0.0;2.0;3.0;1.0;B01
56629;201500037538;0;7;0;0.0;2.0;1.0;2.0;A01
56630;201500037538;0;7;0;0.0;2.0;4.0;23.0;B01
56631;201500037539;0;7;0;11.0;0.0;3.0;1.0;A01
56632;201500037540;0;31;0;0.0;0.0;1.0;13.0;B01
56633;201500037540;0;7;0;0.0;0.0;0.0;12.0;A01
56634;201500037541;0;33;0;0.0;2.0;1.0;2.0;B01
56635;201500037541;0;7;0;0.0;2.0;4.0;1.0;A01
56636;201500037542;0;7;0;0.0;1.0;2.0;1.0;A01
56637;201500037544;0;7;0;0.0;2.0;1.0;2.0;A01
56638;201500037544;0;30;0;0.0;2.0;4.0;23.0;B01
56639;201500037545;0;2;0;0.0;1.0;1.0;9.0;A01
56640;201500037546;0;32;0;0.0;0.0;1.0;21.0;A01
56641;201500037546;0;7;0;0.0;0.0;0.0;1.0;B01
56642;201500037547;0;30;0;0.0;2.0;4.0;1.0;B01
56643;201500037547;0;7;0;0.0;2.0;3.0;2.0;A01
56644;201500037548;0;7;0;0.0;1.0;1.0;1.0;A01
56645;201500037549;0;7;0;0.0;2.0;5.0;16.0;A01
56646;201500037549;0;2;0;0.0;2.0;3.0;9.0;B01
56647;201500037550;0;7;0;0.0;2.0;2.0;15.0;A01
56648;201500037550;0;7;0;0.0;2.0;1.0;1.0;B01
56649;201500037551;0;10;0;0.0;2.0;3.0;15.0;A01
56650;201500037551;0;33;0;0.0;2.0;1.0;17.0;B01
56651;201500037552;0;1;0;0.0;2.0;1.0;1.0;A01
56652;201500037552;0;7;0;0.0;2.0;5.0;0.0;B01
56653;201500037554;0;7;0;0.0;2.0;1.0;2.0;A01
56654;201500037554;0;33;0;0.0;2.0;4.0;23.0;B01
56655;201500037555;0;7;0;0.0;2.0;1.0;1.0;A01
56656;201500037555;0;7;0;0.0;0.0;4.0;1.0;B01
56657;201500037556;0;33;0;0.0;2.0;2.0;1.0;B01
56658;201500037556;0;7;0;0.0;2.0;0.0;0.0;A01
56659;201500037557;0;7;0;0.0;1.0;1.0;15.0;A01
56660;201500037558;1;32;0;0.0;2.0;1.0;1.0;A01
56661;201500037558;0;32;0;0.0;2.0;3.0;17.0;B01
56662;201500037559;0;7;0;0.0;1.0;2.0;1.0;A01
56663;201500037560;0;2;0;0.0;0.0;1.0;21.0;A01
56664;201500037561;0;7;0;0.0;2.0;8.0;1.0;B01
56665;201500037561;0;31;0;0.0;2.0;2.0;17.0;A01
56666;201500037562;0;33;0;0.0;1.0;2.0;1.0;A01
56667;201500037563;0;33;0;0.0;0.0;1.0;1.0;A01
56668;201500037564;0;7;0;0.0;2.0;3.0;15.0;A01
56669;201500037564;0;31;0;0.0;2.0;1.0;17.0;B01
56670;201500037565;0;7;0;0.0;2.0;7.0;1.0;B01
56671;201500037565;0;10;0;0.0;2.0;1.0;1.0;A01
56672;201500037566;0;7;0;0.0;1.0;1.0;2.0;A01
56673;201500037566;0;1;0;0.0;2.0;4.0;1.0;B01
56674;201500037567;0;7;0;0.0;2.0;1.0;2.0;A01
56675;201500037567;0;7;0;0.0;2.0;4.0;23.0;B01
56676;201500037568;0;7;0;0.0;1.0;1.0;1.0;A01
56677;201500037569;0;33;0;0.0;2.0;1.0;16.0;A01
56678;201500037569;0;7;0;0.0;2.0;2.0;16.0;B01
56679;201500037570;0;7;0;1.0;0.0;3.0;13.0;A01
56680;201500037571;0;7;0;0.0;2.0;3.0;15.0;A01
56681;201500037571;0;32;0;0.0;2.0;5.0;17.0;B01
56682;201500037572;0;32;0;0.0;2.0;1.0;1.0;B01
56683;201500037572;0;32;0;0.0;2.0;2.0;16.0;A01
56684;201500037573;0;34;0;0.0;0.0;7.0;1.0;A01
56685;201500037575;0;7;0;0.0;2.0;2.0;1.0;A01
56686;201500037575;0;7;0;0.0;2.0;6.0;24.0;B01
56687;201500037576;0;7;0;0.0;2.0;1.0;2.0;B01
56688;201500037576;0;7;0;0.0;2.0;4.0;1.0;C01
56689;201500037576;0;7;0;0.0;2.0;1.0;2.0;A01
56690;201500037577;0;33;0;0.0;2.0;3.0;3.0;B01
56691;201500037577;0;7;0;0.0;2.0;2.0;14.0;A01
56692;201500037578;0;37;10;0.0;2.0;1.0;1.0;B01
56693;201500037578;0;7;0;0.0;2.0;5.0;19.0;A01
56694;201500037579;0;7;0;0.0;1.0;4.0;4.0;A01
56695;201500037580;0;32;0;0.0;2.0;5.0;17.0;B01
56696;201500037580;0;7;0;0.0;2.0;1.0;9.0;A01
56697;201500037581;0;7;0;0.0;1.0;1.0;9.0;A01
56698;201500037582;0;2;0;0.0;0.0;8.0;13.0;A01
56699;201500037583;0;32;0;0.0;0.0;8.0;1.0;A01
56700;201500037584;0;7;0;0.0;1.0;1.0;1.0;A01
56701;201500037585;0;7;0;0.0;2.0;0.0;1.0;C01
56702;201500037585;0;7;0;0.0;2.0;1.0;9.0;A01
56703;201500037585;0;33;0;0.0;2.0;1.0;1.0;B01
56704;201500037586;0;7;0;0.0;2.0;2.0;1.0;A01
56705;201500037586;0;2;0;0.0;2.0;8.0;1.0;B01
56706;201500037588;0;37;10;0.0;1.0;2.0;1.0;A01
56707;201500037589;0;7;0;0.0;1.0;1.0;1.0;A01
56708;201500037590;1;7;0;0.0;0.0;0.0;15.0;B01
56709;201500037590;0;33;0;0.0;0.0;7.0;1.0;A01
56710;201500037591;0;7;0;0.0;1.0;2.0;15.0;A01
56711;201500037592;0;7;0;0.0;2.0;1.0;15.0;A01
56712;201500037592;0;7;0;0.0;2.0;7.0;1.0;B01
56713;201500037593;0;7;0;0.0;2.0;1.0;1.0;B01
56714;201500037593;0;7;0;0.0;2.0;1.0;1.0;C01
56715;201500037593;0;10;0;0.0;2.0;1.0;5.0;A01
56716;201500037594;0;7;0;0.0;2.0;3.0;13.0;B01
56717;201500037594;0;31;0;0.0;2.0;7.0;17.0;A01
56718;201500037595;0;7;0;0.0;1.0;4.0;4.0;A01
56719;201500037596;0;7;0;0.0;0.0;2.0;16.0;B01
56720;201500037596;0;33;0;0.0;2.0;1.0;16.0;A01
56721;201500037597;0;7;0;0.0;2.0;3.0;15.0;A01
56722;201500037597;0;30;0;0.0;2.0;1.0;1.0;B01
56723;201500037598;0;30;0;0.0;0.0;0.0;1.0;A01
56724;201500037599;0;33;0;0.0;2.0;8.0;3.0;A01
56725;201500037599;0;7;0;0.0;2.0;2.0;2.0;B01
56726;201500037600;0;1;0;0.0;2.0;1.0;1.0;A01
56727;201500037600;0;7;0;0.0;0.0;4.0;1.0;B01
56728;201500037601;0;7;0;0.0;2.0;4.0;4.0;A01
56729;201500037601;0;32;0;0.0;2.0;1.0;1.0;B01
56730;201500037602;0;7;0;0.0;0.0;4.0;2.0;B01
56731;201500037602;0;33;0;1.0;2.0;1.0;0.0;A01
56732;201500037603;0;31;0;0.0;1.0;1.0;1.0;A01
56733;201500037604;0;31;0;0.0;2.0;1.0;18.0;A01
56734;201500037604;0;7;0;0.0;9.0;7.0;22.0;B01
56735;201500037606;0;31;0;0.0;2.0;2.0;1.0;B01
56736;201500037606;0;7;0;0.0;2.0;3.0;13.0;A01
56737;201500037607;0;2;0;0.0;1.0;1.0;17.0;A01
56738;201500037608;0;1;0;1.0;0.0;1.0;1.0;B01
56739;201500037608;0;7;0;0.0;9.0;8.0;24.0;A01
56740;201500037609;0;1;0;1.0;0.0;1.0;1.0;B01
56741;201500037609;0;7;0;0.0;2.0;8.0;24.0;A01
56742;201500037610;1;7;0;1.0;2.0;1.0;15.0;A01
56743;201500037610;0;33;0;0.0;2.0;1.0;1.0;B01
56744;201500037611;0;7;0;0.0;2.0;6.0;4.0;A01
56745;201500037611;0;7;0;0.0;2.0;8.0;1.0;C01
56746;201500037611;0;30;0;0.0;2.0;1.0;1.0;B01
56747;201500037612;0;32;0;0.0;2.0;4.0;23.0;B01
56748;201500037612;0;7;0;0.0;2.0;1.0;1.0;A01
56749;201500037613;0;7;0;0.0;2.0;1.0;1.0;B01
56750;201500037613;0;7;0;0.0;2.0;6.0;15.0;A01
56751;201500037614;1;7;0;0.0;2.0;2.0;14.0;A01
56752;201500037614;0;2;0;0.0;2.0;4.0;1.0;B01
56753;201500037615;0;7;0;1.0;0.0;3.0;13.0;A01
56754;201500037616;0;7;0;0.0;1.0;3.0;1.0;A01
56755;201500037618;0;7;0;1.0;0.0;2.0;1.0;A01
56756;201500037619;0;7;0;0.0;2.0;1.0;15.0;A01
56757;201500037619;0;32;0;8.0;2.0;1.0;1.0;B01
56758;201500037620;0;31;0;0.0;2.0;1.0;3.0;A01
56759;201500037620;0;7;0;0.0;2.0;8.0;1.0;C01
56760;201500037620;0;31;0;0.0;2.0;7.0;1.0;B01
56761;201500037621;0;7;0;0.0;2.0;4.0;1.0;B01
56762;201500037621;0;31;0;0.0;2.0;1.0;1.0;A01
56763;201500037622;0;7;0;0.0;2.0;8.0;18.0;B01
56764;201500037622;0;7;0;0.0;2.0;7.0;15.0;A01
56765;201500037623;0;7;0;8.0;2.0;4.0;1.0;B01
56766;201500037623;0;32;0;0.0;2.0;1.0;13.0;A01
56767;201500037624;0;99;0;0.0;2.0;3.0;10.0;A01
56768;201500037624;0;34;0;0.0;2.0;3.0;2.0;B01
56769;201500037625;0;7;0;0.0;2.0;4.0;1.0;B01
56770;201500037625;0;7;0;0.0;2.0;1.0;1.0;A01
56771;201500037626;1;10;0;0.0;2.0;7.0;0.0;A01
56772;201500037626;0;7;0;0.0;2.0;7.0;0.0;B01
56773;201500037627;1;7;0;0.0;2.0;8.0;13.0;A01
56774;201500037627;0;30;0;0.0;2.0;8.0;1.0;B01
56775;201500037628;0;31;0;0.0;0.0;0.0;1.0;A01
56776;201500037629;0;7;0;0.0;2.0;4.0;1.0;C01
56777;201500037629;0;7;0;0.0;2.0;1.0;1.0;A01
56778;201500037629;0;7;0;0.0;2.0;4.0;1.0;B01
56779;201500037630;0;30;0;0.0;0.0;1.0;1.0;A01
56780;201500037631;0;30;0;0.0;2.0;1.0;1.0;A01
56781;201500037631;0;7;0;0.0;2.0;6.0;1.0;B01
56782;201500037632;0;7;0;0.0;1.0;8.0;1.0;A01
56783;201500037633;0;7;0;0.0;2.0;3.0;24.0;A01
56784;201500037633;0;1;0;1.0;0.0;1.0;17.0;B01
56785;201500037634;0;34;0;12.0;0.0;1.0;1.0;A01
56786;201500037635;0;33;0;0.0;2.0;8.0;0.0;B01
56787;201500037635;0;7;0;0.0;2.0;1.0;15.0;A01
56788;201500037637;1;7;0;0.0;2.0;1.0;2.0;Z01
56789;201500037637;0;7;0;0.0;2.0;4.0;2.0;A01
56790;201500037638;0;7;0;0.0;2.0;4.0;2.0;A01
56791;201500037638;0;10;0;0.0;2.0;4.0;2.0;C01
56792;201500037638;0;7;0;0.0;2.0;4.0;2.0;D01
56793;201500037638;0;7;0;0.0;2.0;4.0;2.0;B01
56794;201500037639;0;7;0;0.0;2.0;1.0;2.0;B01
56795;201500037639;0;7;0;0.0;2.0;1.0;2.0;A01
56796;201500037640;0;33;0;0.0;2.0;5.0;0.0;A01
56797;201500037640;0;7;0;0.0;2.0;6.0;1.0;B01
56798;201500037641;0;7;0;0.0;1.0;2.0;2.0;A01
56799;201500037642;0;7;0;0.0;1.0;7.0;1.0;A01
56800;201500037643;0;7;0;2.0;0.0;1.0;13.0;A01
56801;201500037644;0;31;0;0.0;0.0;7.0;9.0;A01
56802;201500037645;0;7;0;0.0;2.0;3.0;15.0;A01
56803;201500037645;0;7;0;0.0;2.0;8.0;1.0;B01
56804;201500037646;0;7;0;0.0;2.0;8.0;10.0;A01
56805;201500037646;0;34;0;0.0;2.0;7.0;1.0;B01
56806;201500037647;0;7;0;0.0;2.0;1.0;9.0;A01
56807;201500037647;0;33;0;0.0;2.0;1.0;2.0;B01
56808;201500037648;0;10;0;0.0;2.0;2.0;1.0;A01
56809;201500037648;0;7;0;0.0;2.0;3.0;1.0;B01
56810;201500037649;0;10;0;1.0;0.0;1.0;1.0;A01
56811;201500037651;0;7;0;0.0;2.0;1.0;1.0;A01
56812;201500037651;0;7;0;0.0;2.0;4.0;2.0;B01
56813;201500037652;0;7;0;0.0;2.0;4.0;1.0;B01
56814;201500037652;0;30;0;0.0;2.0;1.0;1.0;A01
56815;201500037653;0;7;0;0.0;1.0;1.0;1.0;A01
56816;201500037654;0;32;0;0.0;0.0;0.0;1.0;A01
56817;201500037655;0;7;0;0.0;2.0;7.0;1.0;A01
56818;201500037655;0;7;0;0.0;2.0;1.0;1.0;B01
56819;201500037656;0;7;0;0.0;2.0;1.0;12.0;A01
56820;201500037656;0;7;0;0.0;2.0;4.0;1.0;C01
56821;201500037656;0;7;0;0.0;2.0;4.0;1.0;B01
56822;201500037657;0;34;0;0.0;0.0;5.0;1.0;A01
56823;201500037658;0;34;0;0.0;0.0;8.0;1.0;A01
56824;201500037660;0;31;0;0.0;2.0;8.0;2.0;A01
56825;201500037660;0;31;0;0.0;2.0;7.0;2.0;B01
56826;201500037661;0;7;0;0.0;9.0;8.0;22.0;A01
56827;201500037661;0;1;0;0.0;2.0;1.0;1.0;B01
56828;201500037662;0;1;0;0.0;2.0;7.0;1.0;B01
56829;201500037662;0;7;0;0.0;9.0;6.0;13.0;A01
56830;201500037664;0;7;0;0.0;1.0;2.0;1.0;A01
56831;201500037665;0;37;1;0.0;1.0;7.0;1.0;A01
56832;201500037666;0;33;0;0.0;0.0;0.0;1.0;A01
56833;201500037668;0;33;0;0.0;2.0;1.0;1.0;A01
56834;201500037668;0;7;0;0.0;2.0;8.0;16.0;B01
56835;201500037669;0;7;0;8.0;1.0;4.0;4.0;A01
56836;201500037670;0;7;0;0.0;1.0;1.0;16.0;A01
56837;201500037671;0;7;0;0.0;1.0;1.0;1.0;A01
56838;201500037672;0;7;0;0.0;2.0;1.0;1.0;B01
56839;201500037672;0;7;0;0.0;2.0;1.0;5.0;A01
56840;201500037673;1;7;0;0.0;2.0;1.0;12.0;Z01
56841;201500037673;0;33;0;0.0;2.0;7.0;1.0;B01
56842;201500037673;0;7;0;0.0;2.0;6.0;1.0;C01
56843;201500037677;0;33;0;0.0;2.0;1.0;1.0;B01
56844;201500037677;0;7;0;0.0;2.0;4.0;4.0;A01
56845;201500037678;0;7;0;0.0;2.0;4.0;1.0;B01
56846;201500037678;0;7;0;0.0;2.0;1.0;2.0;A01
56847;201500037679;0;33;0;0.0;2.0;1.0;1.0;B01
56848;201500037679;0;7;0;0.0;2.0;1.0;1.0;A01
56849;201500037680;0;7;0;0.0;2.0;4.0;4.0;A01
56850;201500037680;0;1;0;0.0;2.0;1.0;1.0;B01
56851;201500037681;0;30;0;0.0;0.0;8.0;1.0;A01
56852;201500037682;0;7;0;0.0;2.0;1.0;2.0;A01
56853;201500037682;0;7;0;0.0;2.0;4.0;2.0;B01
56854;201500037683;0;7;0;0.0;2.0;2.0;19.0;A01
56855;201500037683;0;7;0;0.0;2.0;3.0;19.0;B01
56856;201500037685;0;7;0;11.0;2.0;7.0;21.0;A01
56857;201500037685;0;7;0;0.0;2.0;1.0;16.0;B01
56858;201500037686;0;37;1;0.0;2.0;5.0;14.0;A01
56859;201500037686;0;32;0;0.0;2.0;8.0;1.0;B01
56860;201500037688;0;7;0;0.0;1.0;4.0;20.0;A01
56861;201500037689;0;7;0;0.0;2.0;8.0;15.0;A01
56862;201500037689;0;33;0;0.0;2.0;8.0;17.0;B01
56863;201500037690;0;13;0;0.0;2.0;2.0;1.0;A01
56864;201500037690;0;7;0;0.0;2.0;3.0;1.0;B01
56865;201500037691;1;7;0;0.0;2.0;1.0;1.0;Z01
56866;201500037691;0;30;0;0.0;2.0;7.0;1.0;B01
56867;201500037692;0;7;0;0.0;1.0;1.0;1.0;A01
56868;201500037693;0;7;0;0.0;1.0;3.0;1.0;A01
56869;201500037694;0;7;0;0.0;2.0;6.0;1.0;B01
56870;201500037694;0;7;0;0.0;2.0;1.0;1.0;A01
56871;201500037695;0;33;0;15.0;0.0;1.0;1.0;A01
56872;201500037696;0;33;0;0.0;2.0;1.0;1.0;B01
56873;201500037696;0;7;0;0.0;2.0;8.0;11.0;A01
56874;201500037697;0;7;0;0.0;2.0;2.0;16.0;A01
56875;201500037697;0;1;0;0.0;2.0;0.0;16.0;B01
56876;201500037698;0;30;0;0.0;2.0;0.0;1.0;A01
56877;201500037698;0;33;0;0.0;2.0;6.0;15.0;B01
56878;201500037699;0;7;0;0.0;1.0;1.0;1.0;A01
56879;201500037700;0;7;0;0.0;1.0;2.0;1.0;A01
56880;201500037702;0;7;0;11.0;2.0;2.0;1.0;A01
56881;201500037702;0;32;0;1.0;2.0;1.0;16.0;B01
56882;201500037703;0;1;0;0.0;2.0;8.0;0.0;A01
56883;201500037703;0;33;0;0.0;2.0;1.0;1.0;B01
56884;201500037704;0;7;0;0.0;1.0;8.0;1.0;A01
56885;201500037705;0;13;0;0.0;1.0;1.0;15.0;A01
56886;201500037706;0;30;0;0.0;1.0;1.0;1.0;A01
56887;201500037707;0;7;0;0.0;1.0;1.0;15.0;A01
56888;201500037707;0;30;0;0.0;2.0;7.0;1.0;B01
56889;201500037708;0;33;0;0.0;2.0;1.0;1.0;B01
56890;201500037708;0;7;0;0.0;2.0;3.0;17.0;A01
56891;201500037709;0;1;0;0.0;2.0;1.0;1.0;B01
56892;201500037709;0;13;0;0.0;2.0;8.0;23.0;A01
56893;201500037710;0;32;0;0.0;2.0;1.0;18.0;B01
56894;201500037710;0;7;0;0.0;2.0;2.0;16.0;A01
56895;201500037711;0;7;0;0.0;2.0;2.0;1.0;A01
56896;201500037711;0;7;0;0.0;2.0;8.0;24.0;B01
56897;201500037712;0;7;0;0.0;1.0;1.0;1.0;A01
56898;201500037713;0;31;0;0.0;0.0;1.0;16.0;A01
56899;201500037714;0;7;0;0.0;1.0;1.0;15.0;A01
56900;201500037715;0;7;0;0.0;1.0;1.0;0.0;A01
56901;201500037716;0;7;0;0.0;2.0;4.0;1.0;B01
56902;201500037716;0;7;0;0.0;2.0;1.0;1.0;A01
56903;201500037718;0;7;0;0.0;2.0;3.0;1.0;A01
56904;201500037718;0;7;0;0.0;2.0;3.0;15.0;B01
56905;201500037719;0;7;0;0.0;1.0;3.0;15.0;A01
56906;201500037721;0;7;0;0.0;2.0;1.0;1.0;C01
56907;201500037721;0;7;0;0.0;2.0;1.0;1.0;B01
56908;201500037721;0;7;0;0.0;2.0;1.0;5.0;A01
56909;201500037722;0;1;0;0.0;2.0;1.0;1.0;B01
56910;201500037722;0;7;0;0.0;1.0;1.0;16.0;A01
56911;201500037724;0;1;0;0.0;1.0;1.0;1.0;A01
56912;201500037725;0;7;0;0.0;2.0;7.0;1.0;D01
56913;201500037725;0;7;0;0.0;2.0;2.0;1.0;B01
56914;201500037725;0;7;0;0.0;2.0;8.0;1.0;A01
56915;201500037725;0;7;0;0.0;2.0;6.0;1.0;E01
56916;201500037725;0;7;0;0.0;2.0;7.0;1.0;C01
56917;201500037726;0;7;0;0.0;2.0;1.0;1.0;A01
56918;201500037726;0;7;0;0.0;2.0;4.0;1.0;B01
56919;201500037727;0;30;0;0.0;0.0;0.0;0.0;A01
56920;201500037728;0;1;0;0.0;1.0;1.0;1.0;A01
56921;201500037729;0;7;0;0.0;2.0;4.0;2.0;B01
56922;201500037729;0;7;0;0.0;2.0;1.0;2.0;A01
56923;201500037730;0;7;0;0.0;2.0;8.0;15.0;B01
56924;201500037730;0;33;0;0.0;2.0;1.0;17.0;A01
56925;201500037731;0;7;0;0.0;1.0;2.0;1.0;A01
56926;201500037732;1;7;0;0.0;1.0;4.0;4.0;Z01
56927;201500037734;0;2;0;0.0;2.0;1.0;17.0;B01
56928;201500037734;0;7;0;0.0;2.0;3.0;15.0;A01
56929;201500037735;0;7;0;0.0;2.0;3.0;15.0;A01
56930;201500037735;0;33;0;0.0;2.0;7.0;17.0;B01
56931;201500037736;0;7;0;0.0;2.0;4.0;20.0;C01
56932;201500037736;0;7;0;0.0;2.0;1.0;1.0;B01
56933;201500037736;0;7;0;0.0;2.0;2.0;1.0;A01
56934;201500037737;0;7;0;1.0;0.0;3.0;1.0;A01
56935;201500037738;0;2;0;0.0;2.0;8.0;15.0;B01
56936;201500037738;0;32;0;0.0;2.0;2.0;17.0;A01
56937;201500037739;0;7;0;1.0;0.0;2.0;1.0;A01
56938;201500037742;0;7;0;0.0;2.0;3.0;10.0;B01
56939;201500037742;0;1;0;0.0;2.0;1.0;17.0;A01
56940;201500037743;0;2;0;0.0;2.0;1.0;17.0;A01
56941;201500037743;0;7;0;0.0;2.0;8.0;15.0;B01
56942;201500037744;0;7;0;0.0;1.0;3.0;1.0;A01
56943;201500037745;0;33;0;0.0;2.0;0.0;0.0;A01
56944;201500037745;0;1;0;0.0;2.0;0.0;19.0;B01
56945;201500037746;0;7;0;0.0;2.0;1.0;1.0;A01
56946;201500037746;0;33;0;0.0;2.0;4.0;2.0;B01
56947;201500037747;0;7;0;0.0;2.0;3.0;15.0;B01
56948;201500037747;0;34;0;0.0;2.0;1.0;17.0;A01
56949;201500037748;0;7;0;0.0;1.0;2.0;1.0;A01
56950;201500037749;0;33;0;0.0;2.0;8.0;18.0;A01
56951;201500037749;0;7;0;0.0;2.0;7.0;15.0;B01
56952;201500037750;0;7;0;1.0;0.0;1.0;1.0;A01
56953;201500037751;0;7;0;8.0;1.0;1.0;21.0;A01
56954;201500037751;0;7;0;0.0;0.0;4.0;23.0;B01
56955;201500037752;0;30;0;0.0;0.0;0.0;1.0;A01
56956;201500037753;0;31;0;0.0;2.0;1.0;1.0;B01
56957;201500037753;0;7;0;0.0;2.0;3.0;10.0;A01
56958;201500037754;0;7;0;0.0;2.0;2.0;1.0;B01
56959;201500037754;0;1;0;0.0;2.0;1.0;2.0;A01
56960;201500037755;0;7;0;0.0;1.0;0.0;1.0;A01
56961;201500037756;0;7;0;0.0;0.0;0.0;5.0;A01
56962;201500037756;0;7;0;2.0;0.0;3.0;13.0;B01
56963;201500037757;0;7;0;0.0;2.0;2.0;15.0;A01
56964;201500037757;0;33;0;0.0;2.0;1.0;1.0;B01
56965;201500037758;0;7;0;0.0;1.0;2.0;0.0;A01
56966;201500037759;0;7;0;0.0;2.0;4.0;2.0;C01
56967;201500037759;0;7;0;0.0;2.0;1.0;2.0;A01
56968;201500037759;0;7;0;0.0;2.0;4.0;2.0;B01
56969;201500037761;0;7;0;0.0;1.0;2.0;1.0;A01
56970;201500037762;0;7;0;0.0;1.0;1.0;1.0;A01
56971;201500037763;0;7;0;0.0;1.0;1.0;0.0;A01
56972;201500037764;0;7;0;0.0;2.0;3.0;0.0;A01
56973;201500037764;0;7;0;0.0;2.0;3.0;0.0;B01