;Num_Acc;senc;catv;occutc;obs;obsm;choc;manv;num_veh
56974;201500037766;0;40;0;0.0;2.0;1.0;1.0;B01
56975;201500037766;0;7;0;0.0;2.0;3.0;16.0;A01
56976;201500037768;0;33;0;0.0;2.0;7.0;1.0;A01
56977;201500037768;0;7;0;0.0;2.0;3.0;1.0;B01
56978;201500037769;0;10;0;0.0;2.0;3.0;9.0;A01
56979;201500037769;0;7;0;0.0;2.0;2.0;1.0;B01
56980;201500037770;0;7;0;0.0;1.0;1.0;1.0;A01
56981;201500037771;0;7;0;0.0;1.0;2.0;15.0;A01
56982;201500037772;0;2;0;0.0;0.0;8.0;0.0;A01
56983;201500037773;0;32;0;0.0;0.0;7.0;1.0;A01
56984;201500037774;0;30;0;12.0;0.0;8.0;14.0;A01
56985;201500037775;0;10;0;0.0;2.0;4.0;2.0;B01
56986;201500037775;0;10;0;0.0;2.0;4.0;2.0;C01
56987;201500037775;0;10;0;0.0;2.0;1.0;2.0;A01
56988;201500037777;1;15;0;0.0;1.0;0.0;1.0;Z01
56989;201500037778;0;10;0;0.0;2.0;3.0;15.0;A01
56990;201500037778;0;2;0;0.0;2.0;1.0;1.0;B01
56991;201500037779;0;10;0;0.0;1.0;1.0;0.0;A01
56992;201500037780;0;7;0;0.0;1.0;1.0;1.0;A01
56993;201500037781;0;7;0;0.0;2.0;1.0;1.0;A01
56994;201500037781;0;10;0;0.0;2.0;4.0;23.0;B01
56995;201500037782;0;34;0;0.0;2.0;1.0;1.0;B01
56996;201500037782;0;7;0;0.0;2.0;8.0;15.0;A01
56997;201500037783;0;10;0;8.0;2.0;2.0;2.0;A01
56998;201500037783;0;7;0;0.0;2.0;4.0;2.0;B01
56999;201500037784;0;2;0;0.0;2.0;1.0;2.0;A01
57000;201500037784;0;7;0;0.0;2.0;4.0;2.0;B01
57001;201500037785;0;31;0;0.0;1.0;1.0;0.0;A01
57002;201500037786;0;10;0;0.0;2.0;1.0;0.0;A01
57003;201500037786;0;10;0;0.0;2.0;4.0;0.0;B01
57004;201500037788;0;10;0;0.0;1.0;2.0;5.0;A01
57005;201500037789;0;10;0;0.0;2.0;1.0;2.0;A01
57006;201500037789;0;10;0;0.0;2.0;4.0;2.0;B01
57007;201500037790;0;7;0;0.0;2.0;1.0;2.0;A01
57008;201500037790;0;7;0;0.0;2.0;4.0;2.0;B01
57009;201500037791;0;33;0;0.0;2.0;1.0;2.0;A01
57010;201500037791;0;7;0;0.0;2.0;2.0;2.0;B01
57011;201500037791;0;7;0;0.0;2.0;1.0;1.0;C01
57012;201500037793;0;10;0;0.0;2.0;4.0;2.0;A01
57013;201500037793;0;32;0;0.0;2.0;1.0;2.0;B01
57014;201500037794;0;33;0;0.0;0.0;0.0;0.0;A01
57015;201500037795;0;7;0;0.0;1.0;1.0;2.0;A01
57016;201500037796;0;34;0;0.0;2.0;1.0;1.0;B01
57017;201500037796;0;7;0;0.0;2.0;2.0;15.0;A01
57018;201500037797;0;10;0;0.0;2.0;1.0;2.0;A01
57019;201500037797;0;33;0;0.0;2.0;4.0;2.0;B01
57020;201500037798;0;7;0;0.0;1.0;4.0;4.0;A01
57021;201500037799;0;30;0;0.0;2.0;1.0;1.0;B01
57022;201500037799;0;7;0;0.0;2.0;2.0;15.0;A01
57023;201500037800;0;33;0;0.0;2.0;1.0;3.0;A01
57024;201500037800;0;7;0;0.0;2.0;1.0;1.0;B01
57025;201500037801;0;7;0;0.0;2.0;4.0;2.0;B01
57026;201500037801;0;30;0;0.0;2.0;1.0;2.0;A01
57027;201500037802;0;34;0;0.0;2.0;4.0;2.0;B01
57028;201500037802;0;7;0;0.0;2.0;1.0;2.0;A01
57029;201500037803;0;33;0;0.0;1.0;1.0;1.0;A01
57030;201500037806;0;7;0;0.0;1.0;1.0;2.0;A01
57031;201500037807;0;1;0;0.0;0.0;0.0;2.0;A01
57032;201500037808;0;33;0;0.0;0.0;0.0;1.0;B01
57033;201500037808;0;10;0;0.0;0.0;0.0;1.0;A01
57034;201500037809;0;10;0;0.0;9.0;1.0;1.0;A01
57035;201500037810;0;7;0;0.0;1.0;3.0;2.0;B01
57036;201500037810;0;7;0;0.0;1.0;3.0;5.0;A01
57037;201500037812;0;40;0;0.0;2.0;1.0;1.0;B01
57038;201500037812;0;10;0;0.0;1.0;8.0;1.0;A01
57039;201500037813;0;7;0;0.0;2.0;3.0;10.0;A01
57040;201500037813;0;31;0;0.0;2.0;1.0;2.0;B01
57041;201500037814;0;14;0;0.0;1.0;1.0;1.0;A01
57042;201500037815;1;40;0;0.0;2.0;1.0;1.0;A01
57043;201500037815;0;7;0;0.0;9.0;2.0;0.0;B01
57044;201500037816;0;7;0;0.0;1.0;1.0;1.0;A01
57045;201500037817;0;33;0;0.0;2.0;1.0;1.0;A01
57046;201500037817;0;7;0;0.0;2.0;1.0;1.0;B01
57047;201500037818;0;7;0;0.0;1.0;4.0;4.0;A01
57048;201500037819;0;1;0;0.0;2.0;1.0;1.0;B01
57049;201500037819;0;7;0;0.0;9.0;3.0;15.0;A01
57050;201500037820;0;7;0;6.0;2.0;3.0;1.0;A01
57051;201500037820;0;7;0;0.0;2.0;6.0;1.0;B01
57052;201500037821;0;7;0;0.0;2.0;3.0;1.0;A01
57053;201500037821;0;33;0;0.0;2.0;2.0;1.0;B01
57054;201500037822;0;33;0;5.0;0.0;1.0;1.0;A01
57055;201500037823;0;10;0;0.0;1.0;4.0;4.0;A01
57056;201500037825;0;2;0;0.0;0.0;0.0;0.0;A01
57057;201500037827;0;3;0;8.0;0.0;1.0;15.0;A01
57058;201500037828;0;10;0;0.0;1.0;1.0;2.0;A01
57059;201500037829;0;17;0;0.0;0.0;7.0;1.0;A01
57060;201500037830;0;2;0;0.0;2.0;1.0;2.0;A01
57061;201500037830;0;10;0;0.0;2.0;3.0;15.0;B01
57062;201500037831;0;34;0;0.0;2.0;1.0;17.0;A01
57063;201500037831;0;34;0;0.0;2.0;8.0;15.0;B01
57064;201500037832;0;7;0;0.0;2.0;3.0;13.0;A01
57065;201500037832;0;34;0;0.0;2.0;2.0;1.0;B01
57066;201500037833;0;7;0;1.0;0.0;2.0;18.0;A01
57067;201500037834;0;34;0;0.0;0.0;0.0;0.0;A01
57068;201500037835;0;7;0;0.0;1.0;1.0;1.0;A01
57069;201500037836;0;30;0;0.0;2.0;0.0;1.0;B01
57070;201500037836;0;10;0;0.0;2.0;8.0;15.0;A01
57071;201500037837;0;33;0;0.0;2.0;2.0;0.0;B01
57072;201500037837;0;10;0;0.0;2.0;6.0;0.0;A01
57073;201500037838;0;34;0;0.0;2.0;1.0;19.0;A01
57074;201500037838;0;10;0;0.0;2.0;1.0;1.0;B01
57075;201500037839;0;38;10;0.0;2.0;7.0;1.0;B01
57076;201500037839;0;2;0;0.0;9.0;1.0;16.0;A01
57077;201500037840;0;7;0;0.0;2.0;1.0;5.0;A01
57078;201500037840;0;7;0;0.0;2.0;1.0;1.0;B01
57079;201500037841;0;7;0;0.0;2.0;8.0;1.0;A01
57080;201500037841;0;33;0;0.0;2.0;1.0;1.0;B01
57081;201500037842;0;31;0;0.0;0.0;1.0;17.0;A01
57082;201500037842;0;32;0;0.0;2.0;1.0;1.0;B01
57083;201500037843;0;33;0;0.0;2.0;8.0;1.0;B01
57084;201500037843;0;7;0;0.0;2.0;1.0;9.0;A01
57085;201500037844;0;10;0;0.0;2.0;3.0;15.0;A01
57086;201500037844;0;33;0;0.0;2.0;8.0;1.0;B01
57087;201500037845;0;10;0;2.0;2.0;1.0;13.0;A01
57088;201500037845;0;2;0;0.0;2.0;3.0;1.0;B01
57089;201500037845;0;30;0;0.0;2.0;1.0;1.0;C01
57090;201500037846;0;10;0;0.0;2.0;7.0;16.0;A01
57091;201500037846;0;1;0;0.0;2.0;1.0;1.0;B01
57092;201500037848;0;7;0;0.0;2.0;4.0;1.0;B01
57093;201500037848;0;7;0;0.0;2.0;1.0;1.0;A01
57094;201500037849;0;7;0;0.0;9.0;8.0;1.0;A01
57095;201500037849;0;40;0;0.0;2.0;2.0;1.0;B01
57096;201500037850;0;2;0;0.0;2.0;7.0;2.0;B01
57097;201500037850;0;7;0;0.0;2.0;8.0;15.0;A01
57098;201500037851;0;7;0;0.0;1.0;1.0;1.0;A01
57099;201500037852;0;7;0;0.0;1.0;1.0;1.0;A01
57100;201500037853;0;7;0;0.0;2.0;4.0;0.0;B01
57101;201500037853;0;7;0;1.0;0.0;1.0;1.0;A01
57102;201500037854;0;7;0;3.0;2.0;1.0;1.0;B01
57103;201500037854;0;31;0;0.0;2.0;1.0;5.0;A01
57104;201500037855;0;1;0;0.0;2.0;1.0;1.0;B01
57105;201500037855;0;7;0;0.0;2.0;6.0;1.0;A01
57106;201500037856;0;33;0;0.0;0.0;0.0;15.0;A01
57107;201500037857;0;33;0;0.0;1.0;1.0;1.0;A01
57108;201500037858;0;10;0;8.0;0.0;2.0;6.0;A01
57109;201500037860;0;33;0;0.0;2.0;3.0;1.0;B01
57110;201500037860;0;10;0;0.0;2.0;1.0;15.0;A01
57111;201500037861;0;10;0;0.0;1.0;1.0;15.0;A01
57112;201500037862;0;37;1;0.0;1.0;0.0;1.0;A01
57113;201500037863;0;7;0;0.0;1.0;3.0;17.0;A01
57114;201500037864;0;7;0;0.0;0.0;0.0;0.0;A01
57115;201500037864;0;10;0;0.0;2.0;3.0;0.0;B01
57116;201500037865;0;7;0;0.0;2.0;6.0;0.0;A01
57117;201500037865;0;7;0;0.0;2.0;3.0;0.0;B01
57118;201500037866;0;7;0;0.0;2.0;6.0;1.0;B01
57119;201500037866;0;7;0;0.0;2.0;1.0;1.0;A01
57120;201500037867;0;2;0;0.0;2.0;2.0;17.0;A01
57121;201500037867;0;7;0;0.0;2.0;3.0;15.0;B01
57122;201500037868;0;33;0;0.0;2.0;1.0;1.0;A01
57123;201500037868;0;7;0;0.0;2.0;4.0;0.0;B01
57124;201500037869;0;33;0;0.0;1.0;1.0;1.0;A01
57125;201500037870;0;7;0;0.0;1.0;1.0;1.0;A01
57126;201500037871;0;30;0;0.0;2.0;3.0;1.0;B01
57127;201500037871;0;7;0;0.0;2.0;2.0;16.0;A01
57128;201500037872;0;1;0;0.0;9.0;0.0;1.0;A01
57129;201500037873;0;10;0;0.0;2.0;6.0;1.0;A01
57130;201500037873;0;33;0;0.0;2.0;1.0;1.0;B01
57131;201500037874;0;33;0;0.0;2.0;2.0;3.0;A01
57132;201500037874;0;7;0;0.0;0.0;3.0;1.0;B01
57133;201500037875;0;7;0;3.0;0.0;1.0;1.0;A01
57134;201500037876;0;7;0;0.0;1.0;1.0;1.0;A01
57135;201500037877;0;34;0;0.0;2.0;8.0;1.0;B01
57136;201500037877;0;7;0;0.0;2.0;1.0;1.0;A01
57137;201500037878;0;34;0;0.0;0.0;0.0;1.0;A01
57138;201500037879;0;32;0;0.0;0.0;0.0;0.0;A01
57139;201500037880;0;7;0;0.0;1.0;1.0;0.0;A01
57140;201500037881;1;7;0;0.0;0.0;3.0;0.0;A01
57141;201500037881;0;7;0;0.0;2.0;3.0;0.0;B01
57142;201500037882;1;7;0;;1.0;0.0;;Z01
57143;201500037883;0;7;0;1.0;0.0;1.0;0.0;A01
57144;201500037884;0;34;0;0.0;0.0;0.0;17.0;A01
57145;201500037884;0;7;0;0.0;2.0;8.0;15.0;B01
57146;201500037885;0;10;0;0.0;1.0;2.0;1.0;A01
57147;201500037886;0;10;0;0.0;2.0;8.0;23.0;A01
57148;201500037886;0;10;0;0.0;2.0;7.0;23.0;C01
57149;201500037886;0;34;0;1.0;2.0;1.0;1.0;B01
57150;201500037887;0;7;0;0.0;1.0;8.0;1.0;A01
57151;201500037888;0;10;0;0.0;2.0;8.0;11.0;A01
57152;201500037888;0;32;0;0.0;2.0;7.0;13.0;B01
57153;201500037889;0;7;0;0.0;0.0;4.0;2.0;B01
57154;201500037889;0;7;0;0.0;2.0;1.0;2.0;A01
57155;201500037890;0;7;0;0.0;1.0;5.0;20.0;A01
57156;201500037891;0;33;0;0.0;1.0;2.0;17.0;A01
57157;201500037892;0;7;0;0.0;1.0;5.0;4.0;A01
57158;201500037893;0;7;0;0.0;1.0;4.0;4.0;A01
57159;201500037894;0;7;0;0.0;2.0;2.0;15.0;A01
57160;201500037894;0;34;0;0.0;2.0;1.0;18.0;B01
57161;201500037895;0;33;0;0.0;1.0;1.0;1.0;A01
57162;201500037896;0;33;0;0.0;2.0;8.0;1.0;B01
57163;201500037896;0;7;0;0.0;2.0;3.0;17.0;A01
57164;201500037897;0;33;0;0.0;2.0;1.0;1.0;B01
57165;201500037897;0;7;0;0.0;2.0;3.0;10.0;A01
57166;201500037898;0;7;0;0.0;0.0;2.0;16.0;B01
57167;201500037898;0;32;0;0.0;2.0;3.0;3.0;A01
57168;201500037899;0;33;0;8.0;0.0;9.0;1.0;A01
57169;201500037900;0;33;0;0.0;0.0;7.0;1.0;B01
57170;201500037900;0;7;0;0.0;0.0;8.0;13.0;A01
57171;201500037902;0;7;0;0.0;0.0;8.0;10.0;A01
57172;201500037902;0;33;0;0.0;2.0;1.0;1.0;B01
57173;201500037903;0;7;0;0.0;0.0;3.0;1.0;B01
57174;201500037903;0;14;0;0.0;2.0;2.0;14.0;A01
57175;201500037904;0;30;0;0.0;0.0;1.0;16.0;A01
57176;201500037905;0;33;0;0.0;2.0;8.0;17.0;A01
57177;201500037905;0;7;0;0.0;2.0;1.0;1.0;B01
57178;201500037906;0;7;0;0.0;1.0;1.0;15.0;A01
57179;201500037907;0;30;0;0.0;2.0;7.0;5.0;A01
57180;201500037907;0;33;0;0.0;2.0;1.0;1.0;B01
57181;201500037908;0;37;1;0.0;1.0;3.0;1.0;A01
57182;201500037909;0;33;0;0.0;1.0;1.0;1.0;A01
57183;201500037910;0;32;0;0.0;2.0;7.0;1.0;A01
57184;201500037910;0;7;0;0.0;0.0;6.0;23.0;B01
57185;201500037911;0;7;0;0.0;0.0;8.0;13.0;A01
57186;201500037911;0;32;0;0.0;2.0;7.0;1.0;B01
57187;201500037912;0;30;0;0.0;1.0;1.0;1.0;A01
57188;201500037913;0;7;0;0.0;2.0;1.0;1.0;A01
57189;201500037913;0;30;0;0.0;0.0;4.0;1.0;B01
57190;201500037914;0;10;0;0.0;0.0;2.0;16.0;A01
57191;201500037914;0;7;0;0.0;2.0;6.0;1.0;B01
57192;201500037915;0;7;0;0.0;0.0;5.0;16.0;B01
57193;201500037915;0;30;0;0.0;2.0;1.0;1.0;A01
57194;201500037916;0;32;0;0.0;2.0;1.0;2.0;A01
57195;201500037916;0;7;0;0.0;0.0;4.0;0.0;B01
57196;201500037917;0;7;0;0.0;0.0;8.0;22.0;A01
57197;201500037917;0;10;0;0.0;2.0;7.0;1.0;B01
57198;201500037918;0;7;0;0.0;1.0;1.0;1.0;A01
57199;201500037919;0;14;0;0.0;1.0;8.0;1.0;A01
57200;201500037920;0;30;0;0.0;2.0;7.0;17.0;B01
57201;201500037920;0;7;0;0.0;0.0;8.0;11.0;A01
57202;201500037921;0;7;0;0.0;1.0;4.0;20.0;A01
57203;201500037922;0;7;0;0.0;1.0;1.0;1.0;A01
57204;201500037923;0;33;0;0.0;1.0;8.0;1.0;A01
57205;201500037924;0;33;0;0.0;0.0;6.0;2.0;B01
57206;201500037924;0;7;0;0.0;2.0;1.0;2.0;A01
57207;201500037925;0;7;0;0.0;0.0;2.0;16.0;A01
57208;201500037925;0;33;0;0.0;2.0;1.0;18.0;B01
57209;201500037926;0;34;0;0.0;1.0;1.0;1.0;A01
57210;201500037927;0;32;0;0.0;0.0;7.0;1.0;A01
57211;201500037928;0;34;0;0.0;1.0;1.0;1.0;A01
57212;201500037929;0;7;0;0.0;2.0;1.0;1.0;B01
57213;201500037929;0;2;0;0.0;2.0;1.0;17.0;A01
57214;201500037930;0;7;0;0.0;2.0;3.0;1.0;B01
57215;201500037930;0;14;0;0.0;0.0;5.0;12.0;A01
57216;201500037931;0;32;0;0.0;2.0;1.0;18.0;B01
57217;201500037931;0;7;0;0.0;2.0;3.0;9.0;A01
57218;201500037932;0;7;0;0.0;2.0;3.0;11.0;A01
57219;201500037932;0;32;0;0.0;0.0;7.0;17.0;B01
57220;201500037933;0;1;0;0.0;0.0;7.0;17.0;B01
57221;201500037933;0;7;0;0.0;0.0;8.0;23.0;A01
57222;201500037934;0;7;0;0.0;2.0;1.0;2.0;A01
57223;201500037934;0;7;0;0.0;0.0;4.0;23.0;B01
57224;201500037935;0;7;0;0.0;0.0;8.0;15.0;A01
57225;201500037935;0;33;0;0.0;2.0;7.0;17.0;B01
57226;201500037936;0;30;0;0.0;2.0;1.0;17.0;B01
57227;201500037936;0;7;0;0.0;2.0;8.0;1.0;A01
57228;201500037936;0;7;0;0.0;2.0;3.0;1.0;C01
57229;201500037937;0;7;0;0.0;0.0;7.0;12.0;A01
57230;201500037937;0;1;0;0.0;0.0;6.0;1.0;B01
57231;201500037938;0;2;0;14.0;0.0;2.0;14.0;A01
57232;201500037939;0;7;0;0.0;1.0;2.0;15.0;A01
57233;201500037941;0;7;0;0.0;2.0;2.0;23.0;C01
57234;201500037941;0;30;0;0.0;2.0;3.0;1.0;B01
57235;201500037941;2;32;0;0.0;2.0;1.0;5.0;A01
57236;201500037942;0;1;0;0.0;0.0;8.0;23.0;C01
57237;201500037942;0;7;0;0.0;2.0;2.0;16.0;A01
57238;201500037942;0;31;0;0.0;2.0;1.0;1.0;B01
57239;201500037943;0;7;0;0.0;2.0;3.0;1.0;B01
57240;201500037943;0;7;0;0.0;2.0;3.0;0.0;A01
57241;201500037944;1;1;0;0.0;2.0;1.0;5.0;A01
57242;201500037944;0;7;0;0.0;2.0;6.0;1.0;B01
57243;201500037945;0;7;0;9.0;0.0;1.0;16.0;A01
57244;201500037946;0;30;0;12.0;0.0;2.0;16.0;A01
57245;201500037947;0;7;0;0.0;2.0;3.0;1.0;A01
57246;201500037947;0;7;0;0.0;2.0;3.0;1.0;B01
57247;201500037948;0;33;0;0.0;2.0;9.0;1.0;B01
57248;201500037948;2;7;0;0.0;2.0;2.0;11.0;A01
57249;201500037949;0;38;1;0.0;2.0;1.0;1.0;A01
57250;201500037949;0;7;0;0.0;0.0;8.0;1.0;B01
57251;201500037950;0;30;0;0.0;2.0;1.0;1.0;A01
57252;201500037951;0;32;0;0.0;2.0;3.0;1.0;B01
57253;201500037951;0;7;0;0.0;2.0;2.0;15.0;A01
57254;201500037952;0;7;0;0.0;1.0;6.0;20.0;A01
57255;201500037953;0;7;0;0.0;2.0;1.0;16.0;A01
57256;201500037953;0;7;0;0.0;0.0;1.0;1.0;C01
57257;201500037953;0;7;0;0.0;0.0;2.0;1.0;B01
57258;201500037954;0;7;0;0.0;0.0;8.0;9.0;A01
57259;201500037954;0;33;0;0.0;2.0;1.0;1.0;B01
57260;201500037955;0;33;0;0.0;1.0;1.0;1.0;A01
57261;201500037956;0;7;0;0.0;2.0;2.0;14.0;A01
57262;201500037956;0;7;0;0.0;0.0;5.0;16.0;B01
57263;201500037957;0;32;0;0.0;1.0;1.0;1.0;A01
57264;201500037958;0;7;0;0.0;2.0;3.0;15.0;A01
57265;201500037958;0;32;0;0.0;2.0;2.0;1.0;B01
57266;201500037959;0;32;0;0.0;2.0;1.0;1.0;B01
57267;201500037959;0;7;0;0.0;2.0;3.0;1.0;A01
57268;201500037960;0;7;0;0.0;2.0;1.0;15.0;A01
57269;201500037960;0;32;0;0.0;2.0;1.0;1.0;B01
57270;201500037961;0;34;0;0.0;2.0;1.0;1.0;B01
57271;201500037961;0;7;0;0.0;2.0;1.0;15.0;A01
57272;201500037962;0;7;0;0.0;0.0;8.0;13.0;A01
57273;201500037962;0;32;0;0.0;2.0;1.0;1.0;B01
57274;201500037963;0;33;0;0.0;1.0;8.0;1.0;A01
57275;201500037965;0;30;0;0.0;0.0;0.0;1.0;A01
57276;201500037966;0;33;0;0.0;1.0;7.0;15.0;A01
57277;201500037967;0;32;0;0.0;2.0;3.0;1.0;B01
57278;201500037967;0;7;0;0.0;2.0;5.0;15.0;A01
57279;201500037968;1;7;0;0.0;2.0;5.0;1.0;Z01
57280;201500037968;0;32;0;0.0;2.0;1.0;1.0;A01
57281;201500037969;0;7;0;0.0;0.0;5.0;1.0;B01
57282;201500037969;0;7;0;0.0;0.0;0.0;2.0;C01
57283;201500037969;0;33;0;0.0;2.0;1.0;21.0;A01
57284;201500037970;0;34;0;0.0;2.0;1.0;21.0;A01
57285;201500037970;0;7;0;0.0;0.0;4.0;23.0;B01
57286;201500037971;0;32;0;0.0;0.0;4.0;13.0;A01
57287;201500037971;0;7;0;0.0;2.0;3.0;1.0;B01
57288;201500037972;0;10;0;0.0;1.0;7.0;16.0;A01
57289;201500037973;0;30;0;0.0;1.0;1.0;21.0;A01
57290;201500037974;0;7;0;0.0;2.0;8.0;15.0;A01
57291;201500037974;0;30;0;0.0;2.0;1.0;1.0;B01
57292;201500037975;0;7;0;0.0;2.0;3.0;1.0;B01
57293;201500037975;0;32;0;0.0;2.0;2.0;2.0;A01
57294;201500037975;0;7;0;0.0;0.0;6.0;2.0;C01
57295;201500037976;0;7;0;0.0;1.0;1.0;1.0;A01
57296;201500037977;0;7;0;0.0;2.0;4.0;1.0;B01
57297;201500037977;0;14;0;0.0;0.0;0.0;1.0;D01
57298;201500037977;0;7;0;0.0;2.0;5.0;1.0;C01
57299;201500037977;0;10;0;0.0;2.0;1.0;2.0;A01
57300;201500037978;0;32;0;0.0;1.0;1.0;1.0;A01
57301;201500037979;0;32;0;0.0;1.0;1.0;1.0;A01
57302;201500037980;0;37;1;0.0;1.0;5.0;1.0;A01
57303;201500037981;0;7;0;0.0;0.0;6.0;4.0;A01
57304;201500037981;0;32;0;0.0;2.0;9.0;1.0;B01
57305;201500037982;0;7;0;0.0;1.0;2.0;16.0;A01
57306;201500037983;0;7;0;0.0;1.0;4.0;4.0;A01
57307;201500037984;0;33;0;0.0;1.0;1.0;1.0;A01
57308;201500037985;0;7;0;0.0;4.0;1.0;17.0;A01
57309;201500037985;0;10;0;0.0;2.0;1.0;1.0;B01
57310;201500037986;0;32;0;0.0;0.0;8.0;16.0;A01
57311;201500037987;1;7;0;0.0;1.0;0.0;0.0;A01
57312;201500037988;0;7;0;0.0;2.0;7.0;1.0;B01
57313;201500037988;0;7;0;0.0;2.0;1.0;1.0;A01
57314;201500037989;0;34;0;0.0;2.0;2.0;3.0;B01
57315;201500037989;0;7;0;0.0;2.0;3.0;1.0;A01
57316;201500037990;0;7;0;0.0;2.0;8.0;15.0;B01
57317;201500037991;2;7;0;0.0;2.0;1.0;0.0;A01
57318;201500037991;0;33;0;0.0;2.0;1.0;1.0;B01
57319;201500037992;0;7;0;0.0;1.0;4.0;4.0;A01
57320;201500037993;0;33;0;12.0;0.0;8.0;1.0;A01
57321;201500037994;0;10;0;0.0;2.0;0.0;14.0;B01
57322;201500037994;0;33;0;0.0;2.0;1.0;1.0;A01
57323;201500037996;0;7;0;0.0;1.0;7.0;1.0;A01
57324;201500037998;1;7;0;0.0;1.0;1.0;1.0;A01
57325;201500037999;0;30;0;0.0;0.0;7.0;1.0;A01
57326;201500038000;0;7;0;0.0;2.0;1.0;1.0;A01
57327;201500038000;0;7;0;0.0;2.0;4.0;1.0;B01
57328;201500038001;0;7;0;0.0;1.0;1.0;15.0;A01
57329;201500038002;0;7;0;0.0;2.0;3.0;9.0;A01
57330;201500038002;0;30;0;0.0;2.0;1.0;14.0;B01
57331;201500038004;0;7;0;0.0;2.0;6.0;15.0;A01
57332;201500038004;0;7;0;6.0;2.0;1.0;15.0;B01
57333;201500038006;1;30;0;0.0;0.0;0.0;1.0;A01
57334;201500038007;0;7;0;0.0;1.0;4.0;4.0;A01
57335;201500038008;0;7;0;0.0;1.0;1.0;1.0;A01
57336;201500038009;1;7;0;0.0;2.0;1.0;1.0;A01
57337;201500038009;0;7;0;8.0;2.0;4.0;1.0;B01
57338;201500038010;0;7;0;0.0;2.0;8.0;15.0;B01
57339;201500038010;0;7;0;0.0;2.0;1.0;1.0;A01
57340;201500038011;0;30;0;0.0;1.0;1.0;1.0;A01
57341;201500038012;0;32;0;0.0;0.0;7.0;1.0;A01
57342;201500038013;0;30;0;0.0;0.0;7.0;1.0;A01
57343;201500038014;0;34;0;0.0;1.0;1.0;1.0;A01
57344;201500038015;0;7;0;0.0;1.0;1.0;1.0;A01
57345;201500038016;0;10;0;0.0;2.0;1.0;15.0;B01
57346;201500038016;0;34;0;0.0;2.0;1.0;1.0;A01
57347;201500038017;0;7;0;0.0;2.0;1.0;0.0;A01
57348;201500038017;0;32;0;0.0;2.0;1.0;1.0;B01
57349;201500038020;0;7;0;0.0;2.0;8.0;15.0;B01
57350;201500038020;0;34;0;0.0;2.0;1.0;1.0;A01
57351;201500038021;0;33;0;0.0;1.0;1.0;1.0;A01
57352;201500038022;0;2;0;0.0;2.0;2.0;0.0;A01
57353;201500038022;0;7;0;0.0;2.0;0.0;0.0;B01
57354;201500038023;0;7;0;0.0;1.0;1.0;15.0;A01
57355;201500038024;0;7;0;0.0;1.0;7.0;15.0;A01
57356;201500038025;0;34;0;0.0;2.0;7.0;1.0;B01
57357;201500038025;0;7;0;0.0;2.0;8.0;15.0;A01
57358;201500038026;0;34;0;0.0;2.0;1.0;1.0;B01
57359;201500038026;0;7;0;0.0;2.0;4.0;15.0;A01
57360;201500038027;0;7;0;0.0;0.0;0.0;0.0;A01
57361;201500038027;0;33;0;0.0;2.0;1.0;1.0;B01
57362;201500038028;0;34;0;0.0;2.0;1.0;1.0;B01
57363;201500038028;0;7;0;0.0;2.0;4.0;1.0;A01
57364;201500038031;0;7;0;0.0;2.0;1.0;15.0;B01
57365;201500038031;0;33;0;0.0;2.0;1.0;1.0;A01
57366;201500038032;0;16;0;4.0;0.0;3.0;1.0;A01
57367;201500038033;0;33;0;0.0;2.0;1.0;1.0;B01
57368;201500038033;0;7;0;0.0;2.0;7.0;10.0;A01
57369;201500038034;0;7;0;0.0;2.0;1.0;1.0;A01
57370;201500038034;0;7;0;0.0;2.0;4.0;1.0;B01
57371;201500038035;0;7;0;8.0;2.0;7.0;1.0;A01
57372;201500038035;0;7;0;0.0;2.0;1.0;1.0;B01
57373;201500038036;0;7;0;2.0;0.0;1.0;1.0;A01
57374;201500038038;0;30;0;0.0;2.0;8.0;1.0;A01
57375;201500038039;0;7;0;0.0;2.0;7.0;15.0;A01
57376;201500038039;0;37;0;0.0;2.0;1.0;1.0;B01
57377;201500038040;0;7;0;0.0;2.0;1.0;1.0;A01
57378;201500038040;0;7;0;0.0;2.0;1.0;1.0;B01
57379;201500038041;0;34;0;0.0;2.0;1.0;12.0;A01
57380;201500038041;0;7;0;0.0;2.0;7.0;15.0;B01
57381;201500038042;1;34;0;0.0;1.0;1.0;5.0;A01
57382;201500038043;0;7;0;0.0;1.0;4.0;4.0;A01
57383;201500038044;0;7;0;1.0;0.0;2.0;1.0;A01
57384;201500038045;0;7;0;0.0;2.0;1.0;1.0;A01
57385;201500038045;0;7;0;0.0;2.0;3.0;9.0;B01
57386;201500038046;0;7;0;0.0;2.0;3.0;9.0;B01
57387;201500038046;0;32;0;0.0;2.0;1.0;1.0;A01
57388;201500038047;0;7;0;0.0;1.0;1.0;1.0;A01
57389;201500038048;0;7;0;0.0;2.0;6.0;15.0;B01
57390;201500038048;0;31;0;0.0;2.0;1.0;17.0;A01
57391;201500038049;0;7;0;0.0;2.0;3.0;9.0;A01
57392;201500038049;0;30;0;0.0;2.0;2.0;1.0;B01