;Num_Acc;senc;catv;occutc;obs;obsm;choc;manv;num_veh
57393;201500038050;0;37;26;0.0;1.0;5.0;9.0;A01
57394;201500038051;0;7;0;1.0;2.0;1.0;1.0;A01
57395;201500038051;0;7;0;1.0;2.0;1.0;1.0;B01
57396;201500038052;0;7;0;0.0;1.0;1.0;1.0;A01
57397;201500038053;0;2;0;0.0;2.0;2.0;5.0;A01
57398;201500038053;0;7;0;0.0;2.0;3.0;0.0;B01
57399;201500038054;0;33;0;0.0;2.0;1.0;2.0;B01
57400;201500038054;0;7;0;0.0;2.0;8.0;20.0;A01
57401;201500038055;0;7;0;0.0;2.0;2.0;0.0;A01
57402;201500038055;0;7;0;0.0;2.0;3.0;0.0;B01
57403;201500038056;0;10;0;0.0;2.0;2.0;1.0;B01
57404;201500038056;0;2;0;0.0;0.0;1.0;0.0;A01
57405;201500038057;0;7;0;9.0;2.0;8.0;0.0;B01
57406;201500038057;0;10;0;0.0;2.0;1.0;15.0;A01
57407;201500038058;0;7;0;0.0;0.0;0.0;0.0;A01
57408;201500038058;0;33;0;0.0;0.0;0.0;0.0;B01
57409;201500038059;0;2;0;0.0;0.0;0.0;0.0;A01
57410;201500038060;0;7;0;0.0;1.0;4.0;4.0;A01
57411;201500038061;0;7;0;0.0;1.0;1.0;0.0;A01
57412;201500038062;0;7;0;0.0;2.0;3.0;1.0;B01
57413;201500038062;0;7;0;0.0;0.0;0.0;0.0;A01
57414;201500038064;0;7;0;0.0;0.0;0.0;0.0;A01
57415;201500038064;0;33;0;0.0;1.0;0.0;0.0;B01
57416;201500038065;0;7;0;0.0;2.0;1.0;1.0;A01
57417;201500038065;0;37;10;0.0;2.0;3.0;15.0;B01
57418;201500038066;0;7;0;0.0;2.0;4.0;1.0;B01
57419;201500038066;0;31;0;0.0;2.0;1.0;1.0;A01
57420;201500038067;0;7;0;0.0;0.0;1.0;0.0;A01
57421;201500038068;0;1;0;0.0;2.0;5.0;0.0;B01
57422;201500038068;0;7;0;0.0;2.0;2.0;0.0;A01
57423;201500038070;0;7;0;0.0;1.0;2.0;1.0;B01
57424;201500038070;0;7;0;0.0;2.0;1.0;1.0;A01
57425;201500038072;0;2;0;0.0;2.0;1.0;1.0;B01
57426;201500038072;0;10;0;0.0;2.0;7.0;1.0;A01
57427;201500038073;0;33;0;0.0;1.0;1.0;1.0;A01
57428;201500038074;0;7;0;0.0;2.0;8.0;0.0;B01
57429;201500038074;0;31;0;0.0;2.0;2.0;17.0;A01
57430;201500038075;0;7;0;0.0;2.0;3.0;1.0;A01
57431;201500038075;0;7;0;0.0;2.0;3.0;15.0;B01
57432;201500038076;0;14;0;0.0;1.0;1.0;1.0;A01
57433;201500038076;0;1;0;0.0;0.0;0.0;1.0;B01
57434;201500038077;0;10;0;0.0;1.0;1.0;0.0;A01
57435;201500038078;0;7;0;0.0;2.0;7.0;17.0;A01
57436;201500038078;0;1;0;0.0;2.0;8.0;1.0;B01
57437;201500038079;0;7;0;0.0;2.0;2.0;15.0;A01
57438;201500038079;0;32;0;0.0;2.0;1.0;1.0;B01
57439;201500038080;0;14;0;0.0;2.0;2.0;16.0;A01
57440;201500038080;0;1;0;0.0;2.0;1.0;1.0;B01
57441;201500038081;0;30;0;0.0;2.0;1.0;0.0;B01
57442;201500038081;0;7;0;0.0;2.0;8.0;10.0;A01
57443;201500038083;0;7;0;0.0;2.0;4.0;0.0;B01
57444;201500038083;0;7;0;0.0;2.0;1.0;0.0;A01
57445;201500038084;0;99;0;0.0;1.0;1.0;1.0;A01
57446;201500038085;0;7;0;8.0;2.0;2.0;15.0;A01
57447;201500038085;0;30;0;0.0;2.0;0.0;0.0;B01
57448;201500038086;0;7;0;0.0;2.0;2.0;12.0;A01
57449;201500038086;0;37;0;0.0;2.0;3.0;7.0;B01
57450;201500038087;0;7;0;0.0;2.0;3.0;23.0;A01
57451;201500038087;0;34;0;0.0;2.0;1.0;1.0;B01
57452;201500038088;0;30;0;0.0;2.0;1.0;5.0;A01
57453;201500038088;0;7;0;0.0;2.0;1.0;0.0;B01
57454;201500038090;0;7;0;0.0;2.0;1.0;1.0;B01
57455;201500038090;0;2;0;0.0;2.0;1.0;1.0;A01
57456;201500038091;0;32;0;0.0;2.0;1.0;0.0;A01
57457;201500038091;0;7;0;0.0;2.0;5.0;0.0;B01
57458;201500038092;0;30;0;0.0;2.0;1.0;1.0;B01
57459;201500038092;0;7;0;0.0;2.0;3.0;4.0;A01
57460;201500038093;0;7;0;0.0;1.0;1.0;1.0;A01
57461;201500038094;2;7;0;1.0;0.0;7.0;1.0;A01
57462;201500038095;0;7;0;0.0;2.0;8.0;11.0;A01
57463;201500038095;0;33;0;0.0;2.0;2.0;1.0;B01
57464;201500038096;0;7;0;0.0;2.0;2.0;1.0;A01
57465;201500038096;0;37;26;0.0;2.0;3.0;1.0;B01
57466;201500038097;1;7;0;0.0;1.0;1.0;1.0;A01
57467;201500038098;0;10;0;0.0;2.0;4.0;15.0;B01
57468;201500038098;0;10;0;6.0;2.0;1.0;5.0;A01
57469;201500038099;0;33;0;0.0;1.0;1.0;0.0;A01
57470;201500038100;0;7;0;0.0;2.0;1.0;2.0;A01
57471;201500038100;0;7;0;0.0;2.0;4.0;0.0;B01
57472;201500038101;0;7;0;1.0;2.0;2.0;1.0;B01
57473;201500038101;0;32;0;0.0;2.0;5.0;1.0;C01
57474;201500038101;0;10;0;0.0;2.0;1.0;1.0;A01
57475;201500038102;0;31;0;0.0;2.0;1.0;0.0;B01
57476;201500038102;0;7;0;0.0;2.0;2.0;0.0;A01
57477;201500038103;0;30;0;0.0;2.0;1.0;1.0;B01
57478;201500038103;0;7;0;0.0;2.0;7.0;15.0;A01
57479;201500038104;0;7;0;0.0;2.0;1.0;1.0;A01
57480;201500038104;0;7;0;0.0;1.0;1.0;1.0;B01
57481;201500038105;0;7;0;0.0;1.0;1.0;0.0;A01
57482;201500038106;0;7;0;0.0;1.0;1.0;15.0;A01
57483;201500038107;0;7;0;9.0;0.0;2.0;1.0;A01
57484;201500038108;0;7;0;1.0;0.0;1.0;0.0;A01
57485;201500038109;0;7;0;0.0;2.0;3.0;15.0;A01
57486;201500038109;0;32;0;0.0;2.0;1.0;1.0;B01
57487;201500038110;0;34;0;0.0;1.0;1.0;1.0;A01
57488;201500038111;0;7;0;0.0;1.0;1.0;0.0;A01
57489;201500038112;0;32;0;12.0;2.0;7.0;1.0;A01
57490;201500038112;1;7;0;0.0;2.0;0.0;0.0;B01
57491;201500038113;0;2;0;0.0;0.0;0.0;1.0;A01
57492;201500038114;0;7;0;0.0;1.0;1.0;0.0;A01
57493;201500038115;0;7;0;0.0;1.0;1.0;1.0;A01
57494;201500038116;0;7;0;0.0;2.0;1.0;15.0;A01
57495;201500038116;0;2;0;0.0;2.0;1.0;1.0;B01
57496;201500038117;0;7;0;0.0;1.0;2.0;0.0;A01
57497;201500038118;0;10;0;0.0;1.0;4.0;1.0;A01
57498;201500038119;0;10;0;0.0;2.0;3.0;15.0;A01
57499;201500038119;0;33;0;0.0;2.0;1.0;1.0;B01
57500;201500038120;0;1;0;0.0;2.0;0.0;0.0;B01
57501;201500038120;0;10;0;0.0;9.0;0.0;0.0;A01
57502;201500038121;0;34;0;1.0;2.0;6.0;1.0;A01
57503;201500038122;1;2;0;0.0;1.0;1.0;1.0;A01
57504;201500038123;0;30;0;0.0;0.0;2.0;0.0;A01
57505;201500038124;0;32;0;0.0;2.0;8.0;1.0;A01
57506;201500038124;0;7;0;8.0;2.0;7.0;1.0;B01
57507;201500038125;0;32;0;12.0;0.0;0.0;1.0;B01
57508;201500038125;0;10;0;0.0;0.0;0.0;14.0;A01
57509;201500038126;0;7;0;0.0;1.0;1.0;13.0;A01
57510;201500038127;0;7;0;0.0;2.0;7.0;15.0;B01
57511;201500038127;0;33;0;0.0;2.0;1.0;1.0;A01
57512;201500038128;1;7;0;0.0;1.0;1.0;1.0;A01
57513;201500038129;0;7;0;0.0;1.0;0.0;0.0;A01
57514;201500038130;0;7;0;0.0;2.0;2.0;1.0;A01
57515;201500038130;0;1;0;0.0;2.0;1.0;15.0;B01
57516;201500038131;0;7;0;0.0;1.0;3.0;1.0;A01
57517;201500038132;0;7;0;0.0;2.0;1.0;1.0;B02
57518;201500038132;0;10;0;0.0;2.0;7.0;20.0;A01
57519;201500038133;0;2;0;0.0;0.0;0.0;1.0;A01
57520;201500038134;0;10;0;0.0;1.0;7.0;16.0;A01
57521;201500038135;0;33;0;0.0;2.0;1.0;0.0;B01
57522;201500038136;0;7;0;0.0;2.0;1.0;1.0;A01
57523;201500038136;0;1;0;0.0;2.0;3.0;19.0;B01
57524;201500038137;0;1;0;0.0;2.0;7.0;15.0;B01
57525;201500038137;0;7;0;0.0;2.0;1.0;1.0;A01
57526;201500038139;0;33;0;0.0;0.0;8.0;0.0;A01
57527;201500038142;0;34;0;0.0;2.0;7.0;9.0;A01
57528;201500038142;0;7;0;0.0;2.0;8.0;15.0;B01
57529;201500038143;0;7;0;0.0;2.0;2.0;15.0;A01
57530;201500038143;0;33;0;0.0;2.0;3.0;1.0;B01
57531;201500038144;0;30;0;0.0;0.0;8.0;16.0;A01
57532;201500038145;0;7;0;0.0;2.0;4.0;23.0;B01
57533;201500038145;0;7;0;0.0;2.0;1.0;2.0;A01
57534;201500038146;0;1;0;0.0;2.0;1.0;1.0;A01
57535;201500038146;0;7;0;0.0;2.0;1.0;9.0;B01
57536;201500038147;0;7;0;0.0;2.0;3.0;15.0;B01
57537;201500038147;0;37;20;0.0;2.0;7.0;1.0;A01
57538;201500038148;0;7;0;0.0;2.0;6.0;2.0;C01
57539;201500038148;0;7;0;0.0;2.0;9.0;2.0;B01
57540;201500038148;0;7;0;0.0;2.0;1.0;2.0;A01
57541;201500038149;0;7;0;0.0;1.0;4.0;4.0;A01
57542;201500038150;0;33;0;0.0;1.0;7.0;1.0;A01
57543;201500038151;0;7;0;0.0;1.0;1.0;1.0;A01
57544;201500038153;0;7;0;0.0;1.0;7.0;17.0;A01
57545;201500038154;0;7;0;0.0;1.0;3.0;1.0;A01
57546;201500038155;0;7;0;;1.0;1.0;1.0;A01
57547;201500038156;0;7;0;0.0;0.0;4.0;2.0;B01
57548;201500038156;0;2;0;0.0;2.0;1.0;2.0;A01
57549;201500038157;0;10;0;0.0;1.0;1.0;1.0;A01
57550;201500038158;0;7;0;0.0;2.0;1.0;2.0;A01
57551;201500038158;0;32;0;0.0;2.0;4.0;16.0;B01
57552;201500038159;0;7;0;0.0;2.0;8.0;15.0;A01
57553;201500038159;0;33;0;0.0;2.0;1.0;1.0;B01
57554;201500038160;0;33;0;11.0;0.0;1.0;17.0;A01
57555;201500038161;0;7;0;0.0;2.0;3.0;1.0;B01
57556;201500038161;0;31;0;0.0;2.0;5.0;1.0;A01
57557;201500038162;0;32;0;0.0;0.0;8.0;9.0;A01
57558;201500038163;0;1;0;0.0;2.0;1.0;1.0;B01
57559;201500038163;0;7;0;0.0;2.0;1.0;0.0;A01
57560;201500038164;0;32;0;0.0;1.0;1.0;17.0;A01
57561;201500038165;0;7;0;0.0;2.0;4.0;2.0;B01
57562;201500038165;0;7;0;0.0;2.0;1.0;2.0;A01
57563;201500038166;0;31;0;0.0;0.0;7.0;21.0;A01
57564;201500038167;0;1;0;0.0;1.0;1.0;21.0;A01
57565;201500038168;0;30;0;0.0;0.0;8.0;1.0;A01
57566;201500038169;0;30;0;0.0;2.0;8.0;9.0;A01
57567;201500038170;2;33;0;12.0;0.0;1.0;1.0;A01
57568;201500038171;0;7;0;0.0;2.0;0.0;20.0;A01
57569;201500038171;0;1;0;0.0;2.0;1.0;21.0;B01
57570;201500038172;0;2;0;11.0;0.0;1.0;0.0;A01
57571;201500038173;0;33;0;0.0;2.0;1.0;1.0;B01
57572;201500038173;0;7;0;0.0;2.0;2.0;15.0;A01
57573;201500038174;0;7;0;9.0;0.0;9.0;16.0;A01
57574;201500038175;0;37;10;0.0;2.0;5.0;17.0;A01
57575;201500038175;0;1;0;0.0;2.0;8.0;2.0;B01
57576;201500038177;0;7;0;0.0;1.0;1.0;1.0;A01
57577;201500038178;0;33;0;0.0;1.0;7.0;1.0;A01
57578;201500038179;0;30;0;0.0;0.0;8.0;1.0;A01
57579;201500038180;0;7;0;1.0;0.0;1.0;1.0;A01
57580;201500038183;0;7;0;0.0;1.0;3.0;15.0;A01
57581;201500038184;0;33;0;0.0;2.0;8.0;1.0;B01
57582;201500038184;0;32;0;0.0;2.0;8.0;17.0;A01
57583;201500038184;0;32;0;0.0;2.0;1.0;15.0;C01
57584;201500038185;0;14;0;0.0;1.0;1.0;16.0;A01
57585;201500038186;0;7;0;0.0;2.0;2.0;12.0;A01
57586;201500038186;0;34;0;0.0;2.0;7.0;15.0;B01
57587;201500038187;0;34;0;0.0;2.0;7.0;2.0;A01
57588;201500038187;0;7;0;0.0;2.0;9.0;2.0;B01
57589;201500038187;0;7;0;0.0;2.0;4.0;16.0;C01
57590;201500038188;0;31;0;0.0;2.0;1.0;1.0;B01
57591;201500038188;0;7;0;0.0;2.0;3.0;17.0;A01
57592;201500038189;0;31;0;0.0;2.0;1.0;1.0;B01
57593;201500038189;0;10;0;0.0;2.0;2.0;15.0;A01
57594;201500038190;0;7;0;0.0;2.0;2.0;15.0;A01
57595;201500038190;0;33;0;0.0;2.0;7.0;1.0;B01
57596;201500038191;0;30;0;0.0;1.0;8.0;1.0;A01
57597;201500038193;0;33;0;1.0;0.0;1.0;2.0;A01
57598;201500038193;0;33;0;0.0;2.0;6.0;23.0;B01
57599;201500038194;0;7;0;0.0;1.0;1.0;1.0;A01
57600;201500038195;0;7;0;0.0;2.0;7.0;15.0;A01
57601;201500038195;0;32;0;0.0;2.0;1.0;1.0;B01
57602;201500038196;0;7;0;0.0;2.0;1.0;9.0;B01
57603;201500038196;0;32;0;0.0;2.0;1.0;3.0;A01
57604;201500038197;0;7;0;12.0;0.0;0.0;0.0;A01
57605;201500038199;0;30;0;9.0;0.0;1.0;1.0;A01
57606;201500038200;0;37;3;0.0;2.0;3.0;1.0;B01
57607;201500038200;0;7;0;0.0;2.0;0.0;16.0;A01
57608;201500038201;0;34;0;0.0;2.0;1.0;2.0;A01
57609;201500038201;0;7;0;0.0;0.0;4.0;2.0;B01
57610;201500038202;0;34;0;0.0;0.0;0.0;0.0;B01
57611;201500038202;0;99;0;0.0;0.0;0.0;2.0;A01
57612;201500038203;0;2;0;0.0;0.0;0.0;1.0;A01
57613;201500038204;0;30;0;0.0;1.0;1.0;0.0;A01
57614;201500038205;0;7;0;0.0;2.0;1.0;9.0;A01
57615;201500038205;0;30;0;0.0;2.0;8.0;1.0;B01
57616;201500038206;0;2;0;0.0;0.0;0.0;1.0;C01
57617;201500038206;0;7;0;0.0;2.0;7.0;9.0;A01
57618;201500038206;0;34;0;0.0;2.0;1.0;0.0;B01
57619;201500038207;0;7;0;0.0;2.0;1.0;2.0;A01
57620;201500038207;0;7;0;0.0;0.0;4.0;2.0;C01
57621;201500038207;0;7;0;0.0;2.0;1.0;2.0;B01
57622;201500038209;0;7;0;0.0;1.0;0.0;0.0;A01
57623;201500038210;0;33;0;0.0;2.0;1.0;2.0;A01
57624;201500038210;0;30;0;0.0;2.0;4.0;2.0;B01
57625;201500038211;0;7;0;0.0;0.0;0.0;5.0;C01
57626;201500038211;0;7;0;0.0;0.0;0.0;2.0;B01
57627;201500038211;0;7;0;0.0;2.0;0.0;0.0;A01
57628;201500038212;0;20;0;0.0;0.0;7.0;15.0;A01
57629;201500038214;0;7;0;0.0;1.0;4.0;4.0;A01
57630;201500038215;0;34;0;0.0;0.0;0.0;0.0;B01
57631;201500038215;0;2;0;0.0;0.0;2.0;0.0;A01
57632;201500038216;0;7;0;0.0;2.0;2.0;15.0;A01
57633;201500038216;0;33;0;0.0;2.0;9.0;1.0;B01
57634;201500038217;0;99;0;0.0;2.0;8.0;9.0;A01
57635;201500038217;0;33;0;0.0;0.0;8.0;3.0;B01
57636;201500038218;0;7;0;0.0;1.0;1.0;1.0;A01
57637;201500038219;0;10;0;0.0;1.0;2.0;1.0;A01
57638;201500038220;0;7;0;0.0;2.0;3.0;1.0;B01
57639;201500038220;0;33;0;0.0;2.0;1.0;1.0;A01
57640;201500038221;0;7;0;0.0;2.0;1.0;20.0;A01
57641;201500038221;0;34;0;0.0;2.0;2.0;1.0;B01
57642;201500038222;0;7;0;0.0;2.0;9.0;1.0;B01
57643;201500038222;0;14;0;0.0;2.0;1.0;12.0;A01
57644;201500038223;0;7;0;0.0;1.0;1.0;0.0;A01
57645;201500038225;0;7;0;0.0;2.0;1.0;2.0;A01
57646;201500038225;0;7;0;0.0;2.0;4.0;2.0;B01
57647;201500038226;0;30;0;0.0;0.0;8.0;23.0;A01
57648;201500038228;0;30;0;0.0;0.0;2.0;1.0;A01
57649;201500038229;0;7;0;0.0;2.0;6.0;10.0;A01
57650;201500038229;0;30;0;0.0;2.0;1.0;1.0;B01
57651;201500038230;0;7;0;0.0;2.0;3.0;10.0;A01
57652;201500038230;0;34;0;0.0;2.0;2.0;1.0;B01
57653;201500038231;0;30;0;0.0;2.0;9.0;1.0;B01
57654;201500038231;0;30;0;0.0;2.0;7.0;16.0;A01
57655;201500038232;0;7;0;0.0;2.0;7.0;15.0;A01
57656;201500038232;0;34;0;0.0;2.0;3.0;1.0;B01
57657;201500038233;0;31;0;0.0;1.0;1.0;1.0;A01
57658;201500038235;0;7;0;0.0;2.0;0.0;13.0;A01
57659;201500038235;0;34;0;0.0;1.0;7.0;1.0;B01
57660;201500038236;0;7;0;0.0;2.0;4.0;2.0;B01
57661;201500038236;0;7;0;0.0;2.0;1.0;2.0;A01
57662;201500038237;0;7;0;0.0;2.0;1.0;1.0;B01
57663;201500038237;0;7;0;0.0;2.0;2.0;16.0;A01
57664;201500038238;0;33;0;0.0;2.0;5.0;1.0;B01
57665;201500038238;0;7;0;0.0;2.0;7.0;4.0;A01
57666;201500038239;0;30;0;0.0;2.0;8.0;1.0;B01
57667;201500038239;0;7;0;0.0;2.0;7.0;1.0;A01
57668;201500038240;0;33;0;0.0;1.0;7.0;1.0;A01
57669;201500038241;0;30;0;0.0;2.0;1.0;1.0;B01
57670;201500038241;0;7;0;0.0;2.0;1.0;15.0;A01
57671;201500038242;0;32;0;0.0;2.0;8.0;1.0;B01
57672;201500038243;0;7;0;0.0;1.0;2.0;4.0;A01
57673;201500038244;0;7;0;0.0;2.0;2.0;15.0;A01
57674;201500038244;0;33;0;0.0;2.0;1.0;1.0;B01
57675;201500038246;0;7;0;0.0;1.0;1.0;1.0;A01
57676;201500038247;0;7;0;0.0;1.0;1.0;1.0;A01
57677;201500038250;0;7;0;0.0;2.0;7.0;22.0;A01
57678;201500038250;0;7;0;0.0;2.0;8.0;24.0;C01
57679;201500038250;0;1;0;0.0;2.0;3.0;18.0;B01
57680;201500038252;0;10;0;1.0;1.0;1.0;21.0;A01
57681;201500038253;0;33;0;0.0;2.0;1.0;1.0;A01
57682;201500038253;0;7;0;0.0;2.0;6.0;1.0;B01
57683;201500038254;0;33;0;0.0;2.0;1.0;1.0;B01
57684;201500038254;0;7;0;0.0;2.0;5.0;10.0;A01
57685;201500038255;0;1;0;0.0;0.0;0.0;1.0;A01
57686;201500038256;1;7;0;0.0;1.0;2.0;1.0;Z01
57687;201500038257;0;7;0;0.0;2.0;2.0;15.0;A01
57688;201500038257;0;7;0;0.0;2.0;1.0;1.0;B01
57689;201500038258;0;30;0;0.0;0.0;0.0;21.0;A01
57690;201500038258;0;7;0;0.0;0.0;0.0;9.0;B01
57691;201500038260;0;7;0;0.0;2.0;3.0;9.0;A01
57692;201500038260;0;32;0;0.0;2.0;7.0;1.0;B01
57693;201500038261;0;7;0;0.0;1.0;1.0;15.0;A01
57694;201500038262;0;7;0;0.0;2.0;3.0;17.0;A01
57695;201500038262;0;1;0;0.0;2.0;1.0;1.0;B01
57696;201500038263;0;32;0;0.0;2.0;1.0;1.0;B01
57697;201500038263;0;7;0;0.0;2.0;1.0;1.0;A01
57698;201500038264;0;7;0;0.0;0.0;4.0;2.0;C01
57699;201500038264;0;7;0;0.0;0.0;4.0;2.0;D01
57700;201500038264;0;7;0;0.0;0.0;1.0;2.0;A01
57701;201500038264;0;7;0;0.0;0.0;4.0;2.0;B01
57702;201500038265;0;7;0;0.0;1.0;1.0;16.0;A01
57703;201500038266;0;7;0;0.0;0.0;4.0;1.0;B01
57704;201500038266;0;7;0;0.0;0.0;1.0;1.0;A01
57705;201500038266;0;7;0;0.0;1.0;4.0;1.0;C01
57706;201500038267;0;7;0;0.0;2.0;8.0;0.0;B01
57707;201500038267;0;7;0;0.0;2.0;1.0;0.0;A01
57708;201500038268;0;34;0;0.0;0.0;0.0;3.0;B01
57709;201500038268;0;7;0;0.0;0.0;0.0;11.0;A01
57710;201500038269;0;7;0;0.0;0.0;6.0;2.0;B01
57711;201500038269;0;34;0;0.0;2.0;2.0;2.0;A01
57712;201500038271;0;7;0;0.0;0.0;6.0;0.0;B01
57713;201500038271;0;7;0;0.0;0.0;1.0;5.0;A01
57714;201500038272;0;31;0;0.0;0.0;0.0;0.0;A01
57715;201500038274;0;7;0;0.0;2.0;1.0;0.0;B01
57716;201500038274;0;10;0;0.0;2.0;1.0;0.0;A01
57717;201500038275;0;2;0;0.0;2.0;1.0;0.0;B01
57718;201500038275;0;10;0;0.0;9.0;0.0;10.0;A01
57719;201500038276;0;7;0;0.0;2.0;2.0;12.0;B01
57720;201500038276;0;37;1;0.0;2.0;3.0;0.0;A01
57721;201500038277;0;33;0;0.0;2.0;1.0;0.0;B01
57722;201500038277;0;7;0;0.0;2.0;7.0;0.0;A01
57723;201500038279;0;7;0;0.0;0.0;8.0;2.0;B01
57724;201500038279;0;2;0;0.0;2.0;1.0;0.0;A01
57725;201500038280;0;32;0;0.0;2.0;2.0;2.0;A01
57726;201500038280;0;7;0;0.0;2.0;3.0;9.0;B01
57727;201500038281;0;7;0;0.0;0.0;5.0;0.0;A01
57728;201500038281;0;33;0;0.0;2.0;1.0;0.0;B01
57729;201500038282;0;34;0;0.0;2.0;3.0;1.0;A01
57730;201500038282;0;7;0;0.0;2.0;2.0;1.0;B01
57731;201500038283;0;7;0;0.0;2.0;5.0;10.0;A01
57732;201500038283;0;34;0;0.0;2.0;1.0;0.0;B01
57733;201500038284;0;32;0;0.0;2.0;1.0;0.0;B01
57734;201500038284;0;7;0;0.0;2.0;7.0;15.0;A01
57735;201500038285;0;7;0;0.0;2.0;1.0;0.0;A01
57736;201500038285;0;7;0;0.0;2.0;3.0;0.0;B01
57737;201500038286;0;30;0;0.0;1.0;3.0;0.0;A01
57738;201500038288;0;32;0;0.0;2.0;1.0;0.0;B01
57739;201500038288;0;7;0;0.0;2.0;3.0;0.0;A01
57740;201500038290;0;34;0;0.0;1.0;1.0;1.0;B01
57741;201500038290;0;7;0;0.0;2.0;5.0;15.0;A01
57742;201500038291;0;7;0;0.0;2.0;1.0;2.0;A01
57743;201500038291;0;7;0;0.0;2.0;4.0;2.0;B01
57744;201500038292;0;30;0;0.0;2.0;8.0;1.0;B01
57745;201500038292;0;7;0;0.0;2.0;1.0;10.0;A01
57746;201500038293;0;7;0;0.0;1.0;1.0;1.0;A01
57747;201500038294;0;7;0;0.0;2.0;5.0;1.0;B01
57748;201500038294;0;30;0;0.0;2.0;3.0;13.0;A01
57749;201500038295;0;10;0;0.0;2.0;1.0;15.0;A01
57750;201500038295;0;30;0;0.0;2.0;1.0;1.0;B01
57751;201500038296;1;7;0;0.0;2.0;1.0;0.0;B01
57752;201500038296;0;32;0;0.0;2.0;1.0;1.0;A01
57753;201500038297;0;7;0;0.0;2.0;0.0;9.0;A01
57754;201500038297;0;1;0;0.0;2.0;0.0;21.0;B01
57755;201500038298;0;15;0;0.0;0.0;7.0;15.0;A01
57756;201500038299;0;30;0;0.0;2.0;1.0;17.0;A01
57757;201500038299;0;7;0;0.0;2.0;6.0;15.0;B01
57758;201500038300;0;20;0;0.0;2.0;5.0;1.0;A01
57759;201500038300;0;7;0;0.0;2.0;3.0;1.0;B01
57760;201500038301;0;32;0;4.0;0.0;1.0;0.0;A01
57761;201500038302;0;7;0;0.0;2.0;7.0;1.0;A01
57762;201500038302;0;30;0;0.0;2.0;8.0;11.0;B01
57763;201500038303;1;7;0;0.0;0.0;0.0;0.0;Z01
57764;201500038303;0;30;0;0.0;0.0;0.0;21.0;A01
57765;201500038304;0;7;0;0.0;2.0;3.0;9.0;A01
57766;201500038304;1;30;0;0.0;2.0;1.0;1.0;B01
57767;201500038305;0;7;0;0.0;2.0;3.0;9.0;A01
57768;201500038305;0;33;0;0.0;2.0;1.0;1.0;B01
57769;201500038306;0;7;0;0.0;2.0;4.0;23.0;B01
57770;201500038306;0;7;0;0.0;2.0;1.0;2.0;A01
57771;201500038307;0;34;0;0.0;2.0;1.0;2.0;A01
57772;201500038307;0;7;0;0.0;2.0;5.0;16.0;B01
57773;201500038308;0;7;0;0.0;2.0;3.0;1.0;C01
57774;201500038308;0;7;0;0.0;2.0;6.0;3.0;B01
57775;201500038308;0;14;0;0.0;2.0;5.0;1.0;A01
57776;201500038309;0;7;0;0.0;2.0;5.0;15.0;B01
57777;201500038309;0;34;0;0.0;2.0;2.0;15.0;A01
57778;201500038310;0;31;0;0.0;2.0;2.0;17.0;A01
57779;201500038310;0;10;0;0.0;2.0;8.0;15.0;B01
57780;201500038311;0;10;0;0.0;2.0;2.0;16.0;B01
57781;201500038311;0;33;0;0.0;2.0;3.0;18.0;A01
57782;201500038312;0;7;0;0.0;1.0;0.0;0.0;A01
57783;201500038313;1;7;0;0.0;1.0;0.0;0.0;Z01
57784;201500038314;0;7;0;0.0;1.0;2.0;1.0;A01
57785;201500038315;0;33;0;1.0;2.0;2.0;17.0;A01
57786;201500038315;0;7;0;0.0;2.0;8.0;15.0;B01
57787;201500038316;0;32;0;0.0;0.0;0.0;0.0;A01
57788;201500038317;0;10;0;0.0;2.0;1.0;1.0;A01
57789;201500038317;0;7;0;0.0;2.0;6.0;1.0;B01
57790;201500038318;0;7;0;0.0;2.0;1.0;2.0;A01
57791;201500038318;0;7;0;0.0;2.0;4.0;1.0;C01
57792;201500038318;0;10;0;0.0;2.0;4.0;1.0;B01
57793;201500038319;0;1;0;0.0;2.0;7.0;3.0;A01
57794;201500038319;0;7;0;0.0;9.0;8.0;1.0;B01
57795;201500038320;2;7;0;0.0;2.0;7.0;0.0;A01
57796;201500038320;0;34;0;0.0;2.0;1.0;1.0;B01
57797;201500038322;0;7;0;0.0;2.0;1.0;12.0;A01
57798;201500038322;0;2;0;0.0;0.0;6.0;1.0;B01
57799;201500038323;0;7;0;0.0;2.0;4.0;23.0;B01
57800;201500038323;0;7;0;0.0;2.0;1.0;2.0;A01
57801;201500038324;0;7;0;0.0;2.0;1.0;15.0;A01
57802;201500038324;0;33;0;0.0;2.0;1.0;1.0;B01
57803;201500038325;0;7;0;0.0;1.0;1.0;1.0;A01
57804;201500038326;0;10;0;0.0;1.0;1.0;1.0;A01
57805;201500038327;0;15;0;12.0;0.0;7.0;15.0;A01
57806;201500038328;0;10;0;0.0;2.0;3.0;15.0;B01
57807;201500038328;0;32;0;0.0;2.0;1.0;17.0;A01
57808;201500038329;0;31;0;0.0;2.0;3.0;17.0;A01
57809;201500038329;0;7;0;0.0;2.0;8.0;1.0;C01
57810;201500038329;0;7;0;0.0;2.0;3.0;1.0;B01
57811;201500038330;2;34;0;0.0;1.0;3.0;1.0;A01