;Num_Acc;senc;catv;occutc;obs;obsm;choc;manv;num_veh
57812;201500038331;0;32;0;0.0;2.0;1.0;2.0;A01
57813;201500038331;0;7;0;0.0;2.0;4.0;2.0;B01
57814;201500038332;0;7;0;0.0;1.0;4.0;23.0;B01
57815;201500038332;0;14;0;0.0;2.0;1.0;2.0;A01
57816;201500038333;0;7;0;0.0;2.0;4.0;2.0;C01
57817;201500038333;0;7;0;0.0;2.0;1.0;2.0;A01
57818;201500038333;0;7;0;0.0;2.0;4.0;2.0;B01
57819;201500038334;0;32;0;14.0;0.0;2.0;18.0;A01
57820;201500038335;0;7;0;8.0;0.0;2.0;0.0;A01
57821;201500038336;0;7;0;0.0;2.0;2.0;15.0;A01
57822;201500038336;0;34;0;0.0;2.0;1.0;1.0;B01
57823;201500038337;0;32;0;0.0;2.0;0.0;0.0;B01
57824;201500038337;0;7;0;0.0;2.0;1.0;1.0;A01
57825;201500038337;0;7;0;0.0;2.0;4.0;1.0;C01
57826;201500038338;0;33;0;14.0;0.0;1.0;0.0;A01
57827;201500038339;0;34;0;0.0;1.0;1.0;1.0;A01
57828;201500038340;0;33;0;0.0;0.0;0.0;0.0;A01
57829;201500038342;0;7;0;0.0;2.0;3.0;1.0;A01
57830;201500038342;0;10;0;0.0;2.0;2.0;15.0;B01
57831;201500038343;0;30;0;0.0;2.0;1.0;21.0;A01
57832;201500038343;0;7;0;0.0;2.0;3.0;15.0;B01
57833;201500038344;0;7;0;0.0;2.0;7.0;16.0;A01
57834;201500038344;0;37;2;0.0;2.0;3.0;16.0;B01
57835;201500038346;0;2;0;0.0;2.0;4.0;2.0;B01
57836;201500038346;0;7;0;0.0;9.0;1.0;2.0;A01
57837;201500038347;0;7;0;0.0;9.0;1.0;1.0;A01
57838;201500038347;0;1;0;0.0;2.0;3.0;19.0;B01
57839;201500038348;0;7;0;0.0;2.0;3.0;1.0;B01
57840;201500038348;0;2;0;0.0;2.0;1.0;17.0;A01
57841;201500038349;0;7;0;0.0;2.0;3.0;1.0;B01
57842;201500038349;0;7;0;0.0;2.0;5.0;16.0;A01
57843;201500038350;0;7;0;14.0;0.0;2.0;0.0;A01
57844;201500038351;0;1;0;12.0;0.0;2.0;14.0;A01
57845;201500038352;0;7;0;0.0;2.0;3.0;9.0;A01
57846;201500038352;0;7;0;0.0;2.0;3.0;1.0;B01
57847;201500038353;0;32;0;0.0;2.0;1.0;1.0;B01
57848;201500038353;0;7;0;0.0;2.0;7.0;15.0;A01
57849;201500038354;0;7;0;0.0;2.0;1.0;9.0;A01
57850;201500038354;0;1;0;0.0;2.0;8.0;1.0;B01
57851;201500038355;0;7;0;0.0;1.0;1.0;15.0;A01
57852;201500038356;0;7;0;0.0;2.0;2.0;1.0;B01
57853;201500038356;0;7;0;0.0;2.0;5.0;1.0;A01
57854;201500038358;0;7;0;9.0;0.0;1.0;0.0;A01
57855;201500038359;0;2;0;0.0;2.0;1.0;5.0;A01
57856;201500038359;0;7;0;0.0;2.0;8.0;1.0;B01
57857;201500038360;0;7;0;0.0;1.0;3.0;1.0;A01
57858;201500038361;0;7;0;0.0;1.0;7.0;1.0;A01
57859;201500038362;0;10;0;2.0;0.0;3.0;16.0;A01
57860;201500038363;0;32;0;12.0;0.0;0.0;14.0;A01
57861;201500038364;0;30;0;0.0;2.0;3.0;3.0;A01
57862;201500038364;0;7;0;0.0;2.0;5.0;23.0;B01
57863;201500038365;0;1;0;0.0;2.0;3.0;1.0;B01
57864;201500038365;0;7;0;0.0;9.0;2.0;16.0;A01
57865;201500038366;0;10;0;0.0;2.0;3.0;15.0;B01
57866;201500038366;0;30;0;0.0;2.0;1.0;17.0;A01
57867;201500038366;0;7;0;0.0;2.0;8.0;1.0;C01
57868;201500038368;0;7;0;0.0;2.0;1.0;1.0;C01
57869;201500038368;0;3;0;0.0;2.0;6.0;1.0;B01
57870;201500038368;0;14;0;0.0;2.0;2.0;14.0;A01
57871;201500038369;0;7;0;0.0;2.0;7.0;15.0;A01
57872;201500038369;0;34;0;0.0;2.0;1.0;1.0;B01
57873;201500038370;0;7;0;0.0;2.0;2.0;15.0;A01
57874;201500038370;0;30;0;0.0;2.0;0.0;1.0;B01
57875;201500038372;0;7;0;0.0;2.0;2.0;1.0;A01
57876;201500038372;0;7;0;0.0;2.0;3.0;9.0;B01
57877;201500038373;0;1;0;0.0;2.0;0.0;0.0;B01
57878;201500038373;1;7;0;0.0;2.0;0.0;0.0;A01
57879;201500038375;0;30;0;0.0;1.0;3.0;18.0;A01
57880;201500038376;0;34;0;0.0;0.0;0.0;0.0;A01
57881;201500038377;0;32;0;0.0;2.0;1.0;1.0;B01
57882;201500038377;0;7;0;0.0;2.0;2.0;15.0;A01
57883;201500038378;0;30;0;0.0;2.0;7.0;1.0;A01
57884;201500038378;0;7;0;0.0;2.0;2.0;15.0;B01
57885;201500038379;0;7;0;0.0;2.0;3.0;1.0;B01
57886;201500038379;0;32;0;0.0;2.0;2.0;16.0;A01
57887;201500038380;0;10;0;0.0;2.0;3.0;15.0;A01
57888;201500038380;0;33;0;0.0;2.0;1.0;1.0;B01
57889;201500038381;0;30;0;0.0;0.0;0.0;0.0;A01
57890;201500038382;0;10;0;0.0;2.0;2.0;1.0;B01
57891;201500038382;0;10;0;0.0;2.0;8.0;11.0;A01
57892;201500038383;0;30;0;0.0;1.0;1.0;0.0;A01
57893;201500038384;0;7;0;8.0;0.0;1.0;0.0;A01
57894;201500038385;0;7;0;0.0;1.0;1.0;16.0;A01
57895;201500038386;1;30;0;0.0;1.0;0.0;0.0;Z01
57896;201500038387;0;7;0;0.0;2.0;2.0;1.0;B01
57897;201500038387;0;40;0;0.0;2.0;3.0;1.0;A01
57898;201500038388;0;7;0;0.0;2.0;4.0;4.0;A01
57899;201500038388;0;7;0;0.0;2.0;1.0;1.0;B01
57900;201500038389;0;7;0;0.0;1.0;2.0;1.0;A01
57901;201500038390;0;33;0;0.0;2.0;8.0;0.0;A01
57902;201500038390;0;7;0;0.0;2.0;7.0;14.0;B01
57903;201500038391;0;7;0;0.0;1.0;1.0;1.0;A01
57904;201500038393;0;32;0;14.0;0.0;0.0;0.0;A01
57905;201500038394;0;7;0;0.0;1.0;6.0;21.0;A01
57906;201500038395;0;7;0;0.0;2.0;3.0;15.0;A01
57907;201500038395;0;32;0;0.0;2.0;3.0;1.0;B01
57908;201500038396;0;7;0;1.0;0.0;1.0;1.0;A01
57909;201500038397;0;7;0;0.0;2.0;1.0;15.0;A01
57910;201500038397;0;34;0;0.0;2.0;1.0;1.0;B01
57911;201500038398;0;30;0;0.0;2.0;7.0;1.0;B01
57912;201500038398;0;7;0;0.0;2.0;3.0;15.0;A01
57913;201500038400;0;7;0;0.0;1.0;1.0;15.0;A01
57914;201500038401;0;31;0;0.0;2.0;1.0;1.0;A01
57915;201500038401;0;7;0;0.0;2.0;4.0;1.0;B01
57916;201500038402;0;7;0;0.0;2.0;1.0;16.0;A01
57917;201500038402;0;7;0;0.0;2.0;7.0;1.0;B01
57918;201500038403;0;30;0;0.0;2.0;1.0;1.0;B01
57919;201500038403;0;10;0;0.0;2.0;2.0;15.0;A01
57920;201500038404;0;30;0;0.0;0.0;1.0;1.0;A01
57921;201500038405;0;33;0;14.0;0.0;1.0;1.0;A01
57922;201500038407;0;7;0;0.0;2.0;1.0;1.0;A01
57923;201500038407;0;13;0;0.0;0.0;4.0;23.0;B01
57924;201500038408;0;7;0;9.0;2.0;7.0;15.0;A01
57925;201500038408;0;7;0;9.0;2.0;3.0;1.0;B01
57926;201500038409;0;33;0;0.0;1.0;1.0;1.0;A01
57927;201500038410;0;7;0;14.0;0.0;1.0;16.0;A01
57928;201500038411;0;32;0;0.0;1.0;1.0;1.0;A01
57929;201500038412;0;10;0;0.0;2.0;3.0;9.0;A01
57930;201500038412;0;7;0;0.0;2.0;2.0;1.0;B01
57931;201500038413;0;37;1;0.0;1.0;2.0;1.0;A01
57932;201500038414;0;37;10;0.0;2.0;0.0;1.0;C01
57933;201500038414;0;30;0;0.0;2.0;1.0;1.0;A01
57934;201500038414;0;10;0;0.0;2.0;4.0;1.0;B01
57935;201500038415;0;2;0;0.0;0.0;1.0;1.0;A01
57936;201500038416;0;7;0;0.0;2.0;3.0;1.0;B01
57937;201500038416;0;1;0;0.0;2.0;1.0;1.0;A01
57938;201500038417;0;7;0;0.0;2.0;8.0;9.0;A01
57939;201500038417;0;2;0;0.0;2.0;1.0;1.0;B01
57940;201500038418;0;99;0;0.0;2.0;8.0;1.0;A01
57941;201500038418;0;33;0;0.0;2.0;1.0;15.0;B01
57942;201500038419;0;10;0;0.0;2.0;2.0;20.0;A01
57943;201500038419;0;2;0;0.0;2.0;7.0;1.0;B01
57944;201500038420;0;37;1;0.0;2.0;4.0;23.0;B01
57945;201500038420;0;7;0;0.0;2.0;1.0;1.0;A01
57946;201500038421;0;7;0;0.0;2.0;1.0;1.0;B01
57947;201500038421;0;7;0;0.0;2.0;6.0;9.0;A01
57948;201500038422;0;7;0;0.0;1.0;1.0;1.0;A01
57949;201500038424;0;31;0;0.0;2.0;8.0;11.0;B01
57950;201500038424;0;10;0;0.0;2.0;7.0;12.0;A01
57951;201500038425;0;7;0;0.0;2.0;5.0;16.0;B01
57952;201500038425;0;2;0;0.0;2.0;8.0;1.0;A01
57953;201500038426;0;7;0;0.0;2.0;3.0;16.0;B01
57954;201500038426;0;7;0;0.0;2.0;9.0;1.0;A01
57955;201500038428;0;7;0;15.0;0.0;1.0;1.0;A01
57956;201500038429;0;7;0;0.0;2.0;1.0;1.0;A01
57957;201500038429;0;7;0;0.0;2.0;8.0;16.0;B01
57958;201500038431;0;1;0;0.0;2.0;0.0;1.0;B01
57959;201500038431;0;10;0;0.0;2.0;3.0;23.0;A01
57960;201500038433;0;7;0;9.0;0.0;1.0;1.0;A01
57961;201500038434;0;37;0;1.0;2.0;8.0;1.0;B01
57962;201500038434;0;7;0;0.0;2.0;2.0;1.0;A01
57963;201500038435;0;7;0;0.0;2.0;7.0;1.0;A01
57964;201500038435;0;2;0;0.0;2.0;0.0;1.0;B01
57965;201500038436;0;17;0;0.0;2.0;0.0;0.0;A01
57966;201500038436;0;1;0;0.0;2.0;4.0;1.0;B01
57967;201500038437;0;33;0;0.0;2.0;8.0;0.0;A01
57968;201500038437;0;10;0;0.0;2.0;0.0;0.0;B01
57969;201500038438;0;7;0;0.0;1.0;1.0;1.0;A01
57970;201500038440;0;7;0;0.0;1.0;1.0;1.0;A01
57971;201500038441;0;10;0;0.0;2.0;3.0;15.0;B01
57972;201500038441;0;31;0;0.0;2.0;7.0;1.0;A01
57973;201500038442;0;31;0;0.0;2.0;3.0;1.0;B01
57974;201500038442;0;7;0;0.0;2.0;3.0;15.0;A01
57975;201500038443;0;7;0;0.0;2.0;1.0;1.0;A01
57976;201500038443;0;7;0;0.0;2.0;7.0;0.0;B01
57977;201500038444;0;7;0;0.0;2.0;1.0;15.0;A01
57978;201500038444;0;34;0;0.0;2.0;2.0;1.0;B01
57979;201500038445;0;7;0;1.0;0.0;2.0;14.0;A01
57980;201500038445;0;7;0;0.0;0.0;6.0;24.0;B01
57981;201500038446;0;34;0;5.0;0.0;1.0;2.0;A01
57982;201500038447;0;13;0;2.0;0.0;1.0;6.0;A01
57983;201500038448;0;7;0;0.0;2.0;1.0;1.0;A01
57984;201500038448;0;33;0;0.0;2.0;4.0;1.0;B01
57985;201500038450;0;31;0;0.0;2.0;1.0;1.0;A01
57986;201500038450;0;7;0;0.0;2.0;7.0;15.0;B01
57987;201500038451;0;7;0;0.0;2.0;2.0;15.0;A01
57988;201500038451;0;33;0;0.0;2.0;3.0;1.0;B01
57989;201500038452;0;7;0;0.0;2.0;4.0;15.0;A01
57990;201500038452;0;1;0;0.0;2.0;1.0;1.0;B01
57991;201500038453;0;31;0;0.0;1.0;1.0;1.0;A01
57992;201500038454;0;7;0;0.0;1.0;1.0;1.0;A01
57993;201500038455;0;33;0;9.0;0.0;1.0;1.0;A01
57994;201500038456;0;32;0;0.0;0.0;7.0;0.0;A01
57995;201500038457;0;10;0;9.0;0.0;3.0;1.0;A01
57996;201500038458;0;1;0;0.0;0.0;0.0;1.0;A01
57997;201500038459;0;33;0;0.0;0.0;1.0;1.0;A01
57998;201500038460;0;33;0;0.0;0.0;1.0;1.0;A01
57999;201500038461;0;7;0;0.0;1.0;1.0;1.0;A01
58000;201500038462;0;30;0;0.0;1.0;1.0;3.0;A01
58001;201500038464;0;7;0;0.0;2.0;4.0;4.0;A01
58002;201500038464;0;30;0;0.0;2.0;1.0;0.0;B01
58003;201500038465;0;7;0;0.0;1.0;5.0;1.0;A01
58004;201500038466;0;7;0;1.0;2.0;2.0;1.0;B01
58005;201500038466;0;7;0;0.0;2.0;1.0;1.0;A01
58006;201500038467;0;7;0;1.0;2.0;1.0;13.0;A01
58007;201500038467;0;7;0;0.0;2.0;1.0;1.0;B01
58008;201500038468;0;7;0;0.0;2.0;1.0;1.0;A01
58009;201500038468;0;7;0;0.0;2.0;6.0;1.0;B01
58010;201500038469;0;10;0;0.0;2.0;5.0;20.0;A01
58011;201500038469;0;32;0;0.0;2.0;1.0;1.0;B01
58012;201500038470;0;7;0;0.0;0.0;3.0;1.0;A01
58013;201500038470;0;33;0;0.0;2.0;7.0;1.0;B01
58014;201500038471;0;37;0;0.0;1.0;0.0;0.0;A01
58015;201500038472;0;10;0;0.0;2.0;0.0;0.0;A01
58016;201500038472;0;1;0;0.0;2.0;0.0;0.0;B01
58017;201500038473;0;7;0;0.0;1.0;4.0;4.0;A01
58018;201500038474;0;30;0;8.0;0.0;1.0;1.0;A01
58019;201500038474;0;7;0;0.0;0.0;0.0;1.0;B01
58020;201500038475;0;37;0;0.0;1.0;2.0;1.0;A01
58021;201500038476;0;7;0;0.0;2.0;1.0;1.0;A01
58022;201500038476;0;1;0;0.0;2.0;4.0;1.0;B02
58023;201500038477;0;33;0;0.0;1.0;7.0;1.0;A01
58024;201500038477;0;7;0;0.0;2.0;7.0;1.0;B01
58025;201500038478;0;7;0;9.0;0.0;1.0;1.0;A01
58026;201500038479;0;32;0;14.0;0.0;1.0;2.0;A01
58027;201500038480;0;7;0;0.0;2.0;4.0;1.0;A01
58028;201500038480;1;7;0;0.0;2.0;1.0;1.0;B01
58029;201500038482;0;33;0;0.0;2.0;2.0;1.0;B02
58030;201500038482;0;7;0;0.0;2.0;8.0;10.0;A01
58031;201500038483;0;7;0;0.0;1.0;4.0;4.0;A01
58032;201500038484;0;1;0;0.0;2.0;1.0;1.0;B01
58033;201500038484;0;7;0;0.0;9.0;7.0;1.0;A01
58034;201500038485;0;33;0;0.0;2.0;1.0;2.0;A01
58035;201500038485;0;7;0;0.0;2.0;2.0;9.0;B01
58036;201500038486;0;7;0;0.0;2.0;2.0;15.0;A01
58037;201500038486;0;33;0;0.0;2.0;1.0;1.0;B01
58038;201500038487;0;32;0;0.0;0.0;7.0;1.0;A01
58039;201500038488;0;32;0;0.0;0.0;7.0;1.0;A01
58040;201500038489;0;33;0;9.0;0.0;1.0;1.0;A01
58041;201500038490;0;7;0;0.0;2.0;2.0;1.0;A01
58042;201500038490;0;1;0;0.0;2.0;1.0;1.0;B01
58043;201500038491;0;7;0;0.0;2.0;1.0;1.0;A01
58044;201500038491;0;1;0;0.0;2.0;4.0;1.0;B01
58045;201500038492;0;1;0;0.0;1.0;1.0;1.0;A01
58046;201500038493;0;7;0;0.0;1.0;1.0;15.0;A01
58047;201500038495;0;37;1;0.0;1.0;1.0;1.0;A01
58048;201500038496;0;10;0;0.0;2.0;8.0;1.0;A01
58049;201500038496;0;1;0;0.0;2.0;1.0;1.0;C01
58050;201500038496;0;7;0;0.0;2.0;0.0;1.0;B01
58051;201500038497;1;7;0;0.0;1.0;1.0;1.0;Z01
58052;201500038499;0;7;0;0.0;0.0;6.0;1.0;A01
58053;201500038499;0;33;0;0.0;2.0;7.0;1.0;B01
58054;201500038500;0;7;0;0.0;2.0;8.0;11.0;B01
58055;201500038500;0;33;0;0.0;2.0;2.0;17.0;A01
58056;201500038501;0;33;0;0.0;1.0;1.0;1.0;A01
58057;201500038502;0;7;0;0.0;2.0;2.0;15.0;A01
58058;201500038502;0;33;0;0.0;2.0;1.0;1.0;B01
58059;201500038503;0;2;0;0.0;0.0;1.0;1.0;A01
58060;201500038504;0;30;0;9.0;0.0;7.0;1.0;A01
58061;201500038505;0;7;0;0.0;2.0;4.0;1.0;B01
58062;201500038505;0;10;0;0.0;2.0;1.0;1.0;A01
58063;201500038506;0;32;0;0.0;2.0;1.0;14.0;B01
58064;201500038506;0;10;0;0.0;2.0;2.0;1.0;A01
58065;201500038507;0;7;0;2.0;0.0;1.0;13.0;A01
58066;201500038508;0;2;0;0.0;1.0;0.0;0.0;A01
58067;201500038509;0;7;0;0.0;1.0;0.0;0.0;A01
58068;201500038510;0;7;0;0.0;0.0;4.0;0.0;A01
58069;201500038510;0;33;0;0.0;0.0;0.0;0.0;B01
58070;201500038512;0;7;0;2.0;1.0;1.0;13.0;A01
58071;201500038513;0;10;0;0.0;1.0;4.0;4.0;A01
58072;201500038514;0;99;0;0.0;2.0;3.0;1.0;B01
58073;201500038514;0;7;0;0.0;2.0;2.0;1.0;A01
58074;201500038515;0;33;0;0.0;0.0;0.0;0.0;A01
58075;201500038515;0;7;0;0.0;2.0;1.0;0.0;B01
58076;201500038516;0;7;0;0.0;1.0;1.0;0.0;A01
58077;201500038517;0;33;0;0.0;0.0;1.0;0.0;A01
58078;201500038518;0;1;0;0.0;0.0;0.0;1.0;A01
58079;201500038519;0;30;0;0.0;2.0;7.0;0.0;B01
58080;201500038519;0;7;0;0.0;2.0;8.0;10.0;A01
58081;201500038520;0;7;0;0.0;1.0;0.0;1.0;A01
58082;201500038521;0;30;0;0.0;1.0;1.0;0.0;A01
58083;201500038522;1;7;0;0.0;2.0;1.0;0.0;A01
58084;201500038522;0;30;0;0.0;2.0;1.0;0.0;B01
58085;201500038523;0;33;0;0.0;2.0;1.0;1.0;A01
58086;201500038523;0;7;0;0.0;2.0;2.0;1.0;B01
58087;201500038524;1;37;0;0.0;2.0;0.0;0.0;B01
58088;201500038524;0;31;0;1.0;0.0;1.0;0.0;A01
58089;201500038525;0;33;0;0.0;1.0;1.0;1.0;A01
58090;201500038526;0;10;0;0.0;9.0;5.0;0.0;B01
58091;201500038526;0;1;0;0.0;2.0;1.0;1.0;A01
58092;201500038527;0;7;0;0.0;2.0;1.0;1.0;A01
58093;201500038527;0;30;0;0.0;2.0;4.0;1.0;B01
58094;201500038528;0;30;0;0.0;2.0;8.0;1.0;B01
58095;201500038528;0;10;0;0.0;2.0;7.0;9.0;A01
58096;201500038529;1;7;0;1.0;0.0;4.0;0.0;C01
58097;201500038529;0;10;0;0.0;2.0;8.0;0.0;B01
58098;201500038529;0;33;0;0.0;2.0;1.0;0.0;A01
58099;201500038531;0;7;0;0.0;2.0;0.0;0.0;A01
58100;201500038531;0;33;0;0.0;2.0;0.0;0.0;B01
58101;201500038533;0;7;0;0.0;1.0;2.0;0.0;A01
58102;201500038534;0;7;0;0.0;2.0;2.0;1.0;A01
58103;201500038534;0;30;0;0.0;2.0;1.0;1.0;B01
58104;201500038535;0;7;0;0.0;0.0;0.0;1.0;B01
58105;201500038535;0;32;0;0.0;2.0;1.0;1.0;A01
58106;201500038536;0;30;0;0.0;0.0;0.0;1.0;A01
58107;201500038537;0;34;0;0.0;0.0;0.0;0.0;A01
58108;201500038538;0;7;0;0.0;1.0;1.0;1.0;A01
58109;201500038539;0;10;0;0.0;1.0;1.0;0.0;A01
58110;201500038540;0;7;0;0.0;1.0;1.0;0.0;A01
58111;201500038541;0;7;0;0.0;2.0;5.0;1.0;B01
58112;201500038541;0;2;0;0.0;2.0;1.0;16.0;A01
58113;201500038542;0;32;0;0.0;1.0;1.0;1.0;A01
58114;201500038543;0;30;0;0.0;2.0;1.0;1.0;B01
58115;201500038543;0;14;0;0.0;2.0;5.0;17.0;A01
58116;201500038544;0;2;0;0.0;1.0;1.0;1.0;A01
58117;201500038545;0;7;0;0.0;2.0;1.0;1.0;A01
58118;201500038545;0;7;0;0.0;2.0;3.0;1.0;B01
58119;201500038546;0;33;0;0.0;2.0;2.0;0.0;B01
58120;201500038546;0;7;0;0.0;2.0;1.0;12.0;A01
58121;201500038547;0;10;0;0.0;1.0;1.0;1.0;A01
58122;201500038548;0;2;0;0.0;0.0;1.0;0.0;A01
58123;201500038549;0;7;0;0.0;9.0;8.0;0.0;B01
58124;201500038549;0;1;0;0.0;2.0;1.0;0.0;A01
58125;201500038550;0;7;0;0.0;2.0;6.0;16.0;A01
58126;201500038550;0;33;0;0.0;2.0;1.0;21.0;B01
58127;201500038551;0;30;0;0.0;2.0;1.0;0.0;B01
58128;201500038551;0;7;0;0.0;2.0;0.0;0.0;A01
58129;201500038552;0;13;0;0.0;2.0;4.0;0.0;A01
58130;201500038552;0;13;0;0.0;2.0;1.0;0.0;B01
58131;201500038553;0;30;0;0.0;1.0;0.0;0.0;A01
58132;201500038555;0;30;0;0.0;2.0;0.0;1.0;B01
58133;201500038555;1;7;0;0.0;2.0;0.0;0.0;A01
58134;201500038556;0;1;0;0.0;1.0;1.0;5.0;A01
58135;201500038557;0;7;0;0.0;1.0;1.0;0.0;A01
58136;201500038558;0;1;0;0.0;2.0;1.0;1.0;A01
58137;201500038558;0;7;0;0.0;0.0;0.0;1.0;B01
58138;201500038559;0;7;0;0.0;9.0;1.0;0.0;B01
58139;201500038559;0;1;0;0.0;2.0;0.0;0.0;A01
58140;201500038560;0;7;0;0.0;1.0;7.0;0.0;A01
58141;201500038561;0;30;0;0.0;0.0;1.0;0.0;A01
58142;201500038562;0;99;0;0.0;0.0;7.0;24.0;B01
58143;201500038562;0;99;0;1.0;0.0;8.0;21.0;A01
58144;201500038563;0;30;0;0.0;2.0;1.0;1.0;B01
58145;201500038563;0;7;0;0.0;2.0;2.0;1.0;A01
58146;201500038564;0;1;0;0.0;0.0;0.0;0.0;A01
58147;201500038564;0;33;0;0.0;0.0;0.0;0.0;B01
58148;201500038565;2;7;0;6.0;0.0;1.0;0.0;A01
58149;201500038567;0;33;0;0.0;0.0;0.0;0.0;B01
58150;201500038567;0;7;0;0.0;0.0;0.0;0.0;A01
58151;201500038568;0;7;0;0.0;1.0;1.0;1.0;A01
58152;201500038570;0;7;0;0.0;1.0;3.0;15.0;A01
58153;201500038571;2;30;0;0.0;1.0;1.0;1.0;A01
58154;201500038572;0;7;0;0.0;1.0;8.0;22.0;A01
58155;201500038573;0;30;0;0.0;0.0;0.0;1.0;A01
58156;201500038574;0;31;0;0.0;2.0;1.0;1.0;B01
58157;201500038574;0;7;0;0.0;2.0;1.0;1.0;A01
58158;201500038575;0;7;0;0.0;1.0;1.0;1.0;A01
58159;201500038576;0;7;0;0.0;1.0;1.0;0.0;A01
58160;201500038577;0;33;0;0.0;2.0;1.0;0.0;B01
58161;201500038577;0;33;0;0.0;2.0;1.0;0.0;A01
58162;201500038578;0;33;0;0.0;2.0;1.0;0.0;B01
58163;201500038578;0;34;0;0.0;2.0;1.0;0.0;A01
58164;201500038579;0;10;0;0.0;1.0;1.0;1.0;A01
58165;201500038580;0;31;0;0.0;1.0;0.0;0.0;A01
58166;201500038582;0;7;0;0.0;1.0;1.0;1.0;A01
58167;201500038583;0;10;0;0.0;9.0;3.0;15.0;A01
58168;201500038583;0;1;0;0.0;2.0;2.0;1.0;B01
58169;201500038584;0;7;0;0.0;1.0;3.0;0.0;A01
58170;201500038585;0;7;0;0.0;1.0;1.0;0.0;A01
58171;201500038586;0;7;0;0.0;2.0;1.0;15.0;B01
58172;201500038586;0;2;0;0.0;2.0;1.0;1.0;A01
58173;201500038587;0;7;0;0.0;2.0;4.0;1.0;B01
58174;201500038587;0;7;0;0.0;2.0;1.0;1.0;A01
58175;201500038588;0;7;0;0.0;2.0;2.0;12.0;B01
58176;201500038588;0;30;0;0.0;2.0;1.0;1.0;A01
58177;201500038589;0;13;0;0.0;2.0;7.0;21.0;B01
58178;201500038589;0;31;0;0.0;9.0;8.0;9.0;A01
58179;201500038590;0;2;0;0.0;2.0;1.0;21.0;A01
58180;201500038590;0;7;0;0.0;2.0;3.0;15.0;B01
58181;201500038591;0;7;0;8.0;2.0;1.0;0.0;A01
58182;201500038591;0;7;0;0.0;2.0;1.0;0.0;B01
58183;201500038592;0;30;0;0.0;0.0;1.0;0.0;A01
58184;201500038593;0;7;0;0.0;1.0;0.0;17.0;A01
58185;201500038595;0;1;0;0.0;2.0;1.0;5.0;B01
58186;201500038595;0;7;0;0.0;9.0;1.0;5.0;A01
58187;201500038596;0;7;0;0.0;1.0;0.0;1.0;A01
58188;201500038597;0;7;0;0.0;1.0;8.0;0.0;A01
58189;201500038598;0;7;0;7.0;0.0;1.0;1.0;A01
58190;201500038599;1;10;0;0.0;1.0;0.0;0.0;Z01
58191;201500038600;0;33;0;6.0;0.0;0.0;1.0;A01
58192;201500038601;0;32;0;0.0;2.0;1.0;1.0;B01
58193;201500038601;0;7;0;0.0;2.0;7.0;13.0;A01
58194;201500038602;0;7;0;0.0;2.0;1.0;1.0;B01
58195;201500038602;0;7;0;0.0;2.0;2.0;9.0;A01
58196;201500038603;0;7;0;0.0;1.0;4.0;4.0;A01
58197;201500038604;0;2;0;0.0;2.0;1.0;1.0;A01
58198;201500038604;0;7;0;0.0;2.0;4.0;1.0;B01
58199;201500038605;0;33;0;0.0;0.0;7.0;1.0;A01
58200;201500038606;0;7;0;0.0;2.0;1.0;1.0;B01
58201;201500038606;0;1;0;0.0;2.0;7.0;1.0;A01
58202;201500038607;0;34;0;0.0;1.0;1.0;1.0;A01
58203;201500038608;0;1;0;0.0;2.0;1.0;1.0;B01
58204;201500038608;0;7;0;0.0;2.0;3.0;1.0;A01
58205;201500038610;0;7;0;0.0;2.0;1.0;9.0;A01
58206;201500038610;0;33;0;0.0;2.0;7.0;1.0;B01
58207;201500038611;0;7;0;0.0;2.0;1.0;1.0;A01
58208;201500038611;0;7;0;0.0;2.0;1.0;1.0;B01
58209;201500038612;0;7;0;3.0;2.0;1.0;20.0;A01
58210;201500038614;0;7;0;0.0;2.0;1.0;15.0;A01
58211;201500038614;0;32;0;0.0;2.0;1.0;1.0;B01
58212;201500038615;0;37;2;0.0;2.0;1.0;1.0;B01
58213;201500038615;0;10;0;0.0;2.0;8.0;1.0;A01
58214;201500038616;0;33;0;6.0;0.0;3.0;1.0;A01
58215;201500038617;0;7;0;0.0;1.0;7.0;1.0;A01
58216;201500038618;0;7;0;0.0;2.0;2.0;1.0;A01
58217;201500038618;0;33;0;0.0;2.0;1.0;1.0;B01
58218;201500038619;0;7;0;0.0;2.0;1.0;15.0;A01
58219;201500038619;0;1;0;0.0;2.0;1.0;1.0;B01
58220;201500038620;0;7;0;0.0;2.0;1.0;1.0;A01
58221;201500038620;0;7;0;0.0;2.0;1.0;1.0;B01
58222;201500038621;0;7;0;0.0;1.0;1.0;1.0;A01
58223;201500038622;0;7;0;0.0;2.0;6.0;13.0;A01
58224;201500038622;0;33;0;0.0;2.0;1.0;17.0;B01
58225;201500038623;0;7;0;0.0;1.0;3.0;1.0;A01
58226;201500038623;0;1;0;0.0;2.0;0.0;1.0;B01
58227;201500038624;0;2;0;0.0;2.0;1.0;1.0;A01
58228;201500038624;0;7;0;0.0;2.0;4.0;1.0;B01
58229;201500038625;0;7;0;0.0;2.0;3.0;9.0;A01
58230;201500038625;0;33;0;0.0;2.0;1.0;1.0;B01
58231;201500038626;0;34;0;1.0;0.0;1.0;1.0;A01