;Num_Acc;senc;catv;occutc;obs;obsm;choc;manv;num_veh
58232;201500038627;0;99;0;0.0;2.0;1.0;1.0;A01
58233;201500038627;0;7;0;0.0;2.0;4.0;1.0;B01
58234;201500038628;0;7;0;9.0;0.0;5.0;1.0;A01
58235;201500038629;0;1;0;0.0;0.0;0.0;1.0;A01
58236;201500038630;0;32;0;0.0;0.0;0.0;1.0;A01
58237;201500038631;0;7;0;0.0;1.0;2.0;1.0;A01
58238;201500038632;0;7;0;0.0;1.0;2.0;1.0;A01
58239;201500038633;0;31;0;12.0;0.0;1.0;1.0;A01
58240;201500038634;0;7;0;1.0;0.0;2.0;9.0;A01
58241;201500038634;0;31;0;0.0;2.0;1.0;1.0;B01
58242;201500038635;0;7;0;0.0;0.0;6.0;20.0;A01
58243;201500038635;0;32;0;0.0;2.0;0.0;1.0;B01
58244;201500038636;0;7;0;0.0;1.0;1.0;1.0;A01
58245;201500038637;0;2;0;0.0;0.0;0.0;1.0;A01
58246;201500038638;0;31;0;0.0;2.0;1.0;1.0;A01
58247;201500038638;0;10;0;0.0;2.0;4.0;1.0;B01
58248;201500038639;0;10;0;0.0;1.0;4.0;4.0;A01
58249;201500038640;0;10;0;0.0;1.0;1.0;1.0;A01
58250;201500038641;0;7;0;0.0;2.0;1.0;1.0;A01
58251;201500038641;0;7;0;0.0;2.0;3.0;15.0;B01
58252;201500038642;0;7;0;0.0;2.0;7.0;1.0;A01
58253;201500038642;0;7;0;0.0;2.0;3.0;1.0;B01
58254;201500038643;0;30;0;0.0;0.0;0.0;1.0;A01
58255;201500038644;0;10;0;0.0;1.0;4.0;4.0;A01
58256;201500038645;0;7;0;0.0;1.0;1.0;1.0;A01
58257;201500038646;0;7;0;0.0;2.0;3.0;1.0;B01
58258;201500038646;0;2;0;0.0;2.0;1.0;1.0;A01
58259;201500038647;0;33;0;3.0;0.0;7.0;1.0;A01
58260;201500038648;0;7;0;0.0;0.0;5.0;2.0;B01
58261;201500038648;0;7;0;9.0;2.0;1.0;1.0;A01
58262;201500038649;0;32;0;0.0;2.0;3.0;13.0;A01
58263;201500038649;0;7;0;0.0;1.0;8.0;1.0;B01
58264;201500038651;0;32;0;0.0;2.0;1.0;0.0;B01
58265;201500038651;0;7;0;0.0;2.0;1.0;15.0;A01
58266;201500038652;0;33;0;0.0;0.0;0.0;2.0;A01
58267;201500038653;0;7;0;0.0;9.0;3.0;15.0;A01
58268;201500038653;0;1;0;0.0;2.0;7.0;1.0;B01
58269;201500038655;0;32;0;0.0;0.0;8.0;17.0;A01
58270;201500038656;0;7;0;0.0;1.0;1.0;1.0;A01
58271;201500038657;0;7;0;0.0;2.0;1.0;1.0;B01
58272;201500038657;0;30;0;0.0;2.0;7.0;1.0;A01
58273;201500038659;0;10;0;0.0;2.0;1.0;1.0;A01
58274;201500038659;0;7;0;0.0;2.0;4.0;23.0;B01
58275;201500038660;0;7;0;0.0;0.0;5.0;16.0;A01
58276;201500038660;0;30;0;0.0;2.0;1.0;1.0;B01
58277;201500038661;0;7;0;0.0;1.0;1.0;15.0;A01
58278;201500038662;0;33;0;0.0;0.0;7.0;16.0;A01
58279;201500038663;2;7;0;1.0;0.0;2.0;1.0;A01
58280;201500038664;0;34;0;0.0;1.0;1.0;1.0;A01
58281;201500038665;0;33;0;0.0;0.0;7.0;1.0;A01
58282;201500038666;0;7;0;0.0;1.0;2.0;1.0;A01
58283;201500038667;0;34;0;0.0;0.0;7.0;1.0;A01
58284;201500038669;0;32;0;0.0;2.0;2.0;17.0;B01
58285;201500038669;0;7;0;0.0;2.0;3.0;15.0;A01
58286;201500038670;0;33;0;0.0;2.0;1.0;1.0;B01
58287;201500038670;0;7;0;0.0;2.0;2.0;15.0;A01
58288;201500038671;0;7;0;0.0;1.0;3.0;1.0;A01
58289;201500038672;0;7;0;0.0;0.0;6.0;1.0;B01
58290;201500038672;0;33;0;0.0;2.0;1.0;1.0;A01
58291;201500038673;0;31;0;0.0;0.0;0.0;15.0;B01
58292;201500038673;0;7;0;0.0;2.0;0.0;2.0;A01
58293;201500038674;0;33;0;0.0;2.0;1.0;1.0;B01
58294;201500038674;0;7;0;0.0;2.0;7.0;15.0;A01
58295;201500038676;0;7;0;0.0;1.0;3.0;1.0;A01
58296;201500038677;0;7;0;0.0;1.0;3.0;1.0;A01
58297;201500038678;0;32;0;15.0;0.0;0.0;14.0;A01
58298;201500038679;0;7;0;0.0;1.0;2.0;2.0;A01
58299;201500038680;0;10;0;0.0;4.0;9.0;15.0;A01
58300;201500038680;0;40;0;0.0;2.0;1.0;1.0;C01
58301;201500038680;0;7;0;0.0;2.0;1.0;23.0;B01
58302;201500038683;0;7;0;5.0;0.0;1.0;1.0;A01
58303;201500038684;0;32;0;0.0;2.0;1.0;1.0;B01
58304;201500038684;0;7;0;0.0;2.0;6.0;15.0;A01
58305;201500038685;0;33;0;0.0;2.0;0.0;1.0;B01
58306;201500038685;0;7;0;0.0;0.0;0.0;15.0;A01
58307;201500038686;0;1;0;0.0;1.0;0.0;1.0;A01
58308;201500038687;0;31;0;0.0;2.0;7.0;1.0;B01
58309;201500038687;0;7;0;0.0;2.0;2.0;15.0;A01
58310;201500038688;0;34;0;0.0;2.0;7.0;1.0;B01
58311;201500038688;0;7;0;0.0;2.0;1.0;16.0;A01
58312;201500038689;0;32;0;0.0;2.0;3.0;17.0;B01
58313;201500038689;0;7;0;0.0;2.0;8.0;15.0;A01
58314;201500038690;0;31;0;0.0;1.0;5.0;1.0;A01
58315;201500038691;0;32;0;0.0;0.0;7.0;1.0;A01
58316;201500038692;0;34;0;1.0;1.0;0.0;1.0;A01
58317;201500038693;0;30;0;0.0;2.0;1.0;7.0;A01
58318;201500038693;0;7;0;0.0;2.0;2.0;15.0;B01
58319;201500038694;0;2;0;0.0;2.0;6.0;1.0;B01
58320;201500038694;0;7;0;0.0;2.0;1.0;15.0;A01
58321;201500038695;0;7;0;0.0;9.0;1.0;5.0;A01
58322;201500038695;0;7;0;0.0;2.0;3.0;15.0;B01
58323;201500038696;0;31;0;0.0;2.0;1.0;17.0;A01
58324;201500038696;0;31;0;0.0;2.0;1.0;1.0;B01
58325;201500038697;0;2;0;0.0;0.0;0.0;0.0;A01
58326;201500038698;0;7;0;0.0;2.0;6.0;9.0;B01
58327;201500038698;0;33;0;0.0;2.0;8.0;1.0;A01
58328;201500038699;0;33;0;0.0;2.0;6.0;1.0;B01
58329;201500038699;0;32;0;0.0;2.0;2.0;1.0;A01
58330;201500038700;0;2;0;0.0;2.0;8.0;19.0;A01
58331;201500038700;0;7;0;0.0;2.0;7.0;1.0;B01
58332;201500038701;0;7;0;0.0;2.0;1.0;1.0;B01
58333;201500038701;0;7;0;0.0;2.0;3.0;23.0;C01
58334;201500038701;0;99;0;1.0;2.0;7.0;2.0;A01
58335;201500038702;0;7;0;0.0;1.0;2.0;1.0;A01
58336;201500038703;0;7;0;0.0;2.0;1.0;15.0;A01
58337;201500038703;0;1;0;0.0;2.0;1.0;19.0;B01
58338;201500038704;0;1;0;0.0;1.0;0.0;0.0;A01
58339;201500038705;0;99;0;0.0;2.0;3.0;19.0;B01
58340;201500038705;0;31;0;0.0;2.0;1.0;1.0;A01
58341;201500038706;0;7;0;0.0;2.0;8.0;15.0;A01
58342;201500038706;0;7;0;0.0;2.0;8.0;1.0;B01
58343;201500038707;0;7;0;0.0;2.0;1.0;1.0;A01
58344;201500038707;0;33;0;0.0;2.0;4.0;1.0;B01
58345;201500038708;0;30;0;0.0;0.0;0.0;0.0;B01
58346;201500038708;1;99;0;0.0;2.0;4.0;0.0;Z01
58347;201500038709;0;14;0;0.0;4.0;0.0;0.0;A01
58348;201500038709;0;40;0;0.0;2.0;1.0;1.0;B01
58349;201500038710;0;7;0;0.0;1.0;2.0;1.0;A01
58350;201500038711;1;7;0;0.0;2.0;1.0;15.0;Z01
58351;201500038711;0;2;0;0.0;2.0;8.0;2.0;B01
58352;201500038712;0;20;0;14.0;0.0;7.0;2.0;A01
58353;201500038713;0;7;0;1.0;0.0;2.0;1.0;A01
58354;201500038714;0;7;0;0.0;2.0;7.0;15.0;A01
58355;201500038714;0;31;0;0.0;2.0;1.0;1.0;B01
58356;201500038715;0;15;0;0.0;1.0;0.0;16.0;A01
58357;201500038716;0;40;0;0.0;1.0;1.0;1.0;A01
58358;201500038717;0;30;0;0.0;2.0;8.0;9.0;A01
58359;201500038717;0;10;0;0.0;2.0;1.0;1.0;B01
58360;201500038718;0;7;0;0.0;2.0;2.0;15.0;A01
58361;201500038718;0;32;0;0.0;2.0;1.0;1.0;B01
58362;201500038719;0;7;0;0.0;1.0;1.0;1.0;A01
58363;201500038720;0;10;0;0.0;2.0;5.0;15.0;A01
58364;201500038720;0;33;0;0.0;2.0;2.0;1.0;B01
58365;201500038721;0;13;0;0.0;2.0;0.0;1.0;A01
58366;201500038721;0;7;0;0.0;2.0;3.0;16.0;B01
58367;201500038722;0;10;0;0.0;2.0;2.0;20.0;A01
58368;201500038722;0;30;0;0.0;2.0;3.0;1.0;B01
58369;201500038723;0;33;0;0.0;1.0;2.0;1.0;A01
58370;201500038724;0;7;0;0.0;2.0;5.0;23.0;B01
58371;201500038724;0;31;0;0.0;2.0;1.0;1.0;A01
58372;201500038725;0;7;0;0.0;2.0;5.0;4.0;A01
58373;201500038725;0;33;0;0.0;2.0;1.0;1.0;B01
58374;201500038726;0;32;0;0.0;2.0;1.0;1.0;B01
58375;201500038726;0;7;0;0.0;2.0;2.0;9.0;A01
58376;201500038728;0;10;0;0.0;2.0;2.0;15.0;A01
58377;201500038728;0;1;0;0.0;2.0;8.0;1.0;B01
58378;201500038729;0;33;0;0.0;2.0;1.0;1.0;A01
58379;201500038729;0;7;0;0.0;2.0;3.0;17.0;B01
58380;201500038731;0;2;0;0.0;2.0;1.0;1.0;A01
58381;201500038731;1;7;0;0.0;2.0;0.0;0.0;B01
58382;201500038735;0;30;0;0.0;1.0;1.0;1.0;A01
58383;201500038736;0;2;0;0.0;1.0;0.0;1.0;A01
58384;201500038737;0;33;0;0.0;1.0;1.0;17.0;A01
58385;201500038738;0;31;0;1.0;0.0;1.0;1.0;A01
58386;201500038739;0;1;0;0.0;0.0;0.0;19.0;A01
58387;201500038740;1;32;0;0.0;2.0;2.0;1.0;B01
58388;201500038740;0;7;0;0.0;2.0;8.0;1.0;A01
58389;201500038741;0;7;0;0.0;2.0;3.0;15.0;A01
58390;201500038741;0;33;0;0.0;2.0;1.0;1.0;B01
58391;201500038742;0;7;0;0.0;1.0;7.0;1.0;A01
58392;201500038744;0;7;0;9.0;0.0;9.0;1.0;A01
58393;201500038746;0;7;0;0.0;1.0;1.0;1.0;A01
58394;201500038747;0;7;0;0.0;2.0;7.0;1.0;A01
58395;201500038747;0;2;0;0.0;2.0;8.0;1.0;B01
58396;201500038748;0;34;0;0.0;2.0;4.0;23.0;B01
58397;201500038748;0;7;0;0.0;2.0;1.0;1.0;A01
58398;201500038749;0;7;0;0.0;2.0;7.0;1.0;B01
58399;201500038749;0;7;0;0.0;2.0;1.0;16.0;A01
58400;201500038750;0;7;0;0.0;2.0;8.0;1.0;B01
58401;201500038750;0;1;0;0.0;2.0;1.0;1.0;A01
58402;201500038751;0;7;0;1.0;0.0;2.0;14.0;A01
58403;201500038752;0;7;0;0.0;1.0;2.0;1.0;A01
58404;201500038753;0;32;0;0.0;2.0;9.0;1.0;B01
58405;201500038753;0;10;0;0.0;2.0;0.0;16.0;A01
58406;201500038754;0;7;0;0.0;2.0;7.0;16.0;B01
58407;201500038754;0;33;0;0.0;2.0;8.0;16.0;A01
58408;201500038755;0;2;0;0.0;1.0;1.0;1.0;A01
58409;201500038756;0;30;0;0.0;0.0;0.0;10.0;A01
58410;201500038756;1;7;0;0.0;0.0;0.0;10.0;B01
58411;201500038757;0;30;0;0.0;1.0;1.0;1.0;A01
58412;201500038759;2;7;0;1.0;0.0;3.0;1.0;A01
58413;201500038760;0;7;0;0.0;0.0;0.0;13.0;A01
58414;201500038760;0;31;0;0.0;0.0;0.0;17.0;B01
58415;201500038761;0;31;0;0.0;0.0;0.0;21.0;A01
58416;201500038762;0;7;0;0.0;1.0;2.0;1.0;A01
58417;201500038763;0;7;0;0.0;2.0;3.0;0.0;A01
58418;201500038763;0;10;0;0.0;2.0;7.0;0.0;B01
58419;201500038764;1;7;0;0.0;1.0;1.0;21.0;A01
58420;201500038765;0;7;0;0.0;2.0;8.0;10.0;A01
58421;201500038765;0;31;0;0.0;2.0;2.0;17.0;B01
58422;201500038766;0;7;0;0.0;2.0;4.0;4.0;A01
58423;201500038766;0;7;0;0.0;2.0;8.0;1.0;B01
58424;201500038767;0;7;0;1.0;2.0;1.0;7.0;A01
58425;201500038768;0;7;0;0.0;2.0;3.0;1.0;B01
58426;201500038768;0;33;0;0.0;2.0;1.0;1.0;C01
58427;201500038768;0;7;0;0.0;0.0;0.0;11.0;A01
58428;201500038769;0;30;0;0.0;2.0;7.0;1.0;A01
58429;201500038769;0;7;0;0.0;2.0;3.0;1.0;B01
58430;201500038770;0;32;0;0.0;2.0;7.0;1.0;B01
58431;201500038770;0;7;0;0.0;2.0;3.0;21.0;A01
58432;201500038771;1;2;0;0.0;1.0;1.0;1.0;Z01
58433;201500038772;0;7;0;0.0;2.0;2.0;15.0;A01
58434;201500038772;0;2;0;0.0;2.0;1.0;1.0;B01
58435;201500038773;0;7;0;0.0;1.0;5.0;1.0;A01
58436;201500038774;0;30;0;0.0;0.0;7.0;1.0;A01
58437;201500038775;0;2;0;0.0;2.0;1.0;2.0;B01
58438;201500038775;0;7;0;0.0;2.0;3.0;2.0;A01
58439;201500038776;1;13;0;0.0;2.0;8.0;0.0;Z01
58440;201500038776;0;30;0;0.0;2.0;7.0;0.0;A01
58441;201500038777;0;34;0;0.0;0.0;8.0;0.0;B01
58442;201500038778;0;33;0;0.0;1.0;8.0;0.0;A01
58443;201500038779;0;7;0;0.0;2.0;8.0;0.0;A01
58444;201500038779;0;30;0;0.0;2.0;1.0;0.0;B01
58445;201500038780;0;7;0;1.0;0.0;2.0;0.0;A01
58446;201500038781;0;30;0;0.0;2.0;1.0;1.0;A01
58447;201500038781;0;7;0;0.0;2.0;6.0;10.0;B01
58448;201500038783;0;99;0;0.0;1.0;3.0;0.0;A01
58449;201500038784;0;7;0;0.0;2.0;3.0;9.0;A01
58450;201500038784;0;32;0;0.0;2.0;1.0;1.0;B01
58451;201500038785;0;7;0;0.0;1.0;1.0;0.0;A01
58452;201500038786;0;7;0;0.0;1.0;1.0;1.0;A01
58453;201500038787;0;34;0;0.0;2.0;1.0;17.0;A01
58454;201500038787;0;7;0;0.0;2.0;3.0;15.0;B01
58455;201500038788;0;7;0;0.0;2.0;3.0;20.0;A01
58456;201500038788;0;32;0;0.0;2.0;1.0;1.0;B01
58457;201500038790;0;7;0;0.0;2.0;5.0;0.0;A01
58458;201500038790;0;34;0;0.0;2.0;1.0;0.0;B01
58459;201500038791;0;7;0;0.0;1.0;0.0;0.0;A01
58460;201500038792;0;7;0;0.0;2.0;4.0;2.0;B01
58461;201500038792;0;7;0;0.0;2.0;1.0;2.0;A01
58462;201500038793;0;7;0;0.0;2.0;3.0;15.0;B01
58463;201500038793;0;32;0;0.0;2.0;1.0;1.0;A01
58464;201500038794;0;31;0;0.0;2.0;1.0;17.0;A01
58465;201500038794;0;7;0;0.0;2.0;8.0;15.0;B01
58466;201500038795;0;30;0;0.0;1.0;1.0;1.0;A01
58467;201500038796;0;32;0;0.0;2.0;7.0;17.0;A01
58468;201500038796;0;10;0;0.0;0.0;3.0;0.0;B01
58469;201500038797;0;7;0;0.0;2.0;3.0;11.0;A01
58470;201500038797;0;7;0;0.0;2.0;2.0;2.0;B01
58471;201500038798;0;7;0;0.0;1.0;1.0;1.0;A01
58472;201500038799;0;31;0;0.0;2.0;1.0;1.0;B01
58473;201500038799;0;7;0;0.0;2.0;2.0;16.0;A01
58474;201500038800;0;7;0;0.0;1.0;0.0;0.0;A01
58475;201500038801;0;7;0;0.0;1.0;7.0;1.0;A01
58476;201500038802;0;7;0;0.0;2.0;4.0;2.0;C01
58477;201500038802;0;7;0;0.0;2.0;1.0;2.0;A01
58478;201500038802;0;7;0;0.0;2.0;1.0;2.0;B01
58479;201500038803;0;32;0;0.0;2.0;7.0;1.0;B01
58480;201500038803;0;7;0;0.0;2.0;1.0;1.0;A01
58481;201500038804;0;7;0;0.0;1.0;1.0;15.0;A01
58482;201500038805;0;7;0;0.0;2.0;8.0;1.0;B01
58483;201500038805;0;7;0;0.0;2.0;1.0;15.0;A01
58484;201500038806;0;34;0;0.0;2.0;0.0;2.0;B01
58485;201500038806;0;7;0;0.0;2.0;0.0;0.0;A01
58486;201500038807;0;33;0;0.0;2.0;0.0;0.0;Z01
58487;201500038807;1;7;0;0.0;2.0;1.0;0.0;B01
58488;201500038808;0;7;0;0.0;2.0;4.0;2.0;B01
58489;201500038808;0;1;0;0.0;2.0;1.0;2.0;A01
58490;201500038809;0;7;0;0.0;0.0;2.0;0.0;B01
58491;201500038809;0;31;0;0.0;2.0;3.0;1.0;A01
58492;201500038810;0;32;0;0.0;1.0;1.0;1.0;A01
58493;201500038812;1;17;0;0.0;2.0;6.0;17.0;Z01
58494;201500038812;0;1;0;0.0;2.0;8.0;2.0;B01
58495;201500038814;0;33;0;0.0;0.0;1.0;0.0;A01
58496;201500038815;0;10;0;0.0;2.0;2.0;16.0;A01
58497;201500038815;0;37;2;0.0;2.0;3.0;7.0;B01
58498;201500038818;0;1;0;0.0;2.0;1.0;1.0;B01
58499;201500038818;0;7;0;0.0;2.0;5.0;16.0;A01
58500;201500038820;0;7;0;0.0;2.0;4.0;2.0;B01
58501;201500038820;0;34;0;0.0;2.0;1.0;2.0;A01
58502;201500038821;0;7;0;0.0;0.0;3.0;0.0;A01
58503;201500038821;0;2;0;0.0;2.0;3.0;0.0;B01
58504;201500038822;0;7;0;0.0;0.0;0.0;0.0;B01
58505;201500038822;0;7;0;0.0;2.0;1.0;0.0;A01
58506;201500038823;0;34;0;0.0;2.0;1.0;1.0;B01
58507;201500038823;0;7;0;0.0;2.0;8.0;1.0;A01
58508;201500038824;0;7;0;0.0;1.0;2.0;1.0;A01
58509;201500038825;0;7;0;0.0;1.0;1.0;1.0;A01
58510;201500038826;0;7;0;0.0;0.0;4.0;0.0;B01
58511;201500038826;0;7;0;0.0;1.0;1.0;0.0;A01
58512;201500038827;0;7;0;0.0;1.0;1.0;0.0;A01
58513;201500038828;0;34;0;0.0;0.0;8.0;0.0;A01
58514;201500038829;0;7;0;9.0;0.0;8.0;1.0;A01
58515;201500038831;0;31;0;0.0;1.0;1.0;1.0;B01
58516;201500038832;0;7;0;0.0;1.0;7.0;16.0;A01
58517;201500038834;0;7;0;0.0;2.0;4.0;4.0;A01
58518;201500038834;0;7;0;0.0;2.0;2.0;1.0;B01
58519;201500038835;0;7;0;0.0;1.0;2.0;1.0;B01
58520;201500038837;0;33;0;0.0;2.0;2.0;0.0;A01
58521;201500038837;0;7;0;0.0;2.0;4.0;0.0;B01
58522;201500038838;0;33;0;0.0;0.0;1.0;1.0;A01
58523;201500038839;0;34;0;0.0;0.0;0.0;1.0;A01
58524;201500038840;0;7;0;0.0;2.0;2.0;1.0;A01
58525;201500038840;0;33;0;0.0;2.0;3.0;2.0;B01
58526;201500038841;1;7;0;0.0;2.0;0.0;2.0;Z01
58527;201500038841;0;7;0;0.0;2.0;6.0;23.0;B01
58528;201500038842;1;30;0;0.0;1.0;0.0;1.0;A01
58529;201500038843;0;30;0;0.0;2.0;1.0;2.0;A01
58530;201500038843;0;7;0;0.0;2.0;2.0;1.0;B01
58531;201500038844;0;30;0;0.0;1.0;1.0;0.0;A01
58532;201500038846;0;7;0;0.0;0.0;0.0;0.0;A01
58533;201500038846;0;33;0;0.0;0.0;0.0;0.0;B01
58534;201500038847;0;33;0;0.0;2.0;7.0;17.0;A01
58535;201500038847;0;7;0;0.0;2.0;3.0;15.0;B01
58536;201500038848;0;33;0;0.0;0.0;0.0;21.0;A01
58537;201500038849;0;7;0;0.0;2.0;3.0;15.0;B01
58538;201500038849;0;33;0;0.0;2.0;7.0;17.0;A01
58539;201500038851;0;34;0;15.0;0.0;2.0;21.0;A01
58540;201500038852;0;31;0;0.0;2.0;7.0;1.0;A01
58541;201500038852;0;7;0;0.0;2.0;6.0;13.0;B01
58542;201500038853;0;33;0;0.0;2.0;6.0;1.0;B01
58543;201500038853;1;7;0;0.0;2.0;0.0;0.0;Z01
58544;201500038854;0;34;0;0.0;2.0;1.0;1.0;B01
58545;201500038854;0;7;0;0.0;2.0;3.0;15.0;A01
58546;201500038855;0;32;0;4.0;0.0;8.0;1.0;A01
58547;201500038856;0;30;0;0.0;0.0;1.0;0.0;A01
58548;201500038857;0;30;0;0.0;2.0;1.0;1.0;B01
58549;201500038857;1;7;0;0.0;2.0;0.0;13.0;Z01
58550;201500038858;0;7;0;0.0;2.0;1.0;2.0;A01
58551;201500038858;0;7;0;0.0;2.0;4.0;2.0;B01
58552;201500038859;0;33;0;0.0;2.0;5.0;15.0;B01
58553;201500038859;0;34;0;0.0;2.0;3.0;13.0;A01
58554;201500038860;0;37;0;0.0;1.0;1.0;19.0;A01
58555;201500038861;0;30;0;12.0;0.0;3.0;1.0;A01
58556;201500038862;0;13;0;0.0;2.0;2.0;1.0;B01
58557;201500038862;0;7;0;0.0;2.0;3.0;13.0;A01
58558;201500038864;0;31;0;0.0;2.0;7.0;1.0;A01
58559;201500038864;0;7;0;0.0;2.0;1.0;2.0;B01
58560;201500038865;0;7;0;0.0;0.0;4.0;1.0;C01
58561;201500038865;0;14;0;0.0;2.0;1.0;1.0;A01
58562;201500038865;0;7;0;0.0;2.0;4.0;1.0;B01
58563;201500038866;0;32;0;0.0;0.0;8.0;0.0;A01
58564;201500038867;1;7;0;0.0;1.0;0.0;0.0;Z01
58565;201500038868;0;34;0;0.0;2.0;1.0;1.0;B01
58566;201500038868;0;7;0;0.0;2.0;7.0;15.0;A01
58567;201500038869;1;30;0;0.0;1.0;0.0;0.0;Z01
58568;201500038870;0;7;0;0.0;2.0;1.0;2.0;A01
58569;201500038870;0;33;0;0.0;2.0;4.0;23.0;B01
58570;201500038871;1;7;0;0.0;1.0;0.0;0.0;Z01
58571;201500038872;0;7;0;0.0;2.0;1.0;0.0;A01
58572;201500038872;0;33;0;0.0;0.0;4.0;0.0;B01
58573;201500038873;0;7;0;0.0;2.0;6.0;2.0;B01
58574;201500038873;0;33;0;4.0;2.0;1.0;2.0;A01
58575;201500038874;0;7;0;0.0;2.0;1.0;0.0;B01
58576;201500038874;0;7;0;0.0;2.0;1.0;16.0;A01
58577;201500038875;0;7;0;14.0;0.0;1.0;0.0;B01
58578;201500038876;0;7;0;0.0;1.0;1.0;17.0;A01
58579;201500038877;0;30;0;0.0;2.0;1.0;0.0;A01
58580;201500038877;0;7;0;0.0;0.0;4.0;0.0;B01
58581;201500038878;0;7;0;0.0;2.0;1.0;1.0;A01
58582;201500038878;0;32;0;0.0;2.0;7.0;1.0;B01
58583;201500038879;0;33;0;0.0;0.0;0.0;0.0;B01
58584;201500038879;0;7;0;0.0;2.0;1.0;0.0;A01
58585;201500038880;0;7;0;0.0;2.0;4.0;1.0;B01
58586;201500038880;0;7;0;0.0;2.0;1.0;0.0;A01
58587;201500038881;0;7;0;0.0;1.0;3.0;0.0;A01
58588;201500038882;0;7;0;0.0;2.0;3.0;0.0;A01
58589;201500038882;0;7;0;0.0;2.0;2.0;0.0;B01
58590;201500038883;0;32;0;0.0;2.0;8.0;1.0;B01
58591;201500038883;0;7;0;0.0;2.0;1.0;6.0;A01
58592;201500038884;0;1;0;0.0;2.0;8.0;1.0;B02
58593;201500038884;0;7;0;0.0;2.0;2.0;1.0;A01
58594;201500038885;2;7;0;0.0;2.0;1.0;1.0;B01
58595;201500038886;0;7;0;0.0;2.0;1.0;1.0;A01
58596;201500038886;0;7;0;0.0;2.0;7.0;10.0;B01
58597;201500038887;0;34;0;0.0;2.0;1.0;17.0;B01
58598;201500038887;0;7;0;0.0;2.0;3.0;10.0;A01
58599;201500038888;0;33;0;0.0;2.0;1.0;17.0;B01
58600;201500038888;0;7;0;0.0;2.0;6.0;15.0;A01
58601;201500038890;0;7;0;0.0;1.0;2.0;1.0;A01
58602;201500038891;0;7;0;0.0;2.0;2.0;16.0;B01
58603;201500038891;0;32;0;0.0;2.0;1.0;18.0;A01
58604;201500038892;1;32;0;0.0;2.0;1.0;1.0;A01
58605;201500038892;0;7;0;0.0;2.0;6.0;2.0;B01
58606;201500038893;0;14;0;0.0;2.0;1.0;1.0;A01
58607;201500038893;0;10;0;0.0;2.0;3.0;1.0;B01
58608;201500038894;0;32;0;3.0;0.0;1.0;1.0;A01
58609;201500038895;0;7;0;0.0;1.0;3.0;13.0;A01
58610;201500038896;0;7;0;0.0;2.0;0.0;1.0;A01
58611;201500038896;0;32;0;0.0;0.0;8.0;1.0;B01
58612;201500038897;0;7;0;0.0;1.0;0.0;0.0;A01
58613;201500038898;0;7;0;0.0;2.0;3.0;11.0;A01
58614;201500038898;0;31;0;0.0;2.0;5.0;17.0;B01
58615;201500038899;0;30;0;0.0;2.0;1.0;2.0;B01
58616;201500038899;0;7;0;0.0;2.0;6.0;15.0;A01
58617;201500038900;0;7;0;0.0;2.0;8.0;11.0;A01
58618;201500038900;0;30;0;0.0;2.0;7.0;2.0;B01
58619;201500038902;0;7;0;0.0;1.0;2.0;2.0;A01
58620;201500038903;0;7;0;0.0;2.0;8.0;1.0;C01
58621;201500038903;0;32;0;0.0;2.0;1.0;1.0;B01
58622;201500038903;0;7;0;0.0;2.0;3.0;11.0;A01
58623;201500038904;0;33;0;0.0;2.0;3.0;2.0;B01
58624;201500038904;0;7;0;0.0;2.0;3.0;15.0;A01
58625;201500038905;0;7;0;0.0;2.0;3.0;1.0;B01
58626;201500038905;0;7;0;0.0;2.0;3.0;1.0;A01
58627;201500038906;0;10;0;0.0;1.0;5.0;1.0;A01
58628;201500038908;1;99;0;0.0;2.0;0.0;0.0;Z01
58629;201500038908;0;33;0;0.0;2.0;0.0;3.0;B01
58630;201500038909;0;7;0;0.0;2.0;1.0;1.0;A01
58631;201500038909;0;7;0;0.0;2.0;4.0;1.0;B01
58632;201500038910;0;7;0;0.0;1.0;3.0;0.0;A01
58633;201500038911;0;7;0;0.0;1.0;0.0;0.0;A01
58634;201500038912;0;31;0;0.0;2.0;1.0;2.0;A01
58635;201500038912;0;7;0;0.0;2.0;4.0;23.0;B01
58636;201500038913;0;30;0;4.0;0.0;1.0;1.0;A01
58637;201500038914;0;7;0;0.0;2.0;4.0;16.0;C02
58638;201500038914;0;7;0;0.0;2.0;1.0;2.0;A01
58639;201500038914;0;7;0;0.0;4.0;9.0;2.0;B02
58640;201500038915;0;7;0;0.0;1.0;1.0;1.0;A01
58641;201500038917;0;7;0;0.0;1.0;3.0;1.0;A01
58642;201500038918;0;7;0;1.0;0.0;1.0;1.0;A01
58643;201500038920;0;10;0;0.0;2.0;1.0;15.0;A01
58644;201500038920;0;30;0;0.0;2.0;1.0;1.0;B01
58645;201500038921;0;33;0;0.0;2.0;1.0;1.0;B01
58646;201500038921;0;15;0;0.0;2.0;2.0;15.0;A01
58647;201500038922;0;7;0;0.0;1.0;3.0;1.0;A01
58648;201500038923;0;37;29;0.0;2.0;3.0;2.0;A01
58649;201500038923;0;7;0;0.0;2.0;5.0;2.0;B01
58650;201500038924;0;7;0;0.0;1.0;2.0;15.0;A01