;Num_Acc;senc;catv;occutc;obs;obsm;choc;manv;num_veh
59490;201500039502;0;33;0;11.0;0.0;1.0;1.0;A01
59491;201500039503;0;33;0;0.0;2.0;1.0;1.0;B01
59492;201500039503;0;7;0;0.0;2.0;7.0;15.0;A01
59493;201500039504;0;1;0;0.0;1.0;1.0;16.0;A01
59494;201500039504;0;37;1;0.0;2.0;1.0;23.0;B01
59495;201500039505;0;7;0;0.0;0.0;7.0;1.0;A01
59496;201500039506;0;7;0;0.0;2.0;0.0;4.0;B01
59497;201500039506;0;30;0;0.0;0.0;1.0;1.0;A01
59498;201500039507;0;30;0;0.0;2.0;1.0;1.0;B01
59499;201500039507;0;7;0;0.0;2.0;8.0;15.0;A01
59500;201500039508;0;2;0;0.0;2.0;5.0;1.0;B01
59501;201500039508;1;99;0;0.0;2.0;2.0;1.0;A01
59502;201500039509;0;10;0;0.0;1.0;1.0;1.0;A01
59503;201500039510;0;7;0;0.0;2.0;8.0;15.0;B01
59504;201500039510;0;32;0;0.0;2.0;1.0;1.0;A01
59505;201500039511;0;7;0;0.0;2.0;2.0;10.0;A01
59506;201500039511;0;33;0;0.0;2.0;1.0;1.0;B01
59507;201500039512;0;7;0;0.0;2.0;7.0;15.0;A01
59508;201500039512;1;7;0;0.0;2.0;2.0;1.0;Z01
59509;201500039514;0;7;0;8.0;0.0;1.0;1.0;A01
59510;201500039515;0;7;0;0.0;2.0;4.0;1.0;B01
59511;201500039515;0;7;0;0.0;2.0;1.0;1.0;A01
59512;201500039516;0;7;0;0.0;2.0;1.0;1.0;A01
59513;201500039516;0;31;0;0.0;2.0;4.0;23.0;B01
59514;201500039517;0;7;0;0.0;1.0;1.0;1.0;A01
59515;201500039518;0;7;0;0.0;2.0;3.0;1.0;B01
59516;201500039518;0;7;0;0.0;2.0;6.0;17.0;A01
59517;201500039519;0;33;0;0.0;1.0;1.0;1.0;A01
59518;201500039520;0;7;0;8.0;0.0;1.0;1.0;A01
59519;201500039521;0;7;0;0.0;1.0;4.0;1.0;B01
59520;201500039521;0;7;0;0.0;2.0;1.0;1.0;A01
59521;201500039523;0;34;0;0.0;1.0;1.0;1.0;A01
59522;201500039524;0;7;0;0.0;2.0;6.0;23.0;B01
59523;201500039524;0;30;0;1.0;0.0;1.0;1.0;A01
59524;201500039525;0;7;0;0.0;1.0;1.0;1.0;A01
59525;201500039526;0;34;0;0.0;2.0;1.0;1.0;B01
59526;201500039526;0;7;0;0.0;2.0;6.0;10.0;A01
59527;201500039527;0;33;0;0.0;2.0;1.0;1.0;B01
59528;201500039527;0;7;0;0.0;2.0;2.0;15.0;A01
59529;201500039528;0;7;0;2.0;0.0;1.0;14.0;A01
59530;201500039529;0;7;0;0.0;2.0;7.0;19.0;A01
59531;201500039529;0;7;0;0.0;2.0;1.0;1.0;B01
59532;201500039530;1;7;0;0.0;1.0;0.0;0.0;A01
59533;201500039531;0;7;0;0.0;1.0;1.0;0.0;A01
59534;201500039532;2;32;0;0.0;1.0;1.0;0.0;A01
59535;201500039533;0;3;0;0.0;2.0;2.0;15.0;B01
59536;201500039533;1;7;0;0.0;2.0;1.0;16.0;A01
59537;201500039534;0;32;0;0.0;2.0;1.0;1.0;A01
59538;201500039534;0;7;0;0.0;2.0;2.0;15.0;B01
59539;201500039535;0;7;0;0.0;0.0;4.0;2.0;A01
59540;201500039535;0;7;0;0.0;2.0;1.0;2.0;B01
59541;201500039535;0;7;0;0.0;2.0;1.0;2.0;C01
59542;201500039536;0;1;0;0.0;1.0;0.0;1.0;A01
59543;201500039537;0;7;0;0.0;2.0;2.0;1.0;B01
59544;201500039537;0;7;0;0.0;2.0;2.0;15.0;A01
59545;201500039538;0;7;0;0.0;1.0;2.0;1.0;A01
59546;201500039539;0;14;0;0.0;2.0;1.0;2.0;A01
59547;201500039539;0;10;0;0.0;2.0;4.0;2.0;C01
59548;201500039539;0;10;0;0.0;2.0;2.0;2.0;B01
59549;201500039540;0;32;0;9.0;0.0;0.0;0.0;A01
59550;201500039541;0;33;0;0.0;0.0;8.0;0.0;A01
59551;201500039542;0;7;0;0.0;2.0;4.0;2.0;B01
59552;201500039542;0;7;0;0.0;0.0;0.0;10.0;A01
59553;201500039542;0;7;0;0.0;2.0;1.0;2.0;D01
59554;201500039542;0;7;0;0.0;2.0;1.0;2.0;C01
59555;201500039543;0;32;0;0.0;2.0;1.0;15.0;A01
59556;201500039543;0;33;0;0.0;2.0;1.0;2.0;B01
59557;201500039544;0;7;0;0.0;2.0;1.0;15.0;A01
59558;201500039544;0;7;0;0.0;2.0;2.0;1.0;B01
59559;201500039545;0;7;0;0.0;2.0;7.0;15.0;A01
59560;201500039545;0;33;0;0.0;2.0;1.0;1.0;B01
59561;201500039546;0;33;0;0.0;2.0;2.0;1.0;B01
59562;201500039546;0;7;0;0.0;2.0;8.0;15.0;A01
59563;201500039547;0;7;0;0.0;2.0;2.0;0.0;B01
59564;201500039547;1;32;0;0.0;2.0;1.0;0.0;A01
59565;201500039548;0;7;0;0.0;2.0;1.0;1.0;B01
59566;201500039548;0;7;0;0.0;2.0;2.0;15.0;A01
59567;201500039549;0;14;0;0.0;2.0;1.0;12.0;A01
59568;201500039549;0;7;0;0.0;2.0;6.0;16.0;B01
59569;201500039550;0;7;0;0.0;2.0;1.0;9.0;A01
59570;201500039550;0;33;0;0.0;2.0;7.0;2.0;B01
59571;201500039551;0;7;0;0.0;1.0;2.0;0.0;A01
59572;201500039552;0;7;0;0.0;2.0;3.0;1.0;B01
59573;201500039552;0;7;0;0.0;2.0;2.0;15.0;A01
59574;201500039553;0;7;0;0.0;0.0;1.0;2.0;A01
59575;201500039553;0;7;0;0.0;0.0;4.0;23.0;B01
59576;201500039554;0;30;0;0.0;1.0;1.0;14.0;A01
59577;201500039555;0;32;0;0.0;2.0;1.0;15.0;B01
59578;201500039555;0;37;10;0.0;2.0;2.0;1.0;A01
59579;201500039556;0;10;0;0.0;1.0;1.0;1.0;A01
59580;201500039558;0;7;0;0.0;2.0;3.0;1.0;B01
59581;201500039558;0;1;0;0.0;2.0;1.0;1.0;A01
59582;201500039560;0;7;0;0.0;1.0;1.0;2.0;A01
59583;201500039562;0;7;0;0.0;2.0;4.0;23.0;B02
59584;201500039562;0;7;0;0.0;2.0;1.0;2.0;A01
59585;201500039563;0;16;0;11.0;0.0;1.0;1.0;A01
59586;201500039564;0;33;0;0.0;2.0;2.0;1.0;B01
59587;201500039564;0;7;0;0.0;2.0;1.0;1.0;A01
59588;201500039565;0;10;0;0.0;2.0;6.0;1.0;B01
59589;201500039565;0;32;0;0.0;2.0;1.0;1.0;A01
59590;201500039566;0;2;0;0.0;0.0;7.0;2.0;A01
59591;201500039569;0;33;0;0.0;2.0;1.0;21.0;B01
59592;201500039569;0;7;0;0.0;2.0;5.0;23.0;A01
59593;201500039570;0;2;0;0.0;2.0;8.0;12.0;B01
59594;201500039570;1;7;0;0.0;2.0;7.0;13.0;A01
59595;201500039571;0;32;0;0.0;9.0;7.0;2.0;A01
59596;201500039572;0;33;0;0.0;2.0;2.0;1.0;A01
59597;201500039572;0;7;0;0.0;2.0;1.0;1.0;B01
59598;201500039573;0;32;0;0.0;0.0;8.0;1.0;B01
59599;201500039573;0;7;0;0.0;0.0;0.0;1.0;A01
59600;201500039574;0;30;0;0.0;1.0;4.0;1.0;A01
59601;201500039576;0;7;0;0.0;0.0;0.0;5.0;A01
59602;201500039576;0;33;0;8.0;0.0;1.0;14.0;B01
59603;201500039577;0;14;0;1.0;0.0;6.0;0.0;A01
59604;201500039577;0;34;0;1.0;0.0;1.0;21.0;B01
59605;201500039578;0;33;0;0.0;1.0;1.0;2.0;A01
59606;201500039580;0;37;10;0.0;2.0;7.0;20.0;A01
59607;201500039580;0;37;10;0.0;2.0;8.0;1.0;B02
59608;201500039581;0;37;1;0.0;2.0;7.0;9.0;A01
59609;201500039581;0;37;0;0.0;2.0;8.0;19.0;B01
59610;201500039582;0;7;0;0.0;2.0;4.0;23.0;C01
59611;201500039582;0;7;0;0.0;2.0;1.0;1.0;A01
59612;201500039582;0;7;0;0.0;2.0;4.0;23.0;B01
59613;201500039583;0;7;0;0.0;2.0;7.0;11.0;A01
59614;201500039583;0;32;0;0.0;2.0;0.0;3.0;B01
59615;201500039584;0;33;0;0.0;1.0;1.0;1.0;A01
59616;201500039585;0;10;0;0.0;2.0;1.0;2.0;A01
59617;201500039585;0;7;0;0.0;2.0;4.0;0.0;B01
59618;201500039586;0;13;0;1.0;2.0;1.0;1.0;A01
59619;201500039586;0;7;0;0.0;2.0;4.0;1.0;B01
59620;201500039587;1;7;0;0.0;1.0;0.0;1.0;Z01
59621;201500039588;0;33;0;15.0;0.0;1.0;0.0;A01
59622;201500039589;0;7;0;0.0;1.0;2.0;1.0;A01
59623;201500039590;0;7;0;0.0;1.0;2.0;1.0;A01
59624;201500039591;0;7;0;0.0;1.0;4.0;20.0;A01
59625;201500039592;0;10;0;0.0;2.0;4.0;2.0;A01
59626;201500039592;0;30;0;0.0;2.0;2.0;2.0;B01
59627;201500039593;0;7;0;0.0;2.0;6.0;23.0;A01
59628;201500039593;0;7;0;0.0;2.0;2.0;2.0;B01
59629;201500039594;0;7;0;0.0;1.0;1.0;1.0;A01
59630;201500039595;0;7;0;0.0;1.0;3.0;15.0;A01
59631;201500039596;0;7;0;0.0;2.0;4.0;0.0;A01
59632;201500039596;0;30;0;0.0;2.0;1.0;0.0;B01
59633;201500039597;0;34;0;0.0;1.0;1.0;0.0;A01
59634;201500039598;0;7;0;0.0;2.0;2.0;9.0;A01
59635;201500039598;0;2;0;0.0;2.0;1.0;0.0;B01
59636;201500039600;0;34;0;0.0;2.0;1.0;1.0;A01
59637;201500039600;1;7;0;0.0;2.0;0.0;5.0;Z01
59638;201500039601;0;7;0;0.0;1.0;7.0;2.0;A01
59639;201500039602;0;7;0;0.0;2.0;1.0;10.0;A01
59640;201500039602;0;7;0;0.0;2.0;6.0;1.0;B01
59641;201500039603;0;7;0;0.0;1.0;0.0;4.0;A01
59642;201500039605;0;7;0;0.0;2.0;4.0;1.0;A01
59643;201500039605;0;30;0;0.0;2.0;1.0;1.0;B01
59644;201500039606;0;7;0;6.0;0.0;1.0;0.0;A01
59645;201500039607;0;7;0;0.0;0.0;4.0;0.0;A01
59646;201500039607;1;7;0;0.0;2.0;1.0;1.0;Z01
59647;201500039608;0;7;0;0.0;2.0;6.0;2.0;A01
59648;201500039608;1;7;0;0.0;2.0;0.0;2.0;Z01
59649;201500039609;0;7;0;0.0;1.0;3.0;0.0;A01
59650;201500039610;0;99;0;0.0;2.0;4.0;2.0;A01
59651;201500039610;0;99;0;0.0;2.0;1.0;2.0;B01
59652;201500039611;0;30;0;0.0;2.0;1.0;0.0;A01
59653;201500039611;0;7;0;0.0;2.0;0.0;0.0;B01
59654;201500039612;0;7;0;0.0;2.0;2.0;1.0;A01
59655;201500039612;1;7;0;0.0;2.0;0.0;0.0;B01
59656;201500039613;0;7;0;0.0;1.0;2.0;1.0;A01
59657;201500039614;0;7;0;0.0;1.0;1.0;1.0;A01
59658;201500039615;0;10;0;0.0;2.0;1.0;2.0;A01
59659;201500039615;0;7;0;0.0;2.0;4.0;2.0;B01
59660;201500039616;0;7;0;0.0;2.0;2.0;10.0;A01
59661;201500039616;0;32;0;0.0;2.0;1.0;1.0;B01
59662;201500039618;0;7;0;0.0;2.0;1.0;2.0;A01
59663;201500039618;0;7;0;0.0;2.0;4.0;2.0;B01
59664;201500039619;0;3;0;1.0;0.0;1.0;1.0;A01
59665;201500039619;0;7;0;0.0;2.0;5.0;1.0;B01
59666;201500039619;0;7;0;0.0;2.0;1.0;1.0;C01
59667;201500039620;0;30;0;0.0;1.0;1.0;1.0;A01
59668;201500039621;0;33;0;0.0;2.0;1.0;0.0;A01
59669;201500039622;0;7;0;0.0;1.0;7.0;1.0;A01
59670;201500039624;0;7;0;0.0;1.0;2.0;1.0;A01
59671;201500039625;0;10;0;0.0;1.0;2.0;0.0;A01
59672;201500039626;0;33;0;0.0;2.0;1.0;1.0;A01
59673;201500039626;0;7;0;0.0;2.0;3.0;15.0;B01
59674;201500039627;0;30;0;0.0;0.0;7.0;21.0;A01
59675;201500039628;0;7;0;0.0;2.0;6.0;2.0;B01
59676;201500039628;1;7;0;0.0;2.0;0.0;2.0;Z01
59677;201500039629;0;7;0;1.0;2.0;3.0;9.0;A01
59678;201500039629;0;7;0;0.0;2.0;1.0;1.0;B01
59679;201500039630;0;7;0;0.0;2.0;2.0;1.0;B01
59680;201500039630;1;7;0;0.0;0.0;0.0;1.0;Z01
59681;201500039631;0;10;0;1.0;1.0;2.0;16.0;A01
59682;201500039632;0;7;0;0.0;1.0;2.0;16.0;A01
59683;201500039633;0;7;0;0.0;1.0;8.0;2.0;A01
59684;201500039634;0;7;0;0.0;1.0;6.0;2.0;A01
59685;201500039635;0;2;0;1.0;2.0;1.0;3.0;A01
59686;201500039635;0;7;0;0.0;0.0;0.0;22.0;B01
59687;201500039635;0;7;0;0.0;9.0;2.0;2.0;C01
59688;201500039636;0;7;0;1.0;1.0;0.0;1.0;A01
59689;201500039637;0;7;0;0.0;1.0;3.0;1.0;A01
59690;201500039639;0;7;0;0.0;2.0;1.0;15.0;A01
59691;201500039639;0;1;0;0.0;2.0;1.0;1.0;B01
59692;201500039640;1;30;0;0.0;1.0;0.0;0.0;Z01
59693;201500039641;1;15;0;0.0;1.0;3.0;0.0;Z01
59694;201500039642;0;1;0;0.0;2.0;8.0;1.0;A01
59695;201500039642;1;7;0;0.0;2.0;2.0;17.0;Z01
59696;201500039643;0;10;0;0.0;2.0;2.0;9.0;A01
59697;201500039643;0;34;0;0.0;2.0;2.0;17.0;B01
59698;201500039644;0;34;0;0.0;1.0;1.0;1.0;A01
59699;201500039645;0;7;0;0.0;2.0;5.0;1.0;A01
59700;201500039645;0;1;0;0.0;2.0;8.0;15.0;B01
59701;201500039646;0;7;0;0.0;1.0;6.0;20.0;A01
59702;201500039647;0;7;0;0.0;2.0;3.0;0.0;A01
59703;201500039647;0;33;0;0.0;2.0;1.0;0.0;B01
59704;201500039649;0;7;0;0.0;2.0;5.0;10.0;A01
59705;201500039649;0;33;0;0.0;2.0;1.0;1.0;B01
59706;201500039650;0;33;0;0.0;2.0;1.0;1.0;A01
59707;201500039650;0;7;0;0.0;2.0;2.0;15.0;B01
59708;201500039651;0;10;0;0.0;1.0;3.0;1.0;A01
59709;201500039652;0;2;0;1.0;0.0;1.0;5.0;A01
59710;201500039653;0;10;0;0.0;2.0;1.0;2.0;A01
59711;201500039653;0;7;0;0.0;2.0;4.0;2.0;B01
59712;201500039653;0;14;0;0.0;2.0;4.0;2.0;C01
59713;201500039654;0;2;0;0.0;2.0;5.0;2.0;A01
59714;201500039654;0;7;0;0.0;2.0;5.0;2.0;B01
59715;201500039655;0;34;0;1.0;2.0;1.0;18.0;A01
59716;201500039655;0;7;0;0.0;2.0;7.0;20.0;B01
59717;201500039656;0;7;0;0.0;1.0;1.0;1.0;A01
59718;201500039657;0;7;0;0.0;2.0;5.0;4.0;A01
59719;201500039657;0;30;0;0.0;2.0;1.0;2.0;B01
59720;201500039658;0;7;0;0.0;2.0;1.0;2.0;A01
59721;201500039658;0;7;0;0.0;2.0;4.0;2.0;B01
59722;201500039659;0;33;0;0.0;2.0;1.0;1.0;B01
59723;201500039659;0;30;0;0.0;2.0;8.0;19.0;A01
59724;201500039660;0;7;0;0.0;1.0;1.0;1.0;A01
59725;201500039661;2;34;0;0.0;2.0;1.0;0.0;A01
59726;201500039661;0;7;0;0.0;2.0;6.0;1.0;B01
59727;201500039662;2;7;0;0.0;2.0;1.0;19.0;A01
59728;201500039662;0;7;0;0.0;2.0;3.0;1.0;B01
59729;201500039663;0;15;0;0.0;1.0;2.0;2.0;A01
59730;201500039664;0;7;0;0.0;2.0;3.0;10.0;A01
59731;201500039664;0;33;0;0.0;2.0;1.0;1.0;B01
59732;201500039665;0;7;0;0.0;2.0;4.0;20.0;A01
59733;201500039665;1;2;0;0.0;2.0;1.0;0.0;B01
59734;201500039667;0;30;0;0.0;2.0;1.0;17.0;A01
59735;201500039667;0;7;0;0.0;2.0;8.0;1.0;B01
59736;201500039668;2;7;0;1.0;0.0;1.0;0.0;A01
59737;201500039668;0;7;0;9.0;0.0;3.0;0.0;B01
59738;201500039669;0;30;0;0.0;2.0;7.0;1.0;B01
59739;201500039669;1;7;0;0.0;2.0;0.0;4.0;Z01
59740;201500039670;0;10;0;0.0;2.0;1.0;12.0;A01
59741;201500039670;0;32;0;0.0;2.0;1.0;0.0;B01
59742;201500039671;0;7;0;0.0;2.0;0.0;20.0;A01
59743;201500039671;0;34;0;1.0;2.0;1.0;21.0;B01
59744;201500039671;0;7;0;0.0;2.0;8.0;1.0;C01
59745;201500039671;0;7;0;0.0;2.0;1.0;1.0;D01
59746;201500039672;0;10;0;0.0;2.0;1.0;5.0;A01
59747;201500039672;0;33;0;0.0;2.0;1.0;0.0;B01
59748;201500039673;0;7;0;0.0;1.0;3.0;15.0;A01
59749;201500039674;0;7;0;0.0;1.0;1.0;1.0;A01
59750;201500039675;0;7;0;0.0;2.0;3.0;15.0;B01
59751;201500039675;0;1;0;0.0;2.0;7.0;5.0;A01
59752;201500039676;0;7;0;0.0;2.0;2.0;2.0;A01
59753;201500039676;1;7;0;0.0;2.0;3.0;16.0;Z01
59754;201500039677;0;32;0;0.0;2.0;5.0;21.0;A01
59755;201500039677;0;7;0;0.0;2.0;5.0;2.0;B01
59756;201500039678;0;30;0;0.0;1.0;1.0;0.0;A01
59757;201500039679;0;37;0;0.0;1.0;2.0;0.0;B01
59758;201500039680;0;7;0;9.0;0.0;2.0;0.0;A01
59759;201500039681;0;10;0;1.0;1.0;2.0;1.0;A01
59760;201500039682;0;7;0;0.0;1.0;5.0;20.0;A01
59761;201500039685;0;7;0;0.0;1.0;8.0;0.0;A01
59762;201500039686;0;7;0;0.0;1.0;3.0;0.0;A01
59763;201500039687;0;3;0;0.0;0.0;2.0;15.0;A01
59764;201500039687;0;32;0;0.0;0.0;7.0;17.0;B01
59765;201500039688;0;7;0;0.0;2.0;3.0;10.0;A01
59766;201500039688;0;33;0;0.0;2.0;1.0;1.0;B01
59767;201500039689;0;7;0;0.0;1.0;4.0;4.0;A01
59768;201500039690;0;7;0;0.0;2.0;1.0;9.0;A01
59769;201500039690;0;1;0;0.0;2.0;7.0;1.0;B01
59770;201500039691;0;7;0;0.0;2.0;1.0;15.0;A01
59771;201500039691;0;2;0;0.0;2.0;8.0;18.0;B01
59772;201500039692;0;10;0;0.0;1.0;2.0;10.0;A01
59773;201500039693;0;7;0;0.0;1.0;2.0;1.0;A01
59774;201500039694;0;34;0;0.0;2.0;1.0;17.0;A01
59775;201500039694;0;7;0;0.0;2.0;3.0;15.0;B01
59776;201500039695;0;10;0;1.0;2.0;2.0;17.0;A01
59777;201500039695;0;7;0;0.0;2.0;3.0;15.0;B01
59778;201500039696;0;37;0;1.0;1.0;1.0;7.0;A01
59779;201500039697;0;7;0;0.0;1.0;1.0;1.0;A01
59780;201500039698;0;7;0;0.0;1.0;2.0;0.0;A01
59781;201500039699;0;7;0;0.0;1.0;1.0;15.0;A01
59782;201500039700;0;7;0;0.0;1.0;7.0;0.0;A01
59783;201500039701;0;37;0;0.0;1.0;2.0;7.0;A01
59784;201500039703;1;7;0;0.0;1.0;3.0;2.0;Z01
59785;201500039704;0;7;0;0.0;1.0;1.0;1.0;A01
59786;201500039705;0;7;0;0.0;1.0;1.0;1.0;A01
59787;201500039706;0;7;0;0.0;2.0;6.0;1.0;B01
59788;201500039706;0;7;0;0.0;2.0;1.0;1.0;A01
59789;201500039707;0;7;0;0.0;2.0;8.0;19.0;A01
59790;201500039707;0;7;0;0.0;2.0;2.0;1.0;B01
59791;201500039708;0;7;0;0.0;1.0;2.0;2.0;A01
59792;201500039709;0;7;0;0.0;1.0;1.0;15.0;A01
59793;201500039711;0;7;0;0.0;0.0;8.0;9.0;A01
59794;201500039711;0;30;0;0.0;2.0;2.0;1.0;B01
59795;201500039712;0;7;0;1.0;0.0;3.0;14.0;A01
59796;201500039713;0;7;0;0.0;1.0;3.0;1.0;A01
59797;201500039714;2;7;0;8.0;2.0;4.0;0.0;A01
59798;201500039714;2;7;0;1.0;2.0;1.0;2.0;B01
59799;201500039715;0;7;0;0.0;1.0;2.0;1.0;A01
59800;201500039716;0;7;0;0.0;1.0;2.0;0.0;A01
59801;201500039717;0;10;0;0.0;2.0;7.0;0.0;A01
59802;201500039717;0;30;0;0.0;2.0;1.0;1.0;B01
59803;201500039718;0;31;0;0.0;2.0;3.0;1.0;A01
59804;201500039718;0;7;0;0.0;2.0;5.0;14.0;B01
59805;201500039719;0;7;0;0.0;2.0;2.0;15.0;A01
59806;201500039719;0;14;0;0.0;2.0;3.0;15.0;B01
59807;201500039720;0;7;0;0.0;0.0;4.0;2.0;A01
59808;201500039720;0;7;0;0.0;0.0;1.0;2.0;B01
59809;201500039720;0;7;0;0.0;0.0;1.0;2.0;C01
59810;201500039720;0;7;0;0.0;0.0;1.0;2.0;D01
59811;201500039721;0;7;0;0.0;2.0;2.0;20.0;A01
59812;201500039721;0;10;0;0.0;2.0;2.0;1.0;B01
59813;201500039722;0;7;0;0.0;1.0;2.0;17.0;A01
59814;201500039723;0;10;0;0.0;1.0;2.0;0.0;A01
59815;201500039724;0;32;0;0.0;0.0;0.0;0.0;A01
59816;201500039725;0;7;0;0.0;1.0;1.0;1.0;A01
59817;201500039726;0;7;0;1.0;2.0;1.0;0.0;A01
59818;201500039726;0;7;0;0.0;2.0;3.0;0.0;B01
59819;201500039727;0;7;0;0.0;2.0;1.0;2.0;A01
59820;201500039727;0;7;0;0.0;2.0;4.0;2.0;B01
59821;201500039728;0;7;0;0.0;2.0;3.0;0.0;A01
59822;201500039728;0;7;0;0.0;2.0;3.0;2.0;B01
59823;201500039729;0;7;0;0.0;2.0;1.0;15.0;A01
59824;201500039729;0;7;0;0.0;2.0;1.0;9.0;B01
59825;201500039730;0;7;0;4.0;2.0;9.0;2.0;A01
59826;201500039730;0;15;0;0.0;2.0;8.0;2.0;B01
59827;201500039731;1;10;0;0.0;1.0;0.0;0.0;Z01
59828;201500039732;0;7;0;0.0;2.0;3.0;0.0;A01
59829;201500039732;0;7;0;0.0;2.0;2.0;0.0;B01
59830;201500039733;0;7;0;0.0;2.0;1.0;14.0;A01
59831;201500039734;0;10;0;0.0;2.0;1.0;2.0;A01
59832;201500039734;0;7;0;0.0;2.0;4.0;2.0;B01
59833;201500039735;0;7;0;0.0;1.0;1.0;1.0;A01
59834;201500039736;0;7;0;4.0;0.0;1.0;13.0;A01
59835;201500039737;0;7;0;0.0;9.0;1.0;1.0;A01
59836;201500039737;0;1;0;0.0;2.0;8.0;1.0;B01
59837;201500039738;0;33;0;0.0;2.0;1.0;3.0;A01
59838;201500039738;0;10;0;0.0;2.0;0.0;13.0;C01
59839;201500039738;0;7;0;0.0;2.0;6.0;1.0;B01
59840;201500039739;0;7;0;0.0;1.0;1.0;0.0;A01
59841;201500039740;0;7;0;0.0;2.0;1.0;2.0;A01
59842;201500039740;0;7;0;0.0;2.0;4.0;2.0;B01
59843;201500039740;0;7;0;0.0;2.0;4.0;2.0;C01
59844;201500039741;0;7;0;0.0;2.0;8.0;0.0;A01
59845;201500039741;0;7;0;0.0;0.0;8.0;0.0;B01
59846;201500039743;0;7;0;8.0;0.0;1.0;1.0;A01
59847;201500039744;0;7;0;0.0;2.0;1.0;15.0;A01
59848;201500039744;0;7;0;0.0;2.0;1.0;1.0;B01
59849;201500039745;0;7;0;1.0;1.0;3.0;24.0;A01
59850;201500039745;0;1;0;1.0;0.0;2.0;1.0;B01
59851;201500039746;0;7;0;0.0;1.0;0.0;0.0;A01
59852;201500039747;0;7;0;0.0;2.0;1.0;2.0;A01
59853;201500039747;0;7;0;0.0;0.0;4.0;2.0;B01
59854;201500039748;0;7;0;0.0;1.0;2.0;1.0;A01
59855;201500039749;0;7;0;0.0;2.0;1.0;1.0;A01
59856;201500039749;0;7;0;0.0;0.0;4.0;1.0;B01
59857;201500039750;0;7;0;0.0;1.0;7.0;1.0;A01
59858;201500039752;0;7;0;0.0;1.0;0.0;2.0;A01
59859;201500039753;1;7;0;0.0;2.0;2.0;0.0;A01
59860;201500039753;0;3;0;0.0;0.0;6.0;1.0;B01
59861;201500039753;0;7;0;0.0;0.0;4.0;23.0;C01
59862;201500039754;0;33;0;0.0;0.0;0.0;0.0;A01
59863;201500039754;0;7;0;0.0;2.0;0.0;12.0;B01
59864;201500039755;0;37;0;0.0;9.0;8.0;2.0;A01
59865;201500039755;0;32;0;0.0;9.0;7.0;2.0;C01
59866;201500039756;1;7;0;0.0;1.0;0.0;0.0;Z01
59867;201500039757;0;7;0;0.0;2.0;5.0;1.0;A01
59868;201500039757;0;32;0;0.0;2.0;1.0;2.0;B01
59869;201500039759;0;37;1;0.0;1.0;1.0;1.0;A01
59870;201500039760;0;7;0;0.0;2.0;7.0;0.0;A01
59871;201500039760;0;7;0;0.0;2.0;1.0;0.0;B01
59872;201500039761;0;7;0;0.0;2.0;1.0;1.0;A01
59873;201500039761;0;7;0;0.0;2.0;5.0;15.0;B01
59874;201500039762;0;7;0;0.0;0.0;0.0;0.0;A01
59875;201500039762;0;7;0;0.0;2.0;6.0;24.0;B01
59876;201500039763;0;10;0;0.0;2.0;3.0;0.0;A01
59877;201500039763;0;7;0;0.0;2.0;5.0;0.0;B01
59878;201500039765;0;7;0;0.0;2.0;8.0;1.0;A01
59879;201500039765;0;7;0;0.0;2.0;0.0;1.0;B01
59880;201500039765;0;7;0;8.0;2.0;1.0;0.0;C01
59881;201500039765;0;7;0;8.0;2.0;7.0;21.0;D01
59882;201500039766;0;7;0;0.0;2.0;1.0;15.0;A01
59883;201500039766;0;31;0;0.0;2.0;1.0;21.0;B01
59884;201500039767;0;3;0;0.0;2.0;8.0;19.0;A01
59885;201500039767;0;7;0;0.0;2.0;1.0;2.0;B01
59886;201500039768;0;7;0;0.0;1.0;4.0;4.0;A01
59887;201500039769;0;7;0;0.0;2.0;3.0;1.0;A01
59888;201500039769;0;37;0;0.0;2.0;5.0;1.0;B01
59889;201500039770;0;33;0;0.0;2.0;1.0;2.0;A01
59890;201500039770;0;7;0;0.0;2.0;4.0;2.0;B01
59891;201500039771;0;7;0;0.0;2.0;1.0;1.0;A01
59892;201500039771;0;7;0;0.0;2.0;1.0;1.0;B01
59893;201500039771;0;7;0;0.0;2.0;1.0;1.0;C01
59894;201500039772;0;7;0;0.0;1.0;2.0;1.0;A01
59895;201500039772;0;1;0;0.0;2.0;7.0;19.0;B01
59896;201500039773;0;7;0;9.0;2.0;3.0;15.0;B01
59897;201500039773;0;7;0;0.0;2.0;2.0;17.0;A01
59898;201500039774;0;34;0;0.0;2.0;1.0;1.0;A01
59899;201500039774;0;7;0;0.0;2.0;8.0;9.0;B01
59900;201500039775;0;7;0;0.0;2.0;4.0;0.0;A01
59901;201500039775;0;7;0;0.0;2.0;1.0;0.0;B01
59902;201500039776;0;7;0;0.0;1.0;2.0;1.0;A01
59903;201500039777;0;7;0;1.0;1.0;2.0;2.0;A01
59904;201500039778;0;7;0;0.0;0.0;3.0;15.0;B01
59905;201500039778;0;7;0;0.0;2.0;3.0;16.0;A01
59906;201500039779;0;7;0;1.0;0.0;2.0;1.0;A01
59907;201500039780;0;7;0;0.0;0.0;0.0;0.0;A01
59908;201500039780;0;7;0;0.0;2.0;8.0;0.0;B01
59909;201500039781;0;7;0;16.0;0.0;1.0;0.0;A01