;Num_Acc;senc;catv;occutc;obs;obsm;choc;manv;num_veh
60332;201500040064;0;7;0;0.0;0.0;6.0;0.0;D01
60333;201500040065;0;7;0;0.0;1.0;8.0;10.0;A01
60334;201500040065;0;32;0;0.0;2.0;1.0;17.0;B01
60335;201500040066;0;7;0;0.0;0.0;3.0;15.0;A01
60336;201500040066;0;34;0;0.0;2.0;2.0;17.0;B01
60337;201500040067;0;7;0;0.0;1.0;1.0;2.0;A01
60338;201500040067;0;7;0;0.0;2.0;1.0;0.0;B01
60339;201500040068;0;7;0;0.0;1.0;1.0;0.0;A01
60340;201500040069;1;7;0;0.0;2.0;1.0;0.0;A01
60341;201500040069;0;7;0;0.0;1.0;1.0;0.0;B01
60342;201500040070;0;7;0;0.0;0.0;9.0;0.0;A01
60343;201500040070;0;10;0;0.0;2.0;6.0;0.0;B01
60344;201500040070;0;7;0;0.0;2.0;1.0;0.0;C01
60345;201500040070;0;7;0;0.0;2.0;1.0;0.0;D01
60346;201500040071;0;7;0;0.0;2.0;1.0;12.0;A01
60347;201500040071;0;7;0;0.0;0.0;4.0;4.0;B01
60348;201500040072;0;7;0;0.0;2.0;1.0;2.0;A01
60349;201500040072;0;7;0;0.0;0.0;4.0;2.0;B01
60350;201500040073;0;7;0;0.0;1.0;2.0;1.0;A01
60351;201500040074;0;7;0;0.0;0.0;1.0;0.0;A01
60352;201500040074;0;7;0;0.0;0.0;4.0;0.0;B01
60353;201500040075;0;7;0;0.0;1.0;2.0;1.0;A01
60354;201500040076;0;7;0;8.0;1.0;1.0;2.0;B01
60355;201500040076;0;7;0;0.0;2.0;4.0;23.0;A01
60356;201500040077;0;7;0;0.0;0.0;6.0;0.0;A01
60357;201500040077;0;37;4;0.0;0.0;2.0;0.0;B01
60358;201500040078;0;7;0;0.0;2.0;1.0;2.0;A01
60359;201500040078;0;7;0;0.0;2.0;4.0;23.0;B01
60360;201500040078;0;7;0;0.0;0.0;0.0;21.0;C01
60361;201500040079;0;7;0;0.0;1.0;1.0;0.0;A01
60362;201500040080;0;33;0;0.0;1.0;2.0;1.0;A01
60363;201500040081;0;15;0;0.0;1.0;3.0;1.0;A01
60364;201500040083;1;3;0;0.0;1.0;0.0;0.0;A01
60365;201500040084;0;37;10;0.0;1.0;2.0;23.0;A01
60366;201500040085;0;7;0;0.0;1.0;3.0;0.0;A01
60367;201500040086;0;7;0;0.0;2.0;2.0;0.0;B01
60368;201500040086;0;7;0;0.0;2.0;3.0;1.0;A01
60369;201500040087;0;7;0;0.0;1.0;1.0;2.0;A01
60370;201500040088;0;31;0;0.0;2.0;1.0;2.0;A01
60371;201500040088;0;7;0;0.0;0.0;4.0;23.0;B01
60372;201500040089;0;7;0;0.0;1.0;1.0;1.0;A01
60373;201500040089;0;7;0;0.0;2.0;8.0;1.0;B01
60374;201500040091;0;1;0;0.0;0.0;5.0;0.0;A01
60375;201500040091;0;7;0;0.0;0.0;0.0;0.0;B01
60376;201500040092;0;7;0;0.0;2.0;2.0;1.0;A01
60377;201500040092;0;7;0;0.0;2.0;1.0;1.0;B01
60378;201500040093;0;7;0;0.0;0.0;0.0;0.0;A01
60379;201500040093;0;2;0;0.0;0.0;0.0;0.0;B01
60380;201500040096;0;7;0;0.0;1.0;2.0;1.0;A01
60381;201500040097;0;7;0;0.0;2.0;3.0;0.0;A01
60382;201500040097;0;3;0;0.0;2.0;2.0;1.0;B01
60383;201500040098;0;7;0;0.0;0.0;6.0;4.0;A01
60384;201500040098;0;33;0;0.0;0.0;2.0;0.0;B01
60385;201500040099;0;14;0;0.0;2.0;6.0;11.0;A01
60386;201500040099;0;7;0;0.0;2.0;2.0;1.0;B01
60387;201500040100;0;7;0;0.0;1.0;3.0;0.0;A01
60388;201500040101;0;7;0;0.0;2.0;2.0;7.0;A01
60389;201500040101;0;34;0;0.0;2.0;3.0;9.0;B01
60390;201500040102;0;7;0;0.0;1.0;2.0;0.0;A01
60391;201500040103;0;7;0;0.0;0.0;1.0;2.0;A01
60392;201500040103;0;7;0;0.0;0.0;4.0;2.0;B01
60393;201500040104;0;7;0;0.0;2.0;1.0;1.0;A01
60394;201500040104;0;7;0;0.0;2.0;4.0;1.0;B01
60395;201500040105;0;7;0;0.0;1.0;1.0;0.0;A01
60396;201500040106;0;7;0;0.0;1.0;3.0;0.0;A01
60397;201500040107;0;7;0;0.0;1.0;1.0;1.0;A01
60398;201500040109;0;13;0;0.0;2.0;1.0;1.0;A01
60399;201500040109;0;7;0;0.0;9.0;4.0;1.0;B01
60400;201500040110;0;7;0;0.0;2.0;1.0;2.0;A01
60401;201500040110;0;7;0;0.0;2.0;4.0;23.0;B01
60402;201500040110;0;7;0;0.0;2.0;4.0;23.0;C01
60403;201500040111;0;34;0;0.0;2.0;2.0;1.0;A01
60404;201500040111;0;7;0;0.0;2.0;1.0;11.0;B01
60405;201500040112;0;7;0;0.0;0.0;2.0;1.0;B01
60406;201500040112;1;30;0;0.0;0.0;0.0;0.0;A01
60407;201500040113;0;2;0;0.0;2.0;1.0;2.0;A01
60408;201500040113;0;7;0;0.0;2.0;8.0;9.0;B01
60409;201500040114;0;7;0;0.0;1.0;8.0;1.0;A01
60410;201500040115;0;7;0;0.0;2.0;1.0;2.0;A01
60411;201500040115;0;7;0;0.0;2.0;3.0;16.0;B01
60412;201500040116;0;1;0;0.0;2.0;8.0;19.0;A01
60413;201500040116;0;7;0;0.0;9.0;1.0;1.0;B01
60414;201500040117;0;34;0;0.0;2.0;2.0;1.0;B01
60415;201500040117;0;7;0;0.0;2.0;3.0;15.0;A01
60416;201500040118;0;7;0;0.0;1.0;0.0;0.0;A01
60417;201500040119;0;7;0;0.0;0.0;5.0;1.0;B01
60418;201500040119;0;13;0;0.0;2.0;3.0;9.0;A01
60419;201500040120;0;7;0;0.0;0.0;8.0;11.0;A01
60420;201500040120;0;34;0;0.0;2.0;7.0;1.0;B01
60421;201500040123;0;7;0;0.0;0.0;3.0;0.0;A01
60422;201500040123;0;30;0;0.0;2.0;7.0;2.0;B01
60423;201500040124;0;31;0;0.0;0.0;8.0;2.0;A01
60424;201500040125;0;7;0;0.0;2.0;3.0;3.0;A01
60425;201500040125;0;7;0;9.0;0.0;2.0;2.0;B01
60426;201500040126;0;33;0;0.0;2.0;2.0;21.0;A01
60427;201500040126;0;7;0;0.0;0.0;2.0;15.0;B01
60428;201500040127;0;7;0;11.0;0.0;0.0;0.0;A01
60429;201500040128;0;7;0;0.0;2.0;2.0;14.0;A01
60430;201500040128;0;7;0;0.0;0.0;6.0;1.0;B01
60431;201500040129;0;33;0;0.0;2.0;1.0;1.0;B01
60432;201500040129;0;7;0;0.0;2.0;1.0;0.0;A01
60433;201500040130;0;7;0;3.0;0.0;1.0;1.0;A01
60434;201500040131;0;10;0;0.0;0.0;0.0;0.0;A01
60435;201500040131;0;33;0;0.0;0.0;0.0;0.0;B01
60436;201500040132;0;32;0;0.0;2.0;1.0;2.0;A01
60437;201500040132;0;7;0;0.0;0.0;4.0;2.0;B01
60438;201500040133;0;7;0;0.0;2.0;2.0;15.0;A01
60439;201500040133;0;30;0;0.0;2.0;3.0;16.0;B01
60440;201500040135;0;7;0;0.0;2.0;4.0;2.0;A01
60441;201500040135;0;13;0;0.0;2.0;1.0;2.0;B01
60442;201500040136;0;7;0;0.0;2.0;1.0;5.0;A01
60443;201500040136;0;7;0;0.0;2.0;1.0;1.0;B01
60444;201500040137;0;37;1;0.0;0.0;0.0;0.0;A01
60445;201500040137;0;7;0;0.0;0.0;0.0;0.0;B01
60446;201500040138;0;7;0;0.0;0.0;3.0;1.0;A01
60447;201500040138;0;7;0;0.0;0.0;0.0;1.0;B01
60448;201500040139;0;7;0;0.0;2.0;1.0;2.0;A01
60449;201500040139;0;7;0;0.0;0.0;4.0;2.0;B01
60450;201500040140;0;7;0;0.0;2.0;1.0;0.0;A01
60451;201500040140;0;7;0;0.0;2.0;1.0;0.0;B01
60452;201500040141;0;7;0;0.0;1.0;0.0;0.0;A01
60453;201500040142;0;32;0;0.0;9.0;2.0;1.0;A01
60454;201500040142;0;7;0;0.0;0.0;5.0;2.0;B01
60455;201500040143;0;7;0;0.0;2.0;8.0;1.0;A01
60456;201500040143;0;33;0;0.0;2.0;7.0;2.0;B01
60457;201500040144;0;30;0;0.0;2.0;2.0;12.0;A01
60458;201500040144;0;33;0;0.0;0.0;0.0;0.0;B01
60459;201500040145;0;7;0;0.0;2.0;4.0;2.0;A01
60460;201500040145;0;31;0;0.0;2.0;1.0;2.0;B01
60461;201500040147;0;2;0;0.0;2.0;7.0;11.0;A01
60462;201500040147;0;7;0;0.0;2.0;3.0;2.0;B01
60463;201500040149;0;7;0;0.0;2.0;5.0;12.0;A01
60464;201500040149;0;34;0;0.0;2.0;3.0;1.0;B01
60465;201500040150;0;7;0;0.0;2.0;5.0;1.0;A01
60466;201500040150;1;7;0;0.0;2.0;0.0;0.0;B01
60467;201500040151;0;1;0;0.0;0.0;0.0;0.0;A01
60468;201500040151;1;7;0;0.0;0.0;0.0;0.0;B01
60469;201500040152;0;7;0;0.0;2.0;4.0;0.0;A01
60470;201500040152;0;7;0;0.0;2.0;1.0;2.0;B01
60471;201500040153;0;10;0;0.0;2.0;2.0;15.0;A01
60472;201500040153;0;10;0;15.0;2.0;3.0;1.0;B01
60473;201500040154;0;7;0;0.0;2.0;1.0;2.0;A01
60474;201500040154;0;7;0;0.0;0.0;4.0;2.0;B01
60475;201500040155;0;7;0;1.0;0.0;6.0;2.0;A01
60476;201500040155;0;1;0;0.0;0.0;4.0;2.0;B01
60477;201500040156;0;34;0;0.0;0.0;7.0;0.0;A01
60478;201500040156;0;7;0;0.0;0.0;3.0;0.0;B01
60479;201500040158;0;30;0;0.0;2.0;2.0;2.0;A01
60480;201500040158;0;7;0;0.0;2.0;6.0;0.0;B01
60481;201500040159;0;99;0;0.0;1.0;2.0;2.0;A01
60482;201500040160;0;10;0;0.0;2.0;1.0;2.0;A01
60483;201500040160;0;7;0;0.0;2.0;7.0;2.0;B01
60484;201500040161;0;33;0;0.0;1.0;3.0;0.0;B01
60485;201500040161;0;7;0;0.0;1.0;1.0;19.0;A01
60486;201500040162;0;7;0;0.0;1.0;8.0;1.0;A01
60487;201500040163;0;7;0;0.0;0.0;8.0;0.0;A01
60488;201500040163;0;7;0;0.0;0.0;1.0;0.0;B01
60489;201500040164;0;37;1;0.0;1.0;2.0;0.0;A01
60490;201500040165;0;7;0;0.0;0.0;1.0;0.0;A01
60491;201500040165;0;7;0;0.0;0.0;7.0;0.0;B01
60492;201500040166;0;7;0;0.0;2.0;1.0;2.0;A01
60493;201500040166;0;7;0;0.0;2.0;4.0;2.0;B01
60494;201500040167;0;7;0;0.0;1.0;1.0;2.0;A01
60495;201500040168;1;7;0;0.0;1.0;0.0;0.0;A01
60496;201500040169;1;7;0;0.0;1.0;0.0;0.0;A01
60497;201500040170;0;7;0;0.0;1.0;3.0;15.0;A01
60498;201500040171;0;7;0;0.0;1.0;1.0;0.0;A01
60499;201500040173;0;10;0;0.0;2.0;1.0;2.0;A01
60500;201500040173;0;10;0;0.0;0.0;4.0;0.0;B01
60501;201500040174;0;7;0;0.0;2.0;4.0;2.0;A01
60502;201500040174;0;7;0;0.0;2.0;1.0;2.0;B01
60503;201500040174;0;7;0;0.0;2.0;1.0;2.0;C01
60504;201500040175;0;7;0;0.0;2.0;1.0;1.0;A01
60505;201500040175;0;7;0;0.0;2.0;5.0;1.0;B01
60506;201500040176;0;7;0;0.0;1.0;2.0;1.0;A01
60507;201500040177;0;33;0;0.0;2.0;0.0;3.0;A01
60508;201500040177;0;7;0;0.0;2.0;6.0;1.0;B01
60509;201500040178;2;7;0;0.0;2.0;2.0;2.0;A01
60510;201500040179;0;7;0;0.0;0.0;5.0;12.0;A01
60511;201500040179;0;34;0;0.0;2.0;3.0;0.0;B01
60512;201500040180;0;7;0;0.0;0.0;4.0;0.0;A01
60513;201500040180;0;10;0;0.0;0.0;0.0;0.0;B01
60514;201500040181;0;7;0;0.0;1.0;3.0;1.0;A01
60515;201500040182;0;1;0;0.0;9.0;7.0;9.0;A01
60516;201500040182;1;99;0;0.0;9.0;0.0;5.0;B01
60517;201500040183;1;99;0;0.0;2.0;1.0;19.0;A01
60518;201500040183;0;7;0;0.0;2.0;3.0;1.0;B01
60519;201500040184;0;2;0;0.0;0.0;0.0;15.0;A01
60520;201500040185;0;7;0;0.0;2.0;1.0;1.0;A01
60521;201500040185;0;7;0;0.0;2.0;1.0;1.0;B01
60522;201500040186;0;7;0;0.0;1.0;2.0;1.0;A01
60523;201500040187;0;2;0;0.0;0.0;0.0;2.0;A01
60524;201500040188;0;7;0;15.0;0.0;9.0;1.0;A01
60525;201500040189;0;7;0;0.0;1.0;1.0;2.0;A01
60526;201500040190;0;10;0;0.0;1.0;1.0;17.0;A01
60527;201500040192;0;7;0;12.0;2.0;1.0;13.0;A01
60528;201500040192;0;7;0;0.0;2.0;3.0;1.0;B01
60529;201500040193;0;7;0;0.0;9.0;3.0;1.0;A01
60530;201500040193;0;1;0;0.0;2.0;3.0;13.0;B01
60531;201500040194;0;7;0;0.0;2.0;1.0;1.0;A01
60532;201500040194;0;7;0;0.0;2.0;2.0;1.0;B01
60533;201500040195;0;7;0;0.0;2.0;1.0;1.0;A01
60534;201500040195;0;7;0;0.0;2.0;4.0;1.0;B01
60535;201500040196;0;7;0;0.0;2.0;3.0;0.0;B01
60536;201500040196;0;2;0;0.0;2.0;2.0;0.0;A01
60537;201500040197;0;7;0;0.0;2.0;3.0;15.0;A01
60538;201500040197;0;30;0;0.0;2.0;9.0;17.0;B01
60539;201500040199;0;37;0;0.0;1.0;2.0;1.0;A01
60540;201500040200;0;2;0;0.0;2.0;1.0;1.0;A01
60541;201500040200;0;7;0;0.0;2.0;3.0;15.0;B01
60542;201500040201;0;7;0;15.0;0.0;1.0;1.0;A01
60543;201500040202;0;10;0;0.0;1.0;1.0;1.0;A01
60544;201500040204;0;31;0;0.0;2.0;1.0;17.0;A01
60545;201500040204;0;7;0;0.0;0.0;4.0;15.0;B01
60546;201500040205;0;3;0;0.0;0.0;0.0;14.0;A01
60547;201500040205;1;1;0;0.0;0.0;0.0;19.0;B01
60548;201500040206;0;7;0;0.0;1.0;3.0;1.0;A01
60549;201500040207;0;7;0;0.0;2.0;1.0;11.0;A01
60550;201500040207;0;33;0;0.0;2.0;8.0;1.0;B01
60551;201500040208;0;7;0;0.0;1.0;7.0;2.0;A01
60552;201500040209;0;7;0;0.0;2.0;1.0;0.0;A01
60553;201500040209;0;7;0;0.0;2.0;8.0;0.0;B01
60554;201500040210;0;7;0;0.0;2.0;7.0;4.0;A01
60555;201500040210;0;37;0;0.0;2.0;3.0;1.0;B01
60556;201500040211;0;32;0;12.0;0.0;1.0;21.0;A01
60557;201500040212;0;7;0;0.0;1.0;2.0;1.0;A01
60558;201500040213;0;33;0;0.0;0.0;5.0;0.0;B01
60559;201500040213;1;99;0;0.0;2.0;0.0;0.0;Z01
60560;201500040214;0;7;0;0.0;1.0;1.0;1.0;A01
60561;201500040216;0;7;0;0.0;2.0;3.0;15.0;A01
60562;201500040216;0;32;0;0.0;2.0;2.0;17.0;B01
60563;201500040218;0;7;0;0.0;1.0;2.0;2.0;A01
60564;201500040219;0;7;0;0.0;1.0;1.0;0.0;A01
60565;201500040220;0;7;0;9.0;0.0;2.0;13.0;A01
60566;201500040221;0;7;0;0.0;0.0;7.0;1.0;B01
60567;201500040221;0;30;0;0.0;0.0;1.0;3.0;A01
60568;201500040221;0;7;0;0.0;0.0;6.0;1.0;C01
60569;201500040223;0;7;0;0.0;2.0;2.0;1.0;B01
60570;201500040223;0;7;0;1.0;2.0;5.0;1.0;A01
60571;201500040224;0;7;0;2.0;0.0;3.0;13.0;A01
60572;201500040225;0;7;0;0.0;2.0;1.0;1.0;A01
60573;201500040225;0;7;0;0.0;2.0;4.0;0.0;B01
60574;201500040226;0;7;0;5.0;2.0;8.0;0.0;B01
60575;201500040226;0;7;0;0.0;2.0;1.0;0.0;A01
60576;201500040228;0;33;0;0.0;2.0;1.0;3.0;A01
60577;201500040228;0;7;0;0.0;1.0;4.0;23.0;B01
60578;201500040229;0;33;0;0.0;1.0;1.0;1.0;A01
60579;201500040230;1;7;0;0.0;9.0;1.0;15.0;A01
60580;201500040230;0;1;0;0.0;2.0;1.0;1.0;B01
60581;201500040231;0;30;0;0.0;2.0;1.0;13.0;A01
60582;201500040231;0;7;0;0.0;2.0;3.0;15.0;B01
60583;201500040232;0;7;0;2.0;0.0;2.0;0.0;A01
60584;201500040233;0;7;0;0.0;2.0;8.0;20.0;B01
60585;201500040233;1;30;0;0.0;2.0;0.0;5.0;Z01
60586;201500040234;1;7;0;0.0;2.0;0.0;0.0;A01
60587;201500040234;0;7;0;0.0;0.0;3.0;0.0;B01
60588;201500040235;0;7;0;0.0;1.0;7.0;2.0;A01
60589;201500040237;0;10;0;0.0;2.0;3.0;9.0;A01
60590;201500040237;0;31;0;0.0;2.0;6.0;0.0;B01
60591;201500040238;0;7;0;0.0;1.0;1.0;1.0;A01
60592;201500040239;0;7;0;8.0;2.0;1.0;11.0;A01
60593;201500040239;0;34;0;0.0;2.0;8.0;1.0;B01
60594;201500040240;0;7;0;0.0;1.0;8.0;1.0;A01
60595;201500040241;0;33;0;0.0;0.0;4.0;2.0;A01
60596;201500040241;1;7;0;0.0;2.0;1.0;2.0;Z01
60597;201500040242;0;7;0;0.0;2.0;1.0;15.0;A01
60598;201500040242;1;30;0;0.0;0.0;0.0;1.0;B01
60599;201500040243;0;7;0;0.0;2.0;7.0;1.0;A01
60600;201500040243;0;7;0;0.0;2.0;1.0;1.0;B01
60601;201500040244;0;7;0;0.0;1.0;1.0;1.0;A01
60602;201500040245;0;33;0;0.0;2.0;1.0;1.0;B01
60603;201500040245;0;10;0;0.0;2.0;1.0;1.0;C01
60604;201500040245;0;7;0;0.0;2.0;2.0;0.0;A01
60605;201500040246;0;7;0;0.0;1.0;1.0;1.0;A01
60606;201500040247;0;7;0;0.0;2.0;1.0;2.0;A01
60607;201500040247;0;7;0;0.0;2.0;4.0;2.0;B01
60608;201500040248;0;7;0;0.0;2.0;1.0;2.0;A01
60609;201500040248;0;7;0;0.0;2.0;2.0;15.0;B01
60610;201500040249;0;7;0;0.0;1.0;3.0;1.0;A01
60611;201500040250;0;7;0;0.0;1.0;1.0;1.0;A01
60612;201500040251;0;7;0;0.0;2.0;8.0;15.0;A01
60613;201500040251;0;33;0;0.0;0.0;7.0;17.0;B01
60614;201500040252;0;3;0;15.0;0.0;2.0;2.0;A01
60615;201500040253;0;7;0;0.0;0.0;4.0;2.0;A01
60616;201500040253;0;34;0;0.0;2.0;1.0;2.0;B01
60617;201500040255;0;7;0;0.0;2.0;7.0;5.0;A01
60618;201500040255;0;37;15;0.0;2.0;3.0;0.0;B01
60619;201500040256;0;7;0;1.0;0.0;1.0;2.0;A01
60620;201500040257;1;7;0;0.0;2.0;1.0;2.0;A01
60621;201500040257;0;7;0;0.0;2.0;6.0;0.0;B01
60622;201500040258;0;7;0;0.0;1.0;2.0;0.0;A01
60623;201500040259;0;7;0;0.0;0.0;5.0;1.0;A01
60624;201500040259;0;7;0;0.0;2.0;2.0;1.0;B01
60625;201500040261;1;7;0;0.0;2.0;3.0;1.0;A01
60626;201500040261;0;10;0;0.0;2.0;3.0;1.0;B01
60627;201500040263;0;7;0;0.0;1.0;1.0;1.0;A01
60628;201500040265;0;37;1;0.0;1.0;2.0;0.0;A01
60629;201500040267;0;7;0;0.0;2.0;1.0;2.0;A01
60630;201500040267;0;7;0;0.0;2.0;4.0;23.0;B01
60631;201500040268;0;7;0;0.0;0.0;7.0;16.0;A01
60632;201500040268;0;30;0;0.0;0.0;8.0;1.0;B01
60633;201500040269;0;7;0;0.0;2.0;1.0;2.0;A01
60634;201500040269;0;33;0;0.0;2.0;4.0;23.0;B01
60635;201500040269;0;7;0;0.0;2.0;4.0;23.0;C01
60636;201500040270;0;7;0;11.0;0.0;1.0;12.0;A01
60637;201500040271;0;7;0;0.0;1.0;2.0;1.0;A01
60638;201500040272;0;7;0;0.0;1.0;3.0;2.0;B01
60639;201500040273;0;33;0;1.0;0.0;1.0;19.0;A01
60640;201500040273;0;7;0;0.0;2.0;5.0;24.0;B01
60641;201500040274;0;7;0;0.0;0.0;1.0;2.0;A01
60642;201500040274;0;7;0;0.0;0.0;8.0;2.0;B01
60643;201500040275;0;7;0;0.0;2.0;2.0;1.0;A01
60644;201500040275;0;7;0;0.0;2.0;1.0;9.0;B01
60645;201500040276;0;7;0;0.0;2.0;1.0;1.0;A01
60646;201500040276;0;34;0;0.0;2.0;7.0;1.0;B01
60647;201500040277;2;7;0;0.0;0.0;1.0;2.0;A01
60648;201500040277;0;10;0;0.0;0.0;8.0;15.0;B01
60649;201500040278;0;7;0;1.0;2.0;1.0;5.0;A01
60650;201500040278;0;3;0;0.0;0.0;8.0;1.0;B01
60651;201500040279;1;7;0;0.0;1.0;1.0;0.0;A01
60652;201500040280;0;7;0;1.0;2.0;6.0;20.0;B01
60653;201500040280;0;7;0;8.0;2.0;7.0;5.0;A01
60654;201500040281;0;7;0;0.0;2.0;1.0;11.0;A01
60655;201500040281;0;10;0;0.0;2.0;3.0;0.0;B01
60656;201500040281;0;10;0;0.0;2.0;8.0;0.0;C01
60657;201500040282;0;7;0;0.0;1.0;1.0;1.0;A01
60658;201500040283;1;7;0;0.0;1.0;0.0;0.0;A01
60659;201500040284;0;7;0;0.0;0.0;1.0;5.0;A01
60660;201500040284;0;7;0;0.0;2.0;5.0;1.0;B01
60661;201500040285;0;2;0;4.0;0.0;1.0;0.0;A01
60662;201500040286;1;7;0;0.0;1.0;3.0;1.0;A01
60663;201500040287;0;7;0;0.0;2.0;7.0;1.0;B01
60664;201500040287;0;7;0;0.0;2.0;1.0;1.0;C01
60665;201500040287;0;7;0;0.0;2.0;1.0;1.0;A01
60666;201500040288;0;7;0;0.0;2.0;8.0;10.0;A01
60667;201500040288;0;7;0;0.0;2.0;2.0;1.0;B01
60668;201500040289;0;10;0;0.0;2.0;1.0;2.0;A01
60669;201500040289;0;7;0;0.0;2.0;4.0;2.0;B01
60670;201500040289;0;16;0;0.0;2.0;4.0;2.0;C01
60671;201500040290;0;3;0;0.0;2.0;3.0;15.0;A01
60672;201500040290;0;7;0;0.0;2.0;3.0;1.0;B01
60673;201500040290;0;3;0;0.0;0.0;6.0;24.0;C01
60674;201500040291;0;33;0;0.0;1.0;5.0;1.0;A01
60675;201500040292;0;7;0;0.0;0.0;8.0;7.0;A01
60676;201500040292;0;14;0;0.0;0.0;7.0;0.0;B01
60677;201500040293;0;7;0;0.0;2.0;2.0;5.0;A01
60678;201500040293;0;7;0;0.0;2.0;3.0;1.0;B01
60679;201500040293;0;7;0;0.0;2.0;8.0;1.0;C01
60680;201500040294;0;7;0;0.0;2.0;1.0;2.0;A01
60681;201500040294;0;7;0;0.0;0.0;4.0;2.0;B01
60682;201500040295;0;7;0;0.0;2.0;2.0;15.0;A01
60683;201500040295;0;33;0;0.0;2.0;1.0;1.0;B01
60684;201500040296;0;7;0;0.0;2.0;3.0;1.0;B01
60685;201500040296;0;34;0;0.0;2.0;2.0;1.0;A01
60686;201500040297;0;7;0;0.0;9.0;1.0;2.0;A01
60687;201500040297;0;1;0;0.0;2.0;1.0;9.0;B01
60688;201500040298;0;7;0;0.0;1.0;2.0;15.0;A01
60689;201500040298;0;33;0;0.0;2.0;1.0;2.0;B01
60690;201500040299;0;2;0;0.0;2.0;1.0;2.0;A01
60691;201500040299;0;7;0;0.0;2.0;6.0;23.0;B01
60692;201500040300;0;32;0;0.0;1.0;1.0;2.0;A01
60693;201500040301;0;34;0;0.0;2.0;1.0;1.0;A01
60694;201500040301;0;7;0;0.0;0.0;2.0;2.0;B01
60695;201500040302;0;2;0;0.0;1.0;1.0;1.0;A01
60696;201500040303;0;7;0;0.0;9.0;2.0;0.0;A01
60697;201500040303;0;1;0;0.0;2.0;7.0;0.0;B01
60698;201500040304;0;7;0;0.0;1.0;2.0;1.0;A01
60699;201500040304;0;7;0;0.0;2.0;7.0;1.0;B01
60700;201500040305;0;10;0;0.0;1.0;3.0;0.0;A01
60701;201500040306;0;33;0;0.0;0.0;2.0;17.0;B01
60702;201500040306;0;3;0;0.0;0.0;3.0;16.0;A01
60703;201500040307;0;7;0;0.0;1.0;1.0;1.0;A01
60704;201500040308;0;7;0;0.0;2.0;3.0;0.0;A01
60705;201500040308;0;7;0;0.0;0.0;2.0;0.0;B01
60706;201500040310;0;7;0;0.0;1.0;1.0;1.0;A01
60707;201500040311;0;10;0;14.0;0.0;3.0;6.0;A01
60708;201500040312;0;7;0;0.0;1.0;2.0;0.0;A01
60709;201500040313;1;7;0;0.0;2.0;0.0;0.0;A01
60710;201500040313;0;7;0;0.0;2.0;1.0;2.0;B01
60711;201500040313;0;7;0;0.0;2.0;1.0;2.0;C01
60712;201500040314;0;7;0;0.0;1.0;2.0;2.0;A01
60713;201500040315;0;7;0;0.0;2.0;2.0;2.0;A01
60714;201500040315;0;33;0;0.0;2.0;7.0;2.0;B01
60715;201500040316;0;10;0;0.0;1.0;4.0;0.0;A01
60716;201500040317;0;7;0;0.0;1.0;3.0;2.0;A01
60717;201500040318;0;10;0;0.0;0.0;6.0;0.0;A01
60718;201500040318;2;7;0;0.0;2.0;6.0;1.0;B01
60719;201500040319;1;7;0;0.0;1.0;7.0;2.0;Z01
60720;201500040321;0;7;0;0.0;2.0;3.0;15.0;A01
60721;201500040321;0;34;0;0.0;2.0;1.0;1.0;B01
60722;201500040322;0;10;0;0.0;2.0;8.0;1.0;B01
60723;201500040322;0;7;0;0.0;2.0;2.0;1.0;A01
60724;201500040323;1;7;0;0.0;1.0;1.0;0.0;A01
60725;201500040324;0;7;0;0.0;4.0;8.0;9.0;A01
60726;201500040324;0;40;0;0.0;4.0;1.0;9.0;B01
60727;201500040324;0;33;0;0.0;2.0;7.0;0.0;C01
60728;201500040324;0;33;0;0.0;2.0;8.0;14.0;D01
60729;201500040325;0;1;0;0.0;2.0;4.0;12.0;A01
60730;201500040325;0;34;0;0.0;2.0;7.0;3.0;B01
60731;201500040326;0;7;0;0.0;2.0;1.0;0.0;A01
60732;201500040326;0;7;0;0.0;0.0;4.0;23.0;B01
60733;201500040327;0;33;0;0.0;2.0;1.0;3.0;A01
60734;201500040327;0;7;0;0.0;0.0;6.0;1.0;B01
60735;201500040327;0;7;0;0.0;0.0;5.0;1.0;C01
60736;201500040328;0;7;0;0.0;2.0;7.0;15.0;A01
60737;201500040328;0;7;0;0.0;0.0;2.0;0.0;B01
60738;201500040328;0;7;0;1.0;0.0;5.0;24.0;C01
60739;201500040329;0;7;0;0.0;1.0;1.0;1.0;A01
60740;201500040330;0;7;0;0.0;2.0;1.0;2.0;A01
60741;201500040330;0;7;0;0.0;0.0;4.0;2.0;B01
60742;201500040331;1;7;0;0.0;2.0;0.0;0.0;A01
60743;201500040331;0;7;0;0.0;2.0;6.0;24.0;B01
60744;201500040332;0;7;0;0.0;0.0;6.0;15.0;A01
60745;201500040332;0;33;0;0.0;2.0;1.0;3.0;B01
60746;201500040335;0;7;0;0.0;2.0;5.0;4.0;A01
60747;201500040335;0;7;0;0.0;2.0;7.0;1.0;B01
60748;201500040336;0;7;0;0.0;2.0;2.0;15.0;A01
60749;201500040336;0;30;0;0.0;2.0;1.0;2.0;B01
60750;201500040337;0;34;0;0.0;0.0;1.0;7.0;A01
60751;201500040337;0;7;0;0.0;0.0;7.0;16.0;B01
60752;201500040338;0;7;0;0.0;2.0;1.0;0.0;A01