;Num_Acc;senc;catv;occutc;obs;obsm;choc;manv;num_veh
60753;201500040338;0;7;0;0.0;2.0;3.0;0.0;B01
60754;201500040339;1;7;0;0.0;2.0;0.0;15.0;B01
60755;201500040339;0;2;0;0.0;2.0;8.0;3.0;A01
60756;201500040340;0;7;0;0.0;1.0;2.0;1.0;A01
60757;201500040341;0;7;0;0.0;2.0;2.0;1.0;B01
60758;201500040341;0;7;0;0.0;2.0;8.0;11.0;A01
60759;201500040342;0;7;0;0.0;0.0;0.0;12.0;A01
60760;201500040342;0;7;0;1.0;0.0;1.0;14.0;B01
60761;201500040343;0;31;0;0.0;2.0;1.0;2.0;B01
60762;201500040343;0;7;0;0.0;2.0;3.0;11.0;A01
60763;201500040344;0;7;0;0.0;2.0;1.0;2.0;A01
60764;201500040344;0;7;0;0.0;2.0;4.0;2.0;B01
60765;201500040345;0;34;0;0.0;0.0;4.0;0.0;A01
60766;201500040345;0;7;0;0.0;0.0;2.0;1.0;B01
60767;201500040346;0;7;0;0.0;2.0;2.0;13.0;A01
60768;201500040346;0;30;0;0.0;2.0;1.0;1.0;B01
60769;201500040347;0;7;0;0.0;1.0;1.0;0.0;A01
60770;201500040348;0;10;0;0.0;1.0;3.0;1.0;A01
60771;201500040349;1;7;0;0.0;2.0;1.0;11.0;A01
60772;201500040349;0;32;0;0.0;0.0;1.0;1.0;B01
60773;201500040350;0;7;0;1.0;0.0;2.0;2.0;A01
60774;201500040351;0;7;0;0.0;1.0;1.0;1.0;A01
60775;201500040352;0;7;0;0.0;0.0;0.0;0.0;B01
60776;201500040352;0;7;0;0.0;0.0;0.0;0.0;C01
60777;201500040352;0;7;0;0.0;0.0;3.0;0.0;A01
60778;201500040353;0;7;0;1.0;0.0;1.0;12.0;A01
60779;201500040353;0;7;0;0.0;0.0;4.0;0.0;B01
60780;201500040354;0;7;0;0.0;1.0;3.0;0.0;A01
60781;201500040355;0;7;0;0.0;2.0;7.0;15.0;A01
60782;201500040355;0;34;0;0.0;2.0;1.0;1.0;B01
60783;201500040356;0;7;0;0.0;1.0;1.0;1.0;A01
60784;201500040357;0;7;0;0.0;0.0;1.0;2.0;A01
60785;201500040358;0;7;0;0.0;9.0;2.0;23.0;A01
60786;201500040358;0;1;0;0.0;2.0;1.0;18.0;B01
60787;201500040359;0;2;0;0.0;0.0;7.0;1.0;A01
60788;201500040360;0;30;0;0.0;0.0;1.0;9.0;A01
60789;201500040360;0;34;0;0.0;2.0;1.0;1.0;B01
60790;201500040361;0;7;0;0.0;2.0;1.0;2.0;A01
60791;201500040361;0;2;0;0.0;0.0;4.0;15.0;B01
60792;201500040362;0;7;0;0.0;0.0;6.0;0.0;A01
60793;201500040362;0;7;0;0.0;2.0;2.0;0.0;B01
60794;201500040363;0;33;0;0.0;0.0;1.0;1.0;A01
60795;201500040363;0;7;0;0.0;0.0;7.0;11.0;B01
60796;201500040364;0;7;0;0.0;2.0;7.0;2.0;A01
60797;201500040364;0;7;0;0.0;2.0;1.0;2.0;B01
60798;201500040365;0;7;0;0.0;2.0;3.0;1.0;A01
60799;201500040365;0;1;0;0.0;2.0;3.0;1.0;B01
60800;201500040366;0;7;0;0.0;1.0;5.0;1.0;A01
60801;201500040368;0;7;0;0.0;1.0;2.0;2.0;A01
60802;201500040369;0;7;0;0.0;2.0;1.0;10.0;A01
60803;201500040369;0;32;0;0.0;2.0;1.0;17.0;B01
60804;201500040370;0;7;0;0.0;0.0;7.0;15.0;A01
60805;201500040370;0;2;0;0.0;0.0;1.0;15.0;B01
60806;201500040371;0;7;0;0.0;2.0;1.0;2.0;B01
60807;201500040371;0;7;0;8.0;2.0;2.0;2.0;A01
60808;201500040372;0;7;0;0.0;1.0;1.0;15.0;A01
60809;201500040373;0;7;0;0.0;1.0;3.0;1.0;A01
60810;201500040374;1;99;0;0.0;1.0;0.0;0.0;A01
60811;201500040375;0;7;0;0.0;1.0;2.0;1.0;A01
60812;201500040376;0;7;0;0.0;1.0;2.0;1.0;A01
60813;201500040377;0;7;0;0.0;2.0;1.0;1.0;A01
60814;201500040377;0;7;0;0.0;0.0;4.0;1.0;B01
60815;201500040378;0;33;0;0.0;0.0;2.0;1.0;A01
60816;201500040378;0;7;0;0.0;0.0;3.0;20.0;B01
60817;201500040379;0;7;0;0.0;1.0;0.0;1.0;A01
60818;201500040380;0;7;0;1.0;0.0;3.0;0.0;A01
60819;201500040381;0;7;0;0.0;0.0;0.0;0.0;A01
60820;201500040381;0;1;0;0.0;0.0;0.0;0.0;B01
60821;201500040382;0;7;0;1.0;1.0;2.0;2.0;A01
60822;201500040384;0;14;0;0.0;2.0;5.0;23.0;A01
60823;201500040384;0;2;0;0.0;2.0;3.0;18.0;B01
60824;201500040385;0;7;0;0.0;2.0;3.0;11.0;A01
60825;201500040385;0;33;0;0.0;1.0;5.0;3.0;B01
60826;201500040386;0;7;0;1.0;1.0;3.0;17.0;A01
60827;201500040387;0;7;0;1.0;2.0;2.0;2.0;A01
60828;201500040388;0;7;0;0.0;2.0;7.0;0.0;A01
60829;201500040388;0;33;0;0.0;2.0;1.0;0.0;B01
60830;201500040390;0;7;0;9.0;0.0;9.0;0.0;A01
60831;201500040391;0;7;0;0.0;2.0;2.0;12.0;A01
60832;201500040391;0;14;0;1.0;2.0;6.0;24.0;B01
60833;201500040392;0;7;0;0.0;2.0;1.0;2.0;A01
60834;201500040392;0;7;0;8.0;2.0;7.0;2.0;B01
60835;201500040393;0;2;0;0.0;1.0;1.0;1.0;A01
60836;201500040394;0;7;0;0.0;1.0;1.0;2.0;A01
60837;201500040395;0;7;0;0.0;1.0;1.0;15.0;A01
60838;201500040397;0;7;0;0.0;2.0;2.0;0.0;A01
60839;201500040397;0;7;0;0.0;2.0;1.0;0.0;B01
60840;201500040398;0;7;0;2.0;0.0;1.0;0.0;A01
60841;201500040399;0;1;0;0.0;2.0;3.0;1.0;A01
60842;201500040399;1;7;0;0.0;9.0;3.0;1.0;Z01
60843;201500040400;0;2;0;0.0;1.0;7.0;3.0;A01
60844;201500040401;0;33;0;0.0;1.0;2.0;1.0;A01
60845;201500040402;1;2;0;0.0;1.0;1.0;3.0;Z01
60846;201500040403;0;7;0;0.0;1.0;2.0;1.0;A01
60847;201500040404;0;7;0;0.0;1.0;3.0;1.0;A01
60848;201500040405;0;2;0;0.0;2.0;2.0;1.0;B01
60849;201500040405;0;7;0;0.0;2.0;7.0;15.0;A01
60850;201500040406;0;33;0;0.0;1.0;1.0;2.0;A01
60851;201500040407;2;7;0;0.0;1.0;1.0;11.0;Z01
60852;201500040410;0;1;0;0.0;2.0;1.0;0.0;A01
60853;201500040410;0;7;0;0.0;9.0;4.0;0.0;B01
60854;201500040411;0;7;0;8.0;0.0;1.0;2.0;A01
60855;201500040412;0;10;0;0.0;2.0;1.0;1.0;A01
60856;201500040412;0;33;0;0.0;1.0;7.0;2.0;B01
60857;201500040413;0;7;0;0.0;1.0;8.0;11.0;A01
60858;201500040414;0;3;0;0.0;2.0;2.0;15.0;A01
60859;201500040414;0;33;0;0.0;2.0;1.0;1.0;B01
60860;201500040416;0;7;0;0.0;1.0;1.0;2.0;A01
60861;201500040417;0;7;0;0.0;0.0;3.0;0.0;A01
60862;201500040417;0;2;0;0.0;0.0;6.0;2.0;B01
60863;201500040418;0;7;0;0.0;1.0;1.0;2.0;A01
60864;201500040419;0;7;0;0.0;2.0;6.0;15.0;A01
60865;201500040419;0;34;0;0.0;2.0;1.0;17.0;B01
60866;201500040420;0;7;0;15.0;0.0;1.0;1.0;A01
60867;201500040421;2;7;0;0.0;0.0;1.0;16.0;Z01
60868;201500040421;0;7;0;0.0;0.0;2.0;1.0;B01
60869;201500040423;0;7;0;0.0;0.0;4.0;23.0;A01
60870;201500040423;0;7;0;0.0;2.0;9.0;23.0;B01
60871;201500040423;2;3;0;0.0;2.0;1.0;2.0;C01
60872;201500040424;0;7;0;0.0;2.0;2.0;11.0;A01
60873;201500040424;0;1;0;0.0;9.0;1.0;1.0;B01
60874;201500040425;0;7;0;0.0;2.0;7.0;15.0;A01
60875;201500040425;0;7;0;0.0;2.0;1.0;1.0;B01
60876;201500040426;1;7;0;0.0;2.0;1.0;1.0;A01
60877;201500040426;0;7;0;0.0;2.0;4.0;23.0;B01
60878;201500040427;0;7;0;0.0;9.0;1.0;15.0;A01
60879;201500040427;0;1;0;0.0;2.0;8.0;1.0;B01
60880;201500040429;0;7;0;0.0;2.0;1.0;19.0;A01
60881;201500040429;0;7;0;0.0;2.0;7.0;1.0;B01
60882;201500040430;0;7;0;0.0;1.0;2.0;1.0;A01
60883;201500040431;0;33;0;0.0;2.0;1.0;1.0;B01
60884;201500040431;0;7;0;0.0;2.0;2.0;11.0;A01
60885;201500040432;0;7;0;0.0;2.0;1.0;1.0;A01
60886;201500040432;1;7;0;0.0;2.0;4.0;1.0;Z01
60887;201500040433;0;1;0;0.0;1.0;1.0;1.0;A01
60888;201500040434;0;7;0;0.0;1.0;3.0;1.0;A01
60889;201500040436;1;7;0;0.0;1.0;0.0;0.0;Z01
60890;201500040437;0;7;0;0.0;2.0;1.0;1.0;A01
60891;201500040437;0;7;0;0.0;2.0;3.0;16.0;B01
60892;201500040438;0;7;0;0.0;1.0;3.0;1.0;A01
60893;201500040439;0;7;0;0.0;0.0;0.0;0.0;A01
60894;201500040439;0;7;0;1.0;0.0;0.0;0.0;B01
60895;201500040439;1;7;0;0.0;0.0;0.0;0.0;Z01
60896;201500040442;0;7;0;0.0;2.0;2.0;1.0;A01
60897;201500040442;0;7;0;0.0;2.0;3.0;1.0;B01
60898;201500040444;0;7;0;0.0;0.0;3.0;2.0;A01
60899;201500040444;0;30;0;0.0;0.0;7.0;17.0;B01
60900;201500040445;0;30;0;0.0;1.0;1.0;1.0;A01
60901;201500040447;0;1;0;1.0;0.0;1.0;17.0;A01
60902;201500040447;1;7;0;0.0;9.0;6.0;22.0;Z01
60903;201500040448;0;7;0;0.0;2.0;3.0;1.0;A01
60904;201500040448;0;30;0;0.0;2.0;4.0;1.0;B01
60905;201500040449;0;7;0;0.0;2.0;5.0;15.0;A01
60906;201500040449;0;7;0;0.0;2.0;1.0;1.0;B01
60907;201500040450;1;7;0;0.0;1.0;0.0;0.0;A01
60908;201500040451;0;7;0;0.0;1.0;3.0;1.0;A01
60909;201500040453;0;7;0;1.0;0.0;2.0;1.0;A01
60910;201500040454;2;7;0;0.0;2.0;1.0;9.0;B01
60911;201500040454;0;7;0;0.0;2.0;6.0;9.0;A01
60912;201500040455;0;7;0;0.0;1.0;2.0;15.0;A01
60913;201500040456;0;33;0;0.0;2.0;1.0;2.0;A01
60914;201500040456;0;7;0;0.0;2.0;1.0;15.0;B01
60915;201500040457;0;99;0;0.0;2.0;3.0;11.0;A01
60916;201500040457;0;7;0;0.0;2.0;3.0;1.0;B01
60917;201500040458;0;13;0;1.0;0.0;1.0;0.0;A01
60918;201500040458;0;7;0;0.0;2.0;4.0;24.0;B01
60919;201500040459;0;10;0;0.0;0.0;3.0;1.0;A01
60920;201500040459;0;10;0;0.0;0.0;2.0;2.0;B01
60921;201500040460;0;7;0;0.0;2.0;2.0;15.0;A01
60922;201500040460;0;7;0;8.0;2.0;1.0;14.0;B01
60923;201500040461;0;7;0;0.0;2.0;3.0;15.0;A01
60924;201500040461;0;2;0;0.0;2.0;1.0;1.0;B01
60925;201500040462;0;7;0;0.0;1.0;7.0;0.0;A01
60926;201500040463;0;33;0;0.0;2.0;1.0;1.0;A01
60927;201500040463;0;7;0;0.0;2.0;2.0;15.0;B01
60928;201500040464;0;10;0;0.0;2.0;1.0;1.0;A01
60929;201500040464;0;7;0;0.0;2.0;1.0;1.0;B01
60930;201500040465;0;7;0;0.0;1.0;4.0;2.0;A01
60931;201500040465;1;7;0;0.0;0.0;1.0;2.0;Z01
60932;201500040466;0;7;0;0.0;1.0;7.0;1.0;A01
60933;201500040467;0;30;0;0.0;1.0;2.0;19.0;A01
60934;201500040468;0;7;0;9.0;2.0;9.0;11.0;A01
60935;201500040468;0;7;0;0.0;2.0;2.0;11.0;B01
60936;201500040468;0;7;0;0.0;0.0;6.0;1.0;C01
60937;201500040469;0;7;0;0.0;2.0;2.0;12.0;A01
60938;201500040469;0;32;0;0.0;2.0;8.0;1.0;B01
60939;201500040469;0;7;0;0.0;2.0;8.0;23.0;C01
60940;201500040471;0;7;0;0.0;2.0;3.0;0.0;A01
60941;201500040471;0;2;0;0.0;0.0;0.0;0.0;B01
60942;201500040472;0;7;0;0.0;2.0;2.0;6.0;A01
60943;201500040472;0;32;0;0.0;2.0;3.0;1.0;B01
60944;201500040473;0;7;0;0.0;2.0;1.0;1.0;A01
60945;201500040473;0;7;0;0.0;2.0;7.0;15.0;B01
60946;201500040474;1;7;0;0.0;1.0;0.0;0.0;Z01
60947;201500040475;0;7;0;0.0;1.0;3.0;1.0;A01
60948;201500040476;0;34;0;0.0;2.0;1.0;18.0;A01
60949;201500040476;0;37;1;0.0;2.0;2.0;16.0;B01
60950;201500040477;0;7;0;0.0;1.0;1.0;1.0;A01
60951;201500040478;0;7;0;0.0;2.0;3.0;9.0;A01
60952;201500040478;0;31;0;0.0;2.0;1.0;1.0;B01
60953;201500040479;0;7;0;0.0;1.0;0.0;0.0;A01
60954;201500040481;0;7;0;0.0;1.0;1.0;1.0;A01
60955;201500040482;1;7;0;0.0;1.0;0.0;0.0;Z01
60956;201500040483;0;7;0;1.0;0.0;2.0;1.0;A01
60957;201500040483;0;7;0;0.0;0.0;6.0;1.0;B01
60958;201500040484;0;7;0;0.0;2.0;3.0;14.0;A01
60959;201500040484;0;7;0;0.0;2.0;3.0;1.0;B01
60960;201500040485;0;7;0;0.0;2.0;2.0;15.0;A01
60961;201500040485;0;30;0;0.0;2.0;1.0;1.0;B01
60962;201500040486;0;7;0;0.0;1.0;1.0;1.0;A01
60963;201500040487;0;7;0;0.0;2.0;5.0;16.0;A01
60964;201500040487;0;33;0;0.0;2.0;1.0;1.0;B01
60965;201500040488;0;30;0;0.0;1.0;8.0;1.0;A01
60966;201500040489;0;7;0;0.0;1.0;3.0;14.0;A01
60967;201500040490;0;33;0;1.0;2.0;7.0;17.0;A01
60968;201500040490;0;7;0;1.0;2.0;1.0;24.0;B01
60969;201500040490;0;7;0;0.0;2.0;8.0;2.0;C01
60970;201500040491;0;7;0;8.0;2.0;2.0;1.0;A01
60971;201500040491;0;7;0;0.0;2.0;1.0;1.0;B01
60972;201500040493;0;34;0;0.0;9.0;1.0;1.0;A01
60973;201500040493;0;1;0;0.0;2.0;1.0;1.0;B01
60974;201500040494;0;7;0;2.0;0.0;1.0;1.0;A01
60975;201500040495;0;7;0;0.0;2.0;1.0;1.0;A01
60976;201500040495;0;33;0;0.0;0.0;4.0;1.0;B01
60977;201500040496;0;14;0;0.0;2.0;7.0;13.0;A01
60978;201500040496;0;34;0;0.0;2.0;6.0;13.0;B01
60979;201500040497;0;7;0;0.0;0.0;2.0;15.0;A01
60980;201500040497;0;33;0;0.0;0.0;1.0;1.0;B01
60981;201500040498;0;7;0;0.0;1.0;3.0;1.0;A01
60982;201500040499;0;7;0;0.0;2.0;2.0;15.0;A01
60983;201500040499;0;32;0;0.0;2.0;1.0;1.0;B01
60984;201500040500;0;7;0;0.0;0.0;1.0;1.0;A01
60985;201500040500;0;2;0;0.0;0.0;1.0;3.0;B01
60986;201500040501;0;7;0;0.0;2.0;2.0;16.0;A01
60987;201500040501;0;30;0;0.0;2.0;1.0;0.0;B01
60988;201500040502;0;7;0;0.0;2.0;1.0;1.0;B01
60989;201500040502;0;7;0;0.0;2.0;3.0;15.0;A01
60990;201500040503;0;7;0;0.0;1.0;2.0;19.0;A01
60991;201500040504;0;7;0;0.0;1.0;6.0;0.0;A01
60992;201500040505;0;7;0;8.0;2.0;5.0;1.0;B01
60993;201500040505;0;7;0;0.0;2.0;1.0;1.0;A01
60994;201500040506;0;7;0;0.0;2.0;3.0;1.0;A01
60995;201500040506;0;7;0;0.0;2.0;2.0;15.0;B01
60996;201500040506;0;7;0;0.0;2.0;1.0;1.0;C01
60997;201500040507;2;7;0;7.0;1.0;1.0;1.0;Z01
60998;201500040508;0;37;0;0.0;1.0;2.0;16.0;A01
60999;201500040509;0;7;0;0.0;0.0;7.0;13.0;A01
61000;201500040509;0;33;0;0.0;2.0;1.0;1.0;B01
61001;201500040510;0;7;0;0.0;2.0;1.0;0.0;A01
61002;201500040510;0;7;0;0.0;2.0;1.0;0.0;B01
61003;201500040511;1;7;0;0.0;1.0;0.0;0.0;Z01
61004;201500040512;0;7;0;9.0;0.0;1.0;14.0;A01
61005;201500040513;0;7;0;0.0;2.0;2.0;1.0;A01
61006;201500040513;0;7;0;0.0;2.0;3.0;2.0;B01
61007;201500040514;0;7;0;0.0;2.0;2.0;1.0;A01
61008;201500040514;0;7;0;0.0;2.0;1.0;9.0;B01
61009;201500040515;0;7;0;0.0;2.0;2.0;15.0;A01
61010;201500040515;0;31;0;0.0;2.0;1.0;1.0;B01
61011;201500040516;0;7;0;0.0;0.0;4.0;15.0;A01
61012;201500040516;0;33;0;0.0;2.0;1.0;0.0;B01
61013;201500040517;0;7;0;0.0;1.0;1.0;0.0;A01
61014;201500040518;0;7;0;0.0;2.0;6.0;15.0;A01
61015;201500040518;0;31;0;0.0;2.0;1.0;2.0;B01
61016;201500040519;0;7;0;0.0;1.0;3.0;2.0;A01
61017;201500040520;0;10;0;0.0;1.0;1.0;5.0;A01
61018;201500040521;1;99;0;0.0;1.0;4.0;4.0;Z01
61019;201500040522;0;7;0;0.0;4.0;2.0;2.0;A01
61020;201500040522;0;40;0;0.0;2.0;1.0;2.0;B01
61021;201500040524;0;7;0;0.0;0.0;3.0;2.0;A01
61022;201500040524;0;7;0;0.0;0.0;1.0;1.0;B01
61023;201500040525;1;99;0;0.0;1.0;0.0;0.0;Z01
61024;201500040526;0;7;0;0.0;0.0;3.0;15.0;A01
61025;201500040526;0;33;0;0.0;2.0;2.0;2.0;B01
61026;201500040527;0;7;0;0.0;2.0;1.0;1.0;A01
61027;201500040527;0;7;0;0.0;1.0;5.0;1.0;B01
61028;201500040528;0;7;0;0.0;1.0;2.0;1.0;A01
61029;201500040529;0;30;0;0.0;2.0;1.0;1.0;A01
61030;201500040529;0;7;0;0.0;2.0;6.0;1.0;B01
61031;201500040530;0;7;0;0.0;1.0;3.0;1.0;A01
61032;201500040531;0;7;0;0.0;0.0;2.0;0.0;A01
61033;201500040531;0;34;0;0.0;0.0;1.0;0.0;B01
61034;201500040532;0;7;0;0.0;2.0;7.0;11.0;A01
61035;201500040532;0;33;0;0.0;2.0;1.0;1.0;B01
61036;201500040533;0;7;0;0.0;2.0;8.0;2.0;A01
61037;201500040533;0;7;0;0.0;2.0;2.0;2.0;B01
61038;201500040534;0;37;0;0.0;1.0;6.0;1.0;A01
61039;201500040535;0;7;0;0.0;0.0;3.0;15.0;A01
61040;201500040535;0;7;0;0.0;2.0;8.0;1.0;B01
61041;201500040536;0;7;0;0.0;2.0;1.0;1.0;A01
61042;201500040536;0;7;0;0.0;2.0;1.0;2.0;B01
61043;201500040536;0;7;0;0.0;2.0;1.0;2.0;C01
61044;201500040536;0;7;0;0.0;2.0;4.0;2.0;D01
61045;201500040537;0;7;0;0.0;2.0;7.0;1.0;B01
61046;201500040537;0;7;0;0.0;2.0;3.0;1.0;A01
61047;201500040538;0;7;0;0.0;2.0;3.0;2.0;A01
61048;201500040539;0;7;0;0.0;1.0;1.0;1.0;A01
61049;201500040540;0;31;0;0.0;2.0;8.0;5.0;A01
61050;201500040540;0;37;0;0.0;2.0;1.0;0.0;B01
61051;201500040541;0;7;0;0.0;0.0;3.0;15.0;A01
61052;201500040541;0;33;0;0.0;0.0;2.0;17.0;B01
61053;201500040542;0;33;0;0.0;1.0;3.0;1.0;A01
61054;201500040542;0;7;0;0.0;1.0;3.0;23.0;B01
61055;201500040543;0;7;0;0.0;1.0;1.0;9.0;A01
61056;201500040544;0;7;0;0.0;0.0;2.0;23.0;A01
61057;201500040544;0;33;0;1.0;0.0;1.0;18.0;B01
61058;201500040545;1;99;0;0.0;1.0;0.0;0.0;A01
61059;201500040546;0;7;0;0.0;2.0;1.0;1.0;A01
61060;201500040546;0;33;0;0.0;2.0;8.0;0.0;B01
61061;201500040547;0;7;0;0.0;0.0;6.0;0.0;A01
61062;201500040547;0;2;0;0.0;2.0;3.0;2.0;B01
61063;201500040548;0;7;0;0.0;2.0;8.0;1.0;A01
61064;201500040548;0;30;0;0.0;2.0;1.0;1.0;B01
61065;201500040549;0;7;0;0.0;0.0;8.0;4.0;A01
61066;201500040549;0;32;0;0.0;2.0;7.0;2.0;B01
61067;201500040550;0;31;0;0.0;2.0;1.0;1.0;A01
61068;201500040550;0;7;0;0.0;2.0;8.0;6.0;B01
61069;201500040551;1;7;0;0.0;2.0;0.0;11.0;A01
61070;201500040551;0;2;0;0.0;2.0;8.0;3.0;B01
61071;201500040552;0;7;0;0.0;2.0;2.0;1.0;A01
61072;201500040552;0;31;0;0.0;2.0;6.0;1.0;B01
61073;201500040553;0;7;0;1.0;0.0;2.0;2.0;A01
61074;201500040554;0;7;0;0.0;0.0;3.0;9.0;A01
61075;201500040554;0;33;0;0.0;0.0;7.0;1.0;B01
61076;201500040556;0;7;0;0.0;2.0;7.0;17.0;A01
61077;201500040556;0;99;0;0.0;2.0;3.0;15.0;B01
61078;201500040557;0;7;0;0.0;0.0;6.0;15.0;A01
61079;201500040557;0;30;0;1.0;0.0;0.0;13.0;B01
61080;201500040558;0;7;0;0.0;2.0;5.0;15.0;B01
61081;201500040558;1;99;0;0.0;2.0;0.0;5.0;A01
61082;201500040559;0;7;0;0.0;2.0;8.0;1.0;B01
61083;201500040559;2;7;0;0.0;2.0;1.0;19.0;A01
61084;201500040560;0;7;0;1.0;0.0;2.0;14.0;A01
61085;201500040561;0;33;0;0.0;2.0;2.0;1.0;A01
61086;201500040561;1;7;0;0.0;0.0;6.0;20.0;B01
61087;201500040562;0;7;0;0.0;0.0;3.0;11.0;A01
61088;201500040562;0;2;0;0.0;0.0;1.0;1.0;B01
61089;201500040563;0;34;0;0.0;2.0;3.0;1.0;A01
61090;201500040563;0;10;0;0.0;2.0;1.0;15.0;B01
61091;201500040564;0;33;0;0.0;2.0;2.0;1.0;A01
61092;201500040564;0;7;0;1.0;0.0;3.0;15.0;B01
61093;201500040565;0;7;0;0.0;2.0;8.0;1.0;A01
61094;201500040565;0;34;0;0.0;2.0;7.0;2.0;B01
61095;201500040566;0;7;0;0.0;2.0;3.0;2.0;A01
61096;201500040566;0;7;0;0.0;2.0;4.0;2.0;B01
61097;201500040567;0;7;0;0.0;1.0;8.0;15.0;A01
61098;201500040569;0;7;0;0.0;1.0;3.0;15.0;A01
61099;201500040570;0;7;0;0.0;2.0;3.0;15.0;A01
61100;201500040570;0;33;0;0.0;2.0;3.0;2.0;B01
61101;201500040571;0;7;0;0.0;2.0;4.0;1.0;A01
61102;201500040571;0;7;0;0.0;0.0;1.0;1.0;B01
61103;201500040572;0;7;0;0.0;1.0;2.0;16.0;A01
61104;201500040573;0;7;0;0.0;2.0;3.0;13.0;A01
61105;201500040573;0;7;0;0.0;2.0;8.0;23.0;B01
61106;201500040574;0;7;0;0.0;1.0;3.0;15.0;A01
61107;201500040575;0;7;0;0.0;2.0;8.0;1.0;B01
61108;201500040575;0;7;0;0.0;2.0;1.0;1.0;A01
61109;201500040576;0;7;0;0.0;1.0;8.0;0.0;A01
61110;201500040577;0;7;0;0.0;2.0;3.0;16.0;A01
61111;201500040577;0;7;0;0.0;2.0;3.0;1.0;B01
61112;201500040578;0;2;0;0.0;1.0;1.0;1.0;A01
61113;201500040579;0;7;0;0.0;2.0;8.0;0.0;B01
61114;201500040579;2;13;0;0.0;2.0;1.0;0.0;A01
61115;201500040580;0;7;0;0.0;2.0;3.0;2.0;A01
61116;201500040580;0;7;0;0.0;2.0;3.0;2.0;B01
61117;201500040581;0;7;0;1.0;0.0;2.0;14.0;A01
61118;201500040582;0;7;0;0.0;0.0;1.0;0.0;A01
61119;201500040582;0;33;0;0.0;0.0;1.0;0.0;B01
61120;201500040583;0;10;0;0.0;2.0;1.0;15.0;A01
61121;201500040583;0;33;0;0.0;0.0;1.0;1.0;B01
61122;201500040584;0;7;0;0.0;0.0;2.0;10.0;A01
61123;201500040584;0;30;0;0.0;0.0;1.0;2.0;B01
61124;201500040585;0;7;0;2.0;0.0;1.0;0.0;A01
61125;201500040586;0;7;0;0.0;2.0;2.0;1.0;A01
61126;201500040586;0;7;0;0.0;2.0;4.0;9.0;B01
61127;201500040587;0;7;0;0.0;2.0;3.0;0.0;A01
61128;201500040587;0;2;0;0.0;2.0;3.0;0.0;B01
61129;201500040588;0;7;0;0.0;1.0;1.0;16.0;A01
61130;201500040589;0;7;0;0.0;2.0;2.0;15.0;A01
61131;201500040589;0;7;0;0.0;2.0;3.0;1.0;B01
61132;201500040590;0;7;0;0.0;0.0;2.0;1.0;A01
61133;201500040591;1;7;0;0.0;1.0;1.0;2.0;A01
61134;201500040593;0;7;0;0.0;2.0;3.0;1.0;A01
61135;201500040593;0;30;0;0.0;2.0;1.0;2.0;B01
61136;201500040593;0;7;0;0.0;0.0;1.0;1.0;C01
61137;201500040597;0;33;0;0.0;0.0;0.0;0.0;B01
61138;201500040597;0;7;0;0.0;2.0;5.0;0.0;A01
61139;201500040599;1;30;0;0.0;1.0;0.0;0.0;A01
61140;201500040600;1;7;0;0.0;2.0;3.0;11.0;A01
61141;201500040600;0;30;0;3.0;2.0;2.0;11.0;B01
61142;201500040601;0;7;0;0.0;0.0;7.0;24.0;A01
61143;201500040601;0;10;0;1.0;1.0;6.0;1.0;B01
61144;201500040602;0;7;0;0.0;1.0;2.0;1.0;A01
61145;201500040603;0;7;0;0.0;1.0;2.0;16.0;A01
61146;201500040604;0;7;0;0.0;9.0;2.0;1.0;A01
61147;201500040604;0;30;0;0.0;2.0;1.0;1.0;B01
61148;201500040605;0;7;0;0.0;1.0;2.0;2.0;A01
61149;201500040606;0;7;0;0.0;1.0;2.0;9.0;A01
61150;201500040607;0;30;0;0.0;0.0;8.0;15.0;A01
61151;201500040607;0;31;0;0.0;0.0;5.0;1.0;B01
61152;201500040608;0;2;0;0.0;0.0;0.0;0.0;A01
61153;201500040609;0;7;0;0.0;2.0;7.0;12.0;A01
61154;201500040609;0;2;0;0.0;2.0;1.0;18.0;B01
61155;201500040610;0;7;0;0.0;1.0;1.0;1.0;A01
61156;201500040611;0;7;0;0.0;1.0;1.0;17.0;A01
61157;201500040612;0;7;0;0.0;0.0;2.0;1.0;B01
61158;201500040612;0;7;0;0.0;2.0;1.0;1.0;A01
61159;201500040612;0;7;0;1.0;0.0;6.0;1.0;C01
61160;201500040613;1;7;0;0.0;1.0;0.0;0.0;A01
61161;201500040614;0;32;0;0.0;2.0;7.0;11.0;A01
61162;201500040614;0;7;0;0.0;2.0;0.0;11.0;B01
61163;201500040615;0;7;0;0.0;2.0;5.0;4.0;A01
61164;201500040615;0;1;0;0.0;2.0;1.0;1.0;B01
61165;201500040616;0;13;0;0.0;1.0;8.0;1.0;A01
61166;201500040617;0;7;0;0.0;1.0;2.0;1.0;A01
61167;201500040618;0;34;0;0.0;2.0;1.0;1.0;B01
61168;201500040618;0;7;0;0.0;2.0;5.0;17.0;A01
61169;201500040621;0;7;0;0.0;2.0;1.0;2.0;A01
61170;201500040621;0;7;0;0.0;2.0;4.0;2.0;B01
61171;201500040622;0;7;0;0.0;1.0;1.0;0.0;A01
61172;201500040623;0;7;0;0.0;2.0;2.0;1.0;A01
61173;201500040623;0;7;0;0.0;2.0;1.0;1.0;B01