;Num_Acc;senc;catv;occutc;obs;obsm;choc;manv;num_veh
61174;201500040624;0;7;0;0.0;2.0;2.0;1.0;B01
61175;201500040624;0;7;0;0.0;2.0;1.0;15.0;A01
61176;201500040625;0;30;0;0.0;2.0;1.0;17.0;A01
61177;201500040625;0;7;0;0.0;2.0;8.0;15.0;B01
61178;201500040626;0;33;0;0.0;1.0;1.0;1.0;A01
61179;201500040627;0;33;0;0.0;1.0;7.0;1.0;A01
61180;201500040628;0;7;0;0.0;2.0;2.0;1.0;A01
61181;201500040628;0;7;0;0.0;2.0;3.0;1.0;B01
61182;201500040630;0;7;0;0.0;9.0;8.0;24.0;A01
61183;201500040630;0;1;0;1.0;9.0;2.0;2.0;B01
61184;201500040631;0;2;0;0.0;2.0;8.0;2.0;A01
61185;201500040631;1;7;0;0.0;2.0;0.0;15.0;B01
61186;201500040632;0;7;0;0.0;2.0;2.0;10.0;A01
61187;201500040632;0;30;0;0.0;2.0;8.0;0.0;B01
61188;201500040633;0;7;0;0.0;2.0;1.0;1.0;A01
61189;201500040633;0;32;0;0.0;2.0;8.0;1.0;B01
61190;201500040634;0;7;0;0.0;0.0;4.0;23.0;B01
61191;201500040634;0;7;0;0.0;2.0;1.0;2.0;A01
61192;201500040635;0;7;0;0.0;1.0;3.0;1.0;A01
61193;201500040636;0;30;0;0.0;9.0;2.0;2.0;A01
61194;201500040636;0;1;0;0.0;0.0;3.0;0.0;B01
61195;201500040637;0;7;0;0.0;1.0;2.0;21.0;A01
61196;201500040638;0;7;0;0.0;1.0;1.0;1.0;A01
61197;201500040639;0;7;0;0.0;1.0;0.0;9.0;A01
61198;201500040640;0;7;0;0.0;0.0;7.0;1.0;A01
61199;201500040640;0;34;0;0.0;2.0;1.0;2.0;B01
61200;201500040641;0;7;0;4.0;0.0;1.0;7.0;A01
61201;201500040641;0;37;1;0.0;0.0;3.0;7.0;B01
61202;201500040642;0;7;0;0.0;0.0;1.0;1.0;A01
61203;201500040642;0;33;0;0.0;2.0;4.0;2.0;B01
61204;201500040643;0;7;0;0.0;1.0;1.0;0.0;A01
61205;201500040646;0;7;0;0.0;1.0;2.0;1.0;A01
61206;201500040647;0;7;0;0.0;2.0;7.0;0.0;B01
61207;201500040647;0;7;0;0.0;2.0;1.0;1.0;A01
61208;201500040648;0;7;0;0.0;1.0;1.0;1.0;A01
61209;201500040649;0;7;0;0.0;1.0;2.0;1.0;A01
61210;201500040650;0;7;0;0.0;1.0;2.0;19.0;A01
61211;201500040651;0;7;0;0.0;0.0;2.0;15.0;A01
61212;201500040651;0;30;0;0.0;0.0;1.0;1.0;Y01
61213;201500040652;1;7;0;0.0;2.0;0.0;0.0;A01
61214;201500040652;0;33;0;0.0;2.0;2.0;1.0;B01
61215;201500040653;0;7;0;0.0;1.0;1.0;1.0;A01
61216;201500040655;0;30;0;0.0;1.0;1.0;1.0;A01
61217;201500040656;0;7;0;0.0;0.0;8.0;15.0;A01
61218;201500040656;0;33;0;0.0;0.0;7.0;1.0;B01
61219;201500040657;0;3;0;8.0;0.0;1.0;1.0;A01
61220;201500040658;0;2;0;0.0;1.0;1.0;1.0;A01
61221;201500040659;0;7;0;0.0;0.0;2.0;2.0;A01
61222;201500040659;0;7;0;0.0;2.0;1.0;1.0;B01
61223;201500040660;0;7;0;0.0;2.0;3.0;10.0;A01
61224;201500040660;0;32;0;0.0;2.0;8.0;1.0;B01
61225;201500040661;0;7;0;0.0;0.0;4.0;15.0;A01
61226;201500040661;1;7;0;0.0;2.0;1.0;2.0;B01
61227;201500040662;0;7;0;0.0;2.0;3.0;2.0;A01
61228;201500040662;0;31;0;0.0;2.0;1.0;2.0;B01
61229;201500040663;0;33;0;0.0;0.0;0.0;1.0;A01
61230;201500040664;0;7;0;0.0;0.0;3.0;9.0;A01
61231;201500040664;0;33;0;0.0;2.0;1.0;0.0;B01
61232;201500040665;0;34;0;0.0;2.0;1.0;9.0;A01
61233;201500040665;0;7;0;0.0;2.0;1.0;0.0;B01
61234;201500040665;0;7;0;0.0;0.0;4.0;0.0;C01
61235;201500040666;0;7;0;0.0;0.0;2.0;15.0;A01
61236;201500040666;0;2;0;0.0;0.0;1.0;1.0;B01
61237;201500040667;0;7;0;0.0;1.0;7.0;1.0;A01
61238;201500040669;0;10;0;14.0;0.0;7.0;17.0;A01
61239;201500040670;0;7;0;15.0;2.0;1.0;15.0;A01
61240;201500040670;0;7;0;0.0;2.0;1.0;1.0;B01
61241;201500040671;0;7;0;11.0;0.0;9.0;1.0;A01
61242;201500040672;0;7;0;0.0;1.0;1.0;2.0;A01
61243;201500040673;0;7;0;0.0;1.0;3.0;1.0;A01
61244;201500040675;0;7;0;0.0;2.0;1.0;1.0;A01
61245;201500040675;0;7;0;0.0;2.0;3.0;1.0;B01
61246;201500040676;0;7;0;0.0;2.0;2.0;1.0;A01
61247;201500040676;0;7;0;0.0;0.0;5.0;1.0;B01
61248;201500040677;0;7;0;0.0;0.0;2.0;15.0;A01
61249;201500040677;0;1;0;0.0;0.0;1.0;1.0;B01
61250;201500040678;0;7;0;0.0;1.0;1.0;1.0;A01
61251;201500040679;0;10;0;0.0;0.0;4.0;1.0;A01
61252;201500040679;1;30;0;0.0;2.0;4.0;2.0;Z01
61253;201500040680;0;7;0;0.0;1.0;3.0;1.0;A01
61254;201500040681;0;7;0;0.0;2.0;1.0;15.0;A01
61255;201500040681;0;7;0;0.0;2.0;3.0;1.0;B01
61256;201500040682;0;7;0;0.0;2.0;2.0;15.0;A01
61257;201500040682;0;7;0;0.0;2.0;1.0;1.0;B01
61258;201500040683;0;7;0;0.0;2.0;3.0;1.0;A01
61259;201500040684;0;33;0;0.0;0.0;7.0;1.0;A01
61260;201500040685;0;7;0;8.0;2.0;1.0;1.0;A01
61261;201500040685;0;2;0;0.0;2.0;8.0;1.0;B01
61262;201500040686;0;10;0;0.0;2.0;3.0;20.0;A01
61263;201500040686;0;33;0;0.0;2.0;1.0;17.0;B01
61264;201500040689;0;10;0;0.0;2.0;1.0;11.0;A01
61265;201500040689;0;30;0;0.0;2.0;1.0;1.0;B01
61266;201500040690;1;30;0;0.0;1.0;0.0;0.0;A01
61267;201500040691;0;7;0;0.0;2.0;1.0;15.0;A01
61268;201500040691;0;33;0;0.0;2.0;1.0;1.0;B01
61269;201500040692;0;7;0;0.0;2.0;1.0;15.0;A01
61270;201500040692;0;7;0;0.0;2.0;3.0;1.0;B01
61271;201500040693;1;7;0;0.0;2.0;2.0;3.0;A01
61272;201500040693;0;33;0;0.0;0.0;6.0;2.0;B01
61273;201500040695;0;7;0;0.0;2.0;1.0;0.0;A01
61274;201500040695;0;7;0;0.0;2.0;4.0;1.0;B01
61275;201500040695;0;7;0;0.0;2.0;4.0;1.0;C01
61276;201500040697;0;7;0;0.0;0.0;4.0;23.0;A01
61277;201500040697;2;7;0;0.0;2.0;1.0;2.0;B01
61278;201500040698;0;7;0;0.0;1.0;3.0;0.0;A01
61279;201500040699;0;7;0;15.0;0.0;1.0;15.0;A01
61280;201500040700;0;7;0;1.0;0.0;2.0;1.0;A01
61281;201500040701;0;7;0;0.0;2.0;7.0;15.0;A01
61282;201500040701;0;7;0;0.0;2.0;1.0;1.0;B01
61283;201500040702;0;7;0;0.0;2.0;7.0;15.0;A01
61284;201500040702;0;33;0;0.0;2.0;1.0;1.0;B01
61285;201500040703;0;7;0;0.0;2.0;1.0;1.0;A01
61286;201500040703;0;7;0;0.0;0.0;4.0;10.0;B01
61287;201500040704;0;7;0;0.0;0.0;2.0;1.0;A01
61288;201500040704;0;7;0;0.0;0.0;3.0;0.0;B01
61289;201500040705;0;7;0;9.0;1.0;3.0;1.0;A01
61290;201500040705;0;7;0;0.0;2.0;3.0;15.0;B01
61291;201500040706;0;7;0;0.0;0.0;5.0;19.0;A01
61292;201500040706;0;7;0;0.0;2.0;1.0;0.0;B01
61293;201500040708;0;7;0;0.0;2.0;3.0;0.0;B01
61294;201500040708;0;7;0;0.0;2.0;7.0;11.0;A01
61295;201500040709;0;7;0;0.0;2.0;3.0;15.0;A01
61296;201500040709;0;33;0;0.0;2.0;1.0;1.0;B01
61297;201500040710;0;7;0;1.0;0.0;3.0;1.0;A01
61298;201500040711;0;7;0;0.0;1.0;2.0;15.0;A01
61299;201500040712;1;99;0;0.0;2.0;1.0;1.0;A01
61300;201500040712;0;7;0;0.0;2.0;4.0;1.0;B01
61301;201500040713;0;7;0;0.0;2.0;3.0;2.0;A01
61302;201500040713;0;3;0;0.0;2.0;6.0;2.0;B01
61303;201500040714;0;7;0;0.0;2.0;2.0;2.0;A01
61304;201500040714;0;7;0;0.0;2.0;3.0;2.0;B01
61305;201500040715;0;7;0;0.0;2.0;4.0;1.0;A01
61306;201500040715;0;7;0;0.0;0.0;4.0;1.0;B01
61307;201500040716;0;7;0;0.0;1.0;1.0;15.0;A01
61308;201500040717;0;7;0;1.0;0.0;1.0;1.0;A01
61309;201500040717;0;10;0;0.0;2.0;4.0;24.0;B01
61310;201500040718;0;7;0;0.0;2.0;2.0;15.0;A01
61311;201500040718;0;33;0;0.0;2.0;2.0;1.0;B01
61312;201500040719;0;7;0;0.0;2.0;3.0;1.0;A01
61313;201500040719;0;7;0;0.0;2.0;2.0;15.0;B01
61314;201500040720;0;33;0;0.0;2.0;1.0;1.0;B01
61315;201500040720;0;37;6;0.0;2.0;3.0;1.0;A01
61316;201500040721;0;33;0;0.0;2.0;1.0;1.0;B01
61317;201500040721;0;7;0;0.0;2.0;1.0;15.0;A01
61318;201500040722;0;10;0;1.0;2.0;1.0;5.0;A01
61319;201500040722;0;7;0;0.0;2.0;2.0;1.0;B01
61320;201500040723;0;7;0;0.0;1.0;3.0;1.0;A01
61321;201500040724;0;7;0;0.0;2.0;5.0;1.0;A01
61322;201500040724;0;7;0;0.0;2.0;1.0;1.0;B01
61323;201500040725;0;7;0;4.0;0.0;3.0;0.0;A01
61324;201500040726;0;7;0;0.0;2.0;1.0;1.0;A01
61325;201500040726;0;7;0;0.0;2.0;4.0;1.0;B01
61326;201500040726;0;7;0;0.0;0.0;4.0;1.0;C01
61327;201500040727;0;7;0;0.0;2.0;7.0;11.0;A01
61328;201500040727;0;7;0;0.0;2.0;6.0;2.0;B01
61329;201500040730;0;10;0;0.0;2.0;1.0;0.0;A01
61330;201500040730;0;7;0;0.0;2.0;8.0;0.0;B01
61331;201500040731;0;31;0;12.0;0.0;1.0;1.0;A01
61332;201500040732;2;7;0;0.0;2.0;0.0;0.0;A01
61333;201500040732;0;1;0;0.0;2.0;0.0;0.0;B01
61334;201500040733;0;7;0;0.0;0.0;3.0;1.0;A01
61335;201500040734;0;7;0;0.0;0.0;8.0;15.0;A01
61336;201500040734;0;33;0;0.0;2.0;2.0;2.0;B01
61337;201500040735;1;7;0;0.0;2.0;1.0;2.0;A01
61338;201500040735;0;7;0;0.0;0.0;4.0;2.0;B01
61339;201500040736;0;7;0;14.0;2.0;2.0;2.0;B01
61340;201500040736;0;10;0;0.0;2.0;3.0;0.0;C01
61341;201500040736;0;7;0;14.0;2.0;3.0;2.0;A01
61342;201500040737;0;7;0;14.0;0.0;1.0;13.0;A01
61343;201500040738;0;3;0;8.0;0.0;1.0;0.0;A01
61344;201500040739;0;7;0;0.0;2.0;1.0;1.0;B01
61345;201500040739;0;7;0;0.0;2.0;2.0;9.0;A01
61346;201500040740;0;7;0;0.0;2.0;3.0;23.0;B01
61347;201500040740;0;7;0;0.0;2.0;3.0;15.0;A01
61348;201500040741;1;7;0;0.0;2.0;1.0;0.0;Z01
61349;201500040741;0;32;0;0.0;2.0;7.0;0.0;A01
61350;201500040742;0;7;0;1.0;0.0;1.0;2.0;A01
61351;201500040743;0;7;0;0.0;0.0;7.0;0.0;A01
61352;201500040743;0;33;0;0.0;2.0;1.0;0.0;B01
61353;201500040745;0;10;0;0.0;2.0;1.0;11.0;A01
61354;201500040745;0;33;0;0.0;2.0;1.0;1.0;B01
61355;201500040746;0;7;0;12.0;2.0;5.0;1.0;A01
61356;201500040746;2;7;0;0.0;2.0;5.0;1.0;B01
61357;201500040747;2;7;0;0.0;2.0;2.0;3.0;A01
61358;201500040747;0;7;0;0.0;2.0;6.0;2.0;B01
61359;201500040747;0;33;0;0.0;0.0;2.0;2.0;C01
61360;201500040748;0;7;0;0.0;1.0;2.0;21.0;A01
61361;201500040749;0;7;0;0.0;0.0;1.0;1.0;A01
61362;201500040749;0;7;0;0.0;0.0;4.0;0.0;B01
61363;201500040749;0;7;0;0.0;0.0;0.0;0.0;C01
61364;201500040750;0;7;0;0.0;2.0;2.0;1.0;A01
61365;201500040750;0;31;0;0.0;2.0;8.0;1.0;B01
61366;201500040752;0;7;0;0.0;2.0;1.0;15.0;A01
61367;201500040752;0;7;0;0.0;2.0;3.0;1.0;B01
61368;201500040753;0;13;0;0.0;2.0;1.0;1.0;A01
61369;201500040753;0;7;0;0.0;0.0;4.0;2.0;B01
61370;201500040754;1;7;0;0.0;1.0;1.0;16.0;A01
61371;201500040755;0;7;0;0.0;1.0;2.0;21.0;A01
61372;201500040756;0;7;0;0.0;0.0;7.0;11.0;A01
61373;201500040756;0;33;0;0.0;2.0;1.0;1.0;B01
61374;201500040757;0;7;0;0.0;0.0;4.0;1.0;A01
61375;201500040757;0;30;0;0.0;2.0;1.0;2.0;B01
61376;201500040758;0;15;0;1.0;1.0;0.0;0.0;B01
61377;201500040759;0;7;0;0.0;2.0;1.0;1.0;A01
61378;201500040759;0;31;0;0.0;0.0;4.0;1.0;B01
61379;201500040760;0;7;0;0.0;0.0;5.0;4.0;A01
61380;201500040760;0;1;0;0.0;2.0;1.0;2.0;B01
61381;201500040761;0;7;0;0.0;1.0;8.0;1.0;A01
61382;201500040762;0;7;0;0.0;2.0;5.0;11.0;A01
61383;201500040762;0;7;0;0.0;2.0;4.0;0.0;B01
61384;201500040763;0;7;0;0.0;0.0;2.0;10.0;A01
61385;201500040763;0;33;0;0.0;0.0;1.0;2.0;B01
61386;201500040764;0;7;0;0.0;1.0;2.0;1.0;A01
61387;201500040765;0;7;0;0.0;9.0;3.0;9.0;A01
61388;201500040765;0;1;0;0.0;2.0;1.0;0.0;B01
61389;201500040766;0;7;0;0.0;2.0;1.0;0.0;A01
61390;201500040766;0;7;0;0.0;2.0;1.0;0.0;B01
61391;201500040768;0;10;0;0.0;2.0;2.0;1.0;A01
61392;201500040768;0;7;0;0.0;2.0;3.0;16.0;B01
61393;201500040770;1;7;0;0.0;1.0;1.0;0.0;Z01
61394;201500040771;0;7;0;14.0;0.0;1.0;2.0;A01
61395;201500040771;0;7;0;0.0;0.0;4.0;23.0;B01
61396;201500040772;0;7;0;0.0;2.0;3.0;0.0;A01
61397;201500040772;0;1;0;0.0;2.0;0.0;0.0;B01
61398;201500040773;0;7;0;0.0;1.0;2.0;15.0;A01
61399;201500040775;0;7;0;0.0;1.0;1.0;1.0;A01
61400;201500040776;0;7;0;0.0;0.0;3.0;10.0;A01
61401;201500040776;0;7;0;0.0;0.0;4.0;0.0;B01
61402;201500040776;0;7;0;0.0;0.0;4.0;0.0;C01
61403;201500040776;0;7;0;0.0;2.0;1.0;0.0;D01
61404;201500040777;1;7;0;0.0;1.0;0.0;0.0;A01
61405;201500040778;0;3;0;0.0;9.0;1.0;1.0;A01
61406;201500040778;0;1;0;0.0;2.0;7.0;3.0;B01
61407;201500040779;0;30;0;0.0;2.0;1.0;2.0;A01
61408;201500040779;1;7;0;0.0;2.0;1.0;2.0;B01
61409;201500040780;0;7;0;0.0;1.0;2.0;0.0;A01
61410;201500040781;0;7;0;0.0;2.0;7.0;15.0;A01
61411;201500040781;0;34;0;0.0;0.0;1.0;2.0;B01
61412;201500040782;0;7;0;0.0;2.0;2.0;10.0;A01
61413;201500040782;0;33;0;1.0;2.0;1.0;2.0;B01
61414;201500040783;0;30;0;0.0;2.0;7.0;17.0;A01
61415;201500040783;0;13;0;0.0;2.0;3.0;15.0;B01
61416;201500040784;0;7;0;0.0;1.0;2.0;0.0;A01
61417;201500040785;0;7;0;0.0;1.0;3.0;1.0;A01
61418;201500040786;0;7;0;0.0;1.0;8.0;15.0;A01
61419;201500040787;0;7;0;0.0;2.0;1.0;16.0;A01
61420;201500040787;0;1;0;0.0;2.0;3.0;5.0;Y01
61421;201500040788;0;7;0;0.0;2.0;3.0;9.0;A01
61422;201500040788;0;30;0;0.0;2.0;1.0;2.0;B01
61423;201500040789;1;7;0;0.0;2.0;0.0;0.0;A01
61424;201500040789;0;32;0;0.0;2.0;1.0;2.0;B01
61425;201500040790;0;7;0;0.0;1.0;3.0;2.0;A01
61426;201500040790;0;7;0;0.0;0.0;0.0;24.0;B01
61427;201500040791;0;7;0;0.0;2.0;4.0;2.0;A01
61428;201500040791;0;7;0;0.0;2.0;1.0;2.0;B01
61429;201500040792;0;7;0;0.0;0.0;2.0;1.0;B01
61430;201500040792;0;30;0;0.0;2.0;1.0;1.0;A01
61431;201500040794;1;10;0;0.0;1.0;2.0;1.0;A01
61432;201500040795;0;7;0;0.0;2.0;2.0;5.0;A01
61433;201500040795;0;7;0;0.0;2.0;8.0;1.0;B01
61434;201500040796;0;1;0;0.0;1.0;1.0;1.0;A01
61435;201500040797;0;7;0;0.0;1.0;3.0;20.0;A01
61436;201500040798;0;7;0;0.0;1.0;4.0;4.0;A01
61437;201500040799;0;7;0;0.0;1.0;2.0;1.0;A01
61438;201500040800;0;7;0;12.0;0.0;1.0;18.0;A01
61439;201500040800;1;7;0;0.0;0.0;0.0;13.0;B01
61440;201500040801;0;7;0;0.0;9.0;2.0;2.0;A01
61441;201500040801;0;1;0;0.0;2.0;8.0;2.0;Y01
61442;201500040802;0;7;0;0.0;0.0;6.0;9.0;A01
61443;201500040802;0;14;0;0.0;2.0;2.0;1.0;B01
61444;201500040803;0;7;0;12.0;0.0;1.0;9.0;A01
61445;201500040804;0;7;0;0.0;1.0;3.0;15.0;A01
61446;201500040805;0;7;0;0.0;1.0;1.0;1.0;A01
61447;201500040806;1;36;0;0.0;1.0;0.0;0.0;A01
61448;201500040807;0;2;0;0.0;2.0;2.0;17.0;A01
61449;201500040807;0;7;0;0.0;2.0;6.0;23.0;B01
61450;201500040809;0;7;0;0.0;2.0;7.0;17.0;A01
61451;201500040809;0;2;0;0.0;2.0;7.0;2.0;B01
61452;201500040810;0;7;0;0.0;0.0;1.0;2.0;A01
61453;201500040810;0;37;6;0.0;2.0;6.0;23.0;B01
61454;201500040811;0;7;0;0.0;1.0;1.0;16.0;A01
61455;201500040813;0;7;0;0.0;0.0;8.0;6.0;A01
61456;201500040813;0;34;0;0.0;0.0;1.0;1.0;B01
61457;201500040815;1;2;0;0.0;1.0;0.0;0.0;Z01
61458;201500040817;0;7;0;0.0;0.0;4.0;0.0;A01
61459;201500040817;0;7;0;0.0;2.0;1.0;2.0;B01
61460;201500040818;0;7;0;0.0;0.0;4.0;4.0;A01
61461;201500040818;0;2;0;1.0;2.0;1.0;2.0;B01
61462;201500040819;0;7;0;0.0;2.0;2.0;1.0;A01
61463;201500040819;0;7;0;0.0;0.0;3.0;1.0;B01
61464;201500040820;0;7;0;0.0;0.0;0.0;16.0;A01
61465;201500040820;0;32;0;0.0;2.0;8.0;1.0;B01
61466;201500040821;0;7;0;0.0;1.0;1.0;1.0;A01
61467;201500040822;0;7;0;0.0;1.0;2.0;0.0;A01
61468;201500040823;0;7;0;0.0;2.0;8.0;1.0;B01
61469;201500040823;0;10;0;0.0;2.0;3.0;1.0;A01
61470;201500040824;0;7;0;1.0;2.0;2.0;15.0;A01
61471;201500040824;2;7;0;1.0;2.0;1.0;1.0;B01
61472;201500040826;1;7;0;1.0;1.0;2.0;21.0;A01
61473;201500040827;0;34;0;0.0;1.0;1.0;3.0;A01
61474;201500040828;0;7;0;0.0;1.0;1.0;1.0;A01
61475;201500040829;0;7;0;0.0;0.0;6.0;0.0;B01
61476;201500040829;0;7;0;0.0;0.0;1.0;9.0;A01
61477;201500040830;0;7;0;0.0;2.0;8.0;17.0;A01
61478;201500040830;0;37;0;0.0;2.0;8.0;2.0;B01
61479;201500040831;0;10;0;0.0;2.0;2.0;0.0;B01
61480;201500040831;0;10;0;0.0;2.0;2.0;0.0;A01
61481;201500040832;0;7;0;3.0;0.0;1.0;1.0;A01
61482;201500040833;0;7;0;0.0;2.0;0.0;9.0;A01
61483;201500040833;0;33;0;0.0;2.0;0.0;1.0;B01
61484;201500040834;0;15;0;1.0;0.0;2.0;20.0;A01
61485;201500040834;0;7;0;0.0;2.0;5.0;24.0;B01
61486;201500040835;0;30;0;0.0;2.0;7.0;1.0;B01
61487;201500040835;0;7;0;0.0;2.0;3.0;1.0;A01
61488;201500040836;0;7;0;0.0;0.0;0.0;0.0;A01
61489;201500040836;0;31;0;0.0;0.0;0.0;0.0;B01
61490;201500040837;0;7;0;0.0;2.0;3.0;15.0;B01
61491;201500040837;0;33;0;0.0;2.0;1.0;1.0;A01
61492;201500040838;0;2;0;0.0;1.0;2.0;1.0;A01
61493;201500040840;0;7;0;9.0;2.0;8.0;2.0;B01
61494;201500040840;0;7;0;0.0;2.0;1.0;2.0;A01
61495;201500040841;0;7;0;0.0;2.0;1.0;1.0;A01
61496;201500040841;0;1;0;0.0;2.0;8.0;19.0;B01
61497;201500040842;2;7;0;0.0;2.0;3.0;0.0;A01
61498;201500040842;0;7;0;0.0;0.0;2.0;15.0;B01
61499;201500040843;0;7;0;0.0;1.0;1.0;0.0;A01
61500;201500040844;0;7;0;0.0;1.0;0.0;0.0;A01
61501;201500040845;1;7;0;0.0;2.0;2.0;15.0;B01
61502;201500040845;0;33;0;0.0;2.0;1.0;1.0;Y01
61503;201500040846;0;7;0;0.0;1.0;3.0;15.0;A01
61504;201500040847;0;7;0;0.0;2.0;8.0;15.0;A01
61505;201500040847;0;1;0;0.0;2.0;1.0;1.0;B01
61506;201500040848;0;7;0;0.0;1.0;3.0;0.0;A01
61507;201500040849;0;7;0;0.0;1.0;2.0;2.0;A01
61508;201500040850;0;7;0;0.0;1.0;0.0;0.0;A01
61509;201500040851;0;33;0;0.0;2.0;7.0;17.0;A01
61510;201500040851;0;7;0;0.0;2.0;3.0;15.0;B01
61511;201500040852;0;7;0;0.0;9.0;2.0;2.0;A01
61512;201500040852;0;1;0;0.0;2.0;9.0;2.0;V01
61513;201500040853;0;7;0;0.0;0.0;6.0;15.0;A01
61514;201500040853;0;34;0;0.0;2.0;9.0;2.0;B01
61515;201500040854;1;7;0;0.0;1.0;0.0;1.0;A01
61516;201500040856;0;7;0;0.0;2.0;3.0;10.0;A01
61517;201500040856;0;32;0;0.0;2.0;1.0;1.0;B01
61518;201500040857;0;7;0;0.0;2.0;2.0;16.0;A01
61519;201500040857;0;32;0;0.0;2.0;3.0;18.0;B01
61520;201500040859;0;7;0;0.0;2.0;7.0;16.0;A01
61521;201500040859;0;32;0;0.0;2.0;8.0;1.0;B01
61522;201500040860;0;33;0;0.0;2.0;1.0;1.0;B01
61523;201500040860;0;7;0;0.0;2.0;1.0;13.0;A01
61524;201500040861;0;37;3;0.0;2.0;1.0;2.0;A01
61525;201500040861;0;7;0;0.0;2.0;8.0;2.0;B01
61526;201500040862;0;7;0;0.0;1.0;7.0;0.0;A01
61527;201500040863;0;7;0;1.0;0.0;7.0;2.0;A01
61528;201500040864;0;7;0;0.0;2.0;8.0;15.0;A01
61529;201500040864;0;33;0;0.0;2.0;7.0;17.0;B01
61530;201500040865;0;7;0;0.0;2.0;2.0;10.0;A01
61531;201500040865;0;20;0;0.0;2.0;1.0;0.0;B01
61532;201500040866;1;7;0;0.0;2.0;1.0;1.0;B01
61533;201500040866;0;7;0;0.0;2.0;8.0;10.0;A01
61534;201500040867;0;7;0;0.0;1.0;2.0;15.0;A01
61535;201500040868;0;7;0;0.0;2.0;3.0;1.0;A01
61536;201500040868;2;32;0;0.0;2.0;8.0;15.0;B01
61537;201500040869;0;30;0;0.0;2.0;1.0;9.0;A01
61538;201500040869;1;10;0;0.0;0.0;7.0;9.0;B01
61539;201500040870;0;99;0;0.0;2.0;6.0;2.0;A01
61540;201500040870;0;2;0;0.0;2.0;1.0;2.0;B01
61541;201500040871;0;7;0;0.0;1.0;3.0;0.0;A01
61542;201500040872;0;1;0;0.0;2.0;1.0;1.0;B01
61543;201500040872;0;7;0;1.0;2.0;3.0;15.0;A01
61544;201500040873;0;33;0;0.0;2.0;1.0;2.0;A01
61545;201500040873;0;7;0;0.0;2.0;7.0;15.0;B01
61546;201500040874;0;10;0;0.0;2.0;1.0;2.0;A01
61547;201500040874;0;7;0;0.0;2.0;3.0;2.0;B01
61548;201500040875;0;7;0;0.0;1.0;2.0;16.0;A01
61549;201500040876;0;1;0;1.0;0.0;1.0;1.0;A01
61550;201500040876;0;7;0;1.0;0.0;8.0;22.0;B01
61551;201500040877;0;7;0;0.0;1.0;1.0;15.0;A01
61552;201500040878;0;7;0;15.0;0.0;1.0;0.0;A01
61553;201500040879;0;7;0;0.0;2.0;2.0;0.0;A01
61554;201500040879;0;7;0;0.0;2.0;3.0;0.0;B01
61555;201500040880;0;7;0;0.0;1.0;1.0;1.0;A01
61556;201500040881;0;7;0;0.0;1.0;3.0;2.0;A01
61557;201500040882;0;2;0;0.0;2.0;1.0;2.0;A01
61558;201500040882;0;10;0;0.0;2.0;4.0;20.0;B01
61559;201500040884;0;7;0;0.0;1.0;6.0;4.0;A01
61560;201500040885;0;7;0;0.0;2.0;1.0;15.0;A01
61561;201500040885;0;2;0;0.0;2.0;8.0;18.0;B01
61562;201500040886;0;34;0;0.0;2.0;1.0;1.0;A01
61563;201500040886;0;7;0;0.0;0.0;5.0;10.0;B01
61564;201500040887;0;7;0;0.0;1.0;1.0;15.0;A01
61565;201500040888;0;7;0;8.0;0.0;0.0;0.0;A01
61566;201500040889;1;7;0;0.0;2.0;1.0;2.0;A01
61567;201500040889;0;7;0;0.0;0.0;4.0;2.0;B01
61568;201500040890;0;7;0;0.0;1.0;1.0;1.0;A01
61569;201500040891;0;7;0;1.0;0.0;1.0;14.0;A01
61570;201500040892;0;7;0;0.0;2.0;2.0;19.0;B01
61571;201500040892;0;7;0;0.0;2.0;7.0;2.0;A01
61572;201500040893;0;7;0;0.0;2.0;1.0;1.0;A01
61573;201500040893;0;7;0;0.0;0.0;4.0;1.0;B01
61574;201500040894;0;31;0;0.0;2.0;7.0;1.0;B01
61575;201500040894;0;7;0;0.0;2.0;1.0;15.0;A01
61576;201500040895;1;2;0;0.0;1.0;1.0;1.0;Z01
61577;201500040896;0;7;0;0.0;0.0;1.0;2.0;B01
61578;201500040896;2;7;0;15.0;2.0;1.0;3.0;A01
61579;201500040897;0;30;0;0.0;2.0;1.0;1.0;A01
61580;201500040897;0;7;0;0.0;0.0;6.0;12.0;B01
61581;201500040899;0;34;0;0.0;2.0;8.0;0.0;B01
61582;201500040899;0;7;0;0.0;2.0;2.0;0.0;A01
61583;201500040900;1;7;0;0.0;1.0;1.0;2.0;Z01
61584;201500040901;0;10;0;0.0;1.0;1.0;1.0;A01
61585;201500040903;0;7;0;0.0;2.0;3.0;15.0;A01
61586;201500040903;0;7;0;0.0;2.0;3.0;1.0;B01
61587;201500040904;0;32;0;0.0;0.0;7.0;2.0;B01
61588;201500040904;1;7;0;0.0;2.0;0.0;10.0;Z01
61589;201500040905;0;7;0;0.0;2.0;1.0;9.0;B01
61590;201500040905;0;7;0;0.0;2.0;2.0;9.0;A01
61591;201500040906;0;7;0;0.0;1.0;3.0;1.0;A01
61592;201500040907;0;7;0;0.0;1.0;8.0;1.0;A01
61593;201500040907;0;7;0;0.0;2.0;3.0;15.0;B01
61594;201500040907;0;7;0;0.0;2.0;7.0;15.0;C01