;Num_Acc;senc;catv;occutc;obs;obsm;choc;manv;num_veh
62016;201500041190;0;31;0;0.0;0.0;1.0;9.0;B01
62017;201500041191;0;31;0;8.0;2.0;1.0;1.0;A01
62018;201500041192;0;7;0;0.0;2.0;7.0;15.0;B01
62019;201500041192;0;7;0;0.0;2.0;2.0;1.0;A01
62020;201500041193;0;7;0;0.0;2.0;3.0;0.0;A01
62021;201500041193;0;1;0;0.0;0.0;1.0;0.0;B01
62022;201500041194;0;34;0;0.0;2.0;1.0;1.0;A01
62023;201500041194;0;7;0;0.0;2.0;2.0;1.0;B01
62024;201500041195;0;7;0;0.0;1.0;1.0;1.0;A01
62025;201500041196;0;33;0;0.0;2.0;1.0;2.0;B01
62026;201500041196;0;7;0;1.0;2.0;7.0;2.0;A01
62027;201500041197;0;3;0;8.0;2.0;1.0;2.0;A01
62028;201500041197;0;3;0;0.0;2.0;1.0;1.0;B01
62029;201500041199;0;2;0;0.0;2.0;2.0;1.0;B01
62030;201500041199;0;7;0;0.0;2.0;3.0;0.0;A01
62031;201500041200;0;7;0;0.0;1.0;1.0;1.0;A01
62032;201500041201;0;7;0;0.0;1.0;2.0;2.0;A01
62033;201500041202;0;34;0;0.0;1.0;7.0;3.0;A01
62034;201500041203;0;1;0;0.0;2.0;1.0;1.0;A01
62035;201500041203;1;7;0;0.0;2.0;0.0;0.0;B01
62036;201500041204;0;7;0;9.0;0.0;1.0;21.0;A01
62037;201500041205;0;7;0;0.0;2.0;4.0;1.0;B01
62038;201500041205;0;7;0;0.0;2.0;4.0;1.0;C01
62039;201500041206;0;34;0;1.0;0.0;1.0;2.0;A01
62040;201500041207;0;7;0;0.0;2.0;1.0;1.0;A01
62041;201500041207;0;7;0;0.0;2.0;3.0;1.0;B01
62042;201500041208;0;31;0;0.0;2.0;9.0;1.0;B01
62043;201500041208;0;7;0;1.0;2.0;3.0;1.0;A01
62044;201500041209;1;34;0;0.0;1.0;0.0;0.0;A01
62045;201500041210;0;2;0;0.0;2.0;3.0;1.0;A01
62046;201500041210;0;7;0;0.0;2.0;2.0;1.0;B01
62047;201500041211;0;37;0;0.0;2.0;2.0;1.0;B01
62048;201500041211;0;7;0;0.0;2.0;1.0;1.0;A01
62049;201500041213;0;7;0;0.0;2.0;2.0;1.0;B01
62050;201500041213;0;2;0;0.0;2.0;3.0;16.0;A01
62051;201500041214;0;3;0;0.0;2.0;8.0;16.0;A01
62052;201500041214;0;3;0;0.0;2.0;2.0;1.0;B01
62053;201500041215;0;30;0;0.0;2.0;7.0;17.0;A01
62054;201500041215;0;7;0;0.0;2.0;3.0;2.0;B01
62055;201500041216;0;7;0;0.0;0.0;4.0;16.0;A01
62056;201500041216;0;7;0;0.0;2.0;1.0;2.0;B01
62057;201500041217;0;32;0;0.0;2.0;2.0;17.0;A01
62058;201500041217;0;7;0;0.0;2.0;8.0;13.0;B01
62059;201500041218;0;7;0;0.0;2.0;1.0;2.0;A01
62060;201500041218;0;1;0;0.0;2.0;8.0;19.0;B01
62061;201500041219;0;7;0;0.0;2.0;1.0;1.0;A01
62062;201500041219;0;7;0;0.0;2.0;7.0;1.0;B01
62063;201500041220;0;7;0;0.0;2.0;1.0;1.0;A01
62064;201500041220;0;7;0;0.0;2.0;3.0;1.0;B01
62065;201500041221;0;7;0;0.0;2.0;8.0;16.0;A01
62066;201500041221;1;7;0;0.0;2.0;0.0;17.0;B01
62067;201500041222;0;7;0;0.0;2.0;6.0;2.0;A01
62068;201500041222;0;7;0;0.0;2.0;1.0;2.0;B01
62069;201500041223;0;10;0;0.0;2.0;1.0;1.0;A01
62070;201500041223;0;7;0;0.0;2.0;6.0;1.0;B01
62071;201500041224;0;7;0;0.0;1.0;4.0;4.0;A01
62072;201500041225;0;7;0;0.0;2.0;1.0;2.0;A01
62073;201500041225;0;7;0;0.0;0.0;4.0;2.0;B01
62074;201500041226;0;7;0;0.0;1.0;0.0;0.0;A01
62075;201500041227;0;7;0;0.0;2.0;2.0;0.0;A01
62076;201500041227;0;7;0;0.0;2.0;2.0;2.0;B01
62077;201500041228;0;7;0;0.0;1.0;1.0;16.0;A01
62078;201500041229;0;7;0;0.0;1.0;1.0;1.0;A01
62079;201500041229;0;33;0;0.0;2.0;1.0;11.0;B01
62080;201500041231;0;7;0;0.0;1.0;1.0;15.0;A01
62081;201500041233;0;7;0;0.0;2.0;8.0;2.0;A01
62082;201500041233;0;7;0;0.0;2.0;8.0;15.0;B01
62083;201500041234;0;14;0;0.0;1.0;2.0;0.0;A01
62084;201500041235;0;10;0;0.0;1.0;0.0;2.0;A01
62085;201500041236;0;3;0;0.0;2.0;3.0;10.0;A01
62086;201500041236;0;3;0;0.0;2.0;2.0;1.0;B01
62087;201500041237;0;3;0;0.0;0.0;8.0;1.0;A01
62088;201500041237;0;33;0;0.0;2.0;7.0;1.0;B01
62089;201500041238;0;7;0;0.0;2.0;3.0;9.0;A01
62090;201500041238;0;14;0;0.0;2.0;2.0;2.0;B01
62091;201500041239;2;30;0;1.0;0.0;1.0;1.0;B02
62092;201500041240;0;7;0;0.0;2.0;3.0;0.0;A01
62093;201500041240;0;1;0;0.0;2.0;1.0;1.0;B01
62094;201500041242;0;7;0;0.0;2.0;3.0;1.0;A01
62095;201500041242;0;32;0;0.0;2.0;3.0;1.0;B01
62096;201500041244;0;7;0;0.0;2.0;3.0;1.0;A01
62097;201500041244;0;1;0;0.0;0.0;0.0;1.0;B01
62098;201500041245;0;7;0;0.0;2.0;5.0;1.0;A01
62099;201500041245;0;7;0;0.0;2.0;1.0;1.0;B01
62100;201500041246;0;7;0;0.0;1.0;3.0;1.0;A01
62101;201500041248;0;7;0;0.0;2.0;2.0;9.0;A01
62102;201500041248;0;31;0;0.0;2.0;2.0;3.0;B01
62103;201500041249;0;10;0;0.0;1.0;1.0;1.0;A01
62104;201500041250;0;7;0;0.0;1.0;1.0;11.0;A01
62105;201500041251;0;7;0;0.0;2.0;3.0;15.0;A01
62106;201500041251;0;31;0;0.0;2.0;1.0;15.0;B01
62107;201500041252;0;7;0;0.0;1.0;7.0;1.0;A01
62108;201500041253;0;7;0;0.0;1.0;2.0;1.0;A01
62109;201500041254;0;7;0;0.0;2.0;2.0;1.0;A01
62110;201500041254;0;31;0;0.0;2.0;1.0;1.0;B01
62111;201500041255;0;7;0;0.0;2.0;1.0;0.0;A01
62112;201500041255;0;7;0;0.0;2.0;8.0;0.0;B01
62113;201500041256;0;7;0;6.0;0.0;1.0;0.0;A01
62114;201500041257;0;7;0;0.0;0.0;0.0;0.0;A01
62115;201500041258;0;7;0;0.0;0.0;4.0;0.0;A01
62116;201500041258;0;10;0;0.0;0.0;1.0;0.0;B01
62117;201500041259;0;7;0;0.0;1.0;3.0;15.0;A01
62118;201500041260;0;7;0;0.0;2.0;4.0;0.0;C01
62119;201500041260;0;7;0;0.0;2.0;4.0;1.0;B01
62120;201500041260;0;7;0;0.0;2.0;1.0;1.0;A01
62121;201500041261;0;10;0;0.0;1.0;3.0;1.0;A01
62122;201500041262;0;32;0;0.0;2.0;5.0;0.0;A01
62123;201500041262;0;7;0;0.0;2.0;1.0;0.0;B01
62124;201500041263;0;7;0;0.0;2.0;1.0;15.0;A01
62125;201500041263;0;7;0;0.0;2.0;6.0;1.0;B01
62126;201500041264;0;10;0;0.0;1.0;1.0;1.0;A01
62127;201500041265;1;7;0;0.0;1.0;0.0;0.0;Z01
62128;201500041266;0;37;0;0.0;1.0;2.0;1.0;A01
62129;201500041267;0;10;0;0.0;9.0;8.0;13.0;A01
62130;201500041267;0;32;0;0.0;2.0;7.0;1.0;B01
62131;201500041268;0;7;0;0.0;2.0;2.0;15.0;A01
62132;201500041268;0;30;0;0.0;2.0;8.0;1.0;B01
62133;201500041269;0;7;0;0.0;1.0;2.0;2.0;A01
62134;201500041270;0;7;0;0.0;9.0;1.0;1.0;A01
62135;201500041270;0;1;0;0.0;0.0;6.0;1.0;B01
62136;201500041271;0;7;0;1.0;2.0;6.0;11.0;A01
62137;201500041271;0;13;0;0.0;2.0;7.0;2.0;B01
62138;201500041271;0;37;1;0.0;2.0;8.0;24.0;C01
62139;201500041272;0;7;0;0.0;1.0;1.0;1.0;A01
62140;201500041273;0;10;0;0.0;2.0;1.0;2.0;A01
62141;201500041273;0;7;0;0.0;2.0;4.0;2.0;B01
62142;201500041273;0;7;0;0.0;2.0;4.0;2.0;C01
62143;201500041273;0;7;0;0.0;2.0;4.0;2.0;D01
62144;201500041274;0;7;0;8.0;0.0;3.0;10.0;A01
62145;201500041275;0;7;0;0.0;0.0;6.0;2.0;A01
62146;201500041275;0;7;0;0.0;0.0;0.0;0.0;B01
62147;201500041275;1;7;0;0.0;0.0;0.0;0.0;Z01
62148;201500041276;0;7;0;0.0;1.0;2.0;16.0;A01
62149;201500041277;0;10;0;0.0;1.0;7.0;0.0;A01
62150;201500041278;0;7;0;10.0;1.0;2.0;6.0;A01
62151;201500041278;0;7;0;0.0;0.0;0.0;17.0;B01
62152;201500041279;0;7;0;0.0;1.0;2.0;2.0;A01
62153;201500041280;0;37;0;0.0;1.0;2.0;16.0;A01
62154;201500041281;1;7;0;0.0;1.0;1.0;0.0;Z01
62155;201500041282;0;7;0;0.0;1.0;1.0;9.0;A01
62156;201500041283;0;7;0;0.0;2.0;1.0;2.0;B01
62157;201500041283;0;7;0;0.0;2.0;3.0;15.0;A01
62158;201500041284;0;7;0;0.0;2.0;8.0;11.0;A01
62159;201500041284;0;30;0;0.0;2.0;1.0;1.0;B01
62160;201500041285;0;7;0;0.0;1.0;1.0;1.0;A01
62161;201500041286;0;37;4;1.0;0.0;2.0;1.0;A01
62162;201500041286;0;34;0;0.0;0.0;6.0;24.0;C01
62163;201500041287;0;37;1;0.0;2.0;2.0;14.0;A01
62164;201500041287;0;14;0;0.0;0.0;6.0;16.0;B01
62165;201500041288;0;7;0;0.0;1.0;2.0;15.0;A01
62166;201500041289;0;7;0;0.0;2.0;4.0;2.0;A01
62167;201500041289;0;7;0;0.0;2.0;1.0;2.0;B01
62168;201500041289;0;7;0;0.0;2.0;1.0;2.0;C01
62169;201500041289;0;7;0;0.0;2.0;1.0;2.0;D01
62170;201500041289;0;7;0;0.0;0.0;4.0;2.0;E01
62171;201500041290;0;2;0;0.0;1.0;1.0;0.0;A01
62172;201500041291;0;2;0;0.0;1.0;1.0;0.0;A01
62173;201500041292;0;7;0;0.0;1.0;8.0;0.0;A01
62174;201500041292;0;37;1;0.0;0.0;0.0;0.0;B01
62175;201500041293;0;7;0;0.0;1.0;1.0;1.0;A01
62176;201500041294;0;7;0;0.0;2.0;2.0;15.0;A01
62177;201500041294;0;2;0;0.0;2.0;1.0;1.0;B01
62178;201500041295;0;7;0;0.0;1.0;3.0;0.0;A01
62179;201500041297;0;7;0;0.0;2.0;1.0;1.0;A01
62180;201500041297;0;7;0;0.0;2.0;4.0;23.0;B01
62181;201500041297;0;7;0;0.0;2.0;4.0;23.0;C01
62182;201500041298;0;7;0;0.0;1.0;1.0;0.0;A01
62183;201500041299;0;2;0;0.0;1.0;1.0;0.0;A01
62184;201500041300;0;3;0;0.0;1.0;2.0;2.0;A01
62185;201500041301;0;3;0;0.0;1.0;0.0;0.0;A01
62186;201500041303;0;7;0;0.0;1.0;1.0;0.0;A01
62187;201500041304;0;2;0;0.0;2.0;1.0;1.0;A01
62188;201500041304;0;7;0;0.0;2.0;6.0;1.0;B01
62189;201500041305;1;7;0;0.0;1.0;2.0;6.0;A01
62190;201500041306;1;33;0;0.0;1.0;8.0;0.0;Z01
62191;201500041307;0;7;0;0.0;2.0;8.0;10.0;A01
62192;201500041307;0;33;0;0.0;2.0;1.0;2.0;B01
62193;201500041308;1;34;0;0.0;1.0;1.0;1.0;A01
62194;201500041309;0;7;0;1.0;0.0;9.0;0.0;A01
62195;201500041310;0;7;0;1.0;0.0;2.0;2.0;A01
62196;201500041311;0;30;0;0.0;2.0;8.0;11.0;B01
62197;201500041311;1;13;0;0.0;2.0;0.0;0.0;Z01
62198;201500041312;0;7;0;0.0;1.0;2.0;2.0;A01
62199;201500041313;0;7;0;0.0;1.0;1.0;0.0;A01
62200;201500041314;0;7;0;0.0;9.0;1.0;1.0;A01
62201;201500041314;0;1;0;0.0;2.0;3.0;1.0;B01
62202;201500041315;0;7;0;0.0;0.0;4.0;23.0;A01
62203;201500041315;0;37;1;1.0;0.0;1.0;15.0;B01
62204;201500041316;0;7;0;0.0;1.0;3.0;0.0;A01
62205;201500041317;0;31;0;0.0;2.0;1.0;1.0;B01
62206;201500041317;0;10;0;0.0;0.0;7.0;15.0;A01
62207;201500041318;0;7;0;0.0;1.0;1.0;2.0;A01
62208;201500041319;0;7;0;0.0;1.0;1.0;2.0;A01
62209;201500041320;1;99;0;0.0;1.0;0.0;0.0;Z01
62210;201500041322;2;7;0;0.0;2.0;1.0;0.0;A01
62211;201500041322;0;7;0;0.0;0.0;4.0;1.0;B01
62212;201500041324;0;34;0;0.0;2.0;2.0;2.0;A01
62213;201500041324;1;7;0;0.0;2.0;3.0;10.0;Z01
62214;201500041325;0;7;0;0.0;2.0;5.0;1.0;A01
62215;201500041325;0;7;0;0.0;2.0;1.0;1.0;B01
62216;201500041326;0;13;0;0.0;0.0;0.0;0.0;A01
62217;201500041326;0;34;0;0.0;0.0;9.0;15.0;B01
62218;201500041327;0;7;0;0.0;1.0;2.0;0.0;A01
62219;201500041328;0;7;0;0.0;2.0;3.0;10.0;A01
62220;201500041328;0;33;0;0.0;2.0;1.0;5.0;B01
62221;201500041329;0;33;0;0.0;1.0;1.0;2.0;A01
62222;201500041330;0;33;0;0.0;2.0;1.0;1.0;B01
62223;201500041330;1;15;0;0.0;0.0;0.0;15.0;Z01
62224;201500041331;0;7;0;0.0;1.0;1.0;1.0;A01
62225;201500041332;0;7;0;15.0;0.0;2.0;1.0;A01
62226;201500041333;0;7;0;0.0;9.0;2.0;2.0;A01
62227;201500041333;0;1;0;0.0;2.0;2.0;2.0;B01
62228;201500041334;0;7;0;0.0;2.0;1.0;1.0;A01
62229;201500041334;0;33;0;0.0;2.0;1.0;19.0;B01
62230;201500041336;0;33;0;0.0;1.0;7.0;1.0;A01
62231;201500041338;1;7;0;0.0;1.0;0.0;0.0;A01
62232;201500041339;0;38;0;0.0;1.0;3.0;10.0;A01
62233;201500041341;1;99;0;0.0;2.0;8.0;11.0;A01
62234;201500041341;0;30;0;0.0;2.0;7.0;1.0;B01
62235;201500041342;0;7;0;0.0;1.0;2.0;0.0;A01
62236;201500041343;0;7;0;0.0;2.0;1.0;1.0;A01
62237;201500041343;0;2;0;0.0;2.0;3.0;15.0;B01
62238;201500041344;0;7;0;0.0;2.0;2.0;2.0;A01
62239;201500041344;0;1;0;0.0;2.0;8.0;2.0;B01
62240;201500041345;0;7;0;0.0;1.0;2.0;1.0;A01
62241;201500041346;0;7;0;8.0;0.0;1.0;1.0;A01
62242;201500041348;0;7;0;0.0;2.0;0.0;0.0;A01
62243;201500041348;0;7;0;0.0;2.0;1.0;14.0;B01
62244;201500041348;0;7;0;9.0;0.0;9.0;2.0;C01
62245;201500041349;0;7;0;0.0;0.0;2.0;0.0;A01
62246;201500041349;0;34;0;0.0;0.0;0.0;0.0;B01
62247;201500041350;0;33;0;0.0;2.0;2.0;0.0;A01
62248;201500041350;0;7;0;0.0;2.0;5.0;0.0;B01
62249;201500041351;0;7;0;0.0;2.0;7.0;15.0;A01
62250;201500041351;0;34;0;0.0;2.0;1.0;0.0;B01
62251;201500041353;0;13;0;0.0;2.0;7.0;2.0;A01
62252;201500041353;0;30;0;0.0;2.0;8.0;2.0;B01
62253;201500041354;0;7;0;0.0;1.0;1.0;0.0;A01
62254;201500041355;0;7;0;0.0;0.0;8.0;9.0;A01
62255;201500041355;0;7;0;0.0;2.0;2.0;5.0;B01
62256;201500041355;0;7;0;0.0;2.0;8.0;1.0;C01
62257;201500041356;0;7;0;0.0;0.0;0.0;10.0;A01
62258;201500041356;0;34;0;0.0;2.0;2.0;10.0;B01
62259;201500041357;0;34;0;0.0;2.0;8.0;17.0;A01
62260;201500041357;0;7;0;0.0;2.0;3.0;20.0;B01
62261;201500041358;0;7;0;0.0;2.0;0.0;10.0;A01
62262;201500041358;0;33;0;0.0;2.0;3.0;1.0;B01
62263;201500041359;0;99;0;0.0;2.0;4.0;4.0;A01
62264;201500041359;0;7;0;0.0;2.0;1.0;2.0;B01
62265;201500041360;0;7;0;8.0;2.0;1.0;1.0;A01
62266;201500041361;0;34;0;0.0;2.0;7.0;1.0;B01
62267;201500041361;1;7;0;0.0;2.0;8.0;10.0;Z01
62268;201500041362;0;7;0;0.0;0.0;2.0;0.0;A01
62269;201500041362;0;30;0;0.0;2.0;0.0;1.0;B01
62270;201500041364;0;7;0;0.0;1.0;1.0;1.0;A01
62271;201500041365;1;7;0;0.0;1.0;0.0;0.0;Z01
62272;201500041366;0;7;0;0.0;1.0;1.0;15.0;A01
62273;201500041368;0;7;0;0.0;1.0;8.0;21.0;A01
62274;201500041368;0;7;0;0.0;0.0;3.0;0.0;B01
62275;201500041369;0;7;0;0.0;0.0;8.0;1.0;B01
62276;201500041369;0;7;0;9.0;2.0;1.0;6.0;A01
62277;201500041370;0;2;0;0.0;2.0;1.0;5.0;A01
62278;201500041370;0;7;0;0.0;2.0;2.0;1.0;B01
62279;201500041372;0;7;0;0.0;2.0;1.0;2.0;A01
62280;201500041372;0;7;0;0.0;0.0;4.0;2.0;B01
62281;201500041373;0;7;0;0.0;2.0;5.0;1.0;A01
62282;201500041373;0;34;0;0.0;2.0;1.0;0.0;B01
62283;201500041374;0;7;0;0.0;9.0;8.0;15.0;A01
62284;201500041374;0;34;0;0.0;2.0;7.0;0.0;B01
62285;201500041375;1;34;0;0.0;1.0;1.0;2.0;Z01
62286;201500041376;0;10;0;0.0;2.0;2.0;2.0;A01
62287;201500041376;0;33;0;0.0;2.0;8.0;2.0;B01
62288;201500041377;0;34;0;0.0;2.0;8.0;2.0;A01
62289;201500041377;1;7;0;0.0;2.0;8.0;2.0;Z01
62290;201500041378;0;7;0;0.0;2.0;1.0;2.0;A01
62291;201500041378;0;7;0;0.0;2.0;4.0;2.0;B01
62292;201500041378;0;7;0;0.0;2.0;4.0;2.0;C01
62293;201500041379;2;7;0;0.0;0.0;1.0;0.0;A01
62294;201500041379;0;7;0;0.0;0.0;4.0;0.0;B01
62295;201500041379;0;7;0;0.0;0.0;4.0;0.0;C01
62296;201500041379;0;7;0;0.0;0.0;4.0;0.0;D01
62297;201500041380;0;7;0;0.0;2.0;1.0;0.0;A01
62298;201500041380;0;33;0;0.0;2.0;0.0;0.0;B01
62299;201500041381;0;7;0;0.0;1.0;2.0;2.0;A01
62300;201500041382;0;7;0;0.0;2.0;1.0;2.0;A01
62301;201500041382;0;7;0;0.0;2.0;5.0;2.0;B01
62302;201500041383;0;13;0;0.0;1.0;1.0;0.0;A01
62303;201500041384;0;7;0;0.0;2.0;4.0;0.0;A01
62304;201500041384;0;32;0;0.0;0.0;0.0;0.0;B01
62305;201500041385;0;7;0;0.0;2.0;6.0;11.0;A01
62306;201500041385;0;7;0;0.0;2.0;0.0;1.0;B01
62307;201500041386;0;7;0;0.0;1.0;7.0;0.0;A01
62308;201500041388;0;7;0;0.0;0.0;0.0;0.0;A01
62309;201500041388;0;34;0;0.0;2.0;2.0;16.0;B01
62310;201500041389;0;7;0;0.0;2.0;5.0;2.0;A01
62311;201500041389;0;33;0;1.0;2.0;1.0;18.0;B01
62312;201500041390;0;7;0;0.0;2.0;1.0;2.0;A01
62313;201500041390;0;7;0;0.0;2.0;6.0;9.0;B01
62314;201500041391;0;7;0;0.0;2.0;1.0;0.0;A01
62315;201500041391;0;7;0;0.0;2.0;1.0;11.0;B01
62316;201500041392;2;7;0;7.0;2.0;1.0;2.0;A01
62317;201500041392;0;7;0;0.0;0.0;4.0;0.0;B01
62318;201500041393;0;7;0;0.0;2.0;2.0;15.0;A01
62319;201500041393;0;30;0;0.0;2.0;1.0;16.0;B01
62320;201500041394;0;7;0;0.0;2.0;1.0;1.0;A01
62321;201500041394;0;7;0;0.0;2.0;3.0;0.0;B01
62322;201500041395;0;99;0;0.0;2.0;0.0;0.0;A01
62323;201500041395;0;1;0;0.0;0.0;0.0;0.0;B01
62324;201500041396;0;37;1;0.0;1.0;2.0;20.0;A01
62325;201500041397;0;3;0;0.0;1.0;3.0;1.0;A01
62326;201500041398;0;7;0;0.0;2.0;3.0;10.0;A01
62327;201500041398;0;33;0;0.0;2.0;3.0;1.0;B01
62328;201500041399;0;7;0;0.0;2.0;3.0;0.0;A01
62329;201500041399;0;34;0;0.0;2.0;6.0;15.0;B01
62330;201500041402;0;7;0;4.0;0.0;3.0;2.0;A01
62331;201500041403;0;7;0;0.0;1.0;1.0;2.0;A01
62332;201500041404;0;7;0;0.0;2.0;1.0;0.0;A01
62333;201500041404;0;33;0;0.0;2.0;1.0;0.0;B01
62334;201500041405;0;7;0;0.0;1.0;2.0;0.0;A01
62335;201500041405;0;1;0;0.0;0.0;0.0;0.0;B01
62336;201500041406;0;7;0;0.0;2.0;8.0;11.0;A01
62337;201500041406;0;33;0;0.0;2.0;2.0;18.0;B01
62338;201500041407;0;7;0;12.0;0.0;1.0;9.0;A01
62339;201500041408;1;30;0;0.0;1.0;0.0;1.0;Z01
62340;201500041409;0;7;0;1.0;0.0;4.0;12.0;B01
62341;201500041410;0;7;0;8.0;0.0;1.0;2.0;A01
62342;201500041411;0;7;0;15.0;0.0;2.0;0.0;A01
62343;201500041412;0;7;0;0.0;2.0;1.0;5.0;A01
62344;201500041412;0;7;0;0.0;2.0;1.0;1.0;B01
62345;201500041413;0;7;0;0.0;2.0;9.0;0.0;A01
62346;201500041413;0;7;0;0.0;2.0;7.0;0.0;B01
62347;201500041414;0;37;1;0.0;0.0;2.0;2.0;A01
62348;201500041414;0;7;0;0.0;0.0;4.0;0.0;B01
62349;201500041415;1;32;0;0.0;1.0;0.0;0.0;A01
62350;201500041416;0;33;0;0.0;2.0;8.0;2.0;A01
62351;201500041416;0;7;0;0.0;2.0;7.0;2.0;B01
62352;201500041417;0;7;0;0.0;0.0;4.0;1.0;A01
62353;201500041417;0;7;0;0.0;2.0;1.0;2.0;B01
62354;201500041418;0;10;0;0.0;2.0;2.0;0.0;A01
62355;201500041418;0;7;0;0.0;2.0;6.0;0.0;B01
62356;201500041419;0;1;0;0.0;1.0;1.0;0.0;B01
62357;201500041419;0;10;0;0.0;0.0;4.0;0.0;A01
62358;201500041420;0;7;0;0.0;2.0;2.0;15.0;A01
62359;201500041420;0;33;0;0.0;2.0;4.0;15.0;B01
62360;201500041421;0;10;0;0.0;2.0;0.0;0.0;B01
62361;201500041421;0;10;0;0.0;0.0;0.0;0.0;C01
62362;201500041421;0;10;0;0.0;0.0;0.0;0.0;D01
62363;201500041421;2;10;0;0.0;2.0;0.0;0.0;Z01
62364;201500041422;1;10;0;0.0;1.0;2.0;0.0;Z01
62365;201500041423;0;15;0;0.0;2.0;7.0;2.0;A01
62366;201500041423;0;1;0;0.0;0.0;8.0;2.0;B01
62367;201500041424;0;10;0;0.0;2.0;0.0;0.0;A01
62368;201500041424;0;33;0;0.0;2.0;0.0;0.0;B01
62369;201500041425;0;7;0;0.0;0.0;0.0;0.0;A01
62370;201500041425;0;33;0;0.0;0.0;0.0;0.0;B01
62371;201500041426;0;10;0;0.0;2.0;2.0;1.0;B01
62372;201500041426;0;30;0;0.0;2.0;8.0;9.0;A01
62373;201500041427;0;10;0;0.0;2.0;8.0;0.0;A01
62374;201500041427;0;10;0;0.0;2.0;7.0;0.0;B01
62375;201500041428;1;7;0;0.0;1.0;0.0;0.0;Z01
62376;201500041429;0;7;0;0.0;1.0;1.0;1.0;A01
62377;201500041429;0;7;0;0.0;1.0;5.0;24.0;B01
62378;201500041430;0;7;0;0.0;2.0;3.0;0.0;A01
62379;201500041430;0;33;0;0.0;0.0;7.0;0.0;B01
62380;201500041431;1;7;0;0.0;1.0;0.0;0.0;Z01
62381;201500041432;1;7;0;0.0;0.0;0.0;0.0;Z01
62382;201500041432;0;7;0;0.0;2.0;3.0;1.0;A01
62383;201500041433;0;7;0;6.0;0.0;1.0;14.0;A01
62384;201500041434;0;7;0;0.0;0.0;4.0;10.0;A01
62385;201500041434;0;33;0;0.0;2.0;1.0;1.0;B01
62386;201500041435;0;33;0;0.0;2.0;2.0;0.0;A01
62387;201500041435;0;10;0;0.0;2.0;3.0;0.0;B01
62388;201500041436;0;7;0;0.0;2.0;6.0;2.0;A01
62389;201500041436;0;13;0;0.0;2.0;2.0;2.0;B01
62390;201500041437;1;7;0;0.0;1.0;0.0;0.0;Z01
62391;201500041438;0;33;0;0.0;2.0;7.0;2.0;A01
62392;201500041438;0;14;0;0.0;0.0;5.0;1.0;B01
62393;201500041441;0;7;0;0.0;0.0;1.0;1.0;A01
62394;201500041441;0;33;0;0.0;2.0;4.0;20.0;B01
62395;201500041442;0;7;0;14.0;0.0;1.0;0.0;A01
62396;201500041443;0;37;0;0.0;0.0;0.0;0.0;A01
62397;201500041444;0;7;0;0.0;0.0;4.0;23.0;B01
62398;201500041444;1;7;0;0.0;0.0;0.0;0.0;Z01
62399;201500041444;0;7;0;0.0;0.0;1.0;23.0;A01
62400;201500041446;0;7;0;8.0;0.0;1.0;1.0;A01
62401;201500041447;0;34;0;0.0;2.0;1.0;2.0;A01
62402;201500041447;0;7;0;0.0;0.0;3.0;10.0;B01
62403;201500041448;0;33;0;0.0;2.0;1.0;0.0;A01
62404;201500041448;0;7;0;0.0;2.0;1.0;2.0;B01
62405;201500041449;0;3;0;0.0;0.0;0.0;0.0;A01
62406;201500041449;0;7;0;0.0;0.0;0.0;0.0;B01
62407;201500041450;0;32;0;0.0;2.0;1.0;7.0;A01
62408;201500041450;0;7;0;0.0;2.0;3.0;15.0;B01
62409;201500041451;0;7;0;0.0;2.0;2.0;2.0;A01
62410;201500041451;0;7;0;0.0;2.0;3.0;15.0;B01
62411;201500041452;0;10;0;0.0;0.0;3.0;0.0;A01
62412;201500041452;0;7;0;0.0;0.0;5.0;0.0;B01
62413;201500041453;0;2;0;0.0;2.0;1.0;1.0;B01
62414;201500041453;0;7;0;0.0;2.0;3.0;9.0;A01
62415;201500041454;0;7;0;0.0;1.0;1.0;0.0;A01
62416;201500041455;0;30;0;14.0;0.0;1.0;15.0;A01
62417;201500041456;0;30;0;0.0;2.0;1.0;5.0;B01
62418;201500041456;0;7;0;0.0;2.0;3.0;8.0;A01
62419;201500041457;0;7;0;0.0;2.0;1.0;0.0;A01
62420;201500041457;0;7;0;0.0;2.0;4.0;0.0;B01
62421;201500041458;0;7;0;0.0;2.0;1.0;2.0;A01
62422;201500041458;0;7;0;0.0;0.0;4.0;23.0;B01
62423;201500041459;0;14;0;12.0;0.0;3.0;0.0;A01
62424;201500041460;0;33;0;0.0;2.0;0.0;16.0;B01
62425;201500041460;0;7;0;0.0;2.0;0.0;15.0;A01
62426;201500041461;1;10;0;0.0;0.0;0.0;0.0;A01
62427;201500041461;0;34;0;0.0;2.0;3.0;0.0;B01
62428;201500041462;2;7;0;0.0;2.0;1.0;1.0;A01
62429;201500041462;0;33;0;0.0;2.0;7.0;15.0;B01
62430;201500041463;0;7;0;9.0;0.0;9.0;1.0;A01
62431;201500041464;0;7;0;0.0;1.0;4.0;23.0;A01
62432;201500041464;0;7;0;0.0;2.0;1.0;1.0;B01
62433;201500041465;0;3;0;0.0;0.0;8.0;10.0;A01
62434;201500041465;0;32;0;0.0;0.0;2.0;3.0;B01
62435;201500041466;1;7;0;0.0;2.0;1.0;1.0;Z01
62436;201500041466;0;7;0;0.0;2.0;3.0;9.0;B01