;Num_Acc;senc;catv;occutc;obs;obsm;choc;manv;num_veh
62857;201500041747;0;7;0;0.0;2.0;4.0;1.0;B01
62858;201500041748;1;1;0;0.0;1.0;1.0;1.0;A01
62859;201500041749;0;7;0;0.0;1.0;1.0;1.0;B01
62860;201500041750;0;33;0;0.0;2.0;4.0;15.0;A01
62861;201500041750;0;33;0;0.0;2.0;1.0;2.0;B01
62862;201500041751;0;7;0;0.0;1.0;4.0;4.0;A01
62863;201500041752;0;32;0;0.0;0.0;8.0;1.0;B01
62864;201500041752;0;7;0;0.0;0.0;1.0;1.0;A01
62865;201500041753;0;7;0;0.0;1.0;4.0;4.0;A01
62866;201500041754;0;32;0;14.0;0.0;1.0;1.0;B01
62867;201500041754;0;7;0;0.0;9.0;3.0;15.0;A01
62868;201500041755;0;2;0;0.0;0.0;3.0;21.0;B01
62869;201500041756;0;7;0;0.0;1.0;3.0;20.0;A01
62870;201500041757;0;30;0;0.0;2.0;1.0;1.0;A01
62871;201500041757;1;7;0;0.0;2.0;6.0;15.0;B01
62872;201500041758;0;3;0;1.0;0.0;9.0;20.0;A01
62873;201500041759;0;7;0;0.0;1.0;3.0;1.0;A01
62874;201500041760;0;7;0;0.0;1.0;2.0;0.0;A01
62875;201500041761;0;7;0;1.0;0.0;2.0;0.0;A01
62876;201500041762;0;10;0;0.0;1.0;3.0;0.0;A01
62877;201500041763;1;7;0;0.0;2.0;0.0;0.0;A01
62878;201500041763;0;7;0;1.0;1.0;6.0;2.0;B01
62879;201500041764;0;32;0;0.0;2.0;1.0;16.0;A01
62880;201500041764;0;10;0;0.0;2.0;5.0;23.0;B01
62881;201500041765;0;7;0;0.0;2.0;3.0;16.0;B01
62882;201500041765;0;7;0;0.0;2.0;2.0;0.0;A01
62883;201500041766;0;2;0;0.0;0.0;8.0;1.0;A01
62884;201500041767;0;7;0;0.0;0.0;1.0;1.0;B01
62885;201500041767;0;7;0;0.0;0.0;1.0;9.0;A01
62886;201500041768;0;33;0;0.0;0.0;1.0;1.0;A01
62887;201500041768;0;7;0;0.0;0.0;7.0;1.0;B01
62888;201500041769;0;7;0;0.0;1.0;0.0;0.0;A01
62889;201500041770;0;10;0;0.0;0.0;6.0;1.0;B01
62890;201500041770;0;32;0;0.0;2.0;3.0;1.0;A01
62891;201500041771;0;7;0;0.0;1.0;5.0;4.0;A01
62892;201500041772;0;7;0;0.0;0.0;1.0;1.0;A01
62893;201500041772;0;37;0;0.0;0.0;3.0;2.0;B01
62894;201500041773;0;7;0;0.0;2.0;1.0;1.0;B01
62895;201500041773;0;7;0;0.0;2.0;2.0;1.0;A01
62896;201500041774;0;7;0;2.0;0.0;8.0;1.0;A01
62897;201500041775;0;1;0;15.0;0.0;1.0;1.0;A01
62898;201500041776;0;32;0;0.0;2.0;1.0;1.0;A01
62899;201500041776;0;7;0;0.0;2.0;5.0;1.0;B01
62900;201500041777;0;30;0;0.0;2.0;1.0;1.0;B01
62901;201500041777;0;7;0;0.0;2.0;3.0;15.0;A01
62902;201500041778;0;7;0;0.0;2.0;3.0;1.0;B01
62903;201500041778;0;7;0;0.0;2.0;2.0;15.0;A01
62904;201500041779;0;7;0;0.0;1.0;1.0;1.0;A01
62905;201500041780;0;7;0;0.0;1.0;1.0;1.0;A01
62906;201500041781;0;7;0;0.0;1.0;2.0;1.0;A01
62907;201500041782;0;1;0;0.0;2.0;1.0;1.0;B01
62908;201500041782;0;10;0;0.0;2.0;1.0;15.0;A01
62909;201500041783;0;7;0;0.0;2.0;3.0;15.0;A01
62910;201500041783;0;1;0;0.0;2.0;1.0;0.0;B01
62911;201500041786;0;7;0;0.0;1.0;0.0;0.0;A01
62912;201500041787;0;1;0;0.0;2.0;1.0;2.0;B01
62913;201500041787;0;10;0;0.0;2.0;5.0;4.0;A01
62914;201500041788;0;33;0;0.0;0.0;1.0;1.0;B01
62915;201500041788;0;7;0;0.0;0.0;8.0;15.0;A01
62916;201500041789;0;7;0;0.0;0.0;1.0;23.0;D01
62917;201500041789;0;7;0;0.0;0.0;1.0;23.0;C01
62918;201500041789;0;10;0;0.0;0.0;2.0;1.0;A01
62919;201500041789;0;10;0;0.0;0.0;1.0;1.0;B01
62920;201500041790;0;2;0;0.0;2.0;3.0;1.0;A01
62921;201500041790;0;7;0;0.0;9.0;3.0;15.0;B01
62922;201500041791;0;32;0;0.0;2.0;7.0;2.0;A01
62923;201500041791;0;10;0;0.0;0.0;5.0;23.0;B01
62924;201500041793;0;7;0;0.0;2.0;1.0;2.0;A01
62925;201500041793;0;7;0;0.0;1.0;4.0;1.0;B01
62926;201500041794;0;13;0;8.0;2.0;1.0;0.0;A01
62927;201500041794;0;7;0;0.0;2.0;1.0;0.0;B01
62928;201500041795;0;37;38;0.0;1.0;6.0;1.0;B01
62929;201500041795;0;7;0;0.0;1.0;3.0;1.0;A01
62930;201500041796;0;7;0;0.0;2.0;2.0;1.0;B01
62931;201500041796;0;2;0;0.0;2.0;1.0;1.0;A01
62932;201500041797;0;14;0;0.0;2.0;1.0;15.0;A01
62933;201500041797;0;7;0;0.0;0.0;6.0;16.0;B01
62934;201500041798;0;7;0;0.0;0.0;1.0;19.0;B01
62935;201500041798;0;7;0;0.0;0.0;1.0;15.0;A01
62936;201500041800;0;7;0;0.0;1.0;1.0;2.0;A01
62937;201500041801;0;7;0;0.0;1.0;1.0;20.0;A01
62938;201500041802;0;7;0;0.0;0.0;3.0;15.0;A01
62939;201500041802;0;33;0;0.0;0.0;8.0;2.0;B01
62940;201500041803;0;33;0;1.0;0.0;8.0;1.0;A01
62941;201500041805;0;7;0;0.0;1.0;1.0;1.0;A01
62942;201500041806;0;7;0;0.0;2.0;3.0;1.0;B01
62943;201500041806;0;7;0;0.0;2.0;1.0;15.0;A01
62944;201500041808;0;33;0;0.0;2.0;1.0;1.0;B01
62945;201500041808;0;7;0;0.0;2.0;3.0;15.0;A01
62946;201500041809;0;7;0;0.0;2.0;1.0;15.0;A01
62947;201500041809;0;7;0;0.0;2.0;1.0;1.0;B01
62948;201500041810;0;7;0;0.0;2.0;8.0;2.0;A01
62949;201500041810;0;1;0;0.0;2.0;1.0;2.0;B01
62950;201500041811;0;2;0;2.0;0.0;7.0;1.0;A01
62951;201500041812;0;37;0;0.0;1.0;7.0;1.0;A01
62952;201500041814;0;7;0;0.0;2.0;4.0;1.0;B01
62953;201500041814;0;10;0;0.0;2.0;1.0;1.0;A01
62954;201500041815;0;7;0;0.0;1.0;3.0;1.0;A01
62955;201500041816;0;1;0;0.0;0.0;0.0;1.0;A01
62956;201500041817;0;7;0;0.0;2.0;8.0;15.0;B01
62957;201500041817;0;7;0;0.0;2.0;1.0;1.0;A01
62958;201500041818;0;7;0;0.0;2.0;3.0;15.0;A01
62959;201500041818;0;32;0;0.0;2.0;2.0;9.0;B01
62960;201500041819;0;7;0;1.0;2.0;3.0;20.0;A01
62961;201500041819;0;7;0;0.0;2.0;2.0;2.0;B01
62962;201500041821;0;7;0;0.0;2.0;2.0;2.0;A01
62963;201500041821;0;7;0;0.0;9.0;3.0;16.0;B01
62964;201500041822;0;7;0;6.0;0.0;1.0;1.0;A01
62965;201500041823;0;7;0;4.0;0.0;1.0;1.0;A01
62966;201500041824;0;7;0;0.0;0.0;8.0;23.0;C01
62967;201500041824;2;7;0;1.0;2.0;3.0;1.0;A01
62968;201500041824;0;7;0;0.0;2.0;1.0;16.0;B01
62969;201500041826;0;33;0;0.0;2.0;7.0;3.0;A01
62970;201500041826;0;7;0;0.0;2.0;1.0;9.0;B01
62971;201500041827;0;7;0;0.0;1.0;1.0;0.0;A01
62972;201500041828;2;7;0;0.0;2.0;3.0;7.0;A01
62973;201500041828;0;10;0;0.0;2.0;7.0;1.0;B01
62974;201500041829;0;32;0;0.0;2.0;9.0;1.0;B01
62975;201500041829;0;7;0;0.0;2.0;5.0;15.0;A01
62976;201500041830;0;7;0;0.0;1.0;3.0;1.0;A01
62977;201500041831;0;32;0;0.0;2.0;3.0;1.0;A01
62978;201500041831;0;7;0;0.0;2.0;3.0;1.0;B01
62979;201500041832;0;7;0;15.0;0.0;1.0;1.0;A01
62980;201500041833;0;7;0;0.0;2.0;6.0;10.0;A01
62981;201500041833;0;31;0;0.0;2.0;1.0;1.0;B01
62982;201500041834;0;7;0;0.0;1.0;3.0;2.0;A01
62983;201500041835;0;7;0;0.0;2.0;4.0;9.0;B01
62984;201500041835;0;7;0;0.0;2.0;1.0;2.0;A01
62985;201500041836;0;7;0;0.0;1.0;1.0;0.0;A01
62986;201500041837;0;7;0;0.0;0.0;1.0;2.0;A01
62987;201500041837;0;7;0;0.0;0.0;4.0;2.0;B01
62988;201500041838;0;7;0;0.0;1.0;1.0;0.0;A01
62989;201500041839;0;7;0;3.0;0.0;1.0;1.0;A01
62990;201500041840;0;7;0;0.0;2.0;3.0;9.0;A01
62991;201500041840;0;34;0;0.0;2.0;2.0;21.0;B01
62992;201500041842;1;30;0;0.0;1.0;1.0;0.0;A01
62993;201500041843;0;7;0;15.0;0.0;9.0;9.0;A01
62994;201500041844;0;37;1;0.0;1.0;2.0;15.0;A01
62995;201500041845;0;7;0;0.0;2.0;2.0;1.0;B01
62996;201500041845;0;2;0;0.0;2.0;1.0;0.0;A01
62997;201500041847;0;7;0;0.0;2.0;4.0;2.0;B01
62998;201500041847;0;33;0;0.0;2.0;1.0;2.0;A01
62999;201500041848;0;7;0;0.0;2.0;3.0;9.0;A01
63000;201500041848;0;2;0;0.0;2.0;6.0;1.0;B01
63001;201500041849;0;7;0;0.0;1.0;2.0;1.0;A01
63002;201500041850;0;7;0;0.0;1.0;1.0;1.0;B01
63003;201500041850;0;7;0;0.0;0.0;3.0;19.0;A01
63004;201500041851;0;34;0;14.0;0.0;3.0;17.0;A01
63005;201500041852;0;34;0;16.0;0.0;8.0;15.0;A01
63006;201500041854;0;7;0;0.0;2.0;3.0;15.0;A01
63007;201500041854;0;7;0;0.0;2.0;3.0;1.0;B01
63008;201500041855;0;7;0;0.0;9.0;2.0;15.0;A01
63009;201500041855;0;1;0;0.0;2.0;1.0;15.0;B01
63010;201500041856;0;34;0;0.0;2.0;3.0;2.0;B01
63011;201500041856;1;7;0;0.0;2.0;5.0;1.0;A01
63012;201500041857;0;7;0;0.0;0.0;4.0;2.0;B01
63013;201500041857;0;7;0;0.0;2.0;1.0;2.0;A01
63014;201500041858;0;2;0;0.0;2.0;1.0;2.0;A01
63015;201500041858;0;2;0;0.0;0.0;4.0;10.0;B01
63016;201500041859;0;7;0;0.0;1.0;1.0;1.0;A01
63017;201500041860;0;7;0;0.0;2.0;4.0;1.0;A01
63018;201500041860;0;7;0;0.0;2.0;1.0;2.0;B01
63019;201500041862;0;38;1;0.0;2.0;3.0;15.0;B01
63020;201500041862;0;10;0;15.0;2.0;7.0;21.0;A01
63021;201500041862;0;7;0;0.0;9.0;1.0;15.0;C01
63022;201500041863;0;7;0;0.0;1.0;2.0;1.0;A01
63023;201500041864;0;7;0;0.0;0.0;0.0;0.0;A01
63024;201500041864;0;33;0;0.0;0.0;0.0;0.0;B01
63025;201500041865;0;30;0;0.0;2.0;5.0;17.0;A01
63026;201500041865;0;7;0;0.0;2.0;3.0;15.0;B01
63027;201500041866;0;7;0;0.0;2.0;1.0;15.0;A01
63028;201500041866;0;7;0;0.0;2.0;1.0;1.0;B01
63029;201500041867;0;33;0;0.0;1.0;1.0;0.0;A01
63030;201500041868;0;3;0;0.0;2.0;2.0;15.0;A01
63031;201500041868;0;32;0;0.0;2.0;1.0;1.0;B01
63032;201500041869;0;7;0;0.0;2.0;2.0;2.0;A01
63033;201500041869;0;34;0;0.0;0.0;8.0;2.0;B01
63034;201500041870;0;7;0;15.0;0.0;2.0;14.0;A01
63035;201500041871;0;7;0;0.0;2.0;1.0;1.0;B01
63036;201500041871;0;7;0;0.0;2.0;8.0;1.0;A01
63037;201500041872;0;2;0;1.0;0.0;7.0;2.0;A01
63038;201500041873;0;7;0;6.0;0.0;1.0;0.0;A01
63039;201500041874;0;7;0;0.0;2.0;1.0;1.0;A01
63040;201500041874;0;7;0;0.0;0.0;8.0;9.0;B01
63041;201500041876;0;33;0;0.0;2.0;7.0;17.0;A01
63042;201500041876;0;7;0;0.0;2.0;1.0;20.0;B01
63043;201500041878;2;7;0;14.0;0.0;0.0;2.0;A01
63044;201500041879;0;37;0;0.0;2.0;2.0;1.0;A01
63045;201500041879;0;7;0;0.0;2.0;1.0;15.0;B01
63046;201500041880;0;7;0;0.0;2.0;1.0;15.0;A01
63047;201500041880;0;7;0;0.0;2.0;2.0;1.0;B01
63048;201500041881;0;7;0;0.0;1.0;1.0;1.0;A01
63049;201500041882;0;7;0;0.0;2.0;1.0;15.0;A01
63050;201500041882;0;7;0;0.0;2.0;3.0;1.0;B01
63051;201500041883;0;7;0;0.0;2.0;7.0;2.0;A01
63052;201500041883;0;7;0;0.0;2.0;1.0;2.0;B01
63053;201500041884;0;7;0;4.0;0.0;1.0;13.0;A01
63054;201500041885;0;7;0;6.0;0.0;9.0;1.0;A01
63055;201500041886;0;7;0;0.0;1.0;1.0;15.0;A01
63056;201500041887;0;7;0;0.0;0.0;1.0;0.0;A01
63057;201500041887;0;7;0;0.0;0.0;4.0;0.0;B01
63058;201500041888;0;7;0;0.0;1.0;2.0;1.0;A01
63059;201500041889;0;7;0;0.0;0.0;9.0;15.0;A01
63060;201500041890;0;32;0;0.0;2.0;1.0;2.0;A01
63061;201500041890;0;7;0;0.0;2.0;6.0;11.0;B01
63062;201500041891;0;7;0;0.0;2.0;1.0;2.0;A01
63063;201500041891;0;7;0;0.0;0.0;4.0;15.0;B01
63064;201500041892;0;7;0;0.0;1.0;6.0;1.0;A01
63065;201500041893;0;32;0;0.0;0.0;7.0;1.0;A01
63066;201500041894;0;37;0;0.0;1.0;2.0;1.0;A01
63067;201500041895;0;7;0;0.0;2.0;2.0;15.0;A01
63068;201500041895;0;2;0;0.0;2.0;1.0;2.0;B01
63069;201500041896;0;7;0;15.0;2.0;2.0;2.0;A01
63070;201500041896;0;7;0;0.0;2.0;3.0;15.0;B01
63071;201500041897;0;7;0;0.0;2.0;8.0;22.0;A01
63072;201500041897;0;33;0;0.0;2.0;5.0;1.0;B01
63073;201500041898;0;7;0;0.0;2.0;3.0;5.0;A01
63074;201500041898;0;7;0;0.0;2.0;3.0;1.0;B01
63075;201500041899;0;33;0;0.0;1.0;3.0;2.0;A01
63076;201500041900;0;30;0;0.0;0.0;7.0;0.0;A01
63077;201500041901;0;33;0;0.0;2.0;7.0;14.0;A01
63078;201500041901;0;7;0;0.0;2.0;4.0;1.0;B01
63079;201500041902;0;7;0;8.0;0.0;1.0;0.0;A01
63080;201500041903;0;33;0;0.0;2.0;7.0;3.0;A01
63081;201500041903;0;7;0;0.0;0.0;6.0;1.0;B01
63082;201500041904;0;1;0;0.0;9.0;1.0;1.0;A01
63083;201500041904;0;1;0;0.0;9.0;1.0;1.0;B01
63084;201500041905;0;33;0;0.0;2.0;7.0;3.0;B01
63085;201500041905;0;7;0;0.0;2.0;3.0;9.0;A01
63086;201500041906;0;7;0;0.0;2.0;2.0;9.0;B01
63087;201500041906;2;99;0;0.0;2.0;1.0;5.0;A01
63088;201500041907;0;7;0;0.0;2.0;3.0;15.0;A01
63089;201500041907;0;7;0;0.0;2.0;8.0;1.0;B01
63090;201500041908;0;33;0;0.0;2.0;1.0;17.0;A01
63091;201500041908;0;14;0;0.0;2.0;3.0;15.0;B01
63092;201500041909;0;7;0;0.0;2.0;8.0;10.0;A01
63093;201500041909;0;10;0;0.0;2.0;2.0;1.0;B01
63094;201500041910;0;7;0;0.0;1.0;1.0;0.0;A01
63095;201500041911;0;7;0;0.0;1.0;0.0;1.0;A01
63096;201500041912;0;7;0;0.0;2.0;7.0;15.0;A01
63097;201500041912;0;33;0;0.0;2.0;1.0;1.0;B01
63098;201500041913;0;7;0;0.0;0.0;1.0;1.0;A01
63099;201500041914;0;7;0;0.0;2.0;4.0;1.0;B01
63100;201500041914;0;30;0;0.0;2.0;1.0;1.0;A01
63101;201500041915;1;30;0;0.0;1.0;2.0;1.0;A01
63102;201500041916;0;7;0;2.0;0.0;2.0;2.0;A01
63103;201500041917;0;7;0;0.0;2.0;1.0;11.0;B01
63104;201500041917;0;7;0;0.0;2.0;1.0;2.0;A01
63105;201500041918;0;7;0;0.0;0.0;4.0;2.0;B01
63106;201500041918;0;7;0;0.0;0.0;1.0;2.0;A01
63107;201500041918;0;7;0;0.0;0.0;4.0;2.0;C01
63108;201500041919;0;14;0;0.0;2.0;2.0;14.0;A01
63109;201500041919;0;7;0;0.0;2.0;1.0;1.0;C01
63110;201500041919;0;7;0;0.0;2.0;6.0;1.0;B01
63111;201500041919;0;15;0;0.0;2.0;6.0;1.0;D01
63112;201500041920;0;1;0;12.0;0.0;8.0;1.0;A01
63113;201500041921;0;10;0;0.0;2.0;1.0;2.0;A01
63114;201500041921;0;10;0;0.0;2.0;6.0;23.0;B01
63115;201500041923;0;7;0;0.0;2.0;1.0;15.0;A01
63116;201500041923;0;7;0;0.0;2.0;8.0;15.0;B01
63117;201500041925;0;7;0;0.0;2.0;1.0;1.0;A01
63118;201500041925;0;7;0;0.0;2.0;4.0;23.0;B01
63119;201500041925;0;7;0;0.0;2.0;3.0;16.0;C01
63120;201500041926;0;10;0;0.0;2.0;1.0;5.0;A01
63121;201500041926;0;7;0;0.0;2.0;3.0;1.0;B01
63122;201500041927;0;7;0;0.0;2.0;6.0;15.0;A01
63123;201500041927;1;10;0;0.0;2.0;1.0;17.0;Z01
63124;201500041928;0;7;0;0.0;2.0;3.0;15.0;A01
63125;201500041928;0;33;0;0.0;2.0;1.0;2.0;B01
63126;201500041929;0;33;0;0.0;2.0;3.0;1.0;B01
63127;201500041929;0;7;0;0.0;2.0;3.0;6.0;A01
63128;201500041930;0;7;0;0.0;2.0;1.0;13.0;A01
63129;201500041930;0;7;0;0.0;2.0;1.0;2.0;B01
63130;201500041931;0;7;0;0.0;2.0;6.0;1.0;C01
63131;201500041931;0;10;0;0.0;2.0;6.0;1.0;B01
63132;201500041931;0;33;0;0.0;2.0;8.0;2.0;A01
63133;201500041932;0;7;0;0.0;1.0;3.0;15.0;A01
63134;201500041933;0;37;0;0.0;1.0;0.0;20.0;A01
63135;201500041934;0;10;0;0.0;0.0;4.0;1.0;C01
63136;201500041934;0;7;0;0.0;0.0;1.0;1.0;A01
63137;201500041934;0;7;0;0.0;0.0;4.0;1.0;B01
63138;201500041935;0;7;0;5.0;0.0;1.0;0.0;A01
63139;201500041936;0;7;0;0.0;0.0;4.0;23.0;B01
63140;201500041936;0;7;0;0.0;2.0;1.0;2.0;A01
63141;201500041937;0;30;0;0.0;2.0;1.0;17.0;A01
63142;201500041937;0;7;0;0.0;0.0;6.0;15.0;B01
63143;201500041939;0;10;0;0.0;1.0;1.0;21.0;A01
63144;201500041940;0;99;0;0.0;1.0;1.0;1.0;A01
63145;201500041942;0;7;0;0.0;2.0;1.0;2.0;B01
63146;201500041942;0;7;0;0.0;2.0;1.0;6.0;A01
63147;201500041942;0;7;0;14.0;2.0;1.0;2.0;C01
63148;201500041943;0;7;0;0.0;2.0;4.0;1.0;B01
63149;201500041943;0;7;0;0.0;2.0;1.0;2.0;A01
63150;201500041944;0;7;0;2.0;0.0;1.0;1.0;A01
63151;201500041945;0;32;0;0.0;2.0;8.0;3.0;A01
63152;201500041945;0;10;0;0.0;2.0;7.0;2.0;B01
63153;201500041945;0;14;0;0.0;2.0;3.0;1.0;C01
63154;201500041946;0;7;0;0.0;2.0;1.0;2.0;A01
63155;201500041946;0;7;0;0.0;2.0;4.0;1.0;B01
63156;201500041947;0;7;0;0.0;2.0;2.0;9.0;A01
63157;201500041947;0;7;0;0.0;2.0;7.0;1.0;B01
63158;201500041948;0;7;0;0.0;1.0;1.0;1.0;A01
63159;201500041949;0;7;0;0.0;2.0;1.0;1.0;A01
63160;201500041949;0;1;0;0.0;2.0;7.0;1.0;B01
63161;201500041950;0;7;0;0.0;2.0;2.0;15.0;A01
63162;201500041950;0;7;0;0.0;2.0;2.0;1.0;B01
63163;201500041951;0;7;0;0.0;1.0;3.0;1.0;A01
63164;201500041952;0;7;0;0.0;1.0;2.0;2.0;A01
63165;201500041953;0;7;0;0.0;2.0;3.0;15.0;A01
63166;201500041953;0;7;0;0.0;2.0;2.0;1.0;B01
63167;201500041954;0;33;0;0.0;2.0;0.0;1.0;B01
63168;201500041954;0;7;0;0.0;2.0;3.0;1.0;A01
63169;201500041955;0;7;0;1.0;0.0;1.0;21.0;A01
63170;201500041956;0;7;0;0.0;2.0;1.0;2.0;A01
63171;201500041956;0;7;0;0.0;2.0;6.0;23.0;B01
63172;201500041957;0;7;0;0.0;2.0;3.0;0.0;A01
63173;201500041957;0;7;0;0.0;2.0;2.0;1.0;B01
63174;201500041958;0;7;0;0.0;2.0;1.0;15.0;A01
63175;201500041958;0;32;0;0.0;2.0;1.0;23.0;B01
63176;201500041959;0;7;0;0.0;2.0;1.0;17.0;A01
63177;201500041959;0;33;0;0.0;2.0;1.0;1.0;B01
63178;201500041960;0;7;0;0.0;2.0;1.0;1.0;A01
63179;201500041960;0;7;0;6.0;2.0;1.0;1.0;B01
63180;201500041962;0;7;0;0.0;2.0;3.0;15.0;A01
63181;201500041962;0;33;0;0.0;2.0;1.0;17.0;B01
63182;201500041963;0;31;0;0.0;0.0;8.0;1.0;B01
63183;201500041963;0;7;0;0.0;0.0;0.0;15.0;A01
63184;201500041964;0;7;0;0.0;0.0;0.0;0.0;B01
63185;201500041964;0;7;0;0.0;0.0;0.0;0.0;A01
63186;201500041965;0;30;0;0.0;2.0;2.0;17.0;B01
63187;201500041965;0;7;0;0.0;2.0;8.0;6.0;A01
63188;201500041966;0;31;0;0.0;2.0;1.0;1.0;B01
63189;201500041966;0;10;0;0.0;2.0;3.0;15.0;A01
63190;201500041967;0;7;0;0.0;2.0;1.0;1.0;B01
63191;201500041967;0;7;0;0.0;2.0;1.0;11.0;A01
63192;201500041968;0;7;0;0.0;1.0;0.0;0.0;A01
63193;201500041969;0;30;0;0.0;1.0;1.0;1.0;A01
63194;201500041970;0;7;0;0.0;1.0;1.0;15.0;A01
63195;201500041971;0;7;0;0.0;2.0;0.0;0.0;A01
63196;201500041971;0;33;0;0.0;0.0;0.0;0.0;B01
63197;201500041972;0;7;0;0.0;1.0;1.0;15.0;A01
63198;201500041973;0;13;0;10.0;0.0;4.0;1.0;A01
63199;201500041974;0;7;0;0.0;0.0;0.0;0.0;A01
63200;201500041974;0;31;0;0.0;0.0;0.0;0.0;B01
63201;201500041975;0;7;0;0.0;1.0;1.0;1.0;A01
63202;201500041976;0;7;0;0.0;2.0;1.0;9.0;A01
63203;201500041976;0;1;0;0.0;2.0;4.0;0.0;B01
63204;201500041978;0;7;0;0.0;2.0;2.0;5.0;A01
63205;201500041978;0;7;0;0.0;2.0;1.0;1.0;B01
63206;201500041979;0;7;0;0.0;1.0;0.0;0.0;A01
63207;201500041980;0;7;0;0.0;2.0;1.0;9.0;A01
63208;201500041980;0;7;0;0.0;2.0;7.0;1.0;B01
63209;201500041981;0;7;0;0.0;1.0;0.0;0.0;A01
63210;201500041982;0;37;1;0.0;2.0;6.0;23.0;C01
63211;201500041982;0;7;0;1.0;2.0;1.0;1.0;A01
63212;201500041982;0;7;0;0.0;2.0;4.0;1.0;B01
63213;201500041983;0;7;0;0.0;2.0;7.0;1.0;A01
63214;201500041983;0;34;0;0.0;2.0;1.0;1.0;B01
63215;201500041985;0;7;0;0.0;0.0;0.0;0.0;A01
63216;201500041985;0;15;0;0.0;0.0;4.0;0.0;B01
63217;201500041987;0;7;0;0.0;1.0;3.0;0.0;A01
63218;201500041988;0;33;0;0.0;2.0;1.0;19.0;A01
63219;201500041988;0;7;0;0.0;2.0;4.0;1.0;B01
63220;201500041989;0;7;0;0.0;0.0;0.0;0.0;B01
63221;201500041989;0;7;0;0.0;0.0;0.0;0.0;A01
63222;201500041990;0;7;0;0.0;1.0;3.0;1.0;A01
63223;201500041991;0;7;0;0.0;2.0;1.0;1.0;A01
63224;201500041991;0;7;0;0.0;2.0;8.0;1.0;B01
63225;201500041992;0;7;0;0.0;2.0;4.0;1.0;B01
63226;201500041992;0;31;0;0.0;2.0;1.0;2.0;A01
63227;201500041993;0;7;0;0.0;1.0;0.0;0.0;A01
63228;201500041994;0;33;0;0.0;2.0;1.0;1.0;B01
63229;201500041994;0;7;0;0.0;2.0;8.0;13.0;A01
63230;201500041995;0;7;0;0.0;2.0;2.0;1.0;B01
63231;201500041995;0;10;0;0.0;2.0;2.0;23.0;A01
63232;201500041996;0;30;0;0.0;1.0;1.0;1.0;A01
63233;201500041997;0;33;0;0.0;0.0;0.0;0.0;B01
63234;201500041997;0;7;0;0.0;0.0;0.0;0.0;A01
63235;201500041998;0;7;0;0.0;2.0;4.0;1.0;C01
63236;201500041998;0;7;0;0.0;2.0;4.0;1.0;B01
63237;201500041998;0;7;0;0.0;2.0;1.0;1.0;A01
63238;201500041999;0;7;0;0.0;1.0;1.0;15.0;A01
63239;201500042000;0;7;0;0.0;1.0;2.0;16.0;A01
63240;201500042001;0;30;0;0.0;2.0;1.0;1.0;A01
63241;201500042001;0;7;0;0.0;2.0;8.0;1.0;B01
63242;201500042003;0;7;0;0.0;2.0;2.0;16.0;A01
63243;201500042003;0;30;0;0.0;2.0;8.0;1.0;B01
63244;201500042004;0;7;0;0.0;0.0;0.0;0.0;B01
63245;201500042004;0;37;10;0.0;0.0;1.0;0.0;A01
63246;201500042005;0;33;0;0.0;2.0;2.0;1.0;A01
63247;201500042006;0;7;0;0.0;2.0;1.0;1.0;A01
63248;201500042006;0;7;0;0.0;2.0;4.0;23.0;B01
63249;201500042007;0;7;0;9.0;0.0;8.0;23.0;C01
63250;201500042007;0;7;0;0.0;2.0;4.0;23.0;B01
63251;201500042007;0;7;0;9.0;2.0;1.0;1.0;A01
63252;201500042009;2;7;0;0.0;1.0;1.0;1.0;A01
63253;201500042010;0;7;0;0.0;0.0;0.0;0.0;B01
63254;201500042010;0;7;0;0.0;1.0;0.0;0.0;A01
63255;201500042011;0;7;0;0.0;1.0;1.0;16.0;A01
63256;201500042013;0;7;0;0.0;1.0;1.0;1.0;A01
63257;201500042014;0;7;0;0.0;0.0;0.0;0.0;A01
63258;201500042014;0;1;0;0.0;1.0;0.0;0.0;B01
63259;201500042015;0;7;0;0.0;1.0;1.0;0.0;A01
63260;201500042016;0;7;0;0.0;0.0;0.0;0.0;C01
63261;201500042016;0;7;0;0.0;2.0;0.0;0.0;A01
63262;201500042016;0;7;0;0.0;0.0;0.0;0.0;B01
63263;201500042017;0;33;0;0.0;0.0;0.0;1.0;B01
63264;201500042017;2;7;0;0.0;2.0;0.0;0.0;A01
63265;201500042018;0;7;0;0.0;2.0;0.0;0.0;B01
63266;201500042018;0;30;0;0.0;0.0;0.0;0.0;A01
63267;201500042019;0;7;0;0.0;1.0;0.0;0.0;A01
63268;201500042020;0;7;0;0.0;2.0;3.0;15.0;A01
63269;201500042020;0;10;0;0.0;2.0;6.0;23.0;B01
63270;201500042020;0;33;0;0.0;2.0;3.0;1.0;C01
63271;201500042021;0;33;0;0.0;1.0;0.0;0.0;A01
63272;201500042024;0;1;0;0.0;2.0;1.0;1.0;B01
63273;201500042024;2;7;0;0.0;2.0;2.0;1.0;Z01
63274;201500042026;0;7;0;1.0;0.0;9.0;1.0;A01
63275;201500042027;0;7;0;0.0;1.0;2.0;0.0;A01
63276;201500042028;0;1;0;0.0;2.0;1.0;5.0;B01
63277;201500042028;0;7;0;0.0;2.0;2.0;15.0;A01