;Num_Acc;senc;catv;occutc;obs;obsm;choc;manv;num_veh
64539;201500042890;0;14;0;0.0;0.0;4.0;23.0;C01
64540;201500042891;0;7;0;0.0;2.0;1.0;2.0;A01
64541;201500042891;0;7;0;0.0;0.0;1.0;2.0;B01
64542;201500042891;0;7;0;0.0;0.0;4.0;2.0;C01
64543;201500042892;0;7;0;0.0;2.0;1.0;2.0;A01
64544;201500042892;0;7;0;0.0;2.0;4.0;2.0;B01
64545;201500042892;0;7;0;0.0;2.0;4.0;2.0;C01
64546;201500042893;0;7;0;0.0;2.0;3.0;9.0;A01
64547;201500042893;0;7;0;0.0;2.0;2.0;1.0;B01
64548;201500042894;0;7;0;0.0;2.0;9.0;1.0;A01
64549;201500042894;0;33;0;0.0;2.0;3.0;17.0;B01
64550;201500042894;0;31;0;0.0;2.0;6.0;1.0;C01
64551;201500042895;1;30;0;0.0;0.0;0.0;0.0;A01
64552;201500042896;0;7;0;15.0;0.0;1.0;1.0;A01
64553;201500042898;0;1;0;0.0;0.0;0.0;0.0;A01
64554;201500042898;0;1;0;0.0;0.0;1.0;0.0;B01
64555;201500042898;0;1;0;0.0;0.0;1.0;0.0;C01
64556;201500042898;0;1;0;0.0;0.0;1.0;0.0;D01
64557;201500042899;0;7;0;0.0;1.0;2.0;1.0;A01
64558;201500042900;0;7;0;0.0;1.0;7.0;2.0;A01
64559;201500042902;1;7;0;0.0;1.0;0.0;0.0;A01
64560;201500042903;0;7;0;0.0;2.0;8.0;1.0;B01
64561;201500042903;0;7;0;0.0;2.0;1.0;1.0;A01
64562;201500042904;0;10;0;0.0;0.0;8.0;11.0;A01
64563;201500042904;0;33;0;0.0;0.0;1.0;1.0;B01
64564;201500042905;0;7;0;1.0;0.0;7.0;1.0;A01
64565;201500042906;0;7;0;0.0;2.0;1.0;2.0;A01
64566;201500042906;0;7;0;0.0;2.0;9.0;2.0;B01
64567;201500042906;0;7;0;0.0;2.0;4.0;23.0;C01
64568;201500042907;0;33;0;0.0;0.0;0.0;0.0;A01
64569;201500042908;1;10;0;0.0;9.0;2.0;12.0;A01
64570;201500042908;0;1;0;1.0;2.0;7.0;2.0;B01
64571;201500042909;0;7;0;0.0;2.0;7.0;1.0;A01
64572;201500042909;0;7;0;0.0;2.0;1.0;1.0;B01
64573;201500042910;0;7;0;0.0;2.0;1.0;1.0;A01
64574;201500042910;0;7;0;0.0;0.0;4.0;2.0;B01
64575;201500042912;0;1;0;0.0;2.0;7.0;0.0;B01
64576;201500042912;0;7;0;0.0;2.0;3.0;0.0;A01
64577;201500042913;0;7;0;0.0;0.0;2.0;15.0;A01
64578;201500042913;0;33;0;0.0;0.0;1.0;0.0;B01
64579;201500042914;2;7;0;0.0;2.0;5.0;15.0;A01
64580;201500042914;0;1;0;0.0;2.0;1.0;1.0;B01
64581;201500042915;0;7;0;11.0;0.0;3.0;0.0;A01
64582;201500042916;0;7;0;0.0;2.0;3.0;11.0;A01
64583;201500042916;0;7;0;0.0;2.0;7.0;1.0;B01
64584;201500042917;0;7;0;0.0;1.0;2.0;17.0;A01
64585;201500042918;0;7;0;0.0;2.0;3.0;1.0;B01
64586;201500042918;0;7;0;0.0;2.0;7.0;15.0;A01
64587;201500042919;0;34;0;6.0;0.0;2.0;20.0;A01
64588;201500042920;1;30;0;0.0;2.0;3.0;5.0;A01
64589;201500042920;0;7;0;0.0;2.0;2.0;16.0;B01
64590;201500042922;0;2;0;0.0;0.0;0.0;0.0;A01
64591;201500042923;0;7;0;0.0;2.0;1.0;1.0;A01
64592;201500042923;0;7;0;0.0;2.0;2.0;9.0;B01
64593;201500042924;0;7;0;0.0;2.0;1.0;2.0;A01
64594;201500042924;0;7;0;0.0;2.0;9.0;23.0;B01
64595;201500042924;0;7;0;0.0;2.0;4.0;23.0;C01
64596;201500042926;0;7;0;0.0;0.0;1.0;0.0;A01
64597;201500042926;0;31;0;0.0;0.0;4.0;0.0;B01
64598;201500042927;0;7;0;1.0;0.0;2.0;0.0;A01
64599;201500042928;2;7;0;0.0;2.0;1.0;2.0;A01
64600;201500042928;0;33;0;0.0;2.0;4.0;2.0;B01
64601;201500042929;0;7;0;0.0;1.0;1.0;1.0;A01
64602;201500042931;0;32;0;0.0;2.0;1.0;9.0;A01
64603;201500042931;0;10;0;0.0;2.0;6.0;1.0;B01
64604;201500042932;0;1;0;0.0;2.0;8.0;2.0;A01
64605;201500042932;0;2;0;0.0;9.0;7.0;2.0;B01
64606;201500042933;0;7;0;0.0;1.0;1.0;2.0;A01
64607;201500042934;0;7;0;0.0;2.0;3.0;15.0;A01
64608;201500042934;0;34;0;0.0;2.0;1.0;1.0;B01
64609;201500042936;0;7;0;0.0;2.0;3.0;11.0;A01
64610;201500042936;0;33;0;0.0;2.0;7.0;3.0;B01
64611;201500042937;0;33;0;0.0;2.0;1.0;1.0;A01
64612;201500042937;0;7;0;0.0;2.0;4.0;23.0;B01
64613;201500042938;0;2;0;0.0;2.0;8.0;2.0;A01
64614;201500042938;0;7;0;0.0;0.0;5.0;2.0;B01
64615;201500042939;0;7;0;0.0;1.0;4.0;4.0;A01
64616;201500042940;0;7;0;0.0;1.0;0.0;0.0;A01
64617;201500042941;0;10;0;0.0;2.0;3.0;0.0;B01
64618;201500042941;0;7;0;0.0;2.0;1.0;1.0;A01
64619;201500042942;0;32;0;8.0;0.0;1.0;1.0;A01
64620;201500042943;0;7;0;0.0;1.0;5.0;20.0;A01
64621;201500042944;0;7;0;0.0;1.0;2.0;17.0;A01
64622;201500042945;0;7;0;0.0;0.0;3.0;10.0;A01
64623;201500042945;0;33;0;0.0;0.0;1.0;17.0;B01
64624;201500042946;0;7;0;0.0;2.0;3.0;2.0;A01
64625;201500042946;0;7;0;15.0;0.0;4.0;15.0;B01
64626;201500042947;0;7;0;0.0;2.0;1.0;16.0;A01
64627;201500042947;0;7;0;0.0;0.0;6.0;1.0;B01
64628;201500042947;0;7;0;0.0;0.0;3.0;1.0;C01
64629;201500042948;0;7;0;0.0;1.0;1.0;15.0;A01
64630;201500042949;0;33;0;0.0;2.0;1.0;2.0;A01
64631;201500042949;0;10;0;0.0;2.0;1.0;2.0;B01
64632;201500042950;0;33;0;0.0;0.0;7.0;1.0;A01
64633;201500042951;0;37;0;0.0;1.0;1.0;19.0;A01
64634;201500042952;0;7;0;0.0;2.0;2.0;1.0;A01
64635;201500042952;0;2;0;0.0;1.0;1.0;1.0;B01
64636;201500042953;0;30;0;1.0;0.0;1.0;0.0;A01
64637;201500042954;0;7;0;0.0;2.0;6.0;10.0;A01
64638;201500042954;0;7;0;0.0;2.0;2.0;1.0;B01
64639;201500042955;0;7;0;0.0;2.0;6.0;1.0;B01
64640;201500042955;0;7;0;0.0;2.0;2.0;2.0;A01
64641;201500042957;0;1;0;0.0;0.0;0.0;1.0;A01
64642;201500042958;0;7;0;0.0;0.0;4.0;2.0;B01
64643;201500042958;0;7;0;0.0;2.0;1.0;2.0;A01
64644;201500042959;0;7;0;0.0;1.0;3.0;15.0;A01
64645;201500042960;0;30;0;0.0;0.0;8.0;0.0;A01
64646;201500042961;0;1;0;0.0;2.0;1.0;2.0;A01
64647;201500042961;0;7;0;0.0;9.0;4.0;1.0;B01
64648;201500042962;0;7;0;9.0;0.0;1.0;1.0;A01
64649;201500042963;0;33;0;4.0;0.0;8.0;3.0;A01
64650;201500042964;0;7;0;0.0;1.0;5.0;1.0;A01
64651;201500042965;0;7;0;0.0;2.0;1.0;1.0;A01
64652;201500042965;0;33;0;0.0;2.0;8.0;1.0;B01
64653;201500042966;0;7;0;0.0;1.0;3.0;1.0;A01
64654;201500042967;1;7;0;0.0;0.0;0.0;19.0;Z01
64655;201500042967;0;7;0;0.0;2.0;2.0;21.0;B01
64656;201500042967;0;7;0;0.0;2.0;6.0;21.0;A01
64657;201500042968;0;33;0;0.0;2.0;3.0;1.0;B01
64658;201500042968;0;7;0;0.0;2.0;7.0;1.0;A01
64659;201500042969;0;7;0;0.0;1.0;4.0;4.0;A01
64660;201500042970;0;7;0;0.0;2.0;3.0;15.0;B01
64661;201500042970;0;33;0;0.0;2.0;2.0;17.0;A01
64662;201500042971;2;7;0;0.0;2.0;2.0;2.0;A01
64663;201500042971;0;7;0;1.0;2.0;6.0;1.0;B01
64664;201500042972;0;2;0;0.0;2.0;1.0;17.0;A01
64665;201500042972;0;7;0;0.0;2.0;8.0;15.0;B01
64666;201500042973;0;7;0;0.0;1.0;6.0;4.0;A01
64667;201500042974;0;7;0;0.0;2.0;4.0;1.0;B01
64668;201500042974;0;7;0;0.0;2.0;1.0;1.0;A01
64669;201500042974;0;7;0;0.0;0.0;4.0;1.0;D01
64670;201500042974;0;7;0;0.0;2.0;4.0;1.0;C01
64671;201500042976;0;2;0;0.0;2.0;3.0;1.0;C01
64672;201500042976;0;7;0;0.0;2.0;2.0;15.0;A01
64673;201500042976;0;2;0;0.0;2.0;1.0;1.0;B01
64674;201500042977;0;7;0;0.0;2.0;3.0;15.0;B01
64675;201500042977;0;7;0;0.0;2.0;8.0;9.0;A01
64676;201500042978;0;7;0;0.0;2.0;8.0;10.0;A01
64677;201500042978;0;2;0;0.0;2.0;1.0;17.0;B01
64678;201500042979;0;7;0;0.0;1.0;1.0;0.0;A01
64679;201500042980;0;7;0;0.0;0.0;9.0;1.0;A01
64680;201500042981;0;2;0;0.0;0.0;2.0;0.0;A01
64681;201500042982;0;7;0;0.0;1.0;1.0;1.0;A01
64682;201500042983;0;34;0;0.0;0.0;0.0;0.0;A01
64683;201500042984;0;31;0;0.0;2.0;1.0;1.0;B01
64684;201500042984;0;7;0;0.0;2.0;2.0;11.0;A01
64685;201500042985;0;7;0;0.0;2.0;1.0;15.0;A01
64686;201500042985;0;2;0;0.0;2.0;1.0;0.0;B01
64687;201500042986;0;30;0;0.0;0.0;0.0;0.0;A01
64688;201500042988;0;2;0;1.0;0.0;1.0;1.0;A01
64689;201500042989;0;7;0;0.0;2.0;1.0;2.0;A01
64690;201500042989;0;7;0;0.0;2.0;4.0;2.0;B01
64691;201500042990;0;7;0;0.0;1.0;1.0;1.0;A01
64692;201500042991;0;7;0;0.0;1.0;2.0;1.0;A01
64693;201500042992;0;7;0;0.0;1.0;1.0;15.0;A01
64694;201500042993;0;7;0;0.0;1.0;3.0;1.0;A01
64695;201500042994;0;7;0;1.0;1.0;2.0;17.0;A01
64696;201500042995;0;7;0;0.0;2.0;1.0;1.0;A01
64697;201500042995;0;7;0;0.0;2.0;3.0;1.0;B01
64698;201500042996;0;7;0;15.0;0.0;1.0;2.0;A01
64699;201500042997;0;7;0;0.0;0.0;1.0;2.0;B01
64700;201500042997;0;7;0;0.0;0.0;4.0;2.0;C01
64701;201500042997;0;13;0;0.0;2.0;1.0;2.0;A01
64702;201500042997;0;7;0;0.0;0.0;4.0;2.0;D01
64703;201500042999;0;30;0;0.0;2.0;1.0;1.0;B01
64704;201500042999;0;7;0;0.0;2.0;3.0;9.0;A01
64705;201500043000;1;7;0;0.0;1.0;2.0;2.0;A01
64706;201500043001;0;7;0;0.0;2.0;8.0;1.0;C01
64707;201500043001;2;7;0;0.0;2.0;1.0;0.0;Z01
64708;201500043001;0;31;0;0.0;2.0;1.0;1.0;A01
64709;201500043002;1;1;0;0.0;1.0;0.0;1.0;A01
64710;201500043003;0;7;0;0.0;1.0;2.0;1.0;A01
64711;201500043004;0;7;0;0.0;1.0;2.0;1.0;A01
64712;201500043005;2;7;0;0.0;0.0;1.0;0.0;A01
64713;201500043005;0;7;0;0.0;0.0;8.0;0.0;B01
64714;201500043006;0;14;0;2.0;0.0;1.0;13.0;A01
64715;201500043007;0;7;0;12.0;2.0;1.0;0.0;A01
64716;201500043007;0;7;0;0.0;2.0;1.0;0.0;B01
64717;201500043008;0;7;0;0.0;1.0;3.0;1.0;A01
64718;201500043009;0;10;0;0.0;2.0;7.0;16.0;A01
64719;201500043009;0;1;0;0.0;2.0;1.0;1.0;B01
64720;201500043010;0;2;0;0.0;1.0;1.0;17.0;A01
64721;201500043011;0;7;0;0.0;1.0;1.0;19.0;A01
64722;201500043012;1;7;0;0.0;2.0;3.0;0.0;B01
64723;201500043012;0;7;0;0.0;2.0;2.0;0.0;A01
64724;201500043013;2;7;0;14.0;0.0;1.0;1.0;A01
64725;201500043014;0;7;0;0.0;2.0;8.0;1.0;B01
64726;201500043014;0;7;0;0.0;2.0;1.0;13.0;A01
64727;201500043015;0;7;0;0.0;2.0;1.0;0.0;B01
64728;201500043015;0;32;0;0.0;0.0;2.0;0.0;A01
64729;201500043016;0;1;0;0.0;1.0;1.0;1.0;A01
64730;201500043018;0;31;0;0.0;1.0;1.0;1.0;A01
64731;201500043019;0;7;0;0.0;1.0;2.0;2.0;A01
64732;201500043020;1;30;0;0.0;1.0;1.0;1.0;B01
64733;201500043021;0;14;0;0.0;2.0;7.0;16.0;A01
64734;201500043021;0;1;0;0.0;2.0;7.0;1.0;B01
64735;201500043022;0;32;0;0.0;2.0;1.0;17.0;B01
64736;201500043022;0;10;0;0.0;0.0;6.0;17.0;A01
64737;201500043023;0;7;0;0.0;2.0;0.0;16.0;A01
64738;201500043023;0;1;0;0.0;2.0;0.0;2.0;B01
64739;201500043024;0;2;0;0.0;2.0;1.0;1.0;B01
64740;201500043024;0;7;0;0.0;2.0;3.0;15.0;A01
64741;201500043025;0;7;0;0.0;1.0;3.0;1.0;A01
64742;201500043026;0;2;0;1.0;0.0;1.0;16.0;A01
64743;201500043028;2;7;0;0.0;0.0;3.0;9.0;A01
64744;201500043028;0;31;0;0.0;2.0;1.0;1.0;B01
64745;201500043029;0;10;0;0.0;1.0;2.0;1.0;B01
64746;201500043030;0;7;0;0.0;1.0;1.0;1.0;A01
64747;201500043031;0;7;0;0.0;2.0;2.0;2.0;A01
64748;201500043031;0;7;0;0.0;2.0;1.0;2.0;B01
64749;201500043032;0;30;0;0.0;2.0;0.0;1.0;B01
64750;201500043032;0;7;0;0.0;2.0;1.0;5.0;A01
64751;201500043034;0;7;0;0.0;2.0;1.0;1.0;B01
64752;201500043034;2;7;0;0.0;2.0;2.0;15.0;A01
64753;201500043035;0;7;0;0.0;1.0;1.0;1.0;A01
64754;201500043037;0;7;0;0.0;0.0;4.0;2.0;B01
64755;201500043037;0;7;0;0.0;2.0;1.0;2.0;A01
64756;201500043038;0;7;0;0.0;1.0;7.0;1.0;A01
64757;201500043039;0;33;0;0.0;0.0;1.0;2.0;B01
64758;201500043039;0;7;0;0.0;0.0;8.0;15.0;A01
64759;201500043040;0;2;0;0.0;9.0;5.0;2.0;B01
64760;201500043040;0;1;0;0.0;2.0;1.0;2.0;A01
64761;201500043041;0;3;0;0.0;0.0;7.0;22.0;A01
64762;201500043041;0;1;0;1.0;9.0;1.0;2.0;B01
64763;201500043042;0;7;0;0.0;2.0;8.0;21.0;B01
64764;201500043042;0;7;0;2.0;2.0;1.0;5.0;A01
64765;201500043043;0;37;0;0.0;0.0;2.0;1.0;B01
64766;201500043043;0;1;0;0.0;0.0;6.0;7.0;A01
64767;201500043044;0;34;0;0.0;2.0;5.0;0.0;A01
64768;201500043044;0;3;0;0.0;2.0;2.0;0.0;B01
64769;201500043046;1;37;0;0.0;1.0;3.0;1.0;Z01
64770;201500043047;0;99;0;0.0;0.0;7.0;24.0;A01
64771;201500043047;0;1;0;1.0;0.0;7.0;1.0;B01
64772;201500043048;0;31;0;12.0;0.0;8.0;2.0;A01
64773;201500043049;0;7;0;0.0;1.0;1.0;1.0;A01
64774;201500043050;0;30;0;0.0;2.0;8.0;1.0;B01
64775;201500043050;0;7;0;0.0;0.0;2.0;12.0;A01
64776;201500043052;0;10;0;0.0;1.0;4.0;4.0;A01
64777;201500043053;0;2;0;0.0;2.0;1.0;0.0;A01
64778;201500043053;0;7;0;0.0;2.0;3.0;0.0;B01
64779;201500043055;0;7;0;0.0;1.0;3.0;2.0;A01
64780;201500043056;0;7;0;1.0;0.0;3.0;1.0;A01
64781;201500043057;0;7;0;0.0;0.0;1.0;2.0;A01
64782;201500043057;0;7;0;0.0;0.0;4.0;1.0;B01
64783;201500043058;1;7;0;0.0;1.0;8.0;0.0;Z01
64784;201500043059;0;10;0;0.0;1.0;1.0;1.0;A01
64785;201500043061;0;10;0;0.0;0.0;1.0;1.0;A01
64786;201500043061;0;32;0;0.0;0.0;3.0;1.0;B01
64787;201500043062;0;7;0;0.0;1.0;3.0;15.0;A01
64788;201500043063;0;7;0;14.0;2.0;3.0;1.0;B01
64789;201500043063;0;32;0;14.0;2.0;1.0;1.0;A01
64790;201500043064;0;37;1;0.0;1.0;7.0;8.0;A01
64791;201500043065;0;34;0;0.0;2.0;1.0;2.0;A01
64792;201500043065;0;10;0;0.0;0.0;4.0;2.0;B01
64793;201500043066;0;7;0;0.0;0.0;6.0;11.0;A01
64794;201500043066;0;33;0;0.0;0.0;7.0;2.0;B01
64795;201500043067;0;7;0;0.0;2.0;4.0;2.0;B01
64796;201500043067;0;2;0;0.0;2.0;1.0;2.0;A01
64797;201500043068;0;7;0;0.0;2.0;2.0;0.0;B01
64798;201500043068;0;31;0;0.0;2.0;1.0;5.0;A01
64799;201500043069;0;33;0;0.0;1.0;8.0;0.0;A01
64800;201500043070;0;14;0;0.0;0.0;2.0;0.0;A01
64801;201500043070;0;34;0;0.0;0.0;4.0;0.0;B01
64802;201500043071;0;30;0;0.0;0.0;2.0;23.0;B01
64803;201500043071;0;1;0;0.0;0.0;1.0;0.0;A01
64804;201500043072;0;7;0;0.0;1.0;2.0;15.0;A01
64805;201500043073;0;7;0;0.0;2.0;3.0;15.0;A01
64806;201500043073;0;32;0;0.0;2.0;1.0;1.0;B01
64807;201500043074;0;10;0;15.0;0.0;1.0;0.0;A01
64808;201500043075;0;7;0;0.0;1.0;2.0;6.0;A01
64809;201500043076;0;34;0;1.0;0.0;1.0;1.0;A01
64810;201500043077;0;10;0;0.0;1.0;6.0;4.0;A01
64811;201500043079;0;7;0;0.0;1.0;1.0;1.0;B01
64812;201500043080;0;7;0;1.0;0.0;2.0;14.0;A01
64813;201500043081;0;10;0;0.0;1.0;2.0;0.0;A01
64814;201500043082;0;10;0;0.0;1.0;4.0;4.0;A01
64815;201500043083;0;31;0;0.0;2.0;2.0;18.0;A01
64816;201500043083;0;14;0;0.0;2.0;2.0;16.0;B01
64817;201500043084;0;7;0;0.0;2.0;2.0;10.0;A01
64818;201500043084;0;31;0;0.0;2.0;9.0;1.0;B01
64819;201500043085;0;30;0;0.0;2.0;1.0;1.0;A01
64820;201500043085;0;7;0;0.0;2.0;5.0;23.0;B01
64821;201500043086;0;37;1;1.0;0.0;7.0;1.0;A01
64822;201500043087;0;7;0;0.0;1.0;1.0;1.0;A01
64823;201500043088;0;7;0;0.0;2.0;9.0;1.0;A01
64824;201500043088;0;7;0;0.0;2.0;1.0;1.0;B01
64825;201500043089;0;30;0;0.0;1.0;9.0;1.0;A01
64826;201500043090;1;7;0;0.0;2.0;8.0;1.0;Z01
64827;201500043090;0;34;0;0.0;2.0;7.0;1.0;A01
64828;201500043091;0;7;0;0.0;1.0;1.0;1.0;A01
64829;201500043092;0;7;0;0.0;2.0;1.0;1.0;A01
64830;201500043092;0;7;0;0.0;0.0;0.0;1.0;B01
64831;201500043093;0;2;0;0.0;0.0;1.0;0.0;A01
64832;201500043093;0;7;0;0.0;0.0;1.0;0.0;B01
64833;201500043094;0;7;0;1.0;0.0;0.0;0.0;A01
64834;201500043095;0;7;0;0.0;1.0;1.0;1.0;A01
64835;201500043096;0;7;0;0.0;2.0;1.0;0.0;B01
64836;201500043096;0;10;0;0.0;2.0;7.0;15.0;A01
64837;201500043097;0;7;0;0.0;2.0;8.0;0.0;A01
64838;201500043097;0;14;0;0.0;2.0;5.0;0.0;B01
64839;201500043098;0;30;0;0.0;1.0;7.0;1.0;A01
64840;201500043099;0;33;0;0.0;2.0;4.0;12.0;A01
64841;201500043099;0;7;0;0.0;2.0;4.0;23.0;B01
64842;201500043100;0;7;0;0.0;0.0;7.0;0.0;A01
64843;201500043100;0;2;0;0.0;2.0;4.0;0.0;B01
64844;201500043101;0;3;0;0.0;2.0;2.0;1.0;B01
64845;201500043101;0;7;0;0.0;2.0;1.0;9.0;A01
64846;201500043102;0;7;0;0.0;1.0;2.0;0.0;A01
64847;201500043103;0;7;0;0.0;0.0;9.0;0.0;B01
64848;201500043103;0;7;0;0.0;2.0;4.0;1.0;C01
64849;201500043103;0;7;0;0.0;0.0;1.0;0.0;A01
64850;201500043104;2;7;0;8.0;0.0;1.0;1.0;A01
64851;201500043106;0;7;0;0.0;2.0;5.0;1.0;B01
64852;201500043106;0;33;0;1.0;0.0;1.0;0.0;A01
64853;201500043107;0;7;0;0.0;9.0;1.0;1.0;A01
64854;201500043107;0;1;0;1.0;2.0;4.0;19.0;B01
64855;201500043108;0;7;0;0.0;0.0;6.0;0.0;A01
64856;201500043108;0;2;0;0.0;0.0;1.0;0.0;B01
64857;201500043109;0;32;0;0.0;2.0;8.0;1.0;B01
64858;201500043109;0;7;0;0.0;2.0;2.0;15.0;A01
64859;201500043110;0;7;0;0.0;2.0;2.0;0.0;A01
64860;201500043110;0;31;0;0.0;2.0;1.0;0.0;B01
64861;201500043111;0;13;0;0.0;1.0;0.0;1.0;A01
64862;201500043112;0;7;0;0.0;1.0;3.0;1.0;A01
64863;201500043114;0;7;0;1.0;0.0;1.0;1.0;A01
64864;201500043115;0;7;0;1.0;2.0;2.0;1.0;A01
64865;201500043115;0;7;0;0.0;0.0;7.0;0.0;C01
64866;201500043115;0;7;0;0.0;2.0;3.0;1.0;B01
64867;201500043116;0;7;0;0.0;2.0;3.0;0.0;A01
64868;201500043116;0;33;0;0.0;2.0;6.0;0.0;B01
64869;201500043117;0;7;0;0.0;1.0;7.0;17.0;A01
64870;201500043118;0;30;0;0.0;2.0;1.0;17.0;A01
64871;201500043118;0;7;0;0.0;2.0;3.0;10.0;B01
64872;201500043119;0;10;0;0.0;0.0;8.0;0.0;A01
64873;201500043119;0;33;0;0.0;0.0;2.0;0.0;B01
64874;201500043120;0;7;0;0.0;2.0;1.0;1.0;B01
64875;201500043120;0;7;0;0.0;2.0;8.0;15.0;A01
64876;201500043121;0;7;0;0.0;9.0;4.0;23.0;B01
64877;201500043121;0;30;0;1.0;0.0;1.0;1.0;A01
64878;201500043122;0;7;0;8.0;0.0;1.0;0.0;A01
64879;201500043123;0;7;0;0.0;0.0;1.0;0.0;A01
64880;201500043124;0;7;0;0.0;0.0;4.0;0.0;A01
64881;201500043124;0;10;0;0.0;0.0;1.0;0.0;B01
64882;201500043125;0;7;0;0.0;2.0;4.0;11.0;B01
64883;201500043125;0;7;0;0.0;2.0;1.0;1.0;A01
64884;201500043127;0;7;0;0.0;2.0;3.0;10.0;A01
64885;201500043127;0;33;0;0.0;2.0;1.0;1.0;B01
64886;201500043128;0;33;0;0.0;2.0;8.0;1.0;B01
64887;201500043128;0;7;0;8.0;2.0;1.0;1.0;A01
64888;201500043129;0;2;0;0.0;0.0;1.0;0.0;A01
64889;201500043129;0;1;0;0.0;2.0;0.0;19.0;B01
64890;201500043130;0;7;0;0.0;2.0;1.0;1.0;A01
64891;201500043130;0;10;0;0.0;2.0;4.0;23.0;B01
64892;201500043131;0;2;0;0.0;1.0;1.0;0.0;A01
64893;201500043132;0;7;0;0.0;1.0;2.0;0.0;A01
64894;201500043133;0;7;0;0.0;2.0;1.0;1.0;A01
64895;201500043133;0;7;0;0.0;2.0;1.0;1.0;C01
64896;201500043133;0;1;0;0.0;2.0;1.0;1.0;B01
64897;201500043134;0;1;0;0.0;2.0;7.0;0.0;A01
64898;201500043134;0;7;0;0.0;9.0;3.0;0.0;B01
64899;201500043135;0;7;0;2.0;0.0;0.0;0.0;A01
64900;201500043136;0;7;0;0.0;2.0;3.0;1.0;A01
64901;201500043136;0;7;0;0.0;2.0;1.0;1.0;B01
64902;201500043137;0;33;0;0.0;0.0;7.0;0.0;B01
64903;201500043137;0;7;0;0.0;0.0;3.0;11.0;A01
64904;201500043139;0;7;0;0.0;2.0;1.0;1.0;A01
64905;201500043139;0;7;0;0.0;2.0;4.0;23.0;B01
64906;201500043140;0;7;0;0.0;2.0;1.0;0.0;A01
64907;201500043140;0;7;0;0.0;2.0;4.0;0.0;B01
64908;201500043141;0;30;0;0.0;2.0;1.0;1.0;B01
64909;201500043141;2;34;0;0.0;2.0;1.0;1.0;Z01
64910;201500043143;0;7;0;0.0;1.0;1.0;1.0;A01
64911;201500043144;0;7;0;8.0;2.0;2.0;1.0;A01
64912;201500043144;0;37;0;0.0;2.0;3.0;13.0;B01
64913;201500043145;0;7;0;0.0;0.0;3.0;0.0;A01
64914;201500043145;0;7;0;0.0;0.0;3.0;0.0;B01
64915;201500043146;0;7;0;0.0;1.0;0.0;1.0;A01
64916;201500043147;0;7;0;0.0;2.0;1.0;1.0;A01
64917;201500043147;0;7;0;0.0;2.0;3.0;16.0;B01
64918;201500043148;0;7;0;0.0;1.0;1.0;1.0;A01
64919;201500043149;0;7;0;0.0;2.0;3.0;15.0;A01
64920;201500043149;0;34;0;1.0;2.0;2.0;2.0;B01
64921;201500043150;0;30;0;8.0;0.0;2.0;0.0;A01
64922;201500043151;0;7;0;0.0;2.0;7.0;10.0;A01
64923;201500043151;0;33;0;0.0;2.0;8.0;1.0;B01
64924;201500043152;0;33;0;0.0;1.0;1.0;17.0;A01
64925;201500043155;0;2;0;0.0;2.0;1.0;1.0;B01
64926;201500043155;0;7;0;0.0;2.0;5.0;12.0;A01
64927;201500043156;0;7;0;0.0;1.0;1.0;1.0;A01
64928;201500043157;0;10;0;0.0;2.0;3.0;10.0;A01
64929;201500043157;0;7;0;0.0;2.0;2.0;1.0;B01
64930;201500043158;0;7;0;0.0;2.0;3.0;15.0;B01
64931;201500043158;0;2;0;0.0;2.0;2.0;3.0;A01
64932;201500043159;0;7;0;0.0;2.0;3.0;15.0;B01
64933;201500043159;0;2;0;0.0;2.0;2.0;3.0;A01
64934;201500043160;0;10;0;0.0;0.0;4.0;23.0;B01
64935;201500043160;0;10;0;0.0;2.0;1.0;0.0;A01
64936;201500043160;0;7;0;0.0;0.0;4.0;23.0;C01
64937;201500043161;0;7;0;0.0;2.0;3.0;1.0;B01
64938;201500043161;0;7;0;0.0;2.0;3.0;13.0;A01
64939;201500043162;0;7;0;0.0;0.0;8.0;1.0;B01
64940;201500043162;0;3;0;0.0;2.0;1.0;13.0;A01
64941;201500043163;0;7;0;0.0;2.0;8.0;22.0;A01
64942;201500043163;0;1;0;1.0;0.0;7.0;3.0;Z01
64943;201500043164;0;33;0;0.0;2.0;8.0;2.0;B01
64944;201500043164;0;7;0;0.0;2.0;2.0;9.0;A01
64945;201500043165;0;7;0;0.0;0.0;3.0;13.0;A01
64946;201500043165;0;7;0;0.0;0.0;3.0;1.0;B01
64947;201500043166;0;2;0;0.0;1.0;1.0;1.0;A01
64948;201500043167;1;7;0;0.0;1.0;2.0;0.0;A01
64949;201500043168;0;7;0;0.0;0.0;6.0;15.0;A01
64950;201500043168;0;99;0;0.0;0.0;4.0;4.0;B01
64951;201500043169;0;33;0;0.0;1.0;1.0;17.0;A01
64952;201500043171;0;7;0;0.0;2.0;1.0;2.0;A01
64953;201500043171;0;10;0;0.0;2.0;6.0;2.0;B01
64954;201500043173;0;7;0;0.0;1.0;2.0;15.0;A01
64955;201500043174;0;7;0;0.0;1.0;2.0;1.0;A01
64956;201500043175;0;7;0;0.0;1.0;6.0;4.0;A01
64957;201500043176;0;30;0;0.0;2.0;1.0;0.0;B01
64958;201500043176;0;10;0;12.0;2.0;6.0;23.0;C01
64959;201500043176;0;10;0;0.0;2.0;2.0;11.0;A01