;Num_Acc;senc;catv;occutc;obs;obsm;choc;manv;num_veh
64960;201500043177;0;7;0;0.0;1.0;3.0;1.0;A01
64961;201500043178;0;7;0;0.0;1.0;3.0;0.0;A01
64962;201500043180;0;31;0;0.0;0.0;1.0;1.0;A01
64963;201500043180;0;7;0;0.0;0.0;5.0;1.0;B01
64964;201500043181;0;7;0;0.0;2.0;1.0;1.0;A01
64965;201500043181;0;7;0;0.0;2.0;6.0;1.0;B01
64966;201500043182;0;7;0;0.0;1.0;2.0;2.0;A01
64967;201500043183;0;7;0;0.0;0.0;1.0;4.0;A01
64968;201500043183;0;1;0;0.0;0.0;0.0;0.0;B01
64969;201500043184;0;7;0;0.0;1.0;7.0;15.0;A01
64970;201500043185;0;1;0;0.0;2.0;1.0;16.0;A01
64971;201500043185;0;1;0;0.0;2.0;1.0;15.0;B01
64972;201500043187;0;10;0;0.0;1.0;4.0;4.0;A01
64973;201500043188;0;30;0;1.0;0.0;1.0;2.0;A01
64974;201500043189;0;7;0;0.0;9.0;5.0;23.0;B01
64975;201500043189;0;1;0;0.0;0.0;3.0;18.0;A01
64976;201500043190;0;7;0;1.0;0.0;3.0;2.0;A01
64977;201500043191;0;2;0;14.0;2.0;1.0;17.0;A01
64978;201500043191;0;7;0;0.0;2.0;4.0;23.0;B01
64979;201500043192;0;10;0;0.0;0.0;0.0;16.0;A01
64980;201500043192;0;30;0;0.0;0.0;8.0;16.0;B01
64981;201500043194;0;7;0;0.0;2.0;1.0;15.0;A01
64982;201500043194;0;2;0;0.0;2.0;1.0;1.0;B01
64983;201500043195;0;7;0;0.0;1.0;2.0;0.0;A01
64984;201500043196;0;10;0;0.0;2.0;4.0;2.0;B01
64985;201500043196;0;30;0;0.0;2.0;1.0;2.0;A01
64986;201500043197;0;7;0;0.0;1.0;8.0;1.0;A01
64987;201500043198;0;7;0;0.0;1.0;3.0;15.0;A01
64988;201500043199;0;34;0;0.0;2.0;3.0;1.0;B01
64989;201500043199;0;7;0;0.0;2.0;2.0;15.0;A01
64990;201500043200;0;34;0;0.0;2.0;1.0;1.0;B01
64991;201500043200;0;7;0;0.0;2.0;2.0;15.0;A01
64992;201500043201;0;1;0;0.0;1.0;1.0;1.0;A01
64993;201500043202;0;7;0;0.0;1.0;2.0;2.0;A01
64994;201500043203;0;7;0;0.0;2.0;1.0;2.0;A01
64995;201500043203;0;7;0;0.0;0.0;4.0;2.0;B01
64996;201500043204;0;38;0;0.0;1.0;1.0;1.0;A01
64997;201500043205;0;2;0;0.0;2.0;1.0;2.0;B01
64998;201500043205;0;7;0;0.0;0.0;6.0;10.0;A01
64999;201500043206;0;7;0;0.0;1.0;2.0;1.0;A01
65000;201500043207;0;1;0;0.0;2.0;4.0;2.0;B01
65001;201500043207;0;7;0;0.0;2.0;7.0;2.0;A01
65002;201500043208;0;7;0;0.0;2.0;1.0;0.0;A01
65003;201500043208;0;7;0;0.0;0.0;3.0;0.0;B01
65004;201500043209;0;10;0;0.0;2.0;1.0;2.0;A01
65005;201500043209;0;7;0;0.0;0.0;4.0;2.0;B01
65006;201500043210;0;2;0;0.0;1.0;1.0;2.0;A01
65007;201500043211;0;7;0;0.0;0.0;1.0;0.0;A01
65008;201500043211;0;34;0;0.0;0.0;0.0;0.0;B01
65009;201500043212;0;32;0;0.0;1.0;1.0;2.0;A01
65010;201500043213;0;7;0;0.0;2.0;2.0;15.0;A01
65011;201500043213;0;30;0;0.0;2.0;1.0;0.0;B01
65012;201500043214;0;32;0;0.0;2.0;1.0;0.0;A01
65013;201500043214;0;7;0;0.0;2.0;4.0;2.0;B01
65014;201500043215;0;7;0;0.0;2.0;3.0;10.0;A01
65015;201500043215;0;33;0;0.0;2.0;1.0;3.0;B01
65016;201500043217;0;7;0;0.0;2.0;4.0;23.0;A01
65017;201500043217;0;7;0;0.0;2.0;1.0;2.0;B01
65018;201500043218;0;7;0;0.0;2.0;8.0;15.0;A01
65019;201500043218;0;31;0;0.0;2.0;7.0;17.0;B01
65020;201500043219;0;7;0;0.0;2.0;1.0;1.0;A01
65021;201500043219;0;7;0;0.0;2.0;4.0;1.0;B01
65022;201500043220;0;30;0;0.0;0.0;1.0;1.0;B01
65023;201500043220;0;7;0;0.0;0.0;7.0;2.0;A01
65024;201500043221;0;7;0;0.0;2.0;1.0;2.0;A01
65025;201500043221;0;10;0;2.0;0.0;4.0;23.0;B01
65026;201500043222;0;30;0;0.0;2.0;7.0;19.0;A01
65027;201500043222;0;7;0;0.0;2.0;5.0;1.0;B01
65028;201500043224;0;7;0;0.0;2.0;1.0;1.0;B01
65029;201500043224;0;7;0;0.0;2.0;1.0;1.0;A01
65030;201500043225;0;7;0;1.0;0.0;1.0;20.0;A01
65031;201500043225;0;7;0;0.0;1.0;8.0;0.0;B01
65032;201500043226;0;7;0;0.0;2.0;2.0;1.0;A01
65033;201500043226;0;7;0;0.0;2.0;3.0;15.0;B01
65034;201500043227;0;2;0;0.0;2.0;2.0;3.0;A01
65035;201500043227;0;10;0;0.0;2.0;3.0;15.0;B01
65036;201500043228;0;7;0;0.0;1.0;3.0;1.0;A01
65037;201500043229;0;33;0;0.0;2.0;0.0;2.0;B01
65038;201500043229;0;7;0;0.0;2.0;3.0;13.0;A01
65039;201500043230;0;15;0;0.0;1.0;2.0;1.0;A01
65040;201500043232;0;10;0;0.0;2.0;2.0;2.0;B01
65041;201500043232;0;7;0;0.0;2.0;3.0;9.0;A01
65042;201500043233;0;2;0;0.0;2.0;1.0;2.0;A01
65043;201500043233;0;7;0;0.0;0.0;7.0;16.0;B01
65044;201500043234;0;7;0;0.0;1.0;0.0;0.0;A01
65045;201500043236;0;2;0;0.0;2.0;1.0;3.0;A01
65046;201500043236;0;7;0;0.0;2.0;3.0;15.0;B01
65047;201500043237;0;7;0;0.0;0.0;5.0;2.0;A01
65048;201500043237;0;10;0;0.0;2.0;3.0;2.0;B01
65049;201500043238;0;33;0;0.0;2.0;7.0;1.0;B01
65050;201500043238;0;7;0;0.0;2.0;8.0;15.0;A01
65051;201500043239;0;10;0;0.0;1.0;3.0;15.0;A01
65052;201500043240;0;7;0;0.0;1.0;2.0;1.0;A01
65053;201500043241;0;7;0;0.0;2.0;8.0;13.0;B01
65054;201500043241;0;31;0;0.0;2.0;1.0;1.0;A01
65055;201500043243;0;7;0;0.0;2.0;3.0;15.0;B02
65056;201500043243;0;7;0;0.0;2.0;8.0;1.0;A01
65057;201500043244;0;7;0;8.0;2.0;1.0;1.0;A01
65058;201500043244;0;7;0;0.0;0.0;6.0;23.0;B01
65059;201500043245;0;33;0;0.0;2.0;3.0;7.0;B01
65060;201500043245;0;7;0;0.0;2.0;2.0;15.0;A01
65061;201500043246;0;7;0;0.0;2.0;3.0;15.0;A01
65062;201500043246;0;2;0;0.0;2.0;2.0;17.0;B01
65063;201500043247;0;7;0;0.0;2.0;3.0;1.0;B01
65064;201500043247;0;7;0;0.0;2.0;1.0;15.0;A01
65065;201500043250;0;7;0;0.0;1.0;3.0;1.0;A01
65066;201500043252;0;7;0;0.0;2.0;3.0;1.0;B01
65067;201500043252;0;10;0;0.0;2.0;2.0;16.0;A01
65068;201500043253;0;7;0;0.0;1.0;2.0;1.0;A01
65069;201500043254;0;7;0;0.0;1.0;2.0;16.0;A01
65070;201500043255;0;7;0;0.0;2.0;2.0;16.0;A01
65071;201500043255;0;1;0;0.0;2.0;1.0;5.0;Z01
65072;201500043256;0;1;0;1.0;0.0;1.0;1.0;Z01
65073;201500043257;0;37;0;0.0;2.0;5.0;16.0;B01
65074;201500043257;0;7;0;0.0;2.0;3.0;2.0;A01
65075;201500043258;0;7;0;0.0;1.0;1.0;1.0;A01
65076;201500043261;0;31;0;0.0;2.0;1.0;2.0;A01
65077;201500043261;0;7;0;0.0;2.0;8.0;15.0;B01
65078;201500043262;0;32;0;0.0;2.0;1.0;21.0;A01
65079;201500043262;0;10;0;0.0;2.0;3.0;15.0;B01
65080;201500043263;0;33;0;0.0;2.0;8.0;1.0;B01
65081;201500043263;0;7;0;0.0;2.0;1.0;15.0;A01
65082;201500043264;0;7;0;0.0;1.0;1.0;1.0;A01
65083;201500043265;0;7;0;0.0;0.0;4.0;2.0;B01
65084;201500043265;0;7;0;0.0;2.0;1.0;2.0;A01
65085;201500043266;0;1;0;0.0;2.0;1.0;5.0;A01
65086;201500043266;0;3;0;0.0;2.0;3.0;16.0;B01
65087;201500043267;0;14;0;0.0;2.0;2.0;1.0;A01
65088;201500043267;0;33;0;0.0;2.0;3.0;3.0;B01
65089;201500043268;0;7;0;0.0;1.0;7.0;1.0;B01
65090;201500043268;0;10;0;0.0;2.0;1.0;1.0;A01
65091;201500043269;0;33;0;0.0;2.0;1.0;1.0;B01
65092;201500043269;0;7;0;0.0;2.0;3.0;15.0;A01
65093;201500043270;0;7;0;0.0;2.0;1.0;1.0;B01
65094;201500043270;1;2;0;0.0;2.0;6.0;15.0;A01
65095;201500043271;0;7;0;0.0;1.0;2.0;16.0;A01
65096;201500043272;0;7;0;0.0;1.0;3.0;1.0;A01
65097;201500043273;0;7;0;3.0;2.0;6.0;15.0;A01
65098;201500043273;0;7;0;0.0;2.0;3.0;1.0;B01
65099;201500043275;0;7;0;0.0;2.0;6.0;15.0;B01
65100;201500043275;0;34;0;0.0;2.0;7.0;1.0;A01
65101;201500043276;0;7;0;0.0;9.0;1.0;0.0;A01
65102;201500043276;0;30;0;0.0;0.0;4.0;23.0;B01
65103;201500043278;0;7;0;0.0;2.0;1.0;2.0;A01
65104;201500043278;0;7;0;0.0;2.0;4.0;1.0;B01
65105;201500043278;0;7;0;0.0;2.0;4.0;1.0;C01
65106;201500043279;0;10;0;0.0;9.0;3.0;2.0;A01
65107;201500043279;0;1;0;0.0;0.0;4.0;17.0;B01
65108;201500043280;0;33;0;0.0;0.0;6.0;15.0;B01
65109;201500043280;0;7;0;0.0;2.0;2.0;15.0;A01
65110;201500043281;0;7;0;0.0;2.0;3.0;2.0;B01
65111;201500043281;0;7;0;0.0;2.0;3.0;13.0;A01
65112;201500043283;0;7;0;0.0;1.0;3.0;1.0;A01
65113;201500043284;0;33;0;0.0;2.0;1.0;1.0;B01
65114;201500043284;0;7;0;0.0;2.0;1.0;15.0;A01
65115;201500043285;0;10;0;0.0;1.0;2.0;15.0;A01
65116;201500043286;0;7;0;0.0;2.0;4.0;1.0;B01
65117;201500043286;0;30;0;0.0;2.0;1.0;2.0;A01
65118;201500043287;0;7;0;0.0;2.0;3.0;9.0;A01
65119;201500043287;0;3;0;0.0;2.0;2.0;1.0;B01
65120;201500043289;0;7;0;0.0;1.0;3.0;15.0;A01
65121;201500043290;0;7;0;0.0;2.0;0.0;0.0;B01
65122;201500043290;0;7;0;0.0;2.0;3.0;1.0;A01
65123;201500043291;0;31;0;0.0;2.0;1.0;1.0;B01
65124;201500043291;0;7;0;0.0;2.0;3.0;15.0;A01
65125;201500043292;0;2;0;0.0;2.0;1.0;1.0;B01
65126;201500043292;0;7;0;0.0;2.0;2.0;15.0;A01
65127;201500043293;0;7;0;0.0;2.0;2.0;1.0;A01
65128;201500043293;0;2;0;0.0;2.0;8.0;1.0;B01
65129;201500043294;0;7;0;0.0;2.0;3.0;15.0;A01
65130;201500043294;0;30;0;0.0;2.0;0.0;1.0;B01
65131;201500043295;0;7;0;0.0;1.0;3.0;0.0;A01
65132;201500043296;0;7;0;0.0;1.0;2.0;16.0;A01
65133;201500043297;0;7;0;0.0;1.0;3.0;1.0;A01
65134;201500043298;0;2;0;0.0;2.0;3.0;0.0;A01
65135;201500043298;0;7;0;0.0;2.0;6.0;15.0;B01
65136;201500043299;0;7;0;0.0;1.0;1.0;2.0;A01
65137;201500043300;0;7;0;0.0;2.0;0.0;1.0;B01
65138;201500043300;0;7;0;0.0;2.0;8.0;1.0;A01
65139;201500043301;0;34;0;0.0;2.0;1.0;1.0;A01
65140;201500043301;0;7;0;0.0;2.0;1.0;1.0;B01
65141;201500043304;0;1;0;0.0;2.0;8.0;1.0;B01
65142;201500043304;0;7;0;0.0;2.0;0.0;1.0;A01
65143;201500043305;0;7;0;0.0;2.0;5.0;15.0;A01
65144;201500043305;0;33;0;0.0;2.0;1.0;1.0;B01
65145;201500043306;0;2;0;0.0;0.0;9.0;15.0;A01
65146;201500043307;0;7;0;0.0;2.0;1.0;1.0;A01
65147;201500043307;0;10;0;0.0;2.0;4.0;1.0;B01
65148;201500043308;0;7;0;0.0;2.0;3.0;1.0;B01
65149;201500043308;0;7;0;0.0;2.0;7.0;1.0;A01
65150;201500043309;0;33;0;1.0;0.0;2.0;21.0;A01
65151;201500043310;0;10;0;8.0;2.0;2.0;1.0;A01
65152;201500043310;0;33;0;0.0;2.0;1.0;0.0;B01
65153;201500043311;0;37;0;0.0;1.0;7.0;1.0;A01
65154;201500043312;0;32;0;0.0;2.0;0.0;1.0;A01
65155;201500043312;0;7;0;0.0;2.0;0.0;15.0;B01
65156;201500043313;0;7;0;0.0;1.0;7.0;2.0;A01
65157;201500043314;0;7;0;0.0;2.0;6.0;15.0;A01
65158;201500043314;0;33;0;0.0;2.0;1.0;17.0;B01
65159;201500043315;0;7;0;0.0;2.0;1.0;0.0;B01
65160;201500043315;0;7;0;0.0;2.0;1.0;1.0;A01
65161;201500043316;0;7;0;0.0;2.0;1.0;1.0;B01
65162;201500043316;0;7;0;8.0;2.0;7.0;1.0;A01
65163;201500043317;0;7;0;0.0;9.0;3.0;15.0;A01
65164;201500043317;0;1;0;0.0;2.0;0.0;0.0;B01
65165;201500043318;0;7;0;0.0;2.0;2.0;1.0;A01
65166;201500043318;0;7;0;12.0;2.0;3.0;0.0;B01
65167;201500043319;0;33;0;0.0;2.0;0.0;2.0;B01
65168;201500043319;0;7;0;0.0;2.0;2.0;1.0;A01
65169;201500043320;0;33;0;0.0;2.0;1.0;17.0;A01
65170;201500043320;0;7;0;0.0;2.0;6.0;15.0;B01
65171;201500043322;0;7;0;0.0;2.0;2.0;15.0;A01
65172;201500043322;0;7;0;0.0;2.0;1.0;1.0;B01
65173;201500043323;0;33;0;0.0;2.0;0.0;1.0;A01
65174;201500043323;0;7;0;0.0;2.0;3.0;0.0;B01
65175;201500043324;0;7;0;0.0;1.0;1.0;2.0;A01
65176;201500043325;0;7;0;8.0;0.0;1.0;1.0;A01
65177;201500043327;0;7;0;0.0;2.0;3.0;1.0;B01
65178;201500043327;0;7;0;0.0;2.0;1.0;1.0;A01
65179;201500043328;0;7;0;0.0;1.0;0.0;1.0;A01
65180;201500043329;0;7;0;0.0;1.0;2.0;1.0;A01
65181;201500043330;0;1;0;0.0;2.0;1.0;1.0;B01
65182;201500043330;0;7;0;0.0;9.0;2.0;1.0;A01
65183;201500043331;0;2;0;1.0;2.0;2.0;17.0;A01
65184;201500043331;0;7;0;0.0;2.0;8.0;2.0;B01
65185;201500043332;0;33;0;0.0;2.0;1.0;1.0;B01
65186;201500043332;0;30;0;0.0;2.0;1.0;5.0;A01
65187;201500043333;0;1;0;0.0;1.0;0.0;16.0;A01
65188;201500043334;0;7;0;0.0;2.0;2.0;1.0;A01
65189;201500043334;0;33;0;0.0;2.0;1.0;1.0;B01
65190;201500043335;0;7;0;0.0;2.0;6.0;4.0;A01
65191;201500043335;0;33;0;0.0;2.0;1.0;1.0;B01
65192;201500043336;0;7;0;0.0;2.0;3.0;9.0;A01
65193;201500043336;0;3;0;0.0;2.0;2.0;2.0;B01
65194;201500043336;0;7;0;0.0;2.0;6.0;1.0;C01
65195;201500043336;0;7;0;0.0;2.0;8.0;1.0;D01
65196;201500043337;0;7;0;0.0;9.0;1.0;1.0;A01
65197;201500043337;0;1;0;0.0;2.0;0.0;1.0;B01
65198;201500043338;0;7;0;0.0;2.0;4.0;2.0;A01
65199;201500043338;0;33;0;0.0;2.0;1.0;2.0;B01
65200;201500043339;0;33;0;0.0;2.0;7.0;1.0;A01
65201;201500043339;0;7;0;0.0;2.0;1.0;13.0;B01
65202;201500043340;0;10;0;0.0;9.0;1.0;0.0;A01
65203;201500043340;0;1;0;0.0;2.0;0.0;0.0;B01
65204;201500043342;0;7;0;8.0;1.0;1.0;0.0;A01
65205;201500043343;0;7;0;0.0;0.0;0.0;0.0;A01
65206;201500043344;0;7;0;0.0;1.0;1.0;15.0;A01
65207;201500043345;0;7;0;0.0;2.0;3.0;15.0;A01
65208;201500043345;0;2;0;0.0;2.0;1.0;1.0;B01
65209;201500043346;0;1;0;0.0;2.0;1.0;0.0;A01
65210;201500043346;0;7;0;0.0;2.0;0.0;1.0;B01
65211;201500043347;0;34;0;0.0;2.0;1.0;2.0;A01
65212;201500043347;0;7;0;0.0;2.0;2.0;15.0;B01
65213;201500043348;0;1;0;0.0;2.0;1.0;1.0;A01
65214;201500043348;0;7;0;0.0;2.0;4.0;1.0;B01
65215;201500043349;0;7;0;0.0;2.0;2.0;1.0;A01
65216;201500043349;0;7;0;0.0;2.0;3.0;1.0;B01
65217;201500043350;0;7;0;0.0;2.0;8.0;15.0;A01
65218;201500043350;0;33;0;0.0;2.0;5.0;1.0;B01
65219;201500043351;0;7;0;1.0;0.0;1.0;1.0;A01
65220;201500043352;0;7;0;0.0;2.0;5.0;1.0;B01
65221;201500043352;0;33;0;0.0;2.0;1.0;1.0;A01
65222;201500043353;0;1;0;0.0;0.0;0.0;1.0;A01
65223;201500043354;0;7;0;0.0;2.0;1.0;1.0;A01
65224;201500043354;0;30;0;0.0;2.0;4.0;1.0;B01
65225;201500043355;0;7;0;0.0;2.0;8.0;1.0;B01
65226;201500043355;0;10;0;0.0;2.0;1.0;1.0;A01
65227;201500043356;0;37;0;0.0;1.0;7.0;1.0;A01
65228;201500043357;0;33;0;0.0;2.0;1.0;1.0;A01
65229;201500043357;0;7;0;8.0;2.0;1.0;1.0;B01
65230;201500043359;0;7;0;0.0;2.0;1.0;15.0;A01
65231;201500043359;0;32;0;0.0;2.0;0.0;0.0;B01
65232;201500043360;0;7;0;0.0;2.0;3.0;10.0;A01
65233;201500043360;0;33;0;0.0;2.0;3.0;2.0;B01
65234;201500043361;0;7;0;0.0;2.0;4.0;23.0;B01
65235;201500043361;0;7;0;0.0;2.0;4.0;23.0;C01
65236;201500043361;0;7;0;0.0;2.0;1.0;2.0;A01
65237;201500043362;0;30;0;0.0;2.0;1.0;1.0;A01
65238;201500043362;0;7;0;0.0;2.0;3.0;1.0;B01
65239;201500043363;0;7;0;0.0;2.0;3.0;2.0;B01
65240;201500043363;0;7;0;0.0;1.0;5.0;1.0;A01
65241;201500043364;0;7;0;0.0;1.0;1.0;15.0;A01
65242;201500043365;0;7;0;0.0;0.0;6.0;1.0;B01
65243;201500043365;0;2;0;0.0;2.0;1.0;1.0;A01
65244;201500043366;0;7;0;0.0;1.0;2.0;1.0;A01
65245;201500043367;0;10;0;0.0;2.0;1.0;2.0;A01
65246;201500043367;0;33;0;0.0;2.0;8.0;9.0;B01
65247;201500043368;0;2;0;0.0;0.0;1.0;14.0;A01
65248;201500043369;0;7;0;0.0;2.0;1.0;2.0;A01
65249;201500043369;0;7;0;0.0;0.0;4.0;23.0;B01
65250;201500043370;0;7;0;0.0;2.0;1.0;1.0;A01
65251;201500043370;0;7;0;0.0;2.0;3.0;15.0;B01
65252;201500043371;0;7;0;0.0;2.0;6.0;10.0;A01
65253;201500043371;0;30;0;0.0;2.0;1.0;1.0;B01
65254;201500043372;0;10;0;0.0;2.0;1.0;2.0;A01
65255;201500043372;0;7;0;0.0;0.0;8.0;1.0;B01
65256;201500043373;0;7;0;0.0;2.0;3.0;0.0;B01
65257;201500043373;0;7;0;0.0;2.0;1.0;17.0;A01
65258;201500043374;0;10;0;0.0;1.0;2.0;1.0;A01
65259;201500043375;0;7;0;0.0;1.0;3.0;1.0;A01
65260;201500043376;0;33;0;14.0;2.0;3.0;21.0;A01
65261;201500043376;0;7;0;0.0;0.0;5.0;15.0;B01
65262;201500043377;0;1;0;1.0;0.0;1.0;1.0;B01
65263;201500043377;0;7;0;0.0;2.0;3.0;22.0;A01
65264;201500043378;0;7;0;0.0;2.0;1.0;2.0;A01
65265;201500043378;0;33;0;0.0;0.0;6.0;15.0;B01
65266;201500043379;0;7;0;0.0;2.0;3.0;1.0;B01
65267;201500043379;0;7;0;0.0;2.0;2.0;1.0;A01
65268;201500043380;0;7;0;0.0;1.0;1.0;1.0;A01
65269;201500043381;0;33;0;0.0;2.0;2.0;17.0;B01
65270;201500043381;0;7;0;0.0;2.0;6.0;23.0;A01
65271;201500043382;0;7;0;0.0;2.0;1.0;1.0;A01
65272;201500043382;0;7;0;0.0;2.0;4.0;2.0;B01
65273;201500043383;0;7;0;1.0;2.0;7.0;1.0;A01
65274;201500043383;0;7;0;0.0;2.0;1.0;1.0;B01
65275;201500043384;0;7;0;0.0;1.0;5.0;1.0;A01
65276;201500043385;0;30;0;0.0;2.0;0.0;0.0;A01
65277;201500043385;0;10;0;0.0;2.0;0.0;15.0;B01
65278;201500043386;0;2;0;0.0;2.0;0.0;21.0;B01
65279;201500043386;0;7;0;0.0;2.0;0.0;1.0;A01
65280;201500043388;0;7;0;0.0;2.0;1.0;1.0;A01
65281;201500043388;0;7;0;0.0;2.0;8.0;1.0;B01
65282;201500043389;0;7;0;0.0;1.0;1.0;2.0;A01
65283;201500043390;0;7;0;0.0;1.0;2.0;2.0;A01
65284;201500043391;0;7;0;0.0;1.0;0.0;15.0;A01
65285;201500043392;0;7;0;0.0;2.0;1.0;1.0;A01
65286;201500043392;0;7;0;0.0;2.0;4.0;1.0;B01
65287;201500043393;0;7;0;0.0;1.0;3.0;15.0;A01
65288;201500043394;0;7;0;0.0;1.0;3.0;15.0;A01
65289;201500043395;0;7;0;0.0;2.0;8.0;23.0;C01
65290;201500043395;0;33;0;0.0;2.0;4.0;2.0;A01
65291;201500043395;0;33;0;0.0;2.0;1.0;2.0;B01
65292;201500043396;0;33;0;0.0;0.0;7.0;1.0;A01
65293;201500043398;0;7;0;0.0;1.0;1.0;15.0;A01
65294;201500043399;0;7;0;0.0;1.0;3.0;15.0;A01
65295;201500043401;0;33;0;0.0;1.0;0.0;0.0;A01
65296;201500043402;0;7;0;0.0;2.0;4.0;15.0;B01
65297;201500043402;0;7;0;0.0;2.0;1.0;1.0;C01
65298;201500043402;0;7;0;0.0;2.0;1.0;2.0;A01
65299;201500043404;0;7;0;0.0;1.0;1.0;15.0;A01
65300;201500043405;1;10;0;0.0;2.0;0.0;9.0;Z01
65301;201500043405;0;31;0;0.0;2.0;7.0;1.0;B01
65302;201500043406;0;7;0;8.0;0.0;1.0;0.0;A01
65303;201500043407;0;2;0;0.0;2.0;4.0;1.0;B01
65304;201500043408;0;33;0;1.0;2.0;0.0;2.0;A01
65305;201500043408;0;7;0;0.0;2.0;2.0;10.0;B01
65306;201500043409;0;7;0;0.0;1.0;1.0;1.0;A01
65307;201500043410;0;33;0;0.0;2.0;0.0;1.0;B01
65308;201500043410;0;7;0;0.0;2.0;0.0;0.0;A01
65309;201500043411;0;2;0;0.0;0.0;0.0;0.0;A01
65310;201500043412;0;7;0;0.0;2.0;3.0;1.0;B01
65311;201500043412;0;7;0;0.0;2.0;2.0;15.0;A01
65312;201500043413;0;30;0;1.0;0.0;1.0;1.0;A01
65313;201500043414;0;7;0;6.0;0.0;1.0;15.0;A01
65314;201500043415;0;10;0;0.0;2.0;2.0;1.0;A01
65315;201500043415;0;10;0;0.0;2.0;3.0;16.0;B01
65316;201500043416;1;10;0;0.0;2.0;1.0;1.0;Z01
65317;201500043416;0;7;0;0.0;2.0;4.0;1.0;B01
65318;201500043417;1;35;0;0.0;0.0;0.0;1.0;Z01
65319;201500043417;0;30;0;0.0;2.0;4.0;23.0;A01
65320;201500043417;0;7;0;0.0;2.0;4.0;23.0;B01
65321;201500043418;1;7;0;0.0;1.0;7.0;2.0;A01
65322;201500043419;0;2;0;11.0;0.0;1.0;1.0;A01
65323;201500043420;0;7;0;0.0;2.0;1.0;23.0;B01
65324;201500043420;0;7;0;9.0;2.0;1.0;14.0;A01
65325;201500043421;0;7;0;0.0;2.0;2.0;1.0;A01
65326;201500043421;0;2;0;0.0;2.0;1.0;1.0;B01
65327;201500043422;1;7;0;0.0;1.0;0.0;0.0;Z01
65328;201500043423;0;31;0;0.0;2.0;1.0;1.0;A01
65329;201500043423;0;7;0;0.0;2.0;2.0;15.0;B01
65330;201500043424;1;7;0;0.0;1.0;1.0;0.0;Z01
65331;201500043425;0;2;0;1.0;0.0;0.0;0.0;A01
65332;201500043426;0;7;0;8.0;0.0;1.0;1.0;A01
65333;201500043427;0;7;0;0.0;2.0;2.0;15.0;A01
65334;201500043427;0;7;0;0.0;2.0;1.0;1.0;B01
65335;201500043428;0;7;0;0.0;2.0;7.0;1.0;A01
65336;201500043428;0;37;3;0.0;2.0;1.0;1.0;B01
65337;201500043430;0;7;0;0.0;2.0;8.0;15.0;B01
65338;201500043430;2;7;0;0.0;2.0;1.0;1.0;A01
65339;201500043431;0;30;0;0.0;2.0;1.0;0.0;A01
65340;201500043431;0;7;0;0.0;2.0;3.0;0.0;B01
65341;201500043432;0;7;0;0.0;2.0;3.0;0.0;A01
65342;201500043432;0;7;0;0.0;2.0;3.0;1.0;B01
65343;201500043433;0;7;0;0.0;2.0;6.0;23.0;B01
65344;201500043433;0;7;0;0.0;2.0;4.0;23.0;C01
65345;201500043433;0;33;0;0.0;2.0;9.0;2.0;A01
65346;201500043434;0;7;0;0.0;1.0;0.0;0.0;A01
65347;201500043435;0;7;0;0.0;1.0;0.0;1.0;A01
65348;201500043436;0;7;0;0.0;2.0;8.0;1.0;B01
65349;201500043436;0;37;50;0.0;2.0;1.0;1.0;A01
65350;201500043437;0;10;0;0.0;1.0;4.0;4.0;A01
65351;201500043438;0;7;0;0.0;0.0;0.0;0.0;A01
65352;201500043439;0;2;0;0.0;0.0;0.0;0.0;A01
65353;201500043440;0;7;0;4.0;0.0;3.0;0.0;A01
65354;201500043441;0;7;0;0.0;1.0;1.0;1.0;A01
65355;201500043442;0;7;0;0.0;2.0;1.0;13.0;A01
65356;201500043442;0;7;0;0.0;2.0;8.0;2.0;B01
65357;201500043443;0;32;0;0.0;2.0;1.0;1.0;B01
65358;201500043443;0;7;0;0.0;2.0;2.0;15.0;A01
65359;201500043444;0;7;0;0.0;2.0;1.0;1.0;A01
65360;201500043444;0;7;0;0.0;2.0;2.0;15.0;B01
65361;201500043445;0;7;0;0.0;1.0;1.0;1.0;A01
65362;201500043446;0;7;0;14.0;0.0;3.0;1.0;A01
65363;201500043447;0;33;0;0.0;2.0;1.0;2.0;A01
65364;201500043447;0;7;0;0.0;2.0;4.0;23.0;B01
65365;201500043448;1;33;0;0.0;0.0;1.0;2.0;A01
65366;201500043449;0;33;0;0.0;0.0;7.0;1.0;A01
65367;201500043450;0;7;0;0.0;2.0;1.0;3.0;A01
65368;201500043450;0;7;0;0.0;0.0;8.0;6.0;B01
65369;201500043451;0;7;0;0.0;2.0;4.0;1.0;B01
65370;201500043451;0;7;0;0.0;2.0;4.0;1.0;C01
65371;201500043451;0;7;0;0.0;2.0;1.0;17.0;A01
65372;201500043452;0;30;0;0.0;1.0;3.0;7.0;A01
65373;201500043453;0;7;0;0.0;2.0;5.0;6.0;A01
65374;201500043453;0;34;0;0.0;2.0;1.0;1.0;B01
65375;201500043454;0;33;0;0.0;1.0;2.0;3.0;A01
65376;201500043456;0;7;0;0.0;2.0;3.0;1.0;B01
65377;201500043456;0;7;0;0.0;2.0;1.0;17.0;A01
65378;201500043457;0;7;0;0.0;1.0;1.0;1.0;A01
65379;201500043459;0;7;0;0.0;2.0;5.0;12.0;A01
65380;201500043459;0;33;0;0.0;2.0;1.0;1.0;B01