;Num_Acc;senc;catv;occutc;obs;obsm;choc;manv;num_veh
67483;201500044809;0;7;0;0.0;2.0;4.0;1.0;A01
67484;201500044809;0;7;0;0.0;2.0;1.0;2.0;B01
67485;201500044810;0;7;0;0.0;2.0;9.0;23.0;B01
67486;201500044810;0;7;0;0.0;2.0;4.0;23.0;A01
67487;201500044810;0;7;0;0.0;2.0;1.0;2.0;C01
67488;201500044812;0;33;0;0.0;0.0;7.0;3.0;A01
67489;201500044812;0;7;0;0.0;2.0;3.0;11.0;B01
67490;201500044813;0;33;0;0.0;2.0;1.0;2.0;A01
67491;201500044813;0;10;0;0.0;0.0;4.0;2.0;B01
67492;201500044814;0;15;0;0.0;2.0;4.0;1.0;A01
67493;201500044814;0;14;0;0.0;2.0;1.0;2.0;B01
67494;201500044815;0;7;0;0.0;2.0;1.0;2.0;A01
67495;201500044815;0;7;0;0.0;2.0;4.0;1.0;B01
67496;201500044816;0;7;0;0.0;2.0;6.0;2.0;A01
67497;201500044816;0;33;0;0.0;2.0;1.0;3.0;B01
67498;201500044817;0;7;0;0.0;2.0;7.0;14.0;A01
67499;201500044817;0;15;0;0.0;2.0;3.0;1.0;B01
67500;201500044817;0;33;0;0.0;2.0;5.0;1.0;C01
67501;201500044818;0;7;0;0.0;0.0;0.0;0.0;C01
67502;201500044818;0;14;0;0.0;0.0;0.0;0.0;A01
67503;201500044818;0;7;0;0.0;0.0;0.0;0.0;B01
67504;201500044819;0;33;0;0.0;2.0;1.0;2.0;A01
67505;201500044819;0;7;0;0.0;2.0;4.0;23.0;B01
67506;201500044821;0;7;0;0.0;2.0;1.0;1.0;B01
67507;201500044821;0;7;0;3.0;2.0;9.0;1.0;A01
67508;201500044822;0;7;0;0.0;2.0;8.0;11.0;A01
67509;201500044822;0;33;0;0.0;2.0;1.0;3.0;B01
67510;201500044823;0;33;0;0.0;2.0;1.0;3.0;A01
67511;201500044823;0;7;0;0.0;2.0;4.0;1.0;B01
67512;201500044824;0;7;0;0.0;2.0;4.0;1.0;B01
67513;201500044824;0;7;0;0.0;2.0;1.0;2.0;A01
67514;201500044825;0;7;0;0.0;2.0;8.0;1.0;A01
67515;201500044825;0;14;0;0.0;2.0;2.0;12.0;B01
67516;201500044826;0;31;0;0.0;2.0;1.0;2.0;C01
67517;201500044826;0;7;0;0.0;2.0;4.0;1.0;A01
67518;201500044826;0;7;0;0.0;2.0;9.0;2.0;B01
67519;201500044827;0;33;0;0.0;0.0;7.0;3.0;A01
67520;201500044828;0;33;0;4.0;0.0;0.0;0.0;A01
67521;201500044829;0;7;0;0.0;2.0;4.0;1.0;A01
67522;201500044829;0;33;0;0.0;2.0;1.0;2.0;B01
67523;201500044830;0;33;0;0.0;2.0;1.0;0.0;A01
67524;201500044830;0;7;0;0.0;2.0;7.0;0.0;B01
67525;201500044831;0;7;0;0.0;2.0;4.0;1.0;C01
67526;201500044831;0;14;0;0.0;2.0;1.0;2.0;A01
67527;201500044831;0;10;0;0.0;2.0;9.0;2.0;B01
67528;201500044832;0;32;0;0.0;2.0;1.0;3.0;A01
67529;201500044832;0;33;0;0.0;2.0;4.0;3.0;B01
67530;201500044833;0;7;0;3.0;2.0;1.0;21.0;A01
67531;201500044833;0;7;0;0.0;2.0;5.0;2.0;B01
67532;201500044834;0;7;0;0.0;2.0;4.0;2.0;A01
67533;201500044834;0;7;0;0.0;2.0;1.0;2.0;B01
67534;201500044835;0;7;0;0.0;2.0;4.0;23.0;A01
67535;201500044835;0;7;0;0.0;2.0;1.0;2.0;B01
67536;201500044836;0;7;0;0.0;2.0;5.0;0.0;A01
67537;201500044837;0;7;0;4.0;0.0;1.0;1.0;A01
67538;201500044838;0;7;0;3.0;0.0;2.0;14.0;A01
67539;201500044839;0;7;0;3.0;0.0;1.0;2.0;A01
67540;201500044839;0;7;0;0.0;2.0;1.0;2.0;B01
67541;201500044840;0;7;0;3.0;0.0;1.0;1.0;A01
67542;201500044841;0;3;0;4.0;0.0;1.0;23.0;A01
67543;201500044841;0;7;0;14.0;2.0;1.0;11.0;B01
67544;201500044842;0;7;0;3.0;2.0;3.0;0.0;A01
67545;201500044842;0;7;0;3.0;0.0;1.0;0.0;B01
67546;201500044843;0;10;0;0.0;2.0;7.0;1.0;A01
67547;201500044843;0;7;0;0.0;2.0;2.0;2.0;B01
67548;201500044845;0;7;0;0.0;2.0;4.0;2.0;C01
67549;201500044845;0;7;0;0.0;2.0;4.0;2.0;B01
67550;201500044845;0;7;0;0.0;2.0;1.0;2.0;A01
67551;201500044846;0;7;0;0.0;2.0;4.0;23.0;B01
67552;201500044846;0;7;0;0.0;2.0;1.0;2.0;A01
67553;201500044847;0;7;0;0.0;2.0;7.0;12.0;A01
67554;201500044847;0;33;0;0.0;2.0;3.0;3.0;B01
67555;201500044848;0;7;0;0.0;2.0;1.0;0.0;A01
67556;201500044848;0;7;0;0.0;2.0;4.0;0.0;B01
67557;201500044849;0;7;0;0.0;2.0;1.0;0.0;C01
67558;201500044849;0;7;0;0.0;2.0;4.0;2.0;B01
67559;201500044849;0;7;0;4.0;2.0;1.0;2.0;A01
67560;201500044850;1;7;0;0.0;2.0;4.0;1.0;B01
67561;201500044850;0;33;0;0.0;2.0;1.0;2.0;A01
67562;201500044851;0;33;0;0.0;0.0;8.0;11.0;A01
67563;201500044852;0;33;0;0.0;2.0;1.0;3.0;B01
67564;201500044852;0;10;0;0.0;2.0;8.0;1.0;A01
67565;201500044853;0;17;0;3.0;2.0;9.0;17.0;A01
67566;201500044853;0;7;0;0.0;0.0;3.0;1.0;C01
67567;201500044853;0;17;0;3.0;2.0;1.0;1.0;B01
67568;201500044853;0;7;0;0.0;2.0;3.0;1.0;D01
67569;201500044854;0;7;0;0.0;2.0;4.0;1.0;A01
67570;201500044854;0;31;0;0.0;2.0;1.0;2.0;B01
67571;201500044855;0;7;0;0.0;2.0;7.0;12.0;A01
67572;201500044855;0;33;0;0.0;2.0;8.0;3.0;B01
67573;201500044856;0;7;0;0.0;2.0;8.0;1.0;B01
67574;201500044856;0;10;0;0.0;2.0;2.0;17.0;A01
67575;201500044857;0;33;0;0.0;0.0;3.0;3.0;A01
67576;201500044858;0;7;0;4.0;0.0;1.0;21.0;A01
67577;201500044859;0;7;0;0.0;2.0;2.0;1.0;B01
67578;201500044859;0;33;0;0.0;2.0;6.0;1.0;A01
67579;201500044860;0;7;0;0.0;2.0;5.0;23.0;B01
67580;201500044860;0;7;0;4.0;1.0;3.0;1.0;C01
67581;201500044860;0;7;0;6.0;0.0;3.0;1.0;A01
67582;201500044861;0;7;0;1.0;2.0;4.0;23.0;B01
67583;201500044861;0;7;0;1.0;2.0;1.0;2.0;C01
67584;201500044861;0;7;0;0.0;2.0;4.0;23.0;A01
67585;201500044862;0;7;0;3.0;2.0;1.0;13.0;B01
67586;201500044862;0;10;0;0.0;2.0;4.0;23.0;A01
67587;201500044863;0;15;0;0.0;0.0;4.0;2.0;A01
67588;201500044863;0;15;0;0.0;2.0;1.0;2.0;B01
67589;201500044864;0;10;0;0.0;2.0;2.0;2.0;A01
67590;201500044864;0;10;0;0.0;2.0;6.0;23.0;B01
67591;201500044865;0;7;0;0.0;2.0;7.0;12.0;A01
67592;201500044865;0;31;0;0.0;2.0;1.0;3.0;B01
67593;201500044866;0;7;0;0.0;0.0;4.0;2.0;A01
67594;201500044866;0;7;0;0.0;0.0;4.0;2.0;B01
67595;201500044866;0;7;0;0.0;0.0;0.0;0.0;C01
67596;201500044866;0;7;0;0.0;0.0;0.0;0.0;D01
67597;201500044867;0;7;0;0.0;2.0;6.0;13.0;A01
67598;201500044867;0;15;0;0.0;2.0;2.0;1.0;B01
67599;201500044867;0;7;0;0.0;2.0;7.0;1.0;C01
67600;201500044869;0;7;0;0.0;0.0;9.0;17.0;A01
67601;201500044870;0;7;0;4.0;0.0;1.0;13.0;A01
67602;201500044872;0;7;0;0.0;0.0;0.0;0.0;A01
67603;201500044873;0;7;0;0.0;2.0;6.0;2.0;A01
67604;201500044873;0;7;0;0.0;2.0;1.0;2.0;B01
67605;201500044873;0;7;0;0.0;2.0;3.0;1.0;C01
67606;201500044873;0;7;0;0.0;2.0;4.0;13.0;D01
67607;201500044873;0;7;0;0.0;2.0;1.0;2.0;E01
67608;201500044873;0;33;0;0.0;2.0;1.0;1.0;F02
67609;201500044874;0;7;0;0.0;2.0;8.0;1.0;B01
67610;201500044874;0;15;0;0.0;2.0;2.0;12.0;A01
67611;201500044875;0;7;0;0.0;2.0;4.0;1.0;A01
67612;201500044875;0;33;0;0.0;2.0;1.0;3.0;B01
67613;201500044875;0;7;0;0.0;2.0;3.0;1.0;C01
67614;201500044876;0;33;0;0.0;0.0;0.0;0.0;A01
67615;201500044876;0;7;0;0.0;0.0;0.0;0.0;B01
67616;201500044876;0;7;0;0.0;0.0;0.0;0.0;C01
67617;201500044877;0;32;0;0.0;0.0;7.0;1.0;A01
67618;201500044879;0;7;0;0.0;2.0;5.0;12.0;B01
67619;201500044879;0;33;0;0.0;2.0;1.0;3.0;A01
67620;201500044880;0;33;0;0.0;2.0;4.0;14.0;B01
67621;201500044880;0;7;0;0.0;2.0;1.0;12.0;A01
67622;201500044881;0;7;0;13.0;0.0;1.0;14.0;A01
67623;201500044882;0;7;0;0.0;2.0;8.0;11.0;A01
67624;201500044882;0;33;0;0.0;2.0;7.0;1.0;B01
67625;201500044883;0;7;0;3.0;2.0;9.0;1.0;B01
67626;201500044883;0;7;0;3.0;2.0;9.0;2.0;A01
67627;201500044883;0;7;0;0.0;2.0;5.0;1.0;C01
67628;201500044883;0;7;0;0.0;2.0;6.0;1.0;D01
67629;201500044884;0;7;0;0.0;2.0;3.0;11.0;A01
67630;201500044884;0;33;0;1.0;2.0;0.0;3.0;B01
67631;201500044885;0;7;0;0.0;2.0;9.0;2.0;B01
67632;201500044885;0;7;0;0.0;2.0;4.0;1.0;A01
67633;201500044885;0;7;0;0.0;2.0;9.0;2.0;C01
67634;201500044885;0;7;0;0.0;2.0;1.0;2.0;D01
67635;201500044886;0;7;0;0.0;0.0;7.0;2.0;A01
67636;201500044886;0;7;0;14.0;0.0;1.0;2.0;B01
67637;201500044886;0;7;0;0.0;2.0;1.0;2.0;C01
67638;201500044886;0;7;0;0.0;0.0;4.0;2.0;D01
67639;201500044886;0;17;0;0.0;2.0;3.0;1.0;E01
67640;201500044886;0;15;0;0.0;2.0;3.0;1.0;F02
67641;201500044887;0;10;0;0.0;2.0;5.0;1.0;A01
67642;201500044887;0;32;0;0.0;2.0;3.0;21.0;B01
67643;201500044888;0;33;0;0.0;2.0;7.0;3.0;B01
67644;201500044888;0;7;0;0.0;2.0;8.0;11.0;A01
67645;201500044889;0;7;0;0.0;2.0;2.0;12.0;A01
67646;201500044889;0;33;0;0.0;2.0;8.0;1.0;B01
67647;201500044890;0;33;0;0.0;2.0;8.0;1.0;B01
67648;201500044890;0;7;0;0.0;2.0;7.0;12.0;A01
67649;201500044891;0;7;0;0.0;2.0;1.0;2.0;A01
67650;201500044891;0;7;0;3.0;2.0;1.0;0.0;B01
67651;201500044892;0;7;0;0.0;2.0;4.0;2.0;A01
67652;201500044892;0;10;0;0.0;2.0;1.0;2.0;B01
67653;201500044893;0;34;0;0.0;2.0;1.0;2.0;B01
67654;201500044893;0;7;0;0.0;2.0;6.0;1.0;A01
67655;201500044894;0;7;0;0.0;2.0;4.0;2.0;C01
67656;201500044894;0;7;0;0.0;2.0;4.0;2.0;D01
67657;201500044894;0;7;0;0.0;2.0;1.0;2.0;A01
67658;201500044894;0;7;0;0.0;2.0;4.0;2.0;B01
67659;201500044895;0;33;0;3.0;0.0;9.0;1.0;A01
67660;201500044896;0;7;0;0.0;2.0;1.0;2.0;A01
67661;201500044896;0;7;0;0.0;2.0;4.0;23.0;B01
67662;201500044899;0;7;0;0.0;2.0;4.0;1.0;A01
67663;201500044899;0;34;0;0.0;2.0;1.0;21.0;B01
67664;201500044900;0;7;0;0.0;2.0;4.0;1.0;C01
67665;201500044900;0;7;0;0.0;2.0;1.0;2.0;A01
67666;201500044900;0;7;0;0.0;2.0;9.0;2.0;B01
67667;201500044901;0;7;0;0.0;2.0;4.0;23.0;C01
67668;201500044901;0;7;0;0.0;2.0;1.0;2.0;A01
67669;201500044901;0;7;0;0.0;2.0;9.0;23.0;B01
67670;201500044902;0;33;0;0.0;0.0;8.0;3.0;B01
67671;201500044902;0;7;0;0.0;2.0;7.0;12.0;A01
67672;201500044903;0;7;0;0.0;2.0;4.0;2.0;A01
67673;201500044903;0;7;0;0.0;2.0;1.0;2.0;B01
67674;201500044904;0;14;0;7.0;0.0;1.0;1.0;A01
67675;201500044905;0;7;0;0.0;0.0;9.0;1.0;A01
67676;201500044906;0;7;0;0.0;2.0;2.0;12.0;B01
67677;201500044906;0;34;0;0.0;2.0;8.0;3.0;A01
67678;201500044907;0;7;0;0.0;2.0;3.0;12.0;A01
67679;201500044907;0;33;0;0.0;2.0;7.0;14.0;B01
67680;201500044908;0;7;0;4.0;0.0;3.0;1.0;A01
67681;201500044909;0;3;0;3.0;2.0;5.0;1.0;A01
67682;201500044909;0;7;0;0.0;2.0;6.0;18.0;B01
67683;201500044910;0;7;0;13.0;0.0;1.0;1.0;A01
67684;201500044911;0;7;0;0.0;2.0;2.0;12.0;A01
67685;201500044911;0;34;0;0.0;2.0;3.0;3.0;B01
67686;201500044912;0;33;0;0.0;2.0;3.0;11.0;B01
67687;201500044912;0;7;0;0.0;2.0;2.0;1.0;A01
67688;201500044913;0;7;0;0.0;2.0;4.0;2.0;A01
67689;201500044913;0;7;0;0.0;2.0;4.0;2.0;B01
67690;201500044913;0;7;0;0.0;2.0;1.0;2.0;C01
67691;201500044914;0;7;0;0.0;2.0;4.0;11.0;B01
67692;201500044914;0;33;0;0.0;2.0;1.0;2.0;A01
67693;201500044915;0;99;0;3.0;0.0;0.0;0.0;A01
67694;201500044916;0;7;0;0.0;2.0;5.0;1.0;A01
67695;201500044916;0;34;0;0.0;2.0;1.0;11.0;B01
67696;201500044917;0;10;0;0.0;2.0;5.0;1.0;A01
67697;201500044917;0;33;0;0.0;9.0;1.0;1.0;B01
67698;201500044918;0;7;0;0.0;2.0;4.0;1.0;A01
67699;201500044918;0;7;0;0.0;2.0;4.0;2.0;B01
67700;201500044918;0;7;0;0.0;2.0;4.0;2.0;C01
67701;201500044918;0;7;0;0.0;2.0;1.0;2.0;D01
67702;201500044919;0;7;0;0.0;2.0;1.0;2.0;B01
67703;201500044919;0;7;0;0.0;2.0;4.0;23.0;A01
67704;201500044920;0;7;0;4.0;2.0;8.0;1.0;B01
67705;201500044920;0;16;0;0.0;2.0;2.0;12.0;A01
67706;201500044921;0;33;0;0.0;2.0;9.0;1.0;B01
67707;201500044921;0;7;0;0.0;2.0;7.0;12.0;A01
67708;201500044921;0;7;0;0.0;2.0;8.0;1.0;C01
67709;201500044923;0;33;0;0.0;2.0;7.0;3.0;A01
67710;201500044923;0;7;0;0.0;2.0;3.0;11.0;B01
67711;201500044924;0;7;0;3.0;0.0;8.0;1.0;A01
67712;201500044925;0;7;0;0.0;2.0;6.0;1.0;A01
67713;201500044925;0;10;0;0.0;2.0;2.0;2.0;B01
67714;201500044926;0;33;0;16.0;0.0;8.0;1.0;A01
67715;201500044927;0;10;0;0.0;2.0;5.0;1.0;A01
67716;201500044927;0;33;0;0.0;2.0;1.0;2.0;B01
67717;201500044929;0;33;0;0.0;2.0;1.0;3.0;A01
67718;201500044929;0;7;0;0.0;2.0;6.0;11.0;B01
67719;201500044930;0;33;0;0.0;2.0;1.0;3.0;B01
67720;201500044930;0;7;0;0.0;2.0;6.0;11.0;A01
67721;201500044931;0;10;0;0.0;2.0;5.0;12.0;A01
67722;201500044931;0;31;0;0.0;2.0;1.0;2.0;B01
67723;201500044932;0;7;0;0.0;2.0;3.0;0.0;A01
67724;201500044932;0;15;0;0.0;2.0;2.0;2.0;B01
67725;201500044934;0;7;0;0.0;2.0;1.0;2.0;B01
67726;201500044934;0;7;0;0.0;2.0;4.0;23.0;A01
67727;201500044935;0;7;0;0.0;2.0;1.0;2.0;C01
67728;201500044935;0;7;0;0.0;2.0;4.0;1.0;A01
67729;201500044935;0;7;0;0.0;2.0;9.0;2.0;B01
67730;201500044936;0;7;0;7.0;0.0;9.0;2.0;A01
67731;201500044937;0;33;0;0.0;2.0;1.0;2.0;A01
67732;201500044937;0;10;0;0.0;2.0;4.0;1.0;B01
67733;201500044940;0;34;0;16.0;0.0;7.0;1.0;A01
67734;201500044941;0;7;0;0.0;2.0;6.0;1.0;A01
67735;201500044941;0;15;0;0.0;2.0;2.0;1.0;C01
67736;201500044941;0;7;0;4.0;2.0;1.0;1.0;B01
67737;201500044942;0;7;0;0.0;2.0;1.0;1.0;A01
67738;201500044942;1;10;0;0.0;0.0;0.0;0.0;Z01
67739;201500044944;0;7;0;0.0;2.0;3.0;11.0;B01
67740;201500044944;0;31;0;0.0;2.0;2.0;3.0;A01
67741;201500044945;0;31;0;0.0;2.0;7.0;12.0;A01
67742;201500044945;0;7;0;0.0;2.0;3.0;1.0;B01
67743;201500044946;0;15;0;0.0;2.0;2.0;1.0;A01
67744;201500044946;0;7;0;0.0;2.0;8.0;11.0;B01
67745;201500044947;0;7;0;0.0;2.0;2.0;2.0;A01
67746;201500044947;0;17;0;0.0;2.0;6.0;2.0;B01
67747;201500044948;0;7;0;0.0;2.0;7.0;1.0;A01
67748;201500044948;0;31;0;0.0;2.0;1.0;21.0;B01
67749;201500044949;0;10;0;0.0;2.0;1.0;2.0;A01
67750;201500044949;0;7;0;0.0;2.0;4.0;23.0;B01
67751;201500044949;0;7;0;0.0;2.0;4.0;23.0;C01
67752;201500044949;0;7;0;0.0;2.0;4.0;23.0;D01
67753;201500044949;0;10;0;0.0;2.0;8.0;23.0;E01
67754;201500044949;0;15;0;0.0;2.0;5.0;2.0;F02
67755;201500044949;0;10;0;0.0;2.0;1.0;2.0;G02
67756;201500044950;0;14;0;0.0;2.0;2.0;1.0;A01
67757;201500044950;0;7;0;0.0;2.0;8.0;11.0;B01
67758;201500044951;0;33;0;0.0;2.0;4.0;1.0;A01
67759;201500044951;0;33;0;0.0;2.0;1.0;1.0;B01
67760;201500044952;0;14;0;0.0;0.0;0.0;1.0;A01
67761;201500044952;0;31;0;16.0;2.0;7.0;1.0;C01
67762;201500044952;0;31;0;16.0;0.0;7.0;1.0;B01
67763;201500044953;0;33;0;0.0;2.0;4.0;3.0;A01
67764;201500044953;0;7;0;0.0;2.0;3.0;11.0;B01
67765;201500044954;0;33;0;0.0;2.0;1.0;3.0;A01
67766;201500044954;0;7;0;0.0;2.0;8.0;11.0;B01
67767;201500044955;0;7;0;0.0;2.0;4.0;23.0;C01
67768;201500044955;0;7;0;0.0;2.0;9.0;23.0;B01
67769;201500044955;0;10;0;0.0;2.0;1.0;2.0;A01
67770;201500044956;0;33;0;16.0;0.0;7.0;1.0;A01
67771;201500044957;0;33;0;0.0;2.0;1.0;2.0;A01
67772;201500044957;0;7;0;0.0;2.0;6.0;23.0;B01
67773;201500044958;0;7;0;0.0;2.0;4.0;2.0;B01
67774;201500044958;0;7;0;0.0;2.0;1.0;2.0;A01
67775;201500044958;0;7;0;0.0;0.0;4.0;2.0;C01
67776;201500044959;0;33;0;16.0;0.0;0.0;1.0;A01
67777;201500044960;0;7;0;0.0;0.0;4.0;2.0;A01
67778;201500044960;0;7;0;0.0;2.0;1.0;2.0;B01
67779;201500044962;0;7;0;0.0;2.0;7.0;12.0;B01
67780;201500044962;0;33;0;0.0;2.0;9.0;3.0;A01
67781;201500044963;0;7;0;0.0;0.0;7.0;0.0;A01
67782;201500044963;0;31;0;0.0;0.0;0.0;0.0;B01
67783;201500044964;0;7;0;3.0;0.0;2.0;14.0;A01
67784;201500044965;0;7;0;3.0;0.0;1.0;11.0;A01
67785;201500044966;0;7;0;0.0;2.0;2.0;12.0;B01
67786;201500044966;0;33;0;0.0;2.0;3.0;3.0;A01
67787;201500044967;0;7;0;4.0;0.0;1.0;1.0;A01
67788;201500044968;0;7;0;0.0;2.0;4.0;1.0;A01
67789;201500044968;0;33;0;0.0;2.0;1.0;3.0;C01
67790;201500044968;0;7;0;0.0;2.0;8.0;11.0;B01
67791;201500044970;0;17;0;0.0;2.0;2.0;1.0;A01
67792;201500044970;0;7;0;0.0;2.0;3.0;13.0;B01
67793;201500044971;0;7;0;4.0;2.0;9.0;9.0;A01
67794;201500044971;0;7;0;0.0;2.0;2.0;1.0;B01
67795;201500044972;0;7;0;0.0;2.0;3.0;1.0;C01
67796;201500044972;0;7;0;0.0;2.0;6.0;1.0;A01
67797;201500044972;0;7;0;0.0;2.0;9.0;1.0;B01
67798;201500044975;0;33;0;0.0;2.0;2.0;3.0;B01
67799;201500044975;0;7;0;0.0;2.0;3.0;11.0;A01
67800;201500044976;0;7;0;13.0;0.0;0.0;0.0;A01
67801;201500044977;0;7;0;0.0;2.0;8.0;1.0;C01
67802;201500044977;0;33;0;0.0;2.0;1.0;3.0;A01
67803;201500044977;0;7;0;0.0;2.0;8.0;11.0;B01
67804;201500044978;0;7;0;0.0;2.0;4.0;2.0;A01
67805;201500044978;0;7;0;0.0;2.0;4.0;2.0;B01
67806;201500044978;0;7;0;0.0;2.0;1.0;2.0;C01
67807;201500044980;0;7;0;0.0;0.0;5.0;12.0;A01
67808;201500044980;0;33;0;0.0;2.0;1.0;1.0;B01
67809;201500044981;0;7;0;0.0;2.0;9.0;23.0;C01
67810;201500044981;0;10;0;0.0;2.0;1.0;2.0;E01
67811;201500044981;0;7;0;0.0;2.0;9.0;23.0;D01
67812;201500044981;0;7;0;0.0;2.0;9.0;23.0;B01
67813;201500044981;0;7;0;0.0;2.0;4.0;23.0;A01
67814;201500044982;0;7;0;0.0;2.0;8.0;1.0;A01
67815;201500044982;0;15;0;0.0;2.0;2.0;12.0;B01
67816;201500044983;0;15;0;4.0;0.0;1.0;1.0;A01
67817;201500044985;0;33;0;0.0;2.0;7.0;1.0;A01
67818;201500044986;0;33;0;0.0;2.0;1.0;3.0;A01
67819;201500044986;0;33;0;0.0;2.0;9.0;1.0;B01
67820;201500044986;0;38;10;0.0;2.0;4.0;1.0;C01
67821;201500044987;0;7;0;0.0;2.0;6.0;1.0;B01
67822;201500044987;0;33;0;0.0;2.0;8.0;3.0;A01
67823;201500044987;1;99;0;0.0;2.0;7.0;12.0;Z01
67824;201500044988;0;33;0;0.0;2.0;3.0;3.0;B01
67825;201500044988;0;7;0;0.0;2.0;7.0;12.0;A01
67826;201500044989;0;33;0;0.0;0.0;0.0;0.0;B01
67827;201500044989;0;7;0;0.0;0.0;0.0;0.0;A01
67828;201500044990;0;7;0;0.0;2.0;8.0;1.0;B01
67829;201500044990;0;7;0;4.0;2.0;9.0;12.0;A01
67830;201500044991;0;33;0;0.0;2.0;3.0;3.0;A01
67831;201500044991;0;10;0;0.0;2.0;7.0;12.0;B01
67832;201500044992;0;7;0;0.0;2.0;2.0;12.0;B01
67833;201500044992;0;33;0;0.0;2.0;8.0;1.0;A01
67834;201500044993;0;7;0;0.0;2.0;5.0;1.0;A01
67835;201500044993;0;33;0;0.0;2.0;1.0;3.0;B01
67836;201500044994;0;7;0;3.0;0.0;4.0;1.0;A01
67837;201500044994;0;7;0;0.0;2.0;1.0;1.0;B01
67838;201500044995;0;7;0;0.0;2.0;6.0;0.0;A01
67839;201500044995;0;7;0;1.0;0.0;3.0;9.0;B01
67840;201500044997;0;7;0;0.0;2.0;1.0;2.0;A01
67841;201500044997;0;7;0;0.0;2.0;9.0;2.0;B01
67842;201500044997;0;7;0;0.0;2.0;4.0;1.0;C01
67843;201500044998;0;7;0;0.0;2.0;7.0;1.0;A01
67844;201500044998;0;7;0;0.0;2.0;6.0;1.0;B01
67845;201500044998;0;33;0;0.0;2.0;9.0;3.0;C01
67846;201500045000;0;10;0;0.0;0.0;0.0;0.0;B01
67847;201500045000;0;10;0;0.0;0.0;0.0;0.0;A01
67848;201500045000;0;7;0;0.0;0.0;0.0;0.0;C01
67849;201500045001;0;33;0;0.0;2.0;2.0;3.0;B01
67850;201500045001;0;7;0;0.0;2.0;8.0;11.0;A01
67851;201500045002;0;7;0;3.0;0.0;3.0;13.0;A01
67852;201500045003;0;17;0;0.0;0.0;0.0;0.0;B01
67853;201500045003;0;17;0;0.0;0.0;0.0;0.0;C01
67854;201500045003;0;14;0;0.0;0.0;0.0;0.0;A01
67855;201500045004;0;7;0;0.0;2.0;4.0;1.0;A01
67856;201500045004;0;7;0;0.0;2.0;1.0;1.0;B01
67857;201500045005;0;7;0;4.0;0.0;2.0;0.0;A01
67858;201500045006;0;7;0;0.0;2.0;1.0;1.0;C01
67859;201500045006;0;15;0;0.0;2.0;2.0;12.0;A01
67860;201500045006;0;7;0;0.0;2.0;9.0;1.0;B01
67861;201500045007;0;33;0;0.0;0.0;0.0;0.0;A01
67862;201500045008;0;15;0;0.0;0.0;4.0;2.0;A01
67863;201500045008;0;10;0;0.0;2.0;1.0;2.0;B01
67864;201500045010;0;10;0;0.0;0.0;0.0;0.0;B01
67865;201500045010;0;7;0;0.0;2.0;1.0;1.0;A01
67866;201500045011;1;33;0;0.0;2.0;1.0;3.0;A01
67867;201500045012;0;7;0;4.0;0.0;1.0;1.0;A01
67868;201500045013;0;7;0;0.0;2.0;4.0;23.0;A01
67869;201500045013;0;7;0;0.0;2.0;1.0;2.0;B01
67870;201500045014;0;10;0;0.0;2.0;6.0;14.0;A01
67871;201500045014;2;7;0;0.0;2.0;2.0;12.0;B01
67872;201500045015;0;7;0;0.0;2.0;2.0;1.0;B01
67873;201500045015;0;7;0;0.0;2.0;8.0;11.0;A01
67874;201500045016;0;31;0;4.0;0.0;1.0;1.0;A01
67875;201500045017;0;7;0;0.0;2.0;4.0;1.0;A01
67876;201500045017;0;7;0;0.0;2.0;9.0;2.0;B01
67877;201500045017;0;7;0;0.0;2.0;1.0;2.0;C01
67878;201500045018;0;7;0;0.0;2.0;4.0;1.0;A01
67879;201500045018;2;7;0;0.0;2.0;1.0;1.0;B01
67880;201500045019;0;7;0;3.0;2.0;9.0;21.0;A01
67881;201500045019;0;7;0;0.0;2.0;1.0;1.0;B01
67882;201500045020;0;15;0;0.0;2.0;3.0;1.0;C01
67883;201500045020;0;10;0;0.0;2.0;1.0;2.0;A01
67884;201500045020;0;7;0;0.0;2.0;9.0;1.0;B01
67885;201500045021;0;7;0;0.0;2.0;6.0;1.0;C01
67886;201500045021;0;33;0;0.0;2.0;1.0;1.0;A01
67887;201500045021;0;7;0;0.0;0.0;0.0;12.0;B01
67888;201500045022;1;7;0;0.0;2.0;0.0;0.0;Z01
67889;201500045022;0;7;0;0.0;2.0;4.0;2.0;A01
67890;201500045023;0;33;0;0.0;2.0;1.0;2.0;B01
67891;201500045023;0;7;0;0.0;2.0;6.0;1.0;A01
67892;201500045025;0;7;0;0.0;2.0;8.0;11.0;A01
67893;201500045025;0;33;0;0.0;2.0;2.0;3.0;B01
67894;201500045026;0;10;0;0.0;2.0;1.0;2.0;A01
67895;201500045026;0;17;0;0.0;0.0;6.0;1.0;B01
67896;201500045028;0;7;0;0.0;2.0;1.0;2.0;C01
67897;201500045028;0;10;0;0.0;2.0;4.0;23.0;A01
67898;201500045028;0;10;0;0.0;2.0;9.0;23.0;B01
67899;201500045029;0;7;0;0.0;2.0;1.0;1.0;A01
67900;201500045029;0;7;0;0.0;2.0;2.0;12.0;B01
67901;201500045029;0;14;0;0.0;2.0;0.0;1.0;C01
67902;201500045029;0;7;0;0.0;2.0;5.0;1.0;D01