;Num_Acc;senc;catv;occutc;obs;obsm;choc;manv;num_veh
67903;201500045031;0;7;0;0.0;2.0;8.0;11.0;A01
67904;201500045031;0;33;0;0.0;2.0;7.0;1.0;B01
67905;201500045032;0;7;0;0.0;2.0;2.0;12.0;A01
67906;201500045032;0;33;0;0.0;2.0;8.0;1.0;B01
67907;201500045033;0;7;0;0.0;2.0;8.0;1.0;A01
67908;201500045033;0;17;0;0.0;2.0;2.0;12.0;B01
67909;201500045034;0;7;0;0.0;2.0;9.0;23.0;C01
67910;201500045034;0;7;0;0.0;2.0;4.0;23.0;D01
67911;201500045034;0;7;0;0.0;2.0;1.0;2.0;A01
67912;201500045034;0;7;0;0.0;2.0;9.0;2.0;B01
67913;201500045035;0;38;9;0.0;2.0;1.0;2.0;A01
67914;201500045035;0;7;0;0.0;2.0;4.0;2.0;B01
67915;201500045036;0;7;0;0.0;9.0;1.0;1.0;A01
67916;201500045036;1;15;0;0.0;0.0;0.0;0.0;Z01
67917;201500045038;0;15;0;0.0;2.0;2.0;12.0;A01
67918;201500045038;0;3;0;0.0;2.0;6.0;11.0;B01
67919;201500045039;0;7;0;0.0;2.0;3.0;11.0;A01
67920;201500045039;0;33;0;0.0;2.0;7.0;3.0;B01
67921;201500045040;0;7;0;0.0;0.0;3.0;13.0;A01
67922;201500045041;0;7;0;0.0;2.0;1.0;0.0;A01
67923;201500045041;0;7;0;0.0;0.0;0.0;0.0;B01
67924;201500045042;0;7;0;0.0;2.0;1.0;12.0;C01
67925;201500045042;0;7;0;0.0;2.0;4.0;1.0;A01
67926;201500045042;0;7;0;0.0;2.0;4.0;1.0;B01
67927;201500045043;0;33;0;0.0;2.0;8.0;3.0;A01
67928;201500045043;1;7;0;0.0;2.0;7.0;14.0;Z01
67929;201500045044;0;7;0;0.0;2.0;1.0;2.0;A01
67930;201500045044;0;7;0;0.0;2.0;4.0;1.0;B01
67931;201500045045;0;7;0;0.0;2.0;1.0;2.0;C01
67932;201500045045;0;7;0;0.0;2.0;4.0;1.0;A01
67933;201500045045;0;7;0;0.0;2.0;9.0;2.0;B01
67934;201500045046;0;7;0;4.0;0.0;1.0;1.0;A01
67935;201500045048;0;10;0;0.0;2.0;9.0;23.0;C01
67936;201500045048;0;7;0;0.0;2.0;9.0;23.0;E01
67937;201500045048;0;7;0;0.0;2.0;9.0;23.0;B01
67938;201500045048;0;7;0;0.0;2.0;1.0;2.0;F01
67939;201500045048;0;10;0;0.0;2.0;4.0;23.0;A01
67940;201500045048;0;7;0;0.0;2.0;9.0;23.0;D01
67941;201500045049;0;7;0;0.0;2.0;5.0;2.0;B01
67942;201500045049;0;7;0;0.0;2.0;3.0;2.0;A01
67943;201500045052;0;7;0;16.0;0.0;1.0;1.0;A01
67944;201500045053;0;31;0;0.0;0.0;9.0;16.0;A01
67945;201500045054;0;7;0;0.0;2.0;2.0;12.0;A01
67946;201500045054;0;7;0;0.0;2.0;8.0;2.0;B01
67947;201500045055;0;7;0;3.0;0.0;3.0;0.0;A01
67948;201500045056;0;7;0;0.0;2.0;4.0;2.0;B01
67949;201500045056;0;7;0;0.0;2.0;1.0;1.0;A01
67950;201500045057;0;10;0;0.0;2.0;1.0;1.0;A01
67951;201500045057;0;15;0;0.0;2.0;4.0;2.0;B01
67952;201500045058;0;7;0;4.0;0.0;0.0;0.0;A01
67953;201500045059;0;33;0;16.0;0.0;0.0;0.0;A01
67954;201500045060;0;7;0;0.0;0.0;9.0;0.0;A01
67955;201500045062;0;7;0;0.0;2.0;5.0;2.0;B01
67956;201500045062;0;15;0;0.0;2.0;2.0;1.0;A01
67957;201500045065;0;7;0;16.0;0.0;0.0;13.0;A01
67958;201500045066;0;7;0;0.0;2.0;6.0;2.0;A01
67959;201500045066;0;15;0;0.0;2.0;2.0;1.0;B01
67960;201500045067;0;7;0;6.0;0.0;9.0;0.0;A01
67961;201500045068;0;7;0;0.0;2.0;8.0;1.0;B01
67962;201500045068;0;37;2;0.0;2.0;9.0;1.0;A01
67963;201500045068;0;7;0;0.0;2.0;1.0;1.0;C01
67964;201500045069;0;7;0;0.0;2.0;3.0;0.0;A01
67965;201500045069;0;7;0;0.0;2.0;6.0;0.0;B01
67966;201500045070;1;1;0;0.0;2.0;0.0;11.0;Z01
67967;201500045070;0;7;0;0.0;2.0;9.0;0.0;A01
67968;201500045070;0;7;0;0.0;2.0;0.0;0.0;B01
67969;201500045071;0;7;0;4.0;0.0;9.0;0.0;A01
67970;201500045072;0;7;0;0.0;2.0;2.0;1.0;B01
67971;201500045072;0;15;0;0.0;2.0;6.0;11.0;A01
67972;201500045073;0;7;0;4.0;0.0;3.0;13.0;A01
67973;201500045074;0;15;0;0.0;2.0;6.0;1.0;A01
67974;201500045074;0;7;0;0.0;2.0;1.0;0.0;B01
67975;201500045078;0;7;0;4.0;0.0;3.0;13.0;A01
67976;201500045079;0;7;0;0.0;2.0;9.0;1.0;B01
67977;201500045079;0;7;0;0.0;2.0;4.0;1.0;C01
67978;201500045079;0;7;0;0.0;2.0;1.0;2.0;A01
67979;201500045080;0;7;0;4.0;0.0;9.0;13.0;A01
67980;201500045081;0;10;0;0.0;0.0;9.0;0.0;A01
67981;201500045082;0;7;0;16.0;0.0;9.0;1.0;A01
67982;201500045083;0;15;0;0.0;2.0;3.0;0.0;A01
67983;201500045083;0;10;0;0.0;2.0;0.0;0.0;C01
67984;201500045083;0;10;0;0.0;2.0;4.0;0.0;B01
67985;201500045083;0;10;0;0.0;2.0;0.0;0.0;D01
67986;201500045084;0;33;0;0.0;0.0;9.0;0.0;A01
67987;201500045085;0;7;0;0.0;2.0;6.0;12.0;A01
67988;201500045085;0;7;0;0.0;2.0;4.0;2.0;B01
67989;201500045085;0;33;0;0.0;2.0;9.0;3.0;C01
67990;201500045086;0;7;0;0.0;2.0;4.0;2.0;A01
67991;201500045086;0;31;0;0.0;2.0;1.0;1.0;B01
67992;201500045087;0;7;0;4.0;0.0;9.0;13.0;A01
67993;201500045088;0;38;0;0.0;2.0;7.0;0.0;B01
67994;201500045088;0;33;0;0.0;2.0;8.0;0.0;A01
67995;201500045089;0;33;0;0.0;2.0;1.0;0.0;A01
67996;201500045089;0;7;0;0.0;2.0;4.0;0.0;B01
67997;201500045090;0;7;0;0.0;2.0;4.0;2.0;A01
67998;201500045090;0;15;0;0.0;2.0;1.0;1.0;B01
67999;201500045091;0;7;0;0.0;2.0;0.0;0.0;B01
68000;201500045091;0;7;0;0.0;2.0;0.0;0.0;C01
68001;201500045091;0;7;0;0.0;2.0;0.0;0.0;A01
68002;201500045092;0;14;0;0.0;2.0;7.0;12.0;B01
68003;201500045092;0;7;0;4.0;2.0;8.0;0.0;A01
68004;201500045093;0;7;0;0.0;2.0;4.0;2.0;B01
68005;201500045093;0;7;0;0.0;2.0;2.0;1.0;A01
68006;201500045094;0;7;0;3.0;0.0;1.0;13.0;A01
68007;201500045095;0;34;0;0.0;2.0;4.0;1.0;B01
68008;201500045095;0;7;0;0.0;2.0;4.0;1.0;A01
68009;201500045096;0;7;0;4.0;0.0;3.0;1.0;A01
68010;201500045097;1;7;0;0.0;2.0;6.0;11.0;Z01
68011;201500045097;0;32;0;0.0;2.0;2.0;3.0;A01
68012;201500045098;0;7;0;4.0;0.0;1.0;12.0;A01
68013;201500045099;0;7;0;0.0;2.0;1.0;1.0;B01
68014;201500045099;0;7;0;3.0;2.0;4.0;2.0;A01
68015;201500045100;0;7;0;4.0;0.0;1.0;14.0;A01
68016;201500045101;0;7;0;3.0;0.0;9.0;1.0;A01
68017;201500045102;0;7;0;0.0;2.0;4.0;12.0;B01
68018;201500045102;0;7;0;0.0;2.0;1.0;2.0;A01
68019;201500045103;0;7;0;0.0;2.0;4.0;2.0;A01
68020;201500045103;0;7;0;0.0;2.0;1.0;2.0;B01
68021;201500045104;0;7;0;0.0;2.0;4.0;2.0;A01
68022;201500045104;0;15;0;0.0;2.0;1.0;1.0;B01
68023;201500045105;0;7;0;0.0;2.0;1.0;12.0;A01
68024;201500045105;0;7;0;0.0;2.0;8.0;1.0;B01
68025;201500045106;0;7;0;4.0;0.0;1.0;1.0;A01
68026;201500045107;0;7;0;0.0;2.0;4.0;2.0;B01
68027;201500045107;0;7;0;0.0;2.0;1.0;2.0;A01
68028;201500045107;0;33;0;0.0;2.0;1.0;3.0;C01
68029;201500045108;0;7;0;4.0;0.0;1.0;17.0;A01
68030;201500045110;0;7;0;0.0;2.0;6.0;2.0;B01
68031;201500045110;0;7;0;0.0;9.0;2.0;14.0;A01
68032;201500045111;0;3;0;4.0;0.0;1.0;14.0;A01
68033;201500045112;0;7;0;;2.0;3.0;2.0;B01
68034;201500045112;0;7;0;0.0;2.0;1.0;12.0;A01
68035;201500045113;0;7;0;3.0;0.0;1.0;12.0;A01
68036;201500045114;0;7;0;3.0;0.0;1.0;1.0;A01
68037;201500045115;0;31;0;0.0;2.0;7.0;0.0;A01
68038;201500045115;0;7;0;0.0;2.0;7.0;0.0;B01
68039;201500045117;0;7;0;0.0;2.0;3.0;1.0;B01
68040;201500045117;0;33;0;0.0;2.0;2.0;9.0;A01
68041;201500045118;0;7;0;4.0;0.0;3.0;13.0;A01
68042;201500045119;0;7;0;13.0;0.0;3.0;14.0;A01
68043;201500045120;0;7;0;4.0;0.0;3.0;13.0;A01
68044;201500045121;0;7;0;0.0;2.0;8.0;11.0;A01
68045;201500045121;0;33;0;0.0;2.0;7.0;2.0;B01
68046;201500045122;0;7;0;4.0;0.0;3.0;13.0;A01
68047;201500045123;0;7;0;0.0;2.0;0.0;0.0;C01
68048;201500045123;0;15;0;0.0;2.0;1.0;0.0;A01
68049;201500045123;0;7;0;0.0;2.0;0.0;0.0;B01
68050;201500045125;0;7;0;0.0;0.0;9.0;9.0;A01
68051;201500045126;0;7;0;4.0;0.0;1.0;13.0;A01
68052;201500045127;0;15;0;0.0;1.0;1.0;0.0;A01
68053;201500045128;0;34;0;0.0;0.0;0.0;0.0;A01
68054;201500045129;0;33;0;0.0;2.0;1.0;1.0;A01
68055;201500045129;0;7;0;0.0;2.0;6.0;11.0;B01
68056;201500045130;0;33;0;0.0;0.0;2.0;1.0;A01
68057;201500045131;0;7;0;0.0;2.0;4.0;2.0;A01
68058;201500045131;0;7;0;0.0;2.0;1.0;1.0;B01
68059;201500045132;0;33;0;0.0;2.0;6.0;2.0;B01
68060;201500045132;0;7;0;0.0;2.0;2.0;12.0;A01
68061;201500045133;0;14;0;0.0;2.0;6.0;2.0;B01
68062;201500045133;0;7;0;4.0;2.0;1.0;1.0;A01
68063;201500045134;0;33;0;0.0;0.0;0.0;0.0;A01
68064;201500045135;0;7;0;0.0;2.0;5.0;12.0;B01
68065;201500045135;0;33;0;0.0;2.0;3.0;3.0;A01
68066;201500045136;0;7;0;4.0;0.0;0.0;0.0;A01
68067;201500045137;0;7;0;3.0;0.0;3.0;1.0;A01
68068;201500045138;0;7;0;4.0;0.0;2.0;14.0;A01
68069;201500045139;0;7;0;0.0;2.0;4.0;0.0;A01
68070;201500045139;0;7;0;0.0;2.0;1.0;0.0;B01
68071;201500045140;0;7;0;0.0;2.0;4.0;0.0;A01
68072;201500045140;0;7;0;0.0;2.0;1.0;0.0;B01
68073;201500045140;0;7;0;0.0;2.0;0.0;0.0;C01
68074;201500045141;0;7;0;0.0;0.0;0.0;0.0;A01
68075;201500045142;0;7;0;0.0;2.0;0.0;0.0;A01
68076;201500045142;0;7;0;0.0;2.0;0.0;0.0;B01
68077;201500045146;2;7;0;0.0;2.0;3.0;0.0;C01
68078;201500045146;0;7;0;0.0;0.0;8.0;1.0;A01
68079;201500045146;0;7;0;0.0;0.0;8.0;1.0;B01
68080;201500045147;0;7;0;0.0;2.0;1.0;1.0;B01
68081;201500045147;0;7;0;0.0;2.0;1.0;1.0;C01
68082;201500045147;0;7;0;0.0;2.0;1.0;1.0;A01
68083;201500045148;0;7;0;4.0;0.0;9.0;0.0;A01
68084;201500045149;0;7;0;4.0;0.0;1.0;14.0;A01
68085;201500045150;0;33;0;0.0;0.0;7.0;0.0;A01
68086;201500045151;0;7;0;4.0;0.0;1.0;0.0;A01
68087;201500045152;0;7;0;4.0;0.0;1.0;13.0;A01
68088;201500045153;0;7;0;4.0;0.0;2.0;14.0;A01
68089;201500045154;0;10;0;0.0;2.0;1.0;0.0;D01
68090;201500045154;0;10;0;0.0;2.0;4.0;0.0;B01
68091;201500045154;0;10;0;0.0;2.0;4.0;0.0;A01
68092;201500045154;0;10;0;0.0;2.0;4.0;0.0;C01
68093;201500045155;0;7;0;0.0;2.0;8.0;11.0;A01
68094;201500045155;0;34;0;0.0;2.0;1.0;3.0;B01
68095;201500045156;0;7;0;0.0;2.0;1.0;0.0;A01
68096;201500045156;0;7;0;0.0;2.0;3.0;0.0;C01
68097;201500045156;0;15;0;0.0;2.0;4.0;0.0;B01
68098;201500045157;0;7;0;0.0;2.0;6.0;1.0;B01
68099;201500045157;0;17;0;0.0;2.0;2.0;1.0;A01
68100;201500045158;0;7;0;0.0;2.0;4.0;0.0;A01
68101;201500045158;0;7;0;0.0;2.0;1.0;0.0;B01
68102;201500045159;0;32;0;0.0;2.0;8.0;1.0;A01
68103;201500045159;0;7;0;0.0;2.0;2.0;0.0;B01
68104;201500045160;0;7;0;0.0;0.0;0.0;0.0;B01
68105;201500045160;0;7;0;0.0;2.0;4.0;0.0;A01
68106;201500045161;0;7;0;4.0;0.0;1.0;0.0;A01
68107;201500045162;0;7;0;0.0;2.0;3.0;11.0;A01
68108;201500045162;0;34;0;0.0;2.0;1.0;0.0;B01
68109;201500045163;0;7;0;0.0;2.0;3.0;5.0;A01
68110;201500045163;0;15;0;0.0;2.0;3.0;2.0;B01
68111;201500045164;0;7;0;0.0;0.0;4.0;2.0;B01
68112;201500045164;0;7;0;0.0;2.0;1.0;2.0;A01
68113;201500045165;0;7;0;3.0;0.0;0.0;0.0;A01
68114;201500045166;0;7;0;0.0;2.0;7.0;1.0;B01
68115;201500045166;0;7;0;0.0;2.0;4.0;2.0;C01
68116;201500045166;0;7;0;0.0;2.0;1.0;1.0;A01
68117;201500045167;0;34;0;0.0;0.0;0.0;0.0;A01
68118;201500045167;0;1;0;0.0;0.0;0.0;0.0;B01
68119;201500045167;0;1;0;0.0;0.0;0.0;0.0;C01
68120;201500045168;0;7;0;0.0;2.0;5.0;0.0;A01
68121;201500045168;0;7;0;0.0;2.0;3.0;0.0;B01
68122;201500045169;0;7;0;2.0;0.0;1.0;6.0;A01
68123;201500045170;0;7;0;4.0;0.0;1.0;14.0;A01
68124;201500045173;0;7;0;0.0;2.0;8.0;1.0;B01
68125;201500045173;0;7;0;0.0;2.0;2.0;18.0;A01
68126;201500045174;0;7;0;16.0;0.0;5.0;21.0;A01
68127;201500045175;0;7;0;0.0;2.0;0.0;0.0;D01
68128;201500045175;0;7;0;0.0;2.0;0.0;0.0;A01
68129;201500045175;0;7;0;0.0;2.0;0.0;0.0;B01
68130;201500045175;0;7;0;0.0;2.0;0.0;0.0;C01
68131;201500045176;0;34;0;0.0;1.0;2.0;2.0;A01
68132;201500045177;0;34;0;0.0;0.0;0.0;0.0;A01
68133;201500045178;0;7;0;4.0;0.0;2.0;14.0;A01
68134;201500045179;0;7;0;1.0;2.0;2.0;14.0;A01
68135;201500045179;0;7;0;0.0;2.0;6.0;24.0;B01
68136;201500045179;0;7;0;0.0;2.0;1.0;2.0;C01
68137;201500045179;0;7;0;0.0;2.0;1.0;2.0;D01
68138;201500045180;0;7;0;16.0;0.0;9.0;1.0;A01
68139;201500045181;0;7;0;0.0;2.0;1.0;1.0;A01
68140;201500045181;0;7;0;0.0;2.0;4.0;2.0;B01
68141;201500045182;0;7;0;0.0;0.0;0.0;0.0;A01
68142;201500045183;0;7;0;4.0;0.0;2.0;2.0;A01
68143;201500045186;0;1;0;5.0;0.0;8.0;14.0;A01
68144;201500045187;0;33;0;0.0;2.0;4.0;21.0;A01
68145;201500045187;0;7;0;0.0;2.0;3.0;9.0;B01
68146;201500045187;0;7;0;0.0;2.0;2.0;2.0;C01
68147;201500045188;0;7;0;0.0;2.0;1.0;0.0;A01
68148;201500045188;0;7;0;0.0;2.0;4.0;0.0;C01
68149;201500045188;0;15;0;0.0;2.0;4.0;0.0;D01
68150;201500045188;0;7;0;0.0;2.0;1.0;0.0;E01
68151;201500045188;0;7;0;0.0;2.0;1.0;0.0;B01
68152;201500045189;0;7;0;0.0;2.0;1.0;2.0;A01
68153;201500045189;0;7;0;0.0;2.0;4.0;2.0;B01
68154;201500045191;0;7;0;0.0;2.0;4.0;2.0;B01
68155;201500045191;0;7;0;0.0;2.0;9.0;1.0;A01
68156;201500045191;0;7;0;0.0;2.0;6.0;2.0;C01
68157;201500045192;0;33;0;0.0;0.0;1.0;0.0;A01
68158;201500045193;0;7;0;0.0;2.0;4.0;0.0;B01
68159;201500045193;0;7;0;0.0;2.0;1.0;2.0;A01
68160;201500045194;0;7;0;0.0;2.0;8.0;1.0;A01
68161;201500045194;0;14;0;0.0;2.0;2.0;9.0;B01
68162;201500045195;0;7;0;4.0;0.0;1.0;0.0;A01
68163;201500045195;0;7;0;1.0;2.0;2.0;0.0;B01
68164;201500045196;0;33;0;14.0;0.0;9.0;9.0;A01
68165;201500045197;1;7;0;0.0;2.0;1.0;1.0;Z01
68166;201500045197;0;7;0;0.0;2.0;4.0;2.0;A01
68167;201500045198;0;7;0;0.0;2.0;1.0;1.0;B01
68168;201500045198;0;7;0;3.0;0.0;1.0;1.0;A01
68169;201500045199;1;7;0;0.0;2.0;7.0;12.0;Z01
68170;201500045199;0;7;0;4.0;2.0;8.0;1.0;A01
68171;201500045200;0;10;0;3.0;0.0;1.0;2.0;A01
68172;201500045201;0;7;0;0.0;2.0;4.0;2.0;C01
68173;201500045201;0;7;0;0.0;2.0;4.0;2.0;B01
68174;201500045201;0;7;0;0.0;2.0;1.0;2.0;A01
68175;201500045202;0;7;0;4.0;0.0;1.0;16.0;A01
68176;201500045203;0;7;0;0.0;2.0;4.0;2.0;C01
68177;201500045203;0;7;0;0.0;2.0;6.0;2.0;A01
68178;201500045203;0;7;0;0.0;2.0;1.0;1.0;B01
68179;201500045206;0;7;0;0.0;2.0;0.0;0.0;A01
68180;201500045206;0;7;0;0.0;2.0;4.0;1.0;B01
68181;201500045207;0;7;0;0.0;2.0;9.0;2.0;C01
68182;201500045207;0;7;0;0.0;2.0;1.0;1.0;A01
68183;201500045207;0;7;0;0.0;2.0;9.0;2.0;B01
68184;201500045207;0;7;0;0.0;2.0;4.0;2.0;D01
68185;201500045208;0;7;0;3.0;0.0;1.0;1.0;A01
68186;201500045209;0;7;0;4.0;0.0;1.0;0.0;A01
68187;201500045210;0;7;0;0.0;2.0;1.0;1.0;A01
68188;201500045210;0;7;0;0.0;0.0;4.0;1.0;B01
68189;201500045211;0;10;0;3.0;0.0;1.0;1.0;A01
68190;201500045212;0;7;0;4.0;0.0;9.0;14.0;A01
68191;201500045213;0;7;0;0.0;2.0;1.0;1.0;A01
68192;201500045213;0;7;0;0.0;0.0;2.0;12.0;B01
68193;201500045214;0;31;0;4.0;0.0;9.0;0.0;A01
68194;201500045215;0;7;0;3.0;0.0;1.0;0.0;A01
68195;201500045216;0;31;0;13.0;0.0;7.0;14.0;A01
68196;201500045217;0;7;0;0.0;0.0;0.0;0.0;B01
68197;201500045217;0;7;0;0.0;0.0;1.0;0.0;A01
68198;201500045218;0;7;0;4.0;0.0;1.0;1.0;A01
68199;201500045219;0;7;0;3.0;0.0;7.0;14.0;A01
68200;201500045220;0;7;0;0.0;2.0;1.0;1.0;B01
68201;201500045220;0;7;0;0.0;2.0;4.0;2.0;A01
68202;201500045220;0;7;0;0.0;2.0;1.0;1.0;C01
68203;201500045220;0;7;0;0.0;2.0;4.0;1.0;D01
68204;201500045221;0;7;0;0.0;2.0;8.0;1.0;A01
68205;201500045221;0;14;0;0.0;2.0;0.0;0.0;B01
68206;201500045222;0;7;0;0.0;2.0;3.0;0.0;A01
68207;201500045222;0;7;0;4.0;2.0;8.0;19.0;B01
68208;201500045223;0;7;0;6.0;0.0;2.0;1.0;A01
68209;201500045224;0;7;0;0.0;2.0;4.0;2.0;B01
68210;201500045224;0;33;0;0.0;2.0;1.0;1.0;A01
68211;201500045225;0;7;0;0.0;2.0;9.0;2.0;B01
68212;201500045225;0;7;0;0.0;2.0;1.0;1.0;A01
68213;201500045225;0;7;0;0.0;2.0;4.0;2.0;C01
68214;201500045226;0;7;0;0.0;2.0;1.0;18.0;A01
68215;201500045226;0;7;0;0.0;2.0;4.0;1.0;B01
68216;201500045227;0;7;0;0.0;2.0;4.0;0.0;A01
68217;201500045227;0;34;0;0.0;2.0;1.0;2.0;B01
68218;201500045228;0;7;0;0.0;2.0;6.0;0.0;B01
68219;201500045228;0;7;0;0.0;2.0;2.0;0.0;A01
68220;201500045229;0;7;0;0.0;2.0;4.0;2.0;B01
68221;201500045229;0;15;0;0.0;2.0;1.0;1.0;A01
68222;201500045229;0;7;0;0.0;2.0;4.0;2.0;C01
68223;201500045232;0;7;0;3.0;0.0;1.0;0.0;A01
68224;201500045233;0;7;0;4.0;0.0;9.0;1.0;A01
68225;201500045234;0;7;0;14.0;0.0;0.0;0.0;C01
68226;201500045234;0;7;0;0.0;0.0;0.0;0.0;B01
68227;201500045234;0;10;0;0.0;0.0;0.0;0.0;A01
68228;201500045235;0;7;0;0.0;2.0;4.0;11.0;B01
68229;201500045235;0;7;0;0.0;2.0;1.0;2.0;C01
68230;201500045235;0;7;0;0.0;2.0;1.0;0.0;A01
68231;201500045236;0;10;0;4.0;;1.0;1.0;A01
68232;201500045237;0;7;0;4.0;0.0;3.0;13.0;A01
68233;201500045238;0;7;0;4.0;0.0;1.0;0.0;A01
68234;201500045240;0;7;0;0.0;2.0;4.0;0.0;B01
68235;201500045240;0;7;0;0.0;2.0;1.0;0.0;A01
68236;201500045241;0;7;0;16.0;0.0;9.0;1.0;A01
68237;201500045242;0;7;0;0.0;2.0;0.0;0.0;C01
68238;201500045242;0;33;0;0.0;2.0;0.0;0.0;B01
68239;201500045242;0;7;0;0.0;2.0;1.0;0.0;A01
68240;201500045243;0;7;0;0.0;2.0;4.0;2.0;B01
68241;201500045243;2;14;0;0.0;2.0;1.0;1.0;A01
68242;201500045244;0;7;0;0.0;2.0;4.0;0.0;C01
68243;201500045244;0;7;0;0.0;2.0;1.0;0.0;B01
68244;201500045244;0;7;0;0.0;2.0;1.0;0.0;A01
68245;201500045245;0;7;0;3.0;0.0;8.0;17.0;A01
68246;201500045246;0;7;0;0.0;2.0;2.0;1.0;A01
68247;201500045246;1;7;0;0.0;2.0;0.0;0.0;Z01
68248;201500045247;0;7;0;0.0;2.0;1.0;1.0;A01
68249;201500045247;0;7;0;0.0;2.0;4.0;2.0;B01
68250;201500045249;0;7;0;13.0;0.0;9.0;9.0;A01
68251;201500045250;0;10;0;0.0;2.0;1.0;2.0;C01
68252;201500045250;0;7;0;0.0;2.0;4.0;2.0;B01
68253;201500045250;0;7;0;0.0;2.0;4.0;2.0;A01
68254;201500045251;2;7;0;0.0;2.0;1.0;2.0;A01
68255;201500045251;0;10;0;0.0;2.0;1.0;2.0;B01
68256;201500045252;0;7;0;0.0;2.0;6.0;1.0;C01
68257;201500045252;0;33;0;0.0;2.0;7.0;2.0;A01
68258;201500045252;0;7;0;0.0;2.0;7.0;1.0;B01
68259;201500045253;0;10;0;0.0;2.0;3.0;11.0;B01
68260;201500045253;0;33;0;0.0;2.0;2.0;3.0;A01
68261;201500045254;0;15;0;0.0;2.0;4.0;2.0;B01
68262;201500045254;0;7;0;0.0;2.0;1.0;1.0;A01
68263;201500045254;0;10;0;0.0;2.0;4.0;2.0;C01
68264;201500045256;0;33;0;0.0;0.0;0.0;0.0;A01
68265;201500045257;0;7;0;0.0;2.0;1.0;2.0;A01
68266;201500045257;0;7;0;0.0;2.0;4.0;2.0;B01
68267;201500045257;0;7;0;0.0;2.0;0.0;0.0;D01
68268;201500045257;0;7;0;0.0;2.0;4.0;2.0;C01
68269;201500045258;0;15;0;3.0;2.0;1.0;1.0;A01
68270;201500045258;0;7;0;0.0;2.0;9.0;2.0;C01
68271;201500045258;0;10;0;0.0;2.0;4.0;2.0;B01
68272;201500045258;0;7;0;0.0;2.0;4.0;2.0;D01
68273;201500045259;0;10;0;0.0;2.0;1.0;1.0;A01
68274;201500045259;0;10;0;0.0;2.0;4.0;2.0;B01
68275;201500045260;0;7;0;0.0;2.0;4.0;2.0;B01
68276;201500045260;0;7;0;0.0;2.0;1.0;1.0;A01
68277;201500045261;0;7;0;0.0;2.0;1.0;0.0;B01
68278;201500045261;0;7;0;0.0;2.0;1.0;0.0;C01
68279;201500045261;0;7;0;0.0;2.0;4.0;0.0;A01
68280;201500045262;0;33;0;0.0;2.0;3.0;2.0;A01
68281;201500045263;0;7;0;0.0;2.0;2.0;12.0;A01
68282;201500045263;0;34;0;0.0;2.0;1.0;1.0;B01
68283;201500045264;0;7;0;0.0;2.0;4.0;2.0;A01
68284;201500045264;0;7;0;2.0;2.0;1.0;1.0;B01
68285;201500045265;0;7;0;0.0;2.0;4.0;0.0;B01
68286;201500045265;0;7;0;0.0;2.0;1.0;0.0;A01
68287;201500045265;0;7;0;0.0;2.0;4.0;0.0;C01
68288;201500045266;0;7;0;0.0;2.0;4.0;0.0;A01
68289;201500045266;0;7;0;0.0;2.0;1.0;0.0;B01
68290;201500045267;0;7;0;0.0;2.0;4.0;13.0;B01
68291;201500045267;0;31;0;0.0;2.0;1.0;1.0;A01
68292;201500045268;0;33;0;0.0;2.0;1.0;13.0;B01
68293;201500045268;0;7;0;0.0;2.0;4.0;0.0;A01
68294;201500045269;0;7;0;0.0;2.0;1.0;2.0;A01
68295;201500045269;0;7;0;0.0;2.0;4.0;2.0;B01
68296;201500045271;0;7;0;0.0;2.0;8.0;0.0;C01
68297;201500045271;0;7;0;0.0;2.0;1.0;0.0;A01
68298;201500045271;0;7;0;0.0;2.0;8.0;0.0;B01
68299;201500045272;0;10;0;4.0;0.0;3.0;13.0;A01
68300;201500045273;0;34;0;0.0;2.0;2.0;3.0;A01
68301;201500045273;0;7;0;0.0;0.0;8.0;1.0;B01
68302;201500045274;0;33;0;0.0;2.0;4.0;1.0;B01
68303;201500045274;0;10;0;0.0;2.0;1.0;2.0;A01
68304;201500045275;0;34;0;0.0;2.0;1.0;3.0;A01
68305;201500045275;0;7;0;0.0;2.0;8.0;0.0;B01
68306;201500045276;0;7;0;0.0;2.0;7.0;12.0;A01
68307;201500045276;0;31;0;0.0;2.0;1.0;3.0;B01
68308;201500045276;0;7;0;0.0;2.0;4.0;1.0;C01
68309;201500045277;0;33;0;0.0;0.0;7.0;2.0;A01
68310;201500045279;0;7;0;14.0;0.0;1.0;2.0;B01
68311;201500045279;0;7;0;4.0;0.0;3.0;1.0;A01
68312;201500045281;0;33;0;0.0;2.0;1.0;11.0;A01
68313;201500045281;0;7;0;0.0;2.0;4.0;2.0;C01
68314;201500045281;0;7;0;0.0;2.0;3.0;11.0;B01
68315;201500045282;1;7;0;0.0;2.0;0.0;0.0;Z01
68316;201500045282;0;33;0;0.0;2.0;0.0;0.0;A01
68317;201500045283;0;7;0;0.0;2.0;0.0;0.0;B01
68318;201500045283;0;7;0;0.0;2.0;0.0;0.0;A01
68319;201500045284;0;7;0;0.0;2.0;4.0;0.0;B01
68320;201500045284;0;7;0;0.0;2.0;1.0;1.0;A01
68321;201500045285;0;7;0;0.0;2.0;0.0;0.0;B01
68322;201500045285;0;7;0;0.0;2.0;1.0;0.0;A01
68323;201500045285;0;7;0;0.0;2.0;1.0;2.0;C01
68324;201500045286;0;33;0;0.0;2.0;2.0;1.0;A01