;Num_Acc;senc;catv;occutc;obs;obsm;choc;manv;num_veh
68325;201500045286;0;7;0;0.0;2.0;3.0;11.0;B01
68326;201500045287;0;7;0;0.0;2.0;1.0;0.0;B01
68327;201500045287;0;7;0;0.0;2.0;4.0;0.0;C01
68328;201500045287;0;7;0;0.0;2.0;1.0;0.0;A01
68329;201500045288;0;14;0;0.0;0.0;8.0;0.0;A01
68330;201500045289;0;7;0;4.0;0.0;1.0;0.0;A01
68331;201500045290;1;10;0;0.0;2.0;0.0;0.0;Z01
68332;201500045290;0;33;0;0.0;2.0;3.0;3.0;A01
68333;201500045291;0;33;0;0.0;2.0;1.0;3.0;A01
68334;201500045291;1;7;0;0.0;2.0;4.0;11.0;Z01
68335;201500045294;0;7;0;0.0;2.0;0.0;0.0;A01
68336;201500045294;0;7;0;0.0;2.0;0.0;0.0;B01
68337;201500045295;0;3;0;4.0;0.0;9.0;1.0;A01
68338;201500045297;0;7;0;0.0;2.0;0.0;0.0;B01
68339;201500045297;0;7;0;0.0;2.0;7.0;12.0;A01
68340;201500045298;0;10;0;0.0;2.0;1.0;2.0;A01
68341;201500045298;0;7;0;0.0;2.0;4.0;0.0;B01
68342;201500045298;0;7;0;0.0;2.0;0.0;0.0;C01
68343;201500045299;0;15;0;0.0;2.0;7.0;0.0;B01
68344;201500045299;0;7;0;0.0;2.0;9.0;0.0;A01
68345;201500045300;0;7;0;4.0;0.0;0.0;0.0;C01
68346;201500045300;0;15;0;0.0;2.0;2.0;2.0;A01
68347;201500045300;0;7;0;0.0;2.0;8.0;9.0;B01
68348;201500045302;0;7;0;0.0;2.0;7.0;1.0;B01
68349;201500045302;0;7;0;0.0;2.0;3.0;11.0;A01
68350;201500045303;0;33;0;0.0;2.0;1.0;1.0;B01
68351;201500045303;0;7;0;0.0;2.0;5.0;12.0;A01
68352;201500045304;0;7;0;0.0;2.0;6.0;2.0;B01
68353;201500045304;2;7;0;0.0;2.0;1.0;12.0;A01
68354;201500045305;0;34;0;0.0;2.0;1.0;3.0;A01
68355;201500045305;0;7;0;0.0;2.0;6.0;1.0;B01
68356;201500045306;0;7;0;3.0;0.0;1.0;12.0;A01
68357;201500045307;0;7;0;4.0;0.0;8.0;13.0;A01
68358;201500045308;0;7;0;3.0;0.0;9.0;2.0;A01
68359;201500045309;1;7;0;0.0;2.0;0.0;0.0;Z01
68360;201500045309;0;7;0;0.0;2.0;1.0;2.0;A01
68361;201500045309;0;7;0;0.0;2.0;4.0;2.0;C01
68362;201500045310;0;7;0;0.0;2.0;1.0;1.0;B01
68363;201500045310;0;7;0;0.0;2.0;4.0;2.0;A01
68364;201500045311;0;7;0;0.0;2.0;3.0;2.0;B01
68365;201500045311;0;7;0;0.0;9.0;0.0;1.0;A01
68366;201500045312;0;7;0;16.0;0.0;1.0;1.0;A01
68367;201500045313;1;7;0;0.0;2.0;0.0;0.0;Z01
68368;201500045313;0;7;0;0.0;2.0;4.0;2.0;A01
68369;201500045314;0;7;0;0.0;2.0;4.0;2.0;D01
68370;201500045314;0;7;0;0.0;2.0;4.0;2.0;B01
68371;201500045314;0;7;0;0.0;2.0;1.0;2.0;A01
68372;201500045314;0;7;0;0.0;2.0;6.0;2.0;C01
68373;201500045315;0;7;0;0.0;2.0;4.0;2.0;B01
68374;201500045315;0;10;0;0.0;2.0;1.0;2.0;A01
68375;201500045316;0;7;0;4.0;0.0;1.0;14.0;A01
68376;201500045317;0;7;0;4.0;0.0;1.0;0.0;A01
68377;201500045318;0;7;0;4.0;0.0;2.0;0.0;A01
68378;201500045319;1;7;0;0.0;2.0;0.0;0.0;Z01
68379;201500045319;0;7;0;0.0;2.0;3.0;1.0;A01
68380;201500045320;0;7;0;0.0;2.0;3.0;1.0;B01
68381;201500045320;0;7;0;4.0;2.0;1.0;18.0;A01
68382;201500045321;0;7;0;4.0;0.0;8.0;13.0;A01
68383;201500045322;0;7;0;3.0;0.0;9.0;14.0;A01
68384;201500045323;0;7;0;0.0;2.0;3.0;2.0;B01
68385;201500045323;0;7;0;0.0;2.0;2.0;1.0;A01
68386;201500045324;0;7;0;4.0;0.0;3.0;13.0;A01
68387;201500045325;0;7;0;0.0;0.0;0.0;0.0;A01
68388;201500045327;0;7;0;4.0;0.0;0.0;0.0;A01
68389;201500045328;0;7;0;0.0;2.0;8.0;1.0;A01
68390;201500045328;0;33;0;0.0;2.0;7.0;3.0;B01
68391;201500045329;0;7;0;0.0;0.0;9.0;2.0;A01
68392;201500045330;0;10;0;0.0;2.0;1.0;1.0;A01
68393;201500045331;0;33;0;0.0;2.0;2.0;3.0;A01
68394;201500045331;0;7;0;0.0;2.0;6.0;2.0;B01
68395;201500045332;0;15;0;5.0;0.0;1.0;13.0;A01
68396;201500045333;0;7;0;0.0;2.0;6.0;1.0;B01
68397;201500045333;0;7;0;0.0;2.0;4.0;1.0;C01
68398;201500045333;0;7;0;0.0;2.0;8.0;1.0;D01
68399;201500045333;0;33;0;0.0;2.0;1.0;3.0;A01
68400;201500045334;0;15;0;0.0;2.0;2.0;12.0;A01
68401;201500045334;0;7;0;0.0;2.0;9.0;1.0;B01
68402;201500045335;0;7;0;3.0;0.0;1.0;2.0;A01
68403;201500045337;0;7;0;4.0;0.0;0.0;0.0;A01
68404;201500045338;0;7;0;4.0;0.0;1.0;13.0;A01
68405;201500045340;0;33;0;0.0;2.0;1.0;3.0;B01
68406;201500045340;0;10;0;0.0;2.0;3.0;11.0;A01
68407;201500045341;0;33;0;0.0;2.0;1.0;1.0;B01
68408;201500045341;0;7;0;0.0;2.0;4.0;2.0;A01
68409;201500045343;0;33;0;0.0;2.0;2.0;3.0;B01
68410;201500045343;0;7;0;0.0;2.0;4.0;1.0;C01
68411;201500045343;0;7;0;0.0;2.0;8.0;1.0;A01
68412;201500045344;0;7;0;0.0;2.0;4.0;2.0;B01
68413;201500045344;0;7;0;0.0;2.0;1.0;2.0;A01
68414;201500045345;0;7;0;0.0;2.0;6.0;0.0;A01
68415;201500045346;0;7;0;4.0;0.0;2.0;14.0;A01
68416;201500045347;2;7;0;16.0;0.0;9.0;1.0;A01
68417;201500045349;0;7;0;4.0;0.0;6.0;2.0;A01
68418;201500045349;1;7;0;0.0;2.0;0.0;0.0;Z01
68419;201500045350;0;7;0;0.0;2.0;2.0;2.0;A01
68420;201500045350;0;7;0;0.0;0.0;6.0;11.0;B01
68421;201500045350;0;7;0;0.0;2.0;6.0;2.0;C01
68422;201500045351;0;33;0;0.0;2.0;1.0;0.0;A01
68423;201500045351;0;7;0;0.0;2.0;4.0;0.0;B01
68424;201500045352;0;7;0;0.0;2.0;5.0;12.0;A01
68425;201500045352;0;33;0;0.0;2.0;9.0;1.0;B01
68426;201500045353;0;7;0;0.0;2.0;1.0;2.0;A01
68427;201500045353;0;7;0;0.0;2.0;4.0;2.0;B01
68428;201500045354;0;7;0;0.0;2.0;8.0;11.0;B01
68429;201500045354;0;33;0;0.0;2.0;1.0;3.0;A01
68430;201500045355;0;7;0;4.0;0.0;3.0;13.0;A01
68431;201500045356;0;7;0;0.0;2.0;8.0;1.0;B01
68432;201500045356;0;7;0;0.0;2.0;2.0;9.0;A01
68433;201500045357;0;7;0;0.0;2.0;4.0;2.0;A01
68434;201500045357;0;7;0;0.0;2.0;1.0;1.0;B01
68435;201500045357;0;7;0;0.0;2.0;4.0;2.0;C01
68436;201500045358;0;15;0;0.0;2.0;1.0;1.0;A01
68437;201500045358;0;15;0;0.0;2.0;4.0;11.0;B01
68438;201500045360;0;7;0;0.0;2.0;4.0;0.0;C01
68439;201500045360;0;33;0;0.0;2.0;1.0;0.0;A01
68440;201500045360;0;33;0;0.0;2.0;4.0;0.0;B01
68441;201500045361;0;7;0;0.0;2.0;7.0;1.0;B01
68442;201500045361;0;7;0;3.0;2.0;1.0;18.0;A01
68443;201500045362;0;7;0;0.0;2.0;6.0;2.0;A01
68444;201500045363;0;32;0;0.0;2.0;8.0;0.0;A01
68445;201500045363;1;7;0;0.0;2.0;0.0;0.0;Z01
68446;201500045364;0;7;0;4.0;0.0;9.0;14.0;A01
68447;201500045365;0;7;0;4.0;0.0;9.0;14.0;A01
68448;201500045366;0;7;0;3.0;9.0;9.0;1.0;A01
68449;201500045367;0;7;0;0.0;0.0;0.0;0.0;C01
68450;201500045367;0;15;0;0.0;0.0;0.0;0.0;B01
68451;201500045367;0;7;0;0.0;2.0;0.0;0.0;A01
68452;201500045368;0;33;0;0.0;2.0;1.0;0.0;A01
68453;201500045368;0;7;0;0.0;2.0;6.0;0.0;B01
68454;201500045369;0;7;0;0.0;2.0;4.0;2.0;A01
68455;201500045369;0;7;0;0.0;2.0;1.0;2.0;E01
68456;201500045369;0;99;0;0.0;2.0;4.0;2.0;D01
68457;201500045369;0;99;0;0.0;2.0;4.0;2.0;C01
68458;201500045369;0;7;0;0.0;2.0;4.0;2.0;B01
68459;201500045371;0;7;0;0.0;2.0;1.0;1.0;A01
68460;201500045371;0;7;0;0.0;2.0;4.0;2.0;B01
68461;201500045372;0;7;0;0.0;2.0;8.0;0.0;A01
68462;201500045372;0;7;0;0.0;2.0;0.0;0.0;B01
68463;201500045373;0;14;0;0.0;2.0;1.0;2.0;A01
68464;201500045373;0;34;0;0.0;2.0;1.0;3.0;C01
68465;201500045373;0;7;0;0.0;2.0;4.0;2.0;B01
68466;201500045375;0;7;0;0.0;2.0;4.0;2.0;B01
68467;201500045375;0;7;0;0.0;2.0;1.0;2.0;A01
68468;201500045376;0;7;0;4.0;0.0;2.0;21.0;A01
68469;201500045377;0;7;0;0.0;2.0;4.0;1.0;A01
68470;201500045377;0;7;0;0.0;2.0;2.0;2.0;B01
68471;201500045378;0;7;0;0.0;2.0;6.0;23.0;B01
68472;201500045378;0;10;0;0.0;2.0;2.0;14.0;A01
68473;201500045379;0;7;0;0.0;2.0;1.0;2.0;A01
68474;201500045379;0;7;0;0.0;2.0;4.0;2.0;B01
68475;201500045380;0;7;0;0.0;2.0;0.0;0.0;B01
68476;201500045380;0;15;0;0.0;2.0;0.0;0.0;A01
68477;201500045381;0;33;0;16.0;0.0;9.0;1.0;A01
68478;201500045382;0;7;0;16.0;0.0;9.0;1.0;A01
68479;201500045383;0;7;0;0.0;9.0;1.0;1.0;A01
68480;201500045384;0;7;0;0.0;2.0;4.0;2.0;C01
68481;201500045384;0;7;0;0.0;2.0;1.0;2.0;A01
68482;201500045384;0;7;0;0.0;2.0;4.0;2.0;B01
68483;201500045385;0;7;0;16.0;0.0;9.0;1.0;A01
68484;201500045386;0;7;0;0.0;2.0;3.0;1.0;A01
68485;201500045386;0;7;0;0.0;2.0;7.0;12.0;B01
68486;201500045388;0;7;0;3.0;2.0;1.0;13.0;A01
68487;201500045388;0;7;0;0.0;2.0;5.0;2.0;C01
68488;201500045388;0;10;0;0.0;2.0;4.0;2.0;B01
68489;201500045390;0;7;0;3.0;0.0;1.0;0.0;A01
68490;201500045391;0;7;0;0.0;2.0;1.0;0.0;A01
68491;201500045391;0;7;0;0.0;2.0;4.0;0.0;B01
68492;201500045392;0;7;0;4.0;0.0;9.0;0.0;A01
68493;201500045393;0;7;0;0.0;0.0;0.0;0.0;A01
68494;201500045393;0;7;0;0.0;0.0;0.0;0.0;B01
68495;201500045393;1;13;0;0.0;0.0;0.0;0.0;Z01
68496;201500045394;0;14;0;0.0;2.0;2.0;12.0;B01
68497;201500045394;0;7;0;4.0;0.0;2.0;21.0;A01
68498;201500045395;0;7;0;0.0;2.0;4.0;2.0;B01
68499;201500045395;0;7;0;0.0;2.0;1.0;1.0;A01
68500;201500045396;0;7;0;0.0;2.0;1.0;2.0;A01
68501;201500045396;0;7;0;0.0;2.0;4.0;2.0;B01
68502;201500045397;0;7;0;4.0;0.0;9.0;13.0;A01
68503;201500045398;0;7;0;4.0;0.0;9.0;13.0;A01
68504;201500045399;0;7;0;4.0;0.0;2.0;14.0;A01
68505;201500045401;0;7;0;4.0;0.0;3.0;13.0;A01
68506;201500045402;0;7;0;13.0;0.0;1.0;13.0;A01
68507;201500045403;0;7;0;4.0;0.0;9.0;1.0;A01
68508;201500045404;0;15;0;0.0;2.0;8.0;1.0;A01
68509;201500045404;0;7;0;0.0;2.0;7.0;1.0;B01
68510;201500045405;0;15;0;0.0;2.0;2.0;0.0;B01
68511;201500045405;0;7;0;0.0;2.0;8.0;0.0;A01
68512;201500045406;0;10;0;0.0;2.0;4.0;2.0;A01
68513;201500045406;0;31;0;0.0;2.0;1.0;2.0;B01
68514;201500045407;0;34;0;4.0;2.0;7.0;3.0;A01
68515;201500045407;0;7;0;0.0;2.0;6.0;11.0;B01
68516;201500045408;0;7;0;0.0;2.0;4.0;0.0;A01
68517;201500045408;0;33;0;0.0;2.0;1.0;0.0;B01
68518;201500045409;0;7;0;0.0;2.0;6.0;2.0;B01
68519;201500045409;0;7;0;0.0;2.0;4.0;23.0;D01
68520;201500045409;0;33;0;0.0;2.0;2.0;1.0;A01
68521;201500045409;0;7;0;0.0;2.0;4.0;2.0;C01
68522;201500045411;0;33;0;0.0;2.0;1.0;0.0;A01
68523;201500045411;0;7;0;0.0;2.0;4.0;0.0;B01
68524;201500045412;0;7;0;0.0;2.0;5.0;0.0;B01
68525;201500045412;0;33;0;0.0;2.0;3.0;3.0;A01
68526;201500045413;0;33;0;0.0;0.0;7.0;1.0;A01
68527;201500045414;0;10;0;5.0;0.0;9.0;14.0;A01
68528;201500045416;0;7;0;13.0;0.0;7.0;16.0;A01
68529;201500045418;0;7;0;4.0;0.0;9.0;1.0;A01
68530;201500045419;0;15;0;4.0;0.0;9.0;13.0;A01
68531;201500045420;0;7;0;4.0;0.0;2.0;14.0;A01
68532;201500045423;0;7;0;4.0;0.0;1.0;15.0;A01
68533;201500045424;0;7;0;4.0;0.0;1.0;1.0;A01
68534;201500045425;0;7;0;3.0;0.0;1.0;13.0;A01
68535;201500045426;0;7;0;3.0;0.0;1.0;0.0;A01
68536;201500045427;0;7;0;0.0;2.0;1.0;1.0;A01
68537;201500045427;0;7;0;0.0;2.0;4.0;2.0;B01
68538;201500045428;0;7;0;0.0;2.0;1.0;1.0;A01
68539;201500045428;0;7;0;0.0;2.0;4.0;2.0;B01
68540;201500045429;0;7;0;4.0;0.0;2.0;2.0;A01
68541;201500045430;0;7;0;0.0;0.0;4.0;0.0;A01
68542;201500045431;0;7;0;4.0;0.0;2.0;14.0;A01
68543;201500045432;0;7;0;4.0;0.0;8.0;13.0;A01
68544;201500045433;0;7;0;4.0;0.0;1.0;13.0;A01
68545;201500045434;0;7;0;3.0;0.0;1.0;16.0;A01
68546;201500045435;0;7;0;3.0;0.0;1.0;0.0;A01
68547;201500045436;0;7;0;3.0;0.0;1.0;12.0;A01
68548;201500045437;0;7;0;0.0;2.0;1.0;2.0;B01
68549;201500045437;0;7;0;4.0;0.0;1.0;1.0;A01
68550;201500045438;0;7;0;4.0;0.0;0.0;0.0;A01
68551;201500045439;0;7;0;6.0;0.0;1.0;14.0;A01
68552;201500045440;0;7;0;4.0;0.0;2.0;14.0;A01
68553;201500045441;0;7;0;0.0;2.0;4.0;0.0;B01
68554;201500045441;0;7;0;0.0;2.0;1.0;0.0;A01
68555;201500045442;0;32;0;4.0;0.0;1.0;3.0;A01
68556;201500045443;0;7;0;0.0;2.0;4.0;23.0;A01
68557;201500045443;0;7;0;0.0;2.0;1.0;23.0;B01
68558;201500045444;0;7;0;3.0;0.0;1.0;1.0;A01
68559;201500045445;0;10;0;0.0;2.0;2.0;14.0;A01
68560;201500045445;0;15;0;0.0;2.0;6.0;1.0;B01
68561;201500045446;0;7;0;0.0;2.0;1.0;1.0;C01
68562;201500045446;0;7;0;0.0;2.0;3.0;9.0;A01
68563;201500045446;0;7;0;0.0;2.0;2.0;1.0;B01
68564;201500045447;0;7;0;4.0;2.0;1.0;0.0;A01
68565;201500045447;0;7;0;0.0;2.0;4.0;23.0;B01
68566;201500045448;0;7;0;4.0;0.0;1.0;0.0;A01
68567;201500045449;0;7;0;4.0;0.0;2.0;0.0;A01
68568;201500045450;0;7;0;0.0;2.0;4.0;1.0;B01
68569;201500045450;0;13;0;0.0;2.0;1.0;2.0;A01
68570;201500045451;0;7;0;0.0;0.0;3.0;2.0;A01
68571;201500045452;0;7;0;0.0;9.0;2.0;2.0;A01
68572;201500045453;0;7;0;4.0;0.0;1.0;1.0;A01
68573;201500045454;0;7;0;13.0;0.0;7.0;14.0;A01
68574;201500045455;0;13;0;0.0;2.0;7.0;0.0;A01
68575;201500045455;0;33;0;0.0;2.0;1.0;0.0;C01
68576;201500045455;0;7;0;0.0;2.0;8.0;0.0;B01
68577;201500045456;0;7;0;4.0;0.0;1.0;0.0;A01
68578;201500045457;0;7;0;0.0;2.0;1.0;0.0;C01
68579;201500045457;0;7;0;0.0;2.0;4.0;0.0;A01
68580;201500045457;0;7;0;0.0;2.0;4.0;0.0;B01
68581;201500045458;0;7;0;0.0;0.0;6.0;0.0;A01
68582;201500045458;0;15;0;1.0;0.0;2.0;13.0;B01
68583;201500045459;0;34;0;16.0;0.0;8.0;0.0;A01
68584;201500045460;0;10;0;0.0;2.0;1.0;0.0;A01
68585;201500045460;0;7;0;0.0;2.0;4.0;0.0;B01
68586;201500045461;0;7;0;0.0;2.0;1.0;2.0;A01
68587;201500045461;0;7;0;0.0;2.0;4.0;1.0;C01
68588;201500045461;0;7;0;0.0;2.0;4.0;2.0;B01
68589;201500045462;0;7;0;4.0;0.0;3.0;13.0;A01
68590;201500045463;0;7;0;4.0;0.0;3.0;0.0;A01
68591;201500045464;1;7;0;0.0;1.0;2.0;2.0;C01
68592;201500045464;0;7;0;0.0;2.0;4.0;2.0;B01
68593;201500045468;0;33;0;0.0;2.0;8.0;0.0;B01
68594;201500045468;0;7;0;0.0;2.0;7.0;0.0;A01
68595;201500045469;0;33;0;13.0;0.0;1.0;0.0;A01
68596;201500045470;0;33;0;4.0;0.0;1.0;14.0;A01
68597;201500045471;0;7;0;0.0;2.0;2.0;1.0;B01
68598;201500045471;0;7;0;0.0;2.0;4.0;2.0;A01
68599;201500045472;0;7;0;0.0;2.0;2.0;12.0;A01
68600;201500045472;0;33;0;0.0;2.0;1.0;3.0;B01
68601;201500045475;0;7;0;4.0;0.0;1.0;2.0;A01
68602;201500045476;0;33;0;0.0;0.0;8.0;9.0;A01
68603;201500045477;0;7;0;4.0;0.0;1.0;1.0;A01
68604;201500045478;1;7;0;0.0;0.0;0.0;0.0;Z01
68605;201500045478;0;7;0;0.0;2.0;1.0;2.0;B01
68606;201500045478;1;7;0;0.0;2.0;8.0;2.0;A01
68607;201500045479;0;10;0;4.0;0.0;1.0;13.0;A01
68608;201500045480;0;7;0;16.0;0.0;8.0;13.0;A01
68609;201500045481;0;7;0;0.0;2.0;4.0;0.0;D01
68610;201500045481;0;7;0;0.0;2.0;5.0;0.0;C01
68611;201500045481;0;7;0;0.0;2.0;1.0;0.0;B01
68612;201500045481;0;7;0;0.0;2.0;6.0;0.0;E01
68613;201500045481;0;7;0;0.0;2.0;4.0;0.0;A01
68614;201500045482;0;7;0;0.0;2.0;4.0;2.0;B01
68615;201500045482;0;14;0;0.0;2.0;1.0;1.0;A01
68616;201500045483;0;7;0;0.0;2.0;5.0;2.0;B01
68617;201500045483;0;7;0;0.0;2.0;3.0;1.0;A01
68618;201500045484;0;7;0;0.0;2.0;1.0;0.0;A01
68619;201500045484;0;7;0;0.0;2.0;5.0;0.0;B01
68620;201500045485;0;33;0;0.0;2.0;8.0;0.0;A01
68621;201500045485;0;10;0;0.0;2.0;5.0;0.0;B01
68622;201500045486;0;7;0;0.0;2.0;8.0;2.0;A01
68623;201500045486;0;7;0;0.0;2.0;3.0;0.0;B01
68624;201500045487;0;7;0;0.0;2.0;2.0;1.0;B01
68625;201500045487;0;7;0;0.0;2.0;2.0;1.0;C01
68626;201500045487;0;15;0;0.0;2.0;8.0;11.0;A01
68627;201500045488;0;15;0;16.0;2.0;2.0;0.0;C01
68628;201500045488;0;7;0;0.0;2.0;2.0;0.0;A01
68629;201500045488;0;7;0;0.0;2.0;6.0;0.0;B01
68630;201500045489;0;7;0;3.0;2.0;4.0;0.0;A01
68631;201500045489;0;7;0;0.0;2.0;1.0;1.0;B01
68632;201500045490;0;7;0;0.0;2.0;2.0;0.0;C01
68633;201500045490;0;15;0;0.0;2.0;2.0;3.0;A01
68634;201500045490;0;7;0;0.0;2.0;7.0;2.0;B01
68635;201500045491;0;7;0;0.0;2.0;8.0;0.0;B01
68636;201500045491;0;14;0;0.0;2.0;2.0;14.0;A01
68637;201500045492;0;33;0;0.0;2.0;3.0;1.0;B01
68638;201500045492;0;10;0;0.0;2.0;3.0;1.0;A01
68639;201500045493;0;33;0;0.0;2.0;1.0;3.0;C01
68640;201500045493;0;7;0;0.0;2.0;8.0;0.0;A01
68641;201500045493;0;7;0;0.0;2.0;6.0;0.0;B01
68642;201500045494;0;14;0;0.0;2.0;3.0;0.0;B01
68643;201500045494;0;7;0;0.0;2.0;2.0;0.0;A01
68644;201500045495;0;7;0;0.0;2.0;3.0;0.0;A01
68645;201500045495;0;7;0;0.0;2.0;5.0;0.0;B01
68646;201500045496;0;7;0;16.0;0.0;0.0;0.0;A01
68647;201500045496;0;7;0;16.0;0.0;0.0;0.0;B01
68648;201500045497;0;7;0;0.0;2.0;4.0;0.0;A01
68649;201500045497;0;7;0;0.0;2.0;1.0;0.0;B01
68650;201500045498;0;33;0;0.0;2.0;1.0;11.0;A01
68651;201500045498;0;7;0;0.0;2.0;6.0;0.0;B01
68652;201500045499;0;7;0;0.0;2.0;4.0;0.0;E01
68653;201500045499;0;7;0;0.0;2.0;1.0;0.0;A01
68654;201500045499;0;7;0;0.0;2.0;4.0;2.0;B01
68655;201500045499;0;7;0;0.0;2.0;4.0;2.0;C01
68656;201500045499;0;7;0;0.0;2.0;4.0;0.0;D01
68657;201500045500;0;7;0;0.0;2.0;4.0;2.0;B01
68658;201500045500;0;7;0;0.0;2.0;1.0;2.0;A01
68659;201500045500;0;7;0;0.0;2.0;1.0;2.0;C01
68660;201500045500;0;10;0;0.0;2.0;4.0;0.0;D01
68661;201500045501;0;7;0;0.0;2.0;4.0;0.0;B01
68662;201500045501;0;15;0;0.0;2.0;1.0;0.0;A01
68663;201500045502;0;33;0;0.0;2.0;2.0;3.0;A01
68664;201500045502;0;7;0;0.0;2.0;6.0;11.0;B01
68665;201500045502;0;7;0;0.0;2.0;7.0;1.0;C01
68666;201500045503;0;10;0;0.0;1.0;1.0;1.0;A01
68667;201500045504;0;99;0;0.0;0.0;9.0;0.0;A01
68668;201500045505;0;33;0;0.0;2.0;1.0;2.0;A01
68669;201500045505;0;7;0;0.0;2.0;6.0;2.0;B01
68670;201500045506;0;7;0;4.0;0.0;2.0;1.0;A01
68671;201500045507;0;7;0;0.0;2.0;4.0;2.0;A01
68672;201500045507;0;7;0;0.0;2.0;4.0;2.0;B01
68673;201500045507;0;7;0;0.0;2.0;1.0;1.0;C01
68674;201500045508;0;7;0;0.0;2.0;1.0;0.0;A01
68675;201500045508;0;7;0;0.0;2.0;4.0;0.0;B01
68676;201500045509;0;33;0;0.0;2.0;1.0;2.0;A01
68677;201500045509;0;33;0;0.0;2.0;4.0;2.0;B01
68678;201500045510;0;7;0;0.0;2.0;1.0;2.0;A01
68679;201500045510;0;7;0;0.0;2.0;4.0;2.0;B01
68680;201500045510;0;7;0;0.0;2.0;4.0;2.0;C01
68681;201500045511;0;7;0;6.0;0.0;1.0;14.0;A01
68682;201500045512;0;33;0;4.0;0.0;1.0;1.0;A01
68683;201500045513;0;7;0;4.0;0.0;1.0;14.0;A01
68684;201500045514;0;7;0;4.0;0.0;1.0;0.0;A01
68685;201500045515;0;7;0;4.0;2.0;1.0;9.0;A01
68686;201500045515;0;7;0;0.0;2.0;4.0;21.0;B01
68687;201500045516;0;7;0;0.0;2.0;4.0;2.0;C01
68688;201500045516;0;3;0;0.0;2.0;1.0;2.0;A01
68689;201500045516;0;7;0;0.0;2.0;9.0;2.0;B01
68690;201500045517;0;7;0;0.0;2.0;4.0;2.0;D01
68691;201500045517;0;7;0;0.0;2.0;4.0;2.0;B01
68692;201500045517;0;7;0;0.0;2.0;1.0;2.0;A01
68693;201500045517;0;7;0;0.0;2.0;4.0;2.0;C01
68694;201500045518;0;15;0;0.0;2.0;1.0;2.0;A01
68695;201500045518;0;7;0;16.0;0.0;4.0;2.0;B01
68696;201500045519;0;7;0;0.0;2.0;3.0;0.0;A01
68697;201500045519;0;7;0;0.0;2.0;5.0;0.0;B01
68698;201500045520;0;7;0;0.0;2.0;6.0;2.0;C01
68699;201500045520;0;7;0;0.0;2.0;4.0;2.0;B01
68700;201500045520;0;7;0;0.0;2.0;1.0;1.0;A01
68701;201500045521;0;7;0;3.0;0.0;1.0;11.0;A01
68702;201500045522;0;7;0;0.0;2.0;1.0;9.0;B01
68703;201500045522;0;7;0;0.0;2.0;4.0;1.0;A01
68704;201500045523;0;33;0;4.0;0.0;7.0;0.0;A01
68705;201500045524;0;10;0;0.0;2.0;4.0;2.0;B01
68706;201500045524;0;7;0;0.0;2.0;1.0;1.0;A01
68707;201500045526;0;31;0;0.0;2.0;6.0;11.0;A01
68708;201500045526;0;7;0;0.0;2.0;2.0;1.0;B01
68709;201500045527;0;33;0;0.0;2.0;1.0;1.0;A01
68710;201500045527;0;7;0;0.0;2.0;4.0;2.0;B01
68711;201500045528;0;33;0;0.0;2.0;3.0;3.0;A01
68712;201500045528;0;7;0;0.0;2.0;5.0;0.0;B01
68713;201500045529;0;33;0;0.0;2.0;3.0;2.0;B01
68714;201500045529;0;7;0;0.0;2.0;5.0;1.0;A01
68715;201500045530;0;7;0;0.0;2.0;3.0;9.0;A01
68716;201500045530;0;10;0;0.0;2.0;2.0;1.0;B01
68717;201500045531;0;7;0;4.0;2.0;5.0;12.0;B01
68718;201500045531;0;7;0;0.0;2.0;3.0;1.0;A01
68719;201500045532;0;7;0;0.0;2.0;0.0;0.0;D01
68720;201500045532;0;7;0;0.0;2.0;0.0;0.0;B01
68721;201500045532;0;7;0;0.0;2.0;0.0;0.0;A01
68722;201500045532;0;14;0;0.0;2.0;0.0;0.0;C01
68723;201500045533;0;7;0;3.0;0.0;2.0;12.0;A01
68724;201500045534;0;7;0;3.0;0.0;9.0;1.0;A01
68725;201500045535;0;10;0;0.0;2.0;1.0;1.0;A01
68726;201500045535;0;7;0;0.0;2.0;4.0;2.0;C01
68727;201500045535;0;7;0;0.0;2.0;9.0;2.0;B01
68728;201500045536;0;34;0;0.0;2.0;3.0;13.0;A01
68729;201500045536;0;7;0;0.0;2.0;7.0;1.0;B01
68730;201500045537;0;7;0;0.0;2.0;1.0;1.0;A01
68731;201500045537;0;7;0;0.0;2.0;4.0;9.0;B01
68732;201500045538;0;31;0;4.0;0.0;1.0;0.0;A01
68733;201500045539;0;7;0;4.0;0.0;9.0;13.0;A01
68734;201500045540;0;7;0;3.0;0.0;0.0;18.0;A01
68735;201500045541;0;33;0;0.0;2.0;2.0;1.0;A01
68736;201500045541;0;7;0;0.0;2.0;6.0;11.0;B01
68737;201500045542;0;7;0;0.0;2.0;2.0;0.0;A01
68738;201500045542;0;7;0;0.0;2.0;6.0;0.0;B01
68739;201500045543;0;10;0;0.0;2.0;4.0;2.0;A01
68740;201500045543;0;14;0;0.0;2.0;1.0;2.0;B01
68741;201500045544;0;7;0;0.0;2.0;1.0;2.0;A01
68742;201500045544;0;7;0;0.0;2.0;4.0;1.0;B01
68743;201500045545;0;7;0;0.0;2.0;1.0;1.0;A01
68744;201500045545;0;14;0;0.0;2.0;6.0;1.0;B01
68745;201500045545;0;7;0;0.0;2.0;0.0;0.0;C01