;Num_Acc;senc;catv;occutc;obs;obsm;choc;manv;num_veh
68746;201500045546;0;31;0;14.0;0.0;1.0;1.0;A01
68747;201500045548;0;7;0;3.0;0.0;3.0;13.0;A01
68748;201500045549;0;7;0;0.0;2.0;1.0;2.0;B01
68749;201500045549;0;7;0;0.0;2.0;4.0;2.0;A01
68750;201500045550;0;7;0;3.0;0.0;2.0;1.0;A01
68751;201500045551;0;7;0;0.0;2.0;1.0;0.0;A01
68752;201500045551;0;15;0;0.0;2.0;9.0;0.0;B01
68753;201500045551;0;13;0;0.0;2.0;4.0;2.0;C01
68754;201500045551;2;10;0;0.0;2.0;4.0;0.0;D01
68755;201500045552;0;7;0;0.0;2.0;1.0;0.0;A01
68756;201500045552;0;7;0;0.0;2.0;4.0;0.0;B01
68757;201500045553;0;33;0;0.0;0.0;7.0;1.0;A01
68758;201500045554;0;17;0;0.0;2.0;2.0;2.0;A01
68759;201500045554;0;7;0;0.0;2.0;4.0;2.0;B01
68760;201500045556;0;7;0;0.0;2.0;1.0;1.0;A01
68761;201500045556;0;7;0;0.0;2.0;4.0;2.0;B01
68762;201500045557;0;7;0;0.0;2.0;2.0;1.0;A01
68763;201500045557;0;33;0;0.0;2.0;6.0;2.0;B01
68764;201500045558;0;33;0;0.0;2.0;1.0;3.0;A01
68765;201500045558;0;33;0;0.0;2.0;8.0;1.0;B01
68766;201500045560;0;10;0;0.0;2.0;4.0;2.0;B01
68767;201500045560;0;33;0;0.0;2.0;1.0;1.0;A01
68768;201500045561;0;7;0;0.0;2.0;9.0;0.0;B01
68769;201500045561;0;7;0;0.0;2.0;4.0;0.0;C01
68770;201500045561;0;7;0;0.0;2.0;1.0;0.0;A01
68771;201500045562;0;7;0;0.0;2.0;2.0;1.0;B01
68772;201500045562;0;34;0;0.0;2.0;3.0;3.0;A01
68773;201500045563;0;7;0;0.0;2.0;8.0;0.0;A01
68774;201500045563;0;15;0;0.0;2.0;2.0;12.0;B01
68775;201500045564;0;7;0;4.0;0.0;4.0;0.0;A01
68776;201500045565;0;7;0;0.0;2.0;2.0;14.0;A01
68777;201500045565;0;7;0;0.0;2.0;6.0;1.0;B01
68778;201500045566;0;7;0;0.0;2.0;1.0;2.0;B01
68779;201500045566;0;7;0;0.0;2.0;4.0;2.0;D01
68780;201500045566;0;7;0;0.0;2.0;4.0;23.0;C01
68781;201500045566;0;7;0;0.0;2.0;4.0;2.0;A01
68782;201500045566;0;7;0;0.0;2.0;2.0;2.0;E01
68783;201500045567;0;7;0;0.0;2.0;1.0;2.0;A01
68784;201500045567;0;7;0;0.0;2.0;4.0;2.0;B01
68785;201500045568;0;7;0;8.0;0.0;1.0;1.0;A01
68786;201500045569;0;7;0;0.0;2.0;0.0;0.0;B01
68787;201500045569;0;7;0;0.0;2.0;0.0;0.0;A01
68788;201500045570;0;7;0;0.0;2.0;4.0;2.0;A01
68789;201500045570;0;7;0;0.0;2.0;4.0;2.0;B01
68790;201500045570;1;7;0;0.0;0.0;0.0;1.0;Z01
68791;201500045570;0;7;0;0.0;2.0;4.0;2.0;C01
68792;201500045571;0;7;0;0.0;2.0;4.0;0.0;B01
68793;201500045571;0;7;0;0.0;2.0;1.0;0.0;A01
68794;201500045572;0;15;0;0.0;2.0;2.0;0.0;B01
68795;201500045572;0;7;0;0.0;2.0;4.0;0.0;A01
68796;201500045573;0;7;0;0.0;2.0;5.0;0.0;B01
68797;201500045573;0;7;0;0.0;2.0;3.0;0.0;A01
68798;201500045574;0;7;0;0.0;2.0;1.0;2.0;A01
68799;201500045574;0;7;0;0.0;2.0;4.0;2.0;B01
68800;201500045575;0;7;0;0.0;2.0;5.0;2.0;B01
68801;201500045575;0;31;0;0.0;2.0;1.0;12.0;A01
68802;201500045576;0;15;0;0.0;2.0;8.0;1.0;A01
68803;201500045576;0;7;0;0.0;2.0;4.0;2.0;B01
68804;201500045576;0;7;0;0.0;2.0;1.0;1.0;C01
68805;201500045577;0;7;0;0.0;2.0;6.0;2.0;B01
68806;201500045577;0;7;0;0.0;2.0;2.0;11.0;A01
68807;201500045578;0;7;0;0.0;2.0;7.0;1.0;B01
68808;201500045578;0;32;0;0.0;2.0;8.0;0.0;A01
68809;201500045579;0;7;0;16.0;0.0;9.0;1.0;A01
68810;201500045580;0;7;0;0.0;2.0;1.0;2.0;A01
68811;201500045580;0;7;0;0.0;2.0;4.0;2.0;B01
68812;201500045581;0;10;0;0.0;2.0;9.0;2.0;A01
68813;201500045581;0;7;0;0.0;2.0;1.0;2.0;C01
68814;201500045581;0;10;0;0.0;2.0;6.0;2.0;D01
68815;201500045581;0;7;0;0.0;2.0;1.0;2.0;B01
68816;201500045583;0;7;0;0.0;2.0;5.0;1.0;A01
68817;201500045583;0;33;0;0.0;2.0;1.0;3.0;B01
68818;201500045584;0;7;0;0.0;2.0;0.0;1.0;B01
68819;201500045584;0;7;0;0.0;2.0;0.0;1.0;C01
68820;201500045584;0;7;0;0.0;2.0;0.0;1.0;D01
68821;201500045584;0;33;0;0.0;2.0;1.0;3.0;A01
68822;201500045585;0;7;0;0.0;2.0;1.0;1.0;A01
68823;201500045585;0;7;0;0.0;2.0;4.0;2.0;C01
68824;201500045585;0;7;0;0.0;2.0;4.0;2.0;B01
68825;201500045586;0;31;0;0.0;2.0;7.0;0.0;B01
68826;201500045586;0;7;0;16.0;0.0;4.0;0.0;A01
68827;201500045587;0;7;0;0.0;2.0;6.0;11.0;A01
68828;201500045587;0;33;0;0.0;2.0;1.0;3.0;B01
68829;201500045588;0;7;0;0.0;2.0;4.0;2.0;A01
68830;201500045588;0;7;0;0.0;2.0;4.0;2.0;B01
68831;201500045588;0;7;0;0.0;2.0;1.0;2.0;C01
68832;201500045589;0;14;0;0.0;2.0;4.0;2.0;A01
68833;201500045589;0;10;0;14.0;2.0;1.0;1.0;B01
68834;201500045590;0;7;0;0.0;2.0;1.0;0.0;A01
68835;201500045590;0;7;0;0.0;2.0;4.0;0.0;B01
68836;201500045592;0;7;0;0.0;2.0;7.0;12.0;A01
68837;201500045592;0;34;0;0.0;2.0;8.0;1.0;B01
68838;201500045593;0;7;0;0.0;2.0;1.0;1.0;A01
68839;201500045593;0;7;0;0.0;2.0;4.0;2.0;B01
68840;201500045594;0;7;0;2.0;0.0;1.0;1.0;A01
68841;201500045595;0;33;0;4.0;0.0;0.0;0.0;A01
68842;201500045596;0;7;0;;2.0;1.0;1.0;B01
68843;201500045596;0;7;0;3.0;2.0;4.0;2.0;A01
68844;201500045597;0;7;0;0.0;2.0;5.0;0.0;A01
68845;201500045597;0;15;0;3.0;0.0;0.0;0.0;B01
68846;201500045598;0;7;0;0.0;2.0;9.0;0.0;B01
68847;201500045598;2;7;0;0.0;2.0;1.0;0.0;Z01
68848;201500045600;0;33;0;0.0;2.0;3.0;1.0;B01
68849;201500045600;0;7;0;0.0;2.0;2.0;12.0;A01
68850;201500045601;0;34;0;0.0;2.0;2.0;0.0;A01
68851;201500045601;0;7;0;0.0;2.0;4.0;0.0;B01
68852;201500045602;0;14;0;0.0;2.0;1.0;0.0;B01
68853;201500045602;0;7;0;0.0;2.0;4.0;2.0;C01
68854;201500045602;0;7;0;0.0;2.0;4.0;1.0;A01
68855;201500045603;0;7;0;4.0;0.0;2.0;14.0;A01
68856;201500045604;0;7;0;0.0;2.0;4.0;0.0;B01
68857;201500045604;0;33;0;0.0;2.0;1.0;3.0;A01
68858;201500045605;0;33;0;0.0;2.0;1.0;3.0;A01
68859;201500045605;0;7;0;0.0;2.0;6.0;11.0;B01
68860;201500045606;0;7;0;0.0;2.0;7.0;1.0;B01
68861;201500045606;0;33;0;0.0;2.0;8.0;3.0;A01
68862;201500045607;0;7;0;0.0;2.0;4.0;21.0;A01
68863;201500045607;0;7;0;0.0;2.0;1.0;0.0;B01
68864;201500045608;0;7;0;4.0;0.0;9.0;13.0;A01
68865;201500045609;0;7;0;0.0;2.0;1.0;2.0;A01
68866;201500045609;0;7;0;0.0;2.0;4.0;2.0;B01
68867;201500045610;0;7;0;0.0;2.0;4.0;0.0;C01
68868;201500045610;0;7;0;0.0;2.0;4.0;2.0;E01
68869;201500045610;0;7;0;0.0;2.0;4.0;2.0;D01
68870;201500045610;0;7;0;0.0;2.0;1.0;2.0;A01
68871;201500045610;0;7;0;0.0;2.0;4.0;0.0;B01
68872;201500045611;0;15;0;0.0;2.0;1.0;1.0;B01
68873;201500045611;0;7;0;0.0;2.0;6.0;1.0;A01
68874;201500045612;0;7;0;0.0;2.0;8.0;0.0;C01
68875;201500045612;0;33;0;0.0;2.0;8.0;0.0;A01
68876;201500045612;0;10;0;0.0;2.0;0.0;0.0;B01
68877;201500045613;0;7;0;0.0;2.0;1.0;1.0;A01
68878;201500045613;0;7;0;0.0;2.0;4.0;2.0;B01
68879;201500045614;0;7;0;0.0;2.0;5.0;11.0;B01
68880;201500045614;0;33;0;0.0;2.0;1.0;0.0;A01
68881;201500045615;0;13;0;0.0;2.0;1.0;1.0;A01
68882;201500045615;0;7;0;0.0;2.0;4.0;2.0;B01
68883;201500045616;0;33;0;0.0;2.0;8.0;2.0;A01
68884;201500045616;0;7;0;0.0;2.0;7.0;12.0;B01
68885;201500045617;0;10;0;0.0;2.0;5.0;0.0;B01
68886;201500045617;0;7;0;0.0;2.0;6.0;0.0;A01
68887;201500045617;0;33;0;0.0;2.0;0.0;0.0;C01
68888;201500045618;0;7;0;0.0;2.0;4.0;15.0;A01
68889;201500045618;0;33;0;0.0;2.0;1.0;0.0;B01
68890;201500045619;0;7;0;0.0;2.0;5.0;2.0;A01
68891;201500045619;0;7;0;0.0;2.0;3.0;1.0;B01
68892;201500045620;0;33;0;4.0;0.0;8.0;1.0;A01
68893;201500045621;0;7;0;0.0;2.0;8.0;1.0;C01
68894;201500045621;0;7;0;4.0;2.0;1.0;1.0;B01
68895;201500045621;0;7;0;4.0;2.0;8.0;13.0;A01
68896;201500045622;0;7;0;0.0;2.0;1.0;1.0;A01
68897;201500045622;0;7;0;0.0;2.0;4.0;2.0;B01
68898;201500045623;0;7;0;0.0;2.0;6.0;13.0;A01
68899;201500045623;0;31;0;0.0;2.0;2.0;0.0;B01
68900;201500045624;0;15;0;0.0;2.0;7.0;0.0;D01
68901;201500045624;0;7;0;0.0;2.0;4.0;0.0;G01
68902;201500045624;0;7;0;0.0;2.0;1.0;0.0;C02
68903;201500045624;0;7;0;0.0;2.0;4.0;0.0;A01
68904;201500045624;0;32;0;0.0;2.0;2.0;0.0;F01
68905;201500045624;0;7;0;0.0;2.0;8.0;0.0;B02
68906;201500045624;0;7;0;0.0;2.0;4.0;0.0;E01
68907;201500045625;0;7;0;16.0;0.0;1.0;1.0;A01
68908;201500045626;0;7;0;0.0;2.0;1.0;1.0;A01
68909;201500045627;0;15;0;0.0;2.0;3.0;0.0;B01
68910;201500045627;0;7;0;0.0;2.0;0.0;0.0;A01
68911;201500045628;0;14;0;0.0;0.0;0.0;0.0;B01
68912;201500045628;0;7;0;0.0;9.0;0.0;0.0;C01
68913;201500045628;0;7;0;0.0;0.0;0.0;0.0;A01
68914;201500045629;0;7;0;0.0;2.0;4.0;2.0;B01
68915;201500045629;0;7;0;0.0;2.0;2.0;1.0;A01
68916;201500045630;0;7;0;0.0;2.0;7.0;12.0;A01
68917;201500045630;0;32;0;0.0;2.0;8.0;3.0;B01
68918;201500045631;0;10;0;0.0;2.0;1.0;1.0;A01
68919;201500045631;0;10;0;0.0;2.0;4.0;2.0;B01
68920;201500045632;0;7;0;0.0;0.0;0.0;0.0;A01
68921;201500045633;0;34;0;0.0;2.0;3.0;0.0;B01
68922;201500045633;0;7;0;0.0;2.0;2.0;12.0;A01
68923;201500045635;0;7;0;0.0;2.0;4.0;0.0;C01
68924;201500045635;0;13;0;0.0;2.0;1.0;2.0;A01
68925;201500045635;0;7;0;0.0;2.0;4.0;0.0;B01
68926;201500045636;0;7;0;4.0;0.0;3.0;13.0;A01
68927;201500045637;0;7;0;0.0;2.0;1.0;1.0;B01
68928;201500045637;0;7;0;0.0;2.0;4.0;23.0;A01
68929;201500045638;0;7;0;0.0;2.0;6.0;1.0;B01
68930;201500045638;0;33;0;0.0;2.0;2.0;3.0;A01
68931;201500045639;0;7;0;4.0;0.0;8.0;11.0;A01
68932;201500045640;0;7;0;3.0;2.0;3.0;1.0;A01
68933;201500045640;0;7;0;0.0;2.0;4.0;2.0;B01
68934;201500045641;0;7;0;3.0;2.0;1.0;14.0;A01
68935;201500045641;0;7;0;;2.0;4.0;2.0;B01
68936;201500045642;0;7;0;0.0;2.0;3.0;0.0;C01
68937;201500045642;0;7;0;0.0;2.0;4.0;0.0;B01
68938;201500045642;0;7;0;0.0;2.0;3.0;0.0;A01
68939;201500045643;0;7;0;0.0;2.0;1.0;0.0;C01
68940;201500045643;0;7;0;0.0;2.0;4.0;0.0;A01
68941;201500045643;0;7;0;0.0;2.0;1.0;0.0;B01
68942;201500045644;0;20;0;0.0;2.0;1.0;1.0;A01
68943;201500045644;0;7;0;0.0;2.0;4.0;2.0;C01
68944;201500045644;0;7;0;0.0;2.0;4.0;2.0;B01
68945;201500045645;0;14;0;0.0;2.0;1.0;0.0;B01
68946;201500045645;0;7;0;0.0;2.0;4.0;0.0;A01
68947;201500045646;0;7;0;0.0;2.0;2.0;12.0;A01
68948;201500045646;0;7;0;0.0;2.0;3.0;1.0;B01
68949;201500045647;0;7;0;15.0;0.0;9.0;12.0;A01
68950;201500045648;0;33;0;0.0;0.0;0.0;0.0;A01
68951;201500045649;0;33;0;0.0;2.0;4.0;2.0;B01
68952;201500045649;0;10;0;0.0;2.0;1.0;1.0;A01
68953;201500045651;0;7;0;0.0;2.0;8.0;1.0;C01
68954;201500045651;0;14;0;0.0;2.0;2.0;12.0;A01
68955;201500045651;0;7;0;0.0;2.0;6.0;1.0;B01
68956;201500045652;0;7;0;0.0;2.0;4.0;2.0;B01
68957;201500045652;0;7;0;0.0;2.0;1.0;1.0;A01
68958;201500045653;0;33;0;4.0;0.0;8.0;13.0;A01
68959;201500045654;0;7;0;0.0;2.0;4.0;1.0;A01
68960;201500045654;1;7;0;0.0;2.0;1.0;0.0;Z01
68961;201500045654;0;10;0;4.0;0.0;3.0;21.0;B01
68962;201500045655;0;7;0;0.0;2.0;4.0;23.0;A01
68963;201500045655;0;7;0;0.0;2.0;1.0;2.0;B01
68964;201500045655;0;7;0;0.0;2.0;1.0;1.0;C01
68965;201500045656;0;7;0;4.0;0.0;3.0;1.0;A01
68966;201500045658;0;7;0;3.0;0.0;1.0;0.0;A01
68967;201500045659;0;7;0;3.0;0.0;1.0;9.0;A01
68968;201500045660;0;7;0;0.0;2.0;1.0;1.0;B01
68969;201500045660;0;7;0;0.0;2.0;6.0;2.0;A01
68970;201500045662;0;10;0;0.0;2.0;9.0;2.0;B01
68971;201500045662;0;7;0;0.0;2.0;9.0;2.0;C01
68972;201500045662;0;7;0;0.0;2.0;4.0;2.0;E01
68973;201500045662;0;10;0;0.0;2.0;1.0;2.0;A01
68974;201500045662;0;7;0;0.0;2.0;9.0;2.0;D01
68975;201500045663;0;7;0;1.0;0.0;1.0;0.0;B01
68976;201500045663;2;7;0;1.0;0.0;4.0;0.0;A01
68977;201500045664;0;7;0;0.0;2.0;3.0;1.0;A01
68978;201500045664;0;7;0;0.0;2.0;5.0;2.0;B01
68979;201500045665;0;7;0;0.0;2.0;1.0;1.0;C01
68980;201500045665;0;7;0;0.0;2.0;4.0;1.0;B01
68981;201500045665;0;10;0;0.0;2.0;4.0;1.0;A01
68982;201500045665;0;7;0;0.0;2.0;4.0;1.0;D01
68983;201500045666;0;33;0;0.0;2.0;8.0;3.0;A01
68984;201500045666;0;7;0;0.0;2.0;7.0;0.0;B01
68985;201500045667;0;10;0;16.0;0.0;8.0;13.0;A01
68986;201500045668;0;7;0;0.0;2.0;6.0;1.0;C01
68987;201500045668;0;33;0;0.0;2.0;7.0;1.0;B01
68988;201500045668;0;7;0;0.0;2.0;3.0;11.0;A01
68989;201500045670;0;10;0;4.0;2.0;8.0;2.0;A01
68990;201500045670;1;7;0;0.0;0.0;0.0;1.0;Z01
68991;201500045670;0;7;0;4.0;2.0;8.0;21.0;C01
68992;201500045670;0;7;0;0.0;2.0;4.0;2.0;B01
68993;201500045671;0;10;0;0.0;2.0;1.0;2.0;A01
68994;201500045671;0;7;0;0.0;2.0;4.0;2.0;B01
68995;201500045672;0;7;0;1.0;0.0;1.0;21.0;B01
68996;201500045673;0;7;0;4.0;0.0;1.0;0.0;A01
68997;201500045674;0;7;0;0.0;2.0;4.0;2.0;A01
68998;201500045674;0;7;0;0.0;2.0;4.0;2.0;D01
68999;201500045674;0;7;0;0.0;0.0;0.0;0.0;B01
69000;201500045674;0;7;0;0.0;2.0;4.0;2.0;C01
69001;201500045675;0;7;0;4.0;0.0;3.0;13.0;A01
69002;201500045676;0;34;0;0.0;2.0;4.0;1.0;B01
69003;201500045676;0;10;0;0.0;2.0;3.0;11.0;A01
69004;201500045677;1;7;0;0.0;2.0;0.0;1.0;Z01
69005;201500045677;0;7;0;0.0;2.0;4.0;2.0;A01
69006;201500045677;0;7;0;0.0;2.0;6.0;2.0;B01
69007;201500045678;0;7;0;4.0;0.0;9.0;21.0;A01
69008;201500045680;0;7;0;4.0;0.0;1.0;0.0;A01
69009;201500045681;0;7;0;4.0;2.0;7.0;0.0;B01
69010;201500045681;0;13;0;0.0;2.0;1.0;0.0;A01
69011;201500045683;0;7;0;0.0;2.0;1.0;12.0;A01
69012;201500045683;0;7;0;0.0;2.0;1.0;1.0;B01
69013;201500045684;0;7;0;0.0;2.0;4.0;1.0;B01
69014;201500045684;0;10;0;0.0;2.0;4.0;1.0;C01
69015;201500045684;0;7;0;0.0;2.0;1.0;0.0;A01
69016;201500045685;0;7;0;4.0;0.0;8.0;13.0;A01
69017;201500045686;0;10;0;4.0;0.0;1.0;2.0;A01
69018;201500045687;0;15;0;2.0;0.0;1.0;13.0;A01
69019;201500045688;0;7;0;0.0;2.0;0.0;0.0;A01
69020;201500045688;0;7;0;0.0;2.0;9.0;0.0;B01
69021;201500045688;0;7;0;0.0;2.0;1.0;0.0;D01
69022;201500045688;0;7;0;0.0;2.0;9.0;0.0;C01
69023;201500045689;0;31;0;4.0;0.0;1.0;0.0;A01
69024;201500045691;0;7;0;4.0;0.0;3.0;13.0;A01
69025;201500045692;0;7;0;0.0;2.0;9.0;1.0;A01
69026;201500045693;0;7;0;0.0;2.0;1.0;0.0;A01
69027;201500045693;0;7;0;0.0;2.0;0.0;0.0;C01
69028;201500045693;0;7;0;0.0;2.0;0.0;0.0;D01
69029;201500045693;0;7;0;0.0;2.0;0.0;0.0;B01
69030;201500045693;0;7;0;0.0;2.0;0.0;0.0;E01
69031;201500045695;0;7;0;0.0;2.0;3.0;9.0;B01
69032;201500045695;0;7;0;4.0;0.0;3.0;21.0;A01
69033;201500045696;0;7;0;0.0;2.0;1.0;1.0;A01
69034;201500045696;0;7;0;0.0;2.0;6.0;2.0;C01
69035;201500045696;0;10;0;0.0;2.0;1.0;2.0;B01
69036;201500045697;0;17;0;0.0;0.0;7.0;1.0;B01
69037;201500045697;0;7;0;0.0;2.0;2.0;9.0;A01
69038;201500045698;0;7;0;0.0;2.0;1.0;2.0;A01
69039;201500045698;0;7;0;0.0;2.0;4.0;0.0;C01
69040;201500045698;0;7;0;0.0;2.0;4.0;2.0;B01
69041;201500045699;1;7;0;0.0;0.0;9.0;2.0;A01
69042;201500045700;0;7;0;3.0;0.0;9.0;0.0;A01
69043;201500045701;0;10;0;0.0;0.0;5.0;2.0;B01
69044;201500045701;0;33;0;0.0;2.0;5.0;3.0;A01
69045;201500045702;0;2;0;16.0;0.0;5.0;0.0;A01
69046;201500045703;0;34;0;16.0;0.0;7.0;1.0;A01
69047;201500045704;0;33;0;0.0;2.0;9.0;3.0;B01
69048;201500045704;0;7;0;0.0;2.0;7.0;12.0;A01
69049;201500045704;0;10;0;0.0;2.0;6.0;2.0;C01
69050;201500045705;0;7;0;16.0;0.0;9.0;1.0;A01
69051;201500045706;0;7;0;0.0;0.0;0.0;0.0;B01
69052;201500045706;0;32;0;0.0;2.0;0.0;0.0;A01
69053;201500045707;0;7;0;0.0;2.0;4.0;2.0;B01
69054;201500045707;0;7;0;0.0;2.0;1.0;1.0;A01
69055;201500045708;0;14;0;0.0;2.0;4.0;2.0;A01
69056;201500045708;0;7;0;0.0;2.0;1.0;1.0;B01
69057;201500045710;0;7;0;3.0;0.0;9.0;0.0;A01
69058;201500045711;0;7;0;3.0;0.0;0.0;0.0;A01
69059;201500045712;0;7;0;0.0;0.0;0.0;0.0;A01
69060;201500045713;0;7;0;4.0;0.0;2.0;14.0;A01
69061;201500045714;0;7;0;2.0;0.0;1.0;13.0;A01
69062;201500045715;0;7;0;0.0;2.0;1.0;2.0;A01
69063;201500045715;0;7;0;0.0;2.0;4.0;2.0;B01
69064;201500045715;0;7;0;0.0;2.0;4.0;2.0;C01
69065;201500045716;0;10;0;0.0;2.0;2.0;12.0;A01
69066;201500045716;0;15;0;0.0;2.0;5.0;2.0;B01
69067;201500045716;0;7;0;0.0;2.0;9.0;1.0;C01
69068;201500045717;0;7;0;0.0;2.0;5.0;2.0;C01
69069;201500045717;0;7;0;0.0;2.0;9.0;2.0;A01
69070;201500045717;0;7;0;0.0;2.0;1.0;1.0;D01
69071;201500045717;0;7;0;0.0;2.0;4.0;2.0;B01
69072;201500045719;0;10;0;0.0;2.0;4.0;2.0;D01
69073;201500045719;0;7;0;0.0;2.0;4.0;2.0;C01
69074;201500045719;0;7;0;0.0;2.0;1.0;1.0;A01
69075;201500045719;0;7;0;0.0;2.0;4.0;2.0;B01
69076;201500045720;0;7;0;0.0;2.0;4.0;24.0;A01
69077;201500045720;0;7;0;1.0;0.0;1.0;0.0;B01
69078;201500045721;0;15;0;0.0;2.0;5.0;2.0;B01
69079;201500045721;0;7;0;0.0;2.0;3.0;1.0;A01
69080;201500045722;0;7;0;4.0;0.0;3.0;11.0;A01
69081;201500045724;0;7;0;0.0;0.0;7.0;0.0;A01
69082;201500045725;0;7;0;0.0;2.0;4.0;0.0;A01
69083;201500045725;1;7;0;0.0;2.0;0.0;0.0;Z01
69084;201500045726;0;7;0;0.0;2.0;3.0;2.0;B01
69085;201500045726;0;7;0;0.0;2.0;1.0;21.0;A01
69086;201500045727;0;7;0;4.0;0.0;3.0;21.0;A01
69087;201500045728;0;7;0;0.0;0.0;0.0;0.0;A01
69088;201500045729;1;7;0;0.0;2.0;4.0;0.0;Z01
69089;201500045729;0;33;0;0.0;2.0;1.0;1.0;A01
69090;201500045730;0;7;0;4.0;0.0;7.0;0.0;A01
69091;201500045732;0;7;0;0.0;0.0;1.0;1.0;A01
69092;201500045733;0;7;0;4.0;0.0;2.0;14.0;A01
69093;201500045734;0;7;0;0.0;0.0;0.0;0.0;A01
69094;201500045736;0;7;0;0.0;0.0;0.0;0.0;A01
69095;201500045737;0;7;0;3.0;0.0;1.0;14.0;A01
69096;201500045739;0;7;0;0.0;2.0;6.0;0.0;A01
69097;201500045739;0;7;0;0.0;2.0;4.0;0.0;B01
69098;201500045740;0;7;0;0.0;0.0;0.0;0.0;A01
69099;201500045741;0;7;0;0.0;2.0;6.0;2.0;A01
69100;201500045741;0;7;0;0.0;2.0;1.0;1.0;B01
69101;201500045742;0;7;0;0.0;2.0;6.0;2.0;A01
69102;201500045743;0;7;0;0.0;2.0;4.0;2.0;C01
69103;201500045743;0;7;0;0.0;2.0;6.0;2.0;B01
69104;201500045743;0;7;0;0.0;2.0;1.0;1.0;A01
69105;201500045744;0;33;0;0.0;2.0;1.0;1.0;A01
69106;201500045744;0;10;0;0.0;2.0;5.0;1.0;B01
69107;201500045745;0;14;0;0.0;2.0;2.0;9.0;A01
69108;201500045745;0;7;0;0.0;2.0;8.0;1.0;B01
69109;201500045746;0;7;0;0.0;1.0;0.0;23.0;A01
69110;201500045747;0;7;0;3.0;0.0;1.0;11.0;A01
69111;201500045748;0;7;0;3.0;0.0;7.0;0.0;A01
69112;201500045749;0;7;0;4.0;0.0;9.0;13.0;A01
69113;201500045750;0;7;0;0.0;2.0;2.0;0.0;B01
69114;201500045750;0;7;0;0.0;2.0;6.0;0.0;A01
69115;201500045751;0;33;0;16.0;0.0;3.0;16.0;A01
69116;201500045752;0;30;0;4.0;0.0;8.0;13.0;A01
69117;201500045753;0;7;0;0.0;2.0;5.0;1.0;B01
69118;201500045753;0;33;0;0.0;2.0;1.0;1.0;A01
69119;201500045754;0;7;0;4.0;0.0;9.0;11.0;A01
69120;201500045755;0;10;0;0.0;2.0;1.0;1.0;A01
69121;201500045755;0;7;0;0.0;2.0;6.0;2.0;B01
69122;201500045756;0;7;0;4.0;0.0;1.0;0.0;A01
69123;201500045757;0;7;0;0.0;2.0;1.0;15.0;A01
69124;201500045757;0;14;0;0.0;2.0;1.0;1.0;B01
69125;201500045758;0;33;0;4.0;0.0;9.0;1.0;A01
69126;201500045759;0;7;0;4.0;0.0;2.0;2.0;A01
69127;201500045759;0;10;0;0.0;2.0;1.0;2.0;B01
69128;201500045760;0;7;0;0.0;2.0;4.0;2.0;B01
69129;201500045760;0;10;0;0.0;2.0;1.0;1.0;A01
69130;201500045761;0;10;0;0.0;2.0;4.0;2.0;B01
69131;201500045761;0;7;0;0.0;2.0;1.0;1.0;A01
69132;201500045762;0;7;0;0.0;2.0;4.0;2.0;B01
69133;201500045762;0;7;0;0.0;2.0;1.0;1.0;A01
69134;201500045763;0;10;0;0.0;2.0;8.0;0.0;A01
69135;201500045763;0;32;0;0.0;2.0;7.0;0.0;B01
69136;201500045764;0;7;0;0.0;2.0;0.0;0.0;A01
69137;201500045764;0;7;0;0.0;2.0;0.0;0.0;B01
69138;201500045765;0;7;0;3.0;5.0;9.0;21.0;A01
69139;201500045766;0;34;0;16.0;0.0;9.0;1.0;A01
69140;201500045767;0;7;0;0.0;2.0;1.0;1.0;A01
69141;201500045767;0;7;0;0.0;2.0;4.0;2.0;B01
69142;201500045768;0;7;0;5.0;0.0;3.0;13.0;A01
69143;201500045769;0;2;0;0.0;0.0;0.0;0.0;B01
69144;201500045769;0;10;0;0.0;0.0;0.0;0.0;A01
69145;201500045770;0;7;0;4.0;0.0;2.0;14.0;A01
69146;201500045771;0;10;0;0.0;2.0;4.0;2.0;B01
69147;201500045771;0;7;0;0.0;2.0;1.0;1.0;A01
69148;201500045772;0;7;0;0.0;0.0;4.0;2.0;B01
69149;201500045772;0;7;0;0.0;2.0;1.0;2.0;A01
69150;201500045773;0;7;0;0.0;2.0;4.0;2.0;C01
69151;201500045773;0;7;0;0.0;2.0;1.0;12.0;A01
69152;201500045773;0;7;0;0.0;2.0;4.0;2.0;B01
69153;201500045775;0;15;0;;9.0;1.0;1.0;A01
69154;201500045776;0;7;0;0.0;2.0;5.0;12.0;B01
69155;201500045776;0;33;0;0.0;2.0;1.0;3.0;A01
69156;201500045777;0;7;0;0.0;2.0;3.0;2.0;A01
69157;201500045777;0;7;0;0.0;2.0;4.0;2.0;B01
69158;201500045777;0;7;0;0.0;2.0;4.0;2.0;C01
69159;201500045777;0;7;0;0.0;2.0;1.0;2.0;D01
69160;201500045777;0;15;0;0.0;9.0;4.0;2.0;E01
69161;201500045778;1;7;0;0.0;0.0;0.0;0.0;B01
69162;201500045778;0;34;0;0.0;2.0;4.0;2.0;A01
69163;201500045779;0;33;0;0.0;0.0;0.0;0.0;A01
69164;201500045780;0;7;0;0.0;2.0;1.0;0.0;A01
69165;201500045780;0;7;0;0.0;2.0;4.0;0.0;B01
69166;201500045781;0;7;0;0.0;2.0;1.0;0.0;A01
69167;201500045781;0;7;0;0.0;2.0;4.0;0.0;B01