;Num_Acc;senc;catv;occutc;obs;obsm;choc;manv;num_veh
69589;201500046016;2;7;0;4.0;0.0;2.0;1.0;B01
69590;201500046016;0;7;0;0.0;1.0;8.0;22.0;A01
69591;201500046017;0;31;0;0.0;2.0;2.0;0.0;A01
69592;201500046017;0;7;0;0.0;2.0;3.0;0.0;B01
69593;201500046018;0;10;0;0.0;2.0;1.0;0.0;A01
69594;201500046018;0;7;0;0.0;0.0;4.0;2.0;B01
69595;201500046020;1;7;0;0.0;2.0;0.0;12.0;Z01
69596;201500046020;0;7;0;0.0;2.0;4.0;2.0;C01
69597;201500046020;0;10;0;0.0;2.0;3.0;2.0;A01
69598;201500046020;0;7;0;0.0;2.0;2.0;2.0;B01
69599;201500046020;0;7;0;0.0;2.0;3.0;1.0;D01
69600;201500046021;0;7;0;6.0;0.0;1.0;14.0;A01
69601;201500046022;0;15;0;0.0;2.0;1.0;2.0;A01
69602;201500046022;0;10;0;0.0;2.0;4.0;2.0;C01
69603;201500046022;0;7;0;0.0;2.0;9.0;2.0;B01
69604;201500046023;0;33;0;0.0;0.0;0.0;2.0;A01
69605;201500046024;1;7;0;0.0;2.0;0.0;0.0;Z01
69606;201500046024;0;7;0;0.0;2.0;8.0;2.0;B01
69607;201500046024;0;7;0;0.0;2.0;4.0;2.0;A01
69608;201500046025;0;7;0;0.0;0.0;0.0;0.0;B01
69609;201500046025;0;7;0;0.0;0.0;0.0;0.0;C01
69610;201500046025;0;7;0;0.0;0.0;0.0;0.0;D01
69611;201500046025;0;7;0;0.0;2.0;1.0;2.0;A01
69612;201500046026;0;7;0;4.0;0.0;3.0;13.0;A01
69613;201500046028;0;31;0;0.0;0.0;7.0;1.0;A01
69614;201500046029;0;7;0;0.0;2.0;1.0;1.0;C01
69615;201500046029;0;7;0;3.0;2.0;6.0;2.0;B01
69616;201500046029;0;15;0;0.0;2.0;3.0;0.0;A01
69617;201500046030;0;7;0;0.0;2.0;4.0;2.0;C01
69618;201500046030;0;7;0;0.0;2.0;1.0;2.0;A01
69619;201500046030;0;7;0;0.0;2.0;4.0;2.0;B01
69620;201500046031;0;10;0;0.0;2.0;1.0;1.0;B01
69621;201500046031;0;7;0;0.0;2.0;4.0;2.0;A01
69622;201500046033;0;15;0;0.0;2.0;4.0;2.0;B01
69623;201500046033;0;14;0;0.0;2.0;1.0;1.0;C01
69624;201500046033;0;14;0;0.0;2.0;4.0;2.0;A01
69625;201500046034;0;99;0;0.0;1.0;1.0;1.0;A01
69626;201500046035;0;7;0;0.0;2.0;1.0;1.0;A01
69627;201500046035;0;7;0;0.0;2.0;4.0;2.0;B01
69628;201500046035;0;7;0;0.0;2.0;4.0;2.0;C01
69629;201500046036;0;7;0;4.0;0.0;9.0;17.0;A01
69630;201500046037;0;7;0;0.0;2.0;2.0;1.0;B01
69631;201500046037;0;7;0;0.0;2.0;9.0;14.0;A01
69632;201500046038;0;7;0;0.0;2.0;1.0;1.0;A01
69633;201500046038;0;7;0;4.0;2.0;4.0;2.0;B01
69634;201500046039;0;7;0;0.0;2.0;1.0;13.0;A01
69635;201500046039;0;7;0;0.0;2.0;9.0;1.0;B01
69636;201500046039;0;7;0;0.0;2.0;4.0;1.0;C01
69637;201500046040;0;7;0;0.0;2.0;3.0;11.0;A01
69638;201500046040;0;33;0;0.0;2.0;2.0;1.0;B01
69639;201500046041;0;7;0;4.0;0.0;2.0;12.0;A01
69640;201500046043;0;7;0;0.0;2.0;1.0;0.0;A01
69641;201500046043;0;7;0;14.0;0.0;1.0;0.0;C01
69642;201500046043;0;7;0;16.0;0.0;9.0;0.0;B01
69643;201500046045;1;7;0;5.0;2.0;1.0;0.0;A01
69644;201500046046;0;7;0;0.0;2.0;4.0;0.0;B01
69645;201500046046;0;7;0;0.0;2.0;1.0;0.0;A01
69646;201500046047;0;10;0;0.0;2.0;1.0;1.0;A01
69647;201500046047;0;7;0;0.0;2.0;4.0;1.0;B01
69648;201500046048;0;7;0;4.0;0.0;3.0;0.0;A01
69649;201500046049;0;31;0;0.0;0.0;8.0;0.0;A01
69650;201500046050;0;33;0;0.0;2.0;7.0;1.0;A01
69651;201500046050;0;10;0;0.0;2.0;8.0;11.0;B01
69652;201500046051;0;7;0;0.0;2.0;4.0;2.0;B01
69653;201500046051;0;7;0;0.0;2.0;4.0;2.0;C01
69654;201500046051;0;10;0;0.0;2.0;1.0;2.0;A01
69655;201500046051;0;7;0;0.0;2.0;4.0;2.0;D01
69656;201500046052;0;33;0;0.0;2.0;1.0;3.0;B01
69657;201500046052;0;7;0;0.0;2.0;5.0;12.0;A01
69658;201500046053;0;7;0;4.0;0.0;3.0;21.0;B01
69659;201500046053;0;33;0;0.0;2.0;9.0;3.0;C01
69660;201500046053;0;7;0;0.0;2.0;7.0;12.0;A01
69661;201500046054;0;10;0;0.0;2.0;1.0;2.0;A01
69662;201500046054;0;10;0;0.0;0.0;0.0;0.0;B01
69663;201500046055;0;7;0;6.0;0.0;1.0;14.0;A01
69664;201500046056;0;7;0;0.0;0.0;1.0;1.0;A01
69665;201500046057;0;7;0;0.0;2.0;2.0;1.0;A01
69666;201500046057;0;7;0;0.0;2.0;1.0;9.0;B01
69667;201500046058;0;7;0;13.0;0.0;1.0;14.0;A01
69668;201500046059;0;15;0;0.0;2.0;1.0;1.0;A01
69669;201500046059;0;7;0;0.0;2.0;8.0;11.0;B01
69670;201500046060;0;7;0;13.0;0.0;9.0;13.0;A01
69671;201500046061;0;7;0;4.0;0.0;2.0;12.0;A01
69672;201500046062;0;2;0;0.0;0.0;0.0;0.0;A01
69673;201500046063;0;7;0;3.0;0.0;3.0;2.0;A01
69674;201500046064;0;33;0;0.0;2.0;1.0;3.0;A01
69675;201500046065;0;7;0;1.0;0.0;2.0;1.0;A01
69676;201500046065;0;7;0;0.0;2.0;6.0;23.0;B01
69677;201500046066;0;10;0;3.0;0.0;3.0;13.0;A01
69678;201500046067;0;15;0;0.0;2.0;1.0;0.0;A01
69679;201500046067;0;7;0;0.0;2.0;7.0;0.0;B01
69680;201500046068;0;34;0;0.0;2.0;2.0;0.0;C01
69681;201500046068;0;7;0;0.0;2.0;4.0;0.0;A01
69682;201500046068;0;7;0;0.0;0.0;1.0;0.0;B01
69683;201500046070;0;7;0;0.0;0.0;0.0;0.0;A01
69684;201500046071;0;7;0;0.0;2.0;4.0;2.0;B01
69685;201500046071;0;7;0;0.0;2.0;1.0;1.0;A01
69686;201500046071;0;7;0;0.0;2.0;6.0;2.0;C01
69687;201500046072;0;7;0;4.0;0.0;3.0;13.0;A01
69688;201500046073;0;7;0;0.0;0.0;0.0;0.0;A01
69689;201500046074;0;7;0;0.0;2.0;4.0;2.0;B01
69690;201500046074;0;7;0;0.0;2.0;1.0;1.0;A01
69691;201500046074;0;7;0;0.0;2.0;4.0;2.0;C01
69692;201500046075;0;7;0;;2.0;6.0;1.0;B01
69693;201500046075;0;7;0;0.0;2.0;5.0;9.0;A01
69694;201500046076;0;10;0;0.0;2.0;2.0;2.0;C01
69695;201500046076;0;7;0;0.0;2.0;3.0;1.0;A01
69696;201500046076;0;7;0;0.0;2.0;4.0;2.0;B01
69697;201500046077;0;7;0;0.0;0.0;4.0;2.0;B01
69698;201500046077;0;7;0;14.0;2.0;1.0;2.0;A01
69699;201500046078;0;33;0;0.0;2.0;8.0;1.0;A01
69700;201500046078;1;7;0;0.0;0.0;;17.0;Z01
69701;201500046079;0;7;0;0.0;2.0;8.0;1.0;A01
69702;201500046079;0;7;0;14.0;0.0;1.0;0.0;B01
69703;201500046079;1;7;0;0.0;0.0;0.0;0.0;Z01
69704;201500046080;0;7;0;4.0;0.0;1.0;14.0;A01
69705;201500046081;0;34;0;0.0;2.0;7.0;0.0;B01
69706;201500046081;0;7;0;0.0;2.0;8.0;0.0;A01
69707;201500046082;0;31;0;5.0;0.0;9.0;0.0;A01
69708;201500046083;0;31;0;16.0;0.0;2.0;1.0;A01
69709;201500046084;0;7;0;0.0;2.0;6.0;0.0;A01
69710;201500046084;0;7;0;0.0;2.0;2.0;11.0;B01
69711;201500046085;0;7;0;3.0;0.0;1.0;2.0;A01
69712;201500046086;0;7;0;0.0;2.0;1.0;1.0;B01
69713;201500046086;0;7;0;0.0;2.0;4.0;2.0;A01
69714;201500046087;0;7;0;0.0;2.0;1.0;2.0;B01
69715;201500046087;0;7;0;0.0;2.0;4.0;0.0;A01
69716;201500046087;0;7;0;0.0;2.0;2.0;2.0;C01
69717;201500046087;0;7;0;0.0;2.0;1.0;2.0;D01
69718;201500046088;0;7;0;4.0;0.0;3.0;13.0;A01
69719;201500046089;0;7;0;4.0;0.0;1.0;14.0;A01
69720;201500046090;0;10;0;0.0;2.0;6.0;2.0;C01
69721;201500046090;0;7;0;0.0;2.0;9.0;13.0;A01
69722;201500046090;0;15;0;0.0;2.0;9.0;21.0;B01
69723;201500046091;0;7;0;0.0;2.0;1.0;0.0;A01
69724;201500046091;0;7;0;0.0;2.0;4.0;0.0;B01
69725;201500046093;0;7;0;0.0;2.0;5.0;2.0;B01
69726;201500046093;0;32;0;0.0;2.0;1.0;2.0;A01
69727;201500046094;0;7;0;0.0;2.0;3.0;14.0;A01
69728;201500046095;0;7;0;0.0;2.0;1.0;2.0;A01
69729;201500046095;0;7;0;0.0;2.0;4.0;2.0;C01
69730;201500046095;0;7;0;0.0;2.0;4.0;2.0;B01
69731;201500046096;0;7;0;0.0;2.0;6.0;23.0;B01
69732;201500046096;0;33;0;0.0;2.0;7.0;3.0;A01
69733;201500046097;1;7;0;0.0;2.0;0.0;0.0;Z01
69734;201500046097;0;7;0;0.0;2.0;5.0;0.0;A01
69735;201500046098;0;7;0;0.0;2.0;7.0;0.0;A01
69736;201500046098;0;33;0;0.0;2.0;1.0;0.0;B01
69737;201500046099;0;7;0;0.0;2.0;5.0;1.0;B01
69738;201500046099;0;33;0;0.0;2.0;1.0;13.0;A01
69739;201500046101;0;7;0;0.0;2.0;1.0;2.0;A01
69740;201500046101;0;7;0;0.0;2.0;4.0;2.0;B01
69741;201500046102;0;33;0;0.0;2.0;8.0;1.0;B01
69742;201500046102;0;7;0;0.0;2.0;7.0;12.0;A01
69743;201500046103;2;7;0;0.0;2.0;4.0;1.0;B01
69744;201500046103;0;15;0;0.0;2.0;2.0;0.0;A01
69745;201500046103;0;7;0;0.0;2.0;4.0;0.0;C01
69746;201500046104;0;33;0;0.0;2.0;1.0;1.0;A01
69747;201500046104;0;7;0;0.0;2.0;4.0;2.0;B01
69748;201500046105;0;33;0;0.0;2.0;1.0;3.0;A01
69749;201500046105;0;7;0;0.0;2.0;8.0;11.0;B01
69750;201500046106;0;33;0;0.0;2.0;1.0;3.0;A01
69751;201500046106;1;33;0;0.0;2.0;4.0;3.0;B01
69752;201500046107;0;10;0;0.0;2.0;1.0;0.0;A01
69753;201500046107;0;10;0;0.0;2.0;4.0;0.0;C01
69754;201500046107;0;7;0;0.0;2.0;4.0;0.0;B01
69755;201500046107;0;7;0;0.0;2.0;4.0;0.0;D01
69756;201500046108;0;7;0;0.0;2.0;1.0;0.0;C01
69757;201500046108;0;7;0;0.0;2.0;4.0;0.0;A01
69758;201500046108;0;7;0;0.0;2.0;0.0;0.0;B01
69759;201500046109;0;7;0;0.0;2.0;4.0;2.0;B01
69760;201500046109;0;7;0;0.0;2.0;1.0;2.0;A01
69761;201500046110;0;7;0;0.0;2.0;1.0;2.0;B01
69762;201500046110;0;7;0;0.0;2.0;4.0;2.0;C01
69763;201500046110;0;15;0;0.0;2.0;1.0;1.0;A01
69764;201500046112;0;7;0;0.0;2.0;7.0;0.0;A01
69765;201500046112;0;33;0;0.0;2.0;0.0;0.0;B01
69766;201500046114;0;33;0;0.0;2.0;0.0;0.0;A01
69767;201500046114;0;7;0;0.0;2.0;0.0;0.0;B01
69768;201500046115;0;7;0;0.0;2.0;4.0;0.0;A01
69769;201500046115;0;7;0;0.0;2.0;4.0;1.0;B01
69770;201500046116;0;33;0;0.0;0.0;0.0;2.0;A01
69771;201500046117;0;7;0;4.0;0.0;3.0;13.0;A01
69772;201500046118;0;7;0;0.0;2.0;4.0;2.0;B01
69773;201500046118;0;7;0;0.0;2.0;1.0;1.0;A01
69774;201500046119;0;7;0;0.0;2.0;4.0;2.0;B01
69775;201500046119;0;7;0;0.0;2.0;1.0;1.0;A01
69776;201500046120;0;7;0;0.0;2.0;1.0;2.0;D01
69777;201500046120;0;7;0;0.0;2.0;6.0;2.0;A01
69778;201500046120;0;7;0;0.0;2.0;1.0;1.0;B01
69779;201500046120;0;7;0;0.0;2.0;1.0;2.0;C01
69780;201500046121;0;15;0;0.0;2.0;4.0;0.0;B01
69781;201500046121;0;10;0;0.0;2.0;1.0;2.0;A01
69782;201500046122;0;7;0;0.0;2.0;8.0;0.0;A01
69783;201500046122;0;14;0;0.0;2.0;2.0;12.0;B01
69784;201500046123;0;7;0;0.0;2.0;3.0;0.0;B01
69785;201500046123;0;31;0;0.0;2.0;2.0;0.0;A01
69786;201500046124;0;7;0;4.0;0.0;1.0;16.0;A01
69787;201500046125;0;33;0;0.0;2.0;1.0;3.0;A01
69788;201500046125;0;7;0;0.0;2.0;5.0;1.0;C01
69789;201500046125;0;10;0;0.0;2.0;8.0;0.0;B01
69790;201500046126;0;10;0;4.0;0.0;1.0;13.0;A01
69791;201500046128;0;7;0;4.0;0.0;3.0;13.0;A01
69792;201500046129;0;10;0;0.0;2.0;5.0;2.0;A01
69793;201500046129;0;33;0;0.0;2.0;1.0;1.0;B01
69794;201500046130;0;7;0;0.0;2.0;6.0;2.0;B01
69795;201500046130;0;7;0;1.0;2.0;2.0;11.0;A01
69796;201500046130;0;15;0;0.0;2.0;5.0;2.0;C01
69797;201500046131;0;7;0;0.0;2.0;1.0;2.0;A01
69798;201500046131;0;7;0;0.0;2.0;4.0;2.0;B01
69799;201500046132;0;7;0;0.0;2.0;9.0;2.0;B01
69800;201500046132;0;7;0;0.0;2.0;9.0;1.0;A01
69801;201500046133;0;7;0;0.0;2.0;1.0;1.0;A01
69802;201500046133;0;7;0;0.0;2.0;4.0;2.0;B01
69803;201500046134;0;7;0;0.0;2.0;4.0;2.0;A01
69804;201500046134;0;7;0;0.0;2.0;1.0;1.0;B01
69805;201500046135;0;7;0;4.0;0.0;8.0;13.0;A01
69806;201500046136;0;15;0;0.0;2.0;0.0;0.0;A01
69807;201500046136;0;7;0;0.0;0.0;0.0;0.0;B01
69808;201500046137;0;7;0;0.0;2.0;4.0;2.0;B01
69809;201500046137;0;7;0;0.0;2.0;4.0;2.0;A01
69810;201500046137;0;7;0;0.0;2.0;1.0;1.0;C01
69811;201500046138;0;7;0;0.0;2.0;8.0;9.0;A01
69812;201500046138;0;14;0;0.0;2.0;7.0;1.0;B01
69813;201500046139;0;7;0;4.0;2.0;9.0;18.0;A01
69814;201500046139;0;10;0;0.0;2.0;7.0;1.0;B01
69815;201500046140;0;7;0;0.0;1.0;3.0;1.0;B01
69816;201500046141;0;7;0;4.0;0.0;3.0;13.0;A01
69817;201500046142;1;7;0;0.0;0.0;0.0;0.0;Z01
69818;201500046142;0;7;0;0.0;2.0;4.0;0.0;A01
69819;201500046143;0;7;0;3.0;0.0;1.0;14.0;A01
69820;201500046144;0;7;0;0.0;2.0;3.0;11.0;B01
69821;201500046144;0;15;0;0.0;2.0;2.0;12.0;A01
69822;201500046145;0;7;0;0.0;2.0;4.0;0.0;D01
69823;201500046145;0;7;0;0.0;2.0;1.0;0.0;A01
69824;201500046145;0;7;0;0.0;2.0;1.0;0.0;B01
69825;201500046145;0;32;0;0.0;2.0;4.0;0.0;C01
69826;201500046146;0;33;0;0.0;2.0;2.0;3.0;A01
69827;201500046146;0;7;0;0.0;2.0;8.0;1.0;B01
69828;201500046147;0;7;0;0.0;2.0;3.0;16.0;A01
69829;201500046147;0;15;0;0.0;2.0;5.0;2.0;B01
69830;201500046148;0;7;0;0.0;2.0;3.0;1.0;B01
69831;201500046148;0;15;0;0.0;2.0;7.0;17.0;A01
69832;201500046149;0;33;0;0.0;2.0;9.0;2.0;A01
69833;201500046150;0;7;0;0.0;2.0;1.0;1.0;A01
69834;201500046150;0;7;0;0.0;2.0;4.0;2.0;B01
69835;201500046151;0;7;0;0.0;2.0;1.0;1.0;A01
69836;201500046151;0;7;0;0.0;2.0;4.0;2.0;B01
69837;201500046151;0;7;0;0.0;2.0;4.0;2.0;C01
69838;201500046152;0;7;0;0.0;2.0;4.0;0.0;A01
69839;201500046152;0;7;0;0.0;2.0;1.0;0.0;B01
69840;201500046153;0;3;0;3.0;0.0;1.0;0.0;A01
69841;201500046154;0;7;0;3.0;0.0;1.0;0.0;A01
69842;201500046155;0;7;0;0.0;2.0;1.0;1.0;A01
69843;201500046155;0;7;0;0.0;2.0;4.0;2.0;B01
69844;201500046156;0;7;0;0.0;2.0;1.0;12.0;A01
69845;201500046156;0;7;0;0.0;2.0;5.0;2.0;B01
69846;201500046157;0;10;0;4.0;0.0;3.0;1.0;A01
69847;201500046158;0;7;0;4.0;0.0;2.0;21.0;A01
69848;201500046159;0;7;0;4.0;2.0;1.0;1.0;A01
69849;201500046159;0;7;0;4.0;2.0;4.0;2.0;B01
69850;201500046160;0;10;0;0.0;2.0;6.0;2.0;B01
69851;201500046160;0;33;0;0.0;2.0;1.0;2.0;A01
69852;201500046161;0;10;0;4.0;2.0;2.0;0.0;A01
69853;201500046161;0;7;0;4.0;2.0;8.0;2.0;B01
69854;201500046162;0;15;0;0.0;2.0;4.0;0.0;C01
69855;201500046162;0;7;0;0.0;2.0;2.0;0.0;A01
69856;201500046162;0;33;0;0.0;2.0;3.0;0.0;B01
69857;201500046163;0;7;0;0.0;9.0;1.0;11.0;A01
69858;201500046164;0;7;0;0.0;2.0;1.0;1.0;A01
69859;201500046164;0;10;0;0.0;2.0;1.0;2.0;B01
69860;201500046164;1;7;0;0.0;2.0;0.0;0.0;Z01
69861;201500046165;0;7;0;0.0;2.0;2.0;1.0;A01
69862;201500046165;0;13;0;0.0;2.0;6.0;24.0;B01
69863;201500046166;0;7;0;0.0;2.0;4.0;2.0;B01
69864;201500046166;0;7;0;0.0;2.0;1.0;1.0;A01
69865;201500046168;0;7;0;0.0;2.0;1.0;1.0;A01
69866;201500046168;0;7;0;0.0;2.0;4.0;2.0;B01
69867;201500046168;0;7;0;0.0;2.0;4.0;2.0;C01
69868;201500046168;0;7;0;0.0;2.0;4.0;2.0;D01
69869;201500046168;0;7;0;0.0;2.0;4.0;2.0;E01
69870;201500046169;0;7;0;0.0;0.0;1.0;2.0;A01
69871;201500046171;0;7;0;0.0;2.0;1.0;1.0;A01
69872;201500046171;0;7;0;4.0;2.0;5.0;2.0;B01
69873;201500046172;0;7;0;0.0;2.0;7.0;0.0;B01
69874;201500046172;0;7;0;0.0;2.0;1.0;11.0;A01
69875;201500046173;0;7;0;4.0;0.0;1.0;1.0;A01
69876;201500046174;0;7;0;0.0;2.0;4.0;2.0;B01
69877;201500046174;0;7;0;0.0;2.0;4.0;1.0;C01
69878;201500046174;0;7;0;0.0;2.0;1.0;1.0;A01
69879;201500046176;0;7;0;0.0;2.0;4.0;2.0;B01
69880;201500046176;0;7;0;0.0;2.0;4.0;2.0;C01
69881;201500046176;0;7;0;0.0;2.0;1.0;1.0;A01
69882;201500046177;0;7;0;0.0;2.0;1.0;1.0;B01
69883;201500046177;0;7;0;0.0;2.0;3.0;14.0;A01
69884;201500046178;0;31;0;1.0;2.0;1.0;0.0;A01
69885;201500046178;0;7;0;1.0;2.0;6.0;18.0;C01
69886;201500046178;0;7;0;1.0;2.0;9.0;23.0;B01
69887;201500046179;0;7;0;4.0;0.0;1.0;14.0;A01
69888;201500046181;0;7;0;3.0;2.0;9.0;12.0;A01
69889;201500046182;0;7;0;0.0;2.0;7.0;2.0;A01
69890;201500046183;0;7;0;0.0;2.0;1.0;3.0;A01
69891;201500046183;0;7;0;14.0;0.0;4.0;1.0;B01
69892;201500046183;0;7;0;14.0;0.0;0.0;0.0;C01
69893;201500046184;0;7;0;0.0;2.0;4.0;2.0;A01
69894;201500046184;0;7;0;0.0;2.0;1.0;2.0;B01
69895;201500046184;0;7;0;0.0;2.0;1.0;2.0;C01
69896;201500046184;0;7;0;0.0;2.0;1.0;2.0;D01
69897;201500046184;0;7;0;0.0;2.0;1.0;2.0;E01
69898;201500046185;0;7;0;4.0;0.0;1.0;0.0;A01
69899;201500046186;0;7;0;4.0;0.0;3.0;21.0;A01
69900;201500046187;0;7;0;0.0;2.0;4.0;1.0;B01
69901;201500046187;0;7;0;0.0;2.0;1.0;14.0;A01
69902;201500046188;0;7;0;4.0;0.0;3.0;13.0;A01
69903;201500046189;0;7;0;4.0;0.0;5.0;0.0;A01
69904;201500046190;0;33;0;0.0;0.0;6.0;2.0;B01
69905;201500046190;0;33;0;0.0;2.0;1.0;2.0;A01
69906;201500046191;0;7;0;0.0;0.0;6.0;0.0;B01
69907;201500046191;0;31;0;0.0;2.0;1.0;0.0;A01
69908;201500046192;0;7;0;4.0;0.0;1.0;0.0;A01
69909;201500046193;0;33;0;0.0;2.0;1.0;2.0;A01
69910;201500046193;0;7;0;0.0;0.0;4.0;2.0;B01
69911;201500046194;0;33;0;0.0;0.0;8.0;0.0;A01
69912;201500046195;0;7;0;0.0;2.0;1.0;1.0;B01
69913;201500046195;0;7;0;0.0;2.0;6.0;9.0;A01
69914;201500046196;0;33;0;0.0;0.0;8.0;21.0;A01
69915;201500046197;0;7;0;4.0;0.0;3.0;0.0;A01
69916;201500046199;0;7;0;0.0;2.0;1.0;2.0;A01
69917;201500046199;0;7;0;0.0;0.0;0.0;0.0;B01
69918;201500046200;0;17;0;0.0;0.0;0.0;0.0;A01
69919;201500046200;0;7;0;0.0;0.0;0.0;0.0;B01
69920;201500046201;0;7;0;0.0;0.0;0.0;0.0;C01
69921;201500046201;0;7;0;0.0;2.0;1.0;2.0;A01
69922;201500046201;0;7;0;0.0;0.0;0.0;0.0;B01
69923;201500046202;0;7;0;0.0;0.0;0.0;0.0;C01
69924;201500046202;0;7;0;0.0;0.0;0.0;0.0;B01
69925;201500046202;0;33;0;0.0;0.0;0.0;0.0;A01
69926;201500046203;0;7;0;0.0;2.0;0.0;0.0;B01
69927;201500046203;0;34;0;0.0;2.0;0.0;0.0;A01
69928;201500046204;0;32;0;0.0;0.0;0.0;0.0;A01
69929;201500046205;0;7;0;0.0;0.0;0.0;0.0;A01
69930;201500046205;0;7;0;0.0;0.0;0.0;0.0;B01
69931;201500046206;0;7;0;4.0;0.0;1.0;2.0;A01
69932;201500046207;0;7;0;0.0;0.0;3.0;1.0;A01
69933;201500046208;0;7;0;0.0;0.0;0.0;0.0;A01
69934;201500046209;0;10;0;0.0;2.0;1.0;0.0;A01
69935;201500046209;0;7;0;0.0;0.0;4.0;0.0;B01
69936;201500046210;0;7;0;0.0;0.0;0.0;0.0;A01
69937;201500046210;0;33;0;0.0;2.0;1.0;3.0;B01
69938;201500046211;0;7;0;0.0;0.0;0.0;0.0;B01
69939;201500046211;0;33;0;0.0;2.0;8.0;3.0;A01
69940;201500046212;0;33;0;0.0;2.0;0.0;3.0;A01
69941;201500046213;0;31;0;0.0;2.0;5.0;0.0;B01
69942;201500046213;0;15;0;0.0;2.0;6.0;0.0;D01
69943;201500046213;0;7;0;13.0;0.0;1.0;0.0;A01
69944;201500046213;0;7;0;1.0;2.0;1.0;0.0;C01
69945;201500046214;0;7;0;4.0;0.0;3.0;11.0;A01
69946;201500046215;0;33;0;0.0;0.0;0.0;0.0;A01
69947;201500046215;0;7;0;0.0;0.0;0.0;0.0;B01
69948;201500046216;0;7;0;4.0;2.0;5.0;17.0;B01
69949;201500046216;0;7;0;0.0;2.0;3.0;13.0;A01
69950;201500046217;0;7;0;4.0;9.0;7.0;2.0;A01
69951;201500046218;0;7;0;4.0;0.0;3.0;15.0;A01
69952;201500046219;0;7;0;4.0;0.0;1.0;0.0;A01
69953;201500046220;0;33;0;16.0;0.0;7.0;0.0;A01
69954;201500046221;0;7;0;0.0;0.0;4.0;2.0;B01
69955;201500046221;0;7;0;0.0;2.0;1.0;2.0;A01
69956;201500046222;0;33;0;0.0;2.0;1.0;3.0;A01
69957;201500046222;0;7;0;0.0;2.0;6.0;11.0;B01
69958;201500046223;0;7;0;0.0;0.0;0.0;0.0;A01
69959;201500046225;0;7;0;5.0;2.0;7.0;6.0;A01
69960;201500046225;0;34;0;0.0;0.0;8.0;0.0;B01
69961;201500046226;0;15;0;4.0;0.0;3.0;2.0;A01
69962;201500046227;0;7;0;0.0;2.0;4.0;1.0;C01
69963;201500046227;0;7;0;0.0;2.0;3.0;2.0;A01
69964;201500046227;0;7;0;0.0;2.0;1.0;2.0;B01
69965;201500046228;0;7;0;0.0;2.0;1.0;2.0;A01
69966;201500046228;0;7;0;0.0;0.0;4.0;1.0;B01
69967;201500046229;0;7;0;3.0;0.0;7.0;1.0;A01
69968;201500046230;0;7;0;4.0;0.0;1.0;1.0;A01
69969;201500046231;0;32;0;0.0;2.0;2.0;3.0;A01
69970;201500046231;0;7;0;0.0;0.0;4.0;1.0;B01
69971;201500046232;0;7;0;0.0;2.0;1.0;2.0;A01
69972;201500046232;0;7;0;0.0;2.0;4.0;23.0;B01
69973;201500046232;0;7;0;0.0;2.0;4.0;23.0;D01
69974;201500046232;0;7;0;0.0;2.0;4.0;23.0;C01
69975;201500046233;0;7;0;0.0;2.0;3.0;11.0;B01
69976;201500046233;0;33;0;0.0;2.0;2.0;1.0;A01
69977;201500046234;0;7;0;0.0;2.0;1.0;2.0;A01
69978;201500046234;0;7;0;0.0;2.0;4.0;2.0;B01
69979;201500046235;0;3;0;4.0;0.0;2.0;14.0;A01
69980;201500046236;0;7;0;5.0;0.0;2.0;0.0;A01
69981;201500046237;0;7;0;0.0;2.0;1.0;5.0;A01
69982;201500046237;0;7;0;0.0;2.0;1.0;1.0;B01
69983;201500046238;0;7;0;0.0;2.0;1.0;2.0;A01
69984;201500046238;0;7;0;0.0;0.0;0.0;0.0;B01
69985;201500046239;0;7;0;0.0;2.0;1.0;2.0;A01
69986;201500046239;0;7;0;0.0;2.0;4.0;2.0;B01
69987;201500046240;0;7;0;0.0;2.0;8.0;11.0;A01
69988;201500046240;0;33;0;0.0;2.0;7.0;0.0;B01
69989;201500046241;0;33;0;0.0;2.0;3.0;0.0;B01
69990;201500046241;0;10;0;0.0;2.0;5.0;12.0;A01
69991;201500046242;0;33;0;0.0;2.0;3.0;3.0;A01
69992;201500046242;0;7;0;0.0;2.0;7.0;12.0;B01
69993;201500046243;0;7;0;0.0;2.0;4.0;23.0;C01
69994;201500046243;0;7;0;0.0;2.0;1.0;2.0;A01
69995;201500046243;0;7;0;0.0;2.0;4.0;23.0;B01
69996;201500046244;0;33;0;0.0;0.0;4.0;1.0;A01
69997;201500046244;0;7;0;0.0;0.0;5.0;2.0;C01
69998;201500046244;0;7;0;0.0;0.0;0.0;2.0;B01
69999;201500046245;2;7;0;4.0;0.0;9.0;23.0;Z01
70000;201500046245;0;7;0;0.0;2.0;2.0;2.0;B01
70001;201500046246;0;7;0;0.0;2.0;4.0;2.0;B01
70002;201500046246;0;32;0;0.0;2.0;2.0;2.0;A01
70003;201500046246;0;7;0;0.0;2.0;4.0;2.0;D01
70004;201500046246;0;7;0;0.0;2.0;6.0;2.0;E01
70005;201500046246;0;7;0;0.0;2.0;3.0;2.0;F02
70006;201500046246;0;7;0;0.0;2.0;1.0;2.0;C01
70007;201500046247;0;7;0;4.0;0.0;2.0;0.0;A01
70008;201500046248;0;7;0;0.0;0.0;1.0;0.0;A01
70009;201500046249;0;32;0;0.0;2.0;1.0;3.0;A01
70010;201500046249;1;1;0;0.0;0.0;0.0;0.0;Z01