;Num_Acc;senc;catv;occutc;obs;obsm;choc;manv;num_veh
70432;201500046487;0;10;0;0.0;0.0;7.0;1.0;B01
70433;201500046488;0;33;0;0.0;0.0;0.0;0.0;A01
70434;201500046488;0;10;0;0.0;0.0;0.0;0.0;B01
70435;201500046490;0;7;0;0.0;2.0;1.0;3.0;A01
70436;201500046490;0;10;0;0.0;2.0;4.0;0.0;D01
70437;201500046490;0;7;0;0.0;2.0;4.0;1.0;B01
70438;201500046490;0;7;0;0.0;2.0;4.0;0.0;C01
70439;201500046492;0;7;0;0.0;2.0;8.0;11.0;A01
70440;201500046492;0;7;0;0.0;2.0;1.0;1.0;B01
70441;201500046494;0;7;0;0.0;2.0;4.0;2.0;C01
70442;201500046494;0;7;0;0.0;2.0;1.0;2.0;A01
70443;201500046494;0;7;0;0.0;2.0;4.0;2.0;B01
70444;201500046495;0;34;0;14.0;0.0;1.0;13.0;A01
70445;201500046496;0;7;0;0.0;2.0;1.0;0.0;A01
70446;201500046496;0;7;0;0.0;2.0;4.0;2.0;B01
70447;201500046497;0;7;0;3.0;0.0;2.0;0.0;A01
70448;201500046498;0;33;0;0.0;0.0;0.0;0.0;A01
70449;201500046498;0;7;0;0.0;0.0;0.0;0.0;B01
70450;201500046499;1;33;0;0.0;0.0;0.0;0.0;A01
70451;201500046500;0;10;0;14.0;0.0;1.0;2.0;A01
70452;201500046500;0;20;0;0.0;2.0;4.0;24.0;B01
70453;201500046501;0;33;0;0.0;0.0;0.0;0.0;A01
70454;201500046501;0;7;0;0.0;0.0;0.0;0.0;C01
70455;201500046501;0;7;0;0.0;0.0;0.0;0.0;B01
70456;201500046502;0;7;0;0.0;2.0;0.0;0.0;A01
70457;201500046502;0;33;0;0.0;2.0;0.0;0.0;B01
70458;201500046503;0;33;0;0.0;2.0;0.0;0.0;A01
70459;201500046503;0;33;0;0.0;2.0;0.0;0.0;B01
70460;201500046504;0;32;0;0.0;2.0;1.0;3.0;A01
70461;201500046504;0;7;0;0.0;2.0;5.0;12.0;B01
70462;201500046505;0;32;0;0.0;2.0;3.0;3.0;A01
70463;201500046505;0;7;0;0.0;2.0;2.0;12.0;B01
70464;201500046506;0;7;0;0.0;2.0;1.0;2.0;A01
70465;201500046506;0;7;0;0.0;2.0;4.0;2.0;B01
70466;201500046508;0;33;0;0.0;2.0;4.0;21.0;B01
70467;201500046508;0;32;0;0.0;2.0;1.0;21.0;A01
70468;201500046509;0;7;0;0.0;2.0;1.0;1.0;A01
70469;201500046509;0;10;0;0.0;2.0;4.0;1.0;C01
70470;201500046509;0;7;0;0.0;2.0;4.0;1.0;B01
70471;201500046510;0;7;0;0.0;2.0;5.0;2.0;B01
70472;201500046510;0;7;0;0.0;2.0;4.0;2.0;D01
70473;201500046510;0;7;0;0.0;2.0;4.0;2.0;C01
70474;201500046510;0;10;0;0.0;2.0;3.0;2.0;A01
70475;201500046511;0;7;0;0.0;2.0;2.0;12.0;B01
70476;201500046511;0;33;0;0.0;2.0;8.0;3.0;A01
70477;201500046512;0;7;0;4.0;0.0;1.0;2.0;A01
70478;201500046513;0;33;0;0.0;2.0;7.0;3.0;A01
70479;201500046513;0;10;0;0.0;2.0;0.0;0.0;B01
70480;201500046514;0;7;0;0.0;2.0;4.0;2.0;C01
70481;201500046514;0;7;0;0.0;2.0;1.0;2.0;A01
70482;201500046514;0;7;0;0.0;2.0;4.0;2.0;B01
70483;201500046515;0;7;0;0.0;2.0;6.0;24.0;A01
70484;201500046515;0;7;0;0.0;2.0;2.0;21.0;B01
70485;201500046516;0;33;0;4.0;0.0;2.0;0.0;A01
70486;201500046517;0;7;0;3.0;0.0;1.0;2.0;A01
70487;201500046518;0;7;0;0.0;2.0;8.0;1.0;C01
70488;201500046518;0;34;0;0.0;2.0;1.0;3.0;A01
70489;201500046518;0;7;0;0.0;2.0;7.0;1.0;B01
70490;201500046519;0;34;0;0.0;2.0;1.0;2.0;A01
70491;201500046519;0;7;0;0.0;2.0;6.0;1.0;C01
70492;201500046519;0;7;0;0.0;2.0;2.0;3.0;B01
70493;201500046520;0;99;0;0.0;0.0;0.0;0.0;A01
70494;201500046520;0;7;0;0.0;2.0;4.0;2.0;B01
70495;201500046520;0;7;0;0.0;2.0;4.0;2.0;C01
70496;201500046521;0;7;0;0.0;2.0;0.0;0.0;B01
70497;201500046521;0;34;0;0.0;2.0;0.0;0.0;A01
70498;201500046523;0;7;0;0.0;2.0;4.0;2.0;B01
70499;201500046523;0;7;0;0.0;2.0;1.0;2.0;A01
70500;201500046524;0;33;0;0.0;2.0;0.0;0.0;A01
70501;201500046524;0;7;0;0.0;2.0;0.0;0.0;B01
70502;201500046525;0;7;0;0.0;2.0;7.0;12.0;A01
70503;201500046525;0;33;0;0.0;2.0;8.0;3.0;B01
70504;201500046526;0;31;0;0.0;0.0;7.0;0.0;A01
70505;201500046527;0;7;0;0.0;2.0;9.0;0.0;A01
70506;201500046527;0;7;0;0.0;2.0;9.0;0.0;B01
70507;201500046527;0;7;0;0.0;2.0;4.0;0.0;C01
70508;201500046528;0;33;0;0.0;2.0;2.0;3.0;A01
70509;201500046528;0;7;0;0.0;2.0;6.0;17.0;B01
70510;201500046529;0;32;0;0.0;2.0;8.0;0.0;A01
70511;201500046529;0;7;0;0.0;2.0;7.0;0.0;B01
70512;201500046530;0;7;0;0.0;2.0;6.0;1.0;B01
70513;201500046530;1;15;0;0.0;0.0;0.0;0.0;Z01
70514;201500046531;0;33;0;0.0;2.0;2.0;3.0;A01
70515;201500046531;0;7;0;0.0;2.0;6.0;23.0;B01
70516;201500046531;0;7;0;0.0;2.0;2.0;1.0;C01
70517;201500046531;0;7;0;0.0;2.0;4.0;1.0;D01
70518;201500046532;0;7;0;0.0;2.0;4.0;2.0;C01
70519;201500046532;0;7;0;0.0;2.0;4.0;2.0;B01
70520;201500046532;0;14;0;0.0;2.0;1.0;2.0;A01
70521;201500046532;0;7;0;0.0;2.0;4.0;2.0;D01
70522;201500046533;0;34;0;0.0;2.0;1.0;2.0;A01
70523;201500046533;0;7;0;0.0;0.0;5.0;2.0;B01
70524;201500046535;0;7;0;0.0;2.0;4.0;2.0;B01
70525;201500046535;0;7;0;0.0;2.0;4.0;2.0;C01
70526;201500046535;0;7;0;0.0;2.0;1.0;2.0;A01
70527;201500046536;0;34;0;0.0;2.0;2.0;0.0;A01
70528;201500046536;0;34;0;0.0;2.0;4.0;0.0;B01
70529;201500046537;0;3;0;0.0;2.0;2.0;0.0;B01
70530;201500046537;0;33;0;0.0;2.0;3.0;0.0;A01
70531;201500046538;0;7;0;0.0;2.0;0.0;0.0;C01
70532;201500046538;0;7;0;0.0;2.0;0.0;0.0;D01
70533;201500046538;0;10;0;0.0;2.0;0.0;0.0;B01
70534;201500046538;0;7;0;0.0;2.0;0.0;0.0;A01
70535;201500046539;0;7;0;0.0;2.0;2.0;0.0;A01
70536;201500046539;0;7;0;0.0;2.0;4.0;1.0;C01
70537;201500046539;0;7;0;0.0;2.0;3.0;1.0;B01
70538;201500046540;0;7;0;4.0;0.0;3.0;0.0;A01
70539;201500046541;0;7;0;0.0;0.0;0.0;0.0;A01
70540;201500046542;0;7;0;4.0;0.0;2.0;0.0;A01
70541;201500046543;0;7;0;4.0;0.0;3.0;1.0;A01
70542;201500046544;0;7;0;4.0;0.0;1.0;0.0;A01
70543;201500046546;0;7;0;0.0;9.0;2.0;2.0;A01
70544;201500046547;0;7;0;4.0;0.0;3.0;13.0;A01
70545;201500046548;0;7;0;3.0;2.0;2.0;14.0;A01
70546;201500046548;0;7;0;0.0;0.0;0.0;0.0;B01
70547;201500046549;0;7;0;4.0;2.0;8.0;0.0;A01
70548;201500046549;0;7;0;0.0;2.0;2.0;2.0;B01
70549;201500046550;0;7;0;0.0;1.0;2.0;2.0;B01
70550;201500046551;0;7;0;0.0;2.0;1.0;2.0;A01
70551;201500046551;0;10;0;0.0;2.0;4.0;2.0;C01
70552;201500046551;0;7;0;0.0;2.0;4.0;2.0;B01
70553;201500046552;0;7;0;0.0;2.0;4.0;2.0;B01
70554;201500046552;0;7;0;0.0;2.0;4.0;2.0;C01
70555;201500046552;0;7;0;0.0;2.0;1.0;2.0;A01
70556;201500046552;0;7;0;0.0;2.0;4.0;2.0;D01
70557;201500046553;0;7;0;3.0;0.0;2.0;14.0;A01
70558;201500046554;0;7;0;0.0;0.0;9.0;21.0;A01
70559;201500046556;0;7;0;0.0;2.0;2.0;1.0;A01
70560;201500046556;0;7;0;0.0;0.0;6.0;2.0;B01
70561;201500046557;0;10;0;0.0;2.0;1.0;2.0;A01
70562;201500046557;0;7;0;0.0;2.0;4.0;2.0;D01
70563;201500046557;0;7;0;0.0;2.0;4.0;2.0;C01
70564;201500046557;0;7;0;0.0;2.0;4.0;2.0;E01
70565;201500046557;0;7;0;0.0;2.0;5.0;2.0;B01
70566;201500046558;0;33;0;14.0;0.0;3.0;1.0;A01
70567;201500046559;0;7;0;3.0;0.0;1.0;0.0;A01
70568;201500046560;0;33;0;0.0;2.0;1.0;1.0;A01
70569;201500046560;0;7;0;0.0;2.0;4.0;1.0;B01
70570;201500046561;0;7;0;0.0;2.0;1.0;0.0;A01
70571;201500046561;0;7;0;0.0;2.0;4.0;0.0;B01
70572;201500046561;0;7;0;0.0;2.0;4.0;0.0;C01
70573;201500046562;0;33;0;0.0;2.0;2.0;3.0;A01
70574;201500046562;0;7;0;0.0;2.0;3.0;11.0;B01
70575;201500046563;0;7;0;0.0;2.0;7.0;1.0;C01
70576;201500046563;0;7;0;0.0;2.0;8.0;11.0;B01
70577;201500046563;0;33;0;0.0;2.0;7.0;3.0;A01
70578;201500046564;0;7;0;10.0;0.0;1.0;1.0;A01
70579;201500046566;0;7;0;0.0;2.0;1.0;1.0;B01
70580;201500046566;0;7;0;0.0;2.0;1.0;5.0;A01
70581;201500046567;0;7;0;0.0;2.0;4.0;2.0;A01
70582;201500046567;1;7;0;0.0;2.0;1.0;2.0;Z01
70583;201500046568;0;7;0;4.0;0.0;1.0;14.0;A01
70584;201500046569;0;33;0;0.0;2.0;2.0;1.0;A01
70585;201500046569;0;7;0;0.0;2.0;3.0;0.0;B01
70586;201500046571;0;7;0;0.0;2.0;1.0;2.0;C01
70587;201500046571;0;7;0;0.0;2.0;1.0;2.0;A01
70588;201500046571;0;7;0;0.0;2.0;4.0;2.0;B01
70589;201500046572;0;33;0;0.0;2.0;2.0;12.0;A01
70590;201500046572;0;33;0;0.0;2.0;3.0;1.0;B01
70591;201500046573;0;33;0;0.0;2.0;5.0;3.0;A01
70592;201500046573;0;7;0;0.0;2.0;8.0;1.0;C01
70593;201500046573;0;7;0;0.0;2.0;2.0;12.0;B01
70594;201500046574;0;10;0;0.0;2.0;5.0;1.0;C01
70595;201500046574;0;7;0;3.0;2.0;1.0;1.0;A01
70596;201500046574;0;10;0;0.0;2.0;1.0;1.0;B01
70597;201500046575;0;33;0;0.0;2.0;3.0;3.0;A01
70598;201500046575;0;7;0;0.0;2.0;5.0;0.0;B01
70599;201500046576;0;33;0;12.0;0.0;3.0;2.0;A01
70600;201500046577;0;7;0;1.0;0.0;1.0;2.0;A01
70601;201500046577;0;7;0;0.0;2.0;4.0;23.0;B01
70602;201500046578;0;15;0;0.0;2.0;6.0;1.0;B01
70603;201500046578;0;38;0;0.0;2.0;2.0;12.0;A01
70604;201500046579;0;10;0;0.0;2.0;4.0;0.0;B01
70605;201500046579;0;34;0;0.0;2.0;7.0;0.0;A01
70606;201500046581;0;33;0;0.0;0.0;8.0;3.0;A01
70607;201500046582;0;7;0;4.0;0.0;1.0;0.0;A01
70608;201500046583;0;33;0;16.0;0.0;7.0;1.0;A01
70609;201500046584;0;7;0;0.0;0.0;0.0;0.0;A01
70610;201500046585;0;10;0;0.0;2.0;6.0;9.0;B01
70611;201500046585;0;7;0;0.0;2.0;2.0;2.0;A01
70612;201500046586;0;33;0;0.0;2.0;0.0;0.0;A01
70613;201500046586;0;7;0;0.0;2.0;0.0;0.0;B01
70614;201500046587;0;34;0;16.0;0.0;7.0;1.0;A01
70615;201500046588;0;10;0;0.0;2.0;2.0;1.0;B01
70616;201500046588;0;10;0;4.0;2.0;1.0;1.0;C01
70617;201500046588;0;7;0;0.0;2.0;6.0;11.0;A01
70618;201500046589;0;10;0;1.0;0.0;1.0;2.0;A01
70619;201500046589;0;7;0;0.0;0.0;0.0;0.0;B01
70620;201500046590;0;7;0;4.0;0.0;1.0;2.0;A01
70621;201500046591;0;7;0;0.0;2.0;1.0;12.0;B01
70622;201500046591;0;7;0;0.0;2.0;4.0;23.0;A01
70623;201500046591;0;7;0;0.0;2.0;5.0;1.0;C01
70624;201500046592;0;14;0;0.0;0.0;0.0;0.0;C01
70625;201500046592;0;7;0;0.0;0.0;0.0;0.0;B01
70626;201500046592;0;7;0;0.0;0.0;0.0;0.0;A01
70627;201500046593;0;7;0;4.0;0.0;3.0;13.0;A01
70628;201500046593;0;7;0;0.0;2.0;8.0;2.0;B01
70629;201500046595;0;7;0;4.0;0.0;2.0;0.0;A01
70630;201500046596;0;7;0;6.0;0.0;3.0;1.0;A01
70631;201500046597;0;32;0;0.0;0.0;3.0;1.0;A01
70632;201500046598;0;7;0;0.0;2.0;2.0;0.0;A01
70633;201500046598;0;7;0;0.0;0.0;6.0;0.0;B01
70634;201500046599;0;33;0;0.0;2.0;3.0;3.0;A01
70635;201500046599;0;7;0;0.0;2.0;5.0;2.0;B01
70636;201500046600;0;7;0;3.0;0.0;1.0;0.0;A01
70637;201500046601;0;7;0;3.0;0.0;1.0;1.0;A01
70638;201500046602;0;33;0;0.0;0.0;0.0;0.0;A01
70639;201500046603;0;7;0;4.0;0.0;8.0;1.0;A01
70640;201500046604;0;7;0;0.0;2.0;4.0;0.0;C01
70641;201500046604;0;15;0;0.0;2.0;1.0;1.0;B01
70642;201500046604;0;7;0;0.0;2.0;1.0;12.0;A01
70643;201500046605;0;33;0;0.0;2.0;3.0;2.0;A01
70644;201500046605;0;7;0;0.0;2.0;5.0;2.0;B01
70645;201500046606;0;15;0;0.0;0.0;0.0;0.0;C01
70646;201500046606;0;7;0;0.0;0.0;0.0;0.0;B01
70647;201500046606;0;10;0;0.0;0.0;0.0;0.0;A01
70648;201500046607;0;7;0;0.0;2.0;1.0;2.0;A01
70649;201500046607;0;7;0;0.0;2.0;4.0;2.0;B01
70650;201500046607;0;7;0;0.0;2.0;4.0;2.0;C01
70651;201500046608;0;7;0;0.0;2.0;0.0;0.0;A01
70652;201500046608;0;7;0;0.0;2.0;0.0;0.0;B01
70653;201500046609;0;7;0;0.0;0.0;0.0;0.0;A01
70654;201500046609;0;10;0;0.0;0.0;0.0;0.0;B01
70655;201500046610;0;7;0;0.0;6.0;1.0;1.0;A01
70656;201500046611;0;7;0;0.0;2.0;1.0;2.0;C01
70657;201500046611;0;7;0;0.0;0.0;0.0;0.0;A01
70658;201500046611;0;7;0;0.0;2.0;1.0;2.0;B01
70659;201500046612;0;7;0;0.0;2.0;6.0;0.0;B01
70660;201500046612;0;7;0;0.0;2.0;2.0;0.0;A01
70661;201500046613;0;7;0;0.0;0.0;0.0;0.0;A01
70662;201500046613;0;7;0;0.0;0.0;4.0;2.0;B01
70663;201500046614;0;7;0;0.0;2.0;4.0;1.0;B01
70664;201500046614;0;32;0;0.0;2.0;1.0;14.0;A01
70665;201500046615;0;34;0;0.0;2.0;1.0;1.0;A01
70666;201500046615;0;7;0;0.0;2.0;4.0;1.0;B01
70667;201500046616;0;7;0;0.0;2.0;3.0;1.0;B01
70668;201500046616;0;34;0;0.0;2.0;2.0;2.0;A01
70669;201500046617;0;7;0;0.0;2.0;3.0;1.0;C01
70670;201500046617;0;7;0;0.0;2.0;2.0;12.0;A01
70671;201500046617;0;33;0;0.0;2.0;2.0;12.0;B01
70672;201500046618;0;10;0;0.0;0.0;0.0;0.0;B01
70673;201500046618;0;7;0;0.0;0.0;0.0;0.0;A01
70674;201500046619;0;7;0;0.0;0.0;0.0;0.0;B01
70675;201500046619;0;33;0;0.0;0.0;0.0;0.0;A01
70676;201500046620;0;15;0;0.0;2.0;2.0;3.0;A01
70677;201500046620;0;7;0;0.0;2.0;3.0;1.0;B01
70678;201500046621;0;7;0;0.0;2.0;4.0;2.0;C01
70679;201500046621;0;7;0;0.0;2.0;4.0;2.0;D01
70680;201500046621;0;7;0;0.0;2.0;4.0;2.0;B01
70681;201500046621;0;7;0;0.0;2.0;1.0;2.0;A01
70682;201500046622;0;32;0;0.0;2.0;2.0;0.0;A01
70683;201500046622;0;7;0;0.0;2.0;6.0;23.0;B01
70684;201500046623;0;7;0;0.0;2.0;2.0;0.0;C01
70685;201500046623;0;7;0;0.0;2.0;4.0;0.0;B01
70686;201500046623;0;7;0;0.0;0.0;0.0;0.0;A01
70687;201500046624;0;7;0;3.0;0.0;3.0;1.0;A01
70688;201500046625;0;7;0;0.0;2.0;5.0;6.0;A01
70689;201500046625;0;7;0;0.0;2.0;2.0;1.0;B01
70690;201500046626;0;7;0;0.0;2.0;4.0;2.0;D01
70691;201500046626;0;7;0;0.0;2.0;4.0;2.0;B01
70692;201500046626;0;7;0;0.0;2.0;1.0;2.0;A01
70693;201500046626;0;7;0;0.0;0.0;0.0;0.0;C01
70694;201500046627;0;34;0;0.0;2.0;1.0;3.0;A01
70695;201500046627;0;7;0;0.0;2.0;6.0;11.0;B01
70696;201500046628;0;7;0;4.0;0.0;3.0;2.0;A01
70697;201500046629;0;7;0;0.0;2.0;1.0;2.0;B01
70698;201500046629;0;7;0;4.0;2.0;4.0;2.0;A01
70699;201500046630;0;7;0;4.0;0.0;1.0;0.0;A01
70700;201500046631;0;33;0;6.0;0.0;2.0;13.0;A01
70701;201500046633;0;7;0;0.0;0.0;0.0;0.0;A01
70702;201500046633;0;7;0;0.0;0.0;0.0;0.0;B01
70703;201500046634;0;33;0;0.0;0.0;3.0;1.0;A01
70704;201500046635;0;7;0;0.0;2.0;4.0;2.0;C01
70705;201500046635;0;7;0;0.0;2.0;1.0;2.0;A01
70706;201500046635;0;7;0;0.0;2.0;4.0;2.0;B01
70707;201500046637;0;7;0;0.0;0.0;0.0;2.0;A01
70708;201500046638;0;34;0;0.0;2.0;1.0;2.0;A01
70709;201500046638;0;7;0;0.0;2.0;5.0;2.0;B01
70710;201500046639;0;31;0;0.0;2.0;1.0;1.0;A01
70711;201500046639;0;7;0;0.0;2.0;5.0;2.0;B01
70712;201500046640;2;7;0;4.0;0.0;3.0;0.0;A01
70713;201500046641;0;7;0;0.0;2.0;4.0;2.0;B01
70714;201500046641;0;7;0;0.0;2.0;1.0;2.0;A01
70715;201500046642;0;7;0;4.0;0.0;3.0;17.0;A01
70716;201500046643;0;31;0;0.0;2.0;3.0;3.0;A01
70717;201500046644;0;7;0;0.0;2.0;4.0;2.0;C01
70718;201500046644;0;10;0;0.0;2.0;4.0;2.0;B01
70719;201500046644;0;14;0;0.0;2.0;1.0;2.0;A01
70720;201500046645;0;7;0;0.0;2.0;3.0;11.0;A01
70721;201500046645;0;33;0;4.0;2.0;2.0;3.0;B01
70722;201500046646;0;7;0;0.0;2.0;3.0;13.0;A01
70723;201500046646;0;33;0;0.0;2.0;1.0;2.0;B01
70724;201500046647;0;17;0;0.0;2.0;0.0;0.0;B01
70725;201500046647;0;7;0;3.0;2.0;0.0;0.0;A01
70726;201500046648;0;10;0;0.0;2.0;4.0;23.0;B01
70727;201500046648;0;7;0;0.0;2.0;1.0;2.0;A01
70728;201500046648;0;7;0;0.0;2.0;4.0;23.0;C01
70729;201500046649;0;7;0;0.0;2.0;1.0;2.0;C01
70730;201500046649;0;7;0;0.0;2.0;4.0;2.0;A01
70731;201500046649;0;7;0;0.0;2.0;1.0;2.0;B01
70732;201500046650;0;33;0;0.0;2.0;7.0;3.0;A01
70733;201500046650;1;1;0;0.0;0.0;0.0;0.0;Z01
70734;201500046651;0;33;0;0.0;2.0;1.0;1.0;B01
70735;201500046651;0;7;0;0.0;2.0;2.0;1.0;C01
70736;201500046651;0;7;0;0.0;2.0;6.0;11.0;A01
70737;201500046652;0;7;0;4.0;0.0;4.0;0.0;A01
70738;201500046652;0;7;0;4.0;0.0;4.0;0.0;B01
70739;201500046653;0;14;0;0.0;2.0;2.0;1.0;A01
70740;201500046653;0;10;0;0.0;2.0;4.0;1.0;D01
70741;201500046653;0;7;0;0.0;2.0;4.0;1.0;C01
70742;201500046653;0;7;0;0.0;2.0;4.0;1.0;B01
70743;201500046653;0;10;0;0.0;0.0;4.0;1.0;E01
70744;201500046654;0;7;0;0.0;2.0;3.0;0.0;A01
70745;201500046655;0;10;0;0.0;0.0;4.0;2.0;D01
70746;201500046655;0;7;0;0.0;0.0;6.0;2.0;C01
70747;201500046655;0;7;0;0.0;2.0;5.0;2.0;B01
70748;201500046655;0;7;0;0.0;2.0;1.0;12.0;A01
70749;201500046656;0;7;0;0.0;2.0;1.0;2.0;A01
70750;201500046656;0;7;0;0.0;2.0;4.0;2.0;B01
70751;201500046657;0;7;0;0.0;2.0;4.0;1.0;B01
70752;201500046657;0;7;0;0.0;2.0;4.0;2.0;C01
70753;201500046657;0;7;0;0.0;2.0;1.0;1.0;A01
70754;201500046658;0;7;0;0.0;0.0;0.0;0.0;C01
70755;201500046658;0;7;0;0.0;0.0;0.0;0.0;A01
70756;201500046658;0;33;0;0.0;0.0;0.0;0.0;B01
70757;201500046659;0;7;0;0.0;2.0;3.0;0.0;A01
70758;201500046659;0;7;0;0.0;2.0;9.0;0.0;B01
70759;201500046660;0;33;0;0.0;2.0;0.0;0.0;A01
70760;201500046660;0;7;0;0.0;2.0;0.0;0.0;C01
70761;201500046660;0;34;0;0.0;2.0;0.0;0.0;B01
70762;201500046661;0;7;0;0.0;2.0;1.0;14.0;B01
70763;201500046661;0;33;0;0.0;2.0;5.0;1.0;A01
70764;201500046662;0;7;0;0.0;0.0;6.0;2.0;B01
70765;201500046662;0;33;0;0.0;2.0;2.0;1.0;A01
70766;201500046663;1;10;0;0.0;0.0;0.0;0.0;Z01
70767;201500046663;0;33;0;0.0;2.0;4.0;3.0;A01
70768;201500046664;0;7;0;0.0;2.0;5.0;12.0;A01
70769;201500046664;0;32;0;0.0;0.0;0.0;0.0;B01
70770;201500046665;0;33;0;0.0;2.0;1.0;2.0;A01
70771;201500046665;0;7;0;0.0;2.0;6.0;11.0;B01
70772;201500046666;0;7;0;0.0;2.0;2.0;0.0;B01
70773;201500046666;0;7;0;0.0;2.0;3.0;0.0;C01
70774;201500046666;0;33;0;0.0;2.0;6.0;0.0;A01
70775;201500046667;0;32;0;0.0;2.0;1.0;0.0;A01
70776;201500046667;0;7;0;0.0;0.0;0.0;0.0;B01
70777;201500046668;0;7;0;0.0;2.0;3.0;2.0;A01
70778;201500046668;0;7;0;0.0;2.0;5.0;2.0;B01
70779;201500046669;0;7;0;0.0;2.0;4.0;2.0;B01
70780;201500046669;0;32;0;0.0;2.0;1.0;2.0;A01
70781;201500046670;0;7;0;0.0;2.0;1.0;1.0;A01
70782;201500046670;0;7;0;0.0;2.0;4.0;0.0;B01
70783;201500046670;0;7;0;0.0;2.0;4.0;1.0;C01
70784;201500046671;0;7;0;0.0;2.0;4.0;2.0;C01
70785;201500046671;0;7;0;0.0;2.0;3.0;0.0;A01
70786;201500046671;0;7;0;4.0;2.0;5.0;2.0;B01
70787;201500046672;0;7;0;4.0;0.0;3.0;13.0;A01
70788;201500046673;0;14;0;0.0;2.0;2.0;12.0;A01
70789;201500046673;0;7;0;0.0;2.0;8.0;1.0;B01
70790;201500046674;0;10;0;0.0;2.0;8.0;23.0;B01
70791;201500046674;0;33;0;0.0;2.0;7.0;0.0;A01
70792;201500046675;0;7;0;0.0;2.0;8.0;1.0;B01
70793;201500046675;0;34;0;0.0;2.0;7.0;3.0;A01
70794;201500046676;0;7;0;0.0;2.0;2.0;13.0;B01
70795;201500046676;0;7;0;0.0;2.0;4.0;2.0;C01
70796;201500046676;0;33;0;0.0;2.0;3.0;3.0;A01
70797;201500046677;0;33;0;0.0;2.0;8.0;2.0;B01
70798;201500046677;0;7;0;0.0;2.0;5.0;12.0;A01
70799;201500046678;0;7;0;0.0;2.0;4.0;2.0;B01
70800;201500046678;0;7;0;0.0;2.0;4.0;0.0;C01
70801;201500046678;0;7;0;0.0;2.0;0.0;2.0;A01
70802;201500046679;0;7;0;0.0;2.0;5.0;12.0;B01
70803;201500046679;0;33;0;0.0;2.0;3.0;3.0;A01
70804;201500046680;0;7;0;0.0;2.0;2.0;14.0;B01
70805;201500046680;0;33;0;0.0;2.0;3.0;3.0;A01
70806;201500046681;0;7;0;0.0;2.0;0.0;0.0;C01
70807;201500046681;0;7;0;0.0;2.0;2.0;0.0;A01
70808;201500046681;0;7;0;0.0;2.0;0.0;0.0;B01
70809;201500046682;0;32;0;0.0;0.0;0.0;0.0;A01
70810;201500046683;0;31;0;0.0;2.0;2.0;11.0;A01
70811;201500046683;0;7;0;0.0;2.0;6.0;1.0;B01
70812;201500046684;0;10;0;4.0;0.0;1.0;0.0;A01
70813;201500046685;0;33;0;0.0;2.0;1.0;2.0;A01
70814;201500046685;0;7;0;0.0;2.0;4.0;2.0;B01
70815;201500046686;0;33;0;0.0;0.0;7.0;3.0;A01
70816;201500046687;0;7;0;0.0;2.0;1.0;2.0;A01
70817;201500046687;0;7;0;0.0;2.0;4.0;1.0;B01
70818;201500046688;0;33;0;0.0;0.0;7.0;1.0;A01
70819;201500046689;0;33;0;0.0;2.0;3.0;3.0;A01
70820;201500046689;0;10;0;0.0;2.0;0.0;14.0;B01
70821;201500046690;0;7;0;0.0;2.0;5.0;2.0;B01
70822;201500046690;0;7;0;0.0;2.0;3.0;2.0;A01
70823;201500046691;0;7;0;0.0;2.0;4.0;2.0;A01
70824;201500046691;0;14;0;0.0;2.0;1.0;2.0;B01
70825;201500046692;0;7;0;3.0;0.0;2.0;14.0;A01
70826;201500046693;0;7;0;0.0;2.0;4.0;2.0;C01
70827;201500046693;0;7;0;0.0;2.0;4.0;2.0;B01
70828;201500046693;0;10;0;0.0;2.0;1.0;2.0;A01
70829;201500046694;0;33;0;0.0;2.0;1.0;2.0;A01
70830;201500046694;0;7;0;0.0;2.0;4.0;2.0;B01
70831;201500046695;0;33;0;0.0;2.0;3.0;3.0;B01
70832;201500046695;0;7;0;0.0;2.0;2.0;12.0;A01
70833;201500046696;0;7;0;13.0;0.0;2.0;2.0;A01
70834;201500046697;0;33;0;3.0;0.0;3.0;3.0;A01
70835;201500046698;0;34;0;0.0;2.0;1.0;3.0;A01
70836;201500046698;0;7;0;0.0;0.0;5.0;1.0;B01
70837;201500046699;0;33;0;0.0;2.0;3.0;3.0;A01
70838;201500046699;0;7;0;0.0;2.0;7.0;14.0;B01
70839;201500046700;0;7;0;4.0;0.0;1.0;2.0;A01
70840;201500046701;0;10;0;0.0;2.0;4.0;2.0;B01
70841;201500046701;0;10;0;0.0;2.0;1.0;0.0;A01
70842;201500046702;0;7;0;0.0;2.0;4.0;2.0;C01
70843;201500046702;0;10;0;0.0;2.0;1.0;2.0;A01
70844;201500046702;0;7;0;0.0;2.0;4.0;2.0;B01
70845;201500046703;0;33;0;0.0;0.0;0.0;1.0;A01
70846;201500046704;0;7;0;0.0;2.0;1.0;1.0;A01
70847;201500046704;0;7;0;0.0;2.0;4.0;1.0;B01
70848;201500046705;0;33;0;0.0;2.0;7.0;3.0;A01
70849;201500046705;0;10;0;0.0;2.0;8.0;11.0;B01
70850;201500046706;0;7;0;13.0;0.0;1.0;13.0;A01
70851;201500046707;0;10;0;0.0;0.0;0.0;12.0;B01
70852;201500046707;0;33;0;0.0;0.0;9.0;0.0;A01
70853;201500046708;0;7;0;0.0;2.0;1.0;2.0;A01