;Num_Acc;senc;catv;occutc;obs;obsm;choc;manv;num_veh
70854;201500046708;0;7;0;0.0;2.0;4.0;0.0;C01
70855;201500046708;0;7;0;0.0;2.0;4.0;2.0;B01
70856;201500046709;0;7;0;0.0;2.0;2.0;12.0;A01
70857;201500046709;0;33;0;0.0;2.0;3.0;3.0;B01
70858;201500046710;0;7;0;0.0;2.0;1.0;2.0;A01
70859;201500046710;0;7;0;0.0;2.0;4.0;0.0;B01
70860;201500046712;0;7;0;0.0;2.0;5.0;23.0;C01
70861;201500046712;0;7;0;0.0;2.0;6.0;23.0;D01
70862;201500046712;0;7;0;0.0;2.0;5.0;23.0;B01
70863;201500046712;0;33;0;0.0;2.0;3.0;3.0;A01
70864;201500046713;0;7;0;4.0;0.0;1.0;0.0;A01
70865;201500046714;0;7;0;0.0;2.0;2.0;0.0;A01
70866;201500046714;1;10;0;0.0;2.0;5.0;0.0;B01
70867;201500046715;0;7;0;0.0;0.0;0.0;0.0;C01
70868;201500046715;0;7;0;0.0;2.0;7.0;12.0;B01
70869;201500046715;0;33;0;0.0;2.0;8.0;3.0;A01
70870;201500046716;0;31;0;0.0;0.0;0.0;0.0;A01
70871;201500046717;0;7;0;0.0;2.0;1.0;2.0;C01
70872;201500046717;0;7;0;0.0;2.0;4.0;0.0;D01
70873;201500046717;1;10;0;0.0;2.0;1.0;0.0;Y01
70874;201500046717;0;7;0;0.0;2.0;3.0;2.0;B01
70875;201500046717;1;15;0;0.0;2.0;2.0;14.0;Z01
70876;201500046718;0;7;0;0.0;2.0;3.0;2.0;A01
70877;201500046718;0;7;0;0.0;2.0;5.0;2.0;C01
70878;201500046718;0;7;0;0.0;2.0;2.0;2.0;B01
70879;201500046720;0;31;0;0.0;0.0;7.0;2.0;A01
70880;201500046721;0;7;0;0.0;2.0;1.0;2.0;A01
70881;201500046721;0;7;0;0.0;2.0;1.0;2.0;B01
70882;201500046722;0;7;0;0.0;2.0;1.0;2.0;A01
70883;201500046722;0;7;0;0.0;2.0;4.0;2.0;B01
70884;201500046723;0;30;0;16.0;0.0;7.0;16.0;A01
70885;201500046724;0;7;0;0.0;2.0;3.0;1.0;C01
70886;201500046724;0;33;0;0.0;2.0;2.0;3.0;A01
70887;201500046724;0;7;0;0.0;2.0;8.0;11.0;B01
70888;201500046725;0;33;0;16.0;0.0;1.0;9.0;A01
70889;201500046726;0;7;0;0.0;2.0;3.0;0.0;B01
70890;201500046726;0;15;0;0.0;2.0;2.0;12.0;A01
70891;201500046727;0;33;0;0.0;2.0;7.0;1.0;B01
70892;201500046727;1;10;0;0.0;0.0;0.0;0.0;Z01
70893;201500046728;0;7;0;0.0;2.0;4.0;1.0;B01
70894;201500046728;0;7;0;0.0;2.0;1.0;1.0;A01
70895;201500046729;0;7;0;4.0;0.0;9.0;1.0;A01
70896;201500046730;0;33;0;3.0;0.0;7.0;0.0;A01
70897;201500046731;0;10;0;4.0;0.0;1.0;0.0;A01
70898;201500046732;0;7;0;0.0;2.0;6.0;24.0;B01
70899;201500046732;0;7;0;1.0;0.0;2.0;2.0;A01
70900;201500046733;0;33;0;0.0;2.0;1.0;2.0;A01
70901;201500046733;0;7;0;0.0;2.0;5.0;2.0;B01
70902;201500046734;0;10;0;0.0;2.0;6.0;11.0;A01
70903;201500046734;0;33;0;0.0;2.0;2.0;3.0;B01
70904;201500046735;0;7;0;0.0;2.0;4.0;0.0;A01
70905;201500046735;1;7;0;0.0;0.0;0.0;0.0;B01
70906;201500046736;0;7;0;4.0;0.0;0.0;0.0;A01
70907;201500046737;0;7;0;0.0;2.0;6.0;2.0;B01
70908;201500046737;0;10;0;0.0;2.0;7.0;2.0;C01
70909;201500046737;0;31;0;0.0;2.0;0.0;3.0;A01
70910;201500046738;0;33;0;0.0;2.0;0.0;0.0;A01
70911;201500046738;0;7;0;0.0;0.0;6.0;1.0;B01
70912;201500046739;0;7;0;0.0;2.0;2.0;2.0;C01
70913;201500046739;0;15;0;0.0;2.0;3.0;21.0;B01
70914;201500046739;0;7;0;0.0;2.0;1.0;2.0;A01
70915;201500046740;0;7;0;0.0;2.0;5.0;1.0;C01
70916;201500046740;0;7;0;0.0;2.0;8.0;2.0;B01
70917;201500046740;0;34;0;0.0;2.0;1.0;2.0;A01
70918;201500046740;0;7;0;0.0;2.0;6.0;1.0;D01
70919;201500046741;2;7;0;4.0;0.0;3.0;17.0;A01
70920;201500046742;0;10;0;0.0;2.0;1.0;2.0;A01
70921;201500046742;0;7;0;0.0;2.0;4.0;2.0;B01
70922;201500046744;0;7;0;0.0;2.0;2.0;14.0;A01
70923;201500046744;0;33;0;0.0;2.0;1.0;1.0;B01
70924;201500046745;0;31;0;0.0;2.0;4.0;2.0;B01
70925;201500046745;0;7;0;0.0;2.0;1.0;2.0;A01
70926;201500046746;0;33;0;0.0;2.0;1.0;1.0;A01
70927;201500046746;0;7;0;0.0;2.0;3.0;2.0;B01
70928;201500046747;0;7;0;0.0;2.0;2.0;12.0;A01
70929;201500046747;0;33;0;0.0;2.0;1.0;1.0;B01
70930;201500046747;0;7;0;0.0;2.0;4.0;1.0;C01
70931;201500046749;0;15;0;4.0;0.0;2.0;0.0;A01
70932;201500046750;0;7;0;0.0;2.0;2.0;0.0;C01
70933;201500046750;0;10;0;0.0;2.0;1.0;0.0;A01
70934;201500046750;0;7;0;4.0;2.0;4.0;0.0;B01
70935;201500046751;0;7;0;0.0;2.0;1.0;2.0;A01
70936;201500046751;0;7;0;0.0;2.0;4.0;2.0;B01
70937;201500046751;0;7;0;0.0;2.0;4.0;2.0;C01
70938;201500046752;0;33;0;0.0;2.0;1.0;2.0;B01
70939;201500046752;0;7;0;0.0;2.0;5.0;0.0;A01
70940;201500046753;0;31;0;0.0;0.0;0.0;0.0;A01
70941;201500046754;0;7;0;0.0;2.0;6.0;0.0;B01
70942;201500046754;0;7;0;0.0;2.0;2.0;0.0;A01
70943;201500046755;0;7;0;4.0;0.0;1.0;2.0;A01
70944;201500046756;0;7;0;0.0;0.0;0.0;0.0;B01
70945;201500046756;0;7;0;0.0;0.0;0.0;0.0;A01
70946;201500046757;0;10;0;0.0;2.0;6.0;2.0;B01
70947;201500046757;0;33;0;0.0;2.0;1.0;3.0;A01
70948;201500046758;0;1;0;0.0;2.0;3.0;15.0;A01
70949;201500046759;0;7;0;0.0;2.0;6.0;11.0;A01
70950;201500046759;0;33;0;0.0;2.0;1.0;3.0;B01
70951;201500046760;0;7;0;0.0;2.0;4.0;2.0;C01
70952;201500046760;0;7;0;0.0;2.0;1.0;2.0;A01
70953;201500046760;0;7;0;0.0;2.0;4.0;2.0;B01
70954;201500046761;0;33;0;0.0;2.0;7.0;14.0;B01
70955;201500046761;1;7;0;0.0;0.0;0.0;0.0;Z01
70956;201500046761;0;33;0;0.0;2.0;3.0;2.0;A01
70957;201500046762;0;33;0;0.0;0.0;3.0;0.0;A01
70958;201500046763;0;7;0;0.0;2.0;1.0;2.0;A01
70959;201500046763;0;7;0;0.0;2.0;4.0;2.0;B01
70960;201500046764;0;7;0;0.0;2.0;6.0;1.0;B01
70961;201500046764;0;33;0;0.0;2.0;1.0;1.0;A01
70962;201500046765;0;15;0;0.0;2.0;6.0;24.0;B01
70963;201500046765;0;10;0;1.0;0.0;2.0;1.0;A01
70964;201500046766;0;7;0;0.0;2.0;4.0;2.0;C01
70965;201500046766;0;7;0;0.0;2.0;1.0;2.0;A01
70966;201500046766;0;7;0;0.0;2.0;1.0;2.0;B01
70967;201500046768;0;7;0;0.0;2.0;2.0;2.0;A01
70968;201500046768;0;7;0;0.0;2.0;6.0;2.0;B01
70969;201500046769;0;10;0;0.0;2.0;1.0;0.0;A01
70970;201500046769;0;7;0;0.0;0.0;4.0;0.0;C01
70971;201500046769;0;7;0;0.0;2.0;4.0;0.0;B01
70972;201500046770;0;33;0;0.0;0.0;7.0;3.0;A01
70973;201500046770;0;7;0;0.0;2.0;3.0;0.0;B01
70974;201500046771;0;33;0;0.0;0.0;0.0;1.0;A01
70975;201500046772;0;7;0;0.0;2.0;0.0;0.0;A01
70976;201500046772;0;33;0;0.0;0.0;0.0;0.0;B01
70977;201500046773;0;7;0;0.0;2.0;4.0;2.0;C01
70978;201500046773;0;7;0;0.0;2.0;4.0;2.0;E01
70979;201500046773;0;15;0;0.0;2.0;1.0;2.0;A01
70980;201500046773;0;7;0;0.0;2.0;4.0;2.0;D01
70981;201500046773;0;7;0;0.0;2.0;4.0;2.0;B01
70982;201500046774;0;7;0;0.0;2.0;5.0;2.0;B01
70983;201500046774;0;33;0;0.0;2.0;3.0;2.0;A01
70984;201500046775;0;7;0;0.0;2.0;4.0;2.0;B01
70985;201500046775;0;7;0;0.0;2.0;1.0;2.0;A01
70986;201500046777;0;7;0;0.0;2.0;3.0;2.0;C01
70987;201500046777;0;7;0;0.0;2.0;1.0;2.0;A01
70988;201500046777;0;30;0;0.0;2.0;4.0;2.0;B01
70989;201500046779;0;7;0;0.0;2.0;1.0;2.0;A01
70990;201500046779;0;7;0;0.0;2.0;6.0;1.0;B01
70991;201500046780;0;7;0;0.0;2.0;1.0;2.0;A01
70992;201500046780;0;7;0;0.0;2.0;1.0;2.0;B01
70993;201500046780;0;7;0;0.0;2.0;4.0;2.0;C01
70994;201500046780;0;7;0;0.0;2.0;4.0;2.0;D01
70995;201500046781;0;3;0;0.0;0.0;0.0;0.0;A01
70996;201500046782;0;7;0;0.0;0.0;4.0;0.0;C01
70997;201500046782;0;7;0;0.0;0.0;1.0;1.0;A01
70998;201500046782;0;7;0;0.0;0.0;4.0;1.0;B01
70999;201500046783;0;33;0;4.0;0.0;2.0;0.0;A01
71000;201500046784;0;33;0;0.0;2.0;2.0;3.0;B01
71001;201500046784;0;7;0;0.0;2.0;2.0;12.0;A01
71002;201500046786;0;7;0;14.0;0.0;1.0;12.0;L01
71003;201500046789;0;33;0;0.0;2.0;7.0;3.0;A01
71004;201500046789;0;7;0;0.0;2.0;3.0;11.0;B01
71005;201500046790;0;33;0;0.0;2.0;3.0;3.0;A01
71006;201500046790;0;7;0;0.0;2.0;5.0;12.0;B01
71007;201500046791;0;33;0;0.0;2.0;1.0;3.0;A01
71008;201500046791;0;7;0;0.0;2.0;6.0;1.0;C01
71009;201500046791;0;7;0;0.0;2.0;5.0;16.0;B01
71010;201500046792;0;7;0;4.0;0.0;0.0;16.0;A01
71011;201500046793;0;7;0;0.0;2.0;3.0;1.0;B01
71012;201500046793;0;7;0;0.0;2.0;2.0;21.0;A01
71013;201500046794;0;2;0;16.0;0.0;1.0;2.0;A01
71014;201500046795;0;7;0;8.0;0.0;3.0;1.0;A01
71015;201500046796;0;7;0;0.0;2.0;2.0;12.0;A01
71016;201500046796;0;31;0;0.0;2.0;8.0;1.0;B01
71017;201500046797;0;33;0;0.0;0.0;0.0;0.0;A01
71018;201500046798;0;15;0;0.0;2.0;8.0;1.0;B01
71019;201500046798;0;33;0;0.0;2.0;3.0;3.0;A01
71020;201500046799;0;33;0;0.0;2.0;2.0;3.0;A01
71021;201500046799;0;7;0;0.0;2.0;6.0;11.0;B01
71022;201500046801;0;7;0;0.0;0.0;0.0;0.0;A01
71023;201500046802;0;31;0;0.0;0.0;0.0;0.0;A01
71024;201500046803;0;7;0;4.0;0.0;1.0;0.0;A01
71025;201500046804;0;7;0;0.0;2.0;1.0;1.0;A01
71026;201500046804;0;7;0;0.0;2.0;4.0;1.0;B01
71027;201500046805;0;37;0;0.0;0.0;4.0;2.0;B01
71028;201500046805;0;7;0;0.0;2.0;1.0;2.0;A01
71029;201500046806;0;33;0;0.0;0.0;3.0;0.0;A01
71030;201500046807;0;7;0;0.0;2.0;4.0;1.0;B01
71031;201500046807;0;15;0;0.0;2.0;1.0;12.0;A01
71032;201500046808;0;10;0;0.0;2.0;1.0;2.0;D01
71033;201500046808;0;10;0;13.0;0.0;1.0;2.0;B01
71034;201500046808;0;7;0;0.0;2.0;1.0;2.0;A01
71035;201500046808;0;7;0;0.0;2.0;2.0;2.0;C01
71036;201500046809;0;7;0;0.0;2.0;6.0;0.0;B01
71037;201500046809;0;7;0;0.0;2.0;1.0;0.0;A01
71038;201500046810;0;32;0;0.0;2.0;3.0;0.0;A01
71039;201500046810;0;7;0;0.0;2.0;2.0;1.0;B01
71040;201500046811;0;7;0;0.0;0.0;0.0;0.0;B01
71041;201500046811;0;10;0;0.0;0.0;0.0;0.0;A01
71042;201500046813;0;7;0;0.0;2.0;0.0;0.0;B01
71043;201500046813;0;33;0;0.0;2.0;0.0;0.0;A01
71044;201500046814;0;7;0;0.0;2.0;4.0;0.0;C01
71045;201500046814;0;34;0;0.0;2.0;1.0;0.0;A01
71046;201500046814;0;7;0;0.0;2.0;1.0;0.0;B01
71047;201500046815;0;7;0;0.0;2.0;7.0;12.0;B01
71048;201500046815;0;33;0;0.0;2.0;8.0;0.0;A01
71049;201500046816;0;10;0;3.0;0.0;2.0;14.0;A01
71050;201500046817;0;7;0;0.0;2.0;1.0;0.0;A01
71051;201500046817;0;7;0;0.0;2.0;4.0;0.0;B01
71052;201500046818;0;31;0;0.0;2.0;8.0;18.0;A01
71053;201500046818;0;7;0;0.0;2.0;2.0;0.0;B01
71054;201500046819;0;32;0;0.0;2.0;2.0;3.0;B01
71055;201500046819;0;7;0;0.0;2.0;8.0;11.0;A01
71056;201500046820;0;7;0;0.0;2.0;5.0;12.0;A01
71057;201500046820;0;33;0;0.0;2.0;3.0;3.0;B01
71058;201500046821;0;14;0;0.0;2.0;1.0;2.0;A01
71059;201500046821;0;7;0;0.0;2.0;4.0;2.0;B01
71060;201500046822;0;30;0;14.0;0.0;1.0;0.0;A01
71061;201500046823;0;7;0;0.0;2.0;4.0;0.0;C01
71062;201500046823;0;15;0;0.0;2.0;2.0;2.0;A01
71063;201500046823;0;10;0;0.0;2.0;4.0;2.0;B01
71064;201500046824;0;33;0;0.0;2.0;5.0;1.0;B01
71065;201500046824;0;10;0;0.0;2.0;3.0;11.0;A01
71066;201500046825;2;7;0;3.0;2.0;1.0;0.0;A01
71067;201500046825;0;7;0;4.0;2.0;4.0;0.0;B01
71068;201500046828;0;7;0;4.0;0.0;1.0;1.0;A01
71069;201500046829;0;34;0;0.0;2.0;1.0;3.0;A01
71070;201500046829;0;7;0;0.0;0.0;2.0;14.0;B01
71071;201500046830;0;7;0;0.0;2.0;1.0;1.0;A01
71072;201500046830;0;7;0;0.0;2.0;4.0;1.0;B01
71073;201500046830;0;7;0;0.0;0.0;4.0;1.0;C01
71074;201500046831;0;31;0;0.0;0.0;0.0;21.0;A01
71075;201500046832;0;7;0;4.0;0.0;1.0;13.0;A01
71076;201500046833;0;7;0;0.0;2.0;4.0;2.0;B01
71077;201500046833;0;7;0;0.0;2.0;4.0;2.0;C01
71078;201500046833;0;7;0;0.0;2.0;1.0;2.0;A01
71079;201500046834;0;7;0;0.0;0.0;0.0;0.0;B01
71080;201500046834;0;34;0;0.0;0.0;0.0;0.0;A01
71081;201500046835;0;32;0;0.0;2.0;3.0;3.0;A01
71082;201500046835;0;7;0;0.0;0.0;5.0;0.0;C01
71083;201500046835;0;7;0;0.0;0.0;5.0;0.0;B01
71084;201500046835;1;1;0;0.0;0.0;0.0;0.0;Z01
71085;201500046836;0;33;0;0.0;2.0;7.0;3.0;A01
71086;201500046836;0;7;0;0.0;2.0;8.0;11.0;B01
71087;201500046837;0;33;0;0.0;2.0;1.0;3.0;A01
71088;201500046837;0;7;0;0.0;2.0;2.0;12.0;B01
71089;201500046838;1;31;0;0.0;2.0;0.0;1.0;A01
71090;201500046839;0;7;0;3.0;0.0;3.0;13.0;A01
71091;201500046840;0;7;0;0.0;0.0;0.0;0.0;A01
71092;201500046841;0;7;0;4.0;0.0;2.0;0.0;A01
71093;201500046842;0;7;0;3.0;0.0;0.0;0.0;A01
71094;201500046843;0;7;0;3.0;2.0;6.0;13.0;A01
71095;201500046843;0;7;0;3.0;2.0;2.0;2.0;B01
71096;201500046844;0;7;0;0.0;2.0;5.0;2.0;B01
71097;201500046844;0;33;0;0.0;2.0;0.0;2.0;A01
71098;201500046845;0;7;0;0.0;2.0;4.0;2.0;B01
71099;201500046845;0;7;0;0.0;2.0;4.0;2.0;C01
71100;201500046845;0;7;0;0.0;2.0;1.0;2.0;A01
71101;201500046846;0;7;0;0.0;2.0;1.0;2.0;A01
71102;201500046846;0;7;0;0.0;2.0;4.0;2.0;B01
71103;201500046847;0;33;0;0.0;2.0;1.0;1.0;A01
71104;201500046847;0;7;0;0.0;2.0;4.0;1.0;B01
71105;201500046848;0;34;0;0.0;2.0;2.0;3.0;A01
71106;201500046848;0;7;0;0.0;2.0;2.0;2.0;B01
71107;201500046849;0;33;0;0.0;2.0;2.0;3.0;A01
71108;201500046849;0;7;0;0.0;2.0;6.0;0.0;B01
71109;201500046850;0;33;0;0.0;2.0;1.0;3.0;A01
71110;201500046850;0;7;0;0.0;2.0;4.0;14.0;B01
71111;201500046851;0;7;0;12.0;0.0;1.0;1.0;A01
71112;201500046852;0;7;0;0.0;2.0;3.0;2.0;B01
71113;201500046854;0;7;0;0.0;2.0;5.0;1.0;B01
71114;201500046854;0;7;0;0.0;2.0;5.0;1.0;C01
71115;201500046854;0;7;0;0.0;2.0;1.0;1.0;D01
71116;201500046854;0;10;0;0.0;2.0;2.0;9.0;A01
71117;201500046855;0;7;0;0.0;2.0;8.0;11.0;A01
71118;201500046855;0;7;0;0.0;2.0;7.0;1.0;B01
71119;201500046856;0;7;0;0.0;2.0;2.0;3.0;A01
71120;201500046856;0;7;0;0.0;2.0;6.0;3.0;B01
71121;201500046857;0;7;0;0.0;2.0;2.0;1.0;A01
71122;201500046857;0;7;0;6.0;2.0;6.0;2.0;B01
71123;201500046858;0;7;0;3.0;2.0;6.0;21.0;A01
71124;201500046858;0;7;0;0.0;2.0;2.0;9.0;B01
71125;201500046859;0;7;0;0.0;2.0;1.0;1.0;A01
71126;201500046859;0;7;0;0.0;2.0;4.0;2.0;B01
71127;201500046860;0;33;0;0.0;2.0;1.0;2.0;A01
71128;201500046860;0;7;0;0.0;2.0;4.0;1.0;B01
71129;201500046861;0;7;0;0.0;2.0;1.0;1.0;A01
71130;201500046861;0;7;0;0.0;2.0;4.0;2.0;B01
71131;201500046862;0;33;0;0.0;2.0;2.0;3.0;A01
71132;201500046862;0;7;0;0.0;2.0;6.0;13.0;B01
71133;201500046863;0;7;0;0.0;2.0;1.0;1.0;A01
71134;201500046863;0;7;0;0.0;2.0;4.0;2.0;C01
71135;201500046863;0;7;0;0.0;2.0;4.0;2.0;B01
71136;201500046863;0;7;0;0.0;2.0;4.0;2.0;D01
71137;201500046864;0;7;0;4.0;0.0;1.0;1.0;A01
71138;201500046866;0;7;0;0.0;2.0;1.0;1.0;A01
71139;201500046866;0;7;0;0.0;2.0;4.0;2.0;B01
71140;201500046867;0;31;0;0.0;2.0;1.0;3.0;A01
71141;201500046867;0;7;0;0.0;2.0;8.0;11.0;B01
71142;201500046867;0;7;0;0.0;2.0;4.0;2.0;C01
71143;201500046868;0;7;0;0.0;2.0;1.0;1.0;A01
71144;201500046868;0;7;0;0.0;2.0;5.0;2.0;C01
71145;201500046868;0;7;0;0.0;2.0;6.0;2.0;D01
71146;201500046868;0;13;0;0.0;2.0;4.0;2.0;E01
71147;201500046868;0;7;0;0.0;2.0;5.0;2.0;B01
71148;201500046869;0;7;0;0.0;2.0;1.0;1.0;A01
71149;201500046869;0;7;0;0.0;2.0;1.0;1.0;B01
71150;201500046870;0;14;0;0.0;2.0;1.0;2.0;C01
71151;201500046870;0;7;0;0.0;2.0;4.0;2.0;D01
71152;201500046870;0;7;0;0.0;2.0;4.0;1.0;A01
71153;201500046870;0;7;0;0.0;2.0;4.0;2.0;B01
71154;201500046871;0;7;0;0.0;2.0;6.0;9.0;B01
71155;201500046871;0;14;0;0.0;2.0;2.0;14.0;A01
71156;201500046872;0;7;0;0.0;2.0;1.0;2.0;C01
71157;201500046872;0;7;0;0.0;2.0;4.0;2.0;B01
71158;201500046872;0;7;0;0.0;2.0;4.0;1.0;A01
71159;201500046873;0;7;0;16.0;0.0;9.0;1.0;A01
71160;201500046874;0;7;0;16.0;0.0;9.0;17.0;A01
71161;201500046875;0;14;0;0.0;2.0;2.0;14.0;A01
71162;201500046875;0;7;0;0.0;2.0;8.0;1.0;B01
71163;201500046875;0;7;0;0.0;2.0;6.0;1.0;C01
71164;201500046876;0;7;0;4.0;0.0;4.0;2.0;B01
71165;201500046876;0;7;0;1.0;2.0;1.0;2.0;A01
71166;201500046878;0;14;0;0.0;2.0;1.0;2.0;A01
71167;201500046878;0;7;0;0.0;2.0;4.0;1.0;B01
71168;201500046879;0;7;0;4.0;0.0;1.0;1.0;A01
71169;201500046880;0;7;0;0.0;2.0;4.0;2.0;B01
71170;201500046880;0;7;0;0.0;2.0;1.0;1.0;A01
71171;201500046881;0;7;0;3.0;0.0;7.0;1.0;A01
71172;201500046882;0;7;0;6.0;0.0;1.0;1.0;A01
71173;201500046883;0;33;0;5.0;0.0;8.0;3.0;A01
71174;201500046884;0;7;0;3.0;0.0;9.0;12.0;A01
71175;201500046885;0;7;0;0.0;2.0;4.0;1.0;A01
71176;201500046885;0;7;0;0.0;2.0;1.0;2.0;B01
71177;201500046885;0;33;0;0.0;2.0;8.0;2.0;C01
71178;201500046887;0;7;0;0.0;2.0;1.0;1.0;A01
71179;201500046887;0;7;0;0.0;2.0;4.0;2.0;B01
71180;201500046889;0;7;0;13.0;0.0;9.0;1.0;A01
71181;201500046890;0;7;0;0.0;2.0;1.0;2.0;D01
71182;201500046890;0;7;0;0.0;2.0;4.0;2.0;B01
71183;201500046890;0;7;0;0.0;2.0;4.0;2.0;C01
71184;201500046890;0;7;0;0.0;2.0;4.0;1.0;A01
71185;201500046891;0;33;0;0.0;2.0;3.0;3.0;B01
71186;201500046891;0;7;0;0.0;2.0;5.0;1.0;A01
71187;201500046892;0;7;0;1.0;1.0;2.0;1.0;A01
71188;201500046892;0;7;0;3.0;2.0;3.0;23.0;B01
71189;201500046893;0;7;0;4.0;0.0;1.0;1.0;A01
71190;201500046895;0;7;0;0.0;2.0;5.0;1.0;C01
71191;201500046895;0;7;0;0.0;2.0;5.0;1.0;B01
71192;201500046895;0;13;0;0.0;2.0;3.0;11.0;A01
71193;201500046896;0;33;0;0.0;2.0;8.0;1.0;B01
71194;201500046896;0;7;0;0.0;2.0;7.0;12.0;A01
71195;201500046897;0;7;0;0.0;2.0;6.0;1.0;A01
71196;201500046897;0;13;0;0.0;2.0;2.0;12.0;B01
71197;201500046897;0;7;0;0.0;2.0;3.0;1.0;C01
71198;201500046898;0;7;0;0.0;2.0;4.0;2.0;C01
71199;201500046898;0;7;0;0.0;2.0;4.0;2.0;D01
71200;201500046898;0;7;0;0.0;2.0;1.0;2.0;B01
71201;201500046898;0;7;0;0.0;2.0;1.0;1.0;A01
71202;201500046899;0;99;0;3.0;0.0;8.0;1.0;A01
71203;201500046900;0;7;0;6.0;0.0;1.0;1.0;A01
71204;201500046901;0;7;0;0.0;2.0;4.0;1.0;A01
71205;201500046901;0;7;0;0.0;2.0;1.0;2.0;B01
71206;201500046902;0;7;0;4.0;0.0;1.0;1.0;A01
71207;201500046904;0;33;0;16.0;0.0;7.0;1.0;A01
71208;201500046905;0;7;0;0.0;2.0;4.0;1.0;A01
71209;201500046905;0;7;0;0.0;2.0;1.0;2.0;B01
71210;201500046906;0;34;0;0.0;2.0;3.0;3.0;A01
71211;201500046906;0;7;0;0.0;2.0;2.0;1.0;B01
71212;201500046907;0;13;0;0.0;2.0;3.0;2.0;A01
71213;201500046907;0;7;0;0.0;2.0;5.0;1.0;B01
71214;201500046908;0;7;0;0.0;2.0;6.0;12.0;A01
71215;201500046908;0;33;0;0.0;2.0;3.0;3.0;B01
71216;201500046909;0;7;0;4.0;2.0;8.0;13.0;A01
71217;201500046909;0;7;0;0.0;2.0;4.0;1.0;B01
71218;201500046910;0;7;0;4.0;0.0;1.0;1.0;A01
71219;201500046912;0;7;0;16.0;0.0;9.0;1.0;A01
71220;201500046913;0;7;0;0.0;2.0;8.0;1.0;B01
71221;201500046913;0;7;0;0.0;2.0;7.0;19.0;A01
71222;201500046914;0;7;0;4.0;0.0;1.0;1.0;A01
71223;201500046915;0;7;0;0.0;2.0;4.0;2.0;B01
71224;201500046915;0;7;0;0.0;2.0;4.0;1.0;A01
71225;201500046915;0;7;0;0.0;2.0;1.0;2.0;C01
71226;201500046917;0;7;0;0.0;2.0;4.0;1.0;A01
71227;201500046917;0;33;0;0.0;2.0;1.0;2.0;B01
71228;201500046918;0;7;0;0.0;2.0;8.0;1.0;B01
71229;201500046918;0;15;0;0.0;2.0;2.0;12.0;A01
71230;201500046919;0;7;0;4.0;0.0;1.0;1.0;A01
71231;201500046920;0;7;0;3.0;0.0;8.0;1.0;A01
71232;201500046921;0;7;0;0.0;2.0;4.0;1.0;A01
71233;201500046922;0;7;0;4.0;0.0;1.0;1.0;A01
71234;201500046923;0;7;0;0.0;2.0;1.0;2.0;B01
71235;201500046923;0;7;0;0.0;2.0;7.0;9.0;A01
71236;201500046924;0;7;0;4.0;0.0;1.0;1.0;A01
71237;201500046925;0;7;0;0.0;2.0;4.0;12.0;A01
71238;201500046925;0;33;0;0.0;2.0;1.0;3.0;B01
71239;201500046926;0;7;0;0.0;2.0;8.0;1.0;A01
71240;201500046926;0;31;0;0.0;2.0;7.0;17.0;B01
71241;201500046927;0;7;0;16.0;0.0;9.0;21.0;A01
71242;201500046928;0;7;0;0.0;2.0;4.0;1.0;A01
71243;201500046928;0;7;0;0.0;2.0;1.0;2.0;B01
71244;201500046929;0;10;0;0.0;2.0;6.0;1.0;D01
71245;201500046929;0;14;0;4.0;2.0;6.0;1.0;C01
71246;201500046929;0;7;0;0.0;2.0;6.0;1.0;B01
71247;201500046929;0;17;0;4.0;2.0;2.0;21.0;A01
71248;201500046930;0;7;0;4.0;0.0;1.0;1.0;A01
71249;201500046931;0;7;0;1.0;0.0;1.0;2.0;B01
71250;201500046931;0;7;0;0.0;2.0;4.0;23.0;A01
71251;201500046931;0;7;0;0.0;2.0;1.0;2.0;C01
71252;201500046932;0;7;0;0.0;2.0;1.0;1.0;A01
71253;201500046932;0;7;0;0.0;2.0;4.0;2.0;B01
71254;201500046933;0;7;0;0.0;2.0;5.0;2.0;B01
71255;201500046933;0;33;0;0.0;2.0;1.0;1.0;A01
71256;201500046934;0;33;0;16.0;0.0;7.0;1.0;A01
71257;201500046935;0;7;0;0.0;2.0;4.0;1.0;B01
71258;201500046935;0;7;0;0.0;2.0;1.0;2.0;A01
71259;201500046936;0;7;0;0.0;2.0;4.0;1.0;B01
71260;201500046936;0;7;0;0.0;2.0;1.0;2.0;A01
71261;201500046937;0;7;0;3.0;0.0;1.0;1.0;A01
71262;201500046938;0;7;0;0.0;2.0;3.0;2.0;B01
71263;201500046938;0;7;0;0.0;2.0;3.0;13.0;A01
71264;201500046939;0;7;0;0.0;2.0;1.0;1.0;A01
71265;201500046939;0;7;0;0.0;2.0;1.0;2.0;D01
71266;201500046939;0;7;0;0.0;2.0;1.0;2.0;C01
71267;201500046939;0;7;0;0.0;2.0;4.0;2.0;B01
71268;201500046940;0;7;0;0.0;2.0;6.0;1.0;A01
71269;201500046940;1;1;0;0.0;2.0;1.0;3.0;Z01
71270;201500046940;0;7;0;0.0;2.0;0.0;0.0;B01
71271;201500046941;0;33;0;0.0;2.0;1.0;3.0;A01
71272;201500046941;0;7;0;0.0;2.0;4.0;11.0;B01
71273;201500046942;0;32;0;0.0;2.0;3.0;3.0;B01
71274;201500046942;0;7;0;0.0;2.0;5.0;12.0;A01