;Num_Acc;senc;catv;occutc;obs;obsm;choc;manv;num_veh
71696;201500047156;0;7;0;0.0;2.0;4.0;2.0;B01
71697;201500047156;0;7;0;0.0;2.0;1.0;1.0;A01
71698;201500047157;0;7;0;0.0;2.0;5.0;11.0;B01
71699;201500047157;0;34;0;0.0;2.0;8.0;1.0;A01
71700;201500047157;0;7;0;0.0;2.0;4.0;1.0;C01
71701;201500047158;0;7;0;0.0;2.0;3.0;13.0;B01
71702;201500047158;0;33;0;0.0;2.0;2.0;3.0;A01
71703;201500047159;0;33;0;0.0;2.0;8.0;3.0;B01
71704;201500047159;0;7;0;0.0;2.0;7.0;12.0;A01
71705;201500047159;0;15;0;0.0;2.0;8.0;1.0;C01
71706;201500047160;0;7;0;0.0;2.0;6.0;1.0;B01
71707;201500047160;0;7;0;0.0;2.0;1.0;1.0;C01
71708;201500047160;0;15;0;0.0;2.0;2.0;12.0;A01
71709;201500047162;0;7;0;0.0;2.0;1.0;2.0;B01
71710;201500047162;0;7;0;0.0;2.0;4.0;1.0;A01
71711;201500047163;0;7;0;0.0;2.0;4.0;1.0;C01
71712;201500047163;0;34;0;0.0;2.0;1.0;3.0;A01
71713;201500047163;0;34;0;0.0;2.0;8.0;11.0;B01
71714;201500047164;0;7;0;0.0;2.0;4.0;14.0;A01
71715;201500047164;0;33;0;0.0;2.0;1.0;3.0;B01
71716;201500047165;0;15;0;0.0;2.0;2.0;12.0;A01
71717;201500047165;0;7;0;4.0;2.0;6.0;1.0;B01
71718;201500047166;0;33;0;0.0;0.0;0.0;3.0;A01
71719;201500047167;0;7;0;0.0;2.0;6.0;2.0;B01
71720;201500047167;0;33;0;0.0;2.0;1.0;1.0;A01
71721;201500047168;0;33;0;0.0;0.0;0.0;21.0;A01
71722;201500047169;0;7;0;0.0;2.0;4.0;1.0;B01
71723;201500047169;0;7;0;0.0;2.0;1.0;17.0;A01
71724;201500047170;0;7;0;0.0;2.0;4.0;1.0;C01
71725;201500047170;0;7;0;0.0;2.0;1.0;1.0;A01
71726;201500047170;0;7;0;0.0;2.0;9.0;2.0;B01
71727;201500047171;0;7;0;0.0;2.0;7.0;14.0;B01
71728;201500047171;0;31;0;0.0;2.0;8.0;3.0;A01
71729;201500047172;0;10;0;0.0;2.0;1.0;1.0;A01
71730;201500047172;0;7;0;0.0;2.0;4.0;2.0;C01
71731;201500047172;0;7;0;0.0;2.0;4.0;2.0;B01
71732;201500047173;0;7;0;0.0;2.0;4.0;1.0;C01
71733;201500047173;0;33;0;0.0;2.0;9.0;1.0;B01
71734;201500047173;0;7;0;0.0;2.0;3.0;11.0;A01
71735;201500047174;0;33;0;0.0;2.0;1.0;3.0;A01
71736;201500047174;0;7;0;0.0;2.0;8.0;11.0;B01
71737;201500047175;0;7;0;1.0;0.0;8.0;13.0;A01
71738;201500047175;0;10;0;0.0;2.0;5.0;23.0;B01
71739;201500047176;0;33;0;16.0;0.0;8.0;0.0;A01
71740;201500047177;0;7;0;3.0;0.0;1.0;14.0;A01
71741;201500047178;0;33;0;0.0;2.0;8.0;1.0;B01
71742;201500047178;0;7;0;0.0;2.0;2.0;12.0;A01
71743;201500047180;0;7;0;0.0;2.0;4.0;2.0;C01
71744;201500047180;0;7;0;0.0;2.0;4.0;2.0;B01
71745;201500047180;0;7;0;0.0;2.0;1.0;1.0;A01
71746;201500047181;0;7;0;0.0;2.0;4.0;2.0;D01
71747;201500047181;0;7;0;0.0;2.0;4.0;2.0;C01
71748;201500047181;0;7;0;0.0;2.0;4.0;2.0;B01
71749;201500047181;0;7;0;0.0;2.0;1.0;1.0;A01
71750;201500047182;0;33;0;0.0;2.0;8.0;3.0;A01
71751;201500047182;0;7;0;0.0;2.0;7.0;12.0;B01
71752;201500047183;0;7;0;0.0;2.0;1.0;1.0;A01
71753;201500047183;0;7;0;0.0;2.0;4.0;2.0;B01
71754;201500047184;0;7;0;0.0;2.0;4.0;2.0;C01
71755;201500047184;0;7;0;0.0;2.0;1.0;1.0;A01
71756;201500047184;0;7;0;0.0;2.0;4.0;2.0;B01
71757;201500047185;0;7;0;0.0;2.0;1.0;2.0;B01
71758;201500047185;0;7;0;0.0;2.0;4.0;23.0;A01
71759;201500047186;0;7;0;0.0;2.0;6.0;2.0;B01
71760;201500047186;0;33;0;0.0;2.0;3.0;3.0;A01
71761;201500047187;0;7;0;0.0;2.0;1.0;1.0;A01
71762;201500047187;0;7;0;0.0;2.0;6.0;2.0;C01
71763;201500047187;0;7;0;0.0;2.0;4.0;2.0;B01
71764;201500047188;0;10;0;0.0;2.0;5.0;12.0;A01
71765;201500047188;0;33;0;0.0;2.0;1.0;3.0;B01
71766;201500047189;0;33;0;6.0;0.0;7.0;1.0;A01
71767;201500047190;0;13;0;0.0;2.0;2.0;1.0;B01
71768;201500047190;0;7;0;0.0;2.0;9.0;11.0;A01
71769;201500047191;0;33;0;0.0;2.0;8.0;3.0;B01
71770;201500047191;0;7;0;0.0;2.0;7.0;12.0;A01
71771;201500047192;0;7;0;0.0;2.0;1.0;2.0;A01
71772;201500047192;0;7;0;0.0;2.0;9.0;2.0;B01
71773;201500047192;0;7;0;0.0;2.0;9.0;2.0;C01
71774;201500047192;0;15;0;0.0;2.0;4.0;1.0;D01
71775;201500047193;0;7;0;0.0;2.0;2.0;12.0;B01
71776;201500047193;0;33;0;0.0;2.0;3.0;3.0;A01
71777;201500047194;0;33;0;0.0;2.0;2.0;3.0;B01
71778;201500047194;0;7;0;0.0;2.0;3.0;11.0;A01
71779;201500047195;0;33;0;16.0;0.0;1.0;1.0;A01
71780;201500047196;0;33;0;0.0;2.0;2.0;3.0;A01
71781;201500047196;0;7;0;0.0;2.0;6.0;12.0;B01
71782;201500047197;0;33;0;16.0;0.0;8.0;1.0;A01
71783;201500047198;0;33;0;0.0;2.0;1.0;2.0;A01
71784;201500047198;0;7;0;0.0;2.0;6.0;1.0;B01
71785;201500047199;0;7;0;0.0;2.0;2.0;14.0;A01
71786;201500047199;0;33;0;0.0;2.0;8.0;1.0;B01
71787;201500047200;0;7;0;16.0;0.0;9.0;12.0;A01
71788;201500047201;0;7;0;16.0;0.0;9.0;1.0;A01
71789;201500047202;0;31;0;16.0;0.0;3.0;1.0;A01
71790;201500047203;0;7;0;0.0;2.0;1.0;1.0;A01
71791;201500047203;0;13;0;0.0;2.0;8.0;1.0;C01
71792;201500047203;0;7;0;0.0;2.0;4.0;1.0;B01
71793;201500047205;0;33;0;0.0;2.0;2.0;3.0;B01
71794;201500047205;0;7;0;0.0;2.0;3.0;11.0;A01
71795;201500047205;0;7;0;0.0;2.0;5.0;1.0;C01
71796;201500047206;0;7;0;0.0;2.0;4.0;2.0;A01
71797;201500047206;0;7;0;0.0;2.0;1.0;2.0;B01
71798;201500047206;0;7;0;0.0;2.0;1.0;2.0;C01
71799;201500047207;0;7;0;0.0;2.0;1.0;1.0;A01
71800;201500047207;0;7;0;0.0;2.0;4.0;2.0;B01
71801;201500047208;0;7;0;0.0;2.0;2.0;2.0;A01
71802;201500047208;0;7;0;0.0;2.0;6.0;1.0;B01
71803;201500047209;0;7;0;0.0;2.0;1.0;1.0;A01
71804;201500047209;0;7;0;0.0;2.0;4.0;2.0;B01
71805;201500047209;0;7;0;0.0;2.0;4.0;2.0;C01
71806;201500047209;0;7;0;0.0;2.0;4.0;2.0;D01
71807;201500047210;0;7;0;0.0;2.0;4.0;2.0;B01
71808;201500047210;0;7;0;0.0;2.0;1.0;1.0;A01
71809;201500047213;0;33;0;0.0;2.0;2.0;1.0;A01
71810;201500047213;0;7;0;0.0;2.0;6.0;11.0;B01
71811;201500047215;0;7;0;0.0;2.0;4.0;2.0;B01
71812;201500047215;0;7;0;0.0;2.0;4.0;2.0;C01
71813;201500047215;0;7;0;0.0;2.0;1.0;1.0;A01
71814;201500047216;0;7;0;0.0;2.0;1.0;2.0;A01
71815;201500047216;0;7;0;0.0;2.0;4.0;1.0;B01
71816;201500047217;0;33;0;0.0;2.0;7.0;1.0;B01
71817;201500047217;0;7;0;0.0;2.0;4.0;1.0;A01
71818;201500047218;0;13;0;0.0;2.0;1.0;1.0;A01
71819;201500047218;0;7;0;0.0;2.0;4.0;2.0;B01
71820;201500047219;0;33;0;0.0;2.0;1.0;1.0;B01
71821;201500047219;0;7;0;0.0;2.0;4.0;11.0;A01
71822;201500047221;0;7;0;4.0;0.0;1.0;1.0;A01
71823;201500047222;0;7;0;0.0;2.0;4.0;2.0;C01
71824;201500047222;0;7;0;0.0;2.0;4.0;2.0;B01
71825;201500047222;0;7;0;0.0;2.0;4.0;2.0;D01
71826;201500047222;0;7;0;0.0;2.0;4.0;2.0;E01
71827;201500047222;0;7;0;0.0;2.0;1.0;1.0;A01
71828;201500047223;0;7;0;0.0;2.0;1.0;1.0;B01
71829;201500047223;0;7;0;3.0;2.0;5.0;17.0;A01
71830;201500047224;0;7;0;0.0;2.0;7.0;12.0;A01
71831;201500047224;0;33;0;0.0;2.0;1.0;3.0;B01
71832;201500047225;0;13;0;0.0;2.0;1.0;2.0;A01
71833;201500047225;0;7;0;0.0;2.0;4.0;2.0;B01
71834;201500047226;0;7;0;0.0;2.0;4.0;1.0;B01
71835;201500047226;1;7;0;0.0;2.0;0.0;0.0;Z01
71836;201500047226;0;7;0;0.0;2.0;5.0;1.0;A01
71837;201500047227;0;7;0;0.0;2.0;5.0;1.0;A01
71838;201500047227;0;7;0;0.0;2.0;3.0;2.0;B01
71839;201500047228;0;33;0;16.0;0.0;8.0;3.0;A01
71840;201500047229;0;7;0;13.0;0.0;0.0;1.0;A01
71841;201500047230;0;7;0;0.0;2.0;4.0;2.0;C01
71842;201500047230;0;7;0;0.0;2.0;4.0;2.0;B01
71843;201500047230;0;7;0;0.0;2.0;1.0;1.0;A01
71844;201500047231;0;7;0;0.0;2.0;4.0;2.0;B01
71845;201500047231;0;7;0;0.0;2.0;1.0;1.0;A01
71846;201500047232;0;33;0;16.0;0.0;8.0;3.0;A01
71847;201500047233;0;13;0;0.0;2.0;2.0;1.0;B01
71848;201500047233;0;7;0;0.0;2.0;6.0;13.0;A01
71849;201500047234;0;7;0;0.0;2.0;3.0;1.0;A01
71850;201500047234;0;7;0;0.0;2.0;5.0;2.0;B01
71851;201500047235;0;7;0;3.0;0.0;9.0;1.0;A01
71852;201500047236;0;33;0;0.0;2.0;1.0;3.0;A01
71853;201500047236;0;7;0;0.0;2.0;6.0;1.0;C01
71854;201500047236;0;7;0;0.0;2.0;8.0;13.0;B01
71855;201500047237;0;7;0;0.0;2.0;4.0;1.0;C01
71856;201500047237;0;33;0;0.0;2.0;1.0;14.0;A01
71857;201500047237;0;7;0;0.0;2.0;4.0;1.0;B01
71858;201500047238;0;7;0;0.0;2.0;2.0;1.0;A01
71859;201500047238;0;7;0;0.0;2.0;6.0;14.0;B01
71860;201500047239;0;7;0;6.0;0.0;1.0;1.0;A01
71861;201500047240;0;34;0;0.0;2.0;1.0;2.0;A01
71862;201500047240;0;7;0;0.0;2.0;4.0;1.0;B01
71863;201500047242;0;34;0;16.0;0.0;8.0;1.0;A01
71864;201500047243;0;7;0;4.0;0.0;1.0;1.0;A01
71865;201500047244;0;33;0;16.0;0.0;7.0;1.0;A01
71866;201500047245;0;7;0;0.0;2.0;4.0;1.0;B01
71867;201500047245;0;7;0;0.0;2.0;1.0;12.0;A01
71868;201500047246;0;33;0;0.0;2.0;8.0;3.0;A01
71869;201500047246;0;7;0;0.0;2.0;7.0;1.0;B01
71870;201500047247;0;7;0;0.0;2.0;4.0;1.0;C01
71871;201500047247;0;33;0;0.0;2.0;1.0;1.0;A01
71872;201500047247;0;7;0;0.0;2.0;4.0;1.0;B01
71873;201500047248;0;30;0;0.0;2.0;9.0;1.0;B01
71874;201500047248;0;7;0;0.0;2.0;5.0;1.0;C01
71875;201500047248;2;7;0;16.0;2.0;7.0;12.0;A01
71876;201500047250;0;7;0;6.0;0.0;1.0;17.0;A01
71877;201500047251;0;33;0;16.0;0.0;7.0;1.0;A01
71878;201500047252;0;7;0;0.0;2.0;1.0;1.0;A01
71879;201500047252;0;7;0;0.0;2.0;4.0;2.0;B01
71880;201500047253;0;7;0;0.0;2.0;4.0;2.0;B01
71881;201500047253;0;7;0;0.0;2.0;1.0;1.0;A01
71882;201500047253;0;7;0;0.0;2.0;4.0;2.0;C01
71883;201500047256;0;7;0;0.0;2.0;3.0;11.0;B01
71884;201500047256;0;32;0;0.0;2.0;2.0;3.0;A01
71885;201500047257;0;7;0;15.0;0.0;1.0;1.0;A01
71886;201500047258;0;7;0;0.0;2.0;5.0;1.0;B01
71887;201500047258;0;7;0;0.0;2.0;6.0;1.0;C01
71888;201500047258;0;33;0;0.0;2.0;2.0;3.0;A01
71889;201500047259;0;7;0;0.0;2.0;5.0;1.0;A01
71890;201500047259;0;33;0;0.0;2.0;1.0;3.0;C01
71891;201500047259;0;7;0;0.0;2.0;2.0;1.0;B01
71892;201500047260;0;13;0;0.0;2.0;1.0;12.0;A01
71893;201500047260;0;7;0;0.0;2.0;6.0;1.0;B01
71894;201500047262;0;7;0;0.0;2.0;6.0;9.0;A01
71895;201500047262;0;13;0;0.0;2.0;2.0;1.0;B01
71896;201500047263;1;7;0;0.0;2.0;4.0;1.0;A01
71897;201500047263;1;7;0;0.0;2.0;1.0;1.0;C01
71898;201500047263;1;13;0;0.0;2.0;4.0;1.0;B01
71899;201500047264;0;33;0;16.0;0.0;3.0;1.0;A01
71900;201500047265;0;7;0;0.0;2.0;6.0;1.0;B01
71901;201500047265;0;37;1;0.0;2.0;2.0;14.0;A01
71902;201500047266;0;7;0;0.0;2.0;1.0;1.0;B01
71903;201500047266;0;7;0;0.0;2.0;4.0;23.0;A01
71904;201500047267;0;7;0;16.0;0.0;9.0;1.0;A01
71905;201500047268;0;7;0;5.0;0.0;1.0;1.0;A01
71906;201500047269;0;7;0;0.0;2.0;5.0;1.0;B01
71907;201500047269;0;7;0;0.0;2.0;6.0;0.0;C01
71908;201500047269;0;7;0;0.0;2.0;3.0;14.0;A01
71909;201500047270;0;7;0;3.0;0.0;8.0;1.0;A01
71910;201500047271;0;7;0;0.0;2.0;5.0;1.0;B01
71911;201500047271;0;33;0;0.0;2.0;3.0;3.0;A01
71912;201500047273;0;10;0;0.0;2.0;6.0;2.0;B01
71913;201500047273;0;7;0;0.0;2.0;1.0;1.0;A01
71914;201500047273;0;7;0;0.0;2.0;4.0;2.0;C01
71915;201500047275;0;7;0;0.0;2.0;1.0;1.0;A01
71916;201500047275;0;7;0;0.0;2.0;4.0;2.0;B01
71917;201500047278;0;7;0;0.0;2.0;6.0;16.0;A01
71918;201500047278;0;33;0;0.0;2.0;1.0;1.0;B01
71919;201500047280;0;7;0;0.0;2.0;1.0;1.0;A01
71920;201500047280;0;7;0;0.0;2.0;4.0;2.0;B01
71921;201500047280;0;7;0;0.0;2.0;4.0;2.0;C01
71922;201500047281;0;7;0;0.0;2.0;5.0;1.0;C01
71923;201500047281;0;33;0;0.0;2.0;1.0;18.0;A01
71924;201500047281;0;7;0;0.0;2.0;7.0;1.0;B01
71925;201500047282;0;7;0;0.0;2.0;5.0;12.0;A01
71926;201500047282;0;33;0;0.0;2.0;3.0;1.0;B01
71927;201500047283;0;7;0;0.0;2.0;3.0;1.0;B01
71928;201500047283;1;7;0;0.0;0.0;1.0;2.0;Z01
71929;201500047283;0;7;0;4.0;2.0;6.0;1.0;A01
71930;201500047284;0;33;0;3.0;0.0;1.0;1.0;A01
71931;201500047285;0;33;0;0.0;2.0;1.0;1.0;B01
71932;201500047285;0;7;0;0.0;2.0;4.0;11.0;A01
71933;201500047286;0;7;0;16.0;0.0;0.0;1.0;A01
71934;201500047286;0;34;0;16.0;0.0;0.0;1.0;B01
71935;201500047287;0;7;0;16.0;0.0;0.0;1.0;A01
71936;201500047288;0;7;0;4.0;0.0;1.0;1.0;A01
71937;201500047289;0;7;0;16.0;0.0;9.0;1.0;A01
71938;201500047290;0;7;0;16.0;0.0;9.0;1.0;A01
71939;201500047291;0;7;0;0.0;2.0;7.0;12.0;B01
71940;201500047291;0;7;0;0.0;2.0;4.0;1.0;C01
71941;201500047291;0;33;0;0.0;2.0;3.0;3.0;A01
71942;201500047292;0;7;0;0.0;2.0;4.0;1.0;C01
71943;201500047292;0;7;0;0.0;2.0;1.0;1.0;B01
71944;201500047292;0;7;0;0.0;2.0;4.0;1.0;A01
71945;201500047293;0;33;0;0.0;2.0;4.0;1.0;B01
71946;201500047293;0;7;0;0.0;2.0;1.0;2.0;A01
71947;201500047294;0;7;0;0.0;1.0;1.0;1.0;B01
71948;201500047295;0;7;0;0.0;2.0;5.0;1.0;C01
71949;201500047295;0;33;0;0.0;2.0;9.0;3.0;B01
71950;201500047295;0;7;0;0.0;2.0;3.0;11.0;A01
71951;201500047296;0;7;0;16.0;0.0;9.0;1.0;A01
71952;201500047297;0;7;0;0.0;2.0;2.0;12.0;A01
71953;201500047297;0;7;0;0.0;2.0;4.0;1.0;B01
71954;201500047298;0;7;0;0.0;2.0;3.0;9.0;A01
71955;201500047298;0;7;0;0.0;2.0;2.0;1.0;B01
71956;201500047299;0;7;0;3.0;0.0;1.0;1.0;A01
71957;201500047300;0;7;0;4.0;0.0;1.0;1.0;A01
71958;201500047301;0;7;0;3.0;0.0;3.0;1.0;A01
71959;201500047302;0;7;0;16.0;0.0;9.0;14.0;A01
71960;201500047303;0;7;0;0.0;2.0;1.0;1.0;A01
71961;201500047303;0;7;0;0.0;2.0;4.0;2.0;B01
71962;201500047304;0;7;0;0.0;2.0;1.0;1.0;A01
71963;201500047304;0;7;0;0.0;2.0;4.0;2.0;B01
71964;201500047305;0;7;0;0.0;2.0;4.0;2.0;C01
71965;201500047305;0;7;0;0.0;2.0;1.0;1.0;A01
71966;201500047305;0;7;0;0.0;2.0;1.0;2.0;B01
71967;201500047306;0;7;0;0.0;2.0;9.0;2.0;C01
71968;201500047306;0;7;0;0.0;2.0;1.0;2.0;D01
71969;201500047306;0;7;0;0.0;2.0;9.0;2.0;B01
71970;201500047306;0;7;0;0.0;2.0;4.0;1.0;A01
71971;201500047307;0;7;0;4.0;0.0;1.0;1.0;A01
71972;201500047308;0;7;0;0.0;2.0;1.0;2.0;A01
71973;201500047308;0;7;0;0.0;2.0;4.0;2.0;B01
71974;201500047309;0;33;0;0.0;2.0;2.0;3.0;A01
71975;201500047309;0;7;0;0.0;2.0;8.0;1.0;B01
71976;201500047310;0;7;0;0.0;2.0;5.0;1.0;B01
71977;201500047310;0;7;0;0.0;2.0;3.0;11.0;A01
71978;201500047310;0;7;0;0.0;2.0;4.0;1.0;C01
71979;201500047312;0;7;0;0.0;2.0;1.0;2.0;C01
71980;201500047312;0;7;0;0.0;2.0;4.0;1.0;A01
71981;201500047312;0;7;0;0.0;2.0;4.0;2.0;B01
71982;201500047313;0;7;0;4.0;0.0;1.0;19.0;A01
71983;201500047314;0;7;0;0.0;2.0;1.0;2.0;B01
71984;201500047314;0;7;0;0.0;2.0;3.0;2.0;C01
71985;201500047314;0;7;0;0.0;2.0;1.0;5.0;A01
71986;201500047315;1;7;0;;2.0;1.0;;B02
71987;201500047315;0;7;0;0.0;2.0;7.0;9.0;A01
71988;201500047316;0;7;0;0.0;2.0;5.0;12.0;B01
71989;201500047316;0;33;0;0.0;2.0;1.0;3.0;A01
71990;201500047317;0;7;0;16.0;0.0;1.0;1.0;A01
71991;201500047319;0;7;0;0.0;2.0;4.0;1.0;C01
71992;201500047319;0;13;0;0.0;2.0;1.0;2.0;A01
71993;201500047319;0;7;0;0.0;2.0;9.0;2.0;B01
71994;201500047320;0;7;0;0.0;2.0;1.0;1.0;A01
71995;201500047320;0;7;0;0.0;2.0;4.0;2.0;B01
71996;201500047321;0;7;0;0.0;2.0;4.0;2.0;B01
71997;201500047321;0;7;0;0.0;2.0;1.0;1.0;A01
71998;201500047322;0;31;0;16.0;0.0;7.0;1.0;A01
71999;201500047323;0;31;0;0.0;2.0;1.0;3.0;A01
72000;201500047323;0;7;0;0.0;2.0;7.0;12.0;B01
72001;201500047325;0;7;0;0.0;2.0;4.0;2.0;C01
72002;201500047325;0;7;0;0.0;2.0;1.0;2.0;A01
72003;201500047325;0;7;0;0.0;2.0;4.0;0.0;B01
72004;201500047326;0;33;0;0.0;0.0;7.0;1.0;A01
72005;201500047327;0;7;0;0.0;2.0;9.0;1.0;B01
72006;201500047327;2;7;0;0.0;2.0;9.0;13.0;A01
72007;201500047328;0;33;0;4.0;0.0;8.0;1.0;A01
72008;201500047329;0;7;0;4.0;0.0;1.0;1.0;A01
72009;201500047330;0;7;0;0.0;2.0;4.0;12.0;A01
72010;201500047330;0;33;0;0.0;2.0;1.0;3.0;B01
72011;201500047331;0;7;0;0.0;2.0;4.0;2.0;B01
72012;201500047331;0;7;0;0.0;2.0;4.0;2.0;C01
72013;201500047331;0;13;0;0.0;2.0;1.0;2.0;D01
72014;201500047331;0;7;0;0.0;2.0;4.0;1.0;A01
72015;201500047332;0;33;0;16.0;0.0;8.0;1.0;A01
72016;201500047333;0;33;0;0.0;2.0;1.0;1.0;A01
72017;201500047333;0;7;0;0.0;2.0;4.0;2.0;B01
72018;201500047333;0;7;0;0.0;2.0;4.0;11.0;C01
72019;201500047334;0;7;0;0.0;2.0;4.0;1.0;B01
72020;201500047334;0;7;0;0.0;2.0;1.0;2.0;A01
72021;201500047335;0;7;0;0.0;2.0;1.0;1.0;A01
72022;201500047335;0;7;0;0.0;2.0;1.0;2.0;B01
72023;201500047335;0;7;0;0.0;2.0;4.0;2.0;C01
72024;201500047336;0;7;0;0.0;2.0;1.0;1.0;A01
72025;201500047336;0;34;0;0.0;2.0;4.0;2.0;B01
72026;201500047337;0;32;0;0.0;2.0;7.0;3.0;A01
72027;201500047339;0;7;0;16.0;0.0;9.0;1.0;A01
72028;201500047340;0;7;0;0.0;2.0;4.0;2.0;B01
72029;201500047340;0;15;0;0.0;2.0;1.0;1.0;A01
72030;201500047341;0;7;0;0.0;2.0;1.0;2.0;B01
72031;201500047341;0;7;0;0.0;2.0;5.0;1.0;A01
72032;201500047341;0;7;0;0.0;2.0;1.0;2.0;C01
72033;201500047342;0;13;0;0.0;2.0;1.0;1.0;A01
72034;201500047342;0;7;0;0.0;2.0;4.0;2.0;B01
72035;201500047343;0;33;0;0.0;2.0;1.0;1.0;B01
72036;201500047343;0;7;0;0.0;2.0;3.0;10.0;A01
72037;201500047344;0;7;0;0.0;2.0;1.0;2.0;B01
72038;201500047344;0;7;0;0.0;2.0;4.0;1.0;A01
72039;201500047345;0;7;0;0.0;2.0;6.0;23.0;A01
72040;201500047345;0;7;0;0.0;2.0;1.0;12.0;B01
72041;201500047346;0;33;0;0.0;2.0;8.0;3.0;B01
72042;201500047346;0;7;0;0.0;2.0;7.0;12.0;A01
72043;201500047347;0;7;0;0.0;2.0;4.0;2.0;C01
72044;201500047347;0;7;0;0.0;2.0;4.0;2.0;D01
72045;201500047347;0;7;0;0.0;2.0;1.0;1.0;A01
72046;201500047347;0;7;0;0.0;2.0;4.0;2.0;B01
72047;201500047348;0;10;0;0.0;2.0;1.0;1.0;E01
72048;201500047348;0;7;0;0.0;2.0;4.0;1.0;D01
72049;201500047348;0;10;0;0.0;2.0;4.0;21.0;A01
72050;201500047348;0;33;0;0.0;2.0;1.0;1.0;C01
72051;201500047348;0;10;0;0.0;2.0;1.0;21.0;B01
72052;201500047349;0;7;0;0.0;2.0;4.0;2.0;C01
72053;201500047349;0;7;0;0.0;2.0;1.0;1.0;A01
72054;201500047349;0;7;0;0.0;2.0;4.0;2.0;B01
72055;201500047350;0;7;0;1.0;2.0;4.0;23.0;B01
72056;201500047350;0;10;0;1.0;2.0;1.0;1.0;A01
72057;201500047351;0;7;0;0.0;2.0;4.0;2.0;A01
72058;201500047351;0;33;0;0.0;2.0;1.0;2.0;B01
72059;201500047353;0;33;0;16.0;0.0;7.0;3.0;A01
72060;201500047354;0;33;0;16.0;0.0;7.0;1.0;A01
72061;201500047355;0;7;0;4.0;0.0;8.0;1.0;A01
72062;201500047356;0;7;0;0.0;2.0;4.0;23.0;B01
72063;201500047356;0;33;0;0.0;2.0;1.0;1.0;A01
72064;201500047357;0;7;0;0.0;2.0;2.0;1.0;B01
72065;201500047357;0;7;0;0.0;2.0;1.0;5.0;A01
72066;201500047358;0;7;0;3.0;0.0;1.0;1.0;A01
72067;201500047360;0;33;0;0.0;2.0;1.0;1.0;A01
72068;201500047360;0;7;0;0.0;2.0;4.0;2.0;B01
72069;201500047361;0;7;0;4.0;0.0;3.0;1.0;A01
72070;201500047362;0;7;0;4.0;0.0;1.0;1.0;A01
72071;201500047363;0;7;0;0.0;2.0;1.0;21.0;A01
72072;201500047363;0;7;0;0.0;2.0;2.0;1.0;B01
72073;201500047364;0;7;0;3.0;0.0;1.0;1.0;A01
72074;201500047365;0;7;0;0.0;2.0;1.0;1.0;A01
72075;201500047365;0;7;0;0.0;2.0;6.0;23.0;B01
72076;201500047367;0;7;0;3.0;0.0;1.0;1.0;A01
72077;201500047368;0;7;0;4.0;0.0;5.0;1.0;A01
72078;201500047369;0;7;0;15.0;0.0;2.0;1.0;A01
72079;201500047370;0;7;0;0.0;0.0;9.0;1.0;A01
72080;201500047371;0;7;0;3.0;0.0;1.0;1.0;A01
72081;201500047373;0;7;0;7.0;0.0;2.0;1.0;A01
72082;201500047374;0;33;0;0.0;2.0;3.0;3.0;A01
72083;201500047374;0;7;0;0.0;2.0;3.0;11.0;B01
72084;201500047374;0;7;0;0.0;2.0;5.0;1.0;C01
72085;201500047375;0;33;0;0.0;2.0;9.0;3.0;A01
72086;201500047375;0;7;0;0.0;2.0;6.0;1.0;C01
72087;201500047375;0;7;0;0.0;2.0;5.0;11.0;B01
72088;201500047376;0;16;0;0.0;2.0;1.0;1.0;A01
72089;201500047376;0;10;0;0.0;2.0;4.0;2.0;C01
72090;201500047376;0;7;0;0.0;2.0;4.0;2.0;B01
72091;201500047377;0;7;0;0.0;2.0;1.0;2.0;A01
72092;201500047377;0;7;0;0.0;2.0;4.0;2.0;B01
72093;201500047378;0;7;0;0.0;2.0;9.0;1.0;B01
72094;201500047378;0;7;0;0.0;2.0;2.0;14.0;A01
72095;201500047379;0;7;0;0.0;2.0;4.0;12.0;B01
72096;201500047379;0;7;0;0.0;2.0;6.0;1.0;C01
72097;201500047379;0;33;0;0.0;2.0;1.0;1.0;A01
72098;201500047380;0;37;8;0.0;2.0;4.0;21.0;C01
72099;201500047380;0;14;0;0.0;2.0;9.0;1.0;B01
72100;201500047380;0;14;0;0.0;2.0;7.0;13.0;A01
72101;201500047381;0;33;0;16.0;0.0;8.0;1.0;A01
72102;201500047382;0;7;0;0.0;2.0;4.0;2.0;D01
72103;201500047382;0;7;0;0.0;2.0;4.0;2.0;B01
72104;201500047382;0;33;0;0.0;2.0;1.0;1.0;A01
72105;201500047382;0;7;0;0.0;2.0;4.0;2.0;C01
72106;201500047383;0;7;0;0.0;2.0;5.0;1.0;A01
72107;201500047383;0;32;0;0.0;2.0;1.0;2.0;B01
72108;201500047384;0;33;0;4.0;0.0;2.0;1.0;A01
72109;201500047385;0;7;0;0.0;2.0;4.0;1.0;B01
72110;201500047385;0;33;0;0.0;2.0;1.0;2.0;A01
72111;201500047386;0;7;0;0.0;2.0;2.0;12.0;C01
72112;201500047386;0;33;0;0.0;2.0;1.0;3.0;B01
72113;201500047386;0;7;0;0.0;2.0;3.0;1.0;A01
72114;201500047387;0;7;0;0.0;2.0;4.0;2.0;B01
72115;201500047387;0;7;0;0.0;2.0;1.0;1.0;A01
72116;201500047388;0;7;0;0.0;2.0;4.0;2.0;C01
72117;201500047388;0;7;0;0.0;2.0;4.0;2.0;B01