;Num_Acc;senc;catv;occutc;obs;obsm;choc;manv;num_veh
72538;201500047614;0;10;0;0.0;2.0;4.0;2.0;B01
72539;201500047615;0;7;0;1.0;0.0;1.0;2.0;C01
72540;201500047615;2;7;0;0.0;1.0;2.0;14.0;A01
72541;201500047615;0;7;0;0.0;2.0;6.0;2.0;B01
72542;201500047616;0;7;0;4.0;0.0;1.0;1.0;A01
72543;201500047617;0;7;0;0.0;2.0;4.0;1.0;A01
72544;201500047617;0;7;0;0.0;2.0;1.0;2.0;B01
72545;201500047618;0;7;0;0.0;2.0;1.0;2.0;E01
72546;201500047618;0;33;0;0.0;2.0;1.0;2.0;B01
72547;201500047618;0;7;0;0.0;2.0;4.0;2.0;C01
72548;201500047618;0;7;0;0.0;2.0;4.0;2.0;D01
72549;201500047618;0;7;0;0.0;2.0;1.0;1.0;A01
72550;201500047619;0;7;0;3.0;0.0;7.0;1.0;A01
72551;201500047620;0;33;0;16.0;0.0;7.0;1.0;A01
72552;201500047621;0;7;0;0.0;2.0;1.0;1.0;A01
72553;201500047621;0;7;0;0.0;2.0;4.0;2.0;B01
72554;201500047622;1;7;0;0.0;2.0;4.0;12.0;Z01
72555;201500047622;0;33;0;0.0;2.0;1.0;1.0;B01
72556;201500047623;0;7;0;0.0;1.0;2.0;1.0;A01
72557;201500047624;0;7;0;0.0;2.0;9.0;1.0;C01
72558;201500047624;0;7;0;0.0;2.0;1.0;1.0;A01
72559;201500047624;0;7;0;0.0;2.0;6.0;1.0;B01
72560;201500047625;0;10;0;0.0;2.0;9.0;1.0;B01
72561;201500047625;0;16;0;0.0;2.0;7.0;1.0;A01
72562;201500047626;0;7;0;0.0;2.0;4.0;1.0;B01
72563;201500047626;0;7;0;0.0;2.0;2.0;1.0;C01
72564;201500047626;0;13;0;0.0;2.0;1.0;12.0;A01
72565;201500047627;0;7;0;0.0;2.0;5.0;1.0;A01
72566;201500047627;0;7;0;0.0;2.0;2.0;2.0;B01
72567;201500047628;0;7;0;0.0;2.0;1.0;1.0;A01
72568;201500047628;0;7;0;0.0;2.0;4.0;2.0;C01
72569;201500047628;0;7;0;0.0;2.0;4.0;2.0;B01
72570;201500047629;1;7;0;0.0;2.0;5.0;1.0;Z01
72571;201500047629;0;7;0;0.0;2.0;3.0;1.0;A01
72572;201500047630;0;10;0;4.0;0.0;1.0;1.0;A01
72573;201500047631;0;7;0;0.0;2.0;4.0;1.0;B01
72574;201500047631;0;14;0;0.0;2.0;1.0;1.0;A01
72575;201500047632;0;7;0;13.0;0.0;0.0;1.0;A01
72576;201500047634;0;37;0;0.0;1.0;5.0;1.0;A01
72577;201500047635;0;7;0;0.0;1.0;1.0;1.0;A01
72578;201500047636;0;31;0;0.0;2.0;1.0;2.0;A01
72579;201500047636;0;7;0;0.0;2.0;0.0;0.0;B01
72580;201500047637;0;7;0;2.0;0.0;1.0;1.0;A01
72581;201500047639;0;7;0;0.0;1.0;1.0;1.0;A01
72582;201500047640;0;7;0;0.0;2.0;4.0;1.0;B01
72583;201500047640;0;7;0;0.0;2.0;1.0;1.0;A01
72584;201500047641;0;7;0;0.0;2.0;1.0;1.0;A01
72585;201500047641;0;7;0;0.0;2.0;4.0;1.0;B01
72586;201500047642;0;37;0;0.0;1.0;2.0;1.0;A01
72587;201500047644;0;7;0;0.0;0.0;2.0;2.0;A01
72588;201500047646;0;7;0;14.0;0.0;0.0;1.0;A01
72589;201500047647;0;7;0;2.0;0.0;0.0;1.0;A01
72590;201500047648;0;7;0;0.0;2.0;1.0;0.0;A01
72591;201500047648;0;7;0;0.0;2.0;4.0;11.0;B01
72592;201500047649;0;7;0;0.0;1.0;1.0;1.0;A01
72593;201500047651;0;33;0;0.0;2.0;1.0;1.0;B01
72594;201500047651;0;7;0;0.0;2.0;6.0;9.0;A01
72595;201500047652;0;7;0;0.0;2.0;4.0;2.0;B01
72596;201500047652;0;7;0;0.0;2.0;1.0;2.0;A01
72597;201500047654;0;7;0;0.0;2.0;1.0;2.0;A01
72598;201500047654;0;7;0;0.0;2.0;4.0;1.0;B01
72599;201500047655;0;30;0;0.0;1.0;1.0;0.0;A01
72600;201500047656;0;7;0;0.0;2.0;4.0;1.0;B01
72601;201500047656;0;7;0;0.0;2.0;1.0;2.0;A01
72602;201500047657;0;7;0;0.0;2.0;1.0;1.0;A01
72603;201500047657;0;7;0;0.0;2.0;1.0;1.0;B01
72604;201500047658;0;1;0;0.0;2.0;3.0;19.0;A01
72605;201500047658;0;32;0;0.0;2.0;1.0;1.0;B01
72606;201500047659;0;7;0;14.0;0.0;1.0;1.0;A01
72607;201500047660;0;99;0;0.0;0.0;8.0;16.0;A01
72608;201500047661;0;30;0;15.0;0.0;7.0;1.0;A01
72609;201500047663;0;7;0;0.0;2.0;4.0;1.0;B01
72610;201500047663;0;7;0;0.0;2.0;1.0;1.0;A01
72611;201500047664;1;7;0;0.0;1.0;1.0;1.0;Z01
72612;201500047666;0;7;0;0.0;2.0;3.0;15.0;A01
72613;201500047666;0;7;0;0.0;2.0;1.0;1.0;B01
72614;201500047667;0;7;0;0.0;2.0;3.0;13.0;A01
72615;201500047667;0;7;0;0.0;2.0;6.0;1.0;B01
72616;201500047668;0;7;0;8.0;0.0;2.0;1.0;A01
72617;201500047669;0;7;0;0.0;2.0;3.0;1.0;B01
72618;201500047669;0;7;0;0.0;2.0;3.0;13.0;A01
72619;201500047671;0;7;0;0.0;2.0;8.0;1.0;B01
72620;201500047671;0;7;0;0.0;2.0;3.0;13.0;A01
72621;201500047672;0;2;0;8.0;0.0;1.0;2.0;A01
72622;201500047673;0;7;0;8.0;0.0;2.0;1.0;A01
72623;201500047674;0;34;0;0.0;1.0;1.0;15.0;A01
72624;201500047676;0;7;0;0.0;2.0;3.0;1.0;B01
72625;201500047676;0;33;0;0.0;2.0;3.0;1.0;A01
72626;201500047676;0;7;0;0.0;2.0;3.0;1.0;C01
72627;201500047677;0;30;0;0.0;2.0;2.0;17.0;A01
72628;201500047677;1;13;0;0.0;2.0;5.0;1.0;Z01
72629;201500047678;0;7;0;0.0;2.0;3.0;6.0;A01
72630;201500047678;0;7;0;0.0;2.0;6.0;1.0;B01
72631;201500047679;0;7;0;0.0;2.0;1.0;1.0;C01
72632;201500047679;0;7;0;0.0;2.0;1.0;1.0;B01
72633;201500047679;0;7;0;0.0;2.0;3.0;9.0;A01
72634;201500047680;0;7;0;0.0;2.0;3.0;1.0;B01
72635;201500047680;0;7;0;0.0;2.0;3.0;13.0;A01
72636;201500047682;0;33;0;0.0;2.0;1.0;1.0;B01
72637;201500047682;0;7;0;0.0;2.0;3.0;15.0;A01
72638;201500047683;0;7;0;8.0;0.0;1.0;13.0;A01
72639;201500047684;0;7;0;0.0;2.0;3.0;1.0;B01
72640;201500047684;0;7;0;8.0;0.0;3.0;16.0;A01
72641;201500047685;0;7;0;0.0;2.0;1.0;16.0;B01
72642;201500047685;0;32;0;0.0;2.0;7.0;1.0;A01
72643;201500047686;1;7;0;0.0;2.0;1.0;2.0;Z01
72644;201500047686;0;7;0;0.0;2.0;5.0;2.0;B01
72645;201500047687;0;13;0;0.0;4.0;1.0;13.0;A01
72646;201500047687;0;39;10;0.0;2.0;1.0;1.0;B01
72647;201500047688;0;7;0;0.0;2.0;1.0;2.0;B01
72648;201500047688;0;7;0;0.0;0.0;0.0;0.0;A01
72649;201500047690;0;32;0;0.0;2.0;1.0;17.0;A01
72650;201500047690;0;7;0;0.0;2.0;3.0;15.0;B01
72651;201500047691;0;31;0;0.0;2.0;1.0;1.0;B01
72652;201500047691;0;7;0;0.0;2.0;1.0;1.0;A01
72653;201500047692;0;10;0;0.0;1.0;3.0;2.0;A01
72654;201500047693;0;7;0;12.0;0.0;9.0;1.0;A01
72655;201500047694;0;7;0;0.0;2.0;8.0;15.0;B01
72656;201500047694;0;2;0;0.0;2.0;1.0;17.0;A01
72657;201500047695;0;33;0;0.0;2.0;1.0;3.0;A01
72658;201500047695;0;7;0;0.0;2.0;3.0;15.0;B01
72659;201500047696;0;30;0;0.0;2.0;1.0;13.0;A01
72660;201500047696;0;7;0;0.0;2.0;0.0;1.0;B01
72661;201500047697;0;7;0;0.0;2.0;1.0;2.0;A01
72662;201500047697;0;7;0;0.0;2.0;4.0;2.0;B01
72663;201500047698;0;7;0;4.0;0.0;3.0;2.0;A01
72664;201500047699;0;10;0;0.0;2.0;4.0;2.0;C01
72665;201500047699;0;10;0;0.0;2.0;1.0;2.0;A01
72666;201500047699;0;10;0;0.0;2.0;1.0;2.0;B01
72667;201500047701;0;33;0;0.0;2.0;1.0;1.0;A01
72668;201500047701;0;7;0;0.0;2.0;5.0;15.0;B01
72669;201500047702;0;7;0;0.0;0.0;4.0;2.0;B01
72670;201500047702;0;7;0;0.0;2.0;1.0;2.0;A01
72671;201500047703;0;30;0;0.0;0.0;3.0;1.0;A01
72672;201500047705;0;31;0;0.0;2.0;1.0;18.0;A01
72673;201500047705;0;34;0;0.0;2.0;7.0;16.0;B01
72674;201500047706;0;7;0;0.0;2.0;3.0;15.0;A01
72675;201500047706;0;34;0;0.0;2.0;7.0;1.0;B01
72676;201500047707;0;7;0;0.0;2.0;1.0;2.0;A01
72677;201500047707;0;7;0;0.0;2.0;4.0;2.0;B01
72678;201500047708;0;7;0;6.0;0.0;1.0;6.0;A01
72679;201500047709;0;7;0;0.0;2.0;1.0;2.0;A01
72680;201500047709;0;2;0;0.0;2.0;4.0;2.0;B01
72681;201500047710;0;34;0;0.0;2.0;7.0;21.0;A01
72682;201500047710;0;7;0;0.0;2.0;8.0;13.0;B01
72683;201500047711;0;2;0;0.0;2.0;3.0;15.0;A01
72684;201500047711;0;7;0;0.0;2.0;3.0;1.0;B01
72685;201500047712;0;33;0;4.0;0.0;1.0;2.0;A01
72686;201500047713;0;7;0;0.0;1.0;1.0;0.0;A01
72687;201500047714;0;33;0;0.0;2.0;7.0;16.0;A01
72688;201500047714;0;33;0;0.0;2.0;8.0;18.0;B01
72689;201500047717;0;7;0;0.0;2.0;5.0;12.0;A01
72690;201500047717;0;7;0;0.0;2.0;3.0;1.0;B01
72691;201500047718;0;7;0;0.0;9.0;3.0;0.0;B01
72692;201500047718;0;2;0;0.0;2.0;1.0;0.0;A01
72693;201500047719;0;2;0;0.0;2.0;1.0;0.0;A01
72694;201500047719;0;7;0;0.0;9.0;1.0;0.0;B01
72695;201500047720;0;7;0;0.0;2.0;2.0;16.0;B01
72696;201500047720;0;7;0;0.0;2.0;3.0;9.0;A01
72697;201500047721;0;7;0;0.0;2.0;3.0;0.0;A01
72698;201500047721;0;32;0;0.0;2.0;3.0;1.0;B01
72699;201500047722;0;7;0;6.0;0.0;1.0;14.0;A01
72700;201500047723;0;15;0;0.0;2.0;3.0;0.0;A01
72701;201500047723;0;7;0;0.0;9.0;0.0;0.0;B01
72702;201500047726;0;14;0;0.0;1.0;0.0;12.0;F01
72703;201500047727;0;7;0;0.0;0.0;0.0;0.0;A01
72704;201500047727;0;7;0;0.0;0.0;0.0;2.0;C01
72705;201500047727;0;7;0;0.0;0.0;0.0;0.0;B01
72706;201500047728;0;7;0;0.0;1.0;5.0;1.0;A01
72707;201500047729;0;7;0;0.0;2.0;3.0;0.0;B01
72708;201500047729;1;7;0;0.0;0.0;0.0;0.0;C01
72709;201500047729;0;7;0;0.0;2.0;3.0;13.0;A02
72710;201500047730;0;7;0;4.0;0.0;3.0;1.0;A01
72711;201500047731;0;7;0;0.0;1.0;2.0;2.0;A01
72712;201500047732;0;31;0;0.0;0.0;7.0;0.0;A01
72713;201500047733;0;33;0;0.0;0.0;7.0;0.0;A01
72714;201500047734;0;7;0;0.0;0.0;4.0;2.0;B01
72715;201500047734;0;7;0;0.0;2.0;1.0;2.0;A01
72716;201500047735;0;10;0;0.0;2.0;1.0;2.0;A01
72717;201500047735;0;7;0;0.0;2.0;4.0;2.0;B01
72718;201500047737;0;33;0;0.0;2.0;8.0;3.0;A01
72719;201500047737;0;7;0;0.0;2.0;3.0;11.0;B01
72720;201500047738;0;32;0;0.0;1.0;1.0;17.0;A01
72721;201500047739;0;7;0;0.0;0.0;4.0;4.0;A01
72722;201500047739;0;31;0;0.0;0.0;0.0;0.0;B01
72723;201500047740;0;7;0;8.0;0.0;1.0;2.0;A01
72724;201500047741;0;7;0;3.0;0.0;1.0;1.0;A01
72725;201500047742;0;7;0;11.0;0.0;1.0;0.0;A01
72726;201500047743;0;7;0;0.0;2.0;1.0;2.0;A01
72727;201500047743;0;7;0;0.0;2.0;4.0;15.0;B01
72728;201500047744;0;7;0;0.0;2.0;1.0;2.0;A01
72729;201500047744;0;7;0;0.0;2.0;1.0;2.0;B01
72730;201500047744;0;7;0;0.0;2.0;4.0;0.0;C01
72731;201500047744;0;7;0;0.0;2.0;4.0;0.0;D01
72732;201500047745;0;31;0;0.0;1.0;1.0;1.0;A01
72733;201500047746;0;31;0;0.0;2.0;1.0;0.0;A01
72734;201500047746;0;32;0;0.0;2.0;1.0;0.0;B01
72735;201500047747;0;7;0;0.0;2.0;1.0;1.0;A01
72736;201500047747;0;7;0;0.0;2.0;7.0;16.0;B01
72737;201500047748;0;33;0;0.0;0.0;8.0;0.0;A01
72738;201500047749;0;7;0;0.0;1.0;6.0;4.0;A01
72739;201500047750;0;33;0;0.0;2.0;3.0;13.0;A01
72740;201500047750;0;10;0;0.0;2.0;6.0;1.0;B01
72741;201500047751;0;7;0;0.0;2.0;3.0;15.0;A01
72742;201500047751;0;33;0;0.0;2.0;1.0;1.0;B01
72743;201500047753;0;7;0;2.0;0.0;1.0;2.0;A01
72744;201500047754;0;10;0;0.0;2.0;3.0;13.0;A01
72745;201500047754;0;7;0;0.0;2.0;8.0;1.0;B01
72746;201500047755;0;7;0;6.0;0.0;3.0;1.0;A01
72747;201500047756;0;17;0;0.0;0.0;7.0;14.0;A01
72748;201500047756;0;38;0;0.0;2.0;3.0;19.0;B01
72749;201500047758;0;33;0;0.0;2.0;1.0;1.0;B01
72750;201500047758;0;7;0;0.0;2.0;3.0;15.0;A01
72751;201500047759;0;1;0;0.0;2.0;1.0;17.0;B01
72752;201500047759;0;10;0;0.0;0.0;8.0;15.0;A01
72753;201500047760;0;7;0;0.0;2.0;1.0;9.0;A01
72754;201500047760;0;7;0;0.0;2.0;7.0;1.0;B01
72755;201500047761;0;7;0;4.0;0.0;6.0;17.0;A01
72756;201500047762;0;37;0;0.0;1.0;8.0;2.0;A01
72757;201500047763;0;33;0;4.0;0.0;8.0;0.0;A01
72758;201500047765;0;7;0;0.0;2.0;7.0;0.0;B01
72759;201500047765;0;33;0;0.0;2.0;8.0;0.0;A01
72760;201500047766;0;7;0;0.0;2.0;1.0;15.0;A01
72761;201500047766;0;7;0;0.0;2.0;3.0;0.0;B01
72762;201500047767;0;7;0;0.0;1.0;0.0;0.0;A01
72763;201500047768;0;7;0;0.0;1.0;5.0;0.0;B01
72764;201500047769;1;3;0;0.0;1.0;0.0;0.0;Z01
72765;201500047770;0;7;0;0.0;2.0;3.0;1.0;B01
72766;201500047770;2;7;0;0.0;2.0;3.0;1.0;A01
72767;201500047770;0;32;0;0.0;2.0;1.0;2.0;C01
72768;201500047771;0;7;0;0.0;1.0;7.0;1.0;A01
72769;201500047772;0;7;0;4.0;2.0;2.0;0.0;B01
72770;201500047772;0;7;0;4.0;2.0;6.0;13.0;A01
72771;201500047773;0;17;0;0.0;2.0;0.0;0.0;A01
72772;201500047773;0;7;0;0.0;2.0;0.0;0.0;B01
72773;201500047774;0;7;0;4.0;0.0;8.0;0.0;A01
72774;201500047775;0;7;0;0.0;1.0;1.0;2.0;A01
72775;201500047776;0;7;0;0.0;1.0;8.0;2.0;A01
72776;201500047777;0;33;0;0.0;0.0;1.0;2.0;B01
72777;201500047777;0;2;0;4.0;0.0;4.0;11.0;A01
72778;201500047778;0;7;0;0.0;2.0;3.0;2.0;B01
72779;201500047778;0;7;0;0.0;5.0;3.0;21.0;A01
72780;201500047779;0;33;0;1.0;2.0;8.0;1.0;B01
72781;201500047779;0;7;0;1.0;2.0;2.0;1.0;A01
72782;201500047782;0;2;0;0.0;2.0;1.0;2.0;A01
72783;201500047782;0;7;0;0.0;2.0;4.0;0.0;B01
72784;201500047783;0;7;0;0.0;2.0;2.0;15.0;A01
72785;201500047783;0;7;0;0.0;2.0;3.0;15.0;B01
72786;201500047786;0;30;0;0.0;2.0;1.0;17.0;B01
72787;201500047786;0;7;0;0.0;2.0;3.0;20.0;A01
72788;201500047787;0;7;0;0.0;0.0;0.0;0.0;T01
72789;201500047787;0;10;0;0.0;2.0;2.0;1.0;A01
72790;201500047787;0;10;0;0.0;2.0;3.0;0.0;B01
72791;201500047788;0;7;0;0.0;1.0;0.0;1.0;A01
72792;201500047789;0;10;0;0.0;2.0;1.0;2.0;A01
72793;201500047789;0;7;0;0.0;2.0;4.0;2.0;B01
72794;201500047790;0;7;0;4.0;0.0;1.0;2.0;A01
72795;201500047790;2;7;0;4.0;0.0;1.0;2.0;B01
72796;201500047791;0;7;0;0.0;2.0;1.0;1.0;A01
72797;201500047791;0;7;0;0.0;2.0;1.0;1.0;B01
72798;201500047792;0;10;0;0.0;2.0;1.0;2.0;A01
72799;201500047792;0;7;0;0.0;2.0;4.0;2.0;B01
72800;201500047793;0;33;0;0.0;2.0;1.0;1.0;B01
72801;201500047793;0;7;0;0.0;2.0;3.0;15.0;A01
72802;201500047794;0;10;0;0.0;2.0;4.0;2.0;C01
72803;201500047794;0;7;0;0.0;2.0;4.0;2.0;B01
72804;201500047794;0;10;0;0.0;2.0;1.0;2.0;A01
72805;201500047795;0;7;0;0.0;2.0;1.0;5.0;A01
72806;201500047795;0;7;0;0.0;2.0;1.0;1.0;B01
72807;201500047795;0;7;0;0.0;2.0;3.0;1.0;C01
72808;201500047796;0;40;0;0.0;2.0;2.0;2.0;B01
72809;201500047796;0;7;0;0.0;4.0;3.0;15.0;A01
72810;201500047797;0;7;0;0.0;1.0;1.0;1.0;A01
72811;201500047799;0;7;0;0.0;2.0;1.0;0.0;A01
72812;201500047799;0;7;0;0.0;2.0;4.0;2.0;B01
72813;201500047800;0;7;0;0.0;1.0;1.0;1.0;A01
72814;201500047802;0;7;0;0.0;1.0;0.0;0.0;A01
72815;201500047803;0;2;0;0.0;0.0;7.0;1.0;A01
72816;201500047804;0;1;0;0.0;2.0;0.0;0.0;B01
72817;201500047804;0;7;0;0.0;2.0;1.0;1.0;A01
72818;201500047805;0;7;0;0.0;1.0;5.0;4.0;A01
72819;201500047806;0;7;0;8.0;0.0;1.0;1.0;A01
72820;201500047807;0;37;0;0.0;1.0;1.0;2.0;A01
72821;201500047808;0;33;0;0.0;2.0;1.0;13.0;A01
72822;201500047808;0;7;0;0.0;2.0;8.0;15.0;B01
72823;201500047809;0;7;0;0.0;2.0;5.0;1.0;A01
72824;201500047809;0;1;0;0.0;2.0;3.0;2.0;B01
72825;201500047810;0;7;0;0.0;2.0;3.0;22.0;A01
72826;201500047810;0;1;0;0.0;2.0;1.0;1.0;B01
72827;201500047811;0;7;0;0.0;1.0;4.0;4.0;A01
72828;201500047813;1;99;0;0.0;1.0;0.0;0.0;Z01
72829;201500047814;1;7;0;0.0;1.0;1.0;16.0;Z01
72830;201500047815;0;7;0;8.0;0.0;1.0;15.0;A01
72831;201500047817;0;7;0;0.0;2.0;4.0;2.0;B01
72832;201500047817;0;7;0;0.0;2.0;1.0;2.0;A01
72833;201500047818;0;30;0;0.0;1.0;8.0;2.0;A01
72834;201500047819;0;10;0;0.0;1.0;2.0;14.0;A01
72835;201500047820;0;7;0;0.0;1.0;2.0;1.0;A01
72836;201500047821;0;7;0;15.0;0.0;0.0;1.0;A01
72837;201500047822;0;32;0;0.0;0.0;8.0;14.0;A01
72838;201500047823;0;30;0;0.0;2.0;8.0;1.0;A01
72839;201500047823;0;7;0;0.0;2.0;1.0;1.0;B01
72840;201500047824;0;7;0;0.0;1.0;0.0;0.0;A01
72841;201500047825;0;32;0;0.0;2.0;4.0;1.0;B01
72842;201500047825;0;7;0;0.0;2.0;1.0;1.0;A01
72843;201500047826;0;33;0;14.0;0.0;9.0;21.0;A01
72844;201500047827;0;7;0;0.0;1.0;1.0;0.0;A01
72845;201500047828;0;7;0;0.0;2.0;3.0;24.0;A01
72846;201500047828;0;1;0;0.0;2.0;1.0;1.0;B01
72847;201500047829;0;7;0;12.0;0.0;9.0;1.0;A01
72848;201500047830;0;7;0;0.0;2.0;7.0;2.0;A01
72849;201500047830;0;7;0;0.0;2.0;1.0;2.0;B01
72850;201500047831;0;7;0;0.0;1.0;2.0;1.0;A01
72851;201500047832;0;2;0;0.0;2.0;6.0;2.0;B01
72852;201500047832;0;7;0;0.0;2.0;2.0;2.0;A01
72853;201500047833;0;7;0;0.0;2.0;8.0;1.0;B01
72854;201500047833;0;15;0;0.0;2.0;8.0;1.0;A01
72855;201500047834;0;7;0;0.0;1.0;1.0;1.0;A01
72856;201500047835;0;7;0;0.0;2.0;3.0;1.0;B01
72857;201500047835;0;7;0;0.0;2.0;6.0;4.0;A01
72858;201500047837;0;32;0;0.0;2.0;4.0;3.0;A01
72859;201500047837;0;32;0;0.0;2.0;1.0;2.0;B01
72860;201500047838;0;7;0;0.0;1.0;4.0;4.0;A01
72861;201500047839;0;7;0;0.0;1.0;2.0;1.0;A01
72862;201500047840;0;31;0;0.0;2.0;7.0;1.0;B01
72863;201500047840;0;7;0;0.0;2.0;1.0;1.0;A01
72864;201500047841;0;7;0;0.0;1.0;2.0;1.0;A01
72865;201500047842;0;7;0;0.0;1.0;3.0;1.0;A01
72866;201500047843;0;7;0;0.0;2.0;2.0;15.0;B01
72867;201500047843;0;7;0;0.0;2.0;3.0;1.0;A01
72868;201500047844;0;7;0;0.0;2.0;2.0;1.0;B01
72869;201500047844;0;7;0;0.0;2.0;3.0;0.0;A01
72870;201500047845;0;1;0;0.0;2.0;1.0;1.0;A01
72871;201500047845;0;7;0;0.0;2.0;7.0;1.0;B01
72872;201500047846;0;7;0;0.0;1.0;4.0;4.0;G01
72873;201500047847;0;7;0;0.0;2.0;1.0;2.0;A01
72874;201500047847;0;7;0;0.0;2.0;5.0;0.0;B01
72875;201500047848;0;2;0;0.0;2.0;1.0;2.0;A01
72876;201500047848;0;7;0;0.0;2.0;0.0;2.0;B01
72877;201500047849;0;7;0;0.0;1.0;1.0;1.0;A01
72878;201500047850;0;7;0;0.0;1.0;2.0;1.0;A01
72879;201500047851;0;7;0;0.0;1.0;7.0;17.0;A01
72880;201500047852;0;7;0;0.0;1.0;0.0;0.0;A01
72881;201500047853;0;7;0;0.0;4.0;3.0;10.0;A01
72882;201500047853;0;40;30;0.0;2.0;2.0;1.0;B01
72883;201500047854;0;2;0;0.0;2.0;1.0;2.0;A01
72884;201500047854;0;7;0;0.0;0.0;6.0;15.0;B01
72885;201500047855;0;7;0;0.0;2.0;7.0;10.0;A01
72886;201500047855;0;33;0;0.0;2.0;1.0;1.0;B01
72887;201500047857;0;7;0;0.0;2.0;7.0;1.0;A01
72888;201500047857;0;7;0;0.0;2.0;1.0;1.0;B01
72889;201500047859;0;7;0;0.0;2.0;6.0;1.0;H02
72890;201500047859;0;7;0;0.0;2.0;5.0;2.0;D01
72891;201500047859;0;7;0;0.0;2.0;5.0;1.0;E01
72892;201500047859;0;7;0;0.0;2.0;6.0;1.0;G02
72893;201500047859;0;7;0;0.0;2.0;6.0;2.0;B01
72894;201500047859;0;7;0;0.0;2.0;8.0;1.0;F02
72895;201500047859;0;7;0;0.0;2.0;7.0;2.0;C01
72896;201500047859;0;7;0;0.0;2.0;1.0;1.0;A01
72897;201500047860;0;7;0;0.0;2.0;8.0;1.0;B01
72898;201500047860;0;7;0;0.0;2.0;3.0;19.0;A01
72899;201500047861;0;7;0;0.0;2.0;7.0;15.0;B01
72900;201500047861;0;33;0;0.0;2.0;2.0;13.0;A01
72901;201500047862;0;37;0;0.0;2.0;3.0;15.0;B01
72902;201500047862;0;7;0;0.0;2.0;1.0;1.0;A01
72903;201500047863;0;10;0;0.0;2.0;2.0;7.0;A01
72904;201500047863;0;32;0;0.0;2.0;8.0;1.0;B01
72905;201500047865;0;36;0;6.0;2.0;2.0;2.0;A01
72906;201500047866;0;7;0;0.0;2.0;3.0;15.0;A01
72907;201500047866;0;31;0;0.0;2.0;1.0;17.0;B01
72908;201500047867;0;7;0;0.0;2.0;1.0;2.0;A01
72909;201500047867;0;7;0;0.0;2.0;4.0;2.0;B01
72910;201500047868;0;2;0;0.0;2.0;3.0;15.0;A01
72911;201500047868;0;7;0;0.0;2.0;3.0;1.0;B01
72912;201500047869;0;7;0;0.0;1.0;3.0;1.0;A01
72913;201500047870;1;99;0;0.0;1.0;1.0;17.0;A01
72914;201500047871;0;33;0;0.0;2.0;2.0;1.0;A01
72915;201500047871;0;7;0;0.0;2.0;3.0;9.0;B01
72916;201500047872;0;1;0;1.0;2.0;7.0;1.0;B01
72917;201500047872;1;7;0;0.0;9.0;9.0;1.0;Z01
72918;201500047873;0;7;0;0.0;1.0;7.0;1.0;A01
72919;201500047874;0;7;0;0.0;1.0;3.0;0.0;A01
72920;201500047875;0;2;0;0.0;0.0;8.0;1.0;A01
72921;201500047876;0;7;0;0.0;2.0;3.0;2.0;B01
72922;201500047876;0;7;0;4.0;2.0;8.0;13.0;A01
72923;201500047877;0;30;0;0.0;2.0;7.0;1.0;A01
72924;201500047877;0;7;0;0.0;2.0;1.0;1.0;B01
72925;201500047878;2;7;0;0.0;2.0;3.0;2.0;A01
72926;201500047878;0;7;0;0.0;2.0;5.0;2.0;B01
72927;201500047879;0;7;0;0.0;2.0;4.0;2.0;C01
72928;201500047879;0;7;0;0.0;2.0;4.0;2.0;B01
72929;201500047879;0;7;0;0.0;2.0;1.0;2.0;A01
72930;201500047880;0;7;0;0.0;2.0;4.0;2.0;B01
72931;201500047880;0;7;0;0.0;2.0;1.0;2.0;A01
72932;201500047880;0;7;0;0.0;2.0;4.0;2.0;C01
72933;201500047880;0;7;0;0.0;2.0;4.0;2.0;D01
72934;201500047881;0;7;0;0.0;1.0;0.0;4.0;A01
72935;201500047882;0;7;0;0.0;1.0;3.0;0.0;A01
72936;201500047883;0;34;0;0.0;1.0;1.0;21.0;A01
72937;201500047884;0;7;0;0.0;1.0;1.0;1.0;A01
72938;201500047885;0;33;0;0.0;2.0;1.0;1.0;A01
72939;201500047885;0;7;0;0.0;2.0;7.0;15.0;B01
72940;201500047886;0;7;0;0.0;2.0;3.0;5.0;A01
72941;201500047886;0;7;0;0.0;2.0;3.0;1.0;B01
72942;201500047887;0;1;0;0.0;1.0;0.0;1.0;A01
72943;201500047888;0;30;0;0.0;0.0;0.0;0.0;A01
72944;201500047889;0;7;0;0.0;2.0;2.0;12.0;A01
72945;201500047889;0;33;0;0.0;2.0;8.0;2.0;B01
72946;201500047890;0;7;0;0.0;2.0;1.0;2.0;A01
72947;201500047890;0;3;0;0.0;2.0;1.0;15.0;B01
72948;201500047891;0;7;0;0.0;2.0;3.0;1.0;B01
72949;201500047891;0;7;0;0.0;2.0;1.0;19.0;A01
72950;201500047892;0;7;0;0.0;2.0;3.0;15.0;B01
72951;201500047892;0;7;0;0.0;2.0;2.0;1.0;A01
72952;201500047893;0;7;0;10.0;0.0;1.0;1.0;A01
72953;201500047894;0;7;0;1.0;0.0;6.0;4.0;A01
72954;201500047895;0;7;0;8.0;2.0;1.0;13.0;A01
72955;201500047896;0;37;25;0.0;9.0;6.0;24.0;B01
72956;201500047896;0;1;0;1.0;0.0;1.0;21.0;A01
72957;201500047898;0;33;0;0.0;2.0;1.0;17.0;A01
72958;201500047898;0;7;0;0.0;0.0;0.0;0.0;B01