;Num_Acc;senc;catv;occutc;obs;obsm;choc;manv;num_veh
73801;201500048439;0;10;0;0.0;2.0;3.0;1.0;A01
73802;201500048439;0;1;0;0.0;2.0;7.0;1.0;B01
73803;201500048440;0;7;0;0.0;1.0;1.0;15.0;A01
73804;201500048441;0;7;0;0.0;2.0;2.0;1.0;B01
73805;201500048441;0;7;0;0.0;2.0;1.0;1.0;A01
73806;201500048442;0;7;0;0.0;1.0;1.0;1.0;A01
73807;201500048443;0;31;0;0.0;2.0;1.0;2.0;A01
73808;201500048443;0;7;0;0.0;2.0;6.0;2.0;B01
73809;201500048444;0;10;0;8.0;1.0;1.0;19.0;A01
73810;201500048445;0;7;0;0.0;1.0;1.0;1.0;A01
73811;201500048447;0;33;0;0.0;0.0;0.0;0.0;B01
73812;201500048447;0;7;0;0.0;0.0;0.0;19.0;A01
73813;201500048448;0;7;0;0.0;1.0;2.0;1.0;A01
73814;201500048449;0;1;0;0.0;1.0;1.0;1.0;A01
73815;201500048450;0;7;0;0.0;2.0;3.0;11.0;A01
73816;201500048450;0;7;0;0.0;2.0;2.0;1.0;B01
73817;201500048451;0;7;0;0.0;1.0;3.0;15.0;A01
73818;201500048452;0;7;0;0.0;2.0;1.0;15.0;A01
73819;201500048452;0;1;0;0.0;2.0;1.0;1.0;B01
73820;201500048453;0;37;0;0.0;1.0;2.0;1.0;A01
73821;201500048454;0;1;0;0.0;2.0;0.0;1.0;B01
73822;201500048454;0;7;0;0.0;2.0;1.0;1.0;A01
73823;201500048456;0;1;0;0.0;2.0;1.0;1.0;B01
73824;201500048456;0;7;0;0.0;2.0;1.0;15.0;A01
73825;201500048458;0;7;0;0.0;2.0;2.0;1.0;B01
73826;201500048458;0;1;0;0.0;2.0;6.0;1.0;A01
73827;201500048459;0;17;0;0.0;2.0;7.0;20.0;B01
73828;201500048459;0;7;0;0.0;2.0;3.0;1.0;A01
73829;201500048460;0;7;0;0.0;1.0;1.0;15.0;A01
73830;201500048461;2;7;0;8.0;0.0;1.0;1.0;A01
73831;201500048462;0;7;0;0.0;1.0;5.0;4.0;A01
73832;201500048463;0;7;0;0.0;2.0;2.0;15.0;B01
73833;201500048463;0;33;0;0.0;2.0;1.0;7.0;A01
73834;201500048464;0;7;0;0.0;1.0;1.0;2.0;A01
73835;201500048465;0;10;0;0.0;2.0;3.0;1.0;B01
73836;201500048465;0;7;0;0.0;2.0;3.0;13.0;A01
73837;201500048466;0;7;0;0.0;2.0;1.0;1.0;B01
73838;201500048466;0;7;0;0.0;2.0;7.0;1.0;A01
73839;201500048467;0;7;0;0.0;1.0;5.0;1.0;A01
73840;201500048468;0;7;0;0.0;1.0;3.0;1.0;A01
73841;201500048469;0;33;0;0.0;2.0;1.0;3.0;A01
73842;201500048469;0;10;0;0.0;2.0;6.0;9.0;B01
73843;201500048470;0;7;0;2.0;0.0;1.0;2.0;A01
73844;201500048471;0;33;0;0.0;2.0;1.0;1.0;A01
73845;201500048471;1;7;0;0.0;2.0;1.0;19.0;Z01
73846;201500048472;0;1;0;0.0;0.0;0.0;16.0;B01
73847;201500048472;0;7;0;0.0;0.0;1.0;9.0;A01
73848;201500048473;0;2;0;0.0;2.0;3.0;1.0;B01
73849;201500048473;0;7;0;0.0;2.0;7.0;15.0;A01
73850;201500048474;0;13;0;0.0;1.0;1.0;15.0;A01
73851;201500048476;0;1;0;0.0;2.0;1.0;1.0;A01
73852;201500048479;0;7;0;0.0;2.0;2.0;1.0;B01
73853;201500048479;0;7;0;0.0;2.0;1.0;1.0;A01
73854;201500048480;0;7;0;0.0;2.0;1.0;2.0;A01
73855;201500048480;0;7;0;0.0;2.0;4.0;2.0;B01
73856;201500048482;0;10;0;2.0;0.0;2.0;16.0;A01
73857;201500048482;0;7;0;0.0;0.0;0.0;0.0;B01
73858;201500048483;0;7;0;0.0;2.0;2.0;15.0;A01
73859;201500048483;0;7;0;0.0;2.0;1.0;1.0;B01
73860;201500048484;0;7;0;0.0;2.0;0.0;0.0;B01
73861;201500048484;0;7;0;0.0;2.0;0.0;0.0;A01
73862;201500048485;0;7;0;0.0;2.0;1.0;1.0;B01
73863;201500048486;0;7;0;8.0;1.0;1.0;2.0;A01
73864;201500048486;0;7;0;0.0;0.0;0.0;15.0;B01
73865;201500048487;0;7;0;0.0;2.0;3.0;22.0;A01
73866;201500048487;0;1;0;1.0;0.0;5.0;1.0;B01
73867;201500048488;0;7;0;0.0;1.0;8.0;1.0;A01
73868;201500048489;0;7;0;0.0;1.0;3.0;15.0;A01
73869;201500048490;0;7;0;0.0;1.0;0.0;0.0;A01
73870;201500048491;0;33;0;0.0;0.0;4.0;23.0;B01
73871;201500048491;0;7;0;0.0;2.0;1.0;2.0;A01
73872;201500048492;0;10;0;0.0;2.0;8.0;22.0;A01
73873;201500048492;0;1;0;0.0;2.0;7.0;17.0;B01
73874;201500048493;0;7;0;0.0;1.0;1.0;0.0;A01
73875;201500048494;1;7;0;0.0;0.0;0.0;0.0;A01
73876;201500048494;0;2;0;0.0;0.0;0.0;0.0;B01
73877;201500048495;0;7;0;0.0;1.0;1.0;16.0;A01
73878;201500048496;0;7;0;0.0;1.0;1.0;15.0;A01
73879;201500048497;0;7;0;0.0;1.0;1.0;0.0;A01
73880;201500048498;0;1;0;0.0;2.0;4.0;11.0;B01
73881;201500048498;0;7;0;0.0;2.0;1.0;1.0;A01
73882;201500048499;0;7;0;0.0;1.0;4.0;4.0;A01
73883;201500048500;0;7;0;0.0;2.0;7.0;11.0;A01
73884;201500048500;0;7;0;0.0;2.0;1.0;2.0;B01
73885;201500048503;0;7;0;0.0;4.0;3.0;15.0;A01
73886;201500048503;0;40;10;0.0;2.0;2.0;1.0;B01
73887;201500048504;0;7;0;1.0;2.0;3.0;2.0;A01
73888;201500048504;0;7;0;0.0;2.0;2.0;9.0;B01
73889;201500048505;0;7;0;0.0;2.0;1.0;1.0;A01
73890;201500048505;0;1;0;0.0;2.0;8.0;1.0;B01
73891;201500048506;0;7;0;0.0;0.0;3.0;1.0;B01
73892;201500048506;0;7;0;0.0;0.0;2.0;14.0;A01
73893;201500048507;0;34;0;0.0;2.0;1.0;1.0;A01
73894;201500048507;0;7;0;0.0;2.0;7.0;1.0;B01
73895;201500048508;0;30;0;16.0;0.0;1.0;13.0;A01
73896;201500048511;0;7;0;0.0;2.0;8.0;24.0;B01
73897;201500048511;0;7;0;1.0;0.0;7.0;0.0;A01
73898;201500048512;0;30;0;0.0;1.0;1.0;1.0;A01
73899;201500048513;1;7;0;0.0;1.0;0.0;15.0;A01
73900;201500048514;0;7;0;0.0;2.0;2.0;1.0;A01
73901;201500048514;0;7;0;0.0;1.0;6.0;23.0;B01
73902;201500048515;0;7;0;0.0;2.0;8.0;1.0;B01
73903;201500048515;0;7;0;0.0;2.0;1.0;0.0;A01
73904;201500048516;0;7;0;0.0;1.0;1.0;15.0;A01
73905;201500048517;0;99;0;0.0;1.0;1.0;1.0;A01
73906;201500048518;0;30;0;0.0;2.0;2.0;0.0;A01
73907;201500048518;0;7;0;0.0;2.0;8.0;0.0;B01
73908;201500048520;0;7;0;0.0;2.0;6.0;1.0;C01
73909;201500048520;0;7;0;0.0;2.0;0.0;1.0;B01
73910;201500048520;0;7;0;0.0;2.0;2.0;15.0;A01
73911;201500048521;0;30;0;0.0;2.0;2.0;1.0;B01
73912;201500048522;1;2;0;0.0;1.0;0.0;0.0;Z01
73913;201500048523;0;37;48;0.0;1.0;3.0;1.0;A01
73914;201500048524;0;1;0;0.0;0.0;0.0;0.0;B01
73915;201500048524;0;10;0;0.0;0.0;0.0;0.0;A01
73916;201500048525;0;7;0;0.0;2.0;6.0;16.0;B01
73917;201500048525;0;7;0;0.0;0.0;0.0;0.0;C01
73918;201500048525;0;2;0;0.0;2.0;1.0;1.0;A01
73919;201500048526;0;1;0;0.0;1.0;1.0;1.0;A01
73920;201500048527;0;7;0;0.0;1.0;1.0;16.0;A01
73921;201500048528;0;1;0;0.0;2.0;1.0;19.0;B01
73922;201500048528;0;7;0;0.0;9.0;3.0;19.0;A01
73923;201500048529;0;7;0;0.0;2.0;6.0;0.0;B01
73924;201500048529;0;7;0;0.0;2.0;2.0;2.0;A01
73925;201500048530;0;7;0;0.0;2.0;3.0;2.0;A01
73926;201500048530;0;7;0;0.0;2.0;0.0;2.0;B01
73927;201500048531;0;1;0;0.0;2.0;2.0;0.0;B01
73928;201500048531;0;7;0;0.0;2.0;1.0;16.0;A01
73929;201500048532;0;1;0;11.0;2.0;7.0;17.0;A01
73930;201500048532;0;10;0;0.0;9.0;3.0;1.0;B01
73931;201500048533;0;7;0;0.0;2.0;4.0;2.0;B01
73932;201500048533;0;7;0;0.0;0.0;0.0;0.0;C01
73933;201500048533;0;7;0;0.0;2.0;1.0;2.0;A01
73934;201500048534;0;40;40;0.0;1.0;1.0;1.0;A01
73935;201500048537;0;7;0;8.0;2.0;8.0;13.0;A01
73936;201500048537;0;7;0;0.0;2.0;1.0;1.0;B01
73937;201500048538;0;7;0;0.0;1.0;0.0;0.0;A01
73938;201500048540;0;1;0;0.0;2.0;4.0;11.0;B01
73939;201500048540;0;10;0;0.0;9.0;2.0;11.0;A01
73940;201500048541;0;10;0;0.0;2.0;3.0;1.0;A01
73941;201500048541;0;1;0;0.0;2.0;1.0;1.0;B01
73942;201500048543;0;7;0;0.0;1.0;7.0;1.0;A01
73943;201500048544;0;7;0;0.0;1.0;2.0;0.0;A01
73944;201500048545;0;7;0;0.0;2.0;4.0;2.0;C01
73945;201500048545;0;7;0;0.0;2.0;4.0;2.0;D01
73946;201500048545;0;7;0;0.0;2.0;1.0;2.0;A01
73947;201500048545;0;7;0;0.0;2.0;4.0;0.0;B01
73948;201500048546;0;7;0;0.0;2.0;0.0;0.0;B01
73949;201500048546;0;1;0;0.0;2.0;0.0;0.0;A01
73950;201500048546;0;7;0;0.0;2.0;0.0;0.0;C01
73951;201500048547;0;14;0;0.0;1.0;0.0;1.0;A01
73952;201500048548;0;7;0;0.0;1.0;7.0;1.0;A01
73953;201500048550;0;7;0;0.0;1.0;1.0;1.0;A01
73954;201500048551;0;7;0;15.0;0.0;1.0;1.0;A01
73955;201500048552;0;7;0;0.0;2.0;1.0;1.0;B01
73956;201500048552;0;7;0;0.0;2.0;2.0;1.0;A01
73957;201500048553;0;7;0;0.0;2.0;2.0;15.0;A01
73958;201500048553;0;7;0;0.0;2.0;1.0;1.0;B01
73959;201500048554;0;7;0;1.0;0.0;2.0;1.0;A01
73960;201500048555;1;7;0;0.0;1.0;0.0;0.0;A01
73961;201500048556;0;34;0;8.0;0.0;1.0;0.0;A01
73962;201500048557;0;7;0;0.0;9.0;3.0;1.0;A01
73963;201500048557;0;1;0;0.0;2.0;1.0;1.0;B01
73964;201500048558;0;7;0;0.0;0.0;1.0;2.0;C01
73965;201500048558;0;7;0;0.0;2.0;1.0;15.0;B01
73966;201500048558;0;10;0;0.0;2.0;1.0;2.0;A01
73967;201500048559;0;7;0;0.0;1.0;4.0;4.0;A01
73968;201500048560;0;7;0;12.0;1.0;9.0;2.0;A01
73969;201500048561;0;32;0;0.0;1.0;0.0;17.0;A01
73970;201500048562;0;7;0;0.0;2.0;3.0;2.0;B01
73971;201500048562;0;7;0;0.0;2.0;2.0;15.0;A01
73972;201500048563;0;1;0;0.0;2.0;1.0;5.0;B01
73973;201500048563;0;7;0;0.0;2.0;3.0;1.0;A01
73974;201500048565;0;7;0;0.0;1.0;7.0;2.0;A01
73975;201500048566;0;33;0;0.0;2.0;4.0;2.0;B01
73976;201500048566;0;32;0;0.0;2.0;1.0;2.0;A01
73977;201500048567;0;7;0;0.0;1.0;7.0;1.0;A01
73978;201500048568;0;1;0;0.0;2.0;2.0;19.0;A01
73979;201500048568;0;7;0;0.0;9.0;3.0;1.0;B01
73980;201500048569;0;7;0;0.0;2.0;1.0;1.0;B01
73981;201500048569;0;7;0;0.0;2.0;7.0;1.0;A01
73982;201500048570;0;10;0;0.0;1.0;3.0;2.0;A01
73983;201500048571;0;7;0;0.0;2.0;0.0;0.0;A01
73984;201500048571;0;1;0;0.0;2.0;1.0;1.0;B01
73985;201500048572;0;7;0;0.0;1.0;1.0;1.0;A01
73986;201500048573;0;7;0;12.0;0.0;2.0;16.0;A01
73987;201500048574;0;1;0;0.0;1.0;1.0;1.0;A01
73988;201500048575;0;7;0;0.0;1.0;3.0;1.0;A01
73989;201500048576;0;31;0;0.0;0.0;0.0;0.0;B01
73990;201500048576;0;7;0;0.0;2.0;1.0;1.0;A01
73991;201500048577;0;7;0;0.0;2.0;1.0;1.0;A01
73992;201500048577;0;10;0;0.0;2.0;8.0;1.0;B01
73993;201500048578;0;1;0;0.0;0.0;0.0;0.0;A01
73994;201500048578;0;7;0;0.0;9.0;2.0;15.0;B01
73995;201500048579;0;7;0;0.0;2.0;1.0;1.0;B01
73996;201500048579;0;1;0;0.0;2.0;7.0;19.0;A01
73997;201500048580;0;7;0;0.0;0.0;8.0;15.0;B01
73998;201500048580;0;7;0;0.0;0.0;1.0;1.0;A01
73999;201500048581;0;1;0;0.0;2.0;1.0;2.0;B01
74000;201500048581;0;7;0;0.0;2.0;2.0;19.0;A01
74001;201500048582;0;40;30;0.0;1.0;2.0;19.0;A01
74002;201500048583;0;10;0;0.0;0.0;2.0;2.0;B01
74003;201500048583;0;30;0;0.0;2.0;1.0;2.0;A01
74004;201500048584;0;7;0;0.0;1.0;3.0;1.0;A01
74005;201500048585;0;32;0;0.0;2.0;1.0;1.0;A01
74006;201500048585;0;7;0;0.0;2.0;4.0;1.0;B01
74007;201500048586;0;33;0;0.0;0.0;8.0;18.0;A01
74008;201500048586;0;7;0;0.0;0.0;7.0;20.0;B01
74009;201500048587;0;1;0;0.0;2.0;0.0;1.0;A01
74010;201500048587;0;13;0;0.0;9.0;3.0;1.0;B01
74011;201500048588;0;7;0;0.0;2.0;1.0;1.0;B01
74012;201500048588;0;7;0;8.0;2.0;7.0;1.0;A01
74013;201500048589;0;40;0;0.0;2.0;1.0;0.0;B01
74014;201500048589;0;7;0;0.0;9.0;8.0;0.0;A01
74015;201500048590;0;7;0;0.0;0.0;4.0;0.0;A01
74016;201500048590;0;1;0;0.0;2.0;1.0;2.0;B01
74017;201500048591;0;10;0;0.0;2.0;7.0;16.0;B01
74018;201500048591;0;30;0;0.0;2.0;3.0;16.0;A01
74019;201500048592;0;7;0;0.0;0.0;8.0;1.0;A01
74020;201500048592;0;7;0;0.0;2.0;3.0;15.0;B01
74021;201500048593;0;1;0;0.0;2.0;7.0;19.0;A01
74022;201500048593;0;7;0;0.0;2.0;3.0;1.0;B01
74023;201500048594;0;10;0;0.0;2.0;5.0;4.0;B01
74024;201500048594;0;2;0;0.0;2.0;1.0;1.0;A01
74025;201500048595;0;2;0;0.0;2.0;8.0;18.0;A01
74026;201500048595;0;7;0;0.0;2.0;2.0;16.0;B01
74027;201500048596;0;7;0;0.0;2.0;0.0;1.0;B01
74028;201500048596;0;32;0;0.0;2.0;7.0;3.0;A01
74029;201500048597;0;7;0;0.0;2.0;1.0;1.0;B01
74030;201500048597;0;7;0;0.0;2.0;2.0;15.0;A01
74031;201500048598;0;33;0;0.0;1.0;1.0;7.0;A01
74032;201500048599;0;7;0;0.0;2.0;4.0;2.0;B01
74033;201500048599;0;7;0;0.0;2.0;1.0;2.0;A01
74034;201500048600;1;34;0;0.0;2.0;0.0;0.0;A01
74035;201500048600;0;7;0;0.0;2.0;6.0;15.0;B01
74036;201500048601;0;7;0;8.0;0.0;0.0;5.0;C01
74037;201500048601;0;7;0;8.0;2.0;1.0;7.0;A01
74038;201500048601;0;7;0;0.0;2.0;3.0;15.0;B01
74039;201500048603;0;30;0;0.0;2.0;1.0;2.0;A01
74040;201500048603;0;7;0;0.0;2.0;4.0;23.0;B01
74041;201500048604;0;37;0;0.0;1.0;0.0;0.0;A01
74042;201500048605;0;7;0;0.0;1.0;1.0;1.0;A01
74043;201500048606;0;7;0;0.0;2.0;0.0;0.0;B01
74044;201500048606;0;7;0;0.0;2.0;0.0;0.0;A01
74045;201500048607;0;7;0;0.0;2.0;3.0;2.0;A01
74046;201500048607;0;7;0;0.0;2.0;5.0;2.0;B01
74047;201500048608;0;7;0;1.0;0.0;0.0;1.0;A01
74048;201500048610;0;7;0;0.0;2.0;1.0;1.0;B01
74049;201500048610;0;7;0;1.0;2.0;8.0;1.0;A01
74050;201500048611;0;7;0;0.0;2.0;3.0;13.0;A01
74051;201500048611;0;7;0;0.0;2.0;3.0;0.0;B01
74052;201500048612;0;7;0;0.0;2.0;4.0;1.0;B01
74053;201500048612;0;1;0;0.0;2.0;1.0;2.0;A01
74054;201500048613;0;7;0;0.0;1.0;7.0;1.0;A01
74055;201500048614;0;7;0;0.0;0.0;0.0;0.0;B01
74056;201500048614;0;7;0;0.0;2.0;1.0;15.0;A01
74057;201500048615;0;34;0;0.0;1.0;1.0;1.0;A01
74058;201500048616;0;33;0;0.0;1.0;2.0;1.0;A01
74059;201500048616;0;7;0;0.0;2.0;3.0;15.0;B01
74060;201500048617;0;7;0;0.0;2.0;0.0;0.0;B01
74061;201500048617;0;7;0;0.0;2.0;1.0;1.0;A01
74062;201500048618;0;37;10;0.0;1.0;3.0;1.0;A01
74063;201500048620;0;7;0;0.0;1.0;2.0;15.0;A01
74064;201500048622;0;7;0;0.0;0.0;8.0;1.0;B01
74065;201500048622;0;7;0;11.0;0.0;2.0;13.0;A01
74066;201500048623;0;7;0;0.0;2.0;1.0;5.0;A01
74067;201500048623;0;7;0;0.0;2.0;1.0;16.0;B01
74068;201500048624;0;7;0;0.0;2.0;1.0;1.0;A01
74069;201500048624;0;7;0;0.0;2.0;2.0;15.0;B01
74070;201500048625;0;7;0;0.0;2.0;7.0;19.0;B01
74071;201500048625;0;7;0;0.0;2.0;7.0;19.0;A01
74072;201500048626;0;7;0;0.0;2.0;5.0;1.0;A01
74073;201500048626;0;7;0;0.0;2.0;1.0;0.0;B01
74074;201500048627;0;1;0;0.0;2.0;8.0;19.0;A01
74075;201500048627;0;7;0;0.0;2.0;2.0;1.0;B01
74076;201500048628;2;30;0;0.0;1.0;0.0;0.0;A01
74077;201500048629;0;37;0;12.0;0.0;5.0;7.0;B01
74078;201500048629;0;1;0;0.0;9.0;0.0;0.0;A01
74079;201500048630;0;7;0;0.0;2.0;8.0;22.0;A01
74080;201500048630;0;1;0;0.0;2.0;7.0;2.0;B01
74081;201500048631;0;14;0;0.0;1.0;2.0;16.0;A01
74082;201500048632;0;30;0;0.0;2.0;8.0;1.0;B01
74083;201500048632;0;7;0;0.0;2.0;1.0;0.0;A01
74084;201500048633;0;7;0;0.0;2.0;3.0;2.0;A01
74085;201500048633;0;7;0;0.0;2.0;7.0;0.0;B01
74086;201500048633;0;13;0;0.0;0.0;0.0;0.0;C01
74087;201500048634;0;30;0;0.0;2.0;7.0;7.0;A01
74088;201500048634;0;7;0;0.0;2.0;3.0;15.0;B01
74089;201500048635;0;7;0;0.0;2.0;1.0;1.0;A01
74090;201500048635;0;31;0;0.0;2.0;3.0;0.0;B01
74091;201500048636;0;7;0;0.0;0.0;2.0;0.0;B01
74092;201500048636;0;1;0;0.0;2.0;0.0;0.0;A01
74093;201500048638;0;7;0;0.0;2.0;1.0;2.0;A01
74094;201500048638;0;7;0;0.0;2.0;4.0;2.0;B01
74095;201500048639;0;7;0;0.0;2.0;7.0;1.0;A01
74096;201500048639;0;31;0;0.0;2.0;1.0;1.0;B01
74097;201500048640;0;1;0;0.0;2.0;1.0;1.0;B01
74098;201500048640;0;7;0;0.0;2.0;6.0;1.0;A01
74099;201500048641;0;31;0;0.0;2.0;1.0;2.0;B01
74100;201500048641;0;7;0;0.0;2.0;7.0;15.0;A01
74101;201500048642;0;7;0;0.0;1.0;3.0;1.0;A01
74102;201500048643;0;7;0;0.0;1.0;2.0;1.0;A01
74103;201500048644;0;2;0;0.0;2.0;0.0;0.0;A01
74104;201500048644;0;7;0;0.0;2.0;4.0;0.0;B01
74105;201500048645;0;7;0;14.0;2.0;1.0;1.0;A01
74106;201500048645;0;7;0;0.0;2.0;1.0;1.0;B01
74107;201500048646;1;7;0;0.0;2.0;2.0;6.0;Z01
74108;201500048646;0;30;0;0.0;2.0;3.0;2.0;B01
74109;201500048647;0;31;0;0.0;2.0;0.0;0.0;B01
74110;201500048647;0;7;0;0.0;2.0;3.0;0.0;A01
74111;201500048648;0;30;0;0.0;1.0;1.0;0.0;A01
74112;201500048649;0;1;0;0.0;2.0;1.0;1.0;B01
74113;201500048649;0;7;0;0.0;9.0;3.0;15.0;A01
74114;201500048650;0;15;0;0.0;0.0;3.0;22.0;A01
74115;201500048650;0;1;0;0.0;0.0;5.0;2.0;B01
74116;201500048651;0;7;0;0.0;9.0;3.0;15.0;A01
74117;201500048651;0;1;0;0.0;2.0;2.0;1.0;B01
74118;201500048652;0;7;0;0.0;9.0;2.0;16.0;A01
74119;201500048652;0;1;0;0.0;2.0;3.0;1.0;B01
74120;201500048653;0;38;0;0.0;2.0;0.0;0.0;A01
74121;201500048653;0;32;0;0.0;2.0;0.0;0.0;B01
74122;201500048654;0;7;0;0.0;2.0;7.0;23.0;A01
74123;201500048654;0;1;0;1.0;0.0;1.0;0.0;B01
74124;201500048655;0;7;0;1.0;1.0;2.0;17.0;A01
74125;201500048656;0;1;0;0.0;2.0;5.0;19.0;B01
74126;201500048656;0;10;0;2.0;2.0;1.0;0.0;A01
74127;201500048657;0;7;0;0.0;2.0;2.0;15.0;A01
74128;201500048657;0;34;0;0.0;2.0;1.0;1.0;B01
74129;201500048658;0;7;0;0.0;2.0;0.0;0.0;B01
74130;201500048658;0;7;0;0.0;2.0;0.0;1.0;A01
74131;201500048659;0;1;0;0.0;1.0;0.0;0.0;A01
74132;201500048660;0;7;0;0.0;2.0;8.0;0.0;B01
74133;201500048660;1;7;0;0.0;2.0;0.0;19.0;A01
74134;201500048661;0;7;0;0.0;2.0;6.0;15.0;A01
74135;201500048661;0;30;0;0.0;2.0;1.0;1.0;B01
74136;201500048662;0;1;0;0.0;2.0;1.0;0.0;B01
74137;201500048662;0;10;0;0.0;2.0;1.0;0.0;A01
74138;201500048663;0;33;0;0.0;2.0;1.0;0.0;A01
74139;201500048663;0;37;0;0.0;2.0;0.0;0.0;B01
74140;201500048664;0;30;0;0.0;2.0;1.0;2.0;B01
74141;201500048664;1;30;0;0.0;2.0;4.0;2.0;A01
74142;201500048665;0;7;0;8.0;0.0;1.0;1.0;A01
74143;201500048666;0;7;0;0.0;2.0;2.0;1.0;A01
74144;201500048666;0;7;0;0.0;2.0;3.0;0.0;B01
74145;201500048667;0;7;0;0.0;2.0;0.0;0.0;B01
74146;201500048667;0;7;0;0.0;0.0;2.0;1.0;A01
74147;201500048668;0;7;0;0.0;2.0;3.0;0.0;A01
74148;201500048668;0;33;0;0.0;2.0;1.0;0.0;B01
74149;201500048670;0;7;0;15.0;2.0;6.0;1.0;A01
74150;201500048670;0;10;0;0.0;2.0;1.0;1.0;B01
74151;201500048671;0;2;0;0.0;2.0;1.0;1.0;A01
74152;201500048671;0;1;0;0.0;2.0;8.0;19.0;B01
74153;201500048672;0;10;0;0.0;2.0;7.0;0.0;A01
74154;201500048672;0;1;0;0.0;2.0;8.0;11.0;B01
74155;201500048673;1;7;0;0.0;1.0;0.0;0.0;A01
74156;201500048674;0;7;0;0.0;2.0;0.0;0.0;A01
74157;201500048674;0;7;0;0.0;2.0;0.0;0.0;B01
74158;201500048676;0;7;0;0.0;2.0;2.0;15.0;A01
74159;201500048676;0;7;0;0.0;2.0;1.0;1.0;B01
74160;201500048677;0;1;0;0.0;2.0;1.0;1.0;B01
74161;201500048677;0;7;0;0.0;2.0;8.0;24.0;A01
74162;201500048678;0;1;0;0.0;2.0;7.0;5.0;A01
74163;201500048678;0;7;0;0.0;2.0;2.0;15.0;B01
74164;201500048680;0;7;0;0.0;2.0;0.0;23.0;B01
74165;201500048680;0;7;0;0.0;2.0;4.0;20.0;C01
74166;201500048680;0;7;0;0.0;2.0;1.0;0.0;A01
74167;201500048681;0;7;0;0.0;0.0;0.0;0.0;B01
74168;201500048681;2;33;0;0.0;2.0;1.0;0.0;A01
74169;201500048682;0;7;0;0.0;2.0;0.0;0.0;B01
74170;201500048682;0;7;0;0.0;2.0;2.0;15.0;A01
74171;201500048683;0;7;0;0.0;2.0;8.0;11.0;B01
74172;201500048683;0;7;0;15.0;2.0;1.0;1.0;A01
74173;201500048684;0;3;0;0.0;2.0;4.0;20.0;A01
74174;201500048684;0;2;0;0.0;2.0;1.0;2.0;B01
74175;201500048685;0;7;0;0.0;2.0;0.0;0.0;A01
74176;201500048685;0;7;0;0.0;2.0;0.0;0.0;B01
74177;201500048686;0;31;0;0.0;9.0;1.0;1.0;B01
74178;201500048686;0;7;0;0.0;9.0;8.0;1.0;A01
74179;201500048687;0;33;0;0.0;0.0;0.0;1.0;A01
74180;201500048688;0;1;0;0.0;2.0;1.0;1.0;A01
74181;201500048688;0;1;0;0.0;2.0;1.0;1.0;B01
74182;201500048691;0;7;0;0.0;2.0;1.0;2.0;B01
74183;201500048691;0;1;0;0.0;2.0;0.0;0.0;A01
74184;201500048692;0;30;0;0.0;2.0;0.0;0.0;A01
74185;201500048692;0;7;0;0.0;9.0;8.0;15.0;B01
74186;201500048694;0;7;0;0.0;2.0;1.0;19.0;A01
74187;201500048694;0;7;0;0.0;2.0;3.0;1.0;B01
74188;201500048695;0;7;0;0.0;1.0;2.0;1.0;A01
74189;201500048696;1;33;0;0.0;1.0;1.0;2.0;A01
74190;201500048697;0;3;0;1.0;0.0;3.0;5.0;A01
74191;201500048698;0;7;0;0.0;2.0;1.0;2.0;B01
74192;201500048698;0;1;0;0.0;2.0;7.0;19.0;A01
74193;201500048699;0;7;0;0.0;1.0;3.0;11.0;A01
74194;201500048700;0;7;0;0.0;2.0;8.0;1.0;B01
74195;201500048700;0;7;0;0.0;2.0;1.0;1.0;A01
74196;201500048701;0;7;0;0.0;2.0;3.0;1.0;A01
74197;201500048701;0;1;0;0.0;2.0;7.0;0.0;B01
74198;201500048702;0;7;0;8.0;0.0;6.0;0.0;A01
74199;201500048703;0;1;0;0.0;2.0;2.0;1.0;B01
74200;201500048703;0;7;0;0.0;9.0;7.0;16.0;A01
74201;201500048704;0;7;0;0.0;2.0;1.0;1.0;A01
74202;201500048704;0;1;0;0.0;2.0;8.0;0.0;B01
74203;201500048705;0;7;0;0.0;2.0;5.0;16.0;A01
74204;201500048705;0;1;0;0.0;2.0;1.0;1.0;B01
74205;201500048706;0;7;0;0.0;2.0;7.0;0.0;B01
74206;201500048706;0;7;0;0.0;2.0;0.0;0.0;A01
74207;201500048707;0;7;0;1.0;0.0;2.0;2.0;A01
74208;201500048708;0;7;0;0.0;2.0;3.0;1.0;B01
74209;201500048708;0;30;0;0.0;2.0;5.0;12.0;A01
74210;201500048710;1;7;0;0.0;2.0;4.0;2.0;A01
74211;201500048711;0;7;0;0.0;2.0;0.0;0.0;B01
74212;201500048711;0;1;0;0.0;2.0;0.0;0.0;A01
74213;201500048712;0;33;0;0.0;2.0;1.0;1.0;B01
74214;201500048712;0;2;0;0.0;2.0;7.0;1.0;A01
74215;201500048713;0;7;0;0.0;1.0;5.0;1.0;A01
74216;201500048715;0;1;0;0.0;2.0;0.0;0.0;B01
74217;201500048715;0;7;0;0.0;2.0;8.0;0.0;A01
74218;201500048716;0;33;0;0.0;2.0;1.0;2.0;A01
74219;201500048716;0;7;0;0.0;2.0;0.0;0.0;B01
74220;201500048717;0;7;0;0.0;9.0;1.0;15.0;A01
74221;201500048717;0;1;0;0.0;2.0;1.0;1.0;B01