;Num_Acc;senc;catv;occutc;obs;obsm;choc;manv;num_veh
74222;201500048718;0;1;0;0.0;2.0;8.0;19.0;B01
74223;201500048718;0;7;0;0.0;2.0;1.0;1.0;A01
74224;201500048719;0;7;0;0.0;2.0;3.0;1.0;A01
74225;201500048719;0;37;30;0.0;2.0;0.0;1.0;B01
74226;201500048720;0;1;0;0.0;1.0;1.0;17.0;A01
74227;201500048721;0;2;0;0.0;2.0;1.0;0.0;B01
74228;201500048721;0;7;0;0.0;2.0;1.0;1.0;A01
74229;201500048722;0;7;0;0.0;2.0;1.0;0.0;B01
74230;201500048722;0;7;0;8.0;2.0;2.0;0.0;A01
74231;201500048723;0;7;0;0.0;2.0;1.0;1.0;A01
74232;201500048723;0;7;0;0.0;2.0;7.0;1.0;B01
74233;201500048723;0;7;0;0.0;2.0;3.0;15.0;C01
74234;201500048724;0;7;0;0.0;2.0;5.0;1.0;B01
74235;201500048724;0;7;0;0.0;2.0;2.0;2.0;A01
74236;201500048725;0;7;0;0.0;1.0;2.0;1.0;A01
74237;201500048726;0;30;0;1.0;0.0;0.0;1.0;A01
74238;201500048727;0;1;0;0.0;2.0;7.0;1.0;B01
74239;201500048727;0;7;0;0.0;2.0;1.0;16.0;A01
74240;201500048728;0;7;0;0.0;2.0;1.0;1.0;A01
74241;201500048728;0;1;0;0.0;2.0;1.0;1.0;B01
74242;201500048729;0;7;0;0.0;2.0;2.0;1.0;A01
74243;201500048729;0;7;0;0.0;2.0;3.0;1.0;B01
74244;201500048730;0;99;0;0.0;9.0;0.0;0.0;A01
74245;201500048731;0;7;0;0.0;2.0;1.0;0.0;B01
74246;201500048731;0;7;0;0.0;2.0;2.0;1.0;A01
74247;201500048732;0;7;0;0.0;1.0;1.0;1.0;A01
74248;201500048733;0;30;0;1.0;0.0;2.0;13.0;A01
74249;201500048734;0;7;0;0.0;2.0;0.0;0.0;B01
74250;201500048734;0;30;0;0.0;2.0;1.0;3.0;A01
74251;201500048735;1;7;0;0.0;1.0;0.0;0.0;Z01
74252;201500048737;0;31;0;0.0;2.0;1.0;5.0;A01
74253;201500048737;0;7;0;1.0;2.0;1.0;1.0;B01
74254;201500048738;0;7;0;0.0;2.0;2.0;1.0;A01
74255;201500048738;0;30;0;0.0;2.0;1.0;1.0;B01
74256;201500048739;1;7;0;0.0;1.0;0.0;0.0;A01
74257;201500048740;0;1;0;0.0;2.0;7.0;19.0;A01
74258;201500048740;0;7;0;0.0;2.0;1.0;1.0;B01
74259;201500048741;0;10;0;0.0;2.0;3.0;1.0;B01
74260;201500048741;0;7;0;0.0;2.0;1.0;9.0;A01
74261;201500048742;0;32;0;0.0;2.0;0.0;0.0;A01
74262;201500048742;0;7;0;0.0;2.0;0.0;0.0;B01
74263;201500048743;0;7;0;0.0;2.0;1.0;1.0;B01
74264;201500048743;0;7;0;0.0;2.0;8.0;10.0;A01
74265;201500048744;0;7;0;16.0;2.0;1.0;1.0;A01
74266;201500048744;0;7;0;1.0;0.0;7.0;1.0;B01
74267;201500048745;0;7;0;0.0;2.0;3.0;11.0;A01
74268;201500048745;0;7;0;0.0;2.0;5.0;1.0;B01
74269;201500048746;0;7;0;0.0;2.0;7.0;2.0;C01
74270;201500048746;0;7;0;1.0;0.0;9.0;2.0;A01
74271;201500048746;0;7;0;0.0;2.0;6.0;2.0;B01
74272;201500048747;0;7;0;0.0;2.0;1.0;2.0;B01
74273;201500048747;0;7;0;0.0;2.0;8.0;7.0;A01
74274;201500048748;0;7;0;0.0;2.0;1.0;1.0;B01
74275;201500048748;0;7;0;0.0;2.0;2.0;0.0;A01
74276;201500048749;0;31;0;0.0;2.0;0.0;0.0;A01
74277;201500048750;0;7;0;0.0;2.0;1.0;1.0;A01
74278;201500048750;0;1;0;0.0;2.0;8.0;1.0;B01
74279;201500048751;0;7;0;0.0;1.0;1.0;1.0;A01
74280;201500048753;0;7;0;0.0;1.0;1.0;1.0;A01
74281;201500048754;0;7;0;0.0;2.0;0.0;0.0;A01
74282;201500048754;0;1;0;0.0;2.0;0.0;0.0;B01
74283;201500048755;0;7;0;0.0;2.0;1.0;15.0;A01
74284;201500048755;0;32;0;0.0;2.0;1.0;1.0;B01
74285;201500048756;0;40;35;0.0;2.0;2.0;1.0;B01
74286;201500048756;0;7;0;0.0;4.0;1.0;2.0;A01
74287;201500048757;0;7;0;0.0;1.0;0.0;0.0;A01
74288;201500048758;0;1;0;0.0;2.0;8.0;18.0;A01
74289;201500048758;0;15;0;0.0;2.0;7.0;16.0;B01
74290;201500048759;0;1;0;0.0;0.0;0.0;1.0;B01
74291;201500048759;0;7;0;0.0;2.0;0.0;1.0;A01
74292;201500048760;0;32;0;0.0;2.0;4.0;1.0;B01
74293;201500048760;0;7;0;0.0;2.0;1.0;1.0;A01
74294;201500048761;0;1;0;0.0;2.0;2.0;1.0;B01
74295;201500048761;0;7;0;0.0;9.0;1.0;1.0;A01
74296;201500048762;0;1;0;0.0;2.0;7.0;0.0;B01
74297;201500048762;0;7;0;0.0;2.0;7.0;1.0;A01
74298;201500048763;0;7;0;0.0;1.0;1.0;15.0;A01
74299;201500048764;0;1;0;0.0;2.0;1.0;1.0;B01
74300;201500048764;0;7;0;0.0;2.0;2.0;16.0;A01
74301;201500048766;0;7;0;0.0;1.0;1.0;0.0;A01
74302;201500048767;0;7;0;0.0;1.0;8.0;1.0;A01
74303;201500048768;0;7;0;0.0;2.0;7.0;2.0;B01
74304;201500048768;0;7;0;0.0;2.0;1.0;19.0;A01
74305;201500048769;0;7;0;0.0;2.0;1.0;0.0;A01
74306;201500048769;0;7;0;0.0;2.0;5.0;2.0;C01
74307;201500048769;0;7;0;0.0;2.0;6.0;2.0;B01
74308;201500048770;0;13;0;0.0;1.0;6.0;15.0;A01
74309;201500048771;0;7;0;0.0;0.0;0.0;0.0;B01
74310;201500048771;0;7;0;0.0;2.0;1.0;0.0;A01
74311;201500048772;0;33;0;0.0;2.0;1.0;1.0;B01
74312;201500048772;0;7;0;0.0;2.0;3.0;10.0;A01
74313;201500048773;0;7;0;1.0;1.0;1.0;2.0;A01
74314;201500048774;0;7;0;0.0;1.0;1.0;17.0;A01
74315;201500048775;0;33;0;0.0;2.0;1.0;1.0;B01
74316;201500048775;0;7;0;0.0;2.0;2.0;10.0;A01
74317;201500048776;0;7;0;0.0;2.0;1.0;2.0;A01
74318;201500048776;0;7;0;0.0;2.0;4.0;2.0;B01
74319;201500048778;0;33;0;0.0;2.0;1.0;1.0;A01
74320;201500048778;0;7;0;0.0;2.0;5.0;6.0;B01
74321;201500048779;0;7;0;0.0;2.0;1.0;1.0;A01
74322;201500048779;0;7;0;0.0;2.0;4.0;2.0;B01
74323;201500048781;0;7;0;0.0;1.0;2.0;1.0;A01
74324;201500048782;0;7;0;0.0;1.0;1.0;1.0;A01
74325;201500048784;0;30;0;1.0;2.0;1.0;2.0;B01
74326;201500048784;0;7;0;1.0;2.0;1.0;15.0;A01
74327;201500048785;0;7;0;0.0;2.0;2.0;0.0;B01
74328;201500048785;0;7;0;0.0;2.0;6.0;1.0;D01
74329;201500048785;0;7;0;0.0;2.0;3.0;11.0;A01
74330;201500048785;0;7;0;0.0;2.0;4.0;1.0;C01
74331;201500048786;0;7;0;0.0;2.0;6.0;0.0;B01
74332;201500048786;0;7;0;0.0;2.0;6.0;0.0;A01
74333;201500048787;0;1;0;0.0;2.0;8.0;15.0;B01
74334;201500048787;0;1;0;0.0;2.0;1.0;1.0;A01
74335;201500048789;0;40;0;0.0;2.0;1.0;0.0;A01
74336;201500048789;0;1;0;0.0;4.0;3.0;0.0;B01
74337;201500048790;0;7;0;0.0;2.0;3.0;15.0;B01
74338;201500048790;0;33;0;0.0;2.0;2.0;2.0;A01
74339;201500048791;0;37;35;0.0;1.0;2.0;7.0;A01
74340;201500048792;0;7;0;0.0;2.0;4.0;2.0;B01
74341;201500048792;0;7;0;0.0;2.0;1.0;2.0;A01
74342;201500048793;0;7;0;0.0;1.0;2.0;0.0;A01
74343;201500048795;0;7;0;0.0;2.0;1.0;0.0;A01
74344;201500048795;0;7;0;0.0;2.0;7.0;0.0;B01
74345;201500048796;0;7;0;0.0;2.0;3.0;15.0;B01
74346;201500048796;1;2;0;0.0;2.0;1.0;17.0;Z01
74347;201500048797;0;7;0;0.0;1.0;3.0;15.0;A01
74348;201500048798;0;33;0;0.0;2.0;1.0;1.0;B01
74349;201500048798;0;7;0;0.0;2.0;3.0;15.0;A01
74350;201500048799;0;7;0;0.0;2.0;8.0;0.0;A01
74351;201500048799;0;13;0;1.0;2.0;7.0;1.0;B01
74352;201500048800;0;7;0;0.0;1.0;1.0;1.0;A01
74353;201500048802;0;1;0;0.0;2.0;0.0;0.0;A01
74354;201500048802;0;7;0;0.0;2.0;0.0;0.0;B01
74355;201500048803;1;7;0;0.0;1.0;7.0;1.0;Z01
74356;201500048804;0;7;0;0.0;1.0;1.0;1.0;A01
74357;201500048805;0;37;0;0.0;1.0;2.0;0.0;A01
74358;201500048806;0;7;0;0.0;2.0;3.0;2.0;A01
74359;201500048806;0;30;0;0.0;2.0;2.0;2.0;B01
74360;201500048807;0;31;0;0.0;2.0;0.0;0.0;B01
74361;201500048807;0;1;0;0.0;2.0;1.0;0.0;A01
74362;201500048808;0;7;0;0.0;1.0;2.0;1.0;A01
74363;201500048809;0;7;0;0.0;2.0;1.0;1.0;B01
74364;201500048809;0;2;0;0.0;2.0;1.0;0.0;A01
74365;201500048810;0;2;0;0.0;1.0;1.0;14.0;A01
74366;201500048811;0;1;0;0.0;2.0;0.0;0.0;B01
74367;201500048811;0;7;0;0.0;2.0;2.0;16.0;A01
74368;201500048812;0;7;0;15.0;1.0;7.0;0.0;A01
74369;201500048813;0;7;0;1.0;2.0;0.0;0.0;A01
74370;201500048813;0;1;0;0.0;2.0;1.0;2.0;B01
74371;201500048814;0;1;0;0.0;2.0;1.0;1.0;B01
74372;201500048814;0;7;0;0.0;2.0;7.0;16.0;A01
74373;201500048815;0;7;0;0.0;1.0;1.0;7.0;A01
74374;201500048816;0;7;0;0.0;2.0;5.0;15.0;A01
74375;201500048816;0;30;0;0.0;2.0;1.0;1.0;B01
74376;201500048817;0;7;0;0.0;2.0;1.0;1.0;B01
74377;201500048817;0;7;0;0.0;2.0;7.0;15.0;A01
74378;201500048819;0;7;0;0.0;1.0;1.0;1.0;A01
74379;201500048820;0;7;0;0.0;1.0;1.0;1.0;A01
74380;201500048821;0;7;0;0.0;2.0;3.0;1.0;A01
74381;201500048821;0;7;0;0.0;9.0;4.0;15.0;B01
74382;201500048821;0;1;0;0.0;2.0;1.0;1.0;C01
74383;201500048822;0;7;0;16.0;0.0;1.0;2.0;A01
74384;201500048822;0;7;0;16.0;0.0;8.0;15.0;B01
74385;201500048823;1;7;0;0.0;2.0;1.0;0.0;Z01
74386;201500048823;0;7;0;0.0;2.0;5.0;15.0;B01
74387;201500048824;0;33;0;0.0;1.0;1.0;1.0;A01
74388;201500048825;0;7;0;0.0;1.0;0.0;0.0;A01
74389;201500048826;0;7;0;0.0;2.0;8.0;15.0;A01
74390;201500048826;0;32;0;0.0;2.0;2.0;1.0;B01
74391;201500048827;0;10;0;0.0;2.0;2.0;1.0;B01
74392;201500048827;0;32;0;0.0;2.0;1.0;1.0;A01
74393;201500048828;0;7;0;0.0;2.0;5.0;15.0;A01
74394;201500048828;0;30;0;0.0;2.0;1.0;1.0;B01
74395;201500048830;0;10;0;0.0;9.0;7.0;1.0;A01
74396;201500048830;0;1;0;0.0;2.0;8.0;1.0;B01
74397;201500048831;0;7;0;0.0;1.0;1.0;1.0;A01
74398;201500048833;0;7;0;0.0;2.0;2.0;14.0;A01
74399;201500048833;0;1;0;0.0;2.0;4.0;1.0;B01
74400;201500048834;0;7;0;0.0;1.0;3.0;1.0;A01
74401;201500048835;0;7;0;0.0;1.0;3.0;15.0;A01
74402;201500048836;0;7;0;0.0;2.0;2.0;15.0;A01
74403;201500048836;0;2;0;0.0;2.0;3.0;1.0;B01
74404;201500048837;0;7;0;0.0;2.0;6.0;1.0;B01
74405;201500048837;0;7;0;0.0;2.0;3.0;13.0;A01
74406;201500048838;0;7;0;8.0;0.0;1.0;0.0;A01
74407;201500048839;0;1;0;0.0;2.0;4.0;0.0;B01
74408;201500048839;1;7;0;0.0;2.0;0.0;0.0;A01
74409;201500048840;0;7;0;0.0;2.0;2.0;1.0;A01
74410;201500048840;1;33;0;0.0;2.0;1.0;19.0;Z01
74411;201500048841;0;7;0;0.0;2.0;5.0;16.0;A01
74412;201500048841;0;34;0;0.0;2.0;3.0;1.0;B01
74413;201500048842;0;7;0;0.0;2.0;6.0;9.0;A01
74414;201500048842;0;2;0;0.0;2.0;0.0;0.0;B01
74415;201500048843;0;37;0;0.0;2.0;2.0;1.0;B01
74416;201500048843;0;7;0;1.0;2.0;3.0;19.0;A01
74417;201500048844;0;7;0;0.0;2.0;1.0;16.0;A01
74418;201500048844;0;7;0;0.0;0.0;0.0;0.0;B01
74419;201500048845;0;7;0;0.0;2.0;0.0;0.0;A01
74420;201500048845;0;1;0;0.0;2.0;0.0;0.0;B01
74421;201500048846;0;7;0;0.0;2.0;8.0;15.0;B01
74422;201500048846;0;30;0;0.0;2.0;1.0;8.0;A01
74423;201500048847;0;7;0;0.0;2.0;8.0;1.0;B01
74424;201500048847;0;7;0;0.0;2.0;3.0;1.0;C01
74425;201500048847;0;7;0;0.0;2.0;3.0;13.0;A01
74426;201500048848;0;1;0;0.0;1.0;1.0;0.0;A01
74427;201500048849;0;33;0;0.0;2.0;1.0;1.0;A01
74428;201500048849;0;7;0;0.0;2.0;8.0;1.0;B01
74429;201500048851;0;38;45;0.0;1.0;2.0;1.0;A01
74430;201500048852;0;7;0;0.0;2.0;5.0;15.0;A01
74431;201500048852;0;7;0;0.0;2.0;1.0;1.0;B01
74432;201500048853;0;31;0;0.0;1.0;1.0;1.0;A01
74433;201500048854;0;33;0;1.0;2.0;2.0;0.0;A01
74434;201500048854;0;3;0;0.0;2.0;8.0;0.0;B01
74435;201500048855;0;7;0;0.0;2.0;4.0;2.0;B01
74436;201500048855;0;7;0;0.0;2.0;1.0;2.0;A01
74437;201500048856;0;30;0;13.0;0.0;9.0;1.0;A01
74438;201500048857;0;31;0;0.0;1.0;0.0;0.0;A01
74439;201500048858;0;7;0;15.0;2.0;4.0;1.0;B01
74440;201500048858;0;7;0;0.0;2.0;1.0;1.0;A01
74441;201500048859;0;7;0;0.0;2.0;2.0;0.0;A01
74442;201500048859;0;7;0;9.0;2.0;5.0;0.0;B01
74443;201500048860;0;7;0;0.0;2.0;3.0;1.0;B01
74444;201500048860;0;30;0;0.0;2.0;8.0;1.0;A01
74445;201500048861;0;34;0;0.0;1.0;3.0;1.0;A01
74446;201500048862;0;7;0;0.0;2.0;1.0;2.0;A01
74447;201500048862;0;7;0;0.0;2.0;4.0;1.0;B01
74448;201500048863;0;7;0;0.0;2.0;1.0;9.0;B01
74449;201500048863;0;7;0;0.0;2.0;2.0;1.0;A01
74450;201500048864;1;7;0;0.0;2.0;5.0;1.0;Z01
74451;201500048864;0;34;0;9.0;2.0;3.0;1.0;A01
74452;201500048865;0;7;0;0.0;2.0;3.0;0.0;B01
74453;201500048865;0;7;0;0.0;2.0;2.0;0.0;A01
74454;201500048867;0;7;0;0.0;2.0;4.0;2.0;C01
74455;201500048867;0;7;0;0.0;2.0;5.0;4.0;A01
74456;201500048867;0;30;0;0.0;2.0;1.0;17.0;B01
74457;201500048868;0;7;0;0.0;2.0;7.0;1.0;B01
74458;201500048868;0;30;0;0.0;2.0;1.0;18.0;A01
74459;201500048869;1;7;0;0.0;2.0;1.0;0.0;Z01
74460;201500048869;0;7;0;0.0;2.0;5.0;2.0;A01
74461;201500048870;0;7;0;0.0;2.0;5.0;16.0;A01
74462;201500048870;0;30;0;0.0;2.0;0.0;1.0;B01
74463;201500048871;0;33;0;0.0;2.0;0.0;0.0;B01
74464;201500048871;0;7;0;0.0;2.0;1.0;0.0;A01
74465;201500048872;0;7;0;0.0;2.0;2.0;16.0;B01
74466;201500048872;0;33;0;0.0;2.0;1.0;18.0;A01
74467;201500048873;0;7;0;0.0;2.0;4.0;2.0;C01
74468;201500048873;0;7;0;0.0;2.0;2.0;2.0;B01
74469;201500048873;0;7;0;0.0;2.0;1.0;2.0;A01
74470;201500048874;0;30;0;0.0;2.0;2.0;19.0;A01
74471;201500048874;0;7;0;0.0;2.0;3.0;1.0;B01
74472;201500048875;0;34;0;15.0;0.0;7.0;0.0;A01
74473;201500048876;0;13;0;0.0;2.0;1.0;1.0;A01
74474;201500048876;0;7;0;0.0;2.0;4.0;1.0;B01
74475;201500048876;0;7;0;0.0;2.0;4.0;1.0;C01
74476;201500048878;0;1;0;0.0;2.0;4.0;19.0;B01
74477;201500048878;0;7;0;0.0;2.0;2.0;2.0;A01
74478;201500048879;0;1;0;0.0;2.0;5.0;1.0;A01
74479;201500048879;0;7;0;0.0;2.0;1.0;16.0;B01
74480;201500048880;0;7;0;0.0;2.0;8.0;1.0;A01
74481;201500048880;0;7;0;0.0;2.0;1.0;1.0;B01
74482;201500048881;0;33;0;0.0;1.0;1.0;2.0;A01
74483;201500048881;0;7;0;0.0;2.0;0.0;0.0;B01
74484;201500048882;0;7;0;0.0;9.0;1.0;9.0;A01
74485;201500048882;0;1;0;0.0;2.0;0.0;0.0;B01
74486;201500048884;0;7;0;0.0;1.0;1.0;15.0;A01
74487;201500048885;0;2;0;1.0;0.0;5.0;2.0;A01
74488;201500048886;0;1;0;0.0;2.0;8.0;1.0;B01
74489;201500048886;0;7;0;0.0;9.0;2.0;1.0;A01
74490;201500048887;0;7;0;0.0;2.0;1.0;2.0;A01
74491;201500048887;0;7;0;0.0;0.0;4.0;2.0;C01
74492;201500048887;0;7;0;0.0;2.0;4.0;2.0;B01
74493;201500048888;0;37;0;0.0;1.0;2.0;1.0;A01
74494;201500048889;1;7;0;0.0;1.0;1.0;1.0;A01
74495;201500048890;0;7;0;0.0;1.0;0.0;0.0;B01
74496;201500048890;0;7;0;0.0;1.0;0.0;0.0;A01
74497;201500048891;0;7;0;0.0;0.0;0.0;0.0;A01
74498;201500048891;0;1;0;1.0;0.0;0.0;0.0;B01
74499;201500048892;0;7;0;0.0;1.0;0.0;0.0;A01
74500;201500048893;0;40;0;0.0;2.0;3.0;2.0;A01
74501;201500048893;0;1;0;0.0;2.0;1.0;0.0;B01
74502;201500048894;0;7;0;0.0;2.0;4.0;2.0;C01
74503;201500048894;0;7;0;0.0;2.0;4.0;0.0;B01
74504;201500048894;0;7;0;0.0;2.0;4.0;2.0;A01
74505;201500048895;0;7;0;0.0;1.0;0.0;0.0;A01
74506;201500048896;0;7;0;0.0;1.0;3.0;1.0;A01
74507;201500048897;0;30;0;0.0;2.0;4.0;2.0;A01
74508;201500048897;1;7;0;0.0;9.0;1.0;2.0;B01
74509;201500048898;0;7;0;0.0;1.0;0.0;0.0;A01
74510;201500048899;0;40;60;0.0;1.0;1.0;1.0;A01
74511;201500048900;0;1;0;0.0;2.0;0.0;0.0;B01
74512;201500048900;0;10;0;0.0;9.0;7.0;22.0;A01
74513;201500048901;0;34;0;16.0;0.0;7.0;1.0;A01
74514;201500048901;0;7;0;16.0;0.0;1.0;1.0;B01
74515;201500048902;0;33;0;0.0;1.0;1.0;1.0;A01
74516;201500048903;0;3;0;1.0;0.0;1.0;14.0;A01
74517;201500048904;0;7;0;0.0;1.0;1.0;1.0;A01
74518;201500048905;0;40;50;0.0;1.0;8.0;1.0;A01
74519;201500048906;0;7;0;0.0;2.0;2.0;0.0;A01
74520;201500048906;0;2;0;0.0;2.0;1.0;14.0;B01
74521;201500048907;0;1;0;0.0;1.0;0.0;0.0;A01
74522;201500048910;0;14;0;0.0;0.0;0.0;0.0;B01
74523;201500048910;0;32;0;0.0;2.0;0.0;0.0;A01
74524;201500048911;0;7;0;9.0;2.0;6.0;1.0;B01
74525;201500048911;0;7;0;0.0;2.0;1.0;0.0;A01
74526;201500048912;0;7;0;0.0;2.0;1.0;9.0;A01
74527;201500048912;0;30;0;0.0;2.0;2.0;0.0;B01
74528;201500048913;1;7;0;0.0;2.0;1.0;13.0;B01
74529;201500048913;0;30;0;0.0;2.0;1.0;13.0;A01
74530;201500048914;0;7;0;0.0;1.0;2.0;15.0;A01
74531;201500048915;0;7;0;0.0;2.0;1.0;15.0;A01
74532;201500048915;0;7;0;0.0;2.0;8.0;1.0;B01
74533;201500048916;0;10;0;6.0;0.0;1.0;1.0;A01
74534;201500048918;0;7;0;0.0;1.0;3.0;1.0;A01
74535;201500048919;0;3;0;0.0;2.0;1.0;1.0;A01
74536;201500048919;0;7;0;0.0;9.0;4.0;1.0;C01
74537;201500048919;0;7;0;0.0;2.0;4.0;1.0;B01
74538;201500048920;0;7;0;0.0;2.0;3.0;15.0;B01
74539;201500048920;0;1;0;0.0;2.0;1.0;1.0;A01
74540;201500048922;0;7;0;6.0;0.0;1.0;1.0;A01
74541;201500048924;0;37;45;0.0;1.0;7.0;1.0;A01
74542;201500048925;0;7;0;0.0;2.0;7.0;0.0;A01
74543;201500048925;0;1;0;0.0;0.0;0.0;0.0;B01
74544;201500048928;0;7;0;0.0;4.0;8.0;15.0;A01
74545;201500048928;0;40;45;0.0;2.0;2.0;1.0;B01
74546;201500048929;0;7;0;0.0;2.0;9.0;1.0;A01
74547;201500048929;0;7;0;0.0;2.0;4.0;1.0;B01
74548;201500048929;1;7;0;0.0;0.0;0.0;0.0;Y01
74549;201500048930;0;13;0;0.0;1.0;1.0;15.0;A01
74550;201500048931;0;7;0;0.0;0.0;9.0;15.0;A01
74551;201500048932;0;37;0;0.0;1.0;2.0;1.0;A01
74552;201500048933;0;10;0;0.0;2.0;1.0;1.0;B01
74553;201500048933;0;7;0;0.0;2.0;8.0;1.0;A01
74554;201500048935;0;37;55;0.0;1.0;0.0;0.0;A01
74555;201500048936;0;7;0;0.0;2.0;3.0;1.0;A01
74556;201500048936;0;7;0;0.0;2.0;2.0;15.0;B01
74557;201500048937;0;7;0;0.0;1.0;0.0;0.0;A01
74558;201500048937;0;7;0;0.0;2.0;4.0;24.0;B01
74559;201500048938;0;30;0;0.0;2.0;1.0;0.0;A01
74560;201500048938;0;7;0;0.0;2.0;0.0;1.0;B01
74561;201500048939;0;10;0;0.0;1.0;3.0;1.0;A01
74562;201500048940;0;7;0;0.0;2.0;3.0;15.0;A01
74563;201500048940;0;33;0;0.0;2.0;8.0;1.0;B01
74564;201500048941;0;7;0;0.0;2.0;1.0;1.0;A01
74565;201500048941;0;7;0;0.0;2.0;3.0;1.0;B01
74566;201500048942;0;33;0;0.0;2.0;4.0;1.0;B01
74567;201500048942;0;7;0;0.0;2.0;4.0;1.0;C01
74568;201500048942;0;7;0;0.0;2.0;2.0;12.0;A01
74569;201500048943;0;7;0;0.0;1.0;2.0;0.0;A01
74570;201500048944;0;34;0;0.0;1.0;1.0;17.0;A01
74571;201500048945;0;7;0;0.0;2.0;3.0;2.0;A01
74572;201500048945;0;7;0;0.0;2.0;4.0;0.0;C01
74573;201500048945;0;31;0;0.0;2.0;4.0;23.0;B01
74574;201500048946;0;7;0;0.0;1.0;1.0;15.0;A01
74575;201500048947;0;40;0;0.0;1.0;2.0;1.0;A01
74576;201500048948;0;7;0;0.0;2.0;2.0;16.0;A01
74577;201500048948;0;1;0;0.0;2.0;1.0;1.0;B01
74578;201500048949;0;7;0;0.0;1.0;3.0;15.0;A01
74579;201500048950;0;7;0;0.0;2.0;8.0;0.0;A01
74580;201500048950;0;2;0;0.0;2.0;1.0;0.0;B01
74581;201500048951;0;7;0;0.0;1.0;2.0;2.0;A01
74582;201500048952;0;1;0;0.0;2.0;1.0;1.0;B01
74583;201500048952;0;7;0;0.0;2.0;1.0;15.0;A01
74584;201500048953;0;7;0;0.0;2.0;8.0;1.0;B01
74585;201500048953;0;7;0;0.0;2.0;1.0;1.0;A01
74586;201500048954;0;7;0;0.0;2.0;4.0;1.0;B01
74587;201500048954;0;7;0;0.0;2.0;1.0;2.0;A01
74588;201500048955;0;7;0;6.0;0.0;2.0;16.0;A01
74589;201500048956;0;30;0;0.0;2.0;8.0;1.0;A01
74590;201500048956;0;7;0;0.0;2.0;3.0;1.0;B01
74591;201500048957;0;7;0;0.0;2.0;1.0;1.0;A01
74592;201500048957;0;1;0;0.0;2.0;1.0;0.0;B01
74593;201500048958;0;7;0;0.0;2.0;3.0;1.0;B01
74594;201500048958;0;7;0;0.0;2.0;2.0;1.0;A01
74595;201500048960;0;7;0;0.0;2.0;0.0;0.0;A01
74596;201500048960;0;7;0;0.0;2.0;0.0;0.0;B01
74597;201500048961;0;7;0;0.0;1.0;1.0;15.0;A01
74598;201500048962;0;7;0;0.0;2.0;3.0;15.0;A01
74599;201500048962;0;33;0;0.0;2.0;1.0;2.0;B01
74600;201500048963;0;1;0;0.0;2.0;3.0;19.0;B01
74601;201500048963;0;7;0;0.0;2.0;6.0;4.0;A01
74602;201500048964;0;7;0;0.0;2.0;2.0;14.0;B01
74603;201500048964;0;7;0;0.0;2.0;0.0;14.0;A01
74604;201500048965;0;3;0;0.0;2.0;3.0;1.0;B01
74605;201500048965;0;7;0;0.0;2.0;3.0;15.0;R01
74606;201500048967;0;7;0;2.0;0.0;1.0;1.0;A01
74607;201500048968;0;7;0;6.0;2.0;1.0;1.0;A01
74608;201500048968;0;7;0;0.0;2.0;2.0;2.0;B01
74609;201500048969;0;1;0;0.0;2.0;1.0;5.0;A01
74610;201500048969;0;7;0;0.0;2.0;8.0;1.0;B01
74611;201500048970;0;7;0;0.0;1.0;1.0;1.0;A01
74612;201500048971;0;2;0;1.0;0.0;0.0;0.0;B01
74613;201500048971;0;7;0;0.0;2.0;0.0;0.0;C01
74614;201500048971;0;10;0;0.0;2.0;0.0;0.0;A01
74615;201500048972;0;7;0;0.0;0.0;4.0;1.0;C01
74616;201500048972;0;7;0;0.0;2.0;4.0;1.0;B01
74617;201500048972;0;7;0;0.0;2.0;1.0;1.0;A01
74618;201500048973;0;30;0;0.0;0.0;0.0;0.0;B01
74619;201500048973;1;1;0;0.0;0.0;0.0;0.0;Z01
74620;201500048974;0;7;0;0.0;1.0;0.0;0.0;A01
74621;201500048975;0;7;0;0.0;1.0;1.0;1.0;A01
74622;201500048976;0;7;0;0.0;1.0;2.0;1.0;A01
74623;201500048977;0;7;0;1.0;2.0;8.0;2.0;B01
74624;201500048977;0;7;0;1.0;2.0;8.0;12.0;A01
74625;201500048978;0;7;0;0.0;2.0;5.0;1.0;B01
74626;201500048978;0;7;0;0.0;2.0;1.0;16.0;A01
74627;201500048979;0;7;0;0.0;1.0;7.0;7.0;A01
74628;201500048980;0;7;0;0.0;0.0;3.0;2.0;B01
74629;201500048980;0;1;0;0.0;2.0;3.0;19.0;A01
74630;201500048981;0;7;0;0.0;2.0;6.0;15.0;A01
74631;201500048981;0;32;0;0.0;2.0;1.0;0.0;B01
74632;201500048982;0;7;0;0.0;2.0;2.0;15.0;A01
74633;201500048982;0;30;0;0.0;2.0;1.0;1.0;B01
74634;201500048985;0;7;0;0.0;1.0;4.0;4.0;A01
74635;201500048986;0;7;0;1.0;2.0;2.0;2.0;A01
74636;201500048986;0;7;0;0.0;2.0;3.0;2.0;B01
74637;201500048988;0;7;0;0.0;2.0;5.0;1.0;B01
74638;201500048988;0;7;0;1.0;2.0;3.0;18.0;A01
74639;201500048989;0;7;0;0.0;0.0;5.0;9.0;A01
74640;201500048989;0;7;0;0.0;2.0;2.0;1.0;B01
74641;201500048990;0;10;0;0.0;6.0;1.0;1.0;A01
74642;201500048991;0;7;0;0.0;2.0;1.0;0.0;A01
74643;201500048991;0;7;0;0.0;2.0;4.0;1.0;C01