;Num_Acc;senc;catv;occutc;obs;obsm;choc;manv;num_veh
74644;201500048991;0;7;0;0.0;2.0;4.0;0.0;B01
74645;201500048992;0;7;0;0.0;0.0;4.0;2.0;C01
74646;201500048992;0;7;0;0.0;0.0;4.0;2.0;B01
74647;201500048992;0;7;0;0.0;2.0;1.0;2.0;A01
74648;201500048993;0;7;0;4.0;0.0;8.0;0.0;B01
74649;201500048993;0;7;0;0.0;2.0;0.0;0.0;A01
74650;201500048994;0;7;0;0.0;2.0;4.0;2.0;B01
74651;201500048994;0;33;0;0.0;2.0;1.0;2.0;A01
74652;201500048995;0;7;0;3.0;2.0;1.0;1.0;A01
74653;201500048995;0;15;0;0.0;0.0;8.0;0.0;B01
74654;201500048996;0;15;0;3.0;0.0;8.0;13.0;A01
74655;201500048997;0;33;0;0.0;0.0;0.0;0.0;A01
74656;201500048998;0;7;0;0.0;2.0;1.0;2.0;A01
74657;201500048998;0;7;0;0.0;2.0;4.0;2.0;B01
74658;201500048999;0;7;0;0.0;2.0;6.0;2.0;B01
74659;201500048999;0;7;0;0.0;2.0;2.0;2.0;A01
74660;201500049001;0;15;0;0.0;2.0;2.0;12.0;A01
74661;201500049001;0;7;0;4.0;0.0;6.0;1.0;B01
74662;201500049002;0;7;0;0.0;2.0;1.0;2.0;A01
74663;201500049002;0;7;0;0.0;2.0;4.0;2.0;D01
74664;201500049002;0;7;0;0.0;2.0;1.0;2.0;B01
74665;201500049002;0;7;0;0.0;2.0;1.0;1.0;C01
74666;201500049003;0;7;0;0.0;2.0;3.0;0.0;U01
74667;201500049003;0;7;0;0.0;0.0;5.0;2.0;C01
74668;201500049003;0;7;0;0.0;2.0;5.0;0.0;B01
74669;201500049004;0;7;0;0.0;0.0;1.0;0.0;A01
74670;201500049005;0;7;0;4.0;0.0;1.0;0.0;A01
74671;201500049006;0;7;0;4.0;2.0;4.0;0.0;B01
74672;201500049006;0;7;0;0.0;0.0;4.0;0.0;D01
74673;201500049006;0;7;0;4.0;0.0;1.0;0.0;E01
74674;201500049006;0;10;0;0.0;0.0;1.0;0.0;C01
74675;201500049006;0;7;0;0.0;0.0;4.0;0.0;A01
74676;201500049008;0;7;0;0.0;0.0;0.0;0.0;B01
74677;201500049008;0;32;0;0.0;0.0;7.0;21.0;A01
74678;201500049009;0;7;0;0.0;0.0;3.0;0.0;B01
74679;201500049009;0;7;0;0.0;2.0;2.0;0.0;A01
74680;201500049010;0;7;0;0.0;2.0;4.0;0.0;C01
74681;201500049010;0;7;0;0.0;2.0;4.0;0.0;B01
74682;201500049010;0;7;0;0.0;2.0;1.0;0.0;A01
74683;201500049011;0;7;0;0.0;0.0;0.0;0.0;B01
74684;201500049011;0;7;0;0.0;0.0;1.0;0.0;A01
74685;201500049012;0;33;0;0.0;0.0;8.0;1.0;A01
74686;201500049012;1;7;0;0.0;0.0;0.0;9.0;Z01
74687;201500049013;0;7;0;6.0;0.0;3.0;2.0;A01
74688;201500049014;0;7;0;0.0;2.0;1.0;0.0;B01
74689;201500049014;0;32;0;0.0;2.0;8.0;0.0;A01
74690;201500049015;0;7;0;0.0;2.0;1.0;0.0;A01
74691;201500049015;0;10;0;0.0;2.0;4.0;0.0;C01
74692;201500049015;0;7;0;0.0;2.0;4.0;0.0;B01
74693;201500049016;0;7;0;0.0;0.0;1.0;0.0;A01
74694;201500049016;0;7;0;0.0;2.0;1.0;0.0;B01
74695;201500049017;0;7;0;0.0;2.0;0.0;1.0;C01
74696;201500049017;0;7;0;0.0;2.0;4.0;1.0;B01
74697;201500049017;0;10;0;0.0;2.0;1.0;1.0;A01
74698;201500049018;0;10;0;0.0;2.0;1.0;0.0;A01
74699;201500049018;0;7;0;0.0;2.0;4.0;0.0;B01
74700;201500049018;0;7;0;0.0;2.0;4.0;0.0;C01
74701;201500049020;0;7;0;0.0;0.0;4.0;0.0;B01
74702;201500049020;0;7;0;0.0;2.0;1.0;0.0;A01
74703;201500049021;0;7;0;0.0;0.0;0.0;0.0;A01
74704;201500049021;0;10;0;0.0;0.0;1.0;0.0;C01
74705;201500049021;0;7;0;0.0;2.0;0.0;0.0;B01
74706;201500049022;0;7;0;0.0;2.0;1.0;0.0;A01
74707;201500049022;1;15;0;0.0;0.0;0.0;0.0;Z01
74708;201500049023;0;33;0;0.0;2.0;1.0;1.0;A01
74709;201500049023;0;10;0;0.0;2.0;4.0;1.0;B01
74710;201500049025;0;33;0;0.0;0.0;0.0;0.0;A01
74711;201500049026;0;7;0;0.0;0.0;8.0;1.0;B01
74712;201500049026;0;15;0;0.0;2.0;2.0;0.0;A01
74713;201500049027;0;7;0;0.0;0.0;6.0;2.0;B01
74714;201500049027;0;17;0;0.0;2.0;2.0;2.0;A01
74715;201500049028;0;7;0;0.0;2.0;2.0;1.0;C01
74716;201500049028;0;7;0;0.0;2.0;1.0;9.0;A01
74717;201500049028;0;14;0;0.0;2.0;8.0;1.0;B01
74718;201500049029;0;7;0;0.0;0.0;4.0;11.0;B01
74719;201500049029;0;7;0;0.0;2.0;1.0;2.0;A01
74720;201500049030;0;7;0;0.0;0.0;1.0;2.0;A01
74721;201500049031;0;10;0;0.0;2.0;1.0;1.0;B01
74722;201500049031;0;7;0;0.0;2.0;7.0;1.0;D01
74723;201500049031;0;10;0;0.0;2.0;2.0;1.0;A01
74724;201500049031;0;7;0;0.0;2.0;4.0;2.0;C01
74725;201500049032;0;7;0;0.0;2.0;1.0;0.0;A01
74726;201500049032;0;7;0;0.0;0.0;4.0;0.0;B01
74727;201500049033;0;7;0;0.0;0.0;1.0;0.0;B01
74728;201500049033;0;7;0;0.0;0.0;1.0;0.0;A01
74729;201500049035;0;15;0;0.0;0.0;4.0;0.0;B01
74730;201500049035;0;7;0;0.0;0.0;1.0;0.0;C01
74731;201500049035;0;10;0;0.0;0.0;1.0;0.0;D01
74732;201500049035;0;15;0;0.0;0.0;4.0;0.0;A01
74733;201500049036;0;15;0;0.0;0.0;0.0;0.0;A01
74734;201500049036;0;7;0;0.0;0.0;4.0;0.0;C01
74735;201500049036;0;7;0;0.0;0.0;4.0;0.0;E01
74736;201500049036;0;7;0;0.0;0.0;1.0;0.0;D01
74737;201500049036;0;7;0;0.0;0.0;7.0;0.0;B01
74738;201500049037;0;7;0;0.0;2.0;1.0;0.0;A01
74739;201500049037;0;7;0;0.0;0.0;4.0;0.0;B01
74740;201500049038;0;10;0;0.0;2.0;2.0;0.0;C01
74741;201500049038;0;33;0;0.0;2.0;8.0;0.0;B01
74742;201500049038;0;7;0;0.0;0.0;0.0;0.0;A01
74743;201500049039;0;10;0;0.0;2.0;1.0;0.0;A01
74744;201500049039;0;7;0;0.0;0.0;4.0;0.0;B01
74745;201500049040;0;31;0;0.0;0.0;0.0;0.0;A01
74746;201500049040;0;10;0;0.0;0.0;5.0;0.0;B01
74747;201500049041;1;15;0;0.0;0.0;0.0;0.0;Z01
74748;201500049041;0;7;0;0.0;0.0;1.0;0.0;A01
74749;201500049042;0;7;0;0.0;2.0;1.0;1.0;B01
74750;201500049042;0;7;0;0.0;2.0;4.0;0.0;E01
74751;201500049042;0;7;0;0.0;2.0;1.0;1.0;A01
74752;201500049042;0;33;0;0.0;2.0;4.0;1.0;F02
74753;201500049042;0;7;0;0.0;2.0;4.0;2.0;C01
74754;201500049042;0;7;0;3.0;2.0;4.0;1.0;D01
74755;201500049044;0;10;0;0.0;2.0;1.0;0.0;A01
74756;201500049044;0;7;0;0.0;0.0;4.0;0.0;B01
74757;201500049045;0;15;0;0.0;0.0;7.0;0.0;A01
74758;201500049045;0;7;0;0.0;0.0;0.0;0.0;B01
74759;201500049046;0;10;0;0.0;2.0;1.0;2.0;A01
74760;201500049046;0;7;0;0.0;0.0;4.0;1.0;B01
74761;201500049047;0;7;0;0.0;2.0;0.0;0.0;A01
74762;201500049047;0;33;0;0.0;2.0;2.0;3.0;B01
74763;201500049048;0;7;0;0.0;0.0;6.0;0.0;B01
74764;201500049048;0;33;0;0.0;2.0;7.0;0.0;A01
74765;201500049049;0;7;0;0.0;0.0;4.0;0.0;B01
74766;201500049049;0;31;0;0.0;2.0;1.0;0.0;A01
74767;201500049050;0;7;0;0.0;2.0;4.0;0.0;B01
74768;201500049050;0;7;0;0.0;2.0;1.0;0.0;A01
74769;201500049050;0;7;0;0.0;0.0;4.0;0.0;D01
74770;201500049050;0;7;0;0.0;2.0;4.0;0.0;C01
74771;201500049051;0;7;0;3.0;0.0;3.0;0.0;A01
74772;201500049052;0;7;0;3.0;0.0;2.0;1.0;A01
74773;201500049053;0;7;0;15.0;0.0;2.0;0.0;A01
74774;201500049054;0;7;0;0.0;0.0;1.0;2.0;A01
74775;201500049055;0;7;0;13.0;0.0;1.0;0.0;A01
74776;201500049056;0;15;0;0.0;2.0;2.0;12.0;A01
74777;201500049056;0;7;0;0.0;2.0;2.0;1.0;B01
74778;201500049057;0;7;0;3.0;2.0;6.0;1.0;B01
74779;201500049057;0;15;0;0.0;2.0;1.0;0.0;A01
74780;201500049059;0;7;0;0.0;2.0;1.0;1.0;A01
74781;201500049059;0;33;0;0.0;2.0;4.0;1.0;B01
74782;201500049060;0;7;0;0.0;0.0;2.0;0.0;A01
74783;201500049060;0;7;0;0.0;0.0;8.0;13.0;B01
74784;201500049061;0;10;0;0.0;2.0;3.0;1.0;A01
74785;201500049061;0;7;0;0.0;2.0;1.0;1.0;D01
74786;201500049061;0;7;0;0.0;2.0;7.0;1.0;B01
74787;201500049061;0;7;0;0.0;2.0;4.0;1.0;C01
74788;201500049063;0;33;0;0.0;0.0;7.0;0.0;A01
74789;201500049064;0;7;0;6.0;0.0;1.0;14.0;A01
74790;201500049064;0;7;0;0.0;0.0;4.0;23.0;B01
74791;201500049065;0;7;0;0.0;2.0;0.0;1.0;A01
74792;201500049065;0;7;0;0.0;0.0;4.0;2.0;B01
74793;201500049066;0;7;0;4.0;0.0;3.0;2.0;A01
74794;201500049067;0;7;0;0.0;2.0;1.0;0.0;A01
74795;201500049067;0;7;0;0.0;0.0;4.0;0.0;B01
74796;201500049068;0;14;0;0.0;2.0;2.0;0.0;A01
74797;201500049068;0;7;0;0.0;0.0;8.0;1.0;B01
74798;201500049069;0;7;0;3.0;2.0;4.0;0.0;B01
74799;201500049069;0;7;0;0.0;2.0;1.0;0.0;A01
74800;201500049069;0;7;0;0.0;0.0;4.0;0.0;C01
74801;201500049070;0;7;0;0.0;2.0;0.0;14.0;A01
74802;201500049070;0;15;0;0.0;0.0;3.0;1.0;B01
74803;201500049071;0;15;0;0.0;0.0;4.0;2.0;B01
74804;201500049071;0;15;0;0.0;2.0;1.0;1.0;A01
74805;201500049072;0;7;0;4.0;0.0;0.0;1.0;B01
74806;201500049072;0;15;0;0.0;2.0;2.0;12.0;A01
74807;201500049073;0;7;0;0.0;2.0;4.0;0.0;C01
74808;201500049073;0;7;0;0.0;2.0;2.0;0.0;B01
74809;201500049073;0;7;0;0.0;0.0;6.0;0.0;A01
74810;201500049074;0;10;0;0.0;2.0;4.0;1.0;D01
74811;201500049074;0;7;0;0.0;2.0;4.0;1.0;B01
74812;201500049074;0;10;0;0.0;2.0;4.0;1.0;C01
74813;201500049074;0;7;0;0.0;2.0;1.0;0.0;A01
74814;201500049075;0;7;0;3.0;0.0;1.0;1.0;A01
74815;201500049076;0;15;0;0.0;2.0;3.0;24.0;B01
74816;201500049076;0;7;0;0.0;2.0;1.0;14.0;A01
74817;201500049077;0;33;0;0.0;0.0;8.0;2.0;A01
74818;201500049078;0;7;0;0.0;2.0;7.0;0.0;B01
74819;201500049078;0;33;0;0.0;2.0;1.0;0.0;A01
74820;201500049079;0;33;0;0.0;0.0;8.0;0.0;A01
74821;201500049080;0;10;0;0.0;0.0;8.0;0.0;C01
74822;201500049080;0;7;0;0.0;2.0;4.0;2.0;B01
74823;201500049080;0;7;0;0.0;2.0;1.0;2.0;A01
74824;201500049081;0;33;0;0.0;0.0;7.0;0.0;B01
74825;201500049081;0;7;0;0.0;0.0;2.0;0.0;A01
74826;201500049082;0;7;0;0.0;0.0;0.0;0.0;A01
74827;201500049082;0;7;0;0.0;0.0;4.0;0.0;B01
74828;201500049083;0;7;0;0.0;2.0;4.0;2.0;B01
74829;201500049083;0;7;0;0.0;2.0;1.0;2.0;A01
74830;201500049083;0;7;0;0.0;0.0;4.0;2.0;C01
74831;201500049084;0;7;0;0.0;0.0;2.0;0.0;A01
74832;201500049084;0;7;0;0.0;0.0;4.0;0.0;B01
74833;201500049085;0;7;0;0.0;0.0;8.0;0.0;B01
74834;201500049085;0;17;0;0.0;2.0;2.0;14.0;A01
74835;201500049086;0;7;0;0.0;2.0;1.0;2.0;A01
74836;201500049086;0;7;0;3.0;2.0;4.0;1.0;B01
74837;201500049088;0;7;0;4.0;0.0;0.0;0.0;B01
74838;201500049088;0;15;0;0.0;0.0;3.0;0.0;A01
74839;201500049089;0;33;0;0.0;2.0;8.0;1.0;B01
74840;201500049089;0;7;0;0.0;2.0;8.0;12.0;A01
74841;201500049090;0;33;0;0.0;2.0;0.0;1.0;B01
74842;201500049090;0;7;0;0.0;2.0;2.0;0.0;A01
74843;201500049091;0;7;0;0.0;1.0;3.0;15.0;A01
74844;201500049092;0;7;0;0.0;2.0;2.0;0.0;B01
74845;201500049092;0;38;0;0.0;0.0;6.0;0.0;A01
74846;201500049093;0;10;0;0.0;2.0;1.0;2.0;A01
74847;201500049093;0;7;0;0.0;2.0;4.0;2.0;C01
74848;201500049093;0;7;0;0.0;2.0;4.0;2.0;B01
74849;201500049095;0;7;0;0.0;2.0;1.0;1.0;B01
74850;201500049095;0;7;0;4.0;2.0;1.0;5.0;A01
74851;201500049095;0;15;0;0.0;2.0;8.0;1.0;D01
74852;201500049095;0;7;0;0.0;2.0;7.0;12.0;C01
74853;201500049096;0;7;0;3.0;2.0;8.0;0.0;A01
74854;201500049096;0;17;0;0.0;2.0;2.0;0.0;B01
74855;201500049097;0;7;0;0.0;2.0;4.0;2.0;B01
74856;201500049097;0;7;0;0.0;2.0;3.0;2.0;A01
74857;201500049098;0;7;0;0.0;0.0;1.0;2.0;A01
74858;201500049099;0;7;0;0.0;2.0;0.0;0.0;A01
74859;201500049099;0;7;0;0.0;2.0;4.0;0.0;B01
74860;201500049100;0;7;0;0.0;2.0;5.0;2.0;C01
74861;201500049100;0;33;0;0.0;2.0;2.0;3.0;B01
74862;201500049100;0;7;0;0.0;2.0;3.0;11.0;A01
74863;201500049101;0;10;0;0.0;2.0;4.0;2.0;B01
74864;201500049101;0;7;0;0.0;2.0;1.0;2.0;A01
74865;201500049102;0;7;0;0.0;2.0;1.0;0.0;C01
74866;201500049102;0;7;0;0.0;2.0;1.0;0.0;A01
74867;201500049102;0;7;0;0.0;2.0;4.0;0.0;B01
74868;201500049104;0;7;0;0.0;0.0;3.0;1.0;D01
74869;201500049104;0;7;0;0.0;2.0;5.0;0.0;A01
74870;201500049104;0;7;0;0.0;2.0;6.0;0.0;C01
74871;201500049104;0;33;0;0.0;2.0;8.0;0.0;B01
74872;201500049105;0;7;0;3.0;0.0;0.0;0.0;A01
74873;201500049105;0;7;0;0.0;0.0;0.0;0.0;C01
74874;201500049105;0;37;4;0.0;0.0;8.0;0.0;B01
74875;201500049106;0;7;0;0.0;0.0;0.0;0.0;A01
74876;201500049106;0;15;0;0.0;0.0;4.0;0.0;B01
74877;201500049108;0;7;0;0.0;2.0;1.0;1.0;A01
74878;201500049109;0;7;0;0.0;0.0;4.0;2.0;D01
74879;201500049109;0;10;0;0.0;2.0;1.0;2.0;A01
74880;201500049109;0;7;0;0.0;2.0;4.0;2.0;C01
74881;201500049109;0;7;0;0.0;2.0;1.0;2.0;B01
74882;201500049110;0;33;0;0.0;2.0;7.0;0.0;A01
74883;201500049110;0;7;0;0.0;0.0;6.0;0.0;B01
74884;201500049111;0;7;0;0.0;0.0;8.0;0.0;B01
74885;201500049111;0;15;0;0.0;2.0;2.0;0.0;A01
74886;201500049112;0;7;0;0.0;0.0;4.0;0.0;C01
74887;201500049112;0;7;0;0.0;0.0;1.0;0.0;A01
74888;201500049112;0;7;0;0.0;0.0;1.0;0.0;B01
74889;201500049113;0;7;0;0.0;0.0;6.0;0.0;B01
74890;201500049113;0;33;0;0.0;2.0;1.0;0.0;A01
74891;201500049114;0;7;0;0.0;0.0;4.0;2.0;C01
74892;201500049114;0;7;0;0.0;2.0;1.0;2.0;A01
74893;201500049114;0;7;0;0.0;2.0;4.0;2.0;B01
74894;201500049115;0;15;0;0.0;0.0;2.0;0.0;A01
74895;201500049115;0;7;0;0.0;0.0;3.0;0.0;B01
74896;201500049116;0;7;0;0.0;0.0;4.0;0.0;B01
74897;201500049116;0;7;0;0.0;0.0;1.0;0.0;A01
74898;201500049117;0;7;0;0.0;2.0;4.0;2.0;C01
74899;201500049117;0;7;0;0.0;2.0;1.0;2.0;A01
74900;201500049117;0;7;0;0.0;2.0;4.0;2.0;B01
74901;201500049118;0;31;0;0.0;2.0;8.0;3.0;A01
74902;201500049118;0;7;0;0.0;2.0;4.0;2.0;C01
74903;201500049118;0;7;0;0.0;2.0;2.0;12.0;B01
74904;201500049119;0;7;0;0.0;2.0;4.0;2.0;D01
74905;201500049119;0;7;0;0.0;2.0;4.0;2.0;C01
74906;201500049119;0;7;0;0.0;2.0;1.0;1.0;A01
74907;201500049119;0;7;0;0.0;2.0;1.0;2.0;B01
74908;201500049120;0;7;0;0.0;2.0;4.0;2.0;C01
74909;201500049120;0;7;0;0.0;2.0;1.0;2.0;A01
74910;201500049120;0;7;0;0.0;2.0;4.0;2.0;B01
74911;201500049121;0;15;0;0.0;2.0;4.0;0.0;C01
74912;201500049121;0;7;0;0.0;0.0;1.0;0.0;B01
74913;201500049121;0;14;0;0.0;0.0;0.0;0.0;A01
74914;201500049122;0;7;0;4.0;0.0;8.0;1.0;A01
74915;201500049123;0;17;0;0.0;2.0;2.0;1.0;A01
74916;201500049123;0;7;0;0.0;2.0;8.0;9.0;B01
74917;201500049124;0;7;0;0.0;2.0;4.0;1.0;B01
74918;201500049124;0;7;0;0.0;2.0;4.0;1.0;C01
74919;201500049124;0;7;0;0.0;2.0;1.0;1.0;A01
74920;201500049125;0;7;0;3.0;0.0;1.0;0.0;A01
74921;201500049126;0;7;0;0.0;2.0;4.0;2.0;B01
74922;201500049126;0;17;0;0.0;2.0;4.0;2.0;C01
74923;201500049126;0;17;0;0.0;2.0;1.0;2.0;A01
74924;201500049127;0;7;0;0.0;2.0;4.0;1.0;C01
74925;201500049127;0;7;0;0.0;2.0;8.0;1.0;B01
74926;201500049127;0;33;0;0.0;2.0;8.0;3.0;A01
74927;201500049128;0;7;0;0.0;2.0;4.0;1.0;C01
74928;201500049128;0;7;0;0.0;2.0;1.0;2.0;A01
74929;201500049128;0;7;0;0.0;2.0;4.0;2.0;B01
74930;201500049129;0;7;0;0.0;2.0;0.0;0.0;C01
74931;201500049129;0;7;0;0.0;2.0;6.0;2.0;B01
74932;201500049129;0;14;0;0.0;2.0;2.0;12.0;A01
74933;201500049130;0;7;0;0.0;2.0;6.0;12.0;A01
74934;201500049130;0;33;0;0.0;2.0;7.0;3.0;B01
74935;201500049131;0;7;0;0.0;2.0;3.0;1.0;C01
74936;201500049131;0;7;0;0.0;2.0;1.0;1.0;D01
74937;201500049131;0;7;0;0.0;2.0;3.0;1.0;B01
74938;201500049131;0;7;0;4.0;2.0;1.0;9.0;A01
74939;201500049132;0;7;0;5.0;0.0;1.0;14.0;A01
74940;201500049133;0;7;0;0.0;2.0;0.0;1.0;A01
74941;201500049133;0;33;0;0.0;9.0;1.0;2.0;B01
74942;201500049134;0;10;0;0.0;2.0;4.0;2.0;B01
74943;201500049134;0;10;0;0.0;9.0;1.0;17.0;C01
74944;201500049134;0;10;0;0.0;2.0;1.0;1.0;A01
74945;201500049135;0;33;0;0.0;0.0;7.0;2.0;A01
74946;201500049136;0;10;0;0.0;0.0;4.0;0.0;B01
74947;201500049136;0;7;0;0.0;2.0;2.0;0.0;A01
74948;201500049137;0;7;0;0.0;2.0;2.0;9.0;A01
74949;201500049137;0;7;0;0.0;2.0;7.0;2.0;B01
74950;201500049140;0;7;0;0.0;2.0;2.0;12.0;A01
74951;201500049140;0;7;0;0.0;2.0;3.0;2.0;B01
74952;201500049141;0;31;0;0.0;0.0;8.0;2.0;A01
74953;201500049143;0;7;0;0.0;0.0;0.0;2.0;A01
74954;201500049144;0;7;0;0.0;0.0;4.0;2.0;C01
74955;201500049144;0;7;0;0.0;2.0;4.0;2.0;B01
74956;201500049144;0;17;0;0.0;2.0;1.0;2.0;A01
74957;201500049144;0;7;0;0.0;0.0;4.0;0.0;D01
74958;201500049145;0;33;0;0.0;0.0;1.0;0.0;A01
74959;201500049146;0;33;0;3.0;0.0;7.0;1.0;A01
74960;201500049147;0;33;0;0.0;2.0;2.0;3.0;B01
74961;201500049147;0;10;0;0.0;2.0;8.0;11.0;A01
74962;201500049148;0;7;0;4.0;0.0;1.0;12.0;A01
74963;201500049150;0;7;0;4.0;0.0;1.0;2.0;A01
74964;201500049151;0;10;0;0.0;2.0;1.0;12.0;A01
74965;201500049151;0;15;0;0.0;2.0;4.0;2.0;B01
74966;201500049152;0;7;0;0.0;2.0;1.0;2.0;A01
74967;201500049152;0;7;0;0.0;0.0;5.0;2.0;B01
74968;201500049153;0;10;0;0.0;2.0;4.0;2.0;B01
74969;201500049153;0;15;0;0.0;2.0;1.0;2.0;A01
74970;201500049154;0;14;0;0.0;2.0;2.0;2.0;C01
74971;201500049154;0;7;0;0.0;2.0;1.0;9.0;A01
74972;201500049154;0;7;0;0.0;2.0;4.0;2.0;B01
74973;201500049155;0;7;0;0.0;2.0;5.0;2.0;B01
74974;201500049155;0;31;0;0.0;2.0;1.0;2.0;A01
74975;201500049157;0;7;0;3.0;0.0;2.0;1.0;A01
74976;201500049158;0;7;0;4.0;0.0;3.0;1.0;A01
74977;201500049159;0;15;0;0.0;2.0;7.0;12.0;A01
74978;201500049159;0;7;0;4.0;2.0;3.0;2.0;B01
74979;201500049160;0;15;0;0.0;2.0;2.0;12.0;A01
74980;201500049160;0;7;0;0.0;2.0;1.0;2.0;C01
74981;201500049160;0;7;0;4.0;2.0;4.0;2.0;B01
74982;201500049161;0;7;0;0.0;2.0;7.0;12.0;Z01
74983;201500049161;0;7;0;0.0;2.0;8.0;2.0;A01
74984;201500049162;0;7;0;0.0;2.0;5.0;2.0;A01
74985;201500049162;0;7;0;0.0;2.0;2.0;2.0;C01
74986;201500049162;0;7;0;0.0;2.0;1.0;0.0;B01
74987;201500049163;0;7;0;0.0;2.0;4.0;2.0;B01
74988;201500049163;0;10;0;0.0;2.0;1.0;2.0;A01
74989;201500049164;0;7;0;0.0;2.0;1.0;2.0;A01
74990;201500049164;0;7;0;0.0;2.0;4.0;2.0;B01
74991;201500049164;0;10;0;0.0;2.0;4.0;2.0;C01
74992;201500049165;0;7;0;0.0;2.0;1.0;2.0;A01
74993;201500049165;0;7;0;0.0;2.0;4.0;2.0;B01
74994;201500049166;0;7;0;0.0;2.0;3.0;1.0;C01
74995;201500049166;0;7;0;0.0;2.0;3.0;2.0;A01
74996;201500049166;0;7;0;0.0;2.0;4.0;2.0;B01
74997;201500049167;0;15;0;0.0;2.0;1.0;2.0;A01
74998;201500049167;0;14;0;0.0;2.0;4.0;2.0;B01
74999;201500049168;0;7;0;0.0;2.0;6.0;11.0;B01
75000;201500049168;0;33;0;0.0;2.0;1.0;3.0;A01
75001;201500049169;0;7;0;3.0;2.0;4.0;2.0;B01
75002;201500049169;0;15;0;0.0;2.0;1.0;2.0;A01
75003;201500049170;0;7;0;3.0;2.0;1.0;1.0;A01
75004;201500049170;0;7;0;0.0;2.0;4.0;2.0;B01
75005;201500049171;0;7;0;3.0;0.0;3.0;2.0;A01
75006;201500049172;0;7;0;0.0;2.0;4.0;2.0;B01
75007;201500049172;0;31;0;0.0;2.0;1.0;2.0;A01
75008;201500049173;0;7;0;6.0;0.0;4.0;0.0;A01
75009;201500049173;0;15;0;0.0;0.0;2.0;0.0;B01
75010;201500049174;0;10;0;3.0;2.0;1.0;2.0;B01
75011;201500049174;0;7;0;4.0;2.0;6.0;2.0;A01
75012;201500049174;0;7;0;0.0;2.0;1.0;2.0;C01
75013;201500049175;0;7;0;0.0;2.0;4.0;2.0;C01
75014;201500049175;0;14;0;0.0;2.0;1.0;2.0;A01
75015;201500049175;0;7;0;0.0;2.0;4.0;2.0;B01
75016;201500049176;0;33;0;0.0;0.0;1.0;1.0;A01
75017;201500049177;0;7;0;0.0;2.0;8.0;2.0;B01
75018;201500049177;0;15;0;0.0;2.0;1.0;12.0;A01
75019;201500049178;0;33;0;4.0;0.0;1.0;1.0;A01
75020;201500049179;0;7;0;0.0;2.0;4.0;2.0;B01
75021;201500049179;0;7;0;0.0;2.0;6.0;2.0;D01
75022;201500049179;0;7;0;0.0;2.0;1.0;2.0;A01
75023;201500049179;0;7;0;0.0;2.0;4.0;2.0;C01
75024;201500049180;0;33;0;0.0;0.0;0.0;2.0;A01
75025;201500049180;0;10;0;0.0;0.0;0.0;2.0;B01
75026;201500049181;0;7;0;4.0;2.0;4.0;2.0;C01
75027;201500049181;0;15;0;0.0;2.0;2.0;12.0;A01
75028;201500049181;0;7;0;0.0;2.0;8.0;2.0;B01
75029;201500049182;0;7;0;0.0;2.0;4.0;2.0;B01
75030;201500049182;0;10;0;0.0;2.0;1.0;2.0;A01
75031;201500049184;0;33;0;0.0;2.0;2.0;3.0;A01
75032;201500049184;0;7;0;0.0;2.0;8.0;2.0;B01
75033;201500049185;0;7;0;0.0;2.0;4.0;2.0;B01
75034;201500049185;0;15;0;0.0;2.0;1.0;2.0;A01
75035;201500049186;0;33;0;3.0;2.0;7.0;2.0;B01
75036;201500049186;0;7;0;0.0;2.0;8.0;9.0;A01
75037;201500049187;0;1;0;0.0;0.0;0.0;0.0;B01
75038;201500049187;0;1;0;0.0;9.0;1.0;1.0;A01
75039;201500049188;0;33;0;0.0;2.0;1.0;3.0;A01
75040;201500049188;0;7;0;0.0;2.0;5.0;2.0;B01
75041;201500049189;0;7;0;0.0;2.0;1.0;2.0;A01
75042;201500049189;0;7;0;0.0;2.0;4.0;2.0;B01
75043;201500049190;0;7;0;0.0;2.0;4.0;2.0;B01
75044;201500049190;0;7;0;0.0;2.0;1.0;2.0;C01
75045;201500049190;0;7;0;0.0;2.0;1.0;2.0;E01
75046;201500049190;0;7;0;0.0;2.0;4.0;2.0;A01
75047;201500049190;0;7;0;0.0;2.0;1.0;2.0;F02
75048;201500049190;0;7;0;0.0;2.0;1.0;2.0;D01
75049;201500049191;0;14;0;0.0;2.0;7.0;9.0;A01
75050;201500049191;0;7;0;0.0;2.0;6.0;2.0;B01
75051;201500049192;0;7;0;0.0;2.0;4.0;2.0;D01
75052;201500049192;0;7;0;0.0;2.0;4.0;2.0;B01
75053;201500049192;0;7;0;0.0;2.0;4.0;2.0;C01
75054;201500049192;0;10;0;0.0;2.0;1.0;2.0;A01
75055;201500049193;0;7;0;0.0;2.0;4.0;2.0;B01
75056;201500049193;0;7;0;0.0;2.0;1.0;2.0;A01
75057;201500049193;0;7;0;0.0;2.0;4.0;2.0;C01
75058;201500049194;0;7;0;13.0;0.0;1.0;0.0;A01
75059;201500049195;0;33;0;0.0;2.0;1.0;2.0;A01
75060;201500049195;0;7;0;0.0;2.0;4.0;2.0;B01
75061;201500049196;0;7;0;0.0;2.0;4.0;2.0;C01
75062;201500049196;0;7;0;0.0;2.0;4.0;2.0;B01
75063;201500049196;0;7;0;0.0;2.0;1.0;2.0;A01
75064;201500049197;0;31;0;0.0;0.0;0.0;1.0;A01
75065;201500049199;0;33;0;0.0;0.0;0.0;0.0;B01