;Num_Acc;senc;catv;occutc;obs;obsm;choc;manv;num_veh
75066;201500049199;0;7;0;0.0;0.0;0.0;0.0;Z01
75067;201500049200;0;7;0;0.0;0.0;8.0;0.0;B01
75068;201500049200;1;7;0;0.0;2.0;1.0;0.0;Z01
75069;201500049201;0;7;0;4.0;0.0;7.0;0.0;B01
75070;201500049201;0;7;0;0.0;2.0;1.0;0.0;C01
75071;201500049201;0;7;0;3.0;0.0;1.0;0.0;A01
75072;201500049202;0;7;0;3.0;0.0;1.0;1.0;A01
75073;201500049203;0;7;0;0.0;2.0;4.0;2.0;E01
75074;201500049203;0;7;0;0.0;2.0;1.0;2.0;A01
75075;201500049203;0;7;0;0.0;2.0;1.0;2.0;D01
75076;201500049203;0;7;0;0.0;2.0;2.0;2.0;C01
75077;201500049203;0;7;0;0.0;2.0;4.0;2.0;B01
75078;201500049204;0;7;0;0.0;2.0;5.0;2.0;C01
75079;201500049204;0;7;0;0.0;2.0;3.0;11.0;A01
75080;201500049204;0;33;0;0.0;2.0;7.0;3.0;B01
75081;201500049205;0;15;0;0.0;2.0;2.0;2.0;A01
75082;201500049205;0;7;0;0.0;0.0;3.0;0.0;C01
75083;201500049205;0;7;0;0.0;0.0;4.0;0.0;B01
75084;201500049206;0;10;0;0.0;2.0;1.0;2.0;A01
75085;201500049206;0;10;0;0.0;2.0;4.0;2.0;B01
75086;201500049207;0;7;0;0.0;2.0;4.0;2.0;B01
75087;201500049207;0;7;0;0.0;2.0;4.0;2.0;C01
75088;201500049207;0;7;0;0.0;2.0;1.0;2.0;A01
75089;201500049208;0;7;0;3.0;0.0;1.0;1.0;A01
75090;201500049210;0;7;0;0.0;2.0;4.0;2.0;B01
75091;201500049210;0;7;0;0.0;2.0;1.0;2.0;A01
75092;201500049211;0;7;0;0.0;2.0;3.0;1.0;C01
75093;201500049211;0;7;0;0.0;2.0;1.0;2.0;B01
75094;201500049211;0;14;0;0.0;2.0;1.0;12.0;A01
75095;201500049212;1;7;0;0.0;0.0;0.0;0.0;Z01
75096;201500049212;0;7;0;0.0;0.0;5.0;0.0;C01
75097;201500049212;0;33;0;0.0;0.0;8.0;0.0;B01
75098;201500049213;0;33;0;0.0;2.0;8.0;2.0;A01
75099;201500049213;0;7;0;0.0;2.0;6.0;11.0;B01
75100;201500049214;0;7;0;4.0;2.0;1.0;9.0;A01
75101;201500049214;0;15;0;0.0;2.0;2.0;12.0;B01
75102;201500049215;0;10;0;0.0;2.0;4.0;2.0;B01
75103;201500049215;0;7;0;3.0;2.0;1.0;2.0;A01
75104;201500049216;0;33;0;0.0;0.0;7.0;2.0;A01
75105;201500049217;0;15;0;3.0;0.0;7.0;1.0;A01
75106;201500049218;0;10;0;0.0;0.0;0.0;2.0;A01
75107;201500049218;0;7;0;0.0;0.0;0.0;2.0;B01
75108;201500049219;0;31;0;0.0;2.0;2.0;3.0;B01
75109;201500049219;0;7;0;0.0;2.0;8.0;11.0;A01
75110;201500049220;0;33;0;0.0;2.0;2.0;3.0;B01
75111;201500049220;0;7;0;0.0;2.0;6.0;11.0;A01
75112;201500049221;0;31;0;0.0;0.0;0.0;2.0;A01
75113;201500049222;0;7;0;0.0;2.0;2.0;2.0;A01
75114;201500049222;0;17;0;0.0;2.0;3.0;11.0;B01
75115;201500049223;0;7;0;3.0;0.0;1.0;2.0;A01
75116;201500049224;0;7;0;3.0;0.0;1.0;2.0;A01
75117;201500049225;0;7;0;4.0;0.0;1.0;2.0;A01
75118;201500049226;0;7;0;0.0;2.0;4.0;2.0;B01
75119;201500049226;0;7;0;0.0;2.0;1.0;2.0;A01
75120;201500049227;0;7;0;0.0;0.0;4.0;0.0;B01
75121;201500049227;0;7;0;0.0;2.0;3.0;0.0;C01
75122;201500049227;0;17;0;0.0;0.0;1.0;0.0;A01
75123;201500049228;0;7;0;0.0;2.0;2.0;0.0;A01
75124;201500049228;0;10;0;0.0;0.0;0.0;0.0;B01
75125;201500049229;0;10;0;0.0;2.0;1.0;0.0;B01
75126;201500049229;0;7;0;0.0;2.0;8.0;0.0;A01
75127;201500049230;0;15;0;0.0;2.0;2.0;12.0;B01
75128;201500049230;0;7;0;3.0;2.0;8.0;2.0;A01
75129;201500049231;0;7;0;0.0;2.0;5.0;2.0;A01
75130;201500049231;0;15;0;0.0;2.0;3.0;11.0;B01
75131;201500049232;0;33;0;0.0;2.0;3.0;3.0;B01
75132;201500049232;0;7;0;0.0;2.0;5.0;12.0;A01
75133;201500049234;0;7;0;0.0;2.0;5.0;12.0;B01
75134;201500049234;0;33;0;0.0;2.0;3.0;3.0;A01
75135;201500049235;0;7;0;4.0;2.0;1.0;1.0;E01
75136;201500049235;0;7;0;0.0;2.0;4.0;1.0;D01
75137;201500049235;0;7;0;0.0;0.0;0.0;1.0;A01
75138;201500049235;0;7;0;0.0;9.0;8.0;1.0;C01
75139;201500049235;0;7;0;0.0;9.0;3.0;0.0;B01
75140;201500049237;0;7;0;0.0;2.0;7.0;2.0;B01
75141;201500049237;0;33;0;0.0;2.0;3.0;3.0;A01
75142;201500049238;0;7;0;7.0;0.0;2.0;1.0;A01
75143;201500049239;0;7;0;0.0;2.0;4.0;1.0;C01
75144;201500049239;0;7;0;0.0;2.0;8.0;0.0;A01
75145;201500049239;0;33;0;0.0;2.0;1.0;1.0;B01
75146;201500049241;0;7;0;0.0;2.0;4.0;2.0;D01
75147;201500049241;0;7;0;0.0;2.0;4.0;2.0;C01
75148;201500049241;0;7;0;0.0;2.0;4.0;2.0;B01
75149;201500049241;0;10;0;0.0;2.0;1.0;2.0;A01
75150;201500049242;0;7;0;0.0;2.0;4.0;2.0;B01
75151;201500049242;0;7;0;0.0;2.0;1.0;2.0;A01
75152;201500049243;0;31;0;0.0;2.0;3.0;2.0;B01
75153;201500049243;1;7;0;0.0;2.0;0.0;12.0;A01
75154;201500049244;0;7;0;0.0;0.0;0.0;1.0;A01
75155;201500049245;0;15;0;0.0;2.0;6.0;0.0;B01
75156;201500049245;0;7;0;0.0;2.0;2.0;2.0;A01
75157;201500049246;0;7;0;0.0;2.0;6.0;2.0;D01
75158;201500049246;0;7;0;0.0;2.0;1.0;2.0;E01
75159;201500049246;0;7;0;0.0;2.0;6.0;2.0;B01
75160;201500049246;0;7;0;0.0;2.0;1.0;2.0;A01
75161;201500049246;0;32;0;0.0;2.0;1.0;2.0;C01
75162;201500049247;0;33;0;3.0;2.0;8.0;2.0;A01
75163;201500049247;0;7;0;0.0;9.0;0.0;2.0;C01
75164;201500049247;0;7;0;0.0;2.0;2.0;2.0;D01
75165;201500049247;0;7;0;0.0;2.0;4.0;2.0;B01
75166;201500049248;0;7;0;4.0;0.0;7.0;2.0;A01
75167;201500049249;0;7;0;0.0;2.0;1.0;2.0;A01
75168;201500049249;0;7;0;0.0;2.0;4.0;2.0;B01
75169;201500049250;0;14;0;0.0;2.0;1.0;2.0;A01
75170;201500049250;0;7;0;0.0;2.0;4.0;2.0;B01
75171;201500049251;0;7;0;0.0;2.0;4.0;2.0;B01
75172;201500049251;0;7;0;0.0;2.0;4.0;2.0;E01
75173;201500049251;0;7;0;0.0;2.0;4.0;2.0;D01
75174;201500049251;0;7;0;0.0;2.0;4.0;2.0;C01
75175;201500049251;0;7;0;0.0;2.0;1.0;2.0;A01
75176;201500049252;0;7;0;0.0;2.0;4.0;2.0;A01
75177;201500049252;1;7;0;0.0;2.0;1.0;2.0;B01
75178;201500049253;0;7;0;0.0;2.0;1.0;2.0;A01
75179;201500049253;0;7;0;0.0;2.0;4.0;2.0;B01
75180;201500049253;0;7;0;0.0;2.0;4.0;2.0;C01
75181;201500049253;0;7;0;0.0;2.0;4.0;2.0;D01
75182;201500049254;0;7;0;0.0;2.0;1.0;2.0;A01
75183;201500049254;0;7;0;0.0;2.0;4.0;2.0;B01
75184;201500049255;0;7;0;0.0;2.0;4.0;2.0;C01
75185;201500049255;0;15;0;0.0;2.0;1.0;2.0;A01
75186;201500049255;0;7;0;0.0;2.0;4.0;2.0;D01
75187;201500049255;0;7;0;0.0;2.0;4.0;2.0;B01
75188;201500049256;0;15;0;0.0;2.0;2.0;12.0;A01
75189;201500049256;0;7;0;0.0;2.0;8.0;2.0;B01
75190;201500049257;0;7;0;0.0;2.0;4.0;2.0;C01
75191;201500049257;0;7;0;0.0;2.0;4.0;2.0;B01
75192;201500049260;0;7;0;1.0;0.0;1.0;5.0;A01
75193;201500049261;0;7;0;0.0;2.0;1.0;15.0;A01
75194;201500049261;0;31;0;0.0;2.0;1.0;1.0;B01
75195;201500049262;0;7;0;0.0;9.0;7.0;15.0;A01
75196;201500049262;0;1;0;0.0;2.0;1.0;5.0;B01
75197;201500049264;0;7;0;6.0;2.0;6.0;10.0;A01
75198;201500049264;0;7;0;0.0;0.0;1.0;1.0;B01
75199;201500049265;1;7;0;0.0;1.0;0.0;0.0;Z01
75200;201500049266;0;7;0;0.0;2.0;1.0;2.0;A01
75201;201500049266;0;7;0;0.0;0.0;4.0;9.0;B01
75202;201500049267;0;7;0;6.0;0.0;1.0;9.0;A01
75203;201500049268;0;33;0;0.0;0.0;2.0;15.0;A01
75204;201500049269;0;30;0;0.0;2.0;1.0;17.0;A01
75205;201500049269;0;7;0;0.0;2.0;3.0;15.0;B01
75206;201500049270;0;7;0;0.0;2.0;2.0;10.0;A01
75207;201500049270;0;1;0;0.0;2.0;1.0;1.0;B01
75208;201500049271;0;7;0;0.0;2.0;1.0;5.0;A01
75209;201500049271;0;7;0;0.0;2.0;1.0;1.0;B01
75210;201500049272;0;10;0;0.0;1.0;2.0;17.0;A01
75211;201500049273;0;33;0;15.0;1.0;3.0;21.0;A01
75212;201500049273;0;7;0;0.0;2.0;3.0;1.0;B01
75213;201500049275;0;7;0;0.0;2.0;2.0;1.0;A01
75214;201500049275;0;7;0;0.0;2.0;3.0;1.0;B01
75215;201500049276;0;7;0;0.0;2.0;8.0;2.0;A01
75216;201500049276;0;7;0;0.0;2.0;2.0;0.0;B01
75217;201500049277;0;10;0;4.0;0.0;1.0;1.0;A01
75218;201500049277;0;7;0;4.0;2.0;1.0;1.0;B01
75219;201500049278;0;7;0;3.0;0.0;6.0;1.0;A01
75220;201500049278;0;17;0;0.0;2.0;2.0;12.0;B01
75221;201500049279;0;7;0;0.0;2.0;1.0;2.0;C01
75222;201500049279;0;7;0;0.0;2.0;1.0;2.0;B01
75223;201500049279;0;7;0;0.0;2.0;4.0;2.0;A01
75224;201500049280;0;7;0;3.0;0.0;8.0;1.0;A01
75225;201500049280;0;15;0;0.0;2.0;2.0;12.0;B01
75226;201500049280;0;7;0;0.0;2.0;3.0;1.0;C01
75227;201500049281;0;7;0;0.0;2.0;0.0;23.0;A01
75228;201500049281;0;17;0;0.0;2.0;4.0;23.0;B01
75229;201500049281;0;7;0;1.0;0.0;1.0;1.0;C01
75230;201500049282;0;7;0;0.0;2.0;6.0;17.0;A01
75231;201500049282;0;15;0;0.0;2.0;0.0;12.0;B01
75232;201500049283;0;7;0;0.0;0.0;0.0;23.0;A01
75233;201500049283;0;10;0;0.0;2.0;4.0;23.0;B01
75234;201500049283;0;7;0;0.0;2.0;4.0;23.0;C01
75235;201500049283;0;7;0;0.0;2.0;1.0;2.0;D01
75236;201500049284;0;7;0;0.0;0.0;8.0;23.0;A01
75237;201500049284;0;33;0;0.0;2.0;4.0;1.0;B01
75238;201500049284;0;7;0;0.0;2.0;3.0;1.0;C01
75239;201500049285;0;10;0;0.0;0.0;6.0;23.0;A01
75240;201500049285;0;7;0;1.0;0.0;2.0;1.0;B01
75241;201500049287;0;7;0;0.0;2.0;4.0;2.0;A01
75242;201500049287;0;7;0;0.0;2.0;1.0;2.0;B01
75243;201500049287;0;7;0;0.0;2.0;1.0;2.0;C01
75244;201500049288;0;10;0;0.0;2.0;4.0;23.0;A01
75245;201500049288;0;7;0;0.0;2.0;6.0;1.0;B01
75246;201500049288;0;7;0;0.0;2.0;4.0;1.0;C01
75247;201500049288;0;7;0;0.0;2.0;4.0;1.0;D01
75248;201500049288;0;7;0;0.0;2.0;1.0;1.0;E01
75249;201500049291;0;7;0;0.0;2.0;4.0;1.0;A01
75250;201500049291;0;7;0;0.0;2.0;3.0;11.0;B01
75251;201500049291;0;31;0;0.0;2.0;2.0;3.0;C01
75252;201500049292;0;7;0;0.0;2.0;4.0;2.0;A01
75253;201500049292;0;7;0;0.0;2.0;1.0;2.0;B01
75254;201500049294;0;7;0;0.0;2.0;8.0;1.0;A01
75255;201500049294;0;17;0;0.0;2.0;2.0;12.0;B01
75256;201500049296;0;10;0;0.0;0.0;4.0;2.0;A01
75257;201500049296;0;7;0;0.0;2.0;4.0;2.0;B01
75258;201500049296;0;17;0;0.0;2.0;1.0;2.0;C01
75259;201500049297;0;7;0;3.0;0.0;6.0;1.0;A01
75260;201500049297;0;15;0;0.0;2.0;2.0;12.0;B01
75261;201500049298;0;7;0;3.0;0.0;3.0;13.0;A01
75262;201500049299;0;7;0;0.0;2.0;5.0;2.0;A01
75263;201500049299;0;7;0;0.0;2.0;3.0;2.0;B01
75264;201500049300;0;7;0;0.0;2.0;5.0;2.0;C01
75265;201500049300;0;7;0;0.0;2.0;3.0;1.0;B01
75266;201500049300;0;7;0;0.0;2.0;6.0;1.0;A01
75267;201500049300;0;7;0;0.0;2.0;3.0;2.0;D01
75268;201500049301;0;7;0;0.0;2.0;4.0;23.0;C01
75269;201500049301;0;7;0;0.0;2.0;1.0;23.0;B01
75270;201500049301;0;7;0;0.0;2.0;4.0;23.0;A01
75271;201500049301;0;7;0;0.0;2.0;1.0;2.0;D01
75272;201500049302;0;7;0;0.0;2.0;3.0;9.0;A01
75273;201500049302;0;13;0;0.0;2.0;2.0;1.0;B01
75274;201500049303;0;7;0;0.0;2.0;4.0;1.0;A01
75275;201500049303;0;7;0;0.0;2.0;1.0;2.0;B01
75276;201500049304;0;7;0;3.0;2.0;6.0;1.0;A01
75277;201500049304;0;14;0;0.0;2.0;2.0;12.0;B01
75278;201500049304;0;7;0;0.0;2.0;1.0;1.0;C01
75279;201500049305;0;7;0;0.0;2.0;4.0;2.0;A01
75280;201500049305;0;7;0;0.0;2.0;1.0;2.0;B01
75281;201500049306;0;7;0;13.0;0.0;1.0;9.0;A01
75282;201500049307;0;7;0;0.0;2.0;8.0;1.0;A01
75283;201500049307;0;20;0;0.0;2.0;2.0;12.0;B01
75284;201500049308;0;7;0;0.0;2.0;0.0;0.0;B01
75285;201500049308;0;7;0;0.0;2.0;0.0;0.0;A01
75286;201500049310;0;7;0;0.0;2.0;1.0;2.0;B01
75287;201500049310;0;10;0;0.0;2.0;4.0;2.0;A01
75288;201500049311;0;7;0;5.0;0.0;3.0;1.0;A01
75289;201500049312;0;15;0;0.0;2.0;2.0;1.0;B01
75290;201500049312;0;7;0;0.0;2.0;3.0;11.0;A01
75291;201500049313;0;7;0;0.0;2.0;4.0;2.0;A01
75292;201500049313;1;7;0;0.0;2.0;1.0;2.0;Z01
75293;201500049315;0;17;0;0.0;2.0;2.0;12.0;B01
75294;201500049315;0;7;0;0.0;2.0;6.0;1.0;A01
75295;201500049316;0;7;0;0.0;2.0;1.0;2.0;E01
75296;201500049316;0;7;0;0.0;2.0;4.0;2.0;C01
75297;201500049316;0;7;0;0.0;2.0;4.0;2.0;D01
75298;201500049316;0;7;0;0.0;2.0;4.0;2.0;B01
75299;201500049316;0;10;0;0.0;9.0;4.0;2.0;A01
75300;201500049317;0;7;0;4.0;0.0;3.0;1.0;A01
75301;201500049318;0;7;0;0.0;2.0;6.0;0.0;A01
75302;201500049318;0;15;0;0.0;2.0;2.0;12.0;B01
75303;201500049319;0;15;0;0.0;2.0;2.0;12.0;B01
75304;201500049319;0;7;0;4.0;2.0;5.0;1.0;A01
75305;201500049320;0;7;0;0.0;2.0;0.0;1.0;A01
75306;201500049320;0;31;0;0.0;2.0;1.0;2.0;B01
75307;201500049321;0;7;0;0.0;2.0;4.0;2.0;B01
75308;201500049321;0;7;0;0.0;2.0;4.0;2.0;A01
75309;201500049321;0;7;0;0.0;2.0;1.0;2.0;D01
75310;201500049321;0;7;0;0.0;2.0;1.0;2.0;C01
75311;201500049322;0;7;0;3.0;0.0;6.0;1.0;A01
75312;201500049322;0;15;0;0.0;2.0;2.0;12.0;B01
75313;201500049324;0;7;0;0.0;2.0;1.0;2.0;B01
75314;201500049324;0;7;0;0.0;2.0;4.0;1.0;A01
75315;201500049325;0;7;0;3.0;0.0;1.0;13.0;A01
75316;201500049326;0;10;0;0.0;2.0;1.0;2.0;C01
75317;201500049326;0;7;0;0.0;2.0;6.0;1.0;B01
75318;201500049326;0;7;0;0.0;2.0;3.0;2.0;A01
75319;201500049327;0;7;0;0.0;2.0;4.0;1.0;A01
75320;201500049327;0;7;0;0.0;2.0;4.0;1.0;B01
75321;201500049327;0;7;0;0.0;2.0;0.0;0.0;C01
75322;201500049328;0;7;0;0.0;2.0;2.0;0.0;B01
75323;201500049328;0;7;0;0.0;2.0;6.0;1.0;A01
75324;201500049329;0;10;0;0.0;0.0;0.0;0.0;A01
75325;201500049331;0;15;0;0.0;2.0;4.0;2.0;A01
75326;201500049331;0;7;0;0.0;2.0;4.0;2.0;E02
75327;201500049331;0;7;0;0.0;2.0;0.0;2.0;B01
75328;201500049331;0;7;0;0.0;2.0;4.0;2.0;F01
75329;201500049331;0;7;0;0.0;2.0;4.0;2.0;D01
75330;201500049331;0;7;0;0.0;2.0;4.0;2.0;C01
75331;201500049332;0;33;0;0.0;2.0;1.0;2.0;A01
75332;201500049332;0;7;0;0.0;2.0;5.0;2.0;B01
75333;201500049333;0;33;0;4.0;0.0;8.0;0.0;A01
75334;201500049336;0;7;0;13.0;0.0;2.0;14.0;A01
75335;201500049337;0;7;0;0.0;2.0;1.0;2.0;A01
75336;201500049337;0;7;0;0.0;2.0;4.0;2.0;B01
75337;201500049338;0;7;0;0.0;2.0;4.0;2.0;B01
75338;201500049338;0;7;0;0.0;2.0;4.0;2.0;A01
75339;201500049339;0;7;0;1.0;0.0;2.0;14.0;A01
75340;201500049339;0;7;0;1.0;0.0;6.0;0.0;B01
75341;201500049339;0;7;0;14.0;0.0;1.0;2.0;D01
75342;201500049339;0;7;0;14.0;0.0;0.0;1.0;C01
75343;201500049340;0;7;0;3.0;0.0;1.0;1.0;A01
75344;201500049341;0;10;0;0.0;2.0;5.0;17.0;C01
75345;201500049341;0;7;0;0.0;2.0;1.0;2.0;E01
75346;201500049341;0;7;0;0.0;2.0;1.0;2.0;D01
75347;201500049341;0;7;0;3.0;2.0;1.0;2.0;A01
75348;201500049341;0;7;0;0.0;2.0;4.0;2.0;B01
75349;201500049343;0;7;0;3.0;2.0;6.0;1.0;B01
75350;201500049343;0;15;0;0.0;2.0;2.0;14.0;A01
75351;201500049344;0;7;0;3.0;0.0;5.0;1.0;B01
75352;201500049344;1;7;0;0.0;2.0;1.0;3.0;A01
75353;201500049345;0;17;0;0.0;2.0;2.0;14.0;A01
75354;201500049345;0;7;0;0.0;2.0;6.0;1.0;B01
75355;201500049346;0;7;0;6.0;0.0;2.0;14.0;A01
75356;201500049347;0;7;0;3.0;0.0;1.0;1.0;A01
75357;201500049348;0;7;0;0.0;2.0;2.0;14.0;A01
75358;201500049348;0;7;0;0.0;2.0;6.0;1.0;B01
75359;201500049349;1;7;0;0.0;1.0;6.0;15.0;Z01
75360;201500049350;0;7;0;15.0;0.0;1.0;14.0;A01
75361;201500049351;0;15;0;0.0;2.0;0.0;2.0;A01
75362;201500049351;0;7;0;0.0;2.0;6.0;1.0;B01
75363;201500049352;0;7;0;0.0;2.0;4.0;2.0;A01
75364;201500049352;0;7;0;0.0;2.0;4.0;2.0;B01
75365;201500049353;0;10;0;0.0;9.0;3.0;1.0;A01
75366;201500049354;0;17;0;0.0;2.0;1.0;2.0;A01
75367;201500049354;0;7;0;0.0;2.0;4.0;2.0;B01
75368;201500049355;2;10;0;0.0;2.0;4.0;2.0;Z01
75369;201500049355;0;10;0;0.0;2.0;4.0;2.0;B01
75370;201500049355;0;7;0;0.0;2.0;1.0;2.0;A01
75371;201500049356;0;17;0;0.0;0.0;0.0;1.0;A01
75372;201500049356;0;7;0;14.0;0.0;9.0;2.0;B01
75373;201500049357;0;7;0;0.0;2.0;1.0;2.0;A01
75374;201500049357;0;7;0;0.0;2.0;4.0;2.0;B01
75375;201500049358;0;7;0;0.0;2.0;0.0;0.0;D01
75376;201500049358;0;7;0;0.0;2.0;0.0;0.0;B01
75377;201500049358;0;7;0;0.0;2.0;4.0;2.0;C01
75378;201500049358;0;7;0;0.0;2.0;1.0;2.0;A01
75379;201500049359;0;7;0;0.0;2.0;1.0;2.0;A01
75380;201500049359;0;7;0;0.0;2.0;4.0;2.0;B01
75381;201500049360;0;7;0;0.0;2.0;1.0;2.0;A01
75382;201500049360;0;7;0;0.0;2.0;4.0;2.0;C01
75383;201500049360;0;7;0;0.0;2.0;4.0;2.0;B01
75384;201500049360;0;7;0;0.0;0.0;4.0;2.0;D01
75385;201500049361;0;7;0;0.0;2.0;4.0;2.0;D01
75386;201500049361;0;7;0;0.0;2.0;1.0;2.0;A01
75387;201500049361;0;7;0;0.0;2.0;4.0;2.0;B01
75388;201500049361;0;7;0;0.0;2.0;1.0;2.0;C01
75389;201500049362;0;7;0;0.0;2.0;1.0;14.0;A01
75390;201500049362;0;7;0;0.0;2.0;4.0;2.0;C01
75391;201500049362;0;7;0;0.0;2.0;4.0;1.0;B01
75392;201500049364;0;16;0;14.0;0.0;2.0;14.0;A01
75393;201500049364;0;10;0;0.0;2.0;4.0;0.0;B01
75394;201500049365;0;7;0;0.0;2.0;8.0;11.0;B01
75395;201500049365;0;33;0;0.0;2.0;2.0;3.0;A01
75396;201500049366;0;7;0;0.0;2.0;4.0;2.0;C01
75397;201500049366;0;7;0;0.0;2.0;6.0;2.0;B01
75398;201500049366;0;7;0;0.0;2.0;1.0;2.0;A01
75399;201500049367;0;7;0;16.0;0.0;9.0;14.0;A01
75400;201500049368;0;7;0;0.0;2.0;1.0;5.0;A01
75401;201500049368;0;14;0;3.0;2.0;1.0;1.0;B01
75402;201500049369;0;7;0;0.0;2.0;1.0;5.0;A01
75403;201500049369;0;7;0;0.0;2.0;1.0;1.0;B01
75404;201500049370;0;7;0;0.0;2.0;1.0;2.0;D01
75405;201500049370;0;7;0;0.0;2.0;1.0;1.0;A01
75406;201500049370;0;10;0;0.0;2.0;1.0;2.0;B01
75407;201500049370;0;7;0;0.0;2.0;4.0;2.0;C01
75408;201500049372;0;10;0;0.0;2.0;1.0;1.0;A01
75409;201500049372;0;7;0;0.0;2.0;4.0;23.0;C01
75410;201500049372;0;10;0;0.0;2.0;4.0;0.0;B01
75411;201500049373;0;15;0;0.0;2.0;2.0;12.0;A01
75412;201500049373;0;7;0;0.0;2.0;3.0;2.0;B01
75413;201500049374;0;2;0;3.0;2.0;4.0;2.0;B01
75414;201500049374;0;15;0;0.0;2.0;4.0;1.0;A01
75415;201500049375;0;7;0;0.0;2.0;1.0;2.0;A01
75416;201500049375;0;7;0;0.0;2.0;4.0;2.0;B01
75417;201500049376;0;7;0;0.0;2.0;8.0;18.0;A01
75418;201500049376;0;15;0;0.0;2.0;2.0;1.0;B01
75419;201500049376;0;7;0;4.0;2.0;7.0;1.0;C01
75420;201500049377;0;7;0;3.0;0.0;3.0;0.0;A01
75421;201500049379;1;7;0;0.0;2.0;0.0;11.0;B01
75422;201500049379;1;7;0;0.0;2.0;2.0;1.0;A01
75423;201500049380;0;7;0;0.0;2.0;4.0;2.0;C01
75424;201500049380;0;7;0;0.0;2.0;1.0;2.0;A01
75425;201500049380;0;7;0;0.0;2.0;4.0;2.0;B01
75426;201500049380;0;7;0;0.0;2.0;4.0;2.0;D01
75427;201500049381;0;7;0;0.0;2.0;9.0;13.0;A01
75428;201500049381;0;17;0;0.0;2.0;6.0;1.0;B01
75429;201500049382;0;7;0;4.0;2.0;6.0;18.0;A01
75430;201500049382;0;7;0;4.0;2.0;2.0;1.0;B01
75431;201500049383;0;7;0;0.0;2.0;4.0;2.0;B01
75432;201500049383;0;7;0;0.0;2.0;4.0;2.0;C01
75433;201500049383;0;7;0;0.0;2.0;4.0;2.0;A01
75434;201500049384;0;7;0;0.0;2.0;4.0;2.0;B01
75435;201500049384;0;7;0;0.0;2.0;1.0;2.0;A01
75436;201500049386;0;7;0;0.0;2.0;1.0;2.0;A01
75437;201500049386;0;33;0;0.0;2.0;4.0;2.0;B01
75438;201500049387;0;7;0;0.0;2.0;2.0;2.0;A01
75439;201500049387;0;15;0;0.0;2.0;6.0;2.0;B01
75440;201500049388;0;7;0;3.0;0.0;1.0;1.0;A01
75441;201500049389;0;17;0;1.0;1.0;1.0;18.0;A01
75442;201500049390;0;10;0;0.0;2.0;6.0;2.0;B01
75443;201500049390;0;33;0;1.0;0.0;1.0;2.0;A01
75444;201500049391;0;17;0;13.0;0.0;1.0;14.0;A01
75445;201500049393;2;7;0;3.0;0.0;2.0;14.0;A01
75446;201500049393;0;7;0;0.0;2.0;0.0;0.0;E01
75447;201500049393;0;7;0;14.0;0.0;1.0;2.0;D01
75448;201500049393;0;7;0;0.0;2.0;6.0;2.0;B01
75449;201500049393;0;7;0;0.0;2.0;4.0;23.0;C01
75450;201500049394;0;7;0;3.0;0.0;2.0;2.0;A01
75451;201500049395;0;7;0;0.0;2.0;5.0;2.0;B01
75452;201500049395;0;7;0;7.0;2.0;3.0;18.0;A01
75453;201500049396;0;7;0;0.0;2.0;1.0;2.0;A01
75454;201500049396;0;7;0;0.0;2.0;4.0;23.0;B01
75455;201500049397;0;7;0;0.0;2.0;3.0;5.0;A01
75456;201500049397;0;7;0;0.0;2.0;3.0;11.0;B01
75457;201500049398;0;7;0;1.0;0.0;2.0;21.0;B01
75458;201500049398;0;7;0;0.0;2.0;3.0;22.0;A01
75459;201500049399;0;7;0;0.0;2.0;1.0;2.0;A01
75460;201500049399;0;7;0;0.0;2.0;4.0;2.0;B01
75461;201500049400;0;7;0;0.0;2.0;6.0;1.0;B01
75462;201500049400;1;7;0;0.0;2.0;2.0;13.0;A01
75463;201500049402;0;15;0;0.0;2.0;4.0;2.0;B01
75464;201500049402;0;15;0;0.0;2.0;4.0;2.0;C01
75465;201500049402;0;7;0;0.0;9.0;0.0;2.0;D01
75466;201500049402;0;15;0;0.0;2.0;1.0;2.0;A01
75467;201500049403;0;15;0;0.0;2.0;8.0;0.0;B01
75468;201500049403;0;7;0;0.0;2.0;1.0;2.0;C01
75469;201500049403;0;7;0;0.0;2.0;4.0;0.0;E01
75470;201500049403;0;7;0;0.0;2.0;1.0;2.0;D01
75471;201500049403;0;7;0;0.0;2.0;1.0;2.0;A01
75472;201500049404;0;7;0;0.0;2.0;2.0;1.0;B01
75473;201500049404;0;7;0;3.0;0.0;9.0;2.0;A01
75474;201500049405;0;10;0;13.0;0.0;7.0;14.0;A01
75475;201500049406;0;7;0;6.0;0.0;3.0;1.0;A01
75476;201500049407;0;10;0;0.0;1.0;4.0;4.0;A01
75477;201500049408;0;1;0;0.0;2.0;7.0;1.0;B01
75478;201500049408;0;7;0;0.0;2.0;1.0;1.0;A01
75479;201500049409;0;7;0;0.0;0.0;0.0;6.0;A01
75480;201500049409;0;33;0;0.0;0.0;0.0;1.0;B01
75481;201500049411;0;7;0;0.0;2.0;1.0;2.0;A01
75482;201500049411;0;99;0;0.0;2.0;4.0;1.0;B01
75483;201500049412;0;7;0;0.0;2.0;1.0;1.0;B01
75484;201500049412;0;7;0;0.0;2.0;8.0;1.0;A01
75485;201500049413;0;7;0;0.0;2.0;1.0;2.0;A01
75486;201500049413;0;30;0;0.0;2.0;0.0;2.0;B01
75487;201500049414;1;7;0;0.0;2.0;7.0;12.0;A01