;Num_Acc;senc;catv;occutc;obs;obsm;choc;manv;num_veh
75488;201500049414;0;33;0;0.0;2.0;8.0;1.0;B01
75489;201500049415;0;30;0;0.0;2.0;8.0;18.0;B01
75490;201500049415;0;7;0;0.0;2.0;2.0;20.0;A01
75491;201500049416;0;7;0;0.0;1.0;1.0;15.0;A01
75492;201500049417;0;10;0;0.0;2.0;1.0;1.0;A01
75493;201500049417;0;7;0;0.0;2.0;7.0;1.0;B01
75494;201500049418;0;7;0;0.0;2.0;8.0;15.0;A01
75495;201500049418;0;33;0;0.0;2.0;2.0;17.0;B01
75496;201500049419;0;7;0;0.0;1.0;2.0;1.0;A01
75497;201500049420;0;7;0;4.0;0.0;1.0;13.0;A01
75498;201500049421;0;37;1;0.0;2.0;3.0;2.0;B01
75499;201500049421;0;7;0;0.0;2.0;4.0;2.0;A01
75500;201500049423;0;7;0;0.0;2.0;3.0;1.0;B01
75501;201500049423;0;10;0;0.0;2.0;2.0;1.0;A01
75502;201500049424;0;7;0;0.0;2.0;8.0;1.0;B01
75503;201500049424;0;7;0;0.0;2.0;1.0;19.0;A01
75504;201500049425;0;14;0;0.0;2.0;3.0;13.0;A01
75505;201500049425;0;7;0;0.0;2.0;0.0;2.0;B01
75506;201500049426;0;7;0;0.0;2.0;1.0;2.0;A01
75507;201500049426;2;7;0;0.0;2.0;1.0;2.0;B01
75508;201500049427;0;7;0;0.0;2.0;5.0;2.0;B01
75509;201500049427;0;7;0;0.0;2.0;3.0;2.0;A01
75510;201500049427;0;7;0;0.0;2.0;4.0;2.0;C01
75511;201500049428;0;34;0;0.0;2.0;1.0;1.0;A01
75512;201500049428;0;7;0;0.0;2.0;5.0;1.0;B01
75513;201500049429;0;7;0;14.0;0.0;3.0;1.0;A01
75514;201500049430;0;7;0;0.0;2.0;2.0;2.0;A01
75515;201500049430;0;7;0;0.0;2.0;1.0;1.0;B01
75516;201500049431;0;40;50;0.0;1.0;2.0;1.0;A01
75517;201500049432;0;7;0;0.0;2.0;1.0;2.0;A01
75518;201500049432;0;7;0;0.0;2.0;5.0;1.0;B01
75519;201500049433;1;7;0;0.0;1.0;0.0;16.0;Z01
75520;201500049434;0;1;0;0.0;2.0;7.0;1.0;A01
75521;201500049434;0;7;0;0.0;2.0;3.0;1.0;B01
75522;201500049435;0;10;0;0.0;4.0;8.0;15.0;A01
75523;201500049435;0;40;30;0.0;2.0;1.0;1.0;B01
75524;201500049436;0;7;0;0.0;2.0;4.0;2.0;B01
75525;201500049436;0;7;0;0.0;2.0;1.0;2.0;A01
75526;201500049438;0;7;0;0.0;1.0;1.0;1.0;A01
75527;201500049439;0;30;0;0.0;2.0;8.0;1.0;A01
75528;201500049439;1;99;0;0.0;2.0;0.0;15.0;Z01
75529;201500049440;0;7;0;0.0;2.0;3.0;2.0;A01
75530;201500049440;0;7;0;0.0;0.0;4.0;15.0;B01
75531;201500049441;0;7;0;0.0;1.0;3.0;1.0;A01
75532;201500049442;0;10;0;0.0;1.0;3.0;1.0;A01
75533;201500049443;0;1;0;0.0;2.0;7.0;1.0;A01
75534;201500049443;0;7;0;0.0;2.0;2.0;1.0;B01
75535;201500049444;0;7;0;0.0;2.0;1.0;1.0;B01
75536;201500049444;0;7;0;0.0;2.0;3.0;16.0;A01
75537;201500049445;0;7;0;0.0;1.0;1.0;1.0;A01
75538;201500049446;0;7;0;0.0;2.0;3.0;0.0;A01
75539;201500049446;0;34;0;0.0;2.0;1.0;1.0;B01
75540;201500049447;0;7;0;0.0;2.0;4.0;2.0;B01
75541;201500049447;0;7;0;0.0;2.0;4.0;2.0;C01
75542;201500049447;0;7;0;0.0;2.0;1.0;2.0;A01
75543;201500049448;1;99;0;0.0;1.0;0.0;0.0;Z01
75544;201500049449;0;7;0;0.0;2.0;6.0;3.0;A01
75545;201500049449;0;7;0;0.0;2.0;2.0;3.0;B01
75546;201500049450;0;7;0;0.0;1.0;1.0;2.0;A01
75547;201500049451;0;7;0;0.0;2.0;6.0;15.0;B01
75548;201500049451;0;10;0;0.0;2.0;1.0;2.0;A01
75549;201500049453;0;7;0;0.0;1.0;2.0;2.0;A01
75550;201500049454;0;7;0;0.0;1.0;0.0;0.0;A01
75551;201500049455;0;7;0;0.0;2.0;6.0;1.0;B01
75552;201500049455;0;7;0;0.0;2.0;1.0;0.0;A01
75553;201500049457;0;7;0;0.0;0.0;8.0;2.0;A01
75554;201500049457;0;33;0;0.0;2.0;7.0;16.0;B01
75555;201500049458;0;7;0;0.0;2.0;1.0;1.0;A01
75556;201500049458;0;7;0;0.0;2.0;4.0;2.0;B01
75557;201500049458;0;7;0;0.0;2.0;4.0;23.0;C01
75558;201500049459;0;37;2;0.0;2.0;2.0;21.0;A01
75559;201500049459;0;7;0;0.0;2.0;4.0;4.0;B01
75560;201500049460;0;1;0;0.0;2.0;1.0;5.0;A01
75561;201500049460;0;7;0;0.0;2.0;7.0;0.0;B01
75562;201500049461;0;7;0;0.0;2.0;1.0;2.0;A01
75563;201500049461;0;7;0;0.0;2.0;4.0;2.0;B01
75564;201500049462;0;30;0;0.0;2.0;1.0;1.0;B01
75565;201500049462;0;7;0;0.0;2.0;3.0;15.0;A01
75566;201500049463;0;10;0;0.0;1.0;4.0;4.0;A01
75567;201500049464;0;7;0;0.0;1.0;0.0;0.0;A01
75568;201500049465;0;7;0;0.0;2.0;7.0;15.0;A01
75569;201500049465;1;7;0;0.0;0.0;0.0;15.0;Z01
75570;201500049465;0;33;0;0.0;2.0;1.0;1.0;B01
75571;201500049466;0;7;0;3.0;0.0;6.0;3.0;B01
75572;201500049466;0;7;0;0.0;2.0;2.0;2.0;A01
75573;201500049466;0;7;0;0.0;2.0;5.0;0.0;C01
75574;201500049467;0;14;0;0.0;2.0;1.0;1.0;A01
75575;201500049467;1;14;0;1.0;0.0;0.0;0.0;Z01
75576;201500049467;0;15;0;0.0;2.0;4.0;0.0;C01
75577;201500049467;0;15;0;0.0;2.0;4.0;1.0;B01
75578;201500049468;0;7;0;0.0;2.0;1.0;1.0;A01
75579;201500049468;0;7;0;0.0;2.0;1.0;1.0;B01
75580;201500049469;0;33;0;0.0;2.0;4.0;1.0;B01
75581;201500049469;0;7;0;0.0;2.0;1.0;9.0;A01
75582;201500049471;0;7;0;6.0;0.0;7.0;2.0;A01
75583;201500049472;0;7;0;3.0;0.0;4.0;2.0;B01
75584;201500049472;0;7;0;0.0;2.0;0.0;2.0;A01
75585;201500049474;0;7;0;0.0;2.0;6.0;13.0;B01
75586;201500049474;0;7;0;0.0;2.0;2.0;17.0;A01
75587;201500049476;0;7;0;0.0;2.0;4.0;2.0;D01
75588;201500049476;0;7;0;0.0;2.0;4.0;2.0;B01
75589;201500049476;0;7;0;0.0;2.0;1.0;2.0;A01
75590;201500049476;0;7;0;0.0;2.0;4.0;11.0;C01
75591;201500049477;1;7;0;0.0;2.0;2.0;2.0;Z01
75592;201500049477;0;7;0;4.0;0.0;6.0;1.0;B01
75593;201500049478;0;33;0;0.0;2.0;1.0;2.0;A01
75594;201500049478;0;10;0;0.0;0.0;4.0;2.0;B01
75595;201500049479;0;10;0;0.0;2.0;2.0;2.0;A01
75596;201500049479;0;10;0;0.0;2.0;4.0;2.0;B01
75597;201500049479;1;7;0;0.0;2.0;0.0;0.0;Z01
75598;201500049480;0;7;0;6.0;2.0;6.0;1.0;B01
75599;201500049480;0;7;0;4.0;2.0;3.0;12.0;A01
75600;201500049482;0;7;0;4.0;0.0;3.0;13.0;A01
75601;201500049483;0;7;0;0.0;2.0;8.0;1.0;C01
75602;201500049483;1;7;0;0.0;2.0;1.0;0.0;A01
75603;201500049483;0;33;0;0.0;2.0;4.0;2.0;B01
75604;201500049484;0;7;0;0.0;2.0;2.0;2.0;A01
75605;201500049484;0;7;0;0.0;9.0;6.0;2.0;B01
75606;201500049485;0;14;0;0.0;0.0;0.0;0.0;A01
75607;201500049486;0;7;0;0.0;2.0;1.0;2.0;A01
75608;201500049486;0;7;0;0.0;0.0;4.0;2.0;D01
75609;201500049486;0;7;0;0.0;2.0;4.0;2.0;C01
75610;201500049486;0;33;0;0.0;2.0;1.0;2.0;B01
75611;201500049487;0;7;0;0.0;2.0;4.0;1.0;C01
75612;201500049487;0;7;0;0.0;2.0;1.0;21.0;A01
75613;201500049487;0;10;0;0.0;2.0;4.0;1.0;D01
75614;201500049487;0;10;0;0.0;2.0;2.0;1.0;B01
75615;201500049488;0;7;0;3.0;0.0;1.0;1.0;A01
75616;201500049489;0;7;0;4.0;0.0;1.0;1.0;A01
75617;201500049491;0;10;0;1.0;0.0;2.0;2.0;A01
75618;201500049492;0;7;0;3.0;0.0;1.0;1.0;A01
75619;201500049493;0;15;0;0.0;2.0;2.0;12.0;A01
75620;201500049493;0;7;0;3.0;0.0;6.0;1.0;B01
75621;201500049494;0;7;0;0.0;2.0;4.0;2.0;B01
75622;201500049494;0;10;0;0.0;2.0;1.0;2.0;A01
75623;201500049495;0;7;0;0.0;1.0;3.0;0.0;A01
75624;201500049496;2;7;0;0.0;2.0;7.0;14.0;A01
75625;201500049496;0;17;0;0.0;2.0;3.0;0.0;B01
75626;201500049497;0;7;0;0.0;2.0;1.0;2.0;A01
75627;201500049497;0;7;0;0.0;2.0;4.0;2.0;B01
75628;201500049499;0;7;0;3.0;2.0;4.0;2.0;A01
75629;201500049499;1;7;0;0.0;2.0;2.0;2.0;Z01
75630;201500049500;0;7;0;0.0;2.0;2.0;2.0;A01
75631;201500049500;0;7;0;0.0;2.0;6.0;2.0;B01
75632;201500049501;0;7;0;0.0;2.0;1.0;2.0;A01
75633;201500049501;0;7;0;0.0;2.0;1.0;2.0;B01
75634;201500049501;0;7;0;0.0;9.0;4.0;23.0;C01
75635;201500049502;0;32;0;14.0;0.0;6.0;2.0;B01
75636;201500049502;1;17;0;0.0;2.0;2.0;2.0;Z01
75637;201500049503;0;7;0;4.0;0.0;3.0;1.0;A01
75638;201500049504;0;7;0;4.0;2.0;7.0;14.0;A01
75639;201500049504;0;15;0;0.0;2.0;6.0;1.0;B01
75640;201500049505;0;7;0;4.0;0.0;1.0;16.0;A01
75641;201500049505;0;7;0;14.0;0.0;1.0;1.0;B01
75642;201500049505;0;7;0;3.0;2.0;1.0;2.0;C01
75643;201500049506;0;7;0;4.0;0.0;1.0;1.0;A01
75644;201500049507;0;7;0;0.0;2.0;1.0;5.0;A01
75645;201500049507;0;10;0;0.0;2.0;1.0;1.0;B01
75646;201500049508;0;10;0;14.0;0.0;1.0;2.0;A01
75647;201500049508;0;10;0;0.0;2.0;4.0;23.0;B01
75648;201500049510;0;10;0;4.0;0.0;3.0;1.0;A01
75649;201500049511;0;7;0;4.0;0.0;1.0;1.0;A01
75650;201500049512;0;7;0;0.0;2.0;1.0;2.0;C01
75651;201500049512;0;7;0;0.0;0.0;4.0;1.0;B01
75652;201500049512;0;7;0;0.0;2.0;0.0;13.0;A01
75653;201500049513;0;7;0;4.0;0.0;1.0;1.0;A01
75654;201500049514;0;7;0;4.0;0.0;1.0;0.0;A01
75655;201500049515;0;17;0;0.0;2.0;1.0;1.0;A01
75656;201500049515;0;7;0;0.0;2.0;4.0;0.0;B01
75657;201500049516;0;7;0;4.0;0.0;9.0;13.0;A01
75658;201500049517;0;7;0;0.0;2.0;4.0;2.0;B01
75659;201500049517;0;7;0;0.0;2.0;1.0;2.0;A01
75660;201500049519;0;7;0;4.0;2.0;3.0;1.0;A01
75661;201500049519;0;7;0;0.0;2.0;8.0;1.0;B01
75662;201500049520;0;33;0;0.0;2.0;1.0;2.0;C01
75663;201500049520;0;7;0;0.0;2.0;1.0;2.0;A01
75664;201500049520;0;7;0;0.0;2.0;4.0;2.0;B01
75665;201500049521;0;7;0;4.0;0.0;8.0;13.0;A01
75666;201500049522;0;7;0;0.0;2.0;1.0;16.0;A01
75667;201500049522;0;7;0;0.0;2.0;1.0;1.0;B01
75668;201500049523;0;10;0;4.0;0.0;3.0;13.0;A01
75669;201500049524;0;7;0;2.0;0.0;1.0;14.0;A01
75670;201500049525;0;7;0;4.0;0.0;1.0;0.0;A01
75671;201500049526;0;7;0;13.0;0.0;1.0;1.0;A01
75672;201500049527;0;7;0;0.0;2.0;4.0;2.0;B01
75673;201500049527;0;7;0;0.0;2.0;4.0;2.0;C01
75674;201500049527;1;7;0;0.0;2.0;1.0;2.0;A01
75675;201500049529;0;7;0;4.0;0.0;1.0;1.0;A01
75676;201500049530;0;7;0;4.0;0.0;6.0;1.0;B01
75677;201500049530;0;15;0;0.0;2.0;2.0;12.0;A01
75678;201500049531;0;7;0;4.0;0.0;1.0;1.0;A01
75679;201500049532;0;10;0;13.0;0.0;1.0;14.0;A01
75680;201500049533;0;7;0;0.0;0.0;4.0;1.0;C01
75681;201500049533;0;7;0;0.0;2.0;4.0;1.0;B01
75682;201500049533;0;7;0;0.0;2.0;1.0;1.0;A01
75683;201500049534;0;7;0;3.0;0.0;1.0;1.0;A01
75684;201500049535;0;7;0;0.0;0.0;1.0;2.0;A01
75685;201500049535;0;7;0;0.0;0.0;4.0;2.0;C01
75686;201500049535;0;7;0;0.0;0.0;4.0;2.0;B01
75687;201500049536;0;7;0;12.0;0.0;7.0;1.0;A01
75688;201500049537;0;7;0;4.0;0.0;7.0;1.0;A01
75689;201500049538;0;7;0;4.0;0.0;6.0;1.0;A01
75690;201500049539;0;7;0;3.0;0.0;8.0;1.0;A01
75691;201500049540;0;7;0;3.0;0.0;4.0;2.0;A01
75692;201500049541;0;15;0;0.0;0.0;5.0;2.0;B01
75693;201500049541;0;17;0;0.0;2.0;3.0;2.0;A01
75694;201500049542;0;7;0;0.0;2.0;4.0;2.0;B01
75695;201500049542;0;7;0;0.0;2.0;1.0;1.0;A01
75696;201500049542;0;7;0;0.0;2.0;4.0;1.0;C01
75697;201500049544;0;17;0;0.0;2.0;5.0;2.0;B01
75698;201500049544;0;7;0;0.0;0.0;0.0;2.0;T01
75699;201500049544;0;10;0;0.0;2.0;3.0;21.0;A01
75700;201500049546;0;33;0;0.0;0.0;0.0;1.0;A01
75701;201500049547;0;7;0;0.0;2.0;1.0;1.0;A01
75702;201500049547;0;7;0;0.0;0.0;4.0;1.0;B01
75703;201500049548;0;7;0;3.0;0.0;1.0;12.0;A01
75704;201500049549;1;7;0;0.0;2.0;2.0;17.0;Z01
75705;201500049549;0;7;0;4.0;0.0;6.0;12.0;A01
75706;201500049550;0;7;0;0.0;2.0;1.0;2.0;A01
75707;201500049550;0;7;0;0.0;2.0;4.0;2.0;B01
75708;201500049551;1;7;0;0.0;2.0;0.0;2.0;Z01
75709;201500049551;0;7;0;4.0;2.0;4.0;1.0;A01
75710;201500049552;0;10;0;0.0;2.0;4.0;2.0;B01
75711;201500049552;0;7;0;0.0;2.0;4.0;1.0;C01
75712;201500049552;0;7;0;0.0;2.0;1.0;2.0;A01
75713;201500049553;0;7;0;0.0;2.0;4.0;2.0;C01
75714;201500049553;0;7;0;0.0;2.0;1.0;1.0;A01
75715;201500049553;0;7;0;0.0;2.0;4.0;2.0;B01
75716;201500049554;0;7;0;0.0;2.0;5.0;2.0;B01
75717;201500049554;0;7;0;0.0;2.0;3.0;2.0;A01
75718;201500049555;0;7;0;0.0;0.0;8.0;1.0;B01
75719;201500049555;0;7;0;0.0;2.0;2.0;14.0;A01
75720;201500049555;0;7;0;0.0;0.0;5.0;1.0;C01
75721;201500049556;0;7;0;0.0;2.0;8.0;11.0;A01
75722;201500049556;0;7;0;0.0;2.0;5.0;1.0;B01
75723;201500049557;0;7;0;0.0;2.0;6.0;2.0;B01
75724;201500049557;0;33;0;0.0;2.0;1.0;2.0;A01
75725;201500049558;0;7;0;4.0;0.0;3.0;1.0;A01
75726;201500049559;0;15;0;0.0;2.0;2.0;1.0;B01
75727;201500049559;0;7;0;4.0;2.0;6.0;11.0;A01
75728;201500049561;0;7;0;4.0;0.0;3.0;13.0;A01
75729;201500049562;0;7;0;0.0;0.0;0.0;0.0;A01
75730;201500049562;0;7;0;0.0;0.0;0.0;0.0;B01
75731;201500049562;0;7;0;0.0;0.0;0.0;0.0;C01
75732;201500049565;0;7;0;4.0;0.0;6.0;1.0;B01
75733;201500049565;0;7;0;4.0;2.0;1.0;1.0;A01
75734;201500049566;0;14;0;0.0;2.0;2.0;12.0;A01
75735;201500049566;0;7;0;0.0;2.0;6.0;1.0;B01
75736;201500049567;0;7;0;0.0;0.0;4.0;1.0;B01
75737;201500049567;0;7;0;0.0;2.0;1.0;1.0;A01
75738;201500049568;0;34;0;0.0;2.0;3.0;14.0;A01
75739;201500049568;0;10;0;0.0;2.0;5.0;14.0;B01
75740;201500049569;0;7;0;0.0;2.0;3.0;1.0;C01
75741;201500049569;0;7;0;0.0;2.0;6.0;11.0;A01
75742;201500049569;0;7;0;0.0;2.0;5.0;1.0;D01
75743;201500049569;0;7;0;0.0;2.0;2.0;1.0;B01
75744;201500049570;0;10;0;;2.0;1.0;;A01
75745;201500049570;0;7;0;;2.0;4.0;;B02
75746;201500049570;0;7;0;;2.0;4.0;;C02
75747;201500049570;0;33;0;;2.0;0.0;;D02
75748;201500049570;0;7;0;;2.0;4.0;;E02
75749;201500049571;0;15;0;0.0;2.0;1.0;2.0;A01
75750;201500049571;0;10;0;0.0;2.0;4.0;2.0;B01
75751;201500049572;0;7;0;4.0;2.0;8.0;21.0;A01
75752;201500049572;0;15;0;0.0;0.0;0.0;0.0;B01
75753;201500049573;0;7;0;0.0;2.0;4.0;2.0;B01
75754;201500049573;0;7;0;0.0;2.0;1.0;0.0;A01
75755;201500049573;0;7;0;0.0;2.0;4.0;1.0;C01
75756;201500049574;0;33;0;3.0;0.0;0.0;16.0;A01
75757;201500049575;0;15;0;4.0;0.0;3.0;16.0;A01
75758;201500049576;0;33;0;0.0;2.0;1.0;2.0;A01
75759;201500049576;0;7;0;0.0;0.0;5.0;2.0;B01
75760;201500049577;0;7;0;4.0;0.0;3.0;15.0;A01
75761;201500049578;0;7;0;0.0;2.0;4.0;2.0;B01
75762;201500049578;0;7;0;0.0;2.0;4.0;2.0;C01
75763;201500049578;0;7;0;0.0;2.0;1.0;2.0;A01
75764;201500049579;0;7;0;0.0;0.0;9.0;0.0;A01
75765;201500049580;0;7;0;4.0;2.0;4.0;2.0;B01
75766;201500049580;0;7;0;0.0;2.0;1.0;1.0;A01
75767;201500049581;0;17;0;3.0;0.0;8.0;0.0;A01
75768;201500049582;0;33;0;0.0;2.0;8.0;3.0;A01
75769;201500049582;0;7;0;0.0;2.0;7.0;12.0;B01
75770;201500049583;0;15;0;0.0;2.0;1.0;1.0;A01
75771;201500049583;0;7;0;0.0;2.0;4.0;1.0;B01
75772;201500049584;0;7;0;3.0;0.0;2.0;0.0;A01
75773;201500049585;0;7;0;4.0;2.0;8.0;1.0;B01
75774;201500049585;0;17;0;0.0;2.0;7.0;12.0;A01
75775;201500049586;0;7;0;4.0;0.0;1.0;0.0;A01
75776;201500049588;0;10;0;14.0;0.0;3.0;2.0;B01
75777;201500049588;0;10;0;3.0;0.0;3.0;16.0;A01
75778;201500049589;0;7;0;0.0;2.0;4.0;2.0;C01
75779;201500049589;0;7;0;0.0;2.0;1.0;2.0;B01
75780;201500049589;0;7;0;0.0;2.0;4.0;2.0;A01
75781;201500049590;0;7;0;0.0;2.0;6.0;12.0;A01
75782;201500049590;1;7;0;0.0;0.0;0.0;0.0;Z01
75783;201500049590;0;7;0;0.0;2.0;6.0;1.0;B01
75784;201500049591;0;7;0;0.0;2.0;1.0;2.0;A01
75785;201500049591;0;7;0;0.0;2.0;4.0;2.0;B01
75786;201500049592;0;34;0;0.0;0.0;0.0;15.0;A01
75787;201500049593;0;7;0;4.0;2.0;2.0;0.0;A01
75788;201500049593;0;7;0;0.0;2.0;3.0;1.0;C01
75789;201500049593;0;10;0;0.0;2.0;8.0;1.0;B01
75790;201500049594;0;7;0;4.0;0.0;4.0;0.0;A01
75791;201500049595;0;7;0;13.0;0.0;0.0;2.0;A01
75792;201500049596;0;7;0;0.0;2.0;1.0;0.0;B01
75793;201500049596;0;7;0;0.0;2.0;1.0;9.0;A01
75794;201500049596;0;7;0;0.0;2.0;8.0;0.0;C01
75795;201500049597;0;7;0;0.0;2.0;6.0;0.0;A01
75796;201500049597;0;10;0;0.0;2.0;7.0;1.0;C01
75797;201500049597;0;14;0;0.0;2.0;2.0;1.0;B01
75798;201500049598;0;7;0;0.0;2.0;1.0;2.0;A01
75799;201500049598;0;7;0;0.0;0.0;4.0;2.0;B01
75800;201500049599;0;7;0;3.0;0.0;1.0;1.0;A01
75801;201500049601;0;7;0;0.0;2.0;4.0;0.0;B01
75802;201500049601;0;33;0;0.0;2.0;1.0;2.0;A01
75803;201500049602;0;7;0;0.0;2.0;6.0;2.0;B01
75804;201500049602;0;7;0;3.0;2.0;2.0;2.0;A01
75805;201500049603;0;7;0;0.0;2.0;1.0;2.0;A01
75806;201500049603;0;7;0;0.0;2.0;4.0;2.0;C01
75807;201500049603;0;7;0;0.0;2.0;4.0;2.0;D01
75808;201500049603;0;7;0;0.0;2.0;4.0;2.0;B01
75809;201500049604;0;7;0;0.0;2.0;1.0;2.0;A01
75810;201500049604;0;10;0;0.0;2.0;4.0;2.0;B01
75811;201500049605;0;7;0;0.0;2.0;1.0;2.0;A01
75812;201500049605;0;7;0;0.0;2.0;4.0;2.0;B01
75813;201500049606;0;7;0;0.0;2.0;4.0;23.0;B01
75814;201500049606;0;7;0;0.0;2.0;1.0;9.0;A01
75815;201500049607;0;7;0;0.0;2.0;4.0;1.0;B01
75816;201500049607;0;33;0;0.0;2.0;1.0;1.0;A01
75817;201500049608;0;15;0;3.0;0.0;1.0;1.0;A01
75818;201500049609;0;7;0;0.0;2.0;1.0;12.0;A01
75819;201500049609;0;15;0;0.0;0.0;5.0;1.0;B01
75820;201500049609;0;7;0;0.0;9.0;1.0;2.0;C01
75821;201500049612;0;7;0;4.0;0.0;3.0;1.0;A01
75822;201500049613;0;7;0;0.0;2.0;1.0;2.0;B01
75823;201500049613;0;7;0;4.0;0.0;3.0;0.0;A01
75824;201500049614;0;7;0;0.0;2.0;1.0;2.0;A01
75825;201500049614;0;13;0;0.0;2.0;4.0;2.0;C01
75826;201500049614;0;7;0;0.0;2.0;4.0;2.0;B01
75827;201500049615;0;7;0;0.0;2.0;4.0;2.0;C01
75828;201500049615;0;7;0;0.0;2.0;1.0;2.0;A01
75829;201500049615;0;7;0;0.0;2.0;4.0;2.0;B01
75830;201500049616;0;7;0;4.0;2.0;6.0;1.0;B01
75831;201500049616;0;17;0;0.0;2.0;2.0;12.0;A01
75832;201500049617;0;7;0;0.0;2.0;4.0;2.0;C01
75833;201500049617;0;7;0;0.0;2.0;4.0;2.0;B01
75834;201500049617;0;7;0;0.0;2.0;1.0;2.0;A01
75835;201500049618;0;7;0;3.0;0.0;1.0;14.0;A01
75836;201500049619;0;7;0;0.0;2.0;6.0;9.0;A01
75837;201500049619;0;7;0;0.0;2.0;2.0;1.0;B01
75838;201500049620;0;7;0;0.0;0.0;1.0;2.0;A01
75839;201500049621;0;15;0;4.0;0.0;1.0;19.0;A01
75840;201500049621;0;7;0;0.0;9.0;1.0;1.0;B01
75841;201500049622;0;7;0;4.0;0.0;5.0;12.0;A01
75842;201500049623;0;7;0;0.0;2.0;4.0;1.0;B01
75843;201500049623;0;7;0;0.0;2.0;1.0;12.0;A01
75844;201500049624;0;7;0;4.0;0.0;1.0;12.0;A01
75845;201500049625;0;7;0;0.0;2.0;2.0;1.0;A01
75846;201500049625;1;7;0;0.0;2.0;0.0;0.0;Z01
75847;201500049627;0;7;0;0.0;9.0;7.0;1.0;C01
75848;201500049627;0;7;0;4.0;0.0;5.0;1.0;B01
75849;201500049627;0;10;0;0.0;2.0;2.0;14.0;A01
75850;201500049628;0;7;0;0.0;2.0;1.0;2.0;A01
75851;201500049628;0;7;0;0.0;2.0;4.0;2.0;B01
75852;201500049629;0;7;0;0.0;2.0;8.0;1.0;A01
75853;201500049629;1;7;0;0.0;2.0;0.0;14.0;Z01
75854;201500049630;0;7;0;4.0;0.0;1.0;21.0;A01
75855;201500049631;0;7;0;0.0;2.0;2.0;21.0;A01
75856;201500049631;0;7;0;0.0;2.0;8.0;2.0;B01
75857;201500049632;0;7;0;4.0;0.0;8.0;1.0;A01
75858;201500049634;0;7;0;0.0;2.0;4.0;1.0;B01
75859;201500049634;0;7;0;0.0;2.0;1.0;2.0;A01
75860;201500049635;0;15;0;0.0;2.0;8.0;1.0;B01
75861;201500049635;0;7;0;0.0;2.0;7.0;12.0;A01
75862;201500049636;0;17;0;0.0;2.0;7.0;12.0;A01
75863;201500049636;0;7;0;3.0;2.0;8.0;1.0;B01
75864;201500049637;0;7;0;0.0;2.0;0.0;2.0;B01
75865;201500049637;0;7;0;0.0;2.0;1.0;2.0;A01
75866;201500049638;2;7;0;3.0;2.0;2.0;12.0;A01
75867;201500049638;0;7;0;3.0;2.0;6.0;1.0;B01
75868;201500049639;0;7;0;4.0;0.0;1.0;0.0;A01
75869;201500049640;0;33;0;0.0;0.0;0.0;11.0;A01
75870;201500049641;0;7;0;0.0;2.0;1.0;2.0;A01
75871;201500049641;0;7;0;0.0;2.0;4.0;2.0;B01
75872;201500049642;0;31;0;0.0;2.0;1.0;2.0;B01
75873;201500049642;0;7;0;0.0;2.0;7.0;12.0;A01
75874;201500049644;0;7;0;4.0;0.0;1.0;21.0;A01
75875;201500049645;0;7;0;0.0;2.0;4.0;23.0;C01
75876;201500049645;0;7;0;0.0;2.0;4.0;23.0;B01
75877;201500049645;1;7;0;0.0;2.0;4.0;23.0;Z01
75878;201500049645;0;7;0;0.0;2.0;4.0;23.0;D01
75879;201500049645;0;7;0;0.0;2.0;1.0;1.0;A01
75880;201500049646;0;15;0;0.0;2.0;8.0;1.0;B01
75881;201500049646;0;7;0;0.0;2.0;2.0;21.0;A01
75882;201500049647;0;7;0;4.0;0.0;1.0;1.0;A01
75883;201500049648;0;7;0;13.0;0.0;9.0;14.0;A01
75884;201500049649;0;7;0;4.0;0.0;3.0;1.0;A01
75885;201500049650;0;7;0;0.0;2.0;2.0;1.0;C01
75886;201500049650;0;7;0;0.0;2.0;4.0;2.0;B01
75887;201500049650;0;7;0;0.0;2.0;1.0;2.0;A01
75888;201500049651;0;7;0;0.0;2.0;6.0;1.0;B01
75889;201500049651;0;15;0;0.0;0.0;2.0;12.0;A01
75890;201500049653;0;31;0;0.0;0.0;0.0;0.0;A01
75891;201500049654;0;33;0;4.0;0.0;8.0;1.0;A01
75892;201500049655;0;32;0;0.0;2.0;1.0;2.0;A01
75893;201500049655;0;7;0;0.0;2.0;4.0;0.0;B01
75894;201500049656;0;10;0;0.0;0.0;0.0;1.0;B01
75895;201500049656;0;33;0;0.0;2.0;1.0;21.0;A01
75896;201500049657;0;7;0;4.0;0.0;9.0;1.0;A01
75897;201500049658;0;10;0;0.0;2.0;4.0;2.0;A01
75898;201500049658;0;7;0;0.0;2.0;4.0;2.0;B01
75899;201500049659;0;7;0;0.0;2.0;3.0;12.0;A01
75900;201500049659;0;7;0;0.0;2.0;7.0;1.0;B01
75901;201500049659;0;7;0;0.0;2.0;6.0;1.0;C01
75902;201500049660;0;7;0;0.0;2.0;1.0;2.0;A01
75903;201500049660;0;7;0;0.0;0.0;4.0;2.0;B01
75904;201500049661;0;7;0;0.0;2.0;0.0;1.0;B01
75905;201500049661;0;7;0;4.0;2.0;1.0;13.0;A01
75906;201500049662;0;7;0;7.0;0.0;2.0;12.0;A01
75907;201500049663;0;7;0;4.0;0.0;1.0;1.0;A01
75908;201500049664;0;10;0;0.0;2.0;4.0;23.0;A01
75909;201500049664;0;10;0;1.0;2.0;1.0;1.0;B01