;Num_Acc;senc;catv;occutc;obs;obsm;choc;manv;num_veh
77176;201500050359;0;7;0;0.0;2.0;4.0;2.0;A01
77177;201500050359;0;7;0;0.0;2.0;4.0;0.0;B01
77178;201500050360;0;10;0;0.0;0.0;1.0;2.0;B01
77179;201500050360;0;7;0;0.0;0.0;4.0;2.0;A01
77180;201500050361;0;7;0;4.0;2.0;3.0;2.0;B01
77181;201500050361;0;10;0;0.0;2.0;2.0;2.0;A01
77182;201500050362;0;10;0;0.0;2.0;1.0;1.0;B01
77183;201500050362;0;7;0;4.0;0.0;2.0;0.0;A01
77184;201500050363;0;7;0;0.0;2.0;1.0;2.0;B01
77185;201500050363;0;7;0;0.0;2.0;4.0;2.0;A01
77186;201500050365;0;7;0;0.0;2.0;1.0;1.0;B01
77187;201500050365;0;7;0;0.0;2.0;7.0;19.0;A01
77188;201500050366;0;7;0;0.0;2.0;4.0;1.0;B01
77189;201500050366;0;7;0;0.0;2.0;4.0;1.0;A01
77190;201500050366;0;7;0;0.0;2.0;1.0;1.0;C01
77191;201500050367;0;7;0;0.0;0.0;3.0;1.0;A01
77192;201500050368;0;7;0;2.0;2.0;2.0;17.0;B01
77193;201500050368;0;7;0;0.0;2.0;6.0;1.0;A01
77194;201500050369;0;33;0;0.0;0.0;8.0;1.0;A01
77195;201500050370;0;15;0;0.0;1.0;1.0;1.0;A01
77196;201500050372;0;33;0;0.0;2.0;8.0;1.0;A01
77197;201500050372;1;7;0;0.0;0.0;0.0;0.0;Z01
77198;201500050373;0;7;0;0.0;2.0;6.0;2.0;A01
77199;201500050373;0;34;0;0.0;2.0;1.0;3.0;B01
77200;201500050375;0;7;0;0.0;2.0;1.0;2.0;B01
77201;201500050375;0;7;0;0.0;2.0;4.0;2.0;A01
77202;201500050376;0;7;0;0.0;0.0;4.0;1.0;A01
77203;201500050376;0;7;0;0.0;2.0;1.0;1.0;B01
77204;201500050377;0;10;0;0.0;2.0;2.0;13.0;B01
77205;201500050377;0;7;0;3.0;2.0;6.0;1.0;A01
77206;201500050378;0;7;0;0.0;2.0;0.0;0.0;A01
77207;201500050378;0;7;0;0.0;2.0;1.0;2.0;B01
77208;201500050379;0;7;0;0.0;0.0;4.0;2.0;A01
77209;201500050379;0;33;0;0.0;0.0;1.0;2.0;B01
77210;201500050380;0;10;0;0.0;0.0;4.0;1.0;A01
77211;201500050380;0;7;0;0.0;0.0;1.0;2.0;B01
77212;201500050380;0;15;0;0.0;0.0;1.0;2.0;C01
77213;201500050381;0;20;0;0.0;2.0;4.0;2.0;A01
77214;201500050381;0;10;0;0.0;2.0;1.0;2.0;B01
77215;201500050382;0;7;0;13.0;2.0;9.0;14.0;B01
77216;201500050382;0;7;0;0.0;0.0;0.0;0.0;A01
77217;201500050383;0;7;0;0.0;2.0;4.0;2.0;A01
77218;201500050383;0;7;0;0.0;2.0;1.0;2.0;B01
77219;201500050385;0;7;0;0.0;2.0;4.0;2.0;C01
77220;201500050385;0;7;0;0.0;2.0;1.0;2.0;D01
77221;201500050385;0;7;0;0.0;2.0;4.0;2.0;B01
77222;201500050385;0;7;0;0.0;2.0;4.0;2.0;A01
77223;201500050386;0;7;0;0.0;2.0;0.0;0.0;C01
77224;201500050386;0;7;0;14.0;0.0;4.0;1.0;B01
77225;201500050386;0;7;0;0.0;2.0;4.0;1.0;A01
77226;201500050388;0;7;0;0.0;2.0;4.0;2.0;A01
77227;201500050388;0;7;0;0.0;2.0;1.0;2.0;B01
77228;201500050389;0;7;0;4.0;0.0;3.0;0.0;A01
77229;201500050390;0;7;0;0.0;2.0;0.0;0.0;B01
77230;201500050390;0;7;0;0.0;2.0;0.0;0.0;A01
77231;201500050390;0;7;0;0.0;2.0;0.0;0.0;C01
77232;201500050391;0;7;0;0.0;2.0;1.0;1.0;B01
77233;201500050391;0;7;0;0.0;2.0;5.0;13.0;A01
77234;201500050392;1;15;0;0.0;0.0;0.0;0.0;Z01
77235;201500050392;0;7;0;4.0;0.0;4.0;1.0;A01
77236;201500050393;0;7;0;0.0;2.0;1.0;2.0;B01
77237;201500050393;0;10;0;0.0;2.0;6.0;0.0;A01
77238;201500050394;0;7;0;0.0;0.0;0.0;2.0;A01
77239;201500050396;0;7;0;0.0;2.0;3.0;2.0;C01
77240;201500050396;0;7;0;0.0;2.0;1.0;2.0;A01
77241;201500050396;0;10;0;0.0;2.0;2.0;3.0;D01
77242;201500050396;0;7;0;3.0;2.0;3.0;2.0;B01
77243;201500050397;0;7;0;0.0;9.0;1.0;2.0;B01
77244;201500050397;0;7;0;0.0;9.0;1.0;2.0;C01
77245;201500050397;0;7;0;4.0;0.0;3.0;13.0;A01
77246;201500050398;0;7;0;3.0;0.0;4.0;13.0;A01
77247;201500050398;0;7;0;0.0;2.0;1.0;21.0;B01
77248;201500050399;0;7;0;0.0;2.0;4.0;2.0;A01
77249;201500050399;0;7;0;0.0;2.0;1.0;2.0;B01
77250;201500050401;2;7;0;0.0;2.0;1.0;0.0;Z01
77251;201500050401;0;7;0;0.0;2.0;0.0;0.0;A01
77252;201500050402;0;7;0;0.0;2.0;1.0;2.0;A01
77253;201500050403;0;10;0;0.0;2.0;1.0;2.0;B01
77254;201500050403;0;10;0;0.0;2.0;4.0;23.0;A01
77255;201500050404;0;7;0;0.0;2.0;1.0;2.0;A01
77256;201500050404;0;7;0;0.0;2.0;4.0;0.0;B01
77257;201500050405;0;7;0;0.0;2.0;1.0;2.0;B01
77258;201500050405;0;7;0;0.0;2.0;4.0;2.0;A01
77259;201500050406;0;7;0;13.0;0.0;0.0;0.0;A01
77260;201500050407;0;32;0;16.0;0.0;8.0;1.0;A01
77261;201500050408;0;7;0;0.0;2.0;1.0;2.0;B01
77262;201500050408;0;7;0;0.0;2.0;4.0;2.0;A01
77263;201500050410;0;7;0;3.0;0.0;8.0;1.0;A01
77264;201500050410;0;15;0;0.0;2.0;2.0;16.0;B01
77265;201500050411;0;7;0;0.0;2.0;1.0;2.0;A01
77266;201500050413;0;7;0;13.0;0.0;0.0;0.0;A01
77267;201500050414;0;7;0;0.0;2.0;7.0;12.0;A01
77268;201500050414;0;1;0;0.0;2.0;0.0;3.0;B01
77269;201500050415;0;7;0;0.0;2.0;4.0;2.0;A01
77270;201500050415;0;7;0;0.0;2.0;1.0;2.0;B01
77271;201500050415;0;7;0;0.0;2.0;1.0;2.0;C01
77272;201500050416;0;33;0;16.0;0.0;7.0;0.0;A01
77273;201500050417;0;7;0;0.0;0.0;0.0;0.0;A01
77274;201500050419;0;7;0;0.0;2.0;5.0;12.0;A01
77275;201500050419;0;7;0;0.0;0.0;0.0;0.0;C01
77276;201500050419;0;7;0;0.0;2.0;3.0;1.0;B01
77277;201500050420;0;7;0;3.0;9.0;1.0;2.0;A01
77278;201500050420;0;33;0;0.0;9.0;0.0;2.0;B01
77279;201500050421;0;7;0;0.0;2.0;4.0;2.0;B01
77280;201500050421;0;7;0;0.0;2.0;4.0;2.0;A01
77281;201500050421;0;7;0;0.0;2.0;1.0;2.0;D01
77282;201500050421;0;7;0;0.0;2.0;4.0;2.0;C01
77283;201500050422;0;10;0;8.0;0.0;1.0;13.0;A01
77284;201500050423;0;7;0;0.0;2.0;4.0;2.0;C01
77285;201500050423;0;7;0;0.0;2.0;4.0;2.0;A01
77286;201500050423;0;7;0;0.0;2.0;4.0;2.0;B01
77287;201500050423;0;7;0;0.0;2.0;4.0;2.0;D01
77288;201500050424;0;7;0;0.0;2.0;8.0;2.0;A01
77289;201500050424;0;7;0;0.0;2.0;7.0;2.0;B01
77290;201500050425;0;7;0;14.0;0.0;2.0;2.0;B01
77291;201500050425;0;7;0;0.0;2.0;3.0;23.0;A01
77292;201500050427;0;7;0;3.0;0.0;1.0;13.0;A01
77293;201500050428;0;7;0;0.0;2.0;4.0;1.0;B01
77294;201500050428;0;7;0;0.0;2.0;1.0;1.0;A01
77295;201500050429;0;7;0;4.0;0.0;1.0;15.0;A01
77296;201500050430;0;7;0;0.0;2.0;1.0;1.0;B01
77297;201500050430;0;10;0;0.0;0.0;4.0;1.0;A01
77298;201500050431;0;7;0;0.0;2.0;1.0;1.0;C01
77299;201500050431;0;7;0;0.0;2.0;6.0;1.0;B01
77300;201500050431;0;7;0;0.0;0.0;4.0;1.0;A01
77301;201500050432;0;7;0;0.0;2.0;4.0;2.0;A01
77302;201500050432;0;7;0;0.0;2.0;1.0;2.0;C01
77303;201500050432;0;10;0;0.0;2.0;4.0;2.0;B01
77304;201500050433;0;7;0;0.0;2.0;1.0;2.0;B01
77305;201500050433;0;7;0;0.0;2.0;1.0;2.0;A01
77306;201500050434;0;10;0;0.0;2.0;1.0;2.0;C01
77307;201500050434;0;7;0;0.0;2.0;0.0;0.0;D01
77308;201500050434;0;7;0;0.0;2.0;8.0;2.0;B01
77309;201500050434;2;7;0;3.0;0.0;1.0;1.0;A01
77310;201500050435;0;7;0;0.0;2.0;2.0;1.0;B01
77311;201500050435;0;7;0;0.0;2.0;1.0;1.0;C01
77312;201500050435;0;7;0;0.0;2.0;6.0;0.0;A01
77313;201500050436;0;33;0;3.0;0.0;7.0;1.0;A01
77314;201500050437;0;7;0;4.0;0.0;1.0;2.0;A01
77315;201500050437;1;7;0;0.0;0.0;0.0;0.0;Z01
77316;201500050438;0;7;0;4.0;2.0;8.0;2.0;C01
77317;201500050438;0;7;0;0.0;2.0;0.0;2.0;B01
77318;201500050438;0;7;0;0.0;2.0;0.0;2.0;A01
77319;201500050440;0;7;0;0.0;0.0;0.0;0.0;A01
77320;201500050441;1;7;0;0.0;2.0;0.0;0.0;Z01
77321;201500050441;0;7;0;0.0;2.0;4.0;2.0;A01
77322;201500050441;0;7;0;0.0;2.0;4.0;2.0;B01
77323;201500050442;0;7;0;0.0;2.0;3.0;1.0;B01
77324;201500050442;0;10;0;0.0;0.0;0.0;1.0;A01
77325;201500050443;0;17;0;0.0;2.0;2.0;9.0;A01
77326;201500050443;0;7;0;3.0;2.0;8.0;1.0;B01
77327;201500050445;0;7;0;0.0;9.0;1.0;2.0;F02
77328;201500050445;0;17;0;0.0;9.0;4.0;2.0;C01
77329;201500050445;0;7;0;0.0;9.0;4.0;2.0;B01
77330;201500050445;0;15;0;0.0;9.0;1.0;2.0;E01
77331;201500050445;0;10;0;0.0;2.0;4.0;2.0;A01
77332;201500050445;0;15;0;0.0;9.0;1.0;2.0;D01
77333;201500050446;0;10;0;0.0;2.0;6.0;23.0;A01
77334;201500050446;0;7;0;0.0;2.0;7.0;18.0;C01
77335;201500050446;0;17;0;0.0;2.0;7.0;1.0;D01
77336;201500050446;0;7;0;0.0;2.0;4.0;0.0;B01
77337;201500050447;0;15;0;0.0;2.0;7.0;12.0;A01
77338;201500050447;0;7;0;0.0;2.0;8.0;1.0;B01
77339;201500050448;0;7;0;0.0;2.0;1.0;2.0;B01
77340;201500050448;0;7;0;0.0;2.0;4.0;1.0;A01
77341;201500050449;0;7;0;0.0;2.0;4.0;1.0;A01
77342;201500050449;0;7;0;0.0;2.0;1.0;1.0;B01
77343;201500050450;0;7;0;0.0;2.0;4.0;2.0;B01
77344;201500050450;0;10;0;0.0;2.0;1.0;2.0;C01
77345;201500050450;0;7;0;0.0;2.0;4.0;2.0;A01
77346;201500050451;0;7;0;0.0;2.0;1.0;2.0;C01
77347;201500050451;0;7;0;0.0;0.0;4.0;1.0;A01
77348;201500050451;0;7;0;0.0;2.0;4.0;2.0;B01
77349;201500050452;0;7;0;0.0;2.0;4.0;0.0;B01
77350;201500050452;0;7;0;0.0;2.0;1.0;2.0;A01
77351;201500050453;0;7;0;0.0;2.0;3.0;1.0;A01
77352;201500050453;0;7;0;0.0;2.0;2.0;1.0;B01
77353;201500050454;0;7;0;0.0;0.0;1.0;0.0;A01
77354;201500050455;0;7;0;0.0;2.0;4.0;1.0;A01
77355;201500050455;0;7;0;0.0;2.0;1.0;2.0;B01
77356;201500050456;0;7;0;0.0;2.0;4.0;0.0;B01
77357;201500050456;0;7;0;0.0;0.0;0.0;0.0;A01
77358;201500050456;0;7;0;0.0;2.0;1.0;0.0;C01
77359;201500050457;0;10;0;3.0;0.0;8.0;0.0;A01
77360;201500050458;0;7;0;0.0;2.0;4.0;1.0;D01
77361;201500050458;0;7;0;0.0;2.0;1.0;1.0;E01
77362;201500050458;0;10;0;0.0;2.0;4.0;1.0;C01
77363;201500050458;0;7;0;0.0;2.0;4.0;1.0;B01
77364;201500050458;0;7;0;0.0;0.0;4.0;1.0;A01
77365;201500050459;0;7;0;0.0;2.0;4.0;2.0;B01
77366;201500050459;0;7;0;0.0;2.0;1.0;2.0;A01
77367;201500050460;0;7;0;0.0;2.0;4.0;0.0;A01
77368;201500050460;0;10;0;0.0;2.0;2.0;2.0;B01
77369;201500050461;0;7;0;3.0;0.0;1.0;2.0;A01
77370;201500050464;0;7;0;3.0;0.0;1.0;1.0;A01
77371;201500050465;0;7;0;3.0;0.0;3.0;1.0;A01
77372;201500050466;0;7;0;4.0;0.0;0.0;1.0;A01
77373;201500050467;0;7;0;2.0;0.0;0.0;0.0;A01
77374;201500050469;0;99;0;0.0;2.0;4.0;24.0;A01
77375;201500050469;0;7;0;1.0;0.0;8.0;2.0;B01
77376;201500050470;0;7;0;0.0;2.0;4.0;2.0;A01
77377;201500050470;0;7;0;0.0;2.0;4.0;0.0;B01
77378;201500050470;0;7;0;0.0;2.0;1.0;2.0;D01
77379;201500050470;0;7;0;0.0;2.0;4.0;0.0;C01
77380;201500050471;0;7;0;0.0;2.0;1.0;1.0;A01
77381;201500050471;0;7;0;0.0;2.0;4.0;14.0;B01
77382;201500050473;0;7;0;4.0;0.0;1.0;14.0;A01
77383;201500050474;0;33;0;0.0;0.0;0.0;2.0;A01
77384;201500050475;0;7;0;0.0;2.0;4.0;1.0;A01
77385;201500050475;0;7;0;0.0;2.0;1.0;1.0;B01
77386;201500050477;0;7;0;0.0;2.0;4.0;1.0;B01
77387;201500050477;0;7;0;0.0;2.0;1.0;2.0;C01
77388;201500050477;0;7;0;0.0;2.0;4.0;1.0;A01
77389;201500050478;0;30;0;0.0;0.0;0.0;1.0;A01
77390;201500050479;0;33;0;0.0;2.0;0.0;18.0;A01
77391;201500050479;0;7;0;0.0;2.0;0.0;1.0;B01
77392;201500050480;0;7;0;0.0;2.0;3.0;15.0;A01
77393;201500050480;0;34;0;0.0;2.0;1.0;17.0;B01
77394;201500050481;0;34;0;0.0;2.0;6.0;18.0;B01
77395;201500050481;0;7;0;0.0;2.0;5.0;22.0;A01
77396;201500050482;0;7;0;0.0;2.0;3.0;10.0;A01
77397;201500050482;0;32;0;0.0;2.0;2.0;1.0;B01
77398;201500050483;0;33;0;0.0;2.0;2.0;0.0;B01
77399;201500050483;0;7;0;0.0;2.0;5.0;22.0;A01
77400;201500050484;0;30;0;0.0;2.0;2.0;17.0;B01
77401;201500050484;0;7;0;0.0;2.0;3.0;11.0;A01
77402;201500050485;0;7;0;0.0;1.0;3.0;1.0;A01
77403;201500050486;0;33;0;0.0;2.0;0.0;1.0;A01
77404;201500050486;0;7;0;0.0;2.0;0.0;1.0;B01
77405;201500050487;0;10;0;0.0;2.0;7.0;22.0;A01
77406;201500050487;0;1;0;0.0;2.0;7.0;18.0;B01
77407;201500050488;0;34;0;0.0;2.0;1.0;1.0;B01
77408;201500050488;0;7;0;0.0;2.0;1.0;15.0;A01
77409;201500050489;0;33;0;14.0;0.0;0.0;1.0;A01
77410;201500050490;0;7;0;0.0;2.0;6.0;23.0;B01
77411;201500050490;0;7;0;0.0;2.0;2.0;1.0;A01
77412;201500050491;0;7;0;0.0;2.0;1.0;2.0;A01
77413;201500050491;0;7;0;0.0;2.0;6.0;23.0;B01
77414;201500050492;0;7;0;0.0;2.0;4.0;11.0;A01
77415;201500050492;0;33;0;0.0;2.0;1.0;1.0;B01
77416;201500050492;0;32;0;0.0;2.0;1.0;1.0;D01
77417;201500050492;0;7;0;0.0;2.0;4.0;1.0;C01
77418;201500050494;1;30;0;0.0;1.0;0.0;1.0;Z01
77419;201500050495;0;7;0;0.0;1.0;2.0;1.0;A01
77420;201500050496;1;7;0;0.0;1.0;0.0;0.0;Z01
77421;201500050497;0;2;0;0.0;2.0;3.0;3.0;B01
77422;201500050497;0;7;0;0.0;2.0;6.0;12.0;A01
77423;201500050498;0;38;1;0.0;2.0;7.0;16.0;A01
77424;201500050498;0;32;0;0.0;2.0;3.0;1.0;B01
77425;201500050499;0;7;0;0.0;2.0;1.0;2.0;A01
77426;201500050499;0;7;0;0.0;2.0;4.0;23.0;B01
77427;201500050500;0;32;0;0.0;2.0;4.0;2.0;B01
77428;201500050500;0;7;0;0.0;2.0;1.0;2.0;A01
77429;201500050501;0;7;0;14.0;0.0;2.0;21.0;A01
77430;201500050502;0;31;0;0.0;0.0;0.0;1.0;A01
77431;201500050503;0;32;0;12.0;0.0;0.0;1.0;A01
77432;201500050504;0;34;0;0.0;1.0;7.0;1.0;A01
77433;201500050505;0;32;0;0.0;2.0;8.0;15.0;A01
77434;201500050505;0;30;0;0.0;2.0;1.0;1.0;B01
77435;201500050506;0;7;0;0.0;1.0;1.0;15.0;A01
77436;201500050507;0;7;0;0.0;1.0;2.0;1.0;A01
77437;201500050508;0;30;0;0.0;0.0;0.0;1.0;A01
77438;201500050509;0;1;0;0.0;2.0;2.0;1.0;B01
77439;201500050509;0;7;0;0.0;2.0;3.0;22.0;A01
77440;201500050510;0;1;0;0.0;2.0;3.0;13.0;B01
77441;201500050510;0;7;0;0.0;2.0;2.0;17.0;A01
77442;201500050511;0;7;0;0.0;2.0;1.0;14.0;A01
77443;201500050511;0;33;0;0.0;2.0;2.0;1.0;B01
77444;201500050512;0;30;0;0.0;2.0;3.0;1.0;B01
77445;201500050512;0;10;0;0.0;2.0;3.0;15.0;A01
77446;201500050513;0;7;0;0.0;2.0;1.0;2.0;B01
77447;201500050513;0;14;0;0.0;2.0;4.0;23.0;A01
77448;201500050515;0;7;0;0.0;2.0;4.0;23.0;B01
77449;201500050515;0;38;29;2.0;2.0;8.0;15.0;A01
77450;201500050516;0;7;0;0.0;1.0;3.0;1.0;A01
77451;201500050517;0;33;0;0.0;0.0;0.0;11.0;A01
77452;201500050518;0;7;0;0.0;2.0;2.0;7.0;A01
77453;201500050518;0;1;0;0.0;2.0;8.0;7.0;B01
77454;201500050519;0;38;2;0.0;2.0;2.0;16.0;A01
77455;201500050519;0;1;0;0.0;2.0;8.0;18.0;B01
77456;201500050521;0;7;0;0.0;1.0;7.0;1.0;A01
77457;201500050522;0;30;0;0.0;2.0;7.0;1.0;A01
77458;201500050522;1;7;0;0.0;2.0;0.0;13.0;Z01
77459;201500050523;0;34;0;0.0;0.0;3.0;15.0;A01
77460;201500050524;0;7;0;0.0;2.0;3.0;10.0;A01
77461;201500050524;0;34;0;0.0;2.0;1.0;1.0;B01
77462;201500050525;0;31;0;0.0;2.0;1.0;7.0;A01
77463;201500050525;0;7;0;0.0;2.0;4.0;7.0;B01
77464;201500050526;0;7;0;0.0;2.0;4.0;2.0;B01
77465;201500050526;0;10;0;0.0;2.0;1.0;2.0;A01
77466;201500050527;0;32;0;0.0;1.0;7.0;21.0;A01
77467;201500050528;0;31;0;0.0;1.0;1.0;1.0;A01
77468;201500050529;0;7;0;0.0;2.0;8.0;15.0;B01
77469;201500050529;0;7;0;0.0;2.0;1.0;1.0;A01
77470;201500050530;0;7;0;0.0;1.0;3.0;15.0;A01
77471;201500050531;0;37;10;0.0;1.0;2.0;2.0;A01
77472;201500050532;0;1;0;0.0;0.0;0.0;1.0;A01
77473;201500050533;0;33;0;12.0;0.0;8.0;6.0;A01
77474;201500050534;0;34;0;0.0;2.0;1.0;17.0;A01
77475;201500050534;0;7;0;0.0;2.0;8.0;15.0;B01
77476;201500050535;0;1;0;12.0;0.0;1.0;1.0;A01
77477;201500050536;0;30;0;0.0;0.0;1.0;21.0;A01
77478;201500050537;0;33;0;0.0;0.0;0.0;1.0;A01
77479;201500050538;0;31;0;0.0;2.0;2.0;5.0;A01
77480;201500050538;0;7;0;0.0;2.0;0.0;15.0;B01
77481;201500050539;0;7;0;0.0;2.0;1.0;15.0;B01
77482;201500050539;0;1;0;0.0;2.0;0.0;19.0;A01
77483;201500050540;0;1;0;0.0;2.0;3.0;15.0;B01
77484;201500050540;0;32;0;0.0;2.0;1.0;1.0;A01
77485;201500050541;0;7;0;0.0;2.0;2.0;15.0;A01
77486;201500050541;0;1;0;0.0;2.0;1.0;1.0;B01
77487;201500050542;0;1;0;0.0;1.0;1.0;7.0;A01
77488;201500050543;0;31;0;0.0;0.0;0.0;1.0;A01
77489;201500050544;0;2;0;0.0;1.0;1.0;1.0;A01
77490;201500050545;0;32;0;0.0;1.0;7.0;0.0;A01
77491;201500050546;0;34;0;0.0;2.0;7.0;18.0;A01
77492;201500050546;0;7;0;0.0;2.0;0.0;22.0;B01
77493;201500050547;0;7;0;0.0;2.0;8.0;1.0;B01
77494;201500050547;0;7;0;0.0;2.0;8.0;1.0;A01
77495;201500050548;0;7;0;8.0;0.0;3.0;15.0;A01
77496;201500050549;0;31;0;0.0;2.0;7.0;16.0;A01
77497;201500050549;0;7;0;0.0;2.0;8.0;7.0;B01
77498;201500050550;0;31;0;0.0;0.0;8.0;1.0;A01
77499;201500050551;0;30;0;0.0;0.0;8.0;1.0;A01
77500;201500050553;0;1;0;0.0;2.0;4.0;19.0;A01
77501;201500050553;0;7;0;0.0;2.0;0.0;1.0;B01
77502;201500050554;0;1;0;0.0;2.0;0.0;1.0;B01
77503;201500050554;0;1;0;0.0;2.0;0.0;17.0;A01
77504;201500050555;0;31;0;0.0;2.0;2.0;2.0;A01
77505;201500050555;0;33;0;0.0;2.0;6.0;2.0;B01
77506;201500050556;0;7;0;0.0;2.0;4.0;16.0;B01
77507;201500050556;0;1;0;0.0;2.0;1.0;1.0;A01
77508;201500050557;0;7;0;0.0;2.0;2.0;1.0;A01
77509;201500050557;0;7;0;0.0;2.0;0.0;23.0;B01
77510;201500050558;0;1;0;0.0;2.0;1.0;7.0;B01
77511;201500050558;0;7;0;0.0;2.0;7.0;16.0;A01
77512;201500050559;0;7;0;0.0;2.0;6.0;23.0;B01
77513;201500050559;0;32;0;0.0;2.0;1.0;2.0;A01
77514;201500050560;1;31;0;0.0;1.0;0.0;1.0;Z01
77515;201500050561;0;2;0;0.0;1.0;1.0;1.0;A01
77516;201500050562;0;7;0;0.0;2.0;2.0;16.0;A01
77517;201500050562;0;1;0;0.0;2.0;3.0;19.0;B01
77518;201500050563;0;31;0;0.0;0.0;8.0;1.0;A01
77519;201500050564;1;7;0;0.0;1.0;0.0;1.0;Z01
77520;201500050565;0;1;0;0.0;2.0;1.0;1.0;B01
77521;201500050565;0;38;0;0.0;2.0;2.0;16.0;A01
77522;201500050566;0;7;0;0.0;2.0;1.0;23.0;A01
77523;201500050566;0;7;0;0.0;2.0;0.0;2.0;B01
77524;201500050567;0;7;0;0.0;2.0;7.0;24.0;C01
77525;201500050567;0;30;0;1.0;2.0;8.0;12.0;A01
77526;201500050567;0;7;0;0.0;2.0;8.0;1.0;B01
77527;201500050569;0;34;0;0.0;1.0;1.0;1.0;A01
77528;201500050570;0;32;0;0.0;0.0;0.0;21.0;A01
77529;201500050571;0;7;0;0.0;1.0;2.0;1.0;A01
77530;201500050572;0;33;0;14.0;2.0;2.0;11.0;A01
77531;201500050573;0;33;0;0.0;2.0;2.0;17.0;B01
77532;201500050573;0;10;0;0.0;2.0;3.0;13.0;A01
77533;201500050574;0;7;0;0.0;2.0;0.0;11.0;A01
77534;201500050574;0;2;0;0.0;2.0;0.0;1.0;B01
77535;201500050575;0;32;0;0.0;0.0;0.0;1.0;A01
77536;201500050577;0;2;0;0.0;1.0;0.0;1.0;A01
77537;201500050578;0;32;0;0.0;2.0;6.0;1.0;A01
77538;201500050578;0;7;0;0.0;2.0;6.0;1.0;B01
77539;201500050579;0;34;0;0.0;1.0;1.0;1.0;A01
77540;201500050580;0;34;0;0.0;2.0;7.0;3.0;A01
77541;201500050580;0;7;0;0.0;2.0;3.0;12.0;B01
77542;201500050581;0;7;0;0.0;2.0;4.0;23.0;C01
77543;201500050581;0;7;0;0.0;2.0;1.0;1.0;A01
77544;201500050581;0;7;0;0.0;2.0;9.0;23.0;B01
77545;201500050582;0;32;0;0.0;0.0;0.0;21.0;A01
77546;201500050583;0;33;0;1.0;0.0;1.0;1.0;A01
77547;201500050584;0;2;0;0.0;2.0;7.0;17.0;A01
77548;201500050584;1;7;0;0.0;2.0;8.0;15.0;Z01
77549;201500050585;0;32;0;0.0;2.0;1.0;1.0;B01
77550;201500050585;0;10;0;0.0;2.0;3.0;15.0;A01
77551;201500050586;0;7;0;0.0;1.0;2.0;1.0;A01
77552;201500050587;0;7;0;0.0;1.0;3.0;15.0;A01
77553;201500050589;0;7;0;8.0;2.0;2.0;17.0;A01
77554;201500050589;0;7;0;0.0;2.0;3.0;15.0;B01
77555;201500050591;0;30;0;0.0;2.0;1.0;1.0;A01
77556;201500050591;0;7;0;0.0;2.0;3.0;15.0;B01
77557;201500050592;0;10;0;0.0;2.0;3.0;15.0;A01
77558;201500050592;0;32;0;0.0;2.0;1.0;17.0;B01
77559;201500050593;0;2;0;0.0;2.0;2.0;1.0;A01
77560;201500050593;0;1;0;0.0;2.0;8.0;13.0;B01
77561;201500050594;0;1;0;0.0;2.0;1.0;15.0;A01
77562;201500050594;0;7;0;0.0;2.0;2.0;1.0;B01
77563;201500050595;0;30;0;0.0;0.0;0.0;1.0;A01
77564;201500050596;0;33;0;0.0;0.0;0.0;1.0;A01
77565;201500050597;0;31;0;0.0;0.0;8.0;10.0;A01
77566;201500050598;0;1;0;0.0;2.0;4.0;7.0;B01
77567;201500050598;0;7;0;0.0;2.0;2.0;12.0;A01
77568;201500050599;0;34;0;12.0;0.0;2.0;18.0;A01
77569;201500050600;0;7;0;0.0;1.0;0.0;0.0;A01
77570;201500050601;0;7;0;0.0;2.0;1.0;1.0;A01
77571;201500050601;0;30;0;0.0;2.0;7.0;1.0;B01
77572;201500050603;1;7;0;0.0;1.0;0.0;1.0;Z01
77573;201500050604;0;7;0;0.0;1.0;2.0;16.0;A01
77574;201500050606;0;7;0;0.0;2.0;0.0;15.0;B01
77575;201500050606;0;32;0;0.0;2.0;0.0;17.0;A01
77576;201500050607;0;7;0;0.0;2.0;7.0;1.0;B01
77577;201500050607;0;33;0;0.0;2.0;8.0;21.0;A01
77578;201500050608;0;7;0;0.0;2.0;8.0;1.0;B01
77579;201500050608;2;7;0;0.0;2.0;1.0;14.0;Z01
77580;201500050608;0;7;0;0.0;2.0;6.0;1.0;A01
77581;201500050609;0;10;0;0.0;2.0;3.0;10.0;A01
77582;201500050609;0;1;0;0.0;2.0;4.0;17.0;B01
77583;201500050610;2;7;0;14.0;0.0;3.0;15.0;Z01
77584;201500050611;0;7;0;0.0;2.0;4.0;23.0;C01
77585;201500050611;0;7;0;0.0;2.0;1.0;2.0;A01
77586;201500050611;0;7;0;0.0;2.0;4.0;23.0;B01
77587;201500050612;0;2;0;0.0;2.0;1.0;1.0;A01
77588;201500050612;0;7;0;0.0;2.0;4.0;1.0;B01
77589;201500050614;0;7;0;0.0;2.0;1.0;2.0;A01
77590;201500050614;0;31;0;0.0;2.0;4.0;23.0;B01
77591;201500050615;0;34;0;0.0;2.0;2.0;15.0;B01
77592;201500050615;0;7;0;0.0;2.0;3.0;1.0;A01
77593;201500050616;0;30;0;0.0;1.0;0.0;1.0;A01
77594;201500050617;0;7;0;0.0;1.0;2.0;1.0;A01
77595;201500050618;0;1;0;0.0;1.0;1.0;1.0;A01