;Num_Acc;senc;catv;occutc;obs;obsm;choc;manv;num_veh
78015;201500050922;0;10;0;0.0;0.0;7.0;1.0;B01
78016;201500050923;0;1;0;0.0;0.0;0.0;7.0;A01
78017;201500050924;0;33;0;1.0;0.0;2.0;1.0;A01
78018;201500050925;0;10;0;0.0;1.0;4.0;4.0;A01
78019;201500050926;0;31;0;0.0;1.0;0.0;1.0;A01
78020;201500050927;0;31;0;0.0;2.0;1.0;1.0;B01
78021;201500050927;0;7;0;0.0;2.0;8.0;11.0;A01
78022;201500050928;0;7;0;1.0;0.0;2.0;14.0;A01
78023;201500050930;0;30;0;0.0;2.0;0.0;1.0;B01
78024;201500050930;0;7;0;0.0;2.0;0.0;1.0;A01
78025;201500050931;0;33;0;0.0;2.0;1.0;1.0;B01
78026;201500050931;0;10;0;0.0;2.0;2.0;1.0;A01
78027;201500050932;1;32;0;0.0;1.0;4.0;1.0;Z01
78028;201500050934;0;1;0;0.0;1.0;1.0;1.0;A01
78029;201500050935;0;30;0;0.0;0.0;3.0;1.0;A01
78030;201500050936;0;7;0;0.0;2.0;3.0;15.0;A01
78031;201500050936;0;3;0;0.0;2.0;1.0;1.0;B01
78032;201500050937;0;7;0;0.0;2.0;0.0;1.0;A01
78033;201500050937;0;33;0;0.0;2.0;1.0;23.0;B01
78034;201500050938;0;33;0;0.0;0.0;7.0;21.0;A01
78035;201500050939;0;33;0;0.0;2.0;7.0;17.0;A01
78036;201500050939;0;7;0;0.0;2.0;1.0;15.0;B01
78037;201500050940;0;1;0;0.0;2.0;0.0;1.0;A01
78038;201500050940;1;7;0;0.0;2.0;2.0;16.0;Z01
78039;201500050941;0;1;0;0.0;1.0;1.0;1.0;A01
78040;201500050942;1;7;0;0.0;2.0;0.0;2.0;Z01
78041;201500050942;0;33;0;0.0;2.0;0.0;2.0;A01
78042;201500050943;0;7;0;0.0;2.0;3.0;15.0;B01
78043;201500050943;0;31;0;0.0;2.0;2.0;17.0;A01
78044;201500050944;0;33;0;0.0;2.0;7.0;3.0;B01
78045;201500050944;0;7;0;0.0;2.0;3.0;11.0;A01
78046;201500050945;0;1;0;0.0;2.0;0.0;2.0;A01
78047;201500050945;0;14;0;0.0;2.0;0.0;2.0;B01
78048;201500050946;0;32;0;0.0;1.0;1.0;1.0;A01
78049;201500050947;0;1;0;0.0;1.0;0.0;8.0;A01
78050;201500050948;0;10;0;0.0;1.0;0.0;4.0;A01
78051;201500050949;0;32;0;0.0;1.0;1.0;3.0;A01
78052;201500050950;0;1;0;0.0;2.0;7.0;19.0;A01
78053;201500050950;0;7;0;0.0;2.0;1.0;1.0;B01
78054;201500050951;0;10;0;0.0;1.0;2.0;5.0;A01
78055;201500050952;0;1;0;0.0;2.0;1.0;1.0;A01
78056;201500050952;1;7;0;0.0;2.0;0.0;1.0;Z01
78057;201500050953;0;30;0;0.0;2.0;0.0;1.0;A01
78058;201500050953;1;10;0;0.0;2.0;0.0;14.0;Z01
78059;201500050954;0;1;0;0.0;1.0;1.0;7.0;A01
78060;201500050955;0;30;0;1.0;0.0;0.0;14.0;A01
78061;201500050956;0;10;0;0.0;1.0;0.0;1.0;A01
78062;201500050957;0;10;0;0.0;2.0;2.0;16.0;A01
78063;201500050957;0;1;0;0.0;2.0;1.0;1.0;B01
78064;201500050958;0;33;0;0.0;2.0;3.0;7.0;A01
78065;201500050958;0;7;0;0.0;2.0;2.0;12.0;B01
78066;201500050959;0;1;0;0.0;2.0;7.0;1.0;A01
78067;201500050959;0;7;0;0.0;2.0;3.0;16.0;B01
78068;201500050960;0;32;0;14.0;0.0;1.0;1.0;A01
78069;201500050961;0;7;0;0.0;1.0;2.0;1.0;A01
78070;201500050962;0;32;0;0.0;1.0;3.0;15.0;A01
78071;201500050963;0;37;0;0.0;1.0;7.0;16.0;A01
78072;201500050964;0;1;0;0.0;2.0;1.0;13.0;A01
78073;201500050964;0;7;0;0.0;2.0;5.0;23.0;B01
78074;201500050967;0;33;0;0.0;2.0;7.0;2.0;A01
78075;201500050967;0;7;0;0.0;2.0;6.0;2.0;B01
78076;201500050968;0;33;0;0.0;1.0;8.0;1.0;A01
78077;201500050969;0;32;0;15.0;2.0;7.0;1.0;B01
78078;201500050969;0;7;0;0.0;2.0;3.0;15.0;A01
78079;201500050970;0;30;0;0.0;2.0;8.0;2.0;A01
78080;201500050970;0;31;0;0.0;2.0;7.0;23.0;B01
78081;201500050971;0;33;0;0.0;1.0;1.0;1.0;A01
78082;201500050972;0;31;0;0.0;2.0;3.0;23.0;A01
78083;201500050972;0;7;0;0.0;2.0;2.0;15.0;B01
78084;201500050973;0;10;0;0.0;2.0;6.0;22.0;A01
78085;201500050973;0;1;0;1.0;2.0;1.0;7.0;B01
78086;201500050974;0;2;0;0.0;2.0;3.0;1.0;A01
78087;201500050974;0;10;0;0.0;2.0;5.0;12.0;B01
78088;201500050975;0;34;0;0.0;2.0;1.0;1.0;B01
78089;201500050975;0;1;0;0.0;2.0;1.0;19.0;A01
78090;201500050976;0;32;0;0.0;2.0;8.0;18.0;A01
78091;201500050976;0;7;0;0.0;2.0;7.0;1.0;B01
78092;201500050977;0;1;0;0.0;1.0;0.0;7.0;A01
78093;201500050978;0;7;0;0.0;2.0;5.0;2.0;A01
78094;201500050978;0;33;0;0.0;2.0;5.0;23.0;B01
78095;201500050978;0;7;0;0.0;2.0;5.0;23.0;C01
78096;201500050978;0;7;0;0.0;2.0;5.0;23.0;D01
78097;201500050979;0;1;0;0.0;2.0;0.0;1.0;A01
78098;201500050979;0;1;0;0.0;2.0;0.0;1.0;B01
78099;201500050980;0;10;0;0.0;1.0;4.0;4.0;A01
78100;201500050981;0;10;0;0.0;1.0;3.0;1.0;A01
78101;201500050982;0;7;0;0.0;1.0;1.0;1.0;A01
78102;201500050983;0;7;0;0.0;2.0;2.0;14.0;A01
78103;201500050983;0;37;0;0.0;2.0;6.0;1.0;B01
78104;201500050984;0;7;0;0.0;2.0;3.0;15.0;B01
78105;201500050984;0;34;0;0.0;2.0;1.0;17.0;A01
78106;201500050985;0;7;0;0.0;1.0;3.0;7.0;A01
78107;201500050987;0;1;0;0.0;2.0;8.0;8.0;B01
78108;201500050987;0;37;0;0.0;2.0;2.0;8.0;A01
78109;201500050988;0;7;0;0.0;2.0;3.0;15.0;A01
78110;201500050988;0;34;0;0.0;2.0;2.0;1.0;B01
78111;201500050989;0;7;0;0.0;2.0;4.0;15.0;A01
78112;201500050989;0;33;0;0.0;2.0;1.0;1.0;B01
78113;201500050990;0;10;0;1.0;2.0;1.0;2.0;A01
78114;201500050990;0;7;0;0.0;2.0;4.0;23.0;B01
78115;201500050991;0;10;0;1.0;2.0;2.0;22.0;A01
78116;201500050991;0;1;0;1.0;2.0;1.0;7.0;B01
78117;201500050992;1;7;0;0.0;2.0;0.0;1.0;Z01
78118;201500050992;0;30;0;0.0;2.0;0.0;16.0;A01
78119;201500050994;0;30;0;0.0;2.0;7.0;17.0;A01
78120;201500050994;0;7;0;0.0;2.0;8.0;15.0;B01
78121;201500050995;0;7;0;0.0;2.0;8.0;7.0;B01
78122;201500050995;0;32;0;0.0;2.0;7.0;16.0;A01
78123;201500050996;0;10;0;0.0;1.0;4.0;4.0;A01
78124;201500050997;0;10;0;0.0;1.0;0.0;1.0;A01
78125;201500050998;0;7;0;0.0;2.0;4.0;23.0;C01
78126;201500050998;0;33;0;0.0;2.0;4.0;23.0;B01
78127;201500050998;0;7;0;0.0;2.0;1.0;1.0;A01
78128;201500050999;0;1;0;0.0;2.0;7.0;1.0;A01
78129;201500050999;0;33;0;0.0;2.0;7.0;1.0;B01
78130;201500051000;0;32;0;0.0;2.0;0.0;16.0;A01
78131;201500051000;0;1;0;0.0;2.0;0.0;7.0;B01
78132;201500051001;0;34;0;1.0;0.0;1.0;1.0;A01
78133;201500051002;0;7;0;0.0;2.0;0.0;10.0;B01
78134;201500051002;0;30;0;0.0;2.0;2.0;1.0;A01
78135;201500051003;0;32;0;0.0;2.0;8.0;15.0;A01
78136;201500051003;0;7;0;0.0;2.0;7.0;1.0;B01
78137;201500051004;0;7;0;0.0;1.0;2.0;1.0;A01
78138;201500051005;0;7;0;1.0;2.0;8.0;22.0;A01
78139;201500051005;0;1;0;1.0;2.0;1.0;1.0;B01
78140;201500051006;0;1;0;0.0;1.0;1.0;1.0;A01
78141;201500051007;0;7;0;0.0;1.0;8.0;1.0;A01
78142;201500051009;0;1;0;0.0;2.0;8.0;1.0;A01
78143;201500051009;1;7;0;0.0;2.0;2.0;16.0;Z01
78144;201500051010;0;30;0;12.0;0.0;2.0;16.0;A01
78145;201500051011;0;7;0;0.0;1.0;3.0;1.0;A01
78146;201500051012;1;7;0;0.0;2.0;8.0;22.0;Z01
78147;201500051012;0;1;0;1.0;2.0;1.0;1.0;A01
78148;201500051013;0;31;0;0.0;0.0;0.0;1.0;A01
78149;201500051014;0;1;0;0.0;1.0;0.0;5.0;A01
78150;201500051015;0;31;0;0.0;2.0;7.0;5.0;A01
78151;201500051015;0;7;0;0.0;2.0;8.0;15.0;B01
78152;201500051016;0;33;0;0.0;2.0;8.0;1.0;B01
78153;201500051016;0;7;0;0.0;2.0;1.0;15.0;A01
78154;201500051017;0;7;0;0.0;2.0;3.0;15.0;B01
78155;201500051017;0;31;0;0.0;2.0;1.0;17.0;A01
78156;201500051018;0;1;0;0.0;2.0;2.0;1.0;B01
78157;201500051018;0;7;0;0.0;2.0;8.0;22.0;A01
78158;201500051019;0;30;0;0.0;0.0;8.0;1.0;A01
78159;201500051020;0;7;0;0.0;2.0;5.0;16.0;A01
78160;201500051020;0;37;0;0.0;2.0;2.0;1.0;B01
78161;201500051021;0;30;0;0.0;2.0;1.0;1.0;A01
78162;201500051021;0;7;0;0.0;2.0;2.0;15.0;B01
78163;201500051022;0;32;0;0.0;1.0;1.0;1.0;A01
78164;201500051023;0;7;0;0.0;2.0;3.0;1.0;B01
78165;201500051023;0;33;0;0.0;2.0;2.0;17.0;A01
78166;201500051024;0;30;0;0.0;1.0;1.0;1.0;A01
78167;201500051025;0;7;0;11.0;0.0;1.0;1.0;A01
78168;201500051026;0;7;0;0.0;2.0;2.0;16.0;A01
78169;201500051026;0;34;0;0.0;2.0;8.0;1.0;B01
78170;201500051027;0;10;0;0.0;2.0;1.0;1.0;A01
78171;201500051027;0;7;0;0.0;2.0;4.0;23.0;B01
78172;201500051028;0;32;0;0.0;1.0;1.0;1.0;A01
78173;201500051029;0;33;0;0.0;1.0;1.0;1.0;A01
78174;201500051031;0;10;0;0.0;2.0;2.0;1.0;A01
78175;201500051031;0;1;0;0.0;2.0;1.0;1.0;B01
78176;201500051032;0;7;0;11.0;0.0;1.0;1.0;A01
78177;201500051034;0;7;0;14.0;0.0;3.0;13.0;A01
78178;201500051035;0;7;0;0.0;1.0;2.0;1.0;A01
78179;201500051037;0;2;0;0.0;2.0;1.0;1.0;A01
78180;201500051037;0;31;0;0.0;2.0;4.0;1.0;B01
78181;201500051038;0;1;0;0.0;2.0;1.0;1.0;B01
78182;201500051038;0;7;0;0.0;2.0;3.0;22.0;A01
78183;201500051040;0;33;0;14.0;0.0;1.0;17.0;A01
78184;201500051042;0;32;0;0.0;1.0;3.0;1.0;A01
78185;201500051043;0;30;0;0.0;2.0;1.0;1.0;A01
78186;201500051043;0;7;0;0.0;2.0;4.0;1.0;B01
78187;201500051044;0;31;0;14.0;0.0;1.0;13.0;A01
78188;201500051046;0;10;0;0.0;2.0;4.0;23.0;B01
78189;201500051046;0;34;0;0.0;2.0;1.0;2.0;A01
78190;201500051047;0;7;0;0.0;2.0;2.0;16.0;A01
78191;201500051047;0;7;0;0.0;2.0;3.0;7.0;B01
78192;201500051048;0;7;0;0.0;1.0;2.0;1.0;A01
78193;201500051049;0;32;0;0.0;0.0;1.0;1.0;A01
78194;201500051050;0;1;0;1.0;0.0;2.0;7.0;A01
78195;201500051051;0;7;0;0.0;2.0;2.0;15.0;A01
78196;201500051051;0;31;0;0.0;2.0;1.0;1.0;B01
78197;201500051052;0;7;0;0.0;2.0;5.0;1.0;B01
78198;201500051052;0;1;0;0.0;2.0;6.0;13.0;A01
78199;201500051053;0;7;0;1.0;2.0;3.0;9.0;A01
78200;201500051053;0;30;0;0.0;2.0;1.0;1.0;B01
78201;201500051054;0;30;0;0.0;2.0;8.0;1.0;A01
78202;201500051054;1;7;0;0.0;2.0;8.0;1.0;Z01
78203;201500051055;0;1;0;0.0;1.0;1.0;1.0;A01
78204;201500051056;0;33;0;0.0;2.0;1.0;1.0;B01
78205;201500051056;0;7;0;0.0;2.0;2.0;15.0;A01
78206;201500051057;0;7;0;0.0;1.0;1.0;1.0;A01
78207;201500051058;0;7;0;0.0;2.0;3.0;1.0;B01
78208;201500051058;0;7;0;0.0;2.0;2.0;1.0;A01
78209;201500051059;0;7;0;0.0;1.0;3.0;1.0;A01
78210;201500051060;0;30;0;0.0;2.0;4.0;23.0;B01
78211;201500051060;0;7;0;0.0;2.0;1.0;2.0;A01
78212;201500051061;0;7;0;0.0;2.0;7.0;10.0;A01
78213;201500051061;0;33;0;0.0;2.0;1.0;1.0;B01
78214;201500051062;0;30;0;0.0;2.0;7.0;17.0;B01
78215;201500051062;0;7;0;0.0;2.0;8.0;13.0;A01
78216;201500051063;0;31;0;0.0;1.0;1.0;1.0;A01
78217;201500051064;0;7;0;0.0;1.0;3.0;15.0;A01
78218;201500051066;0;2;0;0.0;0.0;7.0;16.0;A01
78219;201500051068;0;1;0;0.0;1.0;1.0;1.0;A01
78220;201500051069;0;37;1;0.0;1.0;2.0;7.0;A01
78221;201500051070;0;7;0;0.0;1.0;1.0;1.0;A01
78222;201500051071;0;7;0;0.0;1.0;2.0;1.0;A01
78223;201500051072;0;30;0;0.0;2.0;1.0;1.0;B01
78224;201500051072;0;7;0;0.0;2.0;8.0;9.0;A01
78225;201500051073;0;10;0;0.0;2.0;1.0;2.0;A01
78226;201500051073;0;7;0;0.0;2.0;4.0;23.0;B01
78227;201500051073;0;7;0;0.0;2.0;4.0;23.0;C01
78228;201500051074;0;1;0;0.0;0.0;0.0;21.0;A01
78229;201500051075;0;1;0;0.0;2.0;4.0;2.0;B01
78230;201500051075;0;7;0;0.0;2.0;1.0;2.0;A01
78231;201500051076;0;7;0;0.0;2.0;8.0;9.0;B01
78232;201500051076;0;10;0;0.0;2.0;5.0;4.0;A01
78233;201500051077;0;1;0;1.0;0.0;1.0;1.0;A01
78234;201500051078;0;7;0;0.0;2.0;3.0;22.0;B01
78235;201500051078;0;1;0;1.0;2.0;1.0;1.0;A01
78236;201500051079;0;1;0;1.0;2.0;1.0;15.0;A01
78237;201500051079;0;7;0;0.0;2.0;2.0;1.0;B01
78238;201500051080;0;33;0;0.0;9.0;1.0;1.0;A01
78239;201500051081;0;7;0;15.0;2.0;1.0;13.0;A01
78240;201500051081;0;7;0;0.0;2.0;8.0;1.0;B01
78241;201500051082;0;34;0;0.0;1.0;1.0;17.0;A01
78242;201500051083;0;34;0;0.0;1.0;1.0;1.0;A01
78243;201500051084;0;7;0;0.0;1.0;2.0;1.0;A01
78244;201500051085;0;30;0;0.0;0.0;0.0;16.0;A01
78245;201500051086;0;32;0;0.0;1.0;0.0;16.0;A01
78246;201500051088;0;7;0;0.0;1.0;2.0;2.0;A01
78247;201500051090;0;32;0;0.0;1.0;1.0;17.0;A01
78248;201500051091;0;7;0;0.0;2.0;2.0;7.0;B01
78249;201500051091;0;1;0;0.0;2.0;3.0;18.0;A01
78250;201500051092;0;32;0;0.0;2.0;1.0;17.0;B01
78251;201500051092;0;7;0;0.0;2.0;3.0;15.0;A01
78252;201500051093;0;7;0;0.0;1.0;1.0;1.0;A01
78253;201500051094;0;1;0;0.0;2.0;3.0;7.0;B01
78254;201500051094;0;7;0;0.0;2.0;2.0;12.0;A01
78255;201500051095;0;2;0;0.0;0.0;3.0;15.0;A01
78256;201500051096;0;30;0;0.0;1.0;1.0;5.0;A01
78257;201500051097;0;7;0;0.0;2.0;2.0;14.0;A01
78258;201500051097;0;30;0;1.0;2.0;8.0;18.0;B01
78259;201500051098;0;33;0;0.0;1.0;0.0;1.0;A01
78260;201500051099;0;7;0;0.0;1.0;1.0;15.0;A01
78261;201500051100;0;31;0;1.0;0.0;1.0;15.0;A01
78262;201500051101;0;31;0;0.0;2.0;1.0;7.0;A01
78263;201500051101;1;7;0;0.0;2.0;7.0;1.0;Z01
78264;201500051102;0;14;0;0.0;2.0;3.0;22.0;A01
78265;201500051102;0;1;0;0.0;2.0;7.0;7.0;B01
78266;201500051103;0;7;0;0.0;2.0;4.0;2.0;C01
78267;201500051103;0;7;0;0.0;2.0;1.0;2.0;A01
78268;201500051103;0;7;0;0.0;2.0;4.0;2.0;B01
78269;201500051104;0;2;0;0.0;2.0;1.0;18.0;A01
78270;201500051104;0;7;0;0.0;2.0;2.0;20.0;B01
78271;201500051105;0;7;0;0.0;2.0;2.0;12.0;A01
78272;201500051105;0;7;0;2.0;2.0;3.0;7.0;B01
78273;201500051106;0;7;0;0.0;1.0;1.0;15.0;A01
78274;201500051107;0;7;0;0.0;2.0;7.0;16.0;A01
78275;201500051107;0;33;0;9.0;2.0;1.0;1.0;B01
78276;201500051108;0;33;0;0.0;2.0;0.0;1.0;B01
78277;201500051108;0;7;0;0.0;2.0;3.0;10.0;A01
78278;201500051109;0;1;0;0.0;2.0;3.0;1.0;A01
78279;201500051109;0;7;0;0.0;2.0;3.0;1.0;B01
78280;201500051110;0;33;0;0.0;2.0;7.0;2.0;B01
78281;201500051110;0;10;0;0.0;2.0;1.0;2.0;A01
78282;201500051111;0;7;0;0.0;2.0;3.0;16.0;A01
78283;201500051111;0;1;0;0.0;2.0;1.0;7.0;B01
78284;201500051112;0;30;0;0.0;1.0;1.0;1.0;A01
78285;201500051113;0;10;0;0.0;2.0;5.0;16.0;B01
78286;201500051113;0;1;0;0.0;2.0;2.0;7.0;A01
78287;201500051115;0;7;0;0.0;2.0;1.0;1.0;A01
78288;201500051115;0;7;0;0.0;2.0;3.0;1.0;B01
78289;201500051116;0;7;0;0.0;2.0;3.0;15.0;A01
78290;201500051116;0;31;0;0.0;2.0;2.0;17.0;B01
78291;201500051117;0;1;0;0.0;2.0;3.0;7.0;B01
78292;201500051117;0;38;0;0.0;2.0;2.0;16.0;A01
78293;201500051118;0;34;0;0.0;1.0;1.0;1.0;A01
78294;201500051119;0;7;0;0.0;1.0;0.0;4.0;A01
78295;201500051121;0;1;0;0.0;1.0;0.0;1.0;A01
78296;201500051122;0;33;0;0.0;2.0;8.0;16.0;B01
78297;201500051122;0;2;0;0.0;2.0;0.0;7.0;A01
78298;201500051123;0;34;0;0.0;2.0;4.0;23.0;B01
78299;201500051123;0;7;0;0.0;2.0;1.0;2.0;A01
78300;201500051124;0;2;0;0.0;2.0;3.0;18.0;A01
78301;201500051124;0;10;0;0.0;2.0;0.0;16.0;B01
78302;201500051125;0;1;0;0.0;2.0;7.0;1.0;A01
78303;201500051125;1;7;0;0.0;2.0;0.0;14.0;Z01
78304;201500051126;0;30;0;0.0;2.0;0.0;14.0;A01
78305;201500051126;0;32;0;0.0;2.0;5.0;1.0;B01
78306;201500051127;0;7;0;14.0;0.0;1.0;1.0;A01
78307;201500051128;0;2;0;0.0;1.0;1.0;1.0;A01
78308;201500051130;0;10;0;0.0;1.0;0.0;1.0;A01
78309;201500051131;0;7;0;0.0;2.0;3.0;13.0;A01
78310;201500051131;0;31;0;1.0;2.0;1.0;17.0;B01
78311;201500051132;0;34;0;0.0;2.0;0.0;17.0;B01
78312;201500051132;0;10;0;0.0;2.0;0.0;10.0;A01
78313;201500051133;0;32;0;0.0;2.0;0.0;1.0;A01
78314;201500051133;0;1;0;0.0;2.0;1.0;9.0;B01
78315;201500051134;0;7;0;0.0;2.0;1.0;1.0;A01
78316;201500051134;0;7;0;0.0;2.0;4.0;1.0;B01
78317;201500051135;0;32;0;0.0;2.0;7.0;1.0;B01
78318;201500051135;0;7;0;0.0;2.0;1.0;1.0;A01
78319;201500051136;0;7;0;1.0;0.0;3.0;13.0;A01
78320;201500051137;0;1;0;0.0;2.0;3.0;7.0;A01
78321;201500051137;0;33;0;0.0;2.0;0.0;15.0;B01
78322;201500051138;0;2;0;0.0;2.0;1.0;1.0;B01
78323;201500051138;0;7;0;0.0;2.0;7.0;15.0;A01
78324;201500051139;1;7;0;0.0;1.0;1.0;1.0;Z01
78325;201500051141;0;31;0;12.0;0.0;7.0;14.0;A01
78326;201500051142;0;30;0;0.0;0.0;3.0;1.0;A01
78327;201500051143;0;7;0;0.0;2.0;3.0;15.0;A01
78328;201500051143;0;2;0;1.0;2.0;2.0;17.0;B01
78329;201500051144;0;10;0;0.0;2.0;4.0;23.0;B01
78330;201500051144;0;2;0;0.0;2.0;1.0;2.0;A01
78331;201500051145;0;1;0;0.0;2.0;3.0;13.0;A01
78332;201500051145;0;1;0;0.0;2.0;1.0;17.0;B01
78333;201500051146;0;30;0;0.0;1.0;0.0;1.0;A01
78334;201500051147;1;7;0;0.0;1.0;8.0;1.0;Z01
78335;201500051148;0;7;0;0.0;2.0;3.0;15.0;B01
78336;201500051148;0;31;0;0.0;2.0;1.0;17.0;A01
78337;201500051149;0;33;0;0.0;2.0;0.0;1.0;B01
78338;201500051149;0;7;0;0.0;2.0;2.0;15.0;A01
78339;201500051150;0;34;0;0.0;0.0;1.0;1.0;A01
78340;201500051151;0;7;0;0.0;1.0;4.0;4.0;A01
78341;201500051152;0;30;0;0.0;1.0;2.0;1.0;A01
78342;201500051153;0;7;0;0.0;1.0;2.0;1.0;A01
78343;201500051154;0;2;0;1.0;0.0;1.0;1.0;A01
78344;201500051155;0;37;0;0.0;1.0;2.0;1.0;A01
78345;201500051156;0;7;0;0.0;2.0;8.0;15.0;A01
78346;201500051156;0;33;0;0.0;2.0;1.0;17.0;B01
78347;201500051157;0;1;0;0.0;2.0;1.0;1.0;B01
78348;201500051157;0;10;0;0.0;2.0;7.0;22.0;A01
78349;201500051158;0;37;0;11.0;0.0;0.0;15.0;A01
78350;201500051159;0;7;0;0.0;2.0;3.0;13.0;A01
78351;201500051159;0;34;0;0.0;2.0;2.0;17.0;B01
78352;201500051161;0;7;0;0.0;2.0;0.0;23.0;B01
78353;201500051161;0;7;0;0.0;2.0;1.0;1.0;A01
78354;201500051162;0;7;0;0.0;2.0;1.0;1.0;A01
78355;201500051162;0;7;0;0.0;2.0;0.0;23.0;B01
78356;201500051163;0;1;0;0.0;2.0;0.0;7.0;A01
78357;201500051163;0;7;0;0.0;2.0;3.0;22.0;B01
78358;201500051164;0;31;0;0.0;2.0;3.0;1.0;B01
78359;201500051164;0;10;0;0.0;2.0;8.0;1.0;A01
78360;201500051165;0;31;0;0.0;1.0;2.0;7.0;A01
78361;201500051166;0;30;0;0.0;1.0;1.0;1.0;A01
78362;201500051167;0;7;0;0.0;1.0;1.0;1.0;A01
78363;201500051168;0;7;0;0.0;2.0;8.0;1.0;A01
78364;201500051168;0;34;0;0.0;2.0;2.0;1.0;B01
78365;201500051169;0;30;0;0.0;2.0;3.0;18.0;A01
78366;201500051169;0;7;0;0.0;2.0;2.0;16.0;B01
78367;201500051170;0;31;0;0.0;2.0;1.0;1.0;A01
78368;201500051170;0;7;0;0.0;2.0;3.0;15.0;B01
78369;201500051171;0;7;0;0.0;2.0;3.0;1.0;A01
78370;201500051171;0;34;0;0.0;2.0;7.0;1.0;B01
78371;201500051172;0;34;0;14.0;0.0;1.0;1.0;A01
78372;201500051173;0;7;0;0.0;2.0;2.0;15.0;A01
78373;201500051173;0;33;0;0.0;2.0;1.0;1.0;B01
78374;201500051174;0;2;0;0.0;2.0;7.0;17.0;A01
78375;201500051174;0;7;0;0.0;2.0;8.0;1.0;B01
78376;201500051175;0;33;0;0.0;0.0;0.0;1.0;A01
78377;201500051176;0;7;0;0.0;2.0;1.0;15.0;A01
78378;201500051176;0;34;0;0.0;2.0;0.0;1.0;B01
78379;201500051177;1;33;0;0.0;1.0;1.0;1.0;Z01
78380;201500051178;0;33;0;0.0;0.0;0.0;1.0;A01
78381;201500051180;0;32;0;0.0;2.0;0.0;1.0;B01
78382;201500051180;0;1;0;0.0;2.0;0.0;15.0;A01
78383;201500051181;0;1;0;1.0;2.0;2.0;21.0;A01
78384;201500051181;0;10;0;1.0;2.0;3.0;22.0;B01
78385;201500051183;0;31;0;7.0;0.0;3.0;1.0;A01
78386;201500051184;0;7;0;0.0;1.0;4.0;4.0;A01
78387;201500051185;0;7;0;0.0;2.0;3.0;15.0;A01
78388;201500051185;0;33;0;0.0;2.0;7.0;1.0;B01
78389;201500051186;0;7;0;0.0;1.0;1.0;1.0;A01
78390;201500051187;0;7;0;0.0;2.0;3.0;1.0;B01
78391;201500051187;0;7;0;0.0;2.0;7.0;1.0;A01
78392;201500051188;0;7;0;0.0;2.0;0.0;15.0;A01
78393;201500051188;0;31;0;0.0;2.0;0.0;1.0;B01
78394;201500051189;0;7;0;0.0;2.0;6.0;15.0;B01
78395;201500051189;0;31;0;0.0;2.0;2.0;2.0;A01
78396;201500051190;0;1;0;0.0;2.0;1.0;17.0;A01
78397;201500051190;1;10;0;0.0;2.0;3.0;15.0;Z01
78398;201500051191;0;3;0;0.0;1.0;3.0;15.0;A01
78399;201500051193;0;32;0;0.0;1.0;0.0;1.0;A01
78400;201500051194;0;37;0;0.0;1.0;2.0;8.0;A01
78401;201500051195;0;32;0;0.0;2.0;4.0;23.0;B01
78402;201500051195;0;7;0;0.0;2.0;2.0;2.0;A01
78403;201500051196;0;7;0;0.0;1.0;2.0;1.0;A01
78404;201500051197;0;7;0;9.0;2.0;1.0;1.0;B01
78405;201500051197;0;7;0;0.0;2.0;7.0;1.0;A01
78406;201500051197;0;7;0;0.0;2.0;3.0;23.0;C01
78407;201500051198;0;33;0;0.0;1.0;0.0;21.0;A01
78408;201500051198;0;37;39;0.0;2.0;3.0;5.0;B01
78409;201500051199;0;7;0;0.0;1.0;2.0;1.0;A01
78410;201500051201;0;34;0;0.0;2.0;3.0;2.0;A01
78411;201500051201;0;1;0;0.0;2.0;4.0;2.0;B01
78412;201500051202;0;10;0;0.0;2.0;2.0;16.0;B01
78413;201500051202;0;30;0;0.0;2.0;3.0;7.0;A01
78414;201500051203;0;30;0;0.0;2.0;6.0;1.0;A01
78415;201500051203;1;2;0;0.0;2.0;0.0;13.0;Z01
78416;201500051204;0;7;0;0.0;1.0;3.0;15.0;A01
78417;201500051205;0;34;0;0.0;1.0;1.0;1.0;A01
78418;201500051206;0;7;0;0.0;2.0;4.0;23.0;B01
78419;201500051206;0;7;0;0.0;2.0;1.0;1.0;A01
78420;201500051207;0;2;0;0.0;0.0;0.0;1.0;A01
78421;201500051208;0;10;0;0.0;1.0;3.0;15.0;A01
78422;201500051209;0;7;0;0.0;1.0;2.0;1.0;A01
78423;201500051210;0;7;0;0.0;2.0;6.0;1.0;A01
78424;201500051210;0;33;0;0.0;2.0;7.0;1.0;B01
78425;201500051211;0;1;0;0.0;2.0;1.0;5.0;A01
78426;201500051211;0;7;0;0.0;2.0;3.0;1.0;B01
78427;201500051212;0;7;0;0.0;2.0;1.0;16.0;B01
78428;201500051212;0;7;0;0.0;2.0;2.0;1.0;A01
78429;201500051213;0;34;0;0.0;2.0;3.0;18.0;B01
78430;201500051213;0;7;0;0.0;2.0;5.0;16.0;A01
78431;201500051214;0;7;0;0.0;1.0;2.0;1.0;A01