;Num_Acc;senc;catv;occutc;obs;obsm;choc;manv;num_veh
78432;201500051215;0;1;0;0.0;1.0;8.0;7.0;A01
78433;201500051216;1;10;0;0.0;2.0;4.0;23.0;Z01
78434;201500051216;0;37;15;0.0;2.0;1.0;1.0;A01
78435;201500051217;0;37;0;0.0;1.0;8.0;8.0;A01
78436;201500051218;0;7;0;0.0;1.0;3.0;1.0;A01
78437;201500051219;0;7;0;1.0;2.0;5.0;1.0;A01
78438;201500051219;0;7;0;0.0;2.0;5.0;24.0;C01
78439;201500051219;0;7;0;0.0;2.0;1.0;1.0;B01
78440;201500051220;0;7;0;0.0;1.0;3.0;1.0;A01
78441;201500051221;0;1;0;0.0;2.0;7.0;1.0;A01
78442;201500051221;0;7;0;0.0;2.0;1.0;1.0;B01
78443;201500051222;0;37;1;0.0;2.0;1.0;7.0;A01
78444;201500051222;0;7;0;0.0;2.0;7.0;4.0;B01
78445;201500051223;0;10;0;0.0;2.0;6.0;11.0;A01
78446;201500051223;0;10;0;1.0;2.0;0.0;1.0;B01
78447;201500051224;0;7;0;0.0;2.0;6.0;22.0;B01
78448;201500051224;0;32;0;0.0;2.0;2.0;1.0;A01
78449;201500051225;0;7;0;0.0;2.0;8.0;22.0;A01
78450;201500051225;0;1;0;0.0;2.0;2.0;1.0;B01
78451;201500051226;0;7;0;0.0;1.0;7.0;1.0;A01
78452;201500051227;0;7;0;0.0;2.0;5.0;23.0;B01
78453;201500051227;0;7;0;0.0;2.0;1.0;2.0;A01
78454;201500051228;0;7;0;0.0;2.0;6.0;23.0;B01
78455;201500051228;0;1;0;0.0;2.0;0.0;2.0;A01
78456;201500051229;0;7;0;0.0;1.0;2.0;1.0;A01
78457;201500051230;0;10;0;0.0;2.0;5.0;23.0;B01
78458;201500051230;0;1;0;0.0;2.0;1.0;1.0;A01
78459;201500051231;0;7;0;0.0;1.0;1.0;1.0;A01
78460;201500051232;0;7;0;0.0;2.0;3.0;15.0;A01
78461;201500051232;0;1;0;0.0;2.0;1.0;17.0;B01
78462;201500051233;0;32;0;0.0;2.0;1.0;1.0;B01
78463;201500051233;0;7;0;0.0;2.0;1.0;15.0;A01
78464;201500051234;0;31;0;0.0;2.0;2.0;17.0;A01
78465;201500051234;0;7;0;0.0;2.0;3.0;15.0;B01
78466;201500051235;0;31;0;0.0;2.0;8.0;1.0;A01
78467;201500051235;1;10;0;0.0;2.0;2.0;16.0;Z01
78468;201500051236;0;7;0;8.0;0.0;1.0;15.0;A01
78469;201500051237;0;7;0;0.0;2.0;2.0;22.0;B01
78470;201500051237;0;31;0;1.0;2.0;7.0;18.0;A01
78471;201500051238;0;7;0;0.0;2.0;7.0;17.0;A01
78472;201500051238;0;1;0;0.0;2.0;8.0;13.0;B01
78473;201500051239;0;7;0;0.0;2.0;1.0;15.0;A01
78474;201500051239;0;30;0;0.0;2.0;6.0;1.0;B01
78475;201500051240;0;37;0;0.0;1.0;2.0;7.0;A01
78476;201500051241;0;32;0;0.0;0.0;2.0;1.0;A01
78477;201500051242;0;2;0;14.0;0.0;3.0;1.0;A01
78478;201500051243;0;7;0;0.0;2.0;2.0;1.0;A01
78479;201500051243;0;7;0;0.0;2.0;1.0;1.0;B01
78480;201500051244;0;1;0;0.0;1.0;1.0;1.0;A01
78481;201500051245;0;32;0;0.0;0.0;0.0;1.0;A01
78482;201500051246;0;1;0;0.0;2.0;8.0;23.0;B01
78483;201500051246;0;7;0;0.0;2.0;2.0;1.0;A01
78484;201500051247;0;7;0;0.0;2.0;0.0;15.0;A01
78485;201500051247;0;33;0;0.0;2.0;0.0;1.0;B01
78486;201500051249;0;7;0;0.0;1.0;1.0;18.0;A01
78487;201500051250;0;7;0;0.0;2.0;3.0;15.0;B01
78488;201500051250;0;30;0;0.0;2.0;1.0;1.0;A01
78489;201500051251;0;7;0;0.0;1.0;5.0;4.0;A01
78490;201500051252;0;32;0;0.0;2.0;6.0;15.0;A01
78491;201500051252;0;7;0;0.0;2.0;2.0;1.0;B01
78492;201500051253;0;1;0;0.0;2.0;3.0;15.0;A01
78493;201500051253;0;10;0;0.0;2.0;2.0;1.0;B01
78494;201500051254;0;34;0;0.0;1.0;1.0;1.0;A01
78495;201500051255;0;7;0;0.0;1.0;1.0;1.0;A01
78496;201500051256;0;7;0;0.0;2.0;4.0;1.0;B01
78497;201500051256;0;30;0;0.0;2.0;1.0;21.0;A01
78498;201500051257;0;7;0;1.0;0.0;1.0;1.0;A01
78499;201500051258;0;7;0;0.0;2.0;4.0;1.0;B01
78500;201500051258;0;10;0;0.0;2.0;2.0;12.0;A01
78501;201500051259;0;10;0;0.0;2.0;8.0;10.0;A01
78502;201500051259;0;7;0;0.0;2.0;7.0;7.0;B01
78503;201500051260;0;33;0;0.0;2.0;7.0;17.0;A01
78504;201500051260;0;7;0;0.0;2.0;0.0;15.0;B01
78505;201500051261;0;34;0;0.0;1.0;1.0;1.0;A01
78506;201500051263;0;7;0;0.0;2.0;3.0;16.0;A01
78507;201500051263;0;1;0;0.0;2.0;4.0;1.0;B01
78508;201500051265;0;7;0;0.0;2.0;2.0;1.0;A01
78509;201500051265;0;7;0;0.0;2.0;3.0;1.0;B01
78510;201500051266;0;7;0;0.0;1.0;2.0;1.0;A01
78511;201500051267;0;7;0;0.0;2.0;4.0;2.0;A01
78512;201500051267;0;31;0;0.0;2.0;4.0;2.0;B01
78513;201500051268;0;7;0;0.0;1.0;1.0;15.0;A01
78514;201500051269;0;30;0;0.0;0.0;2.0;1.0;A01
78515;201500051270;0;1;0;0.0;1.0;1.0;7.0;A01
78516;201500051271;0;1;0;0.0;1.0;1.0;7.0;A01
78517;201500051272;0;7;0;0.0;1.0;1.0;1.0;A01
78518;201500051273;0;7;0;8.0;1.0;1.0;16.0;A01
78519;201500051274;0;37;0;0.0;1.0;1.0;1.0;A01
78520;201500051275;0;1;0;0.0;1.0;1.0;1.0;A01
78521;201500051276;0;1;0;0.0;0.0;0.0;1.0;A01
78522;201500051277;0;2;0;0.0;0.0;1.0;15.0;A01
78523;201500051278;0;1;0;0.0;2.0;0.0;1.0;B01
78524;201500051278;0;7;0;0.0;2.0;3.0;1.0;A01
78525;201500051279;0;31;0;14.0;0.0;8.0;13.0;A01
78526;201500051280;0;7;0;0.0;2.0;1.0;1.0;A01
78527;201500051280;0;1;0;0.0;2.0;5.0;15.0;B01
78528;201500051281;0;37;0;0.0;1.0;2.0;7.0;A01
78529;201500051283;0;7;0;0.0;2.0;2.0;1.0;A01
78530;201500051283;1;34;0;0.0;2.0;5.0;1.0;Z01
78531;201500051284;0;38;0;0.0;2.0;0.0;16.0;A01
78532;201500051284;0;1;0;0.0;2.0;8.0;7.0;B01
78533;201500051285;0;37;0;0.0;2.0;1.0;1.0;B01
78534;201500051285;0;10;0;0.0;1.0;1.0;1.0;A01
78535;201500051285;0;10;0;0.0;2.0;1.0;1.0;C01
78536;201500051286;0;1;0;1.0;2.0;1.0;1.0;B01
78537;201500051286;0;7;0;0.0;2.0;8.0;22.0;A01
78538;201500051287;0;30;0;0.0;2.0;1.0;1.0;A01
78539;201500051287;1;7;0;0.0;2.0;0.0;1.0;B01
78540;201500051288;0;31;0;0.0;0.0;0.0;1.0;A01
78541;201500051289;0;7;0;0.0;2.0;3.0;22.0;A01
78542;201500051289;0;1;0;0.0;2.0;0.0;1.0;B01
78543;201500051289;0;7;0;0.0;2.0;0.0;1.0;C01
78544;201500051291;0;10;0;0.0;1.0;3.0;15.0;A01
78545;201500051292;0;37;0;0.0;1.0;5.0;8.0;A01
78546;201500051293;0;7;0;0.0;2.0;2.0;15.0;A01
78547;201500051293;0;31;0;0.0;2.0;8.0;1.0;B01
78548;201500051294;0;2;0;0.0;2.0;8.0;1.0;A01
78549;201500051294;1;7;0;0.0;2.0;0.0;17.0;Z01
78550;201500051295;0;37;0;0.0;1.0;2.0;7.0;A01
78551;201500051296;0;30;0;0.0;2.0;0.0;17.0;B01
78552;201500051296;0;7;0;0.0;2.0;6.0;15.0;A01
78553;201500051297;0;7;0;0.0;1.0;1.0;17.0;A01
78554;201500051298;0;7;0;0.0;2.0;2.0;16.0;A01
78555;201500051298;0;1;0;0.0;2.0;8.0;1.0;B01
78556;201500051299;0;7;0;0.0;2.0;1.0;2.0;A01
78557;201500051299;0;33;0;0.0;2.0;4.0;23.0;B01
78558;201500051300;0;7;0;0.0;2.0;5.0;4.0;A01
78559;201500051300;0;34;0;0.0;2.0;4.0;23.0;B01
78560;201500051301;1;7;0;0.0;2.0;3.0;1.0;Z01
78561;201500051301;0;7;0;14.0;2.0;3.0;1.0;A01
78562;201500051302;0;7;0;0.0;2.0;2.0;1.0;B01
78563;201500051302;0;10;0;0.0;2.0;8.0;1.0;A01
78564;201500051304;0;10;0;0.0;1.0;2.0;17.0;A01
78565;201500051305;0;33;0;0.0;0.0;7.0;1.0;A01
78566;201500051306;1;7;0;0.0;2.0;1.0;2.0;Z01
78567;201500051306;0;33;0;0.0;2.0;4.0;2.0;A01
78568;201500051307;0;30;0;0.0;1.0;2.0;17.0;A01
78569;201500051308;0;32;0;0.0;1.0;1.0;1.0;A01
78570;201500051309;0;7;0;0.0;2.0;2.0;2.0;A01
78571;201500051309;0;33;0;0.0;2.0;6.0;2.0;B01
78572;201500051310;0;30;0;0.0;2.0;8.0;18.0;B01
78573;201500051310;0;7;0;0.0;2.0;2.0;16.0;A01
78574;201500051311;0;33;0;0.0;0.0;7.0;21.0;A01
78575;201500051312;0;7;0;0.0;2.0;1.0;2.0;A01
78576;201500051312;0;7;0;0.0;2.0;4.0;23.0;B01
78577;201500051312;0;7;0;0.0;2.0;0.0;23.0;C01
78578;201500051313;1;2;0;0.0;1.0;0.0;1.0;Z01
78579;201500051315;0;7;0;0.0;1.0;0.0;16.0;A01
78580;201500051316;0;31;0;0.0;1.0;1.0;1.0;A01
78581;201500051317;0;7;0;0.0;0.0;0.0;0.0;B01
78582;201500051317;0;2;0;0.0;2.0;6.0;20.0;A01
78583;201500051318;0;32;0;0.0;2.0;8.0;16.0;A01
78584;201500051318;0;7;0;0.0;2.0;7.0;16.0;B01
78585;201500051319;0;34;0;0.0;1.0;1.0;3.0;A01
78586;201500051320;0;31;0;0.0;0.0;0.0;1.0;A01
78587;201500051321;0;1;0;0.0;2.0;3.0;13.0;A01
78588;201500051321;0;37;0;0.0;2.0;2.0;7.0;B01
78589;201500051322;0;1;0;0.0;2.0;8.0;1.0;A01
78590;201500051322;1;7;0;0.0;2.0;0.0;22.0;Z01
78591;201500051324;0;37;0;0.0;1.0;2.0;7.0;A01
78592;201500051325;0;30;0;0.0;1.0;1.0;17.0;A01
78593;201500051327;0;1;0;0.0;1.0;1.0;1.0;A01
78594;201500051328;0;1;0;0.0;2.0;8.0;1.0;B01
78595;201500051328;0;7;0;0.0;2.0;1.0;15.0;A01
78596;201500051329;0;32;0;15.0;0.0;1.0;21.0;A01
78597;201500051330;0;37;0;0.0;1.0;8.0;1.0;A01
78598;201500051331;0;30;0;0.0;2.0;1.0;2.0;A01
78599;201500051331;0;7;0;0.0;2.0;5.0;23.0;B01
78600;201500051332;0;31;0;0.0;2.0;7.0;1.0;A01
78601;201500051332;0;7;0;0.0;2.0;2.0;1.0;B01
78602;201500051333;0;10;0;0.0;2.0;3.0;24.0;A01
78603;201500051333;0;1;0;1.0;2.0;2.0;7.0;B01
78604;201500051334;0;31;0;0.0;1.0;1.0;1.0;A01
78605;201500051336;0;1;0;0.0;1.0;3.0;1.0;A01
78606;201500051337;0;33;0;0.0;0.0;0.0;1.0;A01
78607;201500051338;0;7;0;0.0;1.0;1.0;1.0;A01
78608;201500051339;0;1;0;0.0;2.0;2.0;5.0;A01
78609;201500051339;0;7;0;0.0;2.0;2.0;15.0;B01
78610;201500051340;0;2;0;0.0;2.0;8.0;1.0;B01
78611;201500051340;0;7;0;0.0;2.0;1.0;10.0;A01
78612;201500051341;0;7;0;0.0;1.0;7.0;7.0;A01
78613;201500051342;0;1;0;0.0;1.0;1.0;1.0;A01
78614;201500051344;0;30;0;0.0;2.0;3.0;18.0;B01
78615;201500051344;0;7;0;0.0;2.0;2.0;12.0;A01
78616;201500051345;0;32;0;0.0;2.0;0.0;1.0;B01
78617;201500051345;0;7;0;0.0;2.0;3.0;15.0;A01
78618;201500051346;0;7;0;0.0;2.0;0.0;23.0;B01
78619;201500051346;0;32;0;1.0;2.0;6.0;2.0;A01
78620;201500051347;0;7;0;0.0;2.0;3.0;15.0;A01
78621;201500051347;0;33;0;0.0;2.0;0.0;1.0;B01
78622;201500051348;0;32;0;12.0;0.0;7.0;14.0;A01
78623;201500051349;0;7;0;0.0;2.0;0.0;1.0;C01
78624;201500051349;0;7;0;1.0;2.0;3.0;22.0;A01
78625;201500051349;0;1;0;0.0;2.0;0.0;1.0;B01
78626;201500051350;0;31;0;0.0;1.0;2.0;1.0;A01
78627;201500051351;0;37;0;0.0;1.0;2.0;8.0;A01
78628;201500051352;1;7;0;0.0;2.0;0.0;15.0;Z01
78629;201500051352;0;2;0;0.0;2.0;5.0;17.0;A01
78630;201500051354;0;7;0;0.0;2.0;7.0;16.0;A01
78631;201500051354;0;1;0;0.0;2.0;3.0;1.0;B01
78632;201500051355;0;33;0;1.0;0.0;0.0;1.0;A01
78633;201500051357;0;7;0;0.0;1.0;7.0;1.0;A01
78634;201500051358;0;3;0;0.0;2.0;0.0;2.0;A01
78635;201500051358;0;33;0;0.0;2.0;4.0;2.0;B01
78636;201500051359;0;7;0;0.0;1.0;0.0;1.0;A01
78637;201500051360;0;7;0;0.0;2.0;5.0;15.0;A01
78638;201500051360;0;30;0;0.0;2.0;1.0;1.0;B01
78639;201500051361;0;30;0;0.0;2.0;1.0;1.0;B01
78640;201500051361;0;7;0;0.0;2.0;1.0;15.0;A01
78641;201500051362;0;34;0;0.0;2.0;2.0;17.0;A01
78642;201500051362;0;30;0;0.0;2.0;6.0;15.0;B01
78643;201500051363;0;7;0;0.0;2.0;6.0;24.0;C01
78644;201500051363;0;10;0;0.0;2.0;5.0;23.0;B01
78645;201500051363;0;33;0;0.0;2.0;1.0;1.0;A01
78646;201500051364;0;7;0;8.0;0.0;1.0;1.0;A01
78647;201500051366;0;31;0;0.0;1.0;1.0;1.0;A01
78648;201500051367;0;10;0;0.0;1.0;1.0;1.0;A01
78649;201500051368;0;30;0;0.0;0.0;0.0;16.0;A01
78650;201500051369;0;30;0;0.0;0.0;0.0;21.0;A01
78651;201500051370;0;30;0;12.0;0.0;0.0;14.0;A01
78652;201500051371;0;14;0;0.0;2.0;2.0;9.0;A01
78653;201500051371;0;32;0;0.0;2.0;3.0;1.0;B01
78654;201500051372;0;7;0;0.0;1.0;1.0;15.0;A01
78655;201500051373;0;31;0;0.0;2.0;7.0;1.0;B01
78656;201500051373;0;7;0;0.0;2.0;8.0;10.0;A01
78657;201500051374;0;13;0;0.0;2.0;3.0;15.0;A01
78658;201500051374;0;33;0;0.0;2.0;2.0;1.0;B01
78659;201500051375;0;7;0;0.0;1.0;6.0;20.0;A01
78660;201500051376;0;1;0;0.0;2.0;3.0;1.0;B01
78661;201500051376;0;7;0;0.0;2.0;2.0;16.0;A01
78662;201500051377;0;32;0;11.0;0.0;1.0;1.0;A01
78663;201500051378;0;7;0;0.0;2.0;1.0;2.0;A01
78664;201500051378;0;30;0;0.0;2.0;4.0;2.0;B01
78665;201500051379;0;7;0;14.0;0.0;3.0;1.0;A01
78666;201500051380;0;1;0;0.0;1.0;1.0;1.0;A01
78667;201500051381;0;33;0;0.0;2.0;2.0;1.0;A01
78668;201500051381;1;7;0;0.0;2.0;2.0;13.0;Z01
78669;201500051382;0;10;0;0.0;2.0;2.0;14.0;A01
78670;201500051382;0;1;0;0.0;2.0;3.0;1.0;B01
78671;201500051383;0;10;0;0.0;1.0;4.0;4.0;A01
78672;201500051384;0;1;0;0.0;1.0;4.0;15.0;A01
78673;201500051385;0;30;0;0.0;0.0;0.0;1.0;A01
78674;201500051387;0;33;0;0.0;2.0;1.0;21.0;A01
78675;201500051388;0;34;0;0.0;1.0;1.0;1.0;A01
78676;201500051389;0;7;0;0.0;2.0;3.0;15.0;B01
78677;201500051389;0;31;0;1.0;2.0;1.0;8.0;A01
78678;201500051390;0;7;0;0.0;1.0;2.0;15.0;A01
78679;201500051391;0;7;0;0.0;2.0;8.0;1.0;A01
78680;201500051391;0;7;0;0.0;2.0;7.0;1.0;B01
78681;201500051392;0;31;0;0.0;0.0;0.0;1.0;A01
78682;201500051394;0;7;0;0.0;2.0;2.0;15.0;A01
78683;201500051394;0;1;0;0.0;2.0;7.0;1.0;B01
78684;201500051396;0;1;0;0.0;2.0;1.0;14.0;A01
78685;201500051396;0;7;0;0.0;2.0;4.0;23.0;B01
78686;201500051397;0;1;0;0.0;2.0;1.0;1.0;B01
78687;201500051397;0;7;0;0.0;2.0;7.0;22.0;A01
78688;201500051398;0;30;0;12.0;0.0;3.0;13.0;A01
78689;201500051399;0;7;0;0.0;2.0;6.0;23.0;B01
78690;201500051399;0;7;0;0.0;2.0;5.0;23.0;C01
78691;201500051399;0;30;0;14.0;2.0;1.0;3.0;A01
78692;201500051400;0;32;0;0.0;1.0;1.0;1.0;A01
78693;201500051401;0;33;0;0.0;2.0;7.0;17.0;A01
78694;201500051401;0;7;0;0.0;2.0;3.0;13.0;B01
78695;201500051402;0;32;0;0.0;2.0;8.0;1.0;A01
78696;201500051402;1;7;0;0.0;2.0;0.0;1.0;B01
78697;201500051403;0;7;0;8.0;1.0;2.0;15.0;A01
78698;201500051404;0;7;0;0.0;2.0;2.0;1.0;A01
78699;201500051404;0;32;0;0.0;2.0;1.0;1.0;B01
78700;201500051405;0;32;0;0.0;2.0;2.0;15.0;A01
78701;201500051405;0;7;0;0.0;2.0;3.0;8.0;B01
78702;201500051409;0;33;0;0.0;2.0;1.0;1.0;B01
78703;201500051409;0;1;0;0.0;2.0;4.0;1.0;A01
78704;201500051410;0;33;0;11.0;0.0;8.0;17.0;A01
78705;201500051411;0;2;0;14.0;0.0;1.0;13.0;A01
78706;201500051412;0;1;0;0.0;2.0;1.0;1.0;B01
78707;201500051412;0;10;0;0.0;2.0;8.0;22.0;A01
78708;201500051414;0;7;0;8.0;0.0;3.0;15.0;A01
78709;201500051415;0;7;0;0.0;1.0;5.0;20.0;A01
78710;201500051416;0;33;0;0.0;2.0;0.0;23.0;B01
78711;201500051416;0;30;0;0.0;1.0;0.0;16.0;A01
78712;201500051417;0;7;0;0.0;1.0;0.0;1.0;A01
78713;201500051419;0;33;0;0.0;2.0;7.0;2.0;A01
78714;201500051419;0;31;0;0.0;2.0;4.0;16.0;B01
78715;201500051420;0;7;0;9.0;0.0;1.0;1.0;A01
78716;201500051421;0;7;0;0.0;1.0;1.0;15.0;A01
78717;201500051422;0;2;0;0.0;2.0;8.0;14.0;B01
78718;201500051422;0;38;1;0.0;2.0;5.0;1.0;A01
78719;201500051423;0;7;0;0.0;2.0;2.0;13.0;A01
78720;201500051423;0;33;0;0.0;2.0;1.0;1.0;B01
78721;201500051424;0;10;0;0.0;1.0;4.0;4.0;A01
78722;201500051425;0;34;0;0.0;0.0;8.0;1.0;A01
78723;201500051426;0;7;0;0.0;2.0;2.0;9.0;A01
78724;201500051426;0;34;0;0.0;2.0;6.0;1.0;B01
78725;201500051427;0;32;0;0.0;1.0;1.0;1.0;A01
78726;201500051428;0;30;0;0.0;0.0;0.0;15.0;A01
78727;201500051430;0;7;0;0.0;2.0;1.0;1.0;A01
78728;201500051430;0;7;0;0.0;2.0;4.0;20.0;B01
78729;201500051431;0;37;0;0.0;2.0;1.0;1.0;A01
78730;201500051431;0;7;0;0.0;2.0;5.0;23.0;B01
78731;201500051432;0;32;0;0.0;2.0;3.0;1.0;A01
78732;201500051432;0;7;0;0.0;2.0;2.0;15.0;B01
78733;201500051433;0;1;0;0.0;2.0;1.0;1.0;B01
78734;201500051433;0;7;0;0.0;2.0;3.0;22.0;A01
78735;201500051434;0;7;0;0.0;2.0;5.0;15.0;A01
78736;201500051434;0;33;0;0.0;2.0;1.0;1.0;B01
78737;201500051435;0;7;0;0.0;1.0;2.0;7.0;A01
78738;201500051436;0;7;0;0.0;2.0;7.0;10.0;A01
78739;201500051436;0;32;0;0.0;2.0;1.0;7.0;B01
78740;201500051437;0;7;0;15.0;1.0;4.0;4.0;A01
78741;201500051438;0;1;0;0.0;1.0;1.0;1.0;A01
78742;201500051439;0;2;0;0.0;2.0;8.0;13.0;A01
78743;201500051439;0;33;0;0.0;2.0;7.0;1.0;B01
78744;201500051440;0;34;0;0.0;2.0;7.0;17.0;A01
78745;201500051440;0;7;0;0.0;2.0;8.0;1.0;B01
78746;201500051441;0;32;0;0.0;2.0;2.0;17.0;B01
78747;201500051441;0;7;0;0.0;2.0;3.0;15.0;A01
78748;201500051442;0;10;0;12.0;1.0;2.0;1.0;A01
78749;201500051443;0;7;0;0.0;2.0;3.0;10.0;A01
78750;201500051443;0;33;0;0.0;2.0;5.0;1.0;B01
78751;201500051445;0;10;0;0.0;1.0;6.0;4.0;A01
78752;201500051447;0;34;0;0.0;2.0;4.0;23.0;B01
78753;201500051447;0;7;0;0.0;2.0;1.0;2.0;A01
78754;201500051448;0;7;0;0.0;2.0;1.0;15.0;A01
78755;201500051448;0;33;0;0.0;2.0;8.0;1.0;B01
78756;201500051449;0;33;0;0.0;2.0;1.0;1.0;B01
78757;201500051449;0;1;0;0.0;2.0;1.0;1.0;A01
78758;201500051450;0;30;0;0.0;2.0;1.0;7.0;A01
78759;201500051450;0;7;0;0.0;2.0;2.0;16.0;B01
78760;201500051451;0;10;0;0.0;2.0;7.0;16.0;A01
78761;201500051451;0;33;0;0.0;2.0;8.0;1.0;B01
78762;201500051452;0;7;0;11.0;0.0;3.0;13.0;A01
78763;201500051453;0;2;0;0.0;2.0;2.0;17.0;A01
78764;201500051453;1;10;0;0.0;2.0;6.0;13.0;Z01
78765;201500051455;0;3;0;14.0;0.0;0.0;13.0;A01
78766;201500051456;0;30;0;0.0;0.0;7.0;1.0;A01
78767;201500051457;0;33;0;0.0;0.0;3.0;16.0;A01
78768;201500051458;0;30;0;12.0;0.0;8.0;13.0;A01
78769;201500051459;0;7;0;0.0;2.0;8.0;15.0;A01
78770;201500051459;0;30;0;0.0;2.0;1.0;17.0;B01
78771;201500051460;0;2;0;14.0;9.0;1.0;7.0;A01
78772;201500051461;0;1;0;0.0;1.0;1.0;1.0;A01
78773;201500051462;0;7;0;0.0;2.0;8.0;22.0;A01
78774;201500051462;0;1;0;0.0;2.0;0.0;1.0;B01
78775;201500051463;0;7;0;0.0;2.0;4.0;23.0;B01
78776;201500051463;1;7;0;0.0;2.0;0.0;2.0;Z01
78777;201500051463;0;10;0;0.0;2.0;4.0;23.0;A01
78778;201500051464;0;31;0;0.0;2.0;3.0;1.0;A01
78779;201500051464;0;1;0;0.0;2.0;0.0;14.0;B01
78780;201500051465;0;32;0;12.0;0.0;1.0;1.0;A01
78781;201500051466;0;37;0;0.0;1.0;2.0;1.0;A01
78782;201500051468;0;31;0;0.0;2.0;7.0;1.0;A01
78783;201500051468;0;7;0;0.0;2.0;1.0;1.0;B01
78784;201500051469;0;31;0;0.0;2.0;1.0;2.0;A01
78785;201500051469;0;7;0;0.0;2.0;6.0;2.0;B01
78786;201500051470;0;7;0;0.0;2.0;4.0;23.0;B01
78787;201500051470;0;10;0;0.0;2.0;1.0;1.0;A01
78788;201500051471;0;7;0;0.0;2.0;0.0;1.0;A01
78789;201500051471;0;32;0;0.0;2.0;0.0;15.0;B01
78790;201500051472;0;1;0;0.0;1.0;0.0;0.0;A01
78791;201500051473;0;7;0;0.0;1.0;2.0;1.0;A01
78792;201500051474;0;7;0;0.0;1.0;5.0;4.0;A01
78793;201500051475;0;34;0;0.0;2.0;2.0;7.0;A01
78794;201500051475;0;10;0;0.0;2.0;3.0;15.0;B01
78795;201500051476;0;30;0;0.0;0.0;0.0;1.0;A01
78796;201500051477;0;2;0;11.0;2.0;0.0;1.0;B01
78797;201500051477;0;7;0;0.0;2.0;0.0;13.0;A01
78798;201500051478;0;7;0;0.0;2.0;0.0;23.0;B01
78799;201500051478;0;34;0;0.0;2.0;1.0;1.0;A01
78800;201500051479;0;1;0;1.0;0.0;1.0;1.0;A01
78801;201500051481;0;30;0;0.0;1.0;1.0;1.0;A01
78802;201500051482;0;37;0;0.0;1.0;2.0;7.0;A01
78803;201500051483;0;34;0;0.0;1.0;3.0;1.0;A01
78804;201500051484;0;30;0;0.0;0.0;0.0;1.0;A01
78805;201500051485;0;32;0;0.0;2.0;2.0;17.0;A01
78806;201500051485;0;7;0;0.0;2.0;3.0;13.0;B01
78807;201500051486;0;10;0;0.0;1.0;4.0;4.0;A01
78808;201500051487;0;7;0;0.0;2.0;1.0;1.0;A01
78809;201500051487;0;7;0;0.0;2.0;4.0;23.0;B01
78810;201500051488;0;1;0;0.0;2.0;1.0;19.0;A01
78811;201500051488;0;7;0;0.0;2.0;3.0;1.0;B01
78812;201500051489;0;34;0;0.0;2.0;7.0;15.0;A01
78813;201500051489;0;30;0;0.0;2.0;1.0;1.0;B01
78814;201500051490;0;1;0;0.0;0.0;0.0;1.0;A01
78815;201500051491;0;1;0;0.0;2.0;2.0;19.0;B01
78816;201500051491;0;7;0;0.0;2.0;2.0;1.0;A01
78817;201500051492;0;2;0;0.0;2.0;1.0;2.0;A01
78818;201500051492;0;7;0;0.0;2.0;6.0;2.0;B01
78819;201500051493;0;7;0;0.0;2.0;4.0;23.0;C01
78820;201500051493;0;7;0;0.0;2.0;4.0;23.0;B01
78821;201500051493;0;7;0;0.0;2.0;1.0;1.0;A01
78822;201500051494;0;33;0;0.0;2.0;1.0;2.0;A01
78823;201500051494;0;37;0;0.0;2.0;0.0;15.0;C01
78824;201500051494;0;7;0;0.0;2.0;5.0;23.0;B01
78825;201500051496;0;33;0;0.0;2.0;3.0;1.0;B01
78826;201500051496;0;7;0;0.0;2.0;2.0;16.0;A01
78827;201500051497;0;32;0;0.0;2.0;7.0;17.0;A01
78828;201500051497;0;7;0;0.0;2.0;3.0;15.0;B01
78829;201500051498;0;7;0;0.0;2.0;2.0;1.0;A01
78830;201500051498;0;33;0;0.0;2.0;3.0;15.0;B01
78831;201500051499;0;7;0;0.0;1.0;2.0;16.0;A01
78832;201500051500;0;7;0;0.0;1.0;5.0;1.0;A01
78833;201500051501;0;1;0;0.0;2.0;0.0;7.0;A01
78834;201500051501;0;7;0;0.0;9.0;2.0;1.0;B01
78835;201500051502;0;7;0;0.0;2.0;8.0;1.0;B01
78836;201500051502;0;7;0;0.0;2.0;1.0;15.0;A01
78837;201500051503;0;7;0;0.0;2.0;6.0;15.0;B01
78838;201500051503;0;2;0;0.0;2.0;6.0;1.0;A01
78839;201500051504;0;7;0;0.0;1.0;1.0;15.0;A01
78840;201500051505;0;7;0;0.0;2.0;3.0;15.0;A01
78841;201500051505;0;2;0;0.0;2.0;4.0;1.0;B01
78842;201500051506;0;31;0;0.0;9.0;0.0;1.0;A01
78843;201500051508;0;32;0;0.0;0.0;0.0;21.0;A01
78844;201500051509;0;7;0;0.0;2.0;2.0;15.0;A01
78845;201500051509;0;31;0;0.0;2.0;0.0;1.0;B01
78846;201500051510;0;7;0;0.0;2.0;2.0;5.0;A01
78847;201500051510;0;7;0;0.0;2.0;3.0;23.0;B01
78848;201500051511;0;10;0;0.0;2.0;2.0;15.0;A01
78849;201500051511;0;7;0;0.0;2.0;1.0;7.0;B01