;Num_Acc;senc;catv;occutc;obs;obsm;choc;manv;num_veh
79268;201500051781;0;33;0;0.0;2.0;1.0;17.0;A01
79269;201500051781;0;32;0;0.0;2.0;8.0;15.0;B01
79270;201500051783;0;7;0;0.0;2.0;5.0;16.0;A01
79271;201500051783;0;33;0;0.0;2.0;1.0;1.0;B01
79272;201500051784;0;32;0;0.0;2.0;1.0;1.0;A01
79273;201500051784;0;7;0;0.0;2.0;3.0;10.0;B01
79274;201500051785;0;7;0;0.0;2.0;1.0;15.0;A01
79275;201500051785;0;32;0;0.0;2.0;1.0;1.0;B01
79276;201500051786;0;34;0;0.0;1.0;1.0;1.0;A01
79277;201500051787;0;10;0;0.0;2.0;2.0;10.0;A01
79278;201500051787;0;32;0;0.0;2.0;2.0;1.0;B01
79279;201500051788;0;10;0;0.0;2.0;3.0;15.0;A01
79280;201500051788;0;31;0;0.0;2.0;7.0;1.0;B01
79281;201500051789;0;34;0;1.0;1.0;2.0;1.0;A01
79282;201500051790;0;37;0;0.0;2.0;2.0;2.0;A01
79283;201500051790;0;7;0;0.0;2.0;6.0;2.0;B01
79284;201500051791;0;7;0;0.0;2.0;1.0;1.0;A01
79285;201500051791;0;7;0;0.0;2.0;8.0;1.0;B01
79286;201500051792;0;7;0;1.0;1.0;1.0;14.0;A01
79287;201500051792;0;7;0;0.0;2.0;0.0;23.0;B01
79288;201500051793;0;7;0;0.0;2.0;4.0;23.0;B01
79289;201500051793;0;7;0;0.0;2.0;1.0;2.0;C01
79290;201500051793;0;7;0;0.0;2.0;1.0;2.0;A01
79291;201500051794;0;7;0;0.0;1.0;3.0;1.0;A01
79292;201500051795;0;34;0;0.0;1.0;1.0;1.0;A01
79293;201500051796;0;30;0;0.0;1.0;1.0;1.0;A01
79294;201500051797;0;34;0;0.0;2.0;1.0;1.0;A01
79295;201500051797;0;7;0;0.0;2.0;6.0;15.0;B01
79296;201500051798;0;10;0;0.0;2.0;2.0;14.0;A01
79297;201500051798;0;33;0;0.0;2.0;8.0;1.0;B01
79298;201500051799;0;32;0;0.0;0.0;0.0;1.0;A01
79299;201500051800;0;7;0;0.0;1.0;6.0;4.0;A01
79300;201500051801;0;7;0;0.0;1.0;1.0;16.0;A01
79301;201500051802;0;7;0;0.0;2.0;5.0;23.0;B01
79302;201500051802;0;34;0;0.0;2.0;1.0;2.0;A01
79303;201500051803;0;33;0;0.0;2.0;3.0;1.0;B01
79304;201500051803;0;7;0;0.0;2.0;2.0;1.0;A01
79305;201500051804;0;7;0;0.0;2.0;1.0;15.0;A01
79306;201500051804;0;34;0;0.0;2.0;8.0;1.0;B01
79307;201500051805;0;7;0;0.0;2.0;2.0;16.0;A01
79308;201500051805;0;7;0;0.0;2.0;3.0;1.0;B01
79309;201500051806;0;33;0;0.0;2.0;1.0;18.0;A01
79310;201500051806;0;33;0;0.0;2.0;4.0;1.0;B01
79311;201500051807;0;7;0;14.0;2.0;1.0;1.0;B01
79312;201500051807;0;7;0;0.0;2.0;1.0;15.0;A01
79313;201500051808;0;7;0;14.0;0.0;1.0;1.0;A01
79314;201500051810;0;7;0;0.0;2.0;2.0;15.0;B01
79315;201500051810;0;32;0;0.0;2.0;2.0;1.0;A01
79316;201500051811;0;31;0;0.0;2.0;3.0;13.0;A01
79317;201500051811;0;7;0;0.0;2.0;2.0;1.0;B01
79318;201500051812;0;7;0;0.0;1.0;3.0;1.0;A01
79319;201500051813;0;30;0;0.0;1.0;1.0;1.0;A01
79320;201500051814;0;7;0;0.0;1.0;2.0;1.0;A01
79321;201500051815;0;7;0;0.0;2.0;7.0;1.0;A01
79322;201500051815;0;7;0;0.0;2.0;1.0;1.0;B01
79323;201500051816;0;30;0;0.0;2.0;0.0;1.0;A01
79324;201500051816;0;7;0;0.0;2.0;0.0;1.0;B01
79325;201500051817;0;30;0;0.0;2.0;0.0;2.0;A01
79326;201500051817;0;10;0;0.0;2.0;3.0;23.0;B01
79327;201500051818;1;32;0;0.0;2.0;0.0;2.0;Z01
79328;201500051818;0;1;0;0.0;2.0;0.0;2.0;A01
79329;201500051820;0;10;0;0.0;2.0;1.0;2.0;A01
79330;201500051820;0;7;0;0.0;2.0;4.0;2.0;B01
79331;201500051821;0;7;0;0.0;2.0;6.0;15.0;B01
79332;201500051821;0;31;0;0.0;2.0;2.0;18.0;A01
79333;201500051822;0;7;0;0.0;2.0;6.0;22.0;A01
79334;201500051822;0;33;0;0.0;2.0;1.0;17.0;B01
79335;201500051823;0;7;0;0.0;2.0;6.0;2.0;B01
79336;201500051823;0;31;0;0.0;2.0;1.0;2.0;A01
79337;201500051824;0;32;0;0.0;1.0;1.0;1.0;A01
79338;201500051826;0;7;0;0.0;2.0;2.0;7.0;B01
79339;201500051826;0;7;0;0.0;2.0;7.0;16.0;A01
79340;201500051827;0;38;0;0.0;2.0;4.0;23.0;B01
79341;201500051827;0;10;0;0.0;2.0;1.0;1.0;A01
79342;201500051828;0;7;0;0.0;2.0;2.0;1.0;B01
79343;201500051828;0;7;0;0.0;2.0;3.0;12.0;A01
79344;201500051831;0;30;0;0.0;0.0;7.0;1.0;A01
79345;201500051832;0;2;0;0.0;0.0;0.0;1.0;A01
79346;201500051834;0;7;0;0.0;2.0;5.0;1.0;B01
79347;201500051834;0;32;0;1.0;2.0;3.0;18.0;A01
79348;201500051835;0;7;0;0.0;2.0;1.0;15.0;A01
79349;201500051835;0;32;0;0.0;2.0;8.0;1.0;B01
79350;201500051836;0;32;0;0.0;1.0;1.0;1.0;A01
79351;201500051837;0;32;0;0.0;0.0;8.0;1.0;A01
79352;201500051838;0;7;0;0.0;2.0;1.0;7.0;A01
79353;201500051838;0;7;0;0.0;2.0;7.0;15.0;B01
79354;201500051839;0;37;0;0.0;1.0;1.0;1.0;A01
79355;201500051840;0;30;0;0.0;2.0;1.0;2.0;A01
79356;201500051840;0;7;0;0.0;2.0;0.0;23.0;B01
79357;201500051841;0;7;0;0.0;2.0;7.0;1.0;B01
79358;201500051841;0;7;0;0.0;2.0;1.0;1.0;A01
79359;201500051842;0;30;0;0.0;0.0;0.0;1.0;A01
79360;201500051843;0;10;0;0.0;2.0;4.0;1.0;A01
79361;201500051843;0;32;0;0.0;2.0;1.0;23.0;B01
79362;201500051844;0;7;0;0.0;2.0;8.0;1.0;A01
79363;201500051844;0;32;0;0.0;2.0;2.0;1.0;B01
79364;201500051846;0;7;0;0.0;2.0;3.0;10.0;A01
79365;201500051846;0;33;0;0.0;2.0;1.0;1.0;B01
79366;201500051847;0;31;0;0.0;2.0;1.0;1.0;A01
79367;201500051847;0;7;0;0.0;2.0;0.0;16.0;B01
79368;201500051848;0;7;0;0.0;2.0;6.0;13.0;A01
79369;201500051848;0;31;0;0.0;2.0;1.0;17.0;B01
79370;201500051849;0;31;0;0.0;2.0;8.0;1.0;B01
79371;201500051849;0;7;0;0.0;2.0;1.0;1.0;A01
79372;201500051850;0;1;0;0.0;2.0;2.0;19.0;A01
79373;201500051850;0;7;0;0.0;2.0;0.0;1.0;B01
79374;201500051851;0;7;0;0.0;1.0;2.0;16.0;A01
79375;201500051852;0;32;0;0.0;2.0;1.0;1.0;C01
79376;201500051852;0;2;0;0.0;2.0;1.0;1.0;B01
79377;201500051852;0;7;0;0.0;2.0;7.0;22.0;A01
79378;201500051853;0;7;0;0.0;2.0;3.0;9.0;A01
79379;201500051853;0;7;0;1.0;2.0;2.0;1.0;B01
79380;201500051854;0;33;0;0.0;2.0;3.0;7.0;A01
79381;201500051854;0;10;0;0.0;2.0;7.0;16.0;B01
79382;201500051855;0;32;0;0.0;1.0;1.0;1.0;A01
79383;201500051856;0;7;0;0.0;2.0;4.0;1.0;B01
79384;201500051856;0;7;0;0.0;2.0;4.0;1.0;C01
79385;201500051856;0;7;0;0.0;2.0;5.0;1.0;A01
79386;201500051857;0;32;0;0.0;2.0;1.0;1.0;B01
79387;201500051857;0;7;0;0.0;2.0;2.0;15.0;A01
79388;201500051858;0;2;0;0.0;1.0;8.0;1.0;A01
79389;201500051859;0;7;0;0.0;2.0;1.0;1.0;A01
79390;201500051859;0;10;0;0.0;2.0;4.0;1.0;B01
79391;201500051859;0;7;0;0.0;2.0;4.0;1.0;C01
79392;201500051860;0;33;0;0.0;2.0;1.0;17.0;A01
79393;201500051860;0;7;0;0.0;2.0;8.0;15.0;B01
79394;201500051860;0;7;0;0.0;2.0;3.0;5.0;C01
79395;201500051861;0;7;0;0.0;1.0;2.0;16.0;A01
79396;201500051862;0;7;0;0.0;1.0;1.0;15.0;A01
79397;201500051863;0;32;0;0.0;0.0;0.0;21.0;A01
79398;201500051864;0;10;0;0.0;2.0;2.0;22.0;B01
79399;201500051864;0;14;0;1.0;2.0;3.0;1.0;A01
79400;201500051865;0;2;0;0.0;2.0;7.0;1.0;B01
79401;201500051865;0;7;0;0.0;2.0;8.0;13.0;A01
79402;201500051866;0;31;0;0.0;0.0;8.0;21.0;A01
79403;201500051867;0;7;0;0.0;2.0;4.0;1.0;B01
79404;201500051867;0;32;0;0.0;2.0;1.0;1.0;A01
79405;201500051868;0;34;0;0.0;0.0;1.0;15.0;A01
79406;201500051869;0;33;0;1.0;1.0;1.0;1.0;A01
79407;201500051870;0;33;0;0.0;2.0;1.0;17.0;B01
79408;201500051870;0;10;0;0.0;2.0;3.0;1.0;A01
79409;201500051871;0;33;0;0.0;1.0;1.0;1.0;A01
79410;201500051873;0;7;0;0.0;2.0;3.0;15.0;B01
79411;201500051873;0;34;0;0.0;2.0;1.0;5.0;A01
79412;201500051874;0;34;0;0.0;2.0;5.0;1.0;A01
79413;201500051874;0;7;0;0.0;2.0;1.0;1.0;B01
79414;201500051875;0;10;0;0.0;2.0;3.0;22.0;A01
79415;201500051875;0;1;0;0.0;2.0;1.0;17.0;B01
79416;201500051876;0;7;0;0.0;1.0;3.0;1.0;A01
79417;201500051877;0;34;0;0.0;1.0;1.0;16.0;A01
79418;201500051878;0;30;0;0.0;2.0;7.0;17.0;A01
79419;201500051878;0;7;0;0.0;2.0;3.0;15.0;B01
79420;201500051879;0;30;0;8.0;0.0;1.0;13.0;A01
79421;201500051880;0;7;0;0.0;1.0;1.0;15.0;A01
79422;201500051881;0;10;0;0.0;2.0;2.0;1.0;B01
79423;201500051881;0;34;0;0.0;2.0;6.0;13.0;A01
79424;201500051882;0;7;0;0.0;2.0;8.0;1.0;A01
79425;201500051882;0;34;0;0.0;2.0;1.0;1.0;B01
79426;201500051883;0;7;0;0.0;1.0;1.0;1.0;A01
79427;201500051884;0;33;0;0.0;0.0;0.0;1.0;A01
79428;201500051885;0;34;0;0.0;2.0;0.0;1.0;A01
79429;201500051885;0;7;0;0.0;2.0;0.0;9.0;B01
79430;201500051886;0;7;0;0.0;2.0;1.0;1.0;A01
79431;201500051886;0;7;0;0.0;2.0;6.0;1.0;B01
79432;201500051887;0;34;0;0.0;0.0;0.0;21.0;A01
79433;201500051888;0;7;0;0.0;1.0;1.0;1.0;A01
79434;201500051889;0;30;0;0.0;2.0;3.0;1.0;A01
79435;201500051889;0;7;0;0.0;2.0;2.0;13.0;B01
79436;201500051890;0;7;0;14.0;0.0;1.0;1.0;A01
79437;201500051891;0;7;0;0.0;1.0;6.0;4.0;A01
79438;201500051892;0;10;0;0.0;2.0;5.0;23.0;B01
79439;201500051892;0;34;0;0.0;2.0;1.0;2.0;A01
79440;201500051893;0;31;0;0.0;2.0;7.0;2.0;A01
79441;201500051893;0;7;0;0.0;2.0;6.0;23.0;B01
79442;201500051894;0;30;0;1.0;0.0;1.0;14.0;A01
79443;201500051895;0;30;0;0.0;2.0;3.0;1.0;B01
79444;201500051895;0;7;0;0.0;2.0;3.0;13.0;A01
79445;201500051896;0;10;0;0.0;2.0;1.0;1.0;A01
79446;201500051896;0;7;0;0.0;2.0;5.0;1.0;B01
79447;201500051897;1;7;0;0.0;2.0;1.0;2.0;Z01
79448;201500051897;0;7;0;0.0;2.0;4.0;2.0;A01
79449;201500051898;0;7;0;9.0;2.0;1.0;0.0;B01
79450;201500051898;0;7;0;0.0;2.0;8.0;10.0;A01
79451;201500051899;0;7;0;0.0;1.0;6.0;4.0;A01
79452;201500051900;0;1;0;0.0;2.0;4.0;18.0;A01
79453;201500051900;0;7;0;0.0;2.0;7.0;1.0;B01
79454;201500051901;0;7;0;0.0;2.0;4.0;1.0;A01
79455;201500051901;1;7;0;0.0;2.0;0.0;1.0;Z01
79456;201500051902;0;7;0;0.0;0.0;1.0;1.0;A01
79457;201500051903;0;31;0;0.0;2.0;1.0;2.0;A01
79458;201500051903;0;32;0;0.0;2.0;4.0;2.0;B01
79459;201500051904;1;33;0;0.0;1.0;3.0;1.0;Z01
79460;201500051905;0;31;0;0.0;2.0;1.0;18.0;B01
79461;201500051905;0;7;0;0.0;2.0;5.0;22.0;A01
79462;201500051906;0;7;0;0.0;2.0;5.0;16.0;A01
79463;201500051906;1;7;0;0.0;2.0;1.0;18.0;Z01
79464;201500051907;0;7;0;0.0;2.0;7.0;15.0;B01
79465;201500051907;0;2;0;0.0;2.0;1.0;1.0;A01
79466;201500051908;1;7;0;0.0;1.0;6.0;1.0;Z01
79467;201500051909;0;7;0;1.0;1.0;2.0;17.0;A01
79468;201500051910;0;7;0;0.0;2.0;4.0;4.0;A01
79469;201500051910;0;2;0;0.0;2.0;7.0;1.0;B01
79470;201500051911;0;7;0;0.0;2.0;1.0;1.0;A01
79471;201500051911;0;32;0;0.0;2.0;2.0;1.0;B01
79472;201500051912;0;34;0;0.0;1.0;2.0;1.0;A01
79473;201500051915;0;7;0;0.0;1.0;1.0;1.0;A01
79474;201500051917;0;31;0;0.0;2.0;8.0;1.0;A01
79475;201500051917;0;7;0;0.0;2.0;1.0;1.0;B01
79476;201500051918;0;7;0;0.0;2.0;2.0;16.0;B01
79477;201500051918;0;30;0;0.0;2.0;8.0;7.0;A01
79478;201500051920;0;31;0;0.0;1.0;1.0;1.0;A01
79479;201500051923;0;7;0;0.0;1.0;2.0;14.0;A01
79480;201500051925;0;7;0;0.0;2.0;5.0;2.0;B01
79481;201500051925;0;32;0;0.0;2.0;1.0;2.0;A01
79482;201500051926;0;1;0;0.0;2.0;6.0;14.0;A01
79483;201500051926;0;1;0;0.0;2.0;2.0;1.0;B01
79484;201500051927;0;1;0;0.0;2.0;1.0;1.0;B01
79485;201500051927;0;10;0;0.0;2.0;2.0;4.0;A01
79486;201500051928;0;32;0;0.0;1.0;2.0;1.0;A01
79487;201500051929;0;1;0;0.0;2.0;7.0;16.0;A01
79488;201500051929;0;34;0;0.0;2.0;1.0;7.0;B01
79489;201500051931;0;2;0;0.0;2.0;1.0;12.0;A01
79490;201500051931;0;7;0;0.0;2.0;2.0;7.0;B01
79491;201500051932;1;31;0;0.0;1.0;1.0;1.0;A01
79492;201500051933;0;31;0;0.0;1.0;0.0;1.0;A01
79493;201500051934;0;10;0;0.0;1.0;3.0;1.0;A01
79494;201500051935;0;2;0;0.0;0.0;1.0;1.0;A01
79495;201500051936;0;30;0;0.0;2.0;3.0;2.0;A01
79496;201500051936;0;7;0;0.0;2.0;5.0;2.0;B01
79497;201500051937;0;10;0;0.0;2.0;7.0;22.0;A01
79498;201500051937;0;1;0;0.0;2.0;1.0;1.0;B01
79499;201500051938;0;32;0;0.0;2.0;0.0;1.0;A01
79500;201500051938;0;33;0;0.0;2.0;0.0;1.0;B01
79501;201500051939;0;7;0;0.0;1.0;2.0;1.0;A01
79502;201500051940;0;7;0;0.0;2.0;0.0;9.0;B01
79503;201500051940;0;32;0;8.0;2.0;2.0;1.0;A01
79504;201500051941;0;7;0;0.0;2.0;1.0;5.0;A01
79505;201500051941;0;7;0;0.0;2.0;2.0;1.0;B01
79506;201500051942;0;33;0;0.0;2.0;1.0;1.0;B01
79507;201500051942;0;7;0;0.0;2.0;6.0;10.0;A01
79508;201500051943;0;7;0;0.0;1.0;0.0;16.0;A01
79509;201500051944;0;31;0;0.0;2.0;2.0;1.0;B01
79510;201500051944;0;7;0;0.0;2.0;2.0;1.0;C01
79511;201500051944;0;7;0;0.0;2.0;3.0;22.0;A01
79512;201500051945;0;1;0;0.0;2.0;1.0;7.0;B01
79513;201500051945;0;7;0;0.0;2.0;5.0;16.0;A01
79514;201500051946;0;34;0;0.0;1.0;1.0;1.0;A01
79515;201500051947;0;10;0;0.0;1.0;4.0;4.0;A01
79516;201500051948;0;30;0;0.0;1.0;3.0;1.0;A01
79517;201500051949;0;32;0;0.0;9.0;3.0;1.0;A01
79518;201500051950;0;7;0;0.0;1.0;3.0;1.0;A01
79519;201500051951;0;7;0;0.0;2.0;0.0;23.0;A01
79520;201500051951;0;1;0;0.0;2.0;1.0;1.0;B01
79521;201500051952;0;7;0;0.0;2.0;3.0;9.0;A01
79522;201500051952;0;2;0;0.0;2.0;6.0;1.0;B01
79523;201500051953;0;7;0;0.0;1.0;1.0;1.0;A01
79524;201500051954;0;7;0;0.0;1.0;4.0;4.0;A01
79525;201500051955;0;32;0;0.0;1.0;1.0;1.0;A01
79526;201500051956;0;7;0;0.0;1.0;6.0;4.0;A01
79527;201500051957;0;7;0;0.0;1.0;3.0;1.0;A01
79528;201500051958;0;37;0;0.0;2.0;2.0;2.0;A01
79529;201500051958;0;7;0;0.0;2.0;6.0;23.0;B01
79530;201500051959;0;7;0;0.0;1.0;1.0;1.0;A01
79531;201500051960;0;31;0;0.0;1.0;1.0;1.0;A01
79532;201500051961;0;30;0;0.0;2.0;8.0;1.0;B01
79533;201500051961;0;10;0;0.0;2.0;7.0;16.0;A01
79534;201500051962;0;31;0;0.0;2.0;1.0;1.0;B01
79535;201500051962;0;7;0;0.0;2.0;5.0;15.0;A01
79536;201500051963;0;7;0;11.0;0.0;1.0;1.0;A01
79537;201500051964;1;30;0;0.0;1.0;0.0;1.0;Z01
79538;201500051965;0;7;0;0.0;1.0;1.0;15.0;A01
79539;201500051966;0;7;0;0.0;2.0;3.0;1.0;B01
79540;201500051966;0;33;0;0.0;2.0;1.0;15.0;A01
79541;201500051967;1;34;0;0.0;1.0;0.0;1.0;Z01
79542;201500051968;0;30;0;0.0;2.0;8.0;1.0;B01
79543;201500051968;0;7;0;0.0;2.0;1.0;15.0;A01
79544;201500051969;0;7;0;0.0;2.0;8.0;15.0;A01
79545;201500051969;0;32;0;0.0;2.0;1.0;1.0;B01
79546;201500051971;0;33;0;0.0;2.0;7.0;1.0;A01
79547;201500051971;0;37;1;0.0;2.0;0.0;9.0;B01
79548;201500051972;0;2;0;0.0;2.0;8.0;18.0;A01
79549;201500051972;0;7;0;0.0;2.0;5.0;22.0;B01
79550;201500051973;0;7;0;0.0;1.0;0.0;15.0;A01
79551;201500051975;0;10;0;0.0;1.0;1.0;15.0;A01
79552;201500051976;0;7;0;0.0;2.0;3.0;7.0;A01
79553;201500051976;0;32;0;0.0;2.0;2.0;1.0;B01
79554;201500051977;1;7;0;0.0;1.0;0.0;1.0;Z01
79555;201500051978;0;32;0;0.0;2.0;0.0;3.0;B01
79556;201500051978;0;7;0;0.0;2.0;6.0;1.0;C01
79557;201500051978;0;7;0;0.0;2.0;5.0;1.0;A01
79558;201500051979;0;15;0;0.0;2.0;8.0;13.0;A01
79559;201500051979;0;2;0;0.0;2.0;2.0;17.0;B01
79560;201500051980;1;7;0;0.0;2.0;0.0;17.0;Z01
79561;201500051980;0;33;0;0.0;2.0;2.0;1.0;A01
79562;201500051981;0;1;0;0.0;2.0;4.0;1.0;A01
79563;201500051981;0;7;0;0.0;2.0;4.0;1.0;B01
79564;201500051982;0;7;0;14.0;0.0;0.0;15.0;A01
79565;201500051983;0;1;0;0.0;2.0;1.0;1.0;B01
79566;201500051983;0;7;0;0.0;2.0;5.0;12.0;A01
79567;201500051984;0;7;0;0.0;1.0;3.0;1.0;A01
79568;201500051985;1;7;0;0.0;1.0;0.0;1.0;Z01
79569;201500051986;0;10;0;0.0;2.0;0.0;1.0;A01
79570;201500051986;0;33;0;0.0;2.0;1.0;1.0;B01
79571;201500051987;0;7;0;0.0;1.0;3.0;1.0;A01
79572;201500051988;0;30;0;0.0;0.0;0.0;21.0;A01
79573;201500051990;0;2;0;0.0;2.0;8.0;1.0;A01
79574;201500051990;0;7;0;0.0;2.0;0.0;12.0;B01
79575;201500051991;0;32;0;0.0;2.0;1.0;17.0;A01
79576;201500051991;0;10;0;0.0;2.0;8.0;15.0;B01
79577;201500051992;0;7;0;0.0;1.0;3.0;15.0;A01
79578;201500051993;0;7;0;0.0;2.0;2.0;1.0;A01
79579;201500051993;0;1;0;0.0;2.0;6.0;15.0;B01
79580;201500051994;0;7;0;0.0;2.0;3.0;15.0;A01
79581;201500051994;0;30;0;0.0;2.0;1.0;17.0;B01
79582;201500051995;0;33;0;0.0;2.0;4.0;15.0;A01
79583;201500051995;0;32;0;0.0;2.0;1.0;1.0;B01
79584;201500051996;1;7;0;0.0;2.0;1.0;2.0;Z01
79585;201500051996;0;7;0;0.0;2.0;4.0;23.0;A01
79586;201500051998;0;7;0;0.0;2.0;3.0;15.0;A01
79587;201500051998;0;30;0;0.0;2.0;0.0;17.0;B01
79588;201500052001;0;34;0;0.0;2.0;3.0;9.0;A01
79589;201500052001;0;32;0;0.0;2.0;1.0;1.0;B01
79590;201500052002;0;7;0;0.0;2.0;2.0;1.0;A01
79591;201500052002;0;32;0;0.0;2.0;8.0;1.0;B01
79592;201500052003;0;7;0;0.0;2.0;8.0;22.0;A01
79593;201500052003;0;34;0;0.0;2.0;7.0;1.0;B01
79594;201500052004;0;2;0;0.0;0.0;7.0;1.0;A01
79595;201500052005;0;32;0;0.0;1.0;2.0;1.0;A01
79596;201500052006;0;7;0;0.0;2.0;1.0;2.0;A01
79597;201500052006;0;1;0;0.0;2.0;4.0;7.0;B01
79598;201500052007;0;7;0;0.0;2.0;2.0;16.0;B01
79599;201500052007;0;32;0;0.0;2.0;3.0;7.0;A01
79600;201500052008;0;33;0;0.0;2.0;8.0;1.0;A01
79601;201500052008;1;7;0;0.0;2.0;8.0;10.0;Z01
79602;201500052009;0;7;0;0.0;2.0;2.0;15.0;A01
79603;201500052009;0;34;0;0.0;2.0;1.0;1.0;B01
79604;201500052010;0;7;0;0.0;1.0;1.0;1.0;A01
79605;201500052011;1;32;0;0.0;1.0;0.0;1.0;Z01
79606;201500052012;0;34;0;0.0;1.0;1.0;1.0;A01
79607;201500052013;0;7;0;0.0;1.0;5.0;23.0;A01
79608;201500052013;0;7;0;0.0;2.0;3.0;2.0;B01
79609;201500052014;0;10;0;0.0;1.0;4.0;20.0;A01
79610;201500052015;0;31;0;0.0;2.0;0.0;1.0;B01
79611;201500052015;0;7;0;0.0;2.0;5.0;22.0;A01
79612;201500052016;0;7;0;0.0;1.0;6.0;4.0;A01
79613;201500052017;0;7;0;0.0;2.0;3.0;15.0;A01
79614;201500052017;0;33;0;0.0;2.0;4.0;17.0;B01
79615;201500052018;0;32;0;0.0;2.0;7.0;17.0;A01
79616;201500052018;0;7;0;0.0;2.0;3.0;15.0;B01
79617;201500052019;0;32;0;0.0;0.0;7.0;1.0;A01
79618;201500052020;0;30;0;0.0;0.0;0.0;21.0;A01
79619;201500052021;0;2;0;0.0;2.0;7.0;1.0;A01
79620;201500052021;1;7;0;0.0;2.0;1.0;16.0;B01
79621;201500052022;0;10;0;0.0;1.0;4.0;20.0;A01
79622;201500052023;0;7;0;1.0;0.0;4.0;4.0;A01
79623;201500052024;0;32;0;0.0;2.0;3.0;7.0;A01
79624;201500052024;0;7;0;0.0;2.0;2.0;16.0;B01
79625;201500052025;0;7;0;0.0;2.0;0.0;1.0;A01
79626;201500052025;0;7;0;1.0;2.0;7.0;1.0;B01
79627;201500052027;0;1;0;0.0;1.0;1.0;1.0;A01
79628;201500052028;0;1;0;0.0;2.0;0.0;0.0;A01
79629;201500052028;1;32;0;0.0;2.0;0.0;0.0;Z01
79630;201500052029;0;32;0;0.0;1.0;1.0;1.0;A01
79631;201500052030;0;7;0;7.0;0.0;1.0;1.0;A01
79632;201500052031;0;7;0;0.0;2.0;2.0;1.0;A01
79633;201500052031;0;7;0;0.0;2.0;3.0;1.0;B01
79634;201500052032;0;7;0;0.0;2.0;0.0;15.0;B01
79635;201500052032;0;1;0;0.0;2.0;2.0;7.0;A01
79636;201500052033;0;7;0;0.0;1.0;3.0;15.0;A01
79637;201500052034;0;31;0;0.0;1.0;1.0;1.0;A01
79638;201500052035;0;7;0;0.0;1.0;2.0;1.0;A01
79639;201500052036;0;1;0;0.0;2.0;8.0;1.0;B01
79640;201500052036;0;7;0;0.0;2.0;2.0;14.0;A01
79641;201500052037;0;7;0;0.0;2.0;0.0;2.0;A01
79642;201500052037;0;33;0;0.0;2.0;4.0;2.0;B01
79643;201500052038;0;33;0;0.0;1.0;1.0;1.0;A01
79644;201500052040;0;37;0;0.0;2.0;8.0;13.0;A01
79645;201500052040;0;7;0;0.0;2.0;2.0;23.0;B01
79646;201500052041;0;37;0;0.0;2.0;4.0;23.0;B01
79647;201500052041;0;30;0;0.0;2.0;1.0;7.0;A01
79648;201500052042;0;33;0;0.0;2.0;8.0;16.0;A01
79649;201500052042;0;7;0;0.0;2.0;2.0;16.0;B01
79650;201500052043;0;7;0;0.0;1.0;3.0;15.0;A01
79651;201500052044;0;14;0;0.0;2.0;0.0;15.0;A01
79652;201500052044;0;1;0;0.0;2.0;0.0;1.0;B01
79653;201500052046;0;7;0;0.0;2.0;2.0;15.0;A01
79654;201500052046;0;1;0;0.0;2.0;8.0;0.0;B01
79655;201500052048;0;2;0;0.0;0.0;0.0;1.0;A01
79656;201500052049;0;7;0;0.0;2.0;6.0;2.0;B01
79657;201500052049;0;34;0;0.0;2.0;1.0;2.0;A01
79658;201500052050;0;32;0;1.0;2.0;2.0;1.0;A01
79659;201500052050;0;7;0;0.0;2.0;2.0;9.0;B01
79660;201500052051;0;7;0;9.0;0.0;1.0;14.0;A01
79661;201500052052;0;10;0;0.0;2.0;4.0;2.0;A01
79662;201500052052;0;33;0;0.0;2.0;0.0;23.0;B01
79663;201500052053;0;7;0;0.0;2.0;8.0;9.0;A01
79664;201500052053;0;1;0;0.0;2.0;7.0;1.0;B01
79665;201500052054;0;31;0;0.0;1.0;1.0;1.0;A01
79666;201500052055;0;7;0;0.0;2.0;1.0;10.0;A01
79667;201500052055;0;31;0;0.0;2.0;1.0;1.0;B01
79668;201500052056;0;7;0;0.0;2.0;2.0;9.0;A01
79669;201500052056;0;33;0;0.0;2.0;1.0;1.0;B01
79670;201500052058;0;33;0;0.0;2.0;4.0;1.0;A01
79671;201500052058;0;7;0;0.0;2.0;1.0;1.0;B01
79672;201500052059;0;37;0;0.0;1.0;3.0;21.0;A01
79673;201500052060;0;2;0;0.0;2.0;1.0;1.0;A01
79674;201500052060;0;1;0;0.0;2.0;7.0;15.0;B01
79675;201500052061;0;30;0;12.0;0.0;2.0;14.0;A01
79676;201500052062;0;31;0;0.0;2.0;2.0;7.0;A01
79677;201500052062;0;10;0;0.0;2.0;2.0;16.0;B01
79678;201500052063;0;32;0;0.0;2.0;0.0;7.0;A01
79679;201500052063;0;33;0;0.0;2.0;0.0;16.0;B01
79680;201500052065;1;32;0;0.0;2.0;1.0;7.0;Z01
79681;201500052065;0;1;0;0.0;2.0;6.0;19.0;A01
79682;201500052067;0;7;0;0.0;2.0;7.0;16.0;B01
79683;201500052067;0;31;0;0.0;2.0;8.0;18.0;A01
79684;201500052068;0;7;0;0.0;2.0;2.0;1.0;B01
79685;201500052068;0;31;0;1.0;2.0;1.0;18.0;A01