;Num_Acc;senc;catv;occutc;obs;obsm;choc;manv;num_veh
79686;201500052069;0;30;0;0.0;2.0;0.0;5.0;A01
79687;201500052069;0;7;0;0.0;2.0;3.0;15.0;B01
79688;201500052070;0;7;0;0.0;2.0;5.0;22.0;A01
79689;201500052070;0;32;0;0.0;2.0;1.0;18.0;B01
79690;201500052071;0;7;0;0.0;2.0;3.0;15.0;A01
79691;201500052071;0;34;0;0.0;2.0;7.0;17.0;B01
79692;201500052072;0;33;0;0.0;2.0;3.0;1.0;B01
79693;201500052072;0;32;0;0.0;2.0;2.0;13.0;A01
79694;201500052073;0;7;0;14.0;0.0;3.0;1.0;A01
79695;201500052074;0;32;0;0.0;2.0;7.0;17.0;A01
79696;201500052074;0;7;0;0.0;2.0;8.0;15.0;B01
79697;201500052075;0;10;0;0.0;2.0;2.0;20.0;B01
79698;201500052075;0;33;0;0.0;2.0;3.0;18.0;A01
79699;201500052076;0;31;0;0.0;0.0;0.0;7.0;A01
79700;201500052077;1;32;0;0.0;1.0;0.0;17.0;Z01
79701;201500052078;0;34;0;0.0;2.0;1.0;1.0;A01
79702;201500052078;0;7;0;0.0;2.0;3.0;1.0;B01
79703;201500052079;0;7;0;0.0;2.0;3.0;13.0;A01
79704;201500052079;0;2;0;0.0;2.0;7.0;1.0;B01
79705;201500052080;0;7;0;0.0;1.0;1.0;1.0;A01
79706;201500052081;0;37;3;0.0;2.0;1.0;1.0;B01
79707;201500052081;0;2;0;0.0;2.0;1.0;1.0;A01
79708;201500052082;1;7;0;0.0;1.0;3.0;1.0;Z01
79709;201500052083;0;33;0;0.0;0.0;0.0;1.0;A01
79710;201500052084;0;32;0;0.0;0.0;1.0;1.0;A01
79711;201500052085;0;7;0;0.0;1.0;3.0;1.0;A01
79712;201500052086;0;37;4;0.0;1.0;3.0;7.0;A01
79713;201500052088;0;1;0;0.0;2.0;4.0;1.0;B01
79714;201500052088;0;7;0;0.0;2.0;1.0;13.0;A01
79715;201500052089;0;7;0;0.0;1.0;3.0;16.0;A01
79716;201500052090;0;33;0;0.0;0.0;0.0;21.0;A01
79717;201500052091;0;7;0;0.0;2.0;1.0;2.0;B01
79718;201500052091;0;7;0;0.0;1.0;1.0;23.0;A01
79719;201500052092;0;7;0;0.0;2.0;1.0;15.0;A01
79720;201500052092;0;32;0;0.0;2.0;8.0;1.0;B01
79721;201500052093;0;7;0;0.0;1.0;1.0;16.0;A01
79722;201500052094;0;7;0;15.0;2.0;1.0;11.0;A01
79723;201500052094;0;7;0;0.0;2.0;7.0;1.0;B01
79724;201500052096;0;1;0;0.0;1.0;1.0;1.0;A01
79725;201500052097;0;7;0;0.0;2.0;1.0;15.0;A01
79726;201500052097;0;2;0;0.0;2.0;1.0;1.0;B01
79727;201500052098;0;7;0;0.0;1.0;1.0;1.0;A01
79728;201500052099;0;13;0;0.0;2.0;3.0;2.0;A01
79729;201500052099;0;7;0;0.0;2.0;5.0;2.0;B01
79730;201500052099;0;7;0;0.0;2.0;4.0;2.0;C01
79731;201500052100;0;33;0;0.0;1.0;0.0;1.0;A01
79732;201500052101;0;1;0;0.0;2.0;1.0;17.0;B01
79733;201500052101;0;7;0;0.0;2.0;5.0;14.0;A01
79734;201500052102;0;32;0;0.0;2.0;2.0;1.0;A01
79735;201500052102;0;7;0;0.0;2.0;1.0;1.0;B01
79736;201500052103;0;7;0;0.0;2.0;1.0;1.0;A01
79737;201500052103;0;7;0;0.0;2.0;8.0;1.0;B01
79738;201500052104;0;32;0;0.0;2.0;1.0;1.0;B01
79739;201500052104;0;7;0;0.0;2.0;8.0;10.0;A01
79740;201500052105;0;30;0;0.0;1.0;1.0;1.0;A01
79741;201500052106;0;14;0;0.0;2.0;3.0;15.0;A01
79742;201500052106;0;7;0;0.0;2.0;4.0;23.0;B01
79743;201500052107;0;7;0;0.0;1.0;1.0;1.0;A01
79744;201500052108;0;7;0;0.0;1.0;4.0;4.0;A01
79745;201500052109;0;7;0;0.0;1.0;4.0;20.0;A01
79746;201500052110;0;7;0;0.0;2.0;2.0;15.0;B01
79747;201500052110;0;31;0;0.0;2.0;1.0;1.0;A01
79748;201500052111;0;33;0;0.0;1.0;2.0;1.0;A01
79749;201500052112;0;30;0;0.0;0.0;1.0;1.0;A01
79750;201500052113;0;30;0;0.0;1.0;1.0;1.0;A01
79751;201500052114;0;30;0;0.0;2.0;1.0;1.0;B01
79752;201500052114;0;7;0;0.0;2.0;7.0;16.0;A01
79753;201500052115;0;33;0;0.0;1.0;1.0;17.0;A01
79754;201500052116;0;7;0;14.0;0.0;2.0;1.0;A01
79755;201500052117;0;34;0;0.0;1.0;1.0;17.0;A01
79756;201500052118;0;30;0;0.0;1.0;1.0;3.0;A01
79757;201500052119;0;7;0;2.0;0.0;1.0;14.0;A01
79758;201500052120;1;33;0;0.0;1.0;1.0;1.0;Z01
79759;201500052121;0;7;0;0.0;1.0;7.0;7.0;A01
79760;201500052122;0;30;0;0.0;2.0;8.0;1.0;B01
79761;201500052122;0;7;0;0.0;2.0;2.0;10.0;A01
79762;201500052123;0;7;0;11.0;0.0;1.0;1.0;A01
79763;201500052126;1;30;0;0.0;1.0;1.0;1.0;Z01
79764;201500052127;0;33;0;0.0;2.0;1.0;1.0;B01
79765;201500052127;0;31;0;0.0;2.0;1.0;14.0;A01
79766;201500052128;0;7;0;0.0;2.0;1.0;2.0;A01
79767;201500052128;0;7;0;0.0;2.0;4.0;23.0;B01
79768;201500052129;0;30;0;0.0;2.0;1.0;13.0;A01
79769;201500052129;0;32;0;0.0;2.0;7.0;21.0;C01
79770;201500052129;0;33;0;0.0;2.0;1.0;5.0;B01
79771;201500052131;1;10;0;0.0;2.0;6.0;1.0;Z01
79772;201500052131;0;33;0;0.0;2.0;1.0;1.0;A01
79773;201500052133;1;7;0;0.0;2.0;5.0;14.0;Z01
79774;201500052133;0;37;2;0.0;2.0;3.0;7.0;A01
79775;201500052135;0;10;0;11.0;0.0;1.0;14.0;A01
79776;201500052136;0;7;0;11.0;0.0;1.0;1.0;A01
79777;201500052137;0;31;0;0.0;2.0;3.0;1.0;B01
79778;201500052137;0;7;0;0.0;2.0;2.0;16.0;A01
79779;201500052138;0;1;0;0.0;2.0;8.0;18.0;A01
79780;201500052138;0;14;0;0.0;2.0;7.0;1.0;B01
79781;201500052139;0;31;0;0.0;1.0;1.0;1.0;A01
79782;201500052140;0;7;0;0.0;2.0;1.0;17.0;A01
79783;201500052140;0;33;0;0.0;2.0;8.0;15.0;B01
79784;201500052141;0;31;0;0.0;1.0;1.0;1.0;A01
79785;201500052142;0;2;0;0.0;2.0;3.0;18.0;B01
79786;201500052142;0;7;0;0.0;2.0;2.0;22.0;A01
79787;201500052143;0;30;0;0.0;2.0;1.0;1.0;A01
79788;201500052143;0;7;0;0.0;2.0;0.0;1.0;B01
79789;201500052145;0;34;0;0.0;2.0;7.0;17.0;B01
79790;201500052145;0;7;0;0.0;2.0;3.0;15.0;A01
79791;201500052146;1;30;0;0.0;1.0;3.0;1.0;Z01
79792;201500052147;0;1;0;0.0;2.0;8.0;1.0;B01
79793;201500052147;0;7;0;0.0;2.0;2.0;1.0;A01
79794;201500052148;0;7;0;0.0;1.0;1.0;1.0;A01
79795;201500052149;0;1;0;0.0;2.0;1.0;15.0;A01
79796;201500052149;0;30;0;0.0;2.0;1.0;1.0;B01
79797;201500052150;0;7;0;0.0;1.0;2.0;16.0;A01
79798;201500052153;0;7;0;0.0;1.0;4.0;4.0;A01
79799;201500052154;1;30;0;0.0;1.0;0.0;0.0;Z01
79800;201500052155;0;30;0;0.0;2.0;8.0;1.0;B01
79801;201500052155;0;7;0;0.0;2.0;2.0;16.0;A01
79802;201500052156;0;10;0;1.0;1.0;9.0;1.0;A01
79803;201500052157;0;7;0;0.0;2.0;4.0;2.0;B01
79804;201500052157;0;10;0;0.0;2.0;4.0;2.0;C01
79805;201500052157;0;10;0;0.0;2.0;1.0;2.0;A01
79806;201500052158;0;10;0;0.0;1.0;5.0;1.0;A01
79807;201500052159;0;7;0;0.0;2.0;1.0;10.0;A01
79808;201500052159;0;30;0;0.0;2.0;3.0;1.0;B01
79809;201500052160;0;33;0;0.0;0.0;7.0;21.0;A01
79810;201500052161;0;30;0;0.0;2.0;1.0;1.0;B01
79811;201500052161;0;7;0;0.0;2.0;7.0;15.0;A01
79812;201500052162;0;1;0;0.0;2.0;1.0;15.0;B01
79813;201500052162;0;10;0;0.0;2.0;6.0;4.0;A01
79814;201500052163;0;10;0;0.0;2.0;2.0;15.0;A01
79815;201500052163;0;33;0;0.0;2.0;1.0;1.0;B01
79816;201500052164;0;7;0;0.0;2.0;2.0;1.0;A01
79817;201500052164;0;1;0;0.0;2.0;3.0;13.0;B01
79818;201500052165;0;1;0;0.0;2.0;1.0;1.0;A01
79819;201500052165;1;30;0;0.0;2.0;1.0;1.0;Z01
79820;201500052166;0;31;0;0.0;1.0;0.0;1.0;A01
79821;201500052167;0;7;0;0.0;2.0;7.0;22.0;A01
79822;201500052167;0;7;0;0.0;2.0;8.0;1.0;C01
79823;201500052167;0;32;0;0.0;2.0;8.0;3.0;B01
79824;201500052168;0;33;0;0.0;2.0;4.0;1.0;B01
79825;201500052168;0;1;0;0.0;2.0;1.0;1.0;A01
79826;201500052169;0;32;0;0.0;1.0;1.0;1.0;A01
79827;201500052170;0;7;0;0.0;2.0;5.0;23.0;B01
79828;201500052170;0;30;0;0.0;2.0;3.0;2.0;A01
79829;201500052171;0;7;0;0.0;2.0;3.0;16.0;A01
79830;201500052171;0;1;0;11.0;2.0;3.0;1.0;B01
79831;201500052172;0;1;0;0.0;1.0;1.0;1.0;A01
79832;201500052173;0;7;0;0.0;1.0;1.0;1.0;A01
79833;201500052174;0;7;0;0.0;1.0;1.0;1.0;A01
79834;201500052175;0;32;0;14.0;9.0;4.0;1.0;A01
79835;201500052176;0;34;0;0.0;2.0;1.0;1.0;B01
79836;201500052176;0;7;0;0.0;2.0;3.0;1.0;A01
79837;201500052177;0;7;0;0.0;2.0;1.0;2.0;A01
79838;201500052177;0;32;0;0.0;2.0;4.0;2.0;B01
79839;201500052177;0;33;0;0.0;2.0;4.0;2.0;C01
79840;201500052178;0;7;0;0.0;1.0;3.0;15.0;A01
79841;201500052179;0;10;0;0.0;2.0;8.0;15.0;B01
79842;201500052179;0;1;0;0.0;2.0;1.0;1.0;A01
79843;201500052180;0;1;0;0.0;2.0;1.0;1.0;B01
79844;201500052180;0;7;0;0.0;2.0;1.0;15.0;A01
79845;201500052181;0;33;0;0.0;1.0;1.0;1.0;A01
79846;201500052182;0;30;0;0.0;2.0;3.0;17.0;A01
79847;201500052182;0;7;0;0.0;2.0;6.0;15.0;B01
79848;201500052183;0;30;0;14.0;2.0;0.0;17.0;A01
79849;201500052183;0;7;0;0.0;2.0;3.0;1.0;B01
79850;201500052184;0;31;0;0.0;0.0;1.0;21.0;A01
79851;201500052185;0;7;0;0.0;1.0;2.0;1.0;A01
79852;201500052186;0;34;0;0.0;0.0;8.0;1.0;A01
79853;201500052187;0;7;0;0.0;2.0;5.0;22.0;A01
79854;201500052187;0;1;0;0.0;2.0;8.0;1.0;B01
79855;201500052188;0;7;0;0.0;1.0;7.0;1.0;A01
79856;201500052189;0;2;0;0.0;2.0;1.0;15.0;B01
79857;201500052189;0;7;0;0.0;2.0;1.0;1.0;A01
79858;201500052191;0;2;0;0.0;2.0;1.0;18.0;A01
79859;201500052191;0;7;0;0.0;2.0;5.0;16.0;B01
79860;201500052192;0;7;0;0.0;1.0;8.0;15.0;A01
79861;201500052193;0;2;0;0.0;1.0;1.0;5.0;A01
79862;201500052194;0;30;0;0.0;1.0;1.0;5.0;A01
79863;201500052195;0;1;0;0.0;2.0;8.0;3.0;A01
79864;201500052195;0;14;0;0.0;2.0;7.0;1.0;B01
79865;201500052196;0;34;0;0.0;1.0;5.0;1.0;A01
79866;201500052197;0;7;0;0.0;2.0;1.0;1.0;A01
79867;201500052197;0;32;0;0.0;2.0;7.0;1.0;B01
79868;201500052198;0;13;0;0.0;2.0;0.0;22.0;B01
79869;201500052198;0;10;0;0.0;2.0;8.0;1.0;A01
79870;201500052199;0;10;0;0.0;2.0;7.0;16.0;A01
79871;201500052199;0;1;0;0.0;2.0;8.0;1.0;B01
79872;201500052200;0;2;0;0.0;2.0;1.0;2.0;B01
79873;201500052200;0;10;0;0.0;2.0;4.0;4.0;A01
79874;201500052201;0;31;0;0.0;1.0;0.0;1.0;A01
79875;201500052202;0;7;0;0.0;1.0;2.0;1.0;A01
79876;201500052203;0;10;0;14.0;0.0;1.0;1.0;A01
79877;201500052204;0;10;0;0.0;2.0;4.0;24.0;C01
79878;201500052204;0;37;0;0.0;2.0;7.0;23.0;B01
79879;201500052204;0;38;0;1.0;2.0;1.0;1.0;A01
79880;201500052205;0;33;0;1.0;0.0;0.0;14.0;A01
79881;201500052206;0;34;0;0.0;0.0;1.0;1.0;A01
79882;201500052207;0;14;0;9.0;1.0;4.0;4.0;A01
79883;201500052208;0;30;0;0.0;2.0;1.0;1.0;B01
79884;201500052208;0;7;0;0.0;2.0;2.0;15.0;A01
79885;201500052209;0;2;0;0.0;1.0;7.0;1.0;A01
79886;201500052210;0;33;0;0.0;2.0;1.0;1.0;B01
79887;201500052210;0;7;0;0.0;2.0;3.0;15.0;A01
79888;201500052211;0;34;0;0.0;2.0;2.0;2.0;A01
79889;201500052211;0;7;0;0.0;2.0;6.0;2.0;B01
79890;201500052211;0;7;0;0.0;2.0;6.0;1.0;C01
79891;201500052212;0;30;0;11.0;2.0;1.0;13.0;A01
79892;201500052212;0;7;0;0.0;9.0;1.0;1.0;B01
79893;201500052213;0;1;0;0.0;1.0;1.0;1.0;A01
79894;201500052214;0;7;0;6.0;0.0;1.0;13.0;A01
79895;201500052215;0;31;0;0.0;2.0;0.0;1.0;B01
79896;201500052215;0;1;0;0.0;2.0;0.0;1.0;A01
79897;201500052216;0;37;0;0.0;1.0;0.0;1.0;A01
79898;201500052217;0;2;0;0.0;2.0;0.0;13.0;A01
79899;201500052217;0;1;0;0.0;2.0;0.0;15.0;B01
79900;201500052218;0;31;0;0.0;0.0;2.0;1.0;B01
79901;201500052218;0;7;0;0.0;0.0;2.0;9.0;A01
79902;201500052219;0;33;0;0.0;1.0;3.0;1.0;A01
79903;201500052220;0;7;0;0.0;2.0;2.0;16.0;B01
79904;201500052220;0;33;0;0.0;2.0;3.0;7.0;A01
79905;201500052222;0;7;0;0.0;2.0;1.0;1.0;A01
79906;201500052222;0;7;0;0.0;2.0;7.0;1.0;B01
79907;201500052223;0;1;0;0.0;2.0;2.0;19.0;A01
79908;201500052223;0;30;0;0.0;2.0;1.0;1.0;B01
79909;201500052224;0;7;0;0.0;2.0;1.0;1.0;A01
79910;201500052224;0;7;0;0.0;2.0;4.0;1.0;C01
79911;201500052224;0;7;0;0.0;2.0;4.0;1.0;B01
79912;201500052225;0;1;0;0.0;1.0;1.0;7.0;A01
79913;201500052226;0;7;0;0.0;2.0;3.0;15.0;A01
79914;201500052226;0;33;0;0.0;2.0;1.0;17.0;B01
79915;201500052227;0;33;0;0.0;1.0;1.0;1.0;A01
79916;201500052228;0;7;0;0.0;2.0;2.0;15.0;B01
79917;201500052228;0;30;0;0.0;2.0;1.0;1.0;A01
79918;201500052229;1;7;0;0.0;1.0;0.0;1.0;Z01
79919;201500052231;0;7;0;0.0;2.0;2.0;10.0;A01
79920;201500052231;0;34;0;0.0;2.0;1.0;1.0;B01
79921;201500052232;1;2;0;0.0;1.0;0.0;1.0;Z01
79922;201500052233;0;7;0;0.0;2.0;0.0;15.0;A01
79923;201500052233;0;33;0;0.0;2.0;5.0;17.0;B01
79924;201500052234;0;30;0;0.0;2.0;1.0;1.0;A01
79925;201500052234;0;7;0;0.0;2.0;6.0;14.0;B01
79926;201500052235;0;7;0;8.0;0.0;1.0;1.0;A01
79927;201500052236;0;1;0;0.0;1.0;0.0;1.0;A01
79928;201500052239;2;7;0;9.0;0.0;2.0;1.0;Z01
79929;201500052240;0;1;0;0.0;1.0;1.0;5.0;A01
79930;201500052241;0;37;0;0.0;2.0;7.0;23.0;B01
79931;201500052241;0;32;0;0.0;2.0;3.0;1.0;A01
79932;201500052242;0;32;0;0.0;1.0;1.0;17.0;A01
79933;201500052243;0;7;0;0.0;2.0;2.0;10.0;A01
79934;201500052243;0;30;0;0.0;2.0;8.0;1.0;B01
79935;201500052244;0;7;0;0.0;2.0;3.0;15.0;B01
79936;201500052244;0;31;0;0.0;2.0;7.0;17.0;A01
79937;201500052245;0;2;0;0.0;2.0;1.0;1.0;A01
79938;201500052245;0;7;0;0.0;2.0;7.0;1.0;B01
79939;201500052246;0;31;0;0.0;2.0;0.0;1.0;B01
79940;201500052246;0;7;0;0.0;2.0;2.0;1.0;A01
79941;201500052247;1;30;0;0.0;1.0;1.0;1.0;Z01
79942;201500052248;0;7;0;0.0;2.0;3.0;15.0;A01
79943;201500052248;0;31;0;0.0;2.0;2.0;1.0;B01
79944;201500052249;0;1;0;0.0;1.0;0.0;1.0;A01
79945;201500052250;0;10;0;0.0;2.0;2.0;16.0;B01
79946;201500052250;0;34;0;0.0;2.0;5.0;18.0;A01
79947;201500052251;0;1;0;0.0;2.0;6.0;2.0;A01
79948;201500052251;1;33;0;0.0;2.0;2.0;2.0;Z01
79949;201500052252;0;7;0;0.0;1.0;0.0;1.0;A01
79950;201500052253;0;7;0;1.0;2.0;1.0;1.0;B01
79951;201500052253;0;31;0;0.0;2.0;1.0;1.0;A01
79952;201500052254;0;2;0;0.0;2.0;0.0;1.0;B01
79953;201500052254;0;7;0;0.0;2.0;0.0;10.0;A01
79954;201500052255;0;7;0;0.0;1.0;1.0;1.0;A01
79955;201500052256;0;7;0;0.0;1.0;4.0;4.0;A01
79956;201500052257;0;34;0;0.0;0.0;8.0;14.0;A01
79957;201500052258;0;1;0;0.0;2.0;0.0;1.0;B01
79958;201500052258;0;7;0;0.0;2.0;6.0;22.0;A01
79959;201500052259;0;33;0;0.0;2.0;8.0;1.0;A01
79960;201500052259;1;7;0;0.0;2.0;7.0;16.0;Z01
79961;201500052260;0;7;0;15.0;0.0;1.0;1.0;A01
79962;201500052261;0;1;0;0.0;0.0;1.0;21.0;A01
79963;201500052262;0;32;0;0.0;1.0;0.0;1.0;A01
79964;201500052263;0;7;0;11.0;0.0;2.0;21.0;A01
79965;201500052264;1;7;0;0.0;2.0;0.0;5.0;Z01
79966;201500052264;0;2;0;0.0;2.0;1.0;2.0;B01
79967;201500052264;0;7;0;0.0;2.0;4.0;2.0;A01
79968;201500052267;0;2;0;0.0;2.0;0.0;1.0;A01
79969;201500052267;0;7;0;0.0;2.0;3.0;1.0;B01
79970;201500052268;1;7;0;0.0;1.0;2.0;1.0;Z01
79971;201500052270;0;7;0;0.0;2.0;8.0;16.0;A01
79972;201500052270;0;1;0;0.0;2.0;0.0;1.0;B01
79973;201500052271;0;32;0;0.0;2.0;3.0;1.0;A01
79974;201500052271;1;7;0;0.0;2.0;0.0;15.0;Z01
79975;201500052272;0;1;0;0.0;2.0;0.0;1.0;B01
79976;201500052272;0;7;0;0.0;2.0;0.0;22.0;A01
79977;201500052273;0;7;0;0.0;2.0;2.0;22.0;A01
79978;201500052273;0;1;0;0.0;2.0;1.0;1.0;B01
79979;201500052274;0;7;0;0.0;2.0;2.0;14.0;A01
79980;201500052274;0;30;0;0.0;2.0;3.0;1.0;B01
79981;201500052275;0;7;0;7.0;0.0;2.0;13.0;A01
79982;201500052276;0;7;0;0.0;2.0;7.0;22.0;A01
79983;201500052276;0;1;0;0.0;2.0;1.0;1.0;B01
79984;201500052277;0;2;0;0.0;2.0;1.0;1.0;B01
79985;201500052277;0;7;0;0.0;2.0;7.0;15.0;A01
79986;201500052278;0;7;0;0.0;1.0;3.0;1.0;A01
79987;201500052279;0;7;0;0.0;2.0;1.0;15.0;A01
79988;201500052279;0;33;0;0.0;2.0;1.0;1.0;B01
79989;201500052280;0;7;0;0.0;2.0;6.0;10.0;A01
79990;201500052280;0;2;0;0.0;2.0;1.0;1.0;B01
79991;201500052281;1;31;0;0.0;1.0;1.0;1.0;Z01
79992;201500052283;0;7;0;0.0;2.0;0.0;15.0;A01
79993;201500052283;0;31;0;0.0;2.0;0.0;17.0;B01
79994;201500052284;0;2;0;0.0;2.0;4.0;2.0;B01
79995;201500052284;0;7;0;0.0;2.0;3.0;2.0;A01
79996;201500052285;0;30;0;0.0;1.0;3.0;5.0;A01
79997;201500052287;0;30;0;0.0;2.0;1.0;17.0;A01
79998;201500052287;0;31;0;0.0;2.0;1.0;1.0;B01
79999;201500052288;0;31;0;0.0;2.0;1.0;15.0;A01
80000;201500052288;0;7;0;0.0;2.0;8.0;1.0;B01
80001;201500052289;0;7;0;0.0;2.0;2.0;10.0;A01
80002;201500052289;0;31;0;1.0;2.0;0.0;1.0;B01
80003;201500052290;0;32;0;0.0;2.0;1.0;1.0;B01
80004;201500052290;0;7;0;0.0;2.0;5.0;15.0;A01
80005;201500052291;0;7;0;0.0;2.0;3.0;23.0;C01
80006;201500052291;0;10;0;0.0;2.0;9.0;1.0;A01
80007;201500052291;0;10;0;8.0;2.0;1.0;1.0;B01
80008;201500052292;1;1;0;0.0;1.0;0.0;1.0;Z01
80009;201500052293;0;33;0;0.0;0.0;0.0;21.0;A01
80010;201500052294;0;2;0;0.0;2.0;1.0;1.0;B01
80011;201500052294;0;7;0;0.0;2.0;2.0;15.0;A01
80012;201500052295;0;31;0;0.0;1.0;2.0;1.0;A01
80013;201500052296;0;31;0;0.0;2.0;1.0;17.0;A01
80014;201500052296;1;7;0;0.0;2.0;0.0;15.0;Z01
80015;201500052297;0;10;0;0.0;2.0;8.0;9.0;A01
80016;201500052297;0;33;0;0.0;2.0;1.0;1.0;B01
80017;201500052298;0;30;0;0.0;2.0;1.0;1.0;B01
80018;201500052298;0;7;0;0.0;2.0;2.0;1.0;A01
80019;201500052299;0;7;0;0.0;2.0;1.0;10.0;A01
80020;201500052299;0;32;0;0.0;2.0;1.0;1.0;B01
80021;201500052300;0;7;0;1.0;0.0;1.0;14.0;A01
80022;201500052301;0;33;0;0.0;1.0;1.0;1.0;A01
80023;201500052302;0;2;0;12.0;1.0;1.0;17.0;A01
80024;201500052303;0;7;0;1.0;0.0;2.0;1.0;A01
80025;201500052304;0;32;0;12.0;0.0;8.0;1.0;A01
80026;201500052305;0;34;0;0.0;1.0;1.0;1.0;A01
80027;201500052306;0;33;0;1.0;0.0;7.0;14.0;A01
80028;201500052308;0;1;0;0.0;2.0;8.0;1.0;A01
80029;201500052308;0;30;0;0.0;2.0;8.0;1.0;B01
80030;201500052309;0;34;0;0.0;2.0;1.0;1.0;A01
80031;201500052309;0;7;0;0.0;2.0;5.0;1.0;B01
80032;201500052310;0;30;0;0.0;2.0;3.0;18.0;A01
80033;201500052310;0;7;0;0.0;2.0;2.0;16.0;B01
80034;201500052311;0;7;0;0.0;2.0;3.0;10.0;A01
80035;201500052311;0;33;0;0.0;2.0;2.0;1.0;B01
80036;201500052312;0;7;0;0.0;1.0;3.0;1.0;A01
80037;201500052313;0;10;0;0.0;2.0;7.0;15.0;A01
80038;201500052313;0;1;0;0.0;2.0;1.0;1.0;B01
80039;201500052315;0;7;0;0.0;2.0;1.0;2.0;A01
80040;201500052315;0;1;0;0.0;2.0;4.0;23.0;B01
80041;201500052316;0;7;0;0.0;1.0;1.0;15.0;A01
80042;201500052317;1;30;0;0.0;1.0;0.0;1.0;Z01
80043;201500052318;0;7;0;0.0;1.0;1.0;7.0;A01
80044;201500052319;0;7;0;0.0;2.0;2.0;1.0;A01
80045;201500052319;0;32;0;0.0;2.0;6.0;1.0;B01
80046;201500052320;0;30;0;0.0;0.0;0.0;1.0;A01
80047;201500052321;0;2;0;0.0;0.0;7.0;1.0;A01
80048;201500052322;0;7;0;0.0;1.0;2.0;1.0;A01
80049;201500052323;0;33;0;0.0;1.0;2.0;1.0;A01
80050;201500052324;1;7;0;0.0;1.0;2.0;1.0;Z01
80051;201500052325;0;1;0;8.0;2.0;4.0;1.0;B01
80052;201500052325;0;7;0;0.0;2.0;6.0;16.0;A01
80053;201500052326;0;10;0;0.0;2.0;2.0;15.0;A01
80054;201500052326;0;33;0;0.0;2.0;3.0;1.0;B01
80055;201500052327;0;10;0;0.0;1.0;5.0;16.0;A01
80056;201500052328;0;7;0;0.0;2.0;3.0;10.0;A01
80057;201500052328;0;30;0;0.0;2.0;2.0;1.0;B01
80058;201500052329;1;1;0;0.0;1.0;1.0;5.0;Z01
80059;201500052331;0;10;0;0.0;2.0;8.0;22.0;A01
80060;201500052331;0;1;0;0.0;2.0;2.0;7.0;B01
80061;201500052332;1;32;0;0.0;1.0;1.0;1.0;Z01
80062;201500052333;0;7;0;0.0;2.0;8.0;1.0;B01
80063;201500052333;0;1;0;0.0;2.0;1.0;1.0;A01
80064;201500052334;0;7;0;0.0;1.0;2.0;1.0;A01
80065;201500052335;0;7;0;0.0;1.0;1.0;1.0;A01
80066;201500052336;0;2;0;14.0;2.0;7.0;1.0;A01
80067;201500052336;1;7;0;0.0;2.0;0.0;13.0;Z01
80068;201500052337;0;7;0;0.0;2.0;4.0;2.0;B01
80069;201500052337;0;31;0;0.0;2.0;1.0;2.0;A01
80070;201500052338;0;1;0;0.0;0.0;0.0;7.0;A01
80071;201500052339;0;2;0;0.0;0.0;1.0;1.0;A01
80072;201500052340;0;7;0;0.0;2.0;6.0;2.0;B01
80073;201500052340;0;30;0;0.0;2.0;1.0;2.0;A01
80074;201500052341;0;31;0;0.0;2.0;2.0;17.0;B01
80075;201500052341;0;7;0;0.0;2.0;8.0;10.0;A01
80076;201500052342;0;7;0;1.0;0.0;2.0;14.0;A01
80077;201500052343;0;7;0;0.0;2.0;7.0;1.0;B01
80078;201500052343;0;2;0;0.0;2.0;1.0;1.0;A01
80079;201500052344;0;1;0;0.0;1.0;1.0;1.0;A01
80080;201500052345;0;7;0;0.0;2.0;1.0;2.0;A01
80081;201500052345;0;10;0;0.0;2.0;4.0;2.0;B01
80082;201500052346;0;33;0;0.0;2.0;5.0;15.0;B01
80083;201500052346;0;2;0;0.0;2.0;2.0;17.0;A01
80084;201500052348;0;7;0;0.0;2.0;2.0;16.0;A01
80085;201500052348;0;2;0;1.0;2.0;1.0;18.0;B01
80086;201500052349;0;34;0;14.0;1.0;1.0;1.0;A01
80087;201500052350;0;7;0;0.0;2.0;3.0;15.0;A01
80088;201500052350;0;32;0;0.0;2.0;1.0;1.0;B01
80089;201500052351;1;31;0;0.0;2.0;1.0;15.0;Z01
80090;201500052351;0;32;0;0.0;2.0;7.0;1.0;A01
80091;201500052352;0;31;0;0.0;2.0;1.0;1.0;B01
80092;201500052352;0;7;0;0.0;2.0;8.0;10.0;A01
80093;201500052353;0;7;0;0.0;2.0;2.0;1.0;A01
80094;201500052353;0;31;0;0.0;2.0;1.0;1.0;B01
80095;201500052354;0;1;0;0.0;2.0;4.0;1.0;B01
80096;201500052354;1;7;0;0.0;2.0;1.0;1.0;A01
80097;201500052355;1;30;0;0.0;2.0;0.0;1.0;Z01
80098;201500052355;0;1;0;0.0;2.0;1.0;1.0;A01
80099;201500052356;0;7;0;0.0;2.0;1.0;1.0;A01
80100;201500052356;0;7;0;0.0;2.0;2.0;16.0;B01
80101;201500052357;0;7;0;0.0;2.0;1.0;1.0;A01
80102;201500052357;0;33;0;0.0;2.0;8.0;1.0;B01
80103;201500052358;0;31;0;0.0;1.0;1.0;1.0;A01