;Num_Acc;senc;catv;occutc;obs;obsm;choc;manv;num_veh
80104;201500052360;0;1;0;0.0;2.0;0.0;1.0;A01
80105;201500052360;0;32;0;0.0;2.0;6.0;5.0;B01
80106;201500052361;0;32;0;0.0;0.0;8.0;21.0;A01
80107;201500052362;0;7;0;0.0;2.0;3.0;1.0;B01
80108;201500052362;0;32;0;0.0;2.0;5.0;1.0;A01
80109;201500052363;0;7;0;0.0;2.0;3.0;2.0;A01
80110;201500052363;0;7;0;0.0;2.0;5.0;2.0;B01
80111;201500052364;0;1;0;0.0;2.0;0.0;1.0;B01
80112;201500052364;0;7;0;0.0;2.0;2.0;16.0;A01
80113;201500052365;0;7;0;0.0;2.0;3.0;10.0;A01
80114;201500052365;0;30;0;0.0;2.0;2.0;1.0;B01
80115;201500052367;0;33;0;0.0;0.0;3.0;15.0;A01
80116;201500052368;0;2;0;0.0;2.0;1.0;17.0;B01
80117;201500052368;0;10;0;0.0;2.0;8.0;13.0;A01
80118;201500052369;0;7;0;0.0;2.0;2.0;10.0;A01
80119;201500052369;0;32;0;0.0;2.0;1.0;1.0;B01
80120;201500052370;0;7;0;0.0;2.0;2.0;16.0;B01
80121;201500052370;0;30;0;0.0;2.0;1.0;18.0;A01
80122;201500052371;0;1;0;0.0;2.0;7.0;1.0;B01
80123;201500052371;0;7;0;0.0;2.0;3.0;15.0;A01
80124;201500052372;0;7;0;0.0;2.0;2.0;1.0;B01
80125;201500052372;0;31;0;0.0;2.0;8.0;1.0;A01
80126;201500052373;0;7;0;0.0;1.0;1.0;1.0;A01
80127;201500052375;0;7;0;0.0;1.0;6.0;4.0;A01
80128;201500052376;0;33;0;0.0;2.0;1.0;17.0;B01
80129;201500052376;0;7;0;1.0;2.0;8.0;10.0;A01
80130;201500052377;0;32;0;0.0;2.0;8.0;1.0;B01
80131;201500052377;0;7;0;0.0;2.0;2.0;1.0;A01
80132;201500052378;1;7;0;0.0;1.0;3.0;1.0;Z01
80133;201500052379;0;1;0;0.0;2.0;1.0;1.0;B01
80134;201500052379;0;7;0;0.0;2.0;3.0;10.0;A01
80135;201500052380;0;7;0;0.0;2.0;1.0;2.0;A01
80136;201500052380;0;1;0;0.0;2.0;4.0;23.0;B01
80137;201500052381;0;37;2;0.0;2.0;1.0;1.0;A01
80138;201500052381;0;7;0;0.0;2.0;4.0;23.0;B01
80139;201500052382;0;7;0;0.0;1.0;2.0;1.0;A01
80140;201500052383;0;7;0;0.0;1.0;3.0;1.0;A01
80141;201500052385;0;30;0;0.0;1.0;0.0;17.0;A01
80142;201500052386;0;7;0;0.0;2.0;7.0;1.0;A01
80143;201500052386;0;1;0;0.0;2.0;1.0;1.0;B01
80144;201500052389;0;7;0;0.0;2.0;2.0;15.0;A01
80145;201500052389;0;2;0;0.0;2.0;1.0;1.0;B01
80146;201500052390;0;7;0;0.0;2.0;2.0;1.0;B01
80147;201500052390;0;7;0;8.0;2.0;0.0;16.0;A01
80148;201500052391;0;30;0;0.0;2.0;0.0;2.0;A01
80149;201500052391;0;7;0;0.0;2.0;0.0;23.0;B01
80150;201500052392;0;7;0;0.0;1.0;2.0;1.0;A01
80151;201500052393;0;2;0;0.0;2.0;1.0;18.0;A01
80152;201500052393;0;7;0;0.0;2.0;5.0;22.0;B01
80153;201500052394;0;10;0;0.0;2.0;2.0;1.0;A01
80154;201500052394;0;31;0;0.0;2.0;3.0;1.0;B01
80155;201500052395;0;33;0;1.0;2.0;1.0;1.0;B01
80156;201500052395;0;7;0;0.0;2.0;3.0;15.0;A01
80157;201500052396;0;34;0;0.0;2.0;1.0;1.0;A01
80158;201500052396;0;32;0;0.0;2.0;3.0;1.0;B01
80159;201500052397;0;2;0;0.0;0.0;7.0;1.0;A01
80160;201500052398;0;33;0;0.0;2.0;1.0;1.0;B01
80161;201500052398;0;7;0;1.0;2.0;2.0;15.0;A01
80162;201500052400;0;31;0;0.0;0.0;1.0;21.0;A01
80163;201500052401;1;7;0;0.0;2.0;7.0;10.0;Z01
80164;201500052401;0;30;0;0.0;2.0;8.0;1.0;B01
80165;201500052402;1;7;0;0.0;1.0;2.0;1.0;Z01
80166;201500052403;0;32;0;0.0;2.0;1.0;9.0;A01
80167;201500052403;0;1;0;0.0;2.0;4.0;1.0;B01
80168;201500052404;1;7;0;0.0;2.0;4.0;16.0;Z01
80169;201500052404;0;32;0;0.0;2.0;1.0;1.0;A01
80170;201500052406;0;31;0;0.0;2.0;1.0;17.0;B01
80171;201500052406;0;7;0;0.0;2.0;8.0;15.0;A01
80172;201500052408;0;32;0;0.0;2.0;8.0;1.0;B01
80173;201500052408;0;7;0;0.0;2.0;3.0;15.0;A01
80174;201500052409;0;1;0;0.0;2.0;8.0;1.0;B01
80175;201500052409;0;7;0;0.0;2.0;7.0;16.0;A01
80176;201500052410;0;32;0;0.0;1.0;1.0;1.0;A01
80177;201500052411;0;32;0;0.0;2.0;8.0;1.0;B01
80178;201500052411;0;7;0;0.0;2.0;1.0;15.0;A01
80179;201500052412;0;2;0;0.0;2.0;0.0;0.0;A01
80180;201500052412;0;1;0;0.0;2.0;0.0;0.0;B01
80181;201500052413;0;7;0;0.0;2.0;3.0;15.0;A01
80182;201500052413;0;1;0;0.0;2.0;2.0;15.0;B01
80183;201500052414;0;2;0;14.0;9.0;1.0;1.0;A01
80184;201500052415;1;30;0;0.0;1.0;8.0;1.0;Z01
80185;201500052416;0;32;0;0.0;2.0;8.0;1.0;B01
80186;201500052416;0;1;0;0.0;2.0;1.0;19.0;A01
80187;201500052418;0;33;0;0.0;2.0;1.0;1.0;B01
80188;201500052418;0;30;0;0.0;2.0;1.0;1.0;A01
80189;201500052420;0;30;0;0.0;1.0;1.0;1.0;A01
80190;201500052421;0;7;0;0.0;2.0;1.0;1.0;A01
80191;201500052421;0;33;0;0.0;2.0;7.0;15.0;B01
80192;201500052423;0;10;0;0.0;1.0;6.0;15.0;A01
80193;201500052425;0;7;0;0.0;1.0;8.0;15.0;A01
80194;201500052426;0;33;0;0.0;0.0;1.0;1.0;A01
80195;201500052428;0;7;0;0.0;2.0;7.0;1.0;A01
80196;201500052428;0;7;0;1.0;2.0;1.0;1.0;B01
80197;201500052429;0;32;0;0.0;1.0;1.0;1.0;A01
80198;201500052430;1;7;0;0.0;1.0;0.0;1.0;Z01
80199;201500052431;1;1;0;0.0;1.0;0.0;1.0;Z01
80200;201500052432;0;7;0;0.0;2.0;3.0;22.0;A01
80201;201500052432;0;1;0;1.0;2.0;2.0;1.0;B01
80202;201500052432;0;2;0;1.0;2.0;1.0;1.0;C01
80203;201500052433;0;7;0;0.0;2.0;3.0;13.0;A01
80204;201500052433;0;32;0;0.0;2.0;7.0;1.0;B01
80205;201500052434;0;1;0;0.0;2.0;7.0;1.0;A01
80206;201500052434;1;7;0;0.0;2.0;3.0;1.0;Z01
80207;201500052435;0;1;0;0.0;2.0;8.0;15.0;B01
80208;201500052435;0;31;0;0.0;2.0;2.0;17.0;A01
80209;201500052436;0;7;0;0.0;2.0;2.0;1.0;B01
80210;201500052436;0;7;0;0.0;2.0;0.0;13.0;A01
80211;201500052437;0;7;0;0.0;2.0;2.0;10.0;A01
80212;201500052437;0;30;0;0.0;2.0;1.0;1.0;B01
80213;201500052438;0;7;0;0.0;2.0;0.0;2.0;B01
80214;201500052438;0;7;0;0.0;2.0;4.0;2.0;C01
80215;201500052438;0;10;0;0.0;2.0;1.0;2.0;A01
80216;201500052439;0;32;0;0.0;2.0;1.0;1.0;A01
80217;201500052439;0;1;0;0.0;2.0;0.0;23.0;B01
80218;201500052440;0;33;0;0.0;2.0;5.0;17.0;B01
80219;201500052440;0;7;0;0.0;2.0;3.0;15.0;A01
80220;201500052441;0;31;0;0.0;0.0;0.0;1.0;A01
80221;201500052443;0;7;0;0.0;2.0;1.0;1.0;B01
80222;201500052443;0;1;0;0.0;2.0;8.0;1.0;A01
80223;201500052444;0;2;0;0.0;1.0;5.0;1.0;A01
80224;201500052445;0;7;0;0.0;2.0;8.0;22.0;A01
80225;201500052445;0;1;0;0.0;2.0;1.0;1.0;B01
80226;201500052446;0;7;0;0.0;2.0;6.0;2.0;B01
80227;201500052446;0;2;0;0.0;2.0;7.0;2.0;A01
80228;201500052447;0;31;0;0.0;2.0;1.0;1.0;B01
80229;201500052447;0;7;0;0.0;2.0;1.0;15.0;A01
80230;201500052448;0;1;0;0.0;1.0;8.0;1.0;A01
80231;201500052449;0;7;0;0.0;2.0;3.0;22.0;A01
80232;201500052449;0;1;0;1.0;2.0;1.0;1.0;B01
80233;201500052450;0;7;0;0.0;2.0;7.0;15.0;A01
80234;201500052450;0;31;0;0.0;2.0;0.0;1.0;B01
80235;201500052451;0;10;0;0.0;2.0;6.0;2.0;B01
80236;201500052451;0;7;0;0.0;2.0;2.0;2.0;A01
80237;201500052452;0;1;0;0.0;2.0;3.0;19.0;B01
80238;201500052452;0;7;0;0.0;2.0;2.0;1.0;A01
80239;201500052453;0;30;0;0.0;2.0;1.0;17.0;A01
80240;201500052453;0;7;0;0.0;2.0;6.0;15.0;B01
80241;201500052454;0;7;0;0.0;2.0;4.0;2.0;B01
80242;201500052454;0;7;0;0.0;2.0;1.0;2.0;A01
80243;201500052455;0;32;0;0.0;1.0;1.0;1.0;A01
80244;201500052456;0;7;0;0.0;2.0;3.0;10.0;A01
80245;201500052456;0;1;0;0.0;2.0;1.0;17.0;B01
80246;201500052457;0;7;0;0.0;2.0;1.0;1.0;A01
80247;201500052457;0;7;0;0.0;2.0;1.0;1.0;B01
80248;201500052458;0;7;0;0.0;2.0;3.0;1.0;A01
80249;201500052458;0;30;0;0.0;2.0;7.0;1.0;B01
80250;201500052459;0;30;0;0.0;0.0;0.0;1.0;A01
80251;201500052460;0;10;0;0.0;2.0;7.0;22.0;A01
80252;201500052460;0;1;0;0.0;2.0;8.0;18.0;B01
80253;201500052461;0;7;0;0.0;2.0;2.0;10.0;A01
80254;201500052461;0;30;0;0.0;2.0;1.0;1.0;B01
80255;201500052462;0;7;0;0.0;2.0;2.0;1.0;A01
80256;201500052462;0;31;0;0.0;2.0;1.0;1.0;B01
80257;201500052463;0;1;0;0.0;1.0;0.0;1.0;A01
80258;201500052464;0;37;0;0.0;2.0;2.0;1.0;A01
80259;201500052464;2;31;0;0.0;2.0;1.0;5.0;Z01
80260;201500052465;0;7;0;0.0;2.0;3.0;15.0;A01
80261;201500052465;0;32;0;0.0;2.0;2.0;17.0;B01
80262;201500052466;0;2;0;0.0;0.0;0.0;1.0;A01
80263;201500052467;0;2;0;0.0;2.0;2.0;1.0;A01
80264;201500052467;1;34;0;0.0;2.0;0.0;11.0;Z01
80265;201500052468;0;7;0;0.0;2.0;6.0;15.0;B01
80266;201500052468;0;7;0;0.0;2.0;3.0;1.0;A01
80267;201500052470;0;2;0;1.0;2.0;8.0;1.0;B01
80268;201500052470;0;10;0;0.0;2.0;7.0;14.0;A01
80269;201500052471;2;7;0;0.0;1.0;0.0;1.0;Z01
80270;201500052472;0;1;0;0.0;2.0;3.0;13.0;B01
80271;201500052472;0;7;0;0.0;2.0;2.0;1.0;A01
80272;201500052473;1;7;0;0.0;1.0;0.0;1.0;Z01
80273;201500052474;0;1;0;0.0;2.0;7.0;19.0;B01
80274;201500052474;0;7;0;0.0;2.0;1.0;16.0;A01
80275;201500052476;0;7;0;0.0;2.0;7.0;13.0;B01
80276;201500052476;0;2;0;0.0;2.0;8.0;17.0;A01
80277;201500052477;0;30;0;14.0;0.0;1.0;13.0;A01
80278;201500052478;0;30;0;0.0;2.0;2.0;1.0;A01
80279;201500052478;0;7;0;0.0;2.0;1.0;15.0;B01
80280;201500052480;1;10;0;0.0;1.0;0.0;1.0;Z01
80281;201500052481;0;7;0;0.0;2.0;3.0;9.0;A01
80282;201500052481;0;31;0;0.0;2.0;1.0;17.0;B01
80283;201500052482;0;10;0;0.0;2.0;3.0;2.0;A01
80284;201500052482;0;2;0;0.0;2.0;4.0;23.0;B01
80285;201500052483;0;7;0;0.0;1.0;1.0;15.0;A01
80286;201500052485;1;7;0;0.0;2.0;3.0;22.0;Z01
80287;201500052485;0;1;0;0.0;2.0;7.0;1.0;A01
80288;201500052486;0;31;0;0.0;2.0;3.0;1.0;B01
80289;201500052486;0;7;0;0.0;2.0;1.0;15.0;A01
80290;201500052487;0;7;0;0.0;1.0;1.0;5.0;A01
80291;201500052488;0;1;0;0.0;2.0;1.0;15.0;B01
80292;201500052488;0;10;0;0.0;2.0;3.0;15.0;A01
80293;201500052490;0;7;0;0.0;2.0;6.0;1.0;B01
80294;201500052490;0;2;0;0.0;2.0;2.0;17.0;A01
80295;201500052491;0;32;0;0.0;2.0;1.0;1.0;B01
80296;201500052491;0;7;0;0.0;2.0;2.0;15.0;A01
80297;201500052492;0;10;0;0.0;2.0;3.0;9.0;A01
80298;201500052492;0;33;0;0.0;2.0;7.0;1.0;B01
80299;201500052493;0;2;0;0.0;2.0;8.0;1.0;A01
80300;201500052493;1;7;0;0.0;2.0;0.0;16.0;Z01
80301;201500052494;0;7;0;0.0;2.0;3.0;2.0;A01
80302;201500052494;0;31;0;0.0;2.0;4.0;2.0;B01
80303;201500052495;0;31;0;0.0;2.0;6.0;1.0;B01
80304;201500052495;0;7;0;0.0;2.0;6.0;4.0;A01
80305;201500052496;0;7;0;0.0;2.0;3.0;13.0;A01
80306;201500052496;0;2;0;0.0;2.0;2.0;1.0;B01
80307;201500052497;0;2;0;0.0;0.0;0.0;1.0;A01
80308;201500052499;0;34;0;14.0;0.0;1.0;0.0;A01
80309;201500052500;0;34;0;0.0;1.0;1.0;1.0;A01
80310;201500052501;0;32;0;0.0;2.0;1.0;1.0;B01
80311;201500052501;0;7;0;0.0;2.0;5.0;10.0;A01
80312;201500052502;0;1;0;0.0;2.0;8.0;1.0;B01
80313;201500052502;0;7;0;0.0;2.0;2.0;17.0;A01
80314;201500052503;0;30;0;0.0;2.0;8.0;18.0;A01
80315;201500052503;0;7;0;0.0;2.0;2.0;16.0;B01
80316;201500052505;0;7;0;0.0;2.0;7.0;16.0;B01
80317;201500052505;0;1;0;0.0;2.0;1.0;18.0;A01
80318;201500052506;0;32;0;0.0;2.0;7.0;1.0;B01
80319;201500052506;0;7;0;0.0;2.0;8.0;10.0;A01
80320;201500052507;0;10;0;0.0;1.0;4.0;4.0;A01
80321;201500052508;0;34;0;0.0;2.0;1.0;1.0;A01
80322;201500052508;0;33;0;0.0;2.0;4.0;23.0;B01
80323;201500052509;0;7;0;1.0;2.0;1.0;1.0;A01
80324;201500052509;0;7;0;0.0;2.0;4.0;1.0;B01
80325;201500052510;0;7;0;0.0;2.0;1.0;2.0;A01
80326;201500052510;0;7;0;0.0;2.0;4.0;23.0;B01
80327;201500052512;0;7;0;0.0;1.0;1.0;16.0;A01
80328;201500052513;1;2;0;0.0;1.0;1.0;1.0;Z01
80329;201500052514;0;33;0;0.0;2.0;1.0;1.0;B01
80330;201500052514;0;7;0;0.0;2.0;8.0;10.0;A01
80331;201500052515;0;10;0;0.0;2.0;2.0;2.0;A01
80332;201500052515;0;13;0;0.0;2.0;6.0;23.0;B01
80333;201500052516;0;34;0;0.0;2.0;3.0;17.0;B01
80334;201500052516;0;7;0;0.0;2.0;3.0;10.0;A01
80335;201500052517;0;10;0;0.0;1.0;3.0;15.0;A01
80336;201500052518;0;32;0;0.0;1.0;0.0;1.0;A01
80337;201500052519;0;10;0;0.0;1.0;4.0;4.0;A01
80338;201500052520;0;2;0;0.0;2.0;8.0;18.0;A01
80339;201500052520;0;7;0;0.0;2.0;7.0;1.0;B01
80340;201500052523;0;7;0;0.0;1.0;0.0;1.0;A01
80341;201500052525;0;1;0;0.0;2.0;2.0;17.0;A01
80342;201500052525;0;1;0;0.0;2.0;3.0;1.0;B01
80343;201500052526;0;33;0;0.0;2.0;2.0;17.0;B01
80344;201500052526;0;7;0;0.0;2.0;3.0;15.0;A01
80345;201500052527;1;7;0;0.0;2.0;0.0;2.0;Z01
80346;201500052527;0;31;0;0.0;2.0;4.0;2.0;A01
80347;201500052528;0;1;0;0.0;2.0;0.0;1.0;B01
80348;201500052528;0;7;0;0.0;2.0;0.0;22.0;A01
80349;201500052529;0;10;0;0.0;1.0;4.0;4.0;A01
80350;201500052530;0;7;0;0.0;2.0;1.0;2.0;A01
80351;201500052530;0;7;0;0.0;0.0;4.0;23.0;C01
80352;201500052530;0;10;0;0.0;2.0;4.0;2.0;B01
80353;201500052531;0;30;0;0.0;0.0;0.0;1.0;A01
80354;201500052532;0;7;0;0.0;2.0;3.0;16.0;A01
80355;201500052532;0;2;0;0.0;2.0;1.0;1.0;B01
80356;201500052533;0;7;0;0.0;2.0;1.0;1.0;A01
80357;201500052533;0;7;0;0.0;2.0;4.0;23.0;B01
80358;201500052534;0;7;0;0.0;2.0;8.0;1.0;B01
80359;201500052534;0;34;0;0.0;2.0;7.0;16.0;A01
80360;201500052535;0;1;0;0.0;2.0;7.0;1.0;A01
80361;201500052535;0;7;0;0.0;2.0;3.0;1.0;B01
80362;201500052538;0;10;0;0.0;2.0;2.0;14.0;A01
80363;201500052538;0;1;0;12.0;2.0;3.0;1.0;B01
80364;201500052539;0;7;0;0.0;2.0;3.0;10.0;A01
80365;201500052539;0;32;0;0.0;2.0;1.0;17.0;B01
80366;201500052541;0;37;0;0.0;2.0;7.0;17.0;A01
80367;201500052541;0;1;0;0.0;2.0;3.0;13.0;B01
80368;201500052542;0;7;0;0.0;2.0;1.0;1.0;A01
80369;201500052542;0;7;0;0.0;2.0;4.0;23.0;B01
80370;201500052543;0;10;0;0.0;2.0;7.0;16.0;A01
80371;201500052543;0;1;0;0.0;2.0;1.0;1.0;B01
80372;201500052544;0;7;0;0.0;2.0;3.0;10.0;B01
80373;201500052544;0;31;0;0.0;2.0;1.0;1.0;A01
80374;201500052545;0;7;0;0.0;2.0;1.0;1.0;A01
80375;201500052545;0;7;0;0.0;2.0;0.0;1.0;B01
80376;201500052546;0;7;0;0.0;2.0;5.0;16.0;A01
80377;201500052546;0;1;0;0.0;2.0;0.0;1.0;B01
80378;201500052547;0;7;0;0.0;2.0;0.0;10.0;B01
80379;201500052547;0;32;0;0.0;2.0;0.0;17.0;A01
80380;201500052548;0;37;0;0.0;2.0;5.0;21.0;A01
80381;201500052548;0;7;0;0.0;2.0;2.0;15.0;B01
80382;201500052549;0;31;0;0.0;2.0;1.0;1.0;B01
80383;201500052549;0;7;0;0.0;2.0;2.0;15.0;A01
80384;201500052550;0;2;0;1.0;0.0;0.0;21.0;A01
80385;201500052551;0;34;0;8.0;0.0;3.0;5.0;A01
80386;201500052552;0;31;0;0.0;2.0;8.0;1.0;B01
80387;201500052552;0;3;0;0.0;2.0;1.0;1.0;A01
80388;201500052554;0;1;0;0.0;2.0;1.0;23.0;B01
80389;201500052554;0;1;0;0.0;1.0;1.0;1.0;A01
80390;201500052556;0;30;0;0.0;2.0;0.0;10.0;A01
80391;201500052556;0;33;0;0.0;2.0;8.0;1.0;B01
80392;201500052557;0;30;0;0.0;0.0;0.0;21.0;A01
80393;201500052558;0;7;0;0.0;1.0;2.0;1.0;A01
80394;201500052559;0;7;0;11.0;0.0;1.0;13.0;A01
80395;201500052560;0;33;0;0.0;2.0;8.0;1.0;B01
80396;201500052560;0;7;0;0.0;2.0;7.0;16.0;A01
80397;201500052561;0;33;0;0.0;2.0;1.0;1.0;B01
80398;201500052561;0;7;0;0.0;2.0;2.0;15.0;A01
80399;201500052562;0;7;0;0.0;2.0;2.0;1.0;B01
80400;201500052562;0;34;0;0.0;2.0;1.0;1.0;A01
80401;201500052563;0;1;0;0.0;2.0;1.0;1.0;A01
80402;201500052563;0;7;0;0.0;2.0;1.0;15.0;B01
80403;201500052565;0;1;0;0.0;2.0;7.0;1.0;B01
80404;201500052565;0;7;0;0.0;2.0;1.0;1.0;A01
80405;201500052567;0;1;0;0.0;2.0;1.0;1.0;A01
80406;201500052567;0;7;0;0.0;2.0;2.0;16.0;B01
80407;201500052568;0;31;0;0.0;2.0;1.0;2.0;A01
80408;201500052568;0;10;0;0.0;2.0;5.0;23.0;B01
80409;201500052569;1;10;0;0.0;2.0;3.0;13.0;Z01
80410;201500052569;0;10;0;9.0;2.0;5.0;13.0;B01
80411;201500052570;0;32;0;0.0;2.0;2.0;15.0;A01
80412;201500052570;0;7;0;0.0;2.0;3.0;15.0;B01
80413;201500052571;0;33;0;0.0;1.0;1.0;17.0;A01
80414;201500052572;0;1;0;0.0;1.0;1.0;1.0;A01
80415;201500052573;0;7;0;0.0;2.0;1.0;1.0;A01
80416;201500052573;0;7;0;6.0;2.0;2.0;1.0;B01
80417;201500052574;0;34;0;0.0;2.0;4.0;1.0;B01
80418;201500052574;0;7;0;0.0;2.0;1.0;1.0;A01
80419;201500052576;0;7;0;0.0;1.0;1.0;15.0;A01
80420;201500052577;0;1;0;0.0;1.0;7.0;1.0;A01
80421;201500052579;0;7;0;0.0;1.0;5.0;15.0;A01
80422;201500052580;0;30;0;0.0;0.0;0.0;1.0;A01
80423;201500052581;0;2;0;0.0;2.0;2.0;1.0;A01
80424;201500052581;1;7;0;0.0;2.0;0.0;9.0;Z01
80425;201500052582;0;30;0;0.0;2.0;2.0;17.0;A01
80426;201500052582;0;7;0;0.0;2.0;3.0;15.0;B01
80427;201500052583;0;10;0;0.0;2.0;8.0;10.0;A01
80428;201500052583;0;34;0;0.0;2.0;7.0;1.0;B01
80429;201500052584;0;2;0;0.0;1.0;1.0;1.0;A01
80430;201500052585;0;7;0;0.0;1.0;1.0;1.0;A01
80431;201500052587;1;32;0;0.0;2.0;1.0;0.0;Z01
80432;201500052587;0;1;0;0.0;2.0;2.0;15.0;A01
80433;201500052588;0;7;0;0.0;2.0;2.0;15.0;A01
80434;201500052588;0;33;0;0.0;2.0;3.0;1.0;B01
80435;201500052589;0;1;0;0.0;1.0;2.0;1.0;A01
80436;201500052590;0;30;0;0.0;0.0;0.0;21.0;A01
80437;201500052591;0;7;0;0.0;2.0;6.0;15.0;B01
80438;201500052591;0;31;0;0.0;2.0;0.0;17.0;A01
80439;201500052592;0;31;0;0.0;2.0;7.0;1.0;A01
80440;201500052592;0;7;0;0.0;2.0;1.0;1.0;B01
80441;201500052594;0;7;0;0.0;1.0;2.0;15.0;A01
80442;201500052596;0;32;0;0.0;0.0;6.0;21.0;A01
80443;201500052597;0;7;0;0.0;1.0;8.0;1.0;A01
80444;201500052598;0;1;0;0.0;2.0;3.0;1.0;A01
80445;201500052598;0;7;0;0.0;2.0;2.0;1.0;B01
80446;201500052599;0;7;0;0.0;1.0;5.0;1.0;A01
80447;201500052600;0;34;0;0.0;2.0;6.0;2.0;A01
80448;201500052600;0;7;0;0.0;2.0;5.0;2.0;B01
80449;201500052601;0;33;0;0.0;2.0;7.0;2.0;B01
80450;201500052601;0;7;0;0.0;2.0;8.0;15.0;A01
80451;201500052603;0;7;0;0.0;2.0;6.0;10.0;B01
80452;201500052603;0;2;0;0.0;2.0;1.0;5.0;A01
80453;201500052604;0;7;0;0.0;2.0;2.0;4.0;A01
80454;201500052604;0;31;0;0.0;2.0;1.0;1.0;B01
80455;201500052605;0;3;0;0.0;2.0;2.0;1.0;B01
80456;201500052605;0;7;0;0.0;2.0;8.0;15.0;A01
80457;201500052606;0;30;0;0.0;1.0;1.0;1.0;A01
80458;201500052607;0;31;0;0.0;1.0;8.0;1.0;A01
80459;201500052608;0;30;0;14.0;0.0;0.0;1.0;A01
80460;201500052609;0;30;0;0.0;2.0;1.0;10.0;A01
80461;201500052609;0;7;0;0.0;2.0;1.0;1.0;B01
80462;201500052610;0;30;0;0.0;2.0;1.0;1.0;B01
80463;201500052610;0;7;0;0.0;2.0;3.0;15.0;A01
80464;201500052611;0;7;0;0.0;1.0;1.0;1.0;A01
80465;201500052612;0;30;0;0.0;2.0;4.0;1.0;A01
80466;201500052612;1;7;0;0.0;2.0;1.0;1.0;Z01
80467;201500052613;0;7;0;0.0;2.0;2.0;1.0;A01
80468;201500052613;0;30;0;0.0;2.0;3.0;1.0;B01
80469;201500052614;0;7;0;0.0;2.0;1.0;15.0;A01
80470;201500052614;0;34;0;0.0;2.0;3.0;1.0;B01
80471;201500052615;0;1;0;0.0;1.0;8.0;5.0;A01
80472;201500052616;0;34;0;0.0;2.0;7.0;17.0;B01
80473;201500052616;0;7;0;0.0;2.0;8.0;13.0;A01
80474;201500052617;0;34;0;0.0;1.0;1.0;1.0;A01
80475;201500052618;0;32;0;0.0;2.0;1.0;1.0;B01
80476;201500052618;0;7;0;0.0;2.0;2.0;15.0;A01
80477;201500052619;0;34;0;0.0;1.0;0.0;1.0;A01
80478;201500052620;0;1;0;0.0;2.0;0.0;2.0;B01
80479;201500052620;0;7;0;0.0;2.0;0.0;23.0;A01
80480;201500052621;0;34;0;0.0;2.0;4.0;23.0;B01
80481;201500052621;0;31;0;0.0;2.0;1.0;1.0;A01
80482;201500052623;0;7;0;0.0;2.0;2.0;9.0;A01
80483;201500052623;0;32;0;0.0;2.0;1.0;1.0;B01
80484;201500052624;0;7;0;0.0;1.0;1.0;1.0;A01
80485;201500052626;0;30;0;0.0;2.0;1.0;1.0;C01
80486;201500052626;0;30;0;0.0;2.0;1.0;1.0;B01
80487;201500052626;0;7;0;0.0;2.0;2.0;15.0;A01
80488;201500052628;0;7;0;0.0;1.0;3.0;15.0;A01
80489;201500052629;0;7;0;0.0;2.0;5.0;9.0;A01
80490;201500052629;0;32;0;0.0;2.0;7.0;1.0;B01
80491;201500052630;0;31;0;0.0;2.0;1.0;17.0;A01
80492;201500052630;0;7;0;0.0;2.0;6.0;10.0;B01
80493;201500052631;0;7;0;0.0;2.0;3.0;13.0;A01
80494;201500052631;0;31;0;0.0;2.0;7.0;17.0;B01
80495;201500052632;0;32;0;0.0;1.0;2.0;1.0;A01
80496;201500052633;0;7;0;12.0;0.0;1.0;14.0;A01
80497;201500052634;0;1;0;0.0;2.0;1.0;1.0;A01
80498;201500052634;0;7;0;0.0;2.0;1.0;15.0;B01
80499;201500052635;0;32;0;0.0;2.0;8.0;1.0;A01
80500;201500052635;1;10;0;0.0;2.0;2.0;18.0;Z01
80501;201500052636;0;34;0;0.0;2.0;1.0;1.0;A01
80502;201500052636;0;7;0;0.0;2.0;4.0;23.0;B01
80503;201500052637;0;10;0;0.0;2.0;6.0;23.0;B01
80504;201500052637;0;2;0;0.0;2.0;6.0;17.0;A01
80505;201500052638;0;7;0;0.0;2.0;1.0;1.0;A01
80506;201500052638;0;10;0;0.0;2.0;4.0;23.0;B01
80507;201500052639;0;7;0;2.0;0.0;1.0;14.0;A01
80508;201500052640;0;7;0;0.0;2.0;2.0;11.0;A01
80509;201500052640;0;33;0;0.0;2.0;3.0;1.0;B01
80510;201500052641;0;7;0;0.0;1.0;8.0;15.0;A01
80511;201500052642;0;10;0;0.0;1.0;1.0;15.0;A01
80512;201500052643;0;1;0;0.0;2.0;1.0;7.0;B01
80513;201500052643;0;7;0;0.0;2.0;8.0;22.0;A01
80514;201500052644;0;7;0;0.0;2.0;1.0;2.0;A01
80515;201500052644;0;7;0;0.0;2.0;4.0;23.0;B01
80516;201500052645;0;7;0;0.0;1.0;1.0;1.0;A01
80517;201500052646;0;7;0;0.0;2.0;3.0;9.0;A01
80518;201500052646;0;34;0;0.0;2.0;2.0;1.0;B01
80519;201500052647;0;34;0;0.0;2.0;1.0;1.0;B01
80520;201500052647;0;7;0;0.0;2.0;7.0;15.0;A01
80521;201500052648;0;7;0;0.0;1.0;2.0;15.0;A01
80522;201500052649;0;1;0;0.0;2.0;8.0;1.0;A01