;Num_Acc;senc;catv;occutc;obs;obsm;choc;manv;num_veh
80941;201500052918;0;7;0;0.0;2.0;6.0;13.0;A01
80942;201500052918;0;32;0;0.0;2.0;1.0;1.0;B01
80943;201500052919;0;7;0;0.0;2.0;3.0;1.0;B01
80944;201500052919;0;30;0;0.0;2.0;2.0;1.0;A01
80945;201500052920;0;7;0;0.0;2.0;6.0;11.0;A01
80946;201500052920;0;33;0;0.0;2.0;2.0;17.0;B01
80947;201500052921;0;32;0;0.0;2.0;1.0;17.0;A01
80948;201500052921;0;7;0;0.0;2.0;3.0;15.0;B01
80949;201500052922;0;33;0;0.0;2.0;4.0;1.0;B01
80950;201500052922;0;32;0;0.0;2.0;1.0;1.0;A01
80951;201500052923;0;7;0;0.0;2.0;8.0;11.0;A01
80952;201500052923;0;31;0;0.0;2.0;7.0;1.0;B01
80953;201500052924;0;30;0;0.0;2.0;8.0;1.0;B01
80954;201500052924;0;7;0;0.0;2.0;1.0;15.0;A01
80955;201500052925;0;7;0;0.0;1.0;1.0;1.0;A01
80956;201500052926;0;7;0;0.0;2.0;6.0;13.0;C01
80957;201500052926;0;33;0;0.0;2.0;8.0;3.0;A01
80958;201500052926;0;7;0;0.0;2.0;2.0;1.0;B01
80959;201500052927;0;10;0;1.0;2.0;1.0;14.0;A01
80960;201500052927;0;7;0;0.0;2.0;6.0;24.0;B01
80961;201500052928;0;7;0;0.0;2.0;7.0;1.0;A01
80962;201500052928;0;34;0;0.0;2.0;0.0;1.0;B01
80963;201500052929;0;10;0;0.0;2.0;3.0;9.0;B01
80964;201500052929;0;32;0;0.0;2.0;1.0;1.0;A01
80965;201500052930;0;10;0;0.0;2.0;2.0;1.0;A01
80966;201500052930;0;32;0;0.0;2.0;3.0;1.0;B01
80967;201500052931;0;30;0;0.0;1.0;1.0;1.0;A01
80968;201500052932;1;7;0;0.0;1.0;1.0;16.0;Z01
80969;201500052933;0;7;0;11.0;0.0;3.0;13.0;A01
80970;201500052934;0;7;0;0.0;2.0;8.0;13.0;A01
80971;201500052934;0;30;0;0.0;2.0;8.0;1.0;B01
80972;201500052935;0;7;0;0.0;1.0;0.0;16.0;A01
80973;201500052936;0;32;0;0.0;1.0;3.0;16.0;A01
80974;201500052939;0;10;0;1.0;2.0;2.0;14.0;A01
80975;201500052939;0;7;0;8.0;2.0;6.0;24.0;B01
80976;201500052940;0;1;0;1.0;2.0;7.0;1.0;B01
80977;201500052940;0;7;0;0.0;2.0;8.0;22.0;A01
80978;201500052941;0;7;0;0.0;1.0;4.0;4.0;A01
80979;201500052943;0;33;0;0.0;2.0;3.0;2.0;A01
80980;201500052943;0;10;0;0.0;2.0;5.0;2.0;B01
80981;201500052944;1;7;0;0.0;2.0;0.0;15.0;Z01
80982;201500052944;0;33;0;0.0;2.0;7.0;1.0;A01
80983;201500052945;1;7;0;0.0;2.0;0.0;13.0;Z01
80984;201500052945;0;33;0;0.0;2.0;0.0;3.0;A01
80985;201500052946;0;33;0;0.0;2.0;2.0;1.0;B01
80986;201500052946;0;10;0;0.0;2.0;0.0;9.0;A01
80987;201500052947;0;7;0;6.0;0.0;1.0;1.0;A01
80988;201500052948;0;7;0;1.0;2.0;3.0;1.0;B01
80989;201500052948;0;7;0;0.0;2.0;0.0;1.0;A01
80990;201500052949;1;7;0;0.0;2.0;6.0;22.0;Z01
80991;201500052949;0;2;0;0.0;2.0;2.0;1.0;A01
80992;201500052950;0;33;0;8.0;0.0;1.0;1.0;A01
80993;201500052952;0;7;0;0.0;2.0;3.0;15.0;A01
80994;201500052952;0;33;0;0.0;2.0;1.0;1.0;B01
80995;201500052953;0;7;0;0.0;2.0;2.0;2.0;A01
80996;201500052953;0;33;0;0.0;2.0;4.0;23.0;B01
80997;201500052954;1;7;0;0.0;2.0;1.0;2.0;Z01
80998;201500052954;0;1;0;0.0;2.0;0.0;2.0;A01
80999;201500052955;0;3;0;0.0;2.0;6.0;10.0;A01
81000;201500052955;0;30;0;0.0;2.0;1.0;1.0;B01
81001;201500052956;0;1;0;0.0;2.0;8.0;18.0;A01
81002;201500052956;1;31;0;0.0;2.0;7.0;14.0;Z01
81003;201500052957;0;30;0;1.0;0.0;1.0;1.0;A01
81004;201500052958;0;7;0;0.0;2.0;0.0;2.0;A01
81005;201500052958;0;7;0;0.0;2.0;0.0;23.0;B01
81006;201500052958;0;7;0;0.0;2.0;4.0;23.0;C01
81007;201500052959;0;40;0;0.0;1.0;2.0;1.0;A01
81008;201500052961;0;10;0;0.0;2.0;3.0;9.0;A01
81009;201500052961;0;30;0;0.0;2.0;1.0;1.0;B01
81010;201500052962;0;7;0;7.0;0.0;3.0;1.0;A01
81011;201500052963;0;7;0;0.0;2.0;4.0;23.0;B01
81012;201500052963;0;33;0;0.0;2.0;1.0;2.0;A01
81013;201500052964;0;7;0;0.0;2.0;8.0;9.0;A01
81014;201500052964;0;31;0;0.0;2.0;1.0;1.0;B01
81015;201500052965;0;10;0;2.0;0.0;2.0;16.0;A01
81016;201500052966;0;33;0;0.0;2.0;0.0;21.0;A01
81017;201500052967;0;30;0;0.0;2.0;3.0;1.0;B01
81018;201500052967;0;7;0;0.0;2.0;7.0;15.0;A01
81019;201500052968;0;31;0;0.0;0.0;8.0;17.0;A01
81020;201500052970;0;37;0;0.0;2.0;6.0;23.0;B01
81021;201500052970;0;7;0;0.0;2.0;1.0;1.0;A01
81022;201500052971;0;1;0;0.0;2.0;1.0;9.0;B01
81023;201500052971;0;7;0;0.0;2.0;2.0;15.0;A01
81024;201500052972;0;33;0;0.0;2.0;2.0;1.0;B01
81025;201500052972;0;7;0;0.0;2.0;6.0;13.0;A01
81026;201500052973;0;1;0;0.0;2.0;1.0;13.0;A01
81027;201500052973;0;7;0;0.0;2.0;3.0;1.0;B01
81028;201500052974;0;7;0;0.0;2.0;6.0;0.0;B01
81029;201500052974;0;30;0;0.0;1.0;1.0;5.0;A01
81030;201500052975;0;32;0;0.0;1.0;1.0;1.0;A01
81031;201500052976;0;7;0;1.0;2.0;3.0;1.0;A01
81032;201500052976;0;7;0;1.0;2.0;3.0;23.0;B01
81033;201500052976;0;7;0;0.0;2.0;5.0;1.0;C01
81034;201500052977;0;32;0;9.0;2.0;7.0;15.0;A01
81035;201500052977;0;7;0;0.0;2.0;8.0;9.0;B01
81036;201500052978;0;7;0;0.0;2.0;3.0;10.0;A01
81037;201500052978;0;33;0;0.0;2.0;1.0;17.0;B01
81038;201500052979;0;30;0;0.0;2.0;1.0;17.0;B01
81039;201500052979;0;7;0;0.0;2.0;8.0;9.0;A01
81040;201500052980;0;7;0;0.0;2.0;4.0;23.0;B01
81041;201500052980;0;7;0;1.0;2.0;1.0;1.0;A01
81042;201500052981;0;33;0;1.0;0.0;8.0;18.0;B01
81043;201500052981;0;7;0;0.0;2.0;2.0;22.0;A01
81044;201500052983;0;32;0;0.0;0.0;0.0;21.0;A01
81045;201500052984;0;10;0;0.0;2.0;2.0;1.0;A01
81046;201500052984;0;30;0;0.0;2.0;3.0;10.0;B01
81047;201500052987;0;7;0;0.0;1.0;1.0;17.0;A01
81048;201500052988;0;7;0;0.0;1.0;3.0;1.0;A01
81049;201500052989;0;7;0;1.0;0.0;2.0;21.0;A01
81050;201500052990;0;7;0;1.0;2.0;4.0;4.0;A01
81051;201500052990;0;10;0;0.0;2.0;1.0;24.0;B01
81052;201500052991;0;2;0;8.0;0.0;3.0;13.0;A01
81053;201500052992;0;7;0;0.0;1.0;1.0;1.0;A01
81054;201500052993;0;2;0;0.0;1.0;1.0;1.0;A01
81055;201500052994;0;7;0;0.0;2.0;5.0;15.0;A01
81056;201500052994;0;31;0;0.0;2.0;1.0;1.0;B01
81057;201500052995;0;30;0;0.0;2.0;1.0;18.0;B01
81058;201500052995;0;7;0;0.0;2.0;5.0;16.0;A01
81059;201500052997;0;7;0;0.0;1.0;1.0;15.0;A01
81060;201500052998;0;1;0;0.0;2.0;1.0;23.0;B01
81061;201500052998;0;7;0;0.0;2.0;4.0;2.0;A01
81062;201500052999;0;30;0;0.0;2.0;6.0;1.0;B01
81063;201500052999;0;7;0;0.0;2.0;2.0;16.0;A01
81064;201500053000;0;30;0;0.0;2.0;8.0;5.0;A01
81065;201500053000;0;7;0;0.0;2.0;1.0;9.0;B01
81066;201500053001;0;30;0;0.0;2.0;7.0;17.0;A01
81067;201500053001;0;10;0;0.0;2.0;3.0;15.0;B01
81068;201500053002;0;7;0;6.0;0.0;1.0;13.0;A01
81069;201500053003;0;32;0;4.0;0.0;1.0;14.0;A01
81070;201500053004;0;7;0;14.0;1.0;1.0;14.0;A01
81071;201500053005;0;7;0;0.0;2.0;5.0;16.0;B01
81072;201500053005;0;33;0;0.0;2.0;1.0;7.0;A01
81073;201500053006;1;2;0;0.0;2.0;0.0;10.0;Z01
81074;201500053006;0;32;0;0.0;2.0;3.0;1.0;A01
81075;201500053007;0;2;0;0.0;1.0;1.0;1.0;A01
81076;201500053008;0;7;0;0.0;1.0;2.0;16.0;A01
81077;201500053009;0;7;0;0.0;2.0;8.0;23.0;B01
81078;201500053009;0;7;0;0.0;2.0;3.0;15.0;A01
81079;201500053010;0;7;0;0.0;2.0;4.0;10.0;A01
81080;201500053010;0;1;0;0.0;2.0;1.0;1.0;B01
81081;201500053011;0;2;0;0.0;1.0;0.0;1.0;A01
81082;201500053012;0;32;0;14.0;0.0;0.0;1.0;A01
81083;201500053014;0;7;0;0.0;2.0;3.0;10.0;A01
81084;201500053014;0;30;0;0.0;2.0;1.0;1.0;B01
81085;201500053017;0;34;0;0.0;2.0;1.0;1.0;B01
81086;201500053017;0;10;0;0.0;2.0;4.0;4.0;A01
81087;201500053018;0;33;0;0.0;1.0;3.0;1.0;A01
81088;201500053019;0;7;0;0.0;1.0;3.0;1.0;A01
81089;201500053020;0;7;0;0.0;1.0;3.0;1.0;A01
81090;201500053021;0;33;0;0.0;2.0;1.0;2.0;A01
81091;201500053021;0;7;0;0.0;2.0;5.0;23.0;B01
81092;201500053022;0;7;0;0.0;2.0;3.0;1.0;B01
81093;201500053022;0;7;0;0.0;2.0;2.0;12.0;A01
81094;201500053023;0;7;0;0.0;1.0;3.0;1.0;A01
81095;201500053024;0;7;0;0.0;1.0;1.0;15.0;A01
81096;201500053025;0;32;0;0.0;2.0;1.0;1.0;B01
81097;201500053025;0;7;0;0.0;2.0;2.0;15.0;A01
81098;201500053026;0;7;0;0.0;1.0;1.0;15.0;A01
81099;201500053027;0;7;0;0.0;2.0;2.0;15.0;A01
81100;201500053027;0;30;0;0.0;2.0;1.0;1.0;B01
81101;201500053029;0;7;0;0.0;2.0;8.0;22.0;A01
81102;201500053029;0;30;0;0.0;2.0;1.0;17.0;B01
81103;201500053030;0;1;0;0.0;2.0;7.0;17.0;B01
81104;201500053030;0;7;0;0.0;2.0;3.0;10.0;A01
81105;201500053031;0;7;0;0.0;2.0;6.0;9.0;A01
81106;201500053031;0;34;0;0.0;2.0;1.0;1.0;B01
81107;201500053032;0;7;0;0.0;2.0;2.0;15.0;A01
81108;201500053032;0;7;0;0.0;2.0;3.0;1.0;B01
81109;201500053033;0;10;0;0.0;2.0;3.0;15.0;A01
81110;201500053033;0;33;0;0.0;2.0;2.0;1.0;B01
81111;201500053034;2;32;0;0.0;1.0;1.0;1.0;Z01
81112;201500053035;0;33;0;0.0;2.0;0.0;17.0;A01
81113;201500053035;0;10;0;0.0;2.0;6.0;1.0;B01
81114;201500053035;0;37;1;0.0;2.0;1.0;1.0;C01
81115;201500053036;0;33;0;1.0;0.0;7.0;21.0;A01
81116;201500053037;1;7;0;0.0;1.0;0.0;1.0;Z01
81117;201500053038;0;7;0;0.0;1.0;3.0;1.0;A01
81118;201500053039;0;7;0;0.0;2.0;3.0;1.0;B01
81119;201500053039;0;7;0;0.0;2.0;1.0;15.0;A01
81120;201500053040;0;7;0;0.0;2.0;6.0;10.0;A01
81121;201500053040;0;30;0;0.0;2.0;1.0;1.0;B01
81122;201500053041;1;7;0;0.0;1.0;4.0;4.0;Z01
81123;201500053042;0;7;0;11.0;0.0;8.0;15.0;A01
81124;201500053043;0;10;0;0.0;2.0;4.0;2.0;B01
81125;201500053043;0;31;0;0.0;2.0;1.0;2.0;A01
81126;201500053044;0;7;0;0.0;1.0;3.0;15.0;A01
81127;201500053045;0;37;1;0.0;1.0;5.0;7.0;A01
81128;201500053046;0;31;0;0.0;2.0;2.0;1.0;A01
81129;201500053046;0;7;0;0.0;2.0;3.0;16.0;B01
81130;201500053047;0;7;0;0.0;2.0;6.0;10.0;A01
81131;201500053047;0;30;0;0.0;2.0;1.0;17.0;B01
81132;201500053048;0;31;0;0.0;2.0;1.0;1.0;B01
81133;201500053048;0;10;0;0.0;2.0;8.0;10.0;A01
81134;201500053050;0;7;0;0.0;2.0;7.0;22.0;B01
81135;201500053050;0;32;0;0.0;2.0;1.0;18.0;A01
81136;201500053052;0;7;0;0.0;2.0;1.0;13.0;A01
81137;201500053052;0;14;0;0.0;2.0;0.0;24.0;C01
81138;201500053052;0;7;0;0.0;2.0;2.0;1.0;B01
81139;201500053054;0;7;0;0.0;2.0;4.0;23.0;B01
81140;201500053054;0;1;0;0.0;2.0;1.0;2.0;A01
81141;201500053055;0;7;0;0.0;2.0;2.0;1.0;B01
81142;201500053055;0;2;0;0.0;2.0;3.0;19.0;A01
81143;201500053056;0;7;0;0.0;2.0;2.0;17.0;B01
81144;201500053056;0;1;0;0.0;2.0;1.0;13.0;A01
81145;201500053057;0;7;0;0.0;2.0;7.0;15.0;A01
81146;201500053057;0;31;0;0.0;2.0;1.0;1.0;B01
81147;201500053059;0;7;0;0.0;1.0;2.0;1.0;A01
81148;201500053060;0;7;0;7.0;0.0;2.0;13.0;A01
81149;201500053061;0;32;0;0.0;2.0;7.0;17.0;B01
81150;201500053061;0;10;0;0.0;2.0;3.0;22.0;A01
81151;201500053063;0;7;0;0.0;2.0;1.0;2.0;A01
81152;201500053063;0;7;0;0.0;2.0;4.0;23.0;B01
81153;201500053064;0;7;0;2.0;0.0;2.0;14.0;A01
81154;201500053065;0;32;0;0.0;1.0;1.0;17.0;A01
81155;201500053066;0;33;0;0.0;1.0;2.0;17.0;A01
81156;201500053066;0;7;0;0.0;2.0;8.0;15.0;B01
81157;201500053067;0;7;0;0.0;2.0;2.0;15.0;B01
81158;201500053067;0;33;0;0.0;2.0;4.0;13.0;A01
81159;201500053068;0;1;0;0.0;2.0;8.0;19.0;B01
81160;201500053068;1;30;0;0.0;2.0;1.0;1.0;Z01
81161;201500053069;0;1;0;0.0;2.0;1.0;1.0;A01
81162;201500053069;1;7;0;0.0;2.0;1.0;16.0;Z01
81163;201500053070;0;32;0;0.0;2.0;9.0;17.0;B01
81164;201500053070;0;10;0;0.0;2.0;8.0;15.0;A01
81165;201500053071;0;1;0;0.0;2.0;4.0;1.0;B01
81166;201500053071;0;33;0;0.0;2.0;7.0;15.0;A01
81167;201500053073;0;10;0;0.0;1.0;7.0;1.0;A01
81168;201500053074;0;7;0;8.0;0.0;6.0;10.0;A01
81169;201500053075;0;31;0;0.0;2.0;1.0;7.0;B01
81170;201500053075;0;7;0;0.0;2.0;2.0;1.0;A01
81171;201500053076;0;32;0;0.0;2.0;6.0;23.0;A01
81172;201500053076;1;14;0;0.0;2.0;5.0;14.0;Z01
81173;201500053077;0;30;0;0.0;0.0;3.0;9.0;A01
81174;201500053078;0;7;0;0.0;2.0;2.0;15.0;A01
81175;201500053078;0;33;0;0.0;2.0;3.0;1.0;B01
81176;201500053079;0;7;0;0.0;1.0;3.0;18.0;A01
81177;201500053080;0;10;0;0.0;2.0;2.0;14.0;A01
81178;201500053080;0;1;0;0.0;2.0;8.0;1.0;B01
81179;201500053081;0;7;0;0.0;1.0;2.0;16.0;A01
81180;201500053083;0;7;0;0.0;2.0;3.0;22.0;A01
81181;201500053083;0;30;0;1.0;2.0;2.0;1.0;B01
81182;201500053084;0;7;0;0.0;1.0;4.0;4.0;A01
81183;201500053085;0;7;0;0.0;2.0;1.0;1.0;A01
81184;201500053085;0;1;0;0.0;2.0;8.0;16.0;B01
81185;201500053087;0;30;0;0.0;2.0;1.0;15.0;A01
81186;201500053087;0;10;0;0.0;2.0;3.0;1.0;B01
81187;201500053088;0;7;0;0.0;1.0;5.0;1.0;A01
81188;201500053089;0;2;0;0.0;0.0;7.0;1.0;A01
81189;201500053090;0;7;0;0.0;1.0;2.0;1.0;A01
81190;201500053091;0;1;0;0.0;2.0;8.0;1.0;A01
81191;201500053091;1;7;0;0.0;2.0;0.0;15.0;Z01
81192;201500053093;0;1;0;0.0;2.0;1.0;7.0;A01
81193;201500053093;0;37;1;0.0;2.0;3.0;15.0;B01
81194;201500053094;0;2;0;0.0;1.0;1.0;1.0;A01
81195;201500053095;0;7;0;0.0;2.0;2.0;2.0;A01
81196;201500053095;0;7;0;0.0;2.0;6.0;23.0;B01
81197;201500053096;0;7;0;0.0;1.0;7.0;1.0;A01
81198;201500053097;1;7;0;0.0;1.0;4.0;4.0;Z01
81199;201500053098;0;7;0;0.0;2.0;1.0;5.0;A01
81200;201500053098;0;32;0;0.0;2.0;1.0;1.0;B01
81201;201500053099;0;34;0;0.0;0.0;4.0;2.0;A01
81202;201500053100;0;32;0;0.0;2.0;3.0;13.0;A01
81203;201500053100;0;7;0;0.0;2.0;3.0;1.0;B01
81204;201500053101;0;10;0;11.0;0.0;0.0;15.0;A01
81205;201500053102;0;7;0;0.0;1.0;1.0;16.0;A01
81206;201500053103;0;34;0;0.0;2.0;1.0;17.0;B01
81207;201500053103;0;7;0;0.0;2.0;6.0;15.0;A01
81208;201500053105;0;2;0;8.0;0.0;8.0;1.0;A01
81209;201500053106;0;30;0;0.0;1.0;1.0;1.0;A01
81210;201500053107;0;33;0;0.0;2.0;1.0;16.0;A01
81211;201500053107;0;7;0;0.0;2.0;6.0;14.0;B01
81212;201500053108;0;30;0;0.0;1.0;1.0;21.0;A01
81213;201500053109;0;7;0;0.0;2.0;4.0;23.0;B01
81214;201500053109;0;7;0;0.0;2.0;1.0;2.0;A01
81215;201500053110;0;1;0;0.0;2.0;1.0;2.0;A01
81216;201500053110;0;7;0;0.0;2.0;5.0;23.0;B01
81217;201500053111;0;31;0;0.0;2.0;1.0;1.0;B01
81218;201500053111;0;33;0;0.0;2.0;7.0;15.0;A01
81219;201500053112;0;7;0;0.0;2.0;3.0;16.0;B01
81220;201500053112;0;33;0;0.0;2.0;2.0;21.0;A01
81221;201500053114;0;7;0;0.0;2.0;1.0;10.0;A01
81222;201500053114;0;7;0;0.0;2.0;1.0;1.0;C01
81223;201500053114;0;7;0;0.0;2.0;1.0;1.0;B01
81224;201500053115;0;33;0;0.0;2.0;8.0;1.0;B01
81225;201500053115;0;7;0;0.0;2.0;1.0;15.0;A01
81226;201500053116;0;7;0;0.0;2.0;3.0;15.0;A01
81227;201500053116;0;7;0;0.0;2.0;2.0;1.0;B01
81228;201500053117;0;1;0;0.0;1.0;1.0;17.0;A01
81229;201500053118;0;7;0;1.0;0.0;3.0;13.0;A01
81230;201500053119;0;7;0;0.0;1.0;1.0;1.0;A01
81231;201500053120;0;1;0;0.0;2.0;1.0;2.0;A01
81232;201500053120;0;37;1;0.0;2.0;4.0;23.0;B01
81233;201500053121;0;33;0;0.0;1.0;3.0;1.0;A01
81234;201500053122;0;7;0;0.0;2.0;5.0;16.0;A01
81235;201500053122;0;1;0;0.0;2.0;5.0;1.0;B01
81236;201500053123;0;2;0;0.0;1.0;1.0;1.0;A01
81237;201500053124;0;7;0;1.0;0.0;7.0;14.0;A01
81238;201500053125;0;10;0;0.0;1.0;3.0;16.0;A01
81239;201500053126;0;1;0;0.0;1.0;1.0;1.0;A01
81240;201500053127;0;31;0;0.0;2.0;8.0;1.0;B01
81241;201500053127;0;7;0;0.0;2.0;1.0;15.0;A01
81242;201500053128;0;7;0;0.0;2.0;1.0;1.0;A01
81243;201500053128;1;7;0;0.0;2.0;2.0;10.0;Z01
81244;201500053129;0;7;0;0.0;2.0;2.0;15.0;A01
81245;201500053129;0;31;0;0.0;2.0;1.0;1.0;B01
81246;201500053130;0;7;0;0.0;1.0;2.0;1.0;A01
81247;201500053131;0;1;0;0.0;2.0;1.0;9.0;B01
81248;201500053131;0;7;0;0.0;2.0;3.0;15.0;A01
81249;201500053132;0;7;0;0.0;2.0;0.0;22.0;A01
81250;201500053132;0;1;0;1.0;2.0;0.0;1.0;B01
81251;201500053133;0;7;0;0.0;1.0;3.0;15.0;A01
81252;201500053134;0;2;0;12.0;0.0;2.0;1.0;A01
81253;201500053135;0;7;0;0.0;2.0;7.0;14.0;B01
81254;201500053135;0;34;0;0.0;2.0;8.0;18.0;A01
81255;201500053137;0;7;0;0.0;2.0;3.0;1.0;A01
81256;201500053137;0;33;0;0.0;2.0;3.0;1.0;C01
81257;201500053137;0;34;0;0.0;2.0;7.0;1.0;B01
81258;201500053138;0;37;3;1.0;0.0;7.0;0.0;A01
81259;201500053139;0;7;0;0.0;2.0;1.0;2.0;A01
81260;201500053139;0;10;0;0.0;2.0;6.0;23.0;B01
81261;201500053140;0;7;0;0.0;2.0;6.0;9.0;A01
81262;201500053140;0;33;0;0.0;2.0;5.0;1.0;B01
81263;201500053141;0;7;0;0.0;1.0;1.0;15.0;A01
81264;201500053142;0;2;0;0.0;1.0;0.0;1.0;A01
81265;201500053143;0;10;0;0.0;1.0;7.0;1.0;A01
81266;201500053144;0;2;0;12.0;0.0;2.0;14.0;A01
81267;201500053146;0;34;0;0.0;2.0;1.0;1.0;A01
81268;201500053146;0;7;0;0.0;2.0;8.0;1.0;B01
81269;201500053147;1;7;0;0.0;1.0;0.0;9.0;Z01
81270;201500053148;0;33;0;0.0;2.0;1.0;17.0;B01
81271;201500053148;0;10;0;0.0;2.0;8.0;9.0;A01
81272;201500053149;0;10;0;0.0;2.0;3.0;1.0;B01
81273;201500053149;0;7;0;0.0;2.0;2.0;15.0;A01
81274;201500053150;0;30;0;0.0;1.0;8.0;1.0;A01
81275;201500053151;0;7;0;0.0;2.0;0.0;10.0;A01
81276;201500053151;0;32;0;0.0;2.0;7.0;1.0;B01
81277;201500053152;0;7;0;0.0;2.0;3.0;15.0;A01
81278;201500053152;0;1;0;0.0;2.0;2.0;1.0;B01
81279;201500053153;0;1;0;0.0;1.0;1.0;1.0;A01
81280;201500053154;0;37;0;0.0;2.0;2.0;1.0;B01
81281;201500053154;0;7;0;0.0;2.0;5.0;16.0;A01
81282;201500053156;0;33;0;12.0;0.0;1.0;14.0;A01
81283;201500053157;0;7;0;0.0;2.0;0.0;1.0;A01
81284;201500053157;0;1;0;0.0;2.0;0.0;1.0;B01
81285;201500053158;0;7;0;0.0;2.0;2.0;15.0;A01
81286;201500053158;0;34;0;0.0;2.0;8.0;1.0;B01
81287;201500053159;0;7;0;0.0;1.0;6.0;4.0;A01
81288;201500053160;0;7;0;0.0;2.0;1.0;15.0;B01
81289;201500053160;0;34;0;0.0;2.0;7.0;1.0;A01
81290;201500053161;0;7;0;0.0;2.0;1.0;1.0;A01
81291;201500053161;0;33;0;0.0;2.0;4.0;1.0;B01
81292;201500053162;0;7;0;0.0;2.0;4.0;23.0;B01
81293;201500053162;2;2;0;0.0;2.0;0.0;1.0;Z01
81294;201500053165;0;7;0;0.0;2.0;1.0;1.0;A01
81295;201500053165;0;1;0;0.0;2.0;4.0;13.0;B01
81296;201500053167;0;1;0;0.0;2.0;3.0;18.0;A01
81297;201500053167;0;7;0;0.0;2.0;0.0;1.0;B01
81298;201500053168;0;32;0;0.0;2.0;1.0;15.0;A01
81299;201500053168;0;7;0;0.0;2.0;3.0;15.0;B01
81300;201500053169;0;7;0;0.0;1.0;4.0;23.0;B01
81301;201500053169;0;7;0;0.0;2.0;1.0;1.0;A01
81302;201500053170;0;33;0;0.0;1.0;3.0;1.0;A01
81303;201500053171;1;34;0;0.0;2.0;1.0;2.0;Z01
81304;201500053171;0;1;0;0.0;2.0;4.0;2.0;A01
81305;201500053172;0;7;0;0.0;2.0;8.0;10.0;A01
81306;201500053172;0;31;0;0.0;2.0;1.0;1.0;B01
81307;201500053174;0;7;0;0.0;2.0;6.0;1.0;B01
81308;201500053174;0;7;0;0.0;2.0;3.0;1.0;A01
81309;201500053174;1;7;0;0.0;2.0;0.0;15.0;Z01
81310;201500053174;0;7;0;0.0;2.0;2.0;1.0;C01
81311;201500053175;0;31;0;0.0;2.0;0.0;1.0;B01
81312;201500053175;0;7;0;0.0;2.0;0.0;15.0;A01
81313;201500053176;0;33;0;0.0;2.0;1.0;2.0;A01
81314;201500053176;0;7;0;0.0;2.0;5.0;2.0;B01
81315;201500053177;0;33;0;0.0;2.0;8.0;1.0;B01
81316;201500053177;0;7;0;0.0;2.0;3.0;15.0;A01
81317;201500053178;0;7;0;0.0;2.0;2.0;2.0;A01
81318;201500053178;0;7;0;0.0;2.0;6.0;23.0;B01
81319;201500053179;0;7;0;0.0;2.0;4.0;23.0;B01
81320;201500053179;0;7;0;0.0;2.0;1.0;2.0;A01
81321;201500053180;0;7;0;0.0;2.0;1.0;2.0;A01
81322;201500053180;0;33;0;0.0;2.0;4.0;23.0;B01
81323;201500053181;0;7;0;0.0;1.0;2.0;1.0;A01
81324;201500053182;0;7;0;0.0;2.0;4.0;2.0;A01
81325;201500053182;0;31;0;0.0;2.0;1.0;2.0;B01
81326;201500053183;1;7;0;0.0;2.0;0.0;15.0;Z01
81327;201500053183;0;2;0;0.0;2.0;8.0;1.0;A01
81328;201500053184;0;7;0;0.0;2.0;3.0;15.0;A01
81329;201500053184;0;32;0;0.0;2.0;8.0;1.0;B01
81330;201500053185;0;7;0;0.0;2.0;2.0;1.0;B01
81331;201500053185;0;33;0;0.0;2.0;8.0;13.0;A01
81332;201500053186;0;7;0;0.0;2.0;5.0;15.0;A01
81333;201500053186;0;1;0;0.0;2.0;1.0;1.0;B01
81334;201500053187;0;7;0;11.0;0.0;1.0;15.0;A01
81335;201500053189;0;1;0;0.0;2.0;0.0;1.0;B01
81336;201500053189;0;7;0;0.0;2.0;8.0;22.0;A01
81337;201500053190;0;1;0;0.0;2.0;5.0;1.0;A01
81338;201500053190;1;34;0;0.0;2.0;1.0;1.0;Z01
81339;201500053191;0;7;0;0.0;2.0;7.0;16.0;A01
81340;201500053191;0;37;0;0.0;2.0;3.0;7.0;B01
81341;201500053192;1;7;0;0.0;2.0;4.0;2.0;Z01
81342;201500053192;0;7;0;0.0;2.0;4.0;23.0;A01
81343;201500053193;0;7;0;0.0;1.0;2.0;1.0;A01
81344;201500053194;0;33;0;0.0;2.0;0.0;1.0;A01
81345;201500053194;0;7;0;0.0;2.0;3.0;15.0;B01
81346;201500053195;0;13;0;0.0;2.0;2.0;16.0;A01
81347;201500053195;0;1;0;0.0;2.0;8.0;1.0;B01
81348;201500053196;0;10;0;0.0;2.0;7.0;22.0;A01
81349;201500053196;0;1;0;0.0;2.0;0.0;1.0;B01
81350;201500053197;0;10;0;0.0;2.0;1.0;2.0;A01
81351;201500053197;0;7;0;0.0;2.0;4.0;2.0;B01
81352;201500053198;0;1;0;12.0;0.0;1.0;14.0;A01
81353;201500053200;0;34;0;0.0;2.0;7.0;1.0;A01
81354;201500053200;1;7;0;0.0;2.0;0.0;14.0;Z01
81355;201500053201;0;7;0;0.0;2.0;4.0;23.0;C01
81356;201500053201;0;7;0;0.0;2.0;1.0;2.0;A01
81357;201500053201;0;7;0;0.0;2.0;4.0;23.0;B01
81358;201500053202;0;7;0;0.0;2.0;8.0;10.0;A01