;Num_Acc;senc;catv;occutc;obs;obsm;choc;manv;num_veh
82196;201500053793;0;33;0;0.0;2.0;2.0;1.0;A01
82197;201500053793;0;7;0;0.0;2.0;2.0;1.0;B01
82198;201500053794;0;7;0;0.0;2.0;4.0;23.0;B01
82199;201500053794;0;32;0;0.0;2.0;1.0;1.0;A01
82200;201500053795;0;37;0;0.0;2.0;6.0;23.0;B01
82201;201500053795;0;37;0;0.0;2.0;6.0;2.0;A01
82202;201500053796;0;7;0;0.0;2.0;1.0;2.0;A01
82203;201500053796;0;7;0;0.0;2.0;4.0;2.0;B01
82204;201500053797;0;7;0;0.0;1.0;1.0;16.0;A01
82205;201500053798;0;7;0;0.0;2.0;2.0;2.0;A01
82206;201500053798;0;1;0;0.0;2.0;6.0;15.0;B01
82207;201500053799;0;30;0;0.0;2.0;0.0;1.0;B01
82208;201500053799;0;7;0;0.0;2.0;1.0;1.0;A01
82209;201500053800;0;31;0;0.0;2.0;5.0;15.0;A01
82210;201500053800;0;7;0;0.0;2.0;2.0;1.0;B01
82211;201500053801;0;10;0;0.0;2.0;1.0;15.0;A01
82212;201500053801;0;34;0;0.0;2.0;1.0;1.0;B01
82213;201500053802;1;2;0;0.0;1.0;0.0;1.0;Z01
82214;201500053803;0;31;0;0.0;2.0;1.0;1.0;A01
82215;201500053803;0;7;0;0.0;2.0;2.0;15.0;B01
82216;201500053804;0;31;0;0.0;0.0;0.0;1.0;A01
82217;201500053805;0;31;0;0.0;2.0;8.0;1.0;B01
82218;201500053805;0;7;0;0.0;2.0;3.0;15.0;A01
82219;201500053806;0;7;0;0.0;2.0;5.0;23.0;B01
82220;201500053806;0;7;0;0.0;2.0;4.0;23.0;C01
82221;201500053806;0;7;0;0.0;2.0;3.0;2.0;A01
82222;201500053807;1;7;0;0.0;1.0;2.0;1.0;Z01
82223;201500053808;2;14;0;0.0;2.0;2.0;1.0;B01
82224;201500053808;0;7;0;0.0;2.0;2.0;1.0;A01
82225;201500053809;0;7;0;0.0;1.0;2.0;16.0;A01
82226;201500053810;0;1;0;0.0;2.0;6.0;13.0;B01
82227;201500053810;0;7;0;0.0;2.0;2.0;1.0;A01
82228;201500053811;0;7;0;0.0;2.0;0.0;16.0;A01
82229;201500053811;0;2;0;0.0;2.0;0.0;1.0;B01
82230;201500053812;0;33;0;0.0;2.0;3.0;1.0;B01
82231;201500053812;0;7;0;0.0;2.0;3.0;15.0;A01
82232;201500053813;0;7;0;0.0;1.0;6.0;20.0;A01
82233;201500053814;0;1;0;0.0;2.0;1.0;1.0;A01
82234;201500053814;0;7;0;0.0;2.0;2.0;10.0;B01
82235;201500053815;0;10;0;0.0;1.0;4.0;4.0;A01
82236;201500053816;0;7;0;0.0;2.0;3.0;15.0;A01
82237;201500053816;0;33;0;1.0;2.0;2.0;1.0;B01
82238;201500053817;0;1;0;12.0;0.0;1.0;14.0;A01
82239;201500053818;1;7;0;0.0;1.0;1.0;1.0;Z01
82240;201500053819;0;32;0;0.0;2.0;2.0;1.0;B01
82241;201500053819;0;7;0;0.0;2.0;3.0;9.0;A01
82242;201500053820;0;7;0;0.0;1.0;3.0;1.0;A01
82243;201500053821;0;7;0;0.0;1.0;0.0;4.0;A01
82244;201500053822;0;32;0;15.0;0.0;1.0;1.0;A01
82245;201500053824;2;7;0;0.0;2.0;3.0;22.0;A01
82246;201500053824;0;30;0;1.0;2.0;2.0;1.0;B01
82247;201500053825;0;7;0;1.0;2.0;1.0;1.0;A01
82248;201500053825;0;7;0;0.0;2.0;4.0;23.0;B01
82249;201500053826;0;7;0;0.0;2.0;0.0;23.0;A01
82250;201500053826;0;7;0;0.0;2.0;0.0;1.0;B01
82251;201500053827;0;34;0;0.0;2.0;1.0;1.0;A01
82252;201500053827;0;7;0;0.0;2.0;4.0;23.0;B01
82253;201500053828;1;34;0;0.0;1.0;1.0;1.0;Z01
82254;201500053829;0;30;0;0.0;0.0;8.0;1.0;A01
82255;201500053830;0;7;0;0.0;1.0;2.0;16.0;A01
82256;201500053831;0;7;0;0.0;2.0;3.0;10.0;A01
82257;201500053831;0;30;0;0.0;2.0;2.0;1.0;B01
82258;201500053832;0;7;0;0.0;2.0;1.0;1.0;A01
82259;201500053832;2;7;0;0.0;2.0;2.0;1.0;Z01
82260;201500053833;0;7;0;0.0;1.0;6.0;4.0;A01
82261;201500053834;0;1;0;0.0;2.0;2.0;0.0;A01
82262;201500053834;0;7;0;0.0;2.0;1.0;15.0;B01
82263;201500053835;0;37;0;0.0;2.0;1.0;1.0;A01
82264;201500053835;0;37;0;0.0;2.0;4.0;23.0;B01
82265;201500053836;0;7;0;0.0;2.0;2.0;15.0;A01
82266;201500053836;0;32;0;0.0;2.0;2.0;17.0;B01
82267;201500053837;0;7;0;0.0;1.0;6.0;20.0;A01
82268;201500053838;0;33;0;0.0;2.0;3.0;1.0;B01
82269;201500053838;0;7;0;0.0;2.0;5.0;1.0;A01
82270;201500053839;0;10;0;0.0;2.0;7.0;15.0;A01
82271;201500053839;0;32;0;0.0;2.0;1.0;1.0;B01
82272;201500053840;0;7;0;8.0;0.0;1.0;14.0;A01
82273;201500053841;0;7;0;0.0;1.0;2.0;1.0;A01
82274;201500053843;0;30;0;0.0;0.0;8.0;1.0;A01
82275;201500053844;0;7;0;0.0;2.0;3.0;15.0;B01
82276;201500053844;0;30;0;0.0;2.0;6.0;1.0;A01
82277;201500053845;0;30;0;0.0;2.0;7.0;17.0;A01
82278;201500053845;0;10;0;0.0;2.0;3.0;15.0;B01
82279;201500053846;0;33;0;0.0;2.0;0.0;7.0;B01
82280;201500053846;0;7;0;0.0;2.0;3.0;15.0;A01
82281;201500053847;0;7;0;0.0;2.0;7.0;1.0;A01
82282;201500053847;0;7;0;0.0;2.0;1.0;1.0;B01
82283;201500053848;0;30;0;0.0;0.0;1.0;1.0;A01
82284;201500053849;0;30;0;0.0;0.0;3.0;1.0;A01
82285;201500053850;0;7;0;0.0;1.0;0.0;1.0;A01
82286;201500053851;0;31;0;0.0;1.0;1.0;1.0;A01
82287;201500053852;0;2;0;0.0;2.0;7.0;17.0;A01
82288;201500053852;0;7;0;0.0;2.0;6.0;10.0;B01
82289;201500053853;0;30;0;0.0;1.0;1.0;18.0;A01
82290;201500053854;0;1;0;0.0;1.0;1.0;17.0;A01
82291;201500053855;0;1;0;0.0;1.0;1.0;17.0;A01
82292;201500053856;0;10;0;0.0;1.0;1.0;15.0;A01
82293;201500053857;0;7;0;0.0;1.0;7.0;16.0;A01
82294;201500053858;0;7;0;0.0;2.0;4.0;23.0;C01
82295;201500053858;0;7;0;0.0;2.0;1.0;2.0;A01
82296;201500053858;0;7;0;0.0;2.0;4.0;23.0;B01
82297;201500053859;0;7;0;0.0;1.0;8.0;1.0;A01
82298;201500053860;0;1;0;0.0;1.0;1.0;1.0;A01
82299;201500053861;0;10;0;0.0;2.0;3.0;9.0;B01
82300;201500053861;0;31;0;0.0;2.0;2.0;1.0;A01
82301;201500053862;0;7;0;0.0;2.0;2.0;16.0;B01
82302;201500053862;0;30;0;0.0;2.0;0.0;7.0;A01
82303;201500053863;0;7;0;0.0;1.0;1.0;15.0;A01
82304;201500053864;0;34;0;0.0;2.0;4.0;23.0;B01
82305;201500053864;0;32;0;0.0;2.0;1.0;2.0;A01
82306;201500053865;0;7;0;0.0;2.0;2.0;15.0;B01
82307;201500053865;0;31;0;0.0;2.0;5.0;1.0;A01
82308;201500053866;1;13;0;8.0;2.0;0.0;5.0;Z01
82309;201500053866;0;7;0;0.0;2.0;7.0;16.0;A01
82310;201500053867;0;2;0;0.0;2.0;7.0;1.0;B01
82311;201500053867;0;7;0;0.0;2.0;3.0;9.0;A01
82312;201500053868;0;30;0;0.0;2.0;8.0;5.0;A01
82313;201500053868;0;7;0;0.0;2.0;2.0;1.0;B01
82314;201500053870;0;1;0;0.0;2.0;3.0;13.0;B01
82315;201500053870;0;33;0;0.0;2.0;2.0;1.0;A01
82316;201500053871;0;30;0;0.0;2.0;7.0;17.0;B01
82317;201500053871;0;7;0;0.0;2.0;3.0;15.0;A01
82318;201500053873;1;10;0;0.0;2.0;0.0;13.0;Z01
82319;201500053873;0;31;0;0.0;2.0;7.0;1.0;A01
82320;201500053874;0;7;0;0.0;2.0;2.0;15.0;A01
82321;201500053874;0;31;0;0.0;2.0;1.0;1.0;B01
82322;201500053875;0;7;0;0.0;2.0;2.0;15.0;A01
82323;201500053875;0;7;0;0.0;2.0;8.0;1.0;B01
82324;201500053876;0;31;0;0.0;1.0;2.0;17.0;A01
82325;201500053877;0;14;0;0.0;2.0;0.0;14.0;B01
82326;201500053877;0;7;0;0.0;2.0;0.0;24.0;C01
82327;201500053877;0;30;0;0.0;2.0;0.0;18.0;A01
82328;201500053878;0;7;0;0.0;2.0;0.0;15.0;A01
82329;201500053878;0;31;0;0.0;2.0;0.0;15.0;B01
82330;201500053879;0;7;0;0.0;1.0;1.0;1.0;A01
82331;201500053881;0;30;0;0.0;1.0;8.0;14.0;A01
82332;201500053882;0;33;0;0.0;2.0;1.0;1.0;B01
82333;201500053882;0;10;0;0.0;2.0;7.0;15.0;A01
82334;201500053883;0;7;0;0.0;2.0;3.0;15.0;B01
82335;201500053883;0;2;0;0.0;2.0;2.0;1.0;A01
82336;201500053884;0;37;0;0.0;2.0;4.0;2.0;A01
82337;201500053884;0;33;0;0.0;2.0;4.0;23.0;B01
82338;201500053885;0;2;0;0.0;2.0;0.0;2.0;A01
82339;201500053885;0;1;0;0.0;2.0;0.0;2.0;B01
82340;201500053886;0;7;0;1.0;0.0;3.0;13.0;A01
82341;201500053887;0;10;0;0.0;2.0;3.0;1.0;B01
82342;201500053887;0;2;0;0.0;2.0;8.0;1.0;A01
82343;201500053888;0;7;0;0.0;2.0;3.0;24.0;B01
82344;201500053888;0;7;0;1.0;2.0;2.0;14.0;A01
82345;201500053889;0;1;0;0.0;2.0;1.0;7.0;A01
82346;201500053889;0;7;0;0.0;2.0;5.0;15.0;B01
82347;201500053890;0;33;0;0.0;1.0;1.0;1.0;A01
82348;201500053891;0;7;0;0.0;2.0;0.0;10.0;A01
82349;201500053891;0;7;0;0.0;2.0;0.0;1.0;B01
82350;201500053892;0;7;0;0.0;1.0;2.0;1.0;A01
82351;201500053893;0;7;0;0.0;1.0;8.0;1.0;A01
82352;201500053893;0;7;0;0.0;2.0;6.0;23.0;B01
82353;201500053894;0;7;0;0.0;1.0;1.0;1.0;A01
82354;201500053895;0;33;0;0.0;2.0;3.0;1.0;B01
82355;201500053895;0;7;0;0.0;2.0;2.0;15.0;A01
82356;201500053897;0;7;0;0.0;1.0;0.0;1.0;A01
82357;201500053898;0;32;0;0.0;2.0;1.0;1.0;B01
82358;201500053898;0;7;0;0.0;2.0;2.0;15.0;A01
82359;201500053899;0;7;0;6.0;0.0;2.0;13.0;A01
82360;201500053900;0;1;0;0.0;2.0;5.0;2.0;A01
82361;201500053900;0;10;0;0.0;2.0;5.0;23.0;B01
82362;201500053901;0;33;0;0.0;1.0;1.0;1.0;A01
82363;201500053902;0;33;0;1.0;0.0;1.0;14.0;A01
82364;201500053903;0;7;0;0.0;1.0;2.0;17.0;A01
82365;201500053904;0;31;0;0.0;2.0;1.0;2.0;B01
82366;201500053904;0;10;0;0.0;2.0;4.0;4.0;A01
82367;201500053905;0;33;0;0.0;1.0;0.0;0.0;A01
82368;201500053906;0;1;0;0.0;2.0;3.0;1.0;A01
82369;201500053906;0;31;0;0.0;2.0;2.0;1.0;B01
82370;201500053908;0;33;0;0.0;2.0;6.0;1.0;B01
82371;201500053908;0;7;0;0.0;2.0;0.0;15.0;A01
82372;201500053909;0;7;0;0.0;1.0;3.0;1.0;A01
82373;201500053910;0;31;0;0.0;2.0;2.0;1.0;B01
82374;201500053910;0;7;0;0.0;2.0;8.0;15.0;A01
82375;201500053911;0;34;0;0.0;2.0;7.0;17.0;A01
82376;201500053911;0;7;0;0.0;2.0;3.0;15.0;B01
82377;201500053912;0;7;0;0.0;0.0;9.0;1.0;A01
82378;201500053913;0;7;0;0.0;2.0;1.0;2.0;A01
82379;201500053913;0;7;0;0.0;2.0;4.0;2.0;B01
82380;201500053915;0;32;0;0.0;2.0;1.0;15.0;B01
82381;201500053915;0;7;0;0.0;2.0;3.0;15.0;A01
82382;201500053916;0;31;0;0.0;2.0;1.0;1.0;A01
82383;201500053916;0;1;0;0.0;2.0;4.0;15.0;B01
82384;201500053918;0;33;0;0.0;2.0;6.0;23.0;B01
82385;201500053918;0;7;0;0.0;2.0;2.0;16.0;A01
82386;201500053919;0;7;0;0.0;2.0;3.0;10.0;A01
82387;201500053919;0;32;0;0.0;2.0;7.0;1.0;B01
82388;201500053920;0;33;0;0.0;1.0;1.0;1.0;A01
82389;201500053921;0;30;0;0.0;0.0;8.0;1.0;A01
82390;201500053924;0;10;0;0.0;2.0;4.0;23.0;B01
82391;201500053924;0;7;0;0.0;2.0;1.0;2.0;A01
82392;201500053925;0;7;0;0.0;1.0;1.0;1.0;A01
82393;201500053926;0;31;0;0.0;0.0;1.0;1.0;A01
82394;201500053927;0;7;0;2.0;0.0;1.0;14.0;A01
82395;201500053928;0;14;0;0.0;2.0;8.0;1.0;B01
82396;201500053928;0;33;0;0.0;2.0;7.0;14.0;A01
82397;201500053929;0;10;0;0.0;2.0;2.0;1.0;C01
82398;201500053929;0;7;0;0.0;2.0;3.0;1.0;B01
82399;201500053929;0;7;0;14.0;2.0;1.0;14.0;A01
82400;201500053930;0;14;0;0.0;2.0;0.0;10.0;A01
82401;201500053930;0;33;0;0.0;2.0;0.0;1.0;B01
82402;201500053931;0;7;0;0.0;1.0;2.0;15.0;A01
82403;201500053932;0;7;0;0.0;2.0;2.0;1.0;A01
82404;201500053932;0;2;0;0.0;2.0;6.0;16.0;B01
82405;201500053933;0;31;0;0.0;0.0;0.0;1.0;A01
82406;201500053934;0;32;0;0.0;2.0;1.0;1.0;B01
82407;201500053934;0;7;0;0.0;2.0;7.0;1.0;A01
82408;201500053935;0;7;0;1.0;0.0;2.0;1.0;A01
82409;201500053936;1;10;0;0.0;2.0;7.0;13.0;Z01
82410;201500053936;0;34;0;0.0;2.0;7.0;1.0;A01
82411;201500053937;0;31;0;1.0;0.0;0.0;17.0;A01
82412;201500053938;0;32;0;0.0;2.0;1.0;13.0;A01
82413;201500053938;0;7;0;0.0;2.0;4.0;1.0;B01
82414;201500053939;0;32;0;0.0;0.0;0.0;21.0;A01
82415;201500053940;0;7;0;0.0;1.0;2.0;15.0;A01
82416;201500053941;0;7;0;0.0;1.0;2.0;1.0;A01
82417;201500053942;0;7;0;0.0;2.0;1.0;1.0;A01
82418;201500053942;0;7;0;0.0;2.0;3.0;15.0;B01
82419;201500053943;0;7;0;0.0;2.0;2.0;10.0;A01
82420;201500053943;0;33;0;0.0;2.0;6.0;1.0;B01
82421;201500053944;0;32;0;0.0;2.0;1.0;17.0;B01
82422;201500053944;0;7;0;0.0;2.0;3.0;15.0;A01
82423;201500053945;0;32;0;0.0;2.0;1.0;1.0;B01
82424;201500053945;0;7;0;0.0;2.0;8.0;10.0;A01
82425;201500053946;0;33;0;0.0;0.0;7.0;1.0;A01
82426;201500053947;0;7;0;9.0;0.0;1.0;1.0;A01
82427;201500053948;0;7;0;0.0;1.0;1.0;1.0;A01
82428;201500053949;1;1;0;0.0;1.0;0.0;15.0;Z01
82429;201500053950;0;7;0;1.0;0.0;3.0;14.0;A01
82430;201500053951;0;33;0;0.0;1.0;1.0;1.0;A01
82431;201500053952;0;10;0;0.0;1.0;2.0;16.0;A01
82432;201500053953;0;7;0;0.0;1.0;1.0;1.0;A01
82433;201500053954;0;30;0;0.0;0.0;0.0;1.0;A01
82434;201500053955;0;7;0;0.0;2.0;6.0;10.0;A01
82435;201500053955;0;33;0;0.0;2.0;1.0;1.0;B01
82436;201500053956;0;7;0;0.0;2.0;2.0;15.0;A01
82437;201500053956;0;34;0;0.0;2.0;3.0;1.0;B01
82438;201500053957;0;7;0;0.0;1.0;3.0;1.0;A01
82439;201500053959;0;7;0;0.0;2.0;3.0;9.0;A01
82440;201500053959;0;2;0;0.0;2.0;3.0;1.0;B01
82441;201500053960;0;31;0;0.0;2.0;3.0;17.0;B01
82442;201500053960;0;7;0;0.0;2.0;6.0;15.0;A01
82443;201500053961;0;10;0;0.0;2.0;2.0;15.0;A01
82444;201500053961;0;32;0;0.0;2.0;1.0;1.0;B01
82445;201500053963;0;7;0;0.0;1.0;1.0;15.0;A01
82446;201500053964;0;30;0;0.0;2.0;1.0;5.0;A01
82447;201500053964;0;7;0;0.0;2.0;3.0;15.0;B01
82448;201500053965;0;31;0;0.0;0.0;0.0;1.0;A01
82449;201500053966;0;7;0;0.0;2.0;1.0;2.0;C01
82450;201500053966;0;7;0;0.0;2.0;4.0;23.0;A01
82451;201500053966;0;7;0;0.0;2.0;1.0;2.0;B01
82452;201500053967;0;7;0;0.0;2.0;6.0;23.0;B01
82453;201500053967;0;1;0;0.0;2.0;1.0;14.0;A01
82454;201500053968;1;7;0;0.0;2.0;1.0;2.0;Z01
82455;201500053968;0;7;0;0.0;2.0;4.0;23.0;B01
82456;201500053968;0;7;0;0.0;2.0;4.0;23.0;A01
82457;201500053969;0;7;0;0.0;1.0;3.0;1.0;A01
82458;201500053970;0;32;0;0.0;2.0;1.0;1.0;B01
82459;201500053970;0;7;0;0.0;2.0;3.0;9.0;A01
82460;201500053971;0;32;0;0.0;2.0;8.0;1.0;B01
82461;201500053971;0;7;0;0.0;2.0;1.0;15.0;A01
82462;201500053972;0;30;0;14.0;0.0;8.0;1.0;A01
82463;201500053973;0;2;0;12.0;0.0;0.0;1.0;A01
82464;201500053974;0;7;0;0.0;2.0;4.0;23.0;C01
82465;201500053974;0;7;0;0.0;2.0;1.0;1.0;A01
82466;201500053974;0;7;0;0.0;2.0;4.0;23.0;B01
82467;201500053975;0;7;0;0.0;2.0;1.0;1.0;A01
82468;201500053975;0;7;0;0.0;2.0;4.0;23.0;B01
82469;201500053976;0;7;0;1.0;0.0;2.0;1.0;A01
82470;201500053977;0;7;0;0.0;2.0;5.0;1.0;B01
82471;201500053977;0;31;0;0.0;2.0;1.0;13.0;A01
82472;201500053978;0;32;0;0.0;0.0;0.0;1.0;A01
82473;201500053980;0;7;0;0.0;2.0;3.0;15.0;A01
82474;201500053980;0;34;0;8.0;2.0;3.0;18.0;B01
82475;201500053981;0;7;0;0.0;2.0;2.0;1.0;B01
82476;201500053981;0;30;0;0.0;2.0;8.0;15.0;A01
82477;201500053982;0;7;0;0.0;2.0;7.0;13.0;A01
82478;201500053982;0;34;0;0.0;2.0;1.0;17.0;B01
82479;201500053983;0;7;0;11.0;0.0;3.0;21.0;A01
82480;201500053984;0;7;0;1.0;0.0;1.0;21.0;A01
82481;201500053985;0;2;0;0.0;2.0;8.0;1.0;B01
82482;201500053985;0;7;0;0.0;2.0;7.0;16.0;A01
82483;201500053986;0;1;0;0.0;2.0;8.0;19.0;B01
82484;201500053986;0;7;0;0.0;2.0;2.0;17.0;A01
82485;201500053987;0;2;0;0.0;2.0;4.0;1.0;A01
82486;201500053987;0;7;0;0.0;2.0;1.0;1.0;B01
82487;201500053988;0;7;0;0.0;1.0;3.0;1.0;A01
82488;201500053989;0;7;0;0.0;2.0;6.0;10.0;A01
82489;201500053989;0;34;0;0.0;2.0;1.0;1.0;B01
82490;201500053990;0;33;0;0.0;2.0;1.0;1.0;A01
82491;201500053990;1;7;0;0.0;2.0;1.0;5.0;Z01
82492;201500053991;0;32;0;0.0;2.0;3.0;15.0;B01
82493;201500053991;0;7;0;0.0;2.0;2.0;1.0;A01
82494;201500053992;0;33;0;0.0;2.0;1.0;2.0;A01
82495;201500053992;0;7;0;0.0;2.0;6.0;2.0;B01
82496;201500053993;0;7;0;0.0;2.0;0.0;1.0;A01
82497;201500053993;0;33;0;0.0;2.0;2.0;1.0;B01
82498;201500053994;0;7;0;1.0;1.0;3.0;7.0;A01
82499;201500053995;0;7;0;0.0;2.0;2.0;1.0;B01
82500;201500053995;0;7;0;0.0;2.0;3.0;10.0;A01
82501;201500053996;0;7;0;0.0;1.0;1.0;1.0;A01
82502;201500053997;0;34;0;0.0;1.0;1.0;1.0;A01
82503;201500053999;0;7;0;11.0;0.0;2.0;14.0;A01
82504;201500054000;0;7;0;1.0;0.0;3.0;1.0;A01
82505;201500054001;0;7;0;0.0;1.0;3.0;1.0;A01
82506;201500054002;0;7;0;0.0;2.0;8.0;1.0;B01
82507;201500054002;0;7;0;0.0;2.0;1.0;1.0;A01
82508;201500054003;0;33;0;14.0;0.0;2.0;1.0;A01
82509;201500054004;0;31;0;0.0;2.0;8.0;1.0;B01
82510;201500054004;0;7;0;0.0;2.0;3.0;1.0;A01
82511;201500054006;0;7;0;0.0;2.0;3.0;12.0;B01
82512;201500054006;0;33;0;0.0;2.0;2.0;3.0;A01
82513;201500054007;0;10;0;0.0;2.0;3.0;10.0;A01
82514;201500054007;0;7;0;0.0;2.0;9.0;1.0;B01
82515;201500054009;0;7;0;0.0;2.0;3.0;10.0;A01
82516;201500054009;0;33;0;0.0;2.0;2.0;1.0;B01
82517;201500054010;0;10;0;0.0;2.0;8.0;10.0;A01
82518;201500054010;0;31;0;0.0;2.0;1.0;1.0;B01
82519;201500054011;0;7;0;0.0;1.0;2.0;1.0;A01
82520;201500054012;0;7;0;0.0;2.0;2.0;15.0;B01
82521;201500054012;0;3;0;0.0;2.0;3.0;1.0;A01
82522;201500054013;0;7;0;0.0;2.0;3.0;1.0;B01
82523;201500054013;0;1;0;0.0;2.0;1.0;1.0;A01
82524;201500054014;0;33;0;0.0;1.0;7.0;1.0;A01
82525;201500054015;0;32;0;0.0;1.0;1.0;1.0;A01
82526;201500054016;0;7;0;0.0;2.0;3.0;2.0;A01
82527;201500054016;0;31;0;0.0;2.0;4.0;15.0;B01
82528;201500054017;0;34;0;0.0;2.0;1.0;1.0;B01
82529;201500054017;0;7;0;0.0;2.0;6.0;10.0;A01
82530;201500054018;0;10;0;0.0;1.0;1.0;16.0;A01
82531;201500054019;0;7;0;0.0;2.0;5.0;15.0;B01
82532;201500054019;0;7;0;0.0;2.0;1.0;1.0;A01
82533;201500054020;0;2;0;0.0;2.0;1.0;1.0;B01
82534;201500054020;0;33;0;0.0;2.0;7.0;10.0;A01
82535;201500054021;0;32;0;0.0;2.0;3.0;1.0;A01
82536;201500054021;1;7;0;0.0;2.0;0.0;14.0;Z01
82537;201500054022;0;30;0;0.0;2.0;1.0;2.0;B01
82538;201500054022;0;7;0;0.0;2.0;4.0;4.0;A01
82539;201500054023;0;7;0;0.0;1.0;2.0;1.0;A01
82540;201500054024;0;2;0;0.0;2.0;1.0;17.0;B01
82541;201500054024;0;7;0;0.0;2.0;8.0;10.0;A01
82542;201500054025;0;30;0;8.0;0.0;1.0;1.0;A01
82543;201500054026;0;30;0;0.0;1.0;1.0;1.0;A01
82544;201500054027;0;33;0;0.0;2.0;8.0;2.0;A01
82545;201500054027;0;10;0;0.0;2.0;6.0;23.0;B01
82546;201500054028;0;31;0;0.0;2.0;8.0;15.0;A01
82547;201500054028;0;34;0;0.0;2.0;7.0;1.0;B01
82548;201500054029;0;7;0;0.0;1.0;1.0;15.0;A01
82549;201500054032;0;7;0;0.0;1.0;1.0;1.0;A01
82550;201500054033;0;7;0;0.0;1.0;2.0;16.0;A01
82551;201500054034;0;30;0;0.0;1.0;1.0;21.0;A01
82552;201500054035;0;7;0;0.0;2.0;1.0;15.0;A01
82553;201500054035;0;30;0;0.0;2.0;3.0;1.0;B01
82554;201500054036;0;33;0;0.0;0.0;7.0;1.0;A01
82555;201500054037;0;7;0;0.0;1.0;4.0;4.0;A01
82556;201500054038;0;7;0;0.0;2.0;1.0;13.0;A01
82557;201500054038;0;7;0;0.0;2.0;1.0;1.0;C01
82558;201500054038;0;7;0;1.0;2.0;9.0;1.0;B01
82559;201500054039;0;32;0;12.0;0.0;2.0;14.0;A01
82560;201500054041;0;34;0;0.0;1.0;1.0;1.0;A01
82561;201500054042;0;7;0;0.0;2.0;2.0;1.0;A01
82562;201500054042;0;31;0;0.0;2.0;3.0;18.0;B01
82563;201500054043;0;33;0;0.0;2.0;1.0;1.0;B01
82564;201500054043;0;7;0;0.0;2.0;6.0;15.0;A01
82565;201500054045;0;7;0;0.0;2.0;1.0;23.0;A01
82566;201500054045;0;7;0;1.0;2.0;4.0;2.0;C01
82567;201500054045;0;7;0;0.0;2.0;1.0;23.0;B01
82568;201500054046;0;7;0;0.0;1.0;2.0;1.0;A01
82569;201500054047;0;2;0;0.0;2.0;9.0;1.0;B01
82570;201500054047;0;7;0;0.0;2.0;2.0;10.0;A01
82571;201500054048;0;7;0;0.0;2.0;7.0;15.0;A01
82572;201500054048;0;31;0;0.0;2.0;8.0;1.0;B01
82573;201500054049;0;7;0;0.0;2.0;2.0;15.0;A01
82574;201500054049;0;33;0;0.0;2.0;3.0;1.0;B01
82575;201500054050;0;7;0;0.0;1.0;4.0;4.0;A01
82576;201500054051;0;7;0;0.0;1.0;6.0;2.0;A01
82577;201500054052;2;7;0;15.0;0.0;1.0;15.0;Z01
82578;201500054053;0;32;0;0.0;2.0;3.0;1.0;B01
82579;201500054053;0;33;0;0.0;2.0;1.0;1.0;A01
82580;201500054055;0;10;0;0.0;2.0;4.0;15.0;A01
82581;201500054055;0;31;0;0.0;2.0;1.0;1.0;B01
82582;201500054056;0;7;0;0.0;2.0;7.0;15.0;A01
82583;201500054056;0;1;0;0.0;2.0;1.0;15.0;B01
82584;201500054057;0;7;0;0.0;1.0;2.0;1.0;A01
82585;201500054058;0;7;0;0.0;2.0;3.0;9.0;A01
82586;201500054058;0;33;0;0.0;2.0;7.0;1.0;B01
82587;201500054059;0;37;1;0.0;1.0;2.0;1.0;A01
82588;201500054060;0;7;0;0.0;2.0;3.0;22.0;A01
82589;201500054060;0;32;0;0.0;2.0;2.0;17.0;B01
82590;201500054061;0;7;0;0.0;2.0;4.0;2.0;B01
82591;201500054061;0;7;0;0.0;2.0;1.0;2.0;A01
82592;201500054063;0;7;0;0.0;1.0;2.0;20.0;A01
82593;201500054064;0;2;0;0.0;2.0;1.0;1.0;A01
82594;201500054064;0;7;0;0.0;2.0;5.0;1.0;B01
82595;201500054065;0;33;0;0.0;2.0;3.0;1.0;B01
82596;201500054065;0;7;0;0.0;2.0;2.0;1.0;A01
82597;201500054066;0;7;0;0.0;2.0;1.0;1.0;A01
82598;201500054066;0;1;0;0.0;2.0;1.0;19.0;B01
82599;201500054067;0;7;0;0.0;1.0;2.0;1.0;A01
82600;201500054068;0;37;1;0.0;1.0;2.0;1.0;A01
82601;201500054069;0;34;0;0.0;2.0;4.0;2.0;B01
82602;201500054069;0;30;0;0.0;2.0;1.0;2.0;A01
82603;201500054070;0;7;0;0.0;2.0;1.0;1.0;A01
82604;201500054070;0;7;0;0.0;2.0;8.0;1.0;B01
82605;201500054071;0;7;0;0.0;2.0;5.0;1.0;B01
82606;201500054071;0;34;0;0.0;2.0;1.0;1.0;A01
82607;201500054072;0;7;0;0.0;2.0;4.0;23.0;B01
82608;201500054072;0;32;0;0.0;2.0;1.0;2.0;A01
82609;201500054074;0;7;0;0.0;1.0;2.0;1.0;A01
82610;201500054075;0;32;0;0.0;1.0;8.0;1.0;A01
82611;201500054076;0;7;0;0.0;1.0;1.0;1.0;A01
82612;201500054077;0;7;0;7.0;0.0;1.0;15.0;A01
82613;201500054078;0;7;0;11.0;0.0;3.0;13.0;A01