;Num_Acc;senc;catv;occutc;obs;obsm;choc;manv;num_veh
82614;201500054079;0;31;0;0.0;2.0;8.0;23.0;A01
82615;201500054079;1;7;0;0.0;2.0;3.0;13.0;Z01
82616;201500054081;0;7;0;0.0;2.0;2.0;2.0;A01
82617;201500054081;0;31;0;0.0;2.0;4.0;23.0;B01
82618;201500054082;0;33;0;0.0;2.0;8.0;1.0;B01
82619;201500054082;0;7;0;0.0;2.0;7.0;15.0;A01
82620;201500054083;0;7;0;0.0;1.0;1.0;1.0;A01
82621;201500054084;1;7;0;0.0;1.0;0.0;1.0;Z01
82622;201500054085;0;7;0;6.0;0.0;2.0;9.0;A01
82623;201500054087;0;31;0;0.0;2.0;1.0;1.0;B01
82624;201500054087;0;7;0;0.0;2.0;6.0;10.0;A01
82625;201500054088;0;7;0;0.0;1.0;1.0;16.0;A01
82626;201500054089;0;7;0;0.0;2.0;1.0;15.0;A01
82627;201500054089;0;30;0;0.0;2.0;1.0;1.0;B01
82628;201500054090;0;7;0;0.0;2.0;1.0;2.0;B01
82629;201500054090;0;7;0;0.0;2.0;5.0;2.0;A01
82630;201500054091;0;34;0;0.0;2.0;9.0;3.0;A01
82631;201500054091;0;7;0;0.0;2.0;5.0;1.0;B01
82632;201500054091;0;7;0;0.0;2.0;8.0;1.0;C01
82633;201500054092;0;7;0;0.0;2.0;3.0;24.0;B01
82634;201500054092;0;30;0;0.0;2.0;7.0;16.0;A01
82635;201500054094;0;7;0;0.0;2.0;3.0;13.0;A01
82636;201500054094;0;30;0;0.0;2.0;3.0;17.0;B01
82637;201500054095;0;31;0;0.0;2.0;1.0;17.0;B01
82638;201500054095;0;7;0;0.0;2.0;2.0;15.0;A01
82639;201500054096;0;10;0;0.0;1.0;4.0;4.0;A01
82640;201500054097;0;7;0;0.0;1.0;2.0;1.0;A01
82641;201500054098;0;34;0;0.0;1.0;2.0;1.0;A01
82642;201500054099;0;33;0;0.0;0.0;0.0;1.0;A01
82643;201500054100;0;32;0;0.0;2.0;2.0;1.0;A01
82644;201500054100;0;33;0;0.0;2.0;6.0;23.0;B01
82645;201500054101;0;33;0;0.0;2.0;1.0;9.0;B01
82646;201500054101;0;7;0;0.0;2.0;2.0;1.0;A01
82647;201500054102;0;34;0;0.0;2.0;1.0;1.0;B01
82648;201500054102;0;7;0;0.0;2.0;2.0;15.0;A01
82649;201500054103;0;7;0;0.0;2.0;5.0;12.0;A01
82650;201500054103;0;32;0;0.0;2.0;3.0;1.0;B01
82651;201500054104;0;7;0;0.0;1.0;1.0;1.0;A01
82652;201500054105;0;7;0;1.0;0.0;3.0;13.0;A01
82653;201500054106;0;7;0;0.0;1.0;4.0;4.0;A01
82654;201500054107;0;31;0;15.0;0.0;1.0;14.0;A01
82655;201500054108;0;7;0;7.0;0.0;3.0;13.0;A01
82656;201500054109;0;7;0;0.0;1.0;4.0;4.0;A01
82657;201500054110;0;7;0;0.0;1.0;3.0;15.0;A01
82658;201500054111;0;7;0;0.0;2.0;4.0;2.0;B01
82659;201500054111;0;10;0;0.0;2.0;3.0;2.0;A01
82660;201500054112;0;34;0;0.0;1.0;1.0;1.0;A01
82661;201500054113;0;7;0;0.0;2.0;2.0;16.0;A01
82662;201500054113;0;34;0;0.0;2.0;8.0;1.0;B01
82663;201500054114;0;31;0;0.0;2.0;1.0;1.0;B01
82664;201500054114;0;7;0;0.0;2.0;3.0;9.0;A01
82665;201500054115;0;7;0;0.0;2.0;7.0;22.0;B01
82666;201500054115;0;31;0;0.0;2.0;1.0;18.0;A01
82667;201500054117;0;7;0;0.0;1.0;3.0;1.0;A01
82668;201500054118;0;1;0;0.0;1.0;1.0;1.0;A01
82669;201500054119;0;33;0;0.0;1.0;1.0;17.0;A01
82670;201500054120;1;7;0;0.0;1.0;1.0;1.0;Z01
82671;201500054121;0;7;0;0.0;2.0;4.0;2.0;A01
82672;201500054121;0;7;0;0.0;2.0;1.0;2.0;B01
82673;201500054121;0;7;0;0.0;2.0;4.0;2.0;C01
82674;201500054122;1;7;0;0.0;1.0;0.0;1.0;Z01
82675;201500054123;0;2;0;0.0;2.0;1.0;1.0;A01
82676;201500054123;0;7;0;0.0;2.0;5.0;23.0;B01
82677;201500054124;0;33;0;0.0;2.0;1.0;18.0;B01
82678;201500054124;0;7;0;0.0;2.0;7.0;16.0;A01
82679;201500054125;0;7;0;0.0;2.0;4.0;23.0;C01
82680;201500054125;0;7;0;0.0;2.0;1.0;1.0;A01
82681;201500054125;0;7;0;0.0;2.0;4.0;21.0;B01
82682;201500054125;0;7;0;0.0;2.0;4.0;23.0;D01
82683;201500054126;0;7;0;0.0;1.0;6.0;20.0;A01
82684;201500054128;0;32;0;0.0;2.0;8.0;18.0;A01
82685;201500054128;0;7;0;0.0;2.0;7.0;1.0;B01
82686;201500054129;0;7;0;0.0;1.0;2.0;15.0;A01
82687;201500054130;0;7;0;0.0;1.0;2.0;1.0;A01
82688;201500054131;0;7;0;0.0;2.0;1.0;1.0;A01
82689;201500054131;0;32;0;0.0;2.0;1.0;15.0;B01
82690;201500054132;0;7;0;0.0;2.0;1.0;1.0;A01
82691;201500054132;0;7;0;0.0;2.0;9.0;23.0;B01
82692;201500054132;0;7;0;0.0;2.0;0.0;23.0;C01
82693;201500054133;0;33;0;0.0;1.0;1.0;17.0;A01
82694;201500054134;0;32;0;0.0;2.0;2.0;17.0;B01
82695;201500054134;0;7;0;0.0;2.0;3.0;10.0;A01
82696;201500054136;0;7;0;0.0;2.0;2.0;1.0;A01
82697;201500054136;0;7;0;0.0;2.0;5.0;23.0;B01
82698;201500054137;0;1;0;0.0;2.0;0.0;2.0;B01
82699;201500054137;0;7;0;0.0;2.0;1.0;2.0;A01
82700;201500054138;1;7;0;0.0;2.0;3.0;1.0;Z01
82701;201500054138;0;34;0;0.0;2.0;5.0;1.0;A01
82702;201500054139;0;7;0;0.0;2.0;9.0;13.0;B01
82703;201500054139;0;7;0;0.0;2.0;4.0;23.0;C01
82704;201500054139;0;33;0;0.0;2.0;9.0;17.0;A01
82705;201500054141;0;7;0;0.0;1.0;3.0;1.0;A01
82706;201500054142;0;7;0;0.0;1.0;1.0;1.0;A01
82707;201500054143;0;30;0;0.0;0.0;7.0;1.0;A01
82708;201500054144;0;7;0;0.0;2.0;4.0;1.0;A01
82709;201500054144;0;7;0;0.0;2.0;4.0;1.0;B01
82710;201500054144;1;7;0;0.0;2.0;1.0;1.0;Z01
82711;201500054145;0;7;0;0.0;1.0;7.0;1.0;A01
82712;201500054146;0;1;0;0.0;0.0;0.0;1.0;A01
82713;201500054147;0;7;0;0.0;2.0;3.0;16.0;A01
82714;201500054147;0;30;0;0.0;2.0;3.0;1.0;B01
82715;201500054148;0;7;0;0.0;2.0;4.0;23.0;C01
82716;201500054148;0;7;0;0.0;2.0;1.0;1.0;A01
82717;201500054148;0;7;0;0.0;2.0;4.0;23.0;B01
82718;201500054149;0;34;0;0.0;0.0;3.0;13.0;A01
82719;201500054150;0;7;0;0.0;1.0;2.0;1.0;A01
82720;201500054151;0;34;0;0.0;1.0;1.0;1.0;A01
82721;201500054152;0;10;0;0.0;1.0;5.0;20.0;A01
82722;201500054153;0;1;0;0.0;2.0;1.0;1.0;B01
82723;201500054153;0;7;0;0.0;2.0;3.0;9.0;A01
82724;201500054154;0;1;0;0.0;1.0;1.0;1.0;A01
82725;201500054156;0;1;0;0.0;0.0;1.0;1.0;A01
82726;201500054157;0;7;0;0.0;1.0;6.0;4.0;A01
82727;201500054158;0;7;0;0.0;1.0;6.0;1.0;A01
82728;201500054159;0;7;0;0.0;2.0;1.0;1.0;A01
82729;201500054159;0;32;0;0.0;2.0;7.0;1.0;B01
82730;201500054160;0;32;0;0.0;2.0;5.0;17.0;B01
82731;201500054160;0;7;0;0.0;2.0;8.0;11.0;A01
82732;201500054161;0;34;0;0.0;2.0;1.0;3.0;A01
82733;201500054161;0;2;0;0.0;2.0;0.0;11.0;B01
82734;201500054161;0;7;0;0.0;2.0;6.0;23.0;C01
82735;201500054162;0;33;0;0.0;2.0;1.0;17.0;A01
82736;201500054162;0;7;0;0.0;2.0;1.0;15.0;B01
82737;201500054163;1;7;0;0.0;1.0;4.0;4.0;Z01
82738;201500054165;0;32;0;0.0;2.0;1.0;1.0;B01
82739;201500054165;0;7;0;0.0;2.0;4.0;4.0;A01
82740;201500054166;0;31;0;1.0;0.0;6.0;1.0;A01
82741;201500054167;0;32;0;0.0;1.0;1.0;1.0;A01
82742;201500054168;0;7;0;0.0;2.0;2.0;10.0;A01
82743;201500054168;0;33;0;0.0;2.0;0.0;1.0;B01
82744;201500054169;0;33;0;0.0;2.0;4.0;23.0;B01
82745;201500054169;0;7;0;0.0;2.0;1.0;1.0;A01
82746;201500054170;0;7;0;0.0;2.0;4.0;1.0;B01
82747;201500054170;0;7;0;14.0;2.0;1.0;1.0;A01
82748;201500054170;0;7;0;0.0;2.0;4.0;23.0;C01
82749;201500054171;0;33;0;12.0;0.0;7.0;1.0;A01
82750;201500054172;0;1;0;0.0;2.0;1.0;2.0;B01
82751;201500054172;0;10;0;0.0;2.0;5.0;4.0;A01
82752;201500054173;0;30;0;0.0;2.0;7.0;1.0;A01
82753;201500054173;1;7;0;0.0;2.0;8.0;15.0;Z01
82754;201500054174;0;7;0;0.0;1.0;6.0;4.0;A01
82755;201500054175;0;7;0;1.0;2.0;2.0;14.0;A01
82756;201500054175;0;7;0;0.0;2.0;4.0;24.0;B01
82757;201500054176;0;7;0;0.0;1.0;2.0;1.0;A01
82758;201500054177;0;33;0;0.0;2.0;1.0;2.0;A01
82759;201500054177;0;7;0;0.0;2.0;4.0;2.0;B01
82760;201500054178;0;30;0;0.0;2.0;3.0;15.0;A01
82761;201500054178;0;37;0;0.0;2.0;7.0;15.0;B01
82762;201500054179;0;14;0;0.0;2.0;6.0;10.0;A01
82763;201500054179;0;7;0;0.0;2.0;1.0;1.0;B01
82764;201500054180;0;7;0;0.0;2.0;6.0;2.0;B01
82765;201500054180;0;33;0;0.0;2.0;1.0;2.0;A01
82766;201500054182;0;7;0;0.0;2.0;4.0;2.0;A01
82767;201500054182;0;7;0;0.0;2.0;4.0;2.0;B01
82768;201500054183;0;33;0;0.0;2.0;1.0;2.0;B01
82769;201500054183;0;7;0;0.0;2.0;6.0;16.0;A01
82770;201500054184;0;7;0;0.0;2.0;6.0;4.0;A01
82771;201500054184;0;33;0;0.0;2.0;1.0;1.0;B01
82772;201500054185;0;33;0;0.0;2.0;8.0;1.0;B01
82773;201500054185;0;10;0;0.0;2.0;5.0;16.0;A01
82774;201500054186;0;32;0;0.0;2.0;0.0;3.0;A01
82775;201500054186;0;7;0;0.0;2.0;0.0;11.0;B01
82776;201500054187;0;7;0;1.0;0.0;1.0;14.0;A01
82777;201500054188;0;7;0;0.0;2.0;2.0;1.0;B01
82778;201500054188;0;7;0;1.0;2.0;2.0;16.0;A01
82779;201500054189;0;7;0;8.0;0.0;1.0;1.0;A01
82780;201500054190;0;33;0;1.0;2.0;1.0;1.0;A01
82781;201500054190;0;7;0;0.0;2.0;6.0;1.0;B01
82782;201500054190;0;7;0;0.0;2.0;8.0;23.0;C01
82783;201500054191;0;7;0;0.0;2.0;2.0;1.0;A01
82784;201500054191;0;7;0;8.0;2.0;3.0;1.0;B01
82785;201500054192;0;33;0;0.0;2.0;1.0;1.0;A01
82786;201500054192;0;7;0;0.0;2.0;2.0;15.0;B01
82787;201500054193;0;7;0;0.0;1.0;3.0;15.0;A01
82788;201500054194;0;7;0;0.0;2.0;3.0;10.0;A01
82789;201500054194;0;1;0;0.0;2.0;1.0;1.0;B01
82790;201500054196;0;33;0;0.0;2.0;8.0;18.0;B01
82791;201500054196;0;7;0;0.0;2.0;5.0;16.0;A01
82792;201500054197;0;7;0;0.0;2.0;4.0;20.0;A01
82793;201500054197;0;34;0;0.0;2.0;7.0;9.0;B01
82794;201500054198;0;7;0;0.0;0.0;0.0;1.0;A01
82795;201500054199;0;2;0;0.0;1.0;1.0;17.0;A01
82796;201500054200;0;1;0;0.0;2.0;5.0;1.0;B01
82797;201500054200;0;34;0;0.0;2.0;6.0;9.0;A01
82798;201500054201;0;7;0;0.0;2.0;6.0;13.0;A01
82799;201500054201;0;32;0;0.0;2.0;7.0;17.0;B01
82800;201500054202;0;7;0;0.0;2.0;1.0;15.0;A01
82801;201500054202;0;34;0;0.0;2.0;8.0;1.0;B01
82802;201500054203;0;7;0;0.0;2.0;5.0;23.0;B01
82803;201500054203;0;13;0;0.0;2.0;3.0;2.0;A01
82804;201500054204;0;7;0;0.0;2.0;3.0;15.0;B01
82805;201500054204;0;30;0;0.0;2.0;2.0;17.0;A01
82806;201500054205;0;7;0;1.0;0.0;1.0;14.0;A01
82807;201500054206;0;7;0;0.0;2.0;5.0;1.0;B01
82808;201500054206;0;2;0;0.0;2.0;1.0;1.0;A01
82809;201500054207;0;31;0;0.0;2.0;2.0;17.0;A01
82810;201500054207;0;7;0;0.0;2.0;3.0;15.0;B01
82811;201500054208;0;34;0;0.0;2.0;7.0;16.0;A01
82812;201500054208;0;34;0;0.0;2.0;0.0;16.0;B01
82813;201500054209;0;7;0;0.0;2.0;4.0;23.0;B01
82814;201500054209;0;10;0;0.0;2.0;1.0;2.0;A01
82815;201500054210;0;10;0;0.0;2.0;3.0;15.0;B01
82816;201500054210;0;30;0;0.0;2.0;1.0;7.0;A01
82817;201500054211;0;1;0;0.0;1.0;1.0;1.0;A01
82818;201500054212;0;7;0;0.0;2.0;7.0;15.0;A01
82819;201500054212;0;33;0;0.0;2.0;1.0;1.0;B01
82820;201500054213;0;1;0;0.0;2.0;0.0;1.0;A01
82821;201500054213;1;7;0;0.0;2.0;0.0;10.0;Z01
82822;201500054214;0;2;0;14.0;2.0;2.0;2.0;A01
82823;201500054214;0;10;0;0.0;2.0;6.0;23.0;B01
82824;201500054215;0;2;0;0.0;2.0;1.0;17.0;A01
82825;201500054215;0;7;0;0.0;2.0;3.0;15.0;B01
82826;201500054216;0;7;0;0.0;2.0;5.0;2.0;B01
82827;201500054216;0;32;0;0.0;2.0;1.0;2.0;A01
82828;201500054217;0;7;0;0.0;2.0;2.0;14.0;B01
82829;201500054217;0;7;0;2.0;2.0;9.0;1.0;A01
82830;201500054218;0;1;0;12.0;2.0;8.0;1.0;A01
82831;201500054218;1;7;0;0.0;2.0;7.0;13.0;Z01
82832;201500054220;0;7;0;1.0;2.0;2.0;1.0;B01
82833;201500054220;0;7;0;0.0;2.0;0.0;1.0;A01
82834;201500054221;0;7;0;0.0;2.0;7.0;9.0;A01
82835;201500054221;0;33;0;0.0;2.0;7.0;1.0;B01
82836;201500054222;0;31;0;14.0;0.0;8.0;13.0;A01
82837;201500054223;0;10;0;0.0;1.0;3.0;1.0;A01
82838;201500054224;0;1;0;0.0;2.0;1.0;5.0;A01
82839;201500054224;0;7;0;0.0;2.0;3.0;1.0;B01
82840;201500054225;0;1;0;0.0;2.0;1.0;7.0;A01
82841;201500054225;0;10;0;0.0;2.0;6.0;24.0;B01
82842;201500054226;0;1;0;0.0;1.0;1.0;1.0;A01
82843;201500054227;0;7;0;0.0;2.0;1.0;2.0;A01
82844;201500054227;0;7;0;0.0;2.0;4.0;23.0;B01
82845;201500054228;0;34;0;0.0;0.0;0.0;21.0;A01
82846;201500054229;0;7;0;0.0;2.0;6.0;1.0;B01
82847;201500054229;0;31;0;0.0;2.0;1.0;1.0;A01
82848;201500054230;0;2;0;14.0;0.0;8.0;1.0;A01
82849;201500054231;0;33;0;0.0;2.0;1.0;1.0;B01
82850;201500054231;0;10;0;0.0;2.0;1.0;15.0;A01
82851;201500054232;0;7;0;0.0;2.0;3.0;2.0;A01
82852;201500054232;0;2;0;0.0;2.0;4.0;2.0;B01
82853;201500054233;0;32;0;4.0;0.0;2.0;14.0;A01
82854;201500054234;0;7;0;0.0;2.0;5.0;2.0;B01
82855;201500054234;0;1;0;0.0;2.0;1.0;2.0;A01
82856;201500054235;0;1;0;0.0;2.0;4.0;11.0;B01
82857;201500054235;0;32;0;0.0;2.0;1.0;1.0;A01
82858;201500054236;0;7;0;0.0;2.0;8.0;10.0;A01
82859;201500054236;0;7;0;0.0;2.0;1.0;1.0;B01
82860;201500054237;0;33;0;0.0;2.0;8.0;1.0;B01
82861;201500054237;0;7;0;0.0;2.0;7.0;14.0;A01
82862;201500054238;0;7;0;0.0;1.0;4.0;4.0;A01
82863;201500054239;0;7;0;0.0;1.0;2.0;1.0;A01
82864;201500054240;0;7;0;0.0;2.0;3.0;10.0;A01
82865;201500054240;0;7;0;0.0;2.0;7.0;1.0;B01
82866;201500054241;0;7;0;0.0;2.0;2.0;15.0;A01
82867;201500054241;0;32;0;0.0;2.0;1.0;1.0;B01
82868;201500054242;0;7;0;0.0;2.0;2.0;1.0;A01
82869;201500054242;0;33;0;0.0;2.0;7.0;1.0;C01
82870;201500054242;0;31;0;0.0;2.0;8.0;1.0;B01
82871;201500054243;0;10;0;0.0;2.0;5.0;23.0;B01
82872;201500054243;0;33;0;0.0;2.0;1.0;2.0;A01
82873;201500054244;0;7;0;0.0;2.0;3.0;15.0;A01
82874;201500054244;0;1;0;0.0;2.0;1.0;1.0;B01
82875;201500054245;0;32;0;0.0;2.0;2.0;1.0;B01
82876;201500054245;0;7;0;0.0;2.0;6.0;13.0;A01
82877;201500054246;0;15;0;0.0;2.0;7.0;16.0;A01
82878;201500054246;0;33;0;0.0;2.0;7.0;1.0;B01
82879;201500054247;0;10;0;0.0;2.0;7.0;9.0;A01
82880;201500054247;0;30;0;0.0;2.0;3.0;15.0;B01
82881;201500054248;0;30;0;0.0;1.0;8.0;1.0;A01
82882;201500054249;0;1;0;0.0;2.0;8.0;1.0;B01
82883;201500054249;0;7;0;0.0;2.0;2.0;15.0;A01
82884;201500054251;0;2;0;0.0;2.0;2.0;17.0;B01
82885;201500054251;0;7;0;0.0;2.0;3.0;15.0;A01
82886;201500054252;0;7;0;0.0;2.0;3.0;15.0;A01
82887;201500054252;0;34;0;0.0;2.0;1.0;1.0;B01
82888;201500054253;0;7;0;0.0;1.0;3.0;16.0;A01
82889;201500054254;0;7;0;0.0;1.0;2.0;1.0;A01
82890;201500054255;0;7;0;0.0;2.0;1.0;1.0;B01
82891;201500054255;0;7;0;0.0;2.0;8.0;1.0;A01
82892;201500054256;0;33;0;0.0;2.0;2.0;17.0;A01
82893;201500054256;0;7;0;0.0;2.0;3.0;13.0;B01
82894;201500054257;0;31;0;0.0;2.0;2.0;1.0;B01
82895;201500054257;0;7;0;0.0;2.0;8.0;13.0;A01
82896;201500054257;0;7;0;0.0;2.0;0.0;1.0;C01
82897;201500054258;0;7;0;0.0;2.0;7.0;1.0;A01
82898;201500054258;0;7;0;0.0;2.0;3.0;1.0;B01
82899;201500054259;0;31;0;1.0;0.0;1.0;13.0;A01
82900;201500054260;0;34;0;0.0;0.0;7.0;21.0;A01
82901;201500054261;0;37;0;0.0;2.0;4.0;23.0;B01
82902;201500054261;0;10;0;0.0;2.0;1.0;2.0;A01
82903;201500054262;0;30;0;0.0;2.0;1.0;2.0;A01
82904;201500054262;0;7;0;0.0;2.0;6.0;23.0;B01
82905;201500054263;0;10;0;0.0;2.0;1.0;15.0;A01
82906;201500054263;0;31;0;0.0;2.0;1.0;1.0;B01
82907;201500054264;0;2;0;0.0;2.0;2.0;1.0;B01
82908;201500054264;0;7;0;0.0;2.0;0.0;11.0;A01
82909;201500054265;0;7;0;1.0;0.0;1.0;9.0;A01
82910;201500054266;0;30;0;0.0;2.0;2.0;1.0;A01
82911;201500054266;0;7;0;0.0;2.0;3.0;9.0;B01
82912;201500054267;0;31;0;0.0;2.0;8.0;14.0;A01
82913;201500054267;1;7;0;0.0;2.0;0.0;1.0;Z01
82914;201500054268;0;7;0;0.0;2.0;3.0;15.0;A01
82915;201500054268;0;33;0;0.0;2.0;2.0;1.0;B01
82916;201500054269;0;2;0;0.0;0.0;0.0;1.0;A01
82917;201500054270;0;33;0;12.0;0.0;1.0;21.0;A01
82918;201500054272;0;30;0;0.0;2.0;0.0;17.0;B01
82919;201500054272;0;7;0;0.0;2.0;1.0;9.0;A01
82920;201500054273;0;33;0;5.0;2.0;2.0;1.0;B01
82921;201500054273;0;7;0;0.0;2.0;0.0;10.0;A01
82922;201500054275;0;7;0;0.0;2.0;3.0;13.0;A01
82923;201500054275;0;7;0;0.0;2.0;8.0;1.0;B01
82924;201500054275;0;7;0;0.0;2.0;8.0;1.0;C01
82925;201500054276;0;33;0;0.0;1.0;2.0;1.0;A01
82926;201500054279;0;7;0;0.0;2.0;5.0;1.0;B01
82927;201500054279;1;7;0;0.0;2.0;3.0;13.0;Z01
82928;201500054279;0;30;0;0.0;2.0;2.0;21.0;A01
82929;201500054281;0;7;0;0.0;2.0;8.0;10.0;A01
82930;201500054281;0;34;0;0.0;2.0;1.0;1.0;B01
82931;201500054282;0;7;0;0.0;2.0;1.0;2.0;A01
82932;201500054282;0;31;0;0.0;2.0;4.0;23.0;B01
82933;201500054283;0;7;0;0.0;2.0;1.0;1.0;B01
82934;201500054283;0;2;0;0.0;2.0;7.0;15.0;A01
82935;201500054284;0;7;0;0.0;2.0;1.0;2.0;A01
82936;201500054284;0;7;0;0.0;2.0;4.0;23.0;B01
82937;201500054285;0;7;0;0.0;2.0;3.0;1.0;B01
82938;201500054285;0;1;0;0.0;2.0;7.0;5.0;A01
82939;201500054286;0;1;0;0.0;2.0;1.0;19.0;A01
82940;201500054286;0;34;0;0.0;2.0;1.0;1.0;B01
82941;201500054287;0;31;0;0.0;2.0;0.0;2.0;A01
82942;201500054287;0;7;0;0.0;2.0;3.0;1.0;C01
82943;201500054287;0;7;0;0.0;0.0;6.0;23.0;B01
82944;201500054288;0;7;0;0.0;2.0;2.0;1.0;B01
82945;201500054288;0;7;0;0.0;2.0;3.0;9.0;A01
82946;201500054289;0;7;0;0.0;2.0;5.0;10.0;A01
82947;201500054289;0;30;0;0.0;2.0;1.0;1.0;B01
82948;201500054290;0;7;0;1.0;2.0;8.0;10.0;A01
82949;201500054290;0;34;0;0.0;2.0;7.0;1.0;B01
82950;201500054291;0;7;0;0.0;1.0;4.0;4.0;A01
82951;201500054292;0;7;0;0.0;2.0;1.0;15.0;A01
82952;201500054292;0;1;0;0.0;2.0;8.0;1.0;B01
82953;201500054293;0;33;0;0.0;2.0;8.0;1.0;A01
82954;201500054293;0;7;0;0.0;2.0;6.0;23.0;B01
82955;201500054294;0;33;0;0.0;2.0;8.0;1.0;B01
82956;201500054294;0;7;0;0.0;2.0;3.0;15.0;A01
82957;201500054295;0;7;0;7.0;0.0;1.0;1.0;A01
82958;201500054296;0;32;0;0.0;2.0;7.0;17.0;B01
82959;201500054296;0;7;0;0.0;2.0;3.0;13.0;A01
82960;201500054297;0;32;0;0.0;2.0;2.0;1.0;B01
82961;201500054297;0;10;0;0.0;2.0;8.0;22.0;A01
82962;201500054298;0;30;0;0.0;2.0;3.0;2.0;A01
82963;201500054298;0;7;0;0.0;2.0;4.0;16.0;B01
82964;201500054300;0;7;0;0.0;2.0;2.0;10.0;A01
82965;201500054300;0;32;0;1.0;2.0;6.0;17.0;B01
82966;201500054301;0;7;0;0.0;2.0;3.0;15.0;B01
82967;201500054301;0;32;0;0.0;2.0;1.0;1.0;A01
82968;201500054302;0;7;0;0.0;2.0;3.0;22.0;A01
82969;201500054302;0;1;0;1.0;2.0;1.0;1.0;B01
82970;201500054303;0;33;0;1.0;2.0;8.0;18.0;A01
82971;201500054303;0;7;0;0.0;2.0;7.0;1.0;B01
82972;201500054304;0;33;0;0.0;2.0;3.0;1.0;A01
82973;201500054304;1;10;0;0.0;2.0;0.0;10.0;Z01
82974;201500054305;0;7;0;11.0;0.0;1.0;13.0;A01
82975;201500054306;0;7;0;0.0;2.0;0.0;2.0;A01
82976;201500054306;0;1;0;0.0;2.0;4.0;2.0;B01
82977;201500054308;0;7;0;1.0;2.0;2.0;17.0;A01
82978;201500054308;0;7;0;1.0;2.0;6.0;0.0;B01
82979;201500054309;0;7;0;0.0;2.0;1.0;15.0;A01
82980;201500054309;0;33;0;0.0;2.0;1.0;1.0;B01
82981;201500054310;0;7;0;0.0;2.0;3.0;10.0;A01
82982;201500054310;0;32;0;0.0;2.0;2.0;1.0;B01
82983;201500054311;0;7;0;1.0;2.0;9.0;14.0;A01
82984;201500054311;0;7;0;0.0;2.0;6.0;24.0;B01
82985;201500054312;0;7;0;0.0;0.0;1.0;14.0;A01
82986;201500054313;0;33;0;12.0;0.0;2.0;14.0;A01
82987;201500054314;0;7;0;0.0;2.0;0.0;2.0;A01
82988;201500054314;0;7;0;0.0;2.0;0.0;23.0;B01
82989;201500054316;0;7;0;0.0;1.0;3.0;1.0;A01
82990;201500054317;0;7;0;0.0;2.0;7.0;15.0;A01
82991;201500054317;0;7;0;0.0;2.0;3.0;1.0;B01
82992;201500054318;0;7;0;0.0;2.0;3.0;22.0;A01
82993;201500054318;0;1;0;0.0;2.0;7.0;17.0;B01
82994;201500054319;0;7;0;0.0;1.0;2.0;1.0;A01
82995;201500054320;0;7;0;0.0;2.0;3.0;13.0;A01
82996;201500054320;0;7;0;0.0;2.0;3.0;23.0;B01
82997;201500054321;0;34;0;0.0;2.0;1.0;2.0;A01
82998;201500054321;0;7;0;0.0;2.0;6.0;23.0;B01
82999;201500054322;0;1;0;0.0;2.0;1.0;1.0;B01
83000;201500054322;1;7;0;0.0;2.0;6.0;15.0;Z01
83001;201500054323;0;2;0;0.0;2.0;2.0;9.0;A01
83002;201500054323;0;10;0;15.0;2.0;3.0;1.0;B01
83003;201500054324;0;7;0;0.0;2.0;5.0;15.0;A01
83004;201500054324;0;32;0;0.0;2.0;1.0;1.0;B01
83005;201500054325;0;7;0;1.0;0.0;1.0;14.0;A01
83006;201500054326;0;7;0;0.0;1.0;2.0;1.0;A01
83007;201500054327;0;7;0;0.0;2.0;8.0;13.0;A01
83008;201500054327;0;33;0;0.0;2.0;7.0;17.0;B01
83009;201500054328;0;32;0;0.0;2.0;8.0;1.0;A01
83010;201500054328;0;7;0;0.0;2.0;2.0;15.0;B01
83011;201500054329;0;1;0;0.0;2.0;1.0;2.0;A01
83012;201500054329;1;7;0;0.0;2.0;0.0;23.0;Z01
83013;201500054330;1;33;0;0.0;2.0;1.0;1.0;Z01
83014;201500054330;0;1;0;0.0;2.0;8.0;1.0;A01
83015;201500054331;0;7;0;0.0;2.0;1.0;16.0;B01
83016;201500054331;0;33;0;0.0;2.0;8.0;18.0;A01
83017;201500054332;0;1;0;0.0;2.0;0.0;2.0;A01
83018;201500054332;0;1;0;0.0;2.0;0.0;2.0;B01
83019;201500054333;0;7;0;0.0;1.0;1.0;16.0;A01
83020;201500054334;0;7;0;0.0;2.0;2.0;22.0;A01
83021;201500054334;0;1;0;0.0;2.0;1.0;1.0;B01
83022;201500054335;0;33;0;0.0;2.0;8.0;1.0;B01
83023;201500054335;0;10;0;0.0;2.0;7.0;12.0;A01
83024;201500054336;0;7;0;0.0;2.0;2.0;15.0;B01
83025;201500054336;0;31;0;0.0;2.0;1.0;1.0;A01
83026;201500054337;0;7;0;0.0;1.0;4.0;20.0;A01
83027;201500054338;0;33;0;0.0;2.0;1.0;18.0;A01
83028;201500054338;0;7;0;0.0;2.0;2.0;1.0;B01
83029;201500054339;0;7;0;0.0;2.0;6.0;10.0;A01
83030;201500054339;0;34;0;0.0;2.0;0.0;1.0;B01
83031;201500054340;0;7;0;0.0;2.0;3.0;1.0;A01