;Num_Acc;senc;catv;occutc;obs;obsm;choc;manv;num_veh
83032;201500054340;0;7;0;0.0;2.0;5.0;1.0;B01
83033;201500054341;0;31;0;1.0;0.0;1.0;14.0;A01
83034;201500054342;0;7;0;2.0;0.0;8.0;14.0;A01
83035;201500054343;0;7;0;0.0;1.0;1.0;1.0;A01
83036;201500054344;0;30;0;15.0;0.0;1.0;16.0;A01
83037;201500054346;0;10;0;0.0;2.0;1.0;1.0;A01
83038;201500054346;0;32;0;0.0;2.0;0.0;1.0;B01
83039;201500054347;0;7;0;0.0;2.0;7.0;1.0;A01
83040;201500054347;0;7;0;0.0;2.0;1.0;1.0;B01
83041;201500054348;0;7;0;0.0;2.0;0.0;1.0;A01
83042;201500054348;0;1;0;0.0;2.0;6.0;15.0;B01
83043;201500054350;0;33;0;7.0;0.0;1.0;5.0;A01
83044;201500054353;0;31;0;0.0;2.0;1.0;2.0;A01
83045;201500054353;0;7;0;0.0;2.0;4.0;23.0;B01
83046;201500054354;0;10;0;0.0;1.0;1.0;1.0;A01
83047;201500054356;0;31;0;0.0;2.0;2.0;14.0;A01
83048;201500054356;0;1;0;0.0;2.0;4.0;1.0;B01
83049;201500054358;0;7;0;0.0;0.0;1.0;1.0;A01
83050;201500054359;0;7;0;0.0;1.0;2.0;1.0;A01
83051;201500054360;0;7;0;0.0;2.0;0.0;1.0;B01
83052;201500054360;0;31;0;0.0;2.0;0.0;18.0;A01
83053;201500054361;0;32;0;14.0;0.0;2.0;1.0;A01
83054;201500054362;0;7;0;0.0;1.0;4.0;4.0;A01
83055;201500054364;0;34;0;0.0;1.0;1.0;1.0;A01
83056;201500054365;0;1;0;1.0;0.0;3.0;13.0;A01
83057;201500054366;0;7;0;1.0;0.0;3.0;13.0;A01
83058;201500054367;0;7;0;0.0;1.0;1.0;16.0;A01
83059;201500054368;0;7;0;0.0;2.0;1.0;2.0;A01
83060;201500054368;0;10;0;0.0;2.0;5.0;2.0;B01
83061;201500054369;0;7;0;0.0;2.0;7.0;15.0;A01
83062;201500054369;0;34;0;0.0;2.0;1.0;1.0;B01
83063;201500054371;0;33;0;0.0;2.0;1.0;1.0;B01
83064;201500054371;0;7;0;0.0;2.0;1.0;15.0;A01
83065;201500054372;0;7;0;0.0;2.0;3.0;9.0;A01
83066;201500054372;0;34;0;0.0;2.0;2.0;1.0;B01
83067;201500054373;0;1;0;0.0;2.0;1.0;18.0;A01
83068;201500054373;0;7;0;0.0;2.0;0.0;22.0;B01
83069;201500054374;0;7;0;0.0;2.0;2.0;15.0;A01
83070;201500054374;0;31;0;0.0;2.0;1.0;1.0;B01
83071;201500054375;0;30;0;0.0;0.0;0.0;1.0;A01
83072;201500054376;0;7;0;0.0;2.0;4.0;23.0;B01
83073;201500054376;0;7;0;0.0;2.0;1.0;1.0;A01
83074;201500054377;0;2;0;0.0;0.0;0.0;21.0;A01
83075;201500054378;0;7;0;0.0;2.0;1.0;1.0;A01
83076;201500054378;0;7;0;0.0;2.0;4.0;23.0;C01
83077;201500054378;0;7;0;0.0;2.0;4.0;23.0;D01
83078;201500054378;0;2;0;0.0;2.0;4.0;23.0;B01
83079;201500054379;0;1;0;0.0;2.0;1.0;19.0;A01
83080;201500054379;0;10;0;0.0;2.0;2.0;16.0;B01
83081;201500054380;0;33;0;0.0;1.0;1.0;1.0;A01
83082;201500054381;0;7;0;0.0;1.0;3.0;16.0;A01
83083;201500054382;0;33;0;0.0;2.0;2.0;1.0;B01
83084;201500054382;0;7;0;0.0;2.0;3.0;15.0;A01
83085;201500054383;0;1;0;0.0;2.0;1.0;1.0;A01
83086;201500054383;0;34;0;0.0;2.0;2.0;1.0;B01
83087;201500054384;0;7;0;0.0;2.0;1.0;1.0;A01
83088;201500054384;0;7;0;0.0;2.0;1.0;23.0;B01
83089;201500054384;0;7;0;0.0;2.0;4.0;23.0;C01
83090;201500054385;0;7;0;0.0;2.0;5.0;22.0;A01
83091;201500054385;0;31;0;0.0;2.0;6.0;18.0;B01
83092;201500054386;0;7;0;0.0;2.0;6.0;2.0;B01
83093;201500054386;0;30;0;0.0;2.0;1.0;2.0;A01
83094;201500054387;0;7;0;0.0;2.0;2.0;2.0;A01
83095;201500054387;0;7;0;0.0;2.0;6.0;24.0;B01
83096;201500054388;0;31;0;0.0;2.0;0.0;1.0;A01
83097;201500054388;0;31;0;0.0;2.0;0.0;1.0;B01
83098;201500054389;0;10;0;0.0;2.0;5.0;16.0;B01
83099;201500054389;0;37;0;0.0;2.0;2.0;7.0;A01
83100;201500054389;0;7;0;0.0;2.0;3.0;1.0;C01
83101;201500054390;0;1;0;0.0;2.0;7.0;1.0;A01
83102;201500054390;0;10;0;0.0;2.0;8.0;22.0;B01
83103;201500054391;0;7;0;0.0;2.0;2.0;1.0;A01
83104;201500054391;0;2;0;0.0;2.0;1.0;16.0;B01
83105;201500054392;0;7;0;0.0;2.0;3.0;1.0;B01
83106;201500054392;0;1;0;0.0;2.0;1.0;13.0;A01
83107;201500054393;0;31;0;0.0;2.0;0.0;21.0;A01
83108;201500054394;0;7;0;0.0;2.0;5.0;9.0;A01
83109;201500054394;0;33;0;0.0;2.0;1.0;1.0;B01
83110;201500054395;0;7;0;0.0;2.0;5.0;1.0;A01
83111;201500054395;0;33;0;0.0;2.0;8.0;1.0;B01
83112;201500054396;0;7;0;0.0;2.0;3.0;23.0;A01
83113;201500054396;0;7;0;0.0;2.0;5.0;2.0;B01
83114;201500054397;0;2;0;0.0;2.0;7.0;1.0;A01
83115;201500054397;1;7;0;0.0;2.0;3.0;15.0;Z01
83116;201500054398;0;7;0;0.0;1.0;2.0;15.0;A01
83117;201500054399;0;33;0;0.0;2.0;1.0;1.0;A01
83118;201500054399;0;7;0;0.0;2.0;6.0;23.0;B01
83119;201500054400;0;32;0;0.0;2.0;1.0;17.0;B01
83120;201500054400;0;7;0;0.0;2.0;3.0;1.0;A01
83121;201500054401;0;7;0;0.0;2.0;6.0;2.0;B01
83122;201500054401;0;7;0;0.0;2.0;2.0;2.0;A01
83123;201500054402;0;30;0;0.0;0.0;0.0;1.0;A01
83124;201500054403;0;31;0;0.0;2.0;1.0;5.0;A01
83125;201500054403;0;7;0;0.0;2.0;3.0;15.0;B01
83126;201500054404;0;7;0;4.0;0.0;1.0;13.0;A01
83127;201500054405;0;32;0;0.0;1.0;1.0;1.0;A01
83128;201500054406;0;7;0;0.0;2.0;3.0;13.0;B01
83129;201500054406;0;10;0;0.0;2.0;2.0;17.0;A01
83130;201500054407;0;32;0;0.0;2.0;2.0;17.0;B01
83131;201500054407;0;7;0;0.0;2.0;3.0;10.0;A01
83132;201500054408;0;2;0;12.0;0.0;3.0;1.0;A01
83133;201500054409;0;34;0;0.0;2.0;8.0;18.0;B01
83134;201500054409;0;7;0;0.0;2.0;7.0;23.0;A01
83135;201500054410;0;15;0;0.0;2.0;2.0;16.0;A01
83136;201500054410;0;33;0;0.0;2.0;5.0;23.0;B01
83137;201500054411;0;33;0;0.0;2.0;1.0;1.0;B01
83138;201500054411;0;7;0;0.0;2.0;5.0;15.0;A01
83139;201500054412;0;7;0;0.0;2.0;8.0;13.0;A01
83140;201500054412;0;34;0;0.0;2.0;7.0;1.0;B01
83141;201500054413;2;2;0;0.0;2.0;1.0;17.0;Z01
83142;201500054413;0;32;0;0.0;2.0;1.0;1.0;A01
83143;201500054414;0;7;0;0.0;1.0;3.0;15.0;A01
83144;201500054415;0;7;0;0.0;2.0;4.0;23.0;C01
83145;201500054415;0;7;0;0.0;2.0;4.0;23.0;D01
83146;201500054415;0;7;0;0.0;2.0;4.0;23.0;B01
83147;201500054415;0;7;0;0.0;2.0;2.0;2.0;A01
83148;201500054416;0;2;0;0.0;2.0;6.0;2.0;A01
83149;201500054416;0;7;0;0.0;2.0;5.0;23.0;B01
83150;201500054417;0;31;0;0.0;2.0;2.0;18.0;B01
83151;201500054417;0;7;0;0.0;2.0;8.0;24.0;A01
83152;201500054417;0;7;0;0.0;2.0;2.0;1.0;C01
83153;201500054417;0;7;0;0.0;2.0;5.0;1.0;D01
83154;201500054418;0;7;0;0.0;2.0;2.0;16.0;B01
83155;201500054418;0;32;0;0.0;2.0;6.0;18.0;A01
83156;201500054419;0;33;0;0.0;2.0;6.0;15.0;B01
83157;201500054419;0;7;0;0.0;2.0;2.0;1.0;A01
83158;201500054420;0;7;0;0.0;2.0;1.0;16.0;B01
83159;201500054420;0;10;0;0.0;2.0;7.0;1.0;A01
83160;201500054421;0;7;0;0.0;1.0;5.0;1.0;A01
83161;201500054422;0;31;0;0.0;2.0;1.0;2.0;A01
83162;201500054422;0;7;0;0.0;2.0;4.0;2.0;B01
83163;201500054423;0;7;0;0.0;2.0;1.0;9.0;A01
83164;201500054423;0;33;0;0.0;2.0;7.0;1.0;B01
83165;201500054425;0;7;0;0.0;1.0;1.0;1.0;A01
83166;201500054426;0;15;0;0.0;2.0;8.0;1.0;B01
83167;201500054426;0;7;0;0.0;2.0;7.0;12.0;A01
83168;201500054427;0;7;0;0.0;2.0;1.0;1.0;A01
83169;201500054427;0;7;0;0.0;2.0;2.0;1.0;B01
83170;201500054428;0;7;0;0.0;1.0;2.0;1.0;A01
83171;201500054430;0;2;0;0.0;1.0;1.0;16.0;A01
83172;201500054431;0;34;0;0.0;2.0;8.0;9.0;B01
83173;201500054431;0;7;0;0.0;2.0;2.0;1.0;A01
83174;201500054433;0;7;0;0.0;2.0;1.0;16.0;A01
83175;201500054433;0;1;0;0.0;2.0;8.0;1.0;B01
83176;201500054434;0;7;0;0.0;2.0;1.0;1.0;A01
83177;201500054434;0;7;0;0.0;2.0;3.0;16.0;B01
83178;201500054436;0;33;0;1.0;2.0;1.0;1.0;A01
83179;201500054436;0;7;0;0.0;2.0;4.0;23.0;B01
83180;201500054437;0;34;0;0.0;2.0;6.0;1.0;B01
83181;201500054437;0;7;0;0.0;2.0;2.0;16.0;A01
83182;201500054438;0;33;0;0.0;1.0;0.0;21.0;A01
83183;201500054439;0;7;0;0.0;2.0;6.0;1.0;B01
83184;201500054439;0;7;0;0.0;2.0;3.0;1.0;C01
83185;201500054439;0;7;0;0.0;2.0;1.0;1.0;A01
83186;201500054441;0;15;0;0.0;2.0;1.0;2.0;A01
83187;201500054441;0;31;0;0.0;2.0;4.0;23.0;B01
83188;201500054442;0;1;0;0.0;2.0;8.0;18.0;B01
83189;201500054442;0;7;0;0.0;2.0;7.0;22.0;A01
83190;201500054443;0;7;0;0.0;2.0;3.0;10.0;A01
83191;201500054443;0;7;0;0.0;2.0;2.0;1.0;B01
83192;201500054444;0;31;0;0.0;2.0;2.0;17.0;A01
83193;201500054444;0;7;0;0.0;2.0;1.0;15.0;B01
83194;201500054445;0;7;0;0.0;1.0;3.0;15.0;A01
83195;201500054446;0;34;0;0.0;2.0;1.0;1.0;A01
83196;201500054446;0;7;0;0.0;2.0;6.0;10.0;B01
83197;201500054447;0;30;0;0.0;1.0;1.0;1.0;A01
83198;201500054448;0;33;0;0.0;2.0;2.0;17.0;A01
83199;201500054448;0;7;0;0.0;2.0;3.0;15.0;B01
83200;201500054449;0;37;1;2.0;1.0;2.0;21.0;A01
83201;201500054451;0;7;0;0.0;2.0;4.0;23.0;B01
83202;201500054451;0;7;0;0.0;2.0;1.0;1.0;A01
83203;201500054452;0;31;0;0.0;2.0;1.0;9.0;A01
83204;201500054452;0;7;0;0.0;2.0;1.0;1.0;B01
83205;201500054453;0;1;0;12.0;0.0;2.0;16.0;A01
83206;201500054454;0;7;0;0.0;1.0;4.0;4.0;A01
83207;201500054455;0;34;0;0.0;2.0;1.0;1.0;B01
83208;201500054455;0;10;0;0.0;2.0;6.0;10.0;A01
83209;201500054456;0;31;0;0.0;2.0;8.0;11.0;A01
83210;201500054456;0;7;0;0.0;2.0;2.0;17.0;B01
83211;201500054457;0;7;0;0.0;2.0;8.0;22.0;B01
83212;201500054457;0;2;0;0.0;2.0;1.0;17.0;A01
83213;201500054458;0;7;0;0.0;1.0;7.0;15.0;A01
83214;201500054459;0;7;0;0.0;2.0;5.0;4.0;A01
83215;201500054459;0;33;0;0.0;2.0;8.0;9.0;B01
83216;201500054460;0;7;0;0.0;2.0;5.0;1.0;B01
83217;201500054460;0;31;0;0.0;2.0;1.0;1.0;A01
83218;201500054461;0;7;0;0.0;2.0;7.0;16.0;A01
83219;201500054461;0;33;0;0.0;2.0;8.0;1.0;B01
83220;201500054462;0;33;0;0.0;2.0;8.0;15.0;B01
83221;201500054462;0;7;0;0.0;2.0;1.0;2.0;A01
83222;201500054463;0;33;0;0.0;1.0;1.0;1.0;A01
83223;201500054464;0;7;0;0.0;2.0;2.0;2.0;A01
83224;201500054464;0;7;0;0.0;2.0;6.0;23.0;B01
83225;201500054465;0;7;0;0.0;1.0;1.0;1.0;A01
83226;201500054466;0;13;0;0.0;1.0;3.0;15.0;A01
83227;201500054467;0;33;0;0.0;2.0;1.0;2.0;A01
83228;201500054467;0;7;0;0.0;2.0;4.0;23.0;B01
83229;201500054468;0;7;0;0.0;2.0;2.0;1.0;A01
83230;201500054468;0;32;0;0.0;2.0;8.0;1.0;B01
83231;201500054469;0;7;0;0.0;2.0;2.0;16.0;B01
83232;201500054469;0;33;0;0.0;2.0;3.0;18.0;A01
83233;201500054471;0;7;0;0.0;2.0;8.0;10.0;A01
83234;201500054471;0;31;0;0.0;2.0;7.0;1.0;B01
83235;201500054472;0;7;0;0.0;2.0;2.0;1.0;A01
83236;201500054472;0;30;0;0.0;2.0;8.0;1.0;B01
83237;201500054473;0;7;0;0.0;2.0;3.0;15.0;A01
83238;201500054473;0;1;0;0.0;2.0;4.0;1.0;B01
83239;201500054474;0;10;0;0.0;2.0;5.0;23.0;A01
83240;201500054474;2;7;0;0.0;2.0;1.0;2.0;Z01
83241;201500054475;0;7;0;0.0;2.0;1.0;2.0;B01
83242;201500054475;0;10;0;0.0;2.0;1.0;2.0;A01
83243;201500054476;0;7;0;0.0;1.0;7.0;1.0;A01
83244;201500054477;0;30;0;0.0;2.0;7.0;1.0;A01
83245;201500054477;0;7;0;0.0;2.0;3.0;1.0;B01
83246;201500054478;0;34;0;0.0;2.0;7.0;17.0;B01
83247;201500054478;0;7;0;0.0;2.0;8.0;10.0;A01
83248;201500054479;0;33;0;0.0;2.0;1.0;1.0;B01
83249;201500054479;0;7;0;0.0;2.0;2.0;16.0;A01
83250;201500054480;0;33;0;0.0;2.0;1.0;17.0;A01
83251;201500054480;0;7;0;0.0;2.0;8.0;13.0;B01
83252;201500054481;0;7;0;0.0;2.0;0.0;15.0;A01
83253;201500054481;0;33;0;0.0;2.0;7.0;15.0;B01
83254;201500054482;0;7;0;11.0;0.0;3.0;1.0;A01
83255;201500054484;0;7;0;0.0;1.0;4.0;4.0;A01
83256;201500054485;0;7;0;0.0;1.0;1.0;15.0;A01
83257;201500054486;0;7;0;0.0;2.0;2.0;13.0;A01
83258;201500054486;0;33;0;0.0;2.0;3.0;1.0;B01
83259;201500054487;0;33;0;0.0;2.0;2.0;16.0;B01
83260;201500054487;0;7;0;0.0;2.0;3.0;13.0;A01
83261;201500054488;0;7;0;0.0;1.0;1.0;1.0;A01
83262;201500054489;0;2;0;0.0;1.0;0.0;17.0;A01
83263;201500054490;0;7;0;0.0;2.0;8.0;13.0;A01
83264;201500054490;0;32;0;0.0;2.0;2.0;17.0;B01
83265;201500054491;0;7;0;0.0;2.0;1.0;13.0;A01
83266;201500054491;0;7;0;0.0;2.0;7.0;1.0;B01
83267;201500054492;0;7;0;0.0;2.0;8.0;7.0;B01
83268;201500054492;0;30;0;0.0;2.0;7.0;17.0;A01
83269;201500054493;0;7;0;0.0;2.0;4.0;23.0;B01
83270;201500054493;0;7;0;0.0;2.0;1.0;1.0;A01
83271;201500054496;0;33;0;0.0;0.0;0.0;1.0;A01
83272;201500054500;0;10;0;0.0;2.0;1.0;1.0;A01
83273;201500054500;0;10;0;0.0;2.0;7.0;1.0;B01
83274;201500054501;0;7;0;0.0;2.0;2.0;1.0;A01
83275;201500054501;0;1;0;0.0;2.0;4.0;18.0;B01
83276;201500054503;0;33;0;0.0;2.0;4.0;23.0;B01
83277;201500054503;0;7;0;0.0;2.0;3.0;2.0;A01
83278;201500054504;0;31;0;0.0;1.0;1.0;17.0;A01
83279;201500054505;0;30;0;0.0;0.0;0.0;1.0;A01
83280;201500054506;0;7;0;1.0;0.0;2.0;14.0;A01
83281;201500054507;0;7;0;0.0;2.0;3.0;15.0;A01
83282;201500054507;0;33;0;0.0;2.0;1.0;17.0;B01
83283;201500054508;0;7;0;0.0;2.0;5.0;2.0;A01
83284;201500054508;2;7;0;0.0;2.0;1.0;2.0;Z01
83285;201500054509;0;7;0;0.0;2.0;2.0;2.0;A01
83286;201500054509;0;31;0;0.0;2.0;8.0;15.0;B01
83287;201500054510;0;33;0;0.0;2.0;1.0;14.0;A01
83288;201500054510;0;7;0;0.0;2.0;2.0;18.0;B01
83289;201500054511;0;7;0;0.0;2.0;2.0;14.0;B01
83290;201500054511;0;33;0;0.0;2.0;3.0;18.0;A01
83291;201500054512;0;32;0;0.0;2.0;2.0;1.0;A01
83292;201500054512;0;7;0;0.0;2.0;3.0;15.0;B01
83293;201500054514;0;7;0;1.0;0.0;3.0;13.0;A01
83294;201500054515;0;7;0;0.0;2.0;1.0;1.0;A01
83295;201500054515;0;7;0;0.0;2.0;6.0;23.0;B01
83296;201500054517;0;7;0;0.0;2.0;2.0;2.0;A01
83297;201500054517;0;33;0;0.0;2.0;4.0;2.0;B01
83298;201500054518;0;30;0;0.0;1.0;1.0;1.0;A01
83299;201500054519;0;31;0;0.0;2.0;7.0;17.0;B01
83300;201500054519;0;7;0;0.0;2.0;3.0;22.0;A01
83301;201500054520;0;1;0;0.0;1.0;1.0;1.0;A01
83302;201500054521;0;7;0;0.0;1.0;1.0;1.0;A01
83303;201500054522;1;7;0;0.0;2.0;0.0;16.0;Z01
83304;201500054522;0;34;0;0.0;2.0;8.0;1.0;A01
83305;201500054523;0;30;0;0.0;2.0;1.0;15.0;B01
83306;201500054523;0;7;0;0.0;2.0;0.0;1.0;A01
83307;201500054525;1;7;0;14.0;1.0;0.0;1.0;Z01
83308;201500054526;0;30;0;1.0;0.0;7.0;1.0;A01
83309;201500054527;0;37;2;0.0;2.0;2.0;1.0;B01
83310;201500054527;0;30;0;0.0;2.0;8.0;9.0;A01
83311;201500054528;0;2;0;0.0;2.0;1.0;17.0;B01
83312;201500054528;0;7;0;0.0;2.0;3.0;10.0;A01
83313;201500054529;0;33;0;0.0;0.0;8.0;1.0;A01
83314;201500054530;0;7;0;0.0;1.0;3.0;1.0;A01
83315;201500054532;0;7;0;0.0;1.0;2.0;1.0;A01
83316;201500054533;0;30;0;0.0;2.0;3.0;18.0;A01
83317;201500054533;0;33;0;0.0;2.0;7.0;16.0;B01
83318;201500054534;0;30;0;0.0;2.0;1.0;1.0;B01
83319;201500054534;0;7;0;0.0;2.0;2.0;15.0;A01
83320;201500054535;0;32;0;0.0;2.0;2.0;17.0;B01
83321;201500054535;0;7;0;0.0;2.0;3.0;11.0;A01
83322;201500054536;0;31;0;0.0;1.0;2.0;16.0;A01
83323;201500054537;0;2;0;0.0;2.0;3.0;18.0;A01
83324;201500054537;0;7;0;0.0;2.0;2.0;1.0;B01
83325;201500054538;0;31;0;0.0;2.0;1.0;1.0;A01
83326;201500054538;0;7;0;7.0;2.0;8.0;1.0;B01
83327;201500054539;0;10;0;1.0;2.0;5.0;4.0;A01
83328;201500054539;0;31;0;0.0;2.0;1.0;1.0;B01
83329;201500054540;0;7;0;0.0;1.0;2.0;1.0;A01
83330;201500054541;0;7;0;0.0;2.0;1.0;15.0;A01
83331;201500054541;0;33;0;0.0;2.0;8.0;1.0;B01
83332;201500054542;0;10;0;0.0;2.0;7.0;16.0;A01
83333;201500054542;0;1;0;0.0;2.0;8.0;7.0;B01
83334;201500054543;0;31;0;0.0;2.0;1.0;1.0;B01
83335;201500054543;0;7;0;0.0;2.0;8.0;1.0;A01
83336;201500054544;1;13;0;0.0;2.0;5.0;12.0;Z01
83337;201500054544;0;1;0;0.0;2.0;3.0;1.0;A01
83338;201500054545;0;7;0;0.0;1.0;2.0;15.0;A01
83339;201500054546;0;7;0;0.0;2.0;8.0;22.0;A01
83340;201500054546;0;1;0;0.0;2.0;1.0;1.0;B01
83341;201500054548;0;7;0;0.0;2.0;1.0;2.0;A01
83342;201500054548;0;33;0;0.0;2.0;4.0;23.0;B01
83343;201500054549;0;7;0;0.0;2.0;3.0;1.0;B01
83344;201500054549;0;31;0;0.0;2.0;9.0;1.0;A01
83345;201500054550;0;1;0;0.0;1.0;1.0;1.0;A01
83346;201500054552;0;31;0;0.0;2.0;4.0;1.0;B01
83347;201500054552;0;7;0;0.0;2.0;3.0;1.0;C01
83348;201500054552;0;7;0;0.0;2.0;1.0;15.0;A01
83349;201500054553;0;7;0;0.0;1.0;7.0;1.0;A01
83350;201500054554;0;30;0;0.0;2.0;3.0;11.0;A01
83351;201500054554;0;7;0;0.0;2.0;5.0;1.0;B01
83352;201500054556;0;2;0;0.0;1.0;1.0;1.0;A01
83353;201500054557;0;7;0;0.0;1.0;3.0;1.0;A01
83354;201500054558;0;34;0;0.0;2.0;8.0;1.0;B01
83355;201500054558;0;7;0;0.0;2.0;2.0;15.0;A01
83356;201500054559;0;7;0;0.0;2.0;1.0;1.0;A01
83357;201500054559;0;7;0;0.0;2.0;4.0;23.0;B01
83358;201500054560;0;30;0;4.0;2.0;8.0;18.0;A01
83359;201500054560;0;14;0;0.0;2.0;7.0;1.0;B01
83360;201500054561;0;7;0;0.0;2.0;2.0;1.0;A01
83361;201500054561;0;34;0;0.0;2.0;8.0;18.0;B01
83362;201500054562;0;7;0;1.0;1.0;3.0;1.0;A01
83363;201500054563;0;31;0;0.0;2.0;3.0;1.0;B01
83364;201500054563;0;7;0;0.0;2.0;1.0;1.0;A01
83365;201500054564;0;10;0;0.0;2.0;1.0;2.0;A01
83366;201500054564;0;7;0;0.0;2.0;4.0;2.0;B01
83367;201500054565;0;10;0;0.0;1.0;1.0;15.0;A01
83368;201500054567;0;33;0;0.0;2.0;2.0;17.0;A01
83369;201500054567;0;7;0;0.0;2.0;3.0;13.0;B01
83370;201500054568;0;3;0;0.0;2.0;5.0;2.0;B01
83371;201500054568;0;7;0;0.0;2.0;5.0;2.0;C01
83372;201500054568;0;14;0;0.0;2.0;2.0;2.0;A01
83373;201500054569;0;7;0;0.0;2.0;3.0;20.0;B01
83374;201500054569;0;34;0;0.0;2.0;7.0;1.0;A01
83375;201500054570;0;32;0;0.0;2.0;7.0;1.0;A01
83376;201500054570;0;10;0;0.0;2.0;3.0;15.0;B01
83377;201500054571;0;7;0;0.0;1.0;1.0;1.0;A01
83378;201500054572;0;7;0;0.0;2.0;1.0;15.0;A01
83379;201500054572;0;33;0;0.0;2.0;8.0;1.0;B01
83380;201500054573;0;7;0;0.0;2.0;8.0;9.0;A01
83381;201500054573;0;30;0;0.0;2.0;1.0;1.0;B01
83382;201500054574;0;10;0;0.0;1.0;5.0;4.0;A01
83383;201500054576;0;33;0;0.0;0.0;1.0;1.0;A01
83384;201500054577;0;1;0;1.0;2.0;1.0;22.0;A01
83385;201500054577;1;13;0;0.0;2.0;0.0;1.0;Z01
83386;201500054578;0;31;0;1.0;2.0;1.0;1.0;A01
83387;201500054578;0;10;0;0.0;2.0;4.0;24.0;B01
83388;201500054579;0;1;0;0.0;1.0;1.0;1.0;A01
83389;201500054580;0;7;0;0.0;2.0;0.0;15.0;A01
83390;201500054580;0;2;0;0.0;2.0;0.0;16.0;B01
83391;201500054581;0;34;0;0.0;2.0;3.0;1.0;B01
83392;201500054581;0;1;0;0.0;2.0;2.0;1.0;A01
83393;201500054582;0;10;0;0.0;1.0;2.0;20.0;A01
83394;201500054583;1;33;0;0.0;1.0;1.0;1.0;Z01
83395;201500054584;0;32;0;0.0;2.0;1.0;17.0;A01
83396;201500054584;0;10;0;0.0;2.0;3.0;15.0;B01
83397;201500054585;0;31;0;0.0;1.0;3.0;1.0;A01
83398;201500054586;0;7;0;0.0;2.0;5.0;23.0;B01
83399;201500054586;0;33;0;1.0;2.0;3.0;3.0;A01
83400;201500054587;0;7;0;0.0;2.0;8.0;1.0;B01
83401;201500054587;0;34;0;0.0;2.0;1.0;17.0;A01
83402;201500054588;0;1;0;0.0;2.0;1.0;1.0;B01
83403;201500054588;0;32;0;0.0;2.0;7.0;9.0;A01
83404;201500054589;0;34;0;0.0;2.0;7.0;9.0;A01
83405;201500054589;0;1;0;0.0;2.0;1.0;1.0;B01
83406;201500054590;0;7;0;0.0;2.0;6.0;13.0;A01
83407;201500054590;0;33;0;0.0;2.0;7.0;1.0;B01
83408;201500054591;0;30;0;0.0;0.0;8.0;13.0;A01
83409;201500054592;0;32;0;0.0;2.0;8.0;9.0;B01
83410;201500054592;0;7;0;0.0;2.0;7.0;1.0;A01
83411;201500054593;0;7;0;0.0;2.0;2.0;16.0;A01
83412;201500054593;0;1;0;0.0;2.0;8.0;19.0;B01
83413;201500054594;0;32;0;0.0;1.0;2.0;1.0;A01
83414;201500054595;0;1;0;0.0;2.0;8.0;19.0;B01
83415;201500054595;0;7;0;0.0;2.0;1.0;1.0;A01
83416;201500054596;0;32;0;0.0;2.0;4.0;23.0;B01
83417;201500054596;0;7;0;0.0;2.0;1.0;1.0;A01
83418;201500054597;0;32;0;0.0;2.0;1.0;1.0;A01
83419;201500054597;0;7;0;0.0;2.0;1.0;15.0;B01
83420;201500054598;0;32;0;0.0;1.0;8.0;1.0;A01
83421;201500054599;0;7;0;0.0;2.0;2.0;10.0;A01
83422;201500054599;0;33;0;0.0;2.0;3.0;1.0;B01
83423;201500054600;0;10;0;0.0;2.0;2.0;1.0;B01
83424;201500054600;0;1;0;0.0;2.0;3.0;13.0;A01
83425;201500054602;0;7;0;0.0;2.0;2.0;1.0;B01
83426;201500054602;0;30;0;0.0;2.0;1.0;13.0;A01
83427;201500054602;0;7;0;0.0;2.0;8.0;1.0;C01
83428;201500054603;0;1;0;0.0;2.0;1.0;1.0;B01
83429;201500054603;0;7;0;0.0;2.0;1.0;1.0;A01
83430;201500054604;0;2;0;0.0;2.0;3.0;1.0;A01
83431;201500054604;0;7;0;0.0;2.0;2.0;16.0;B01
83432;201500054606;0;7;0;0.0;2.0;6.0;20.0;A01
83433;201500054606;0;7;0;0.0;2.0;3.0;10.0;B01
83434;201500054608;0;30;0;0.0;2.0;8.0;1.0;A01
83435;201500054608;1;7;0;0.0;2.0;0.0;14.0;Z01
83436;201500054609;0;33;0;0.0;2.0;1.0;1.0;B01
83437;201500054609;0;7;0;0.0;2.0;7.0;1.0;A01
83438;201500054610;0;7;0;0.0;2.0;3.0;15.0;B01
83439;201500054610;0;33;0;0.0;2.0;1.0;1.0;A01
83440;201500054611;0;7;0;0.0;1.0;0.0;4.0;A01
83441;201500054612;0;7;0;0.0;1.0;4.0;4.0;A01
83442;201500054613;0;7;0;0.0;2.0;2.0;1.0;A01
83443;201500054613;0;1;0;0.0;2.0;3.0;13.0;B01
83444;201500054614;0;7;0;0.0;2.0;4.0;23.0;B01
83445;201500054614;0;10;0;0.0;2.0;1.0;2.0;A01
83446;201500054615;0;32;0;0.0;2.0;1.0;2.0;A01
83447;201500054615;0;7;0;0.0;2.0;5.0;23.0;B01
83448;201500054616;0;1;0;0.0;2.0;7.0;19.0;B01
83449;201500054616;0;7;0;0.0;2.0;1.0;16.0;A01