;Num_Acc;senc;catv;occutc;obs;obsm;choc;manv;num_veh
83867;201500054896;0;32;0;0.0;2.0;1.0;17.0;B01
83868;201500054897;0;32;0;0.0;2.0;5.0;16.0;B01
83869;201500054897;0;33;0;0.0;2.0;1.0;16.0;A01
83870;201500054898;0;7;0;0.0;1.0;1.0;1.0;A01
83871;201500054900;0;7;0;0.0;2.0;4.0;2.0;A01
83872;201500054900;0;7;0;0.0;2.0;1.0;2.0;B01
83873;201500054902;0;34;0;0.0;2.0;1.0;16.0;B01
83874;201500054902;0;7;0;0.0;2.0;2.0;15.0;A01
83875;201500054903;0;33;0;0.0;1.0;1.0;1.0;A01
83876;201500054904;0;32;0;0.0;0.0;8.0;1.0;A01
83877;201500054905;0;30;0;0.0;1.0;2.0;1.0;A01
83878;201500054906;0;31;0;0.0;0.0;0.0;1.0;A01
83879;201500054907;0;7;0;0.0;1.0;1.0;1.0;A01
83880;201500054908;0;31;0;0.0;2.0;5.0;1.0;A01
83881;201500054908;0;7;0;0.0;2.0;1.0;1.0;B01
83882;201500054909;0;7;0;0.0;1.0;1.0;7.0;A01
83883;201500054910;0;2;0;8.0;2.0;0.0;1.0;A01
83884;201500054910;1;7;0;0.0;2.0;0.0;1.0;Z01
83885;201500054911;0;30;0;0.0;1.0;1.0;16.0;A01
83886;201500054912;0;7;0;0.0;1.0;5.0;4.0;A01
83887;201500054913;0;33;0;0.0;2.0;3.0;7.0;B01
83888;201500054913;0;10;0;0.0;2.0;2.0;15.0;A01
83889;201500054914;0;7;0;0.0;1.0;3.0;15.0;A01
83890;201500054915;0;37;1;0.0;2.0;5.0;7.0;B01
83891;201500054915;0;30;0;0.0;2.0;8.0;13.0;A01
83892;201500054916;0;7;0;0.0;1.0;2.0;1.0;A01
83893;201500054917;0;7;0;0.0;1.0;2.0;1.0;A01
83894;201500054918;0;7;0;0.0;1.0;3.0;1.0;A01
83895;201500054919;0;7;0;0.0;1.0;3.0;15.0;A01
83896;201500054920;0;7;0;0.0;2.0;2.0;15.0;A01
83897;201500054920;0;34;0;0.0;2.0;1.0;1.0;B01
83898;201500054921;0;33;0;0.0;2.0;0.0;2.0;C01
83899;201500054921;0;33;0;0.0;2.0;4.0;1.0;B01
83900;201500054921;0;7;0;0.0;2.0;1.0;1.0;A01
83901;201500054922;0;7;0;1.0;2.0;4.0;23.0;C01
83902;201500054922;0;7;0;0.0;2.0;0.0;1.0;A01
83903;201500054922;0;7;0;1.0;2.0;4.0;1.0;B01
83904;201500054923;0;30;0;0.0;2.0;2.0;1.0;B01
83905;201500054923;0;7;0;0.0;2.0;3.0;15.0;A01
83906;201500054924;0;7;0;0.0;1.0;1.0;1.0;A01
83907;201500054925;0;7;0;0.0;2.0;4.0;23.0;B01
83908;201500054925;0;34;0;0.0;1.0;1.0;17.0;A01
83909;201500054926;0;7;0;0.0;1.0;1.0;1.0;A01
83910;201500054927;2;7;0;0.0;2.0;3.0;2.0;Z01
83911;201500054927;0;7;0;8.0;2.0;2.0;2.0;A01
83912;201500054928;0;7;0;0.0;2.0;3.0;13.0;A01
83913;201500054928;0;1;0;0.0;2.0;1.0;1.0;B01
83914;201500054929;0;7;0;0.0;2.0;3.0;13.0;A01
83915;201500054929;0;33;0;0.0;2.0;4.0;17.0;B01
83916;201500054930;0;37;0;0.0;1.0;2.0;7.0;A01
83917;201500054931;0;7;0;0.0;2.0;2.0;1.0;B01
83918;201500054931;0;1;0;0.0;2.0;7.0;19.0;A01
83919;201500054932;0;7;0;0.0;2.0;8.0;1.0;B01
83920;201500054932;0;10;0;0.0;2.0;2.0;10.0;A01
83921;201500054933;0;7;0;0.0;2.0;1.0;1.0;A01
83922;201500054933;0;7;0;0.0;2.0;0.0;23.0;B01
83923;201500054934;0;31;0;0.0;0.0;0.0;11.0;A01
83924;201500054935;0;7;0;0.0;1.0;5.0;4.0;A01
83925;201500054937;1;7;0;0.0;1.0;0.0;1.0;Z01
83926;201500054938;0;7;0;0.0;2.0;0.0;4.0;A01
83927;201500054938;0;31;0;0.0;2.0;0.0;1.0;B01
83928;201500054939;0;7;0;0.0;2.0;8.0;10.0;A01
83929;201500054939;0;34;0;0.0;2.0;8.0;17.0;B01
83930;201500054940;0;2;0;8.0;0.0;1.0;14.0;A01
83931;201500054942;0;7;0;0.0;1.0;1.0;1.0;A01
83932;201500054943;0;33;0;1.0;1.0;1.0;17.0;A01
83933;201500054944;0;2;0;0.0;1.0;1.0;1.0;A01
83934;201500054945;1;30;0;0.0;1.0;1.0;1.0;Z01
83935;201500054946;0;1;0;0.0;2.0;0.0;1.0;B01
83936;201500054946;0;10;0;0.0;2.0;3.0;15.0;A01
83937;201500054947;0;1;0;0.0;2.0;4.0;7.0;B01
83938;201500054947;0;10;0;0.0;2.0;1.0;7.0;A01
83939;201500054948;0;2;0;0.0;2.0;8.0;1.0;B01
83940;201500054948;0;7;0;0.0;2.0;1.0;1.0;A01
83941;201500054949;0;2;0;0.0;0.0;0.0;1.0;A01
83942;201500054950;0;7;0;0.0;1.0;1.0;1.0;A01
83943;201500054951;0;32;0;0.0;1.0;8.0;1.0;A01
83944;201500054952;0;32;0;0.0;2.0;1.0;1.0;A01
83945;201500054952;0;7;0;0.0;2.0;3.0;1.0;B01
83946;201500054953;0;7;0;0.0;1.0;2.0;16.0;A01
83947;201500054954;1;34;0;0.0;1.0;2.0;1.0;Z01
83948;201500054956;1;7;0;0.0;1.0;6.0;4.0;Z01
83949;201500054957;0;7;0;0.0;1.0;2.0;15.0;A01
83950;201500054958;1;7;0;0.0;1.0;1.0;7.0;Z01
83951;201500054959;0;31;0;0.0;2.0;8.0;1.0;B01
83952;201500054959;0;10;0;0.0;2.0;7.0;12.0;A01
83953;201500054960;0;10;0;0.0;2.0;6.0;2.0;B01
83954;201500054960;0;7;0;0.0;2.0;0.0;2.0;A01
83955;201500054961;0;31;0;0.0;1.0;7.0;1.0;A01
83956;201500054962;0;7;0;0.0;2.0;0.0;1.0;A01
83957;201500054962;1;7;0;0.0;2.0;0.0;13.0;Z01
83958;201500054963;0;7;0;0.0;2.0;1.0;2.0;A01
83959;201500054963;0;7;0;0.0;2.0;4.0;2.0;C01
83960;201500054963;0;7;0;0.0;2.0;4.0;2.0;B01
83961;201500054964;0;30;0;0.0;0.0;3.0;21.0;A01
83962;201500054965;0;34;0;0.0;2.0;1.0;2.0;A01
83963;201500054965;0;7;0;0.0;2.0;6.0;23.0;B01
83964;201500054966;0;10;0;0.0;1.0;1.0;1.0;A01
83965;201500054967;0;7;0;0.0;2.0;0.0;2.0;A01
83966;201500054967;0;1;0;0.0;2.0;0.0;2.0;B01
83967;201500054968;0;14;0;0.0;1.0;4.0;4.0;A01
83968;201500054969;0;7;0;0.0;1.0;3.0;15.0;A01
83969;201500054970;0;2;0;11.0;2.0;1.0;1.0;A01
83970;201500054970;0;34;0;0.0;2.0;2.0;1.0;B01
83971;201500054971;0;34;0;0.0;2.0;7.0;1.0;A01
83972;201500054971;1;10;0;0.0;2.0;0.0;15.0;Z01
83973;201500054972;0;33;0;0.0;2.0;2.0;1.0;A01
83974;201500054972;0;7;0;0.0;2.0;3.0;10.0;B01
83975;201500054973;0;10;0;0.0;1.0;3.0;15.0;A01
83976;201500054974;0;7;0;0.0;2.0;1.0;11.0;B01
83977;201500054974;0;15;0;0.0;2.0;2.0;1.0;A01
83978;201500054975;0;32;0;0.0;0.0;8.0;21.0;A01
83979;201500054976;0;2;0;0.0;1.0;1.0;1.0;A01
83980;201500054978;0;31;0;0.0;2.0;8.0;1.0;B01
83981;201500054978;0;7;0;0.0;2.0;3.0;15.0;A01
83982;201500054980;0;7;0;0.0;1.0;2.0;1.0;A01
83983;201500054981;0;7;0;0.0;2.0;3.0;9.0;A01
83984;201500054981;0;30;0;0.0;2.0;2.0;1.0;B01
83985;201500054982;0;7;0;14.0;0.0;1.0;21.0;A01
83986;201500054983;0;7;0;0.0;2.0;4.0;23.0;A01
83987;201500054983;1;7;0;0.0;2.0;2.0;2.0;Z01
83988;201500054984;0;7;0;0.0;1.0;6.0;4.0;A01
83989;201500054985;0;7;0;0.0;1.0;6.0;1.0;A01
83990;201500054986;0;7;0;0.0;2.0;2.0;15.0;A01
83991;201500054986;0;30;0;0.0;2.0;3.0;1.0;B01
83992;201500054987;0;32;0;0.0;2.0;1.0;1.0;B01
83993;201500054987;0;7;0;0.0;2.0;3.0;15.0;A01
83994;201500054988;0;30;0;1.0;0.0;1.0;13.0;A01
83995;201500054989;0;7;0;0.0;2.0;1.0;18.0;A01
83996;201500054989;0;7;0;0.0;2.0;2.0;2.0;B01
83997;201500054989;0;7;0;0.0;2.0;2.0;2.0;C01
83998;201500054990;1;7;0;0.0;1.0;1.0;1.0;Z01
83999;201500054991;0;7;0;1.0;0.0;2.0;14.0;A01
84000;201500054992;0;33;0;0.0;2.0;2.0;1.0;A01
84001;201500054992;0;10;0;0.0;2.0;2.0;15.0;B01
84002;201500054993;0;1;0;0.0;1.0;1.0;16.0;A01
84003;201500054994;0;7;0;0.0;2.0;0.0;16.0;A01
84004;201500054994;0;2;0;0.0;2.0;2.0;1.0;B01
84005;201500054995;0;7;0;0.0;1.0;2.0;1.0;A01
84006;201500054997;1;7;0;0.0;2.0;7.0;15.0;Z01
84007;201500054997;0;33;0;0.0;2.0;6.0;1.0;A01
84008;201500054998;0;7;0;0.0;2.0;3.0;7.0;A01
84009;201500054998;0;7;0;0.0;2.0;7.0;16.0;B01
84010;201500054999;0;7;0;0.0;2.0;8.0;13.0;A01
84011;201500054999;0;30;0;0.0;2.0;9.0;17.0;B01
84012;201500055000;0;7;0;0.0;2.0;8.0;20.0;A01
84013;201500055000;0;1;0;0.0;2.0;1.0;1.0;B01
84014;201500055001;0;7;0;0.0;2.0;1.0;1.0;B01
84015;201500055001;0;7;0;0.0;2.0;2.0;1.0;A01
84016;201500055002;1;1;0;0.0;1.0;0.0;1.0;Z01
84017;201500055003;0;7;0;0.0;2.0;3.0;15.0;A01
84018;201500055003;2;2;0;0.0;2.0;1.0;17.0;Z01
84019;201500055004;0;32;0;0.0;1.0;3.0;1.0;A01
84020;201500055005;0;33;0;0.0;2.0;1.0;17.0;A01
84021;201500055005;0;33;0;0.0;2.0;1.0;1.0;B01
84022;201500055006;0;32;0;0.0;2.0;8.0;15.0;B01
84023;201500055006;0;10;0;0.0;2.0;3.0;1.0;A01
84024;201500055007;0;7;0;0.0;1.0;4.0;4.0;A01
84025;201500055008;0;7;0;1.0;0.0;3.0;13.0;A01
84026;201500055009;0;7;0;0.0;2.0;0.0;12.0;A01
84027;201500055009;0;32;0;0.0;2.0;0.0;18.0;B01
84028;201500055010;0;34;0;0.0;2.0;6.0;2.0;A01
84029;201500055010;0;1;0;0.0;2.0;6.0;2.0;B01
84030;201500055011;0;7;0;4.0;0.0;1.0;1.0;A01
84031;201500055012;1;30;0;0.0;1.0;0.0;0.0;Z01
84032;201500055013;1;32;0;0.0;1.0;0.0;1.0;Z01
84033;201500055014;0;10;0;0.0;2.0;8.0;15.0;A01
84034;201500055014;0;33;0;0.0;2.0;1.0;1.0;B01
84035;201500055015;0;7;0;0.0;2.0;4.0;2.0;B01
84036;201500055015;0;7;0;0.0;2.0;1.0;2.0;A01
84037;201500055016;0;7;0;0.0;1.0;1.0;16.0;A01
84038;201500055017;0;10;0;0.0;2.0;1.0;1.0;A01
84039;201500055017;0;2;0;0.0;2.0;7.0;1.0;B01
84040;201500055018;0;7;0;0.0;2.0;2.0;14.0;A01
84041;201500055018;0;31;0;12.0;2.0;6.0;16.0;B01
84042;201500055019;0;37;0;0.0;1.0;2.0;1.0;A01
84043;201500055020;0;10;0;0.0;2.0;8.0;10.0;A01
84044;201500055020;0;32;0;0.0;2.0;1.0;1.0;B01
84045;201500055021;1;7;0;0.0;2.0;0.0;17.0;Z01
84046;201500055021;0;1;0;0.0;2.0;0.0;1.0;A01
84047;201500055022;0;10;0;0.0;2.0;4.0;23.0;B01
84048;201500055022;0;1;0;0.0;2.0;1.0;1.0;A01
84049;201500055023;0;7;0;14.0;0.0;3.0;1.0;A01
84050;201500055024;0;34;0;0.0;1.0;1.0;3.0;A01
84051;201500055024;0;7;0;0.0;2.0;3.0;1.0;B01
84052;201500055025;0;30;0;0.0;2.0;0.0;1.0;A01
84053;201500055025;1;2;0;0.0;0.0;0.0;13.0;Z01
84054;201500055026;0;7;0;0.0;2.0;1.0;15.0;B01
84055;201500055026;0;31;0;0.0;2.0;8.0;1.0;A01
84056;201500055027;0;7;0;1.0;2.0;8.0;22.0;A01
84057;201500055027;0;1;0;0.0;2.0;0.0;1.0;B01
84058;201500055028;0;2;0;0.0;1.0;0.0;17.0;A01
84059;201500055029;0;7;0;0.0;1.0;1.0;16.0;A01
84060;201500055031;0;2;0;0.0;0.0;8.0;1.0;A01
84061;201500055032;0;1;0;0.0;2.0;1.0;1.0;B01
84062;201500055032;0;31;0;0.0;2.0;7.0;15.0;A01
84063;201500055033;0;10;0;0.0;1.0;5.0;4.0;A01
84064;201500055034;0;7;0;0.0;2.0;1.0;1.0;B01
84065;201500055034;0;7;0;1.0;2.0;5.0;1.0;A01
84066;201500055035;0;30;0;0.0;2.0;7.0;15.0;A01
84067;201500055035;0;31;0;0.0;2.0;0.0;1.0;B01
84068;201500055036;0;34;0;0.0;2.0;3.0;1.0;A01
84069;201500055036;0;14;0;0.0;2.0;2.0;16.0;B01
84070;201500055037;0;7;0;0.0;2.0;3.0;10.0;A01
84071;201500055037;0;30;0;0.0;2.0;1.0;1.0;B01
84072;201500055038;0;32;0;0.0;2.0;8.0;1.0;B01
84073;201500055038;0;7;0;0.0;2.0;1.0;1.0;A01
84074;201500055039;0;30;0;0.0;0.0;2.0;21.0;A01
84075;201500055040;0;7;0;0.0;2.0;4.0;23.0;B01
84076;201500055040;0;10;0;0.0;2.0;1.0;1.0;A01
84077;201500055041;0;7;0;0.0;1.0;1.0;1.0;A01
84078;201500055042;0;30;0;0.0;2.0;1.0;1.0;A01
84079;201500055042;0;7;0;0.0;2.0;4.0;23.0;B01
84080;201500055043;1;7;0;0.0;1.0;0.0;1.0;Z01
84081;201500055044;0;10;0;0.0;1.0;4.0;4.0;A01
84082;201500055045;0;7;0;0.0;2.0;3.0;9.0;A01
84083;201500055045;0;33;0;0.0;2.0;2.0;1.0;B01
84084;201500055046;0;7;0;16.0;1.0;4.0;4.0;A01
84085;201500055047;0;7;0;0.0;2.0;0.0;23.0;B01
84086;201500055047;0;7;0;8.0;2.0;9.0;1.0;A01
84087;201500055048;0;31;0;0.0;0.0;7.0;1.0;A01
84088;201500055049;0;30;0;0.0;2.0;0.0;18.0;B01
84089;201500055049;0;7;0;0.0;2.0;7.0;16.0;A01
84090;201500055050;0;32;0;0.0;2.0;1.0;1.0;B01
84091;201500055050;0;7;0;0.0;2.0;2.0;10.0;A01
84092;201500055051;0;7;0;0.0;1.0;2.0;7.0;A01
84093;201500055052;0;2;0;0.0;2.0;6.0;1.0;B01
84094;201500055052;0;7;0;0.0;2.0;1.0;15.0;A01
84095;201500055053;1;7;0;0.0;1.0;0.0;1.0;Z01
84096;201500055056;0;15;0;0.0;2.0;2.0;15.0;A01
84097;201500055056;0;7;0;0.0;2.0;8.0;15.0;B01
84098;201500055057;0;7;0;0.0;1.0;2.0;1.0;A01
84099;201500055058;0;7;0;0.0;2.0;2.0;1.0;A01
84100;201500055058;0;32;0;16.0;2.0;4.0;23.0;B01
84101;201500055059;0;7;0;0.0;2.0;8.0;15.0;A01
84102;201500055059;0;34;0;0.0;2.0;7.0;17.0;B01
84103;201500055060;0;7;0;0.0;2.0;8.0;10.0;A01
84104;201500055060;0;30;0;0.0;2.0;0.0;17.0;B01
84105;201500055061;0;7;0;0.0;1.0;3.0;1.0;A01
84106;201500055062;0;30;0;0.0;2.0;1.0;1.0;B01
84107;201500055062;0;7;0;0.0;2.0;7.0;1.0;A01
84108;201500055063;0;34;0;0.0;1.0;2.0;1.0;A01
84109;201500055064;0;1;0;0.0;0.0;0.0;1.0;A01
84110;201500055065;0;7;0;0.0;1.0;1.0;1.0;A01
84111;201500055066;0;34;0;0.0;1.0;1.0;1.0;A01
84112;201500055067;0;1;0;0.0;2.0;1.0;19.0;A01
84113;201500055067;1;7;0;0.0;2.0;1.0;1.0;Z01
84114;201500055068;0;7;0;14.0;0.0;1.0;1.0;A01
84115;201500055069;0;32;0;0.0;1.0;1.0;17.0;A01
84116;201500055070;0;7;0;0.0;2.0;7.0;1.0;B01
84117;201500055070;0;7;0;0.0;2.0;8.0;13.0;A01
84118;201500055071;0;2;0;0.0;1.0;1.0;17.0;A01
84119;201500055073;0;7;0;11.0;0.0;9.0;1.0;A01
84120;201500055074;0;37;0;0.0;1.0;0.0;16.0;A01
84121;201500055075;0;10;0;0.0;1.0;1.0;1.0;A01
84122;201500055076;0;7;0;0.0;1.0;2.0;1.0;A01
84123;201500055077;0;7;0;0.0;1.0;1.0;1.0;A01
84124;201500055078;0;7;0;0.0;1.0;0.0;4.0;A01
84125;201500055079;0;7;0;0.0;2.0;3.0;9.0;A01
84126;201500055079;0;31;0;0.0;2.0;5.0;1.0;B01
84127;201500055080;0;7;0;0.0;2.0;2.0;16.0;B01
84128;201500055080;0;30;0;0.0;2.0;0.0;18.0;A01
84129;201500055081;0;7;0;0.0;2.0;7.0;1.0;B01
84130;201500055081;0;2;0;0.0;2.0;8.0;18.0;A01
84131;201500055082;0;7;0;0.0;2.0;3.0;1.0;B01
84132;201500055082;0;1;0;0.0;2.0;1.0;13.0;A01
84133;201500055083;1;2;0;0.0;1.0;0.0;1.0;Z01
84134;201500055084;0;7;0;0.0;2.0;2.0;16.0;A01
84135;201500055084;0;2;0;0.0;2.0;8.0;18.0;B01
84136;201500055085;0;2;0;0.0;2.0;0.0;18.0;A01
84137;201500055085;0;7;0;0.0;2.0;0.0;16.0;B01
84138;201500055086;0;10;0;0.0;1.0;0.0;1.0;A01
84139;201500055087;0;7;0;0.0;1.0;3.0;1.0;A01
84140;201500055088;0;14;0;0.0;2.0;3.0;22.0;A01
84141;201500055088;0;1;0;1.0;2.0;1.0;7.0;B01
84142;201500055090;1;32;0;0.0;1.0;0.0;1.0;Z01
84143;201500055091;0;32;0;0.0;1.0;1.0;17.0;A01
84144;201500055092;0;31;0;0.0;1.0;3.0;1.0;A01
84145;201500055094;0;33;0;0.0;1.0;3.0;1.0;A01
84146;201500055095;0;7;0;0.0;2.0;6.0;10.0;A01
84147;201500055095;0;34;0;0.0;2.0;0.0;1.0;B01
84148;201500055096;0;1;0;0.0;2.0;1.0;14.0;A01
84149;201500055096;0;7;0;0.0;2.0;0.0;24.0;B01
84150;201500055097;0;37;0;0.0;1.0;2.0;1.0;A01
84151;201500055098;0;33;0;0.0;2.0;8.0;1.0;B01
84152;201500055098;0;7;0;0.0;2.0;3.0;13.0;A01
84153;201500055099;0;33;0;0.0;1.0;7.0;1.0;A01
84154;201500055100;0;32;0;0.0;2.0;1.0;2.0;A01
84155;201500055100;0;7;0;0.0;2.0;4.0;2.0;B01
84156;201500055101;0;30;0;1.0;0.0;2.0;1.0;A01
84157;201500055102;0;7;0;0.0;2.0;2.0;10.0;A01
84158;201500055102;0;34;0;0.0;2.0;1.0;1.0;B01
84159;201500055103;0;7;0;0.0;1.0;3.0;1.0;A01
84160;201500055104;0;7;0;0.0;2.0;3.0;1.0;A01
84161;201500055104;0;32;0;0.0;2.0;2.0;1.0;B01
84162;201500055105;0;7;0;0.0;2.0;2.0;15.0;A01
84163;201500055105;0;7;0;0.0;2.0;3.0;1.0;B01
84164;201500055106;0;7;0;0.0;1.0;3.0;15.0;A01
84165;201500055107;0;33;0;0.0;2.0;0.0;15.0;A01
84166;201500055107;0;13;0;0.0;2.0;1.0;1.0;B01
84167;201500055109;1;7;0;0.0;1.0;0.0;1.0;Z01
84168;201500055110;0;31;0;0.0;0.0;0.0;1.0;A01
84169;201500055111;0;7;0;0.0;2.0;4.0;4.0;A01
84170;201500055111;0;31;0;1.0;2.0;5.0;1.0;B01
84171;201500055112;0;7;0;0.0;2.0;7.0;14.0;A01
84172;201500055112;0;31;0;0.0;2.0;8.0;7.0;B01
84173;201500055115;0;14;0;0.0;2.0;0.0;1.0;B01
84174;201500055115;0;33;0;0.0;2.0;0.0;17.0;A01
84175;201500055116;0;7;0;0.0;1.0;7.0;1.0;A01
84176;201500055118;0;38;0;0.0;2.0;6.0;24.0;B01
84177;201500055118;0;1;0;0.0;2.0;2.0;7.0;A01
84178;201500055119;0;7;0;0.0;1.0;6.0;20.0;A01
84179;201500055120;0;37;0;0.0;2.0;0.0;13.0;A01
84180;201500055120;0;7;0;0.0;2.0;0.0;9.0;B01
84181;201500055121;0;7;0;0.0;2.0;1.0;13.0;A01
84182;201500055121;0;7;0;0.0;2.0;1.0;1.0;B01
84183;201500055122;0;2;0;0.0;2.0;1.0;1.0;A01
84184;201500055122;1;7;0;0.0;2.0;0.0;15.0;Z01
84185;201500055123;0;99;0;1.0;0.0;9.0;16.0;A01
84186;201500055124;0;33;0;0.0;2.0;2.0;23.0;B01
84187;201500055124;0;7;0;0.0;2.0;3.0;1.0;A01
84188;201500055125;0;7;0;0.0;1.0;1.0;1.0;A01
84189;201500055126;0;2;0;0.0;1.0;1.0;1.0;A01
84190;201500055127;1;2;0;0.0;1.0;1.0;1.0;Z01
84191;201500055128;0;10;0;0.0;2.0;5.0;23.0;B01
84192;201500055128;0;37;8;0.0;2.0;1.0;2.0;A01
84193;201500055129;0;10;0;0.0;1.0;2.0;15.0;A01
84194;201500055130;0;10;0;0.0;2.0;2.0;1.0;A01
84195;201500055130;0;1;0;0.0;2.0;3.0;19.0;B01
84196;201500055131;0;7;0;0.0;2.0;2.0;16.0;A01
84197;201500055131;0;34;0;0.0;2.0;2.0;18.0;B01
84198;201500055132;0;7;0;0.0;2.0;7.0;16.0;B01
84199;201500055132;0;32;0;0.0;2.0;7.0;7.0;A01
84200;201500055133;0;7;0;0.0;2.0;3.0;17.0;A01
84201;201500055133;0;31;0;0.0;2.0;1.0;5.0;B01
84202;201500055134;0;7;0;0.0;2.0;6.0;18.0;A01
84203;201500055134;0;16;0;0.0;2.0;2.0;16.0;B01
84204;201500055135;0;7;0;0.0;2.0;7.0;16.0;B01
84205;201500055135;0;2;0;0.0;2.0;1.0;18.0;A01
84206;201500055137;0;7;0;0.0;2.0;8.0;11.0;A01
84207;201500055137;0;33;0;0.0;2.0;7.0;1.0;B01
84208;201500055138;1;30;0;0.0;1.0;0.0;1.0;Z01
84209;201500055139;0;7;0;0.0;1.0;3.0;1.0;A01
84210;201500055140;0;1;0;0.0;0.0;0.0;1.0;A01
84211;201500055141;0;7;0;0.0;1.0;1.0;15.0;A01
84212;201500055142;0;34;0;0.0;2.0;1.0;23.0;B01
84213;201500055142;0;10;0;0.0;2.0;4.0;4.0;A01
84214;201500055143;1;7;0;0.0;2.0;3.0;1.0;Z01
84215;201500055143;0;1;0;0.0;2.0;2.0;19.0;A01
84216;201500055144;0;30;0;0.0;2.0;1.0;1.0;B01
84217;201500055144;0;7;0;0.0;2.0;2.0;9.0;A01
84218;201500055145;0;14;0;0.0;2.0;2.0;16.0;A01
84219;201500055145;0;1;0;0.0;2.0;4.0;1.0;B01
84220;201500055146;0;7;0;0.0;2.0;3.0;15.0;A01
84221;201500055146;0;32;0;0.0;2.0;1.0;1.0;B01
84222;201500055147;0;34;0;0.0;2.0;7.0;3.0;A01
84223;201500055147;1;34;0;0.0;2.0;8.0;18.0;Z01
84224;201500055148;0;34;0;0.0;2.0;3.0;16.0;B01
84225;201500055148;0;7;0;0.0;2.0;5.0;16.0;A01
84226;201500055149;0;7;0;9.0;0.0;2.0;1.0;A01
84227;201500055150;1;10;0;0.0;2.0;0.0;12.0;B01
84228;201500055150;0;2;0;0.0;2.0;2.0;7.0;A01
84229;201500055151;0;30;0;0.0;1.0;1.0;1.0;A01
84230;201500055152;0;7;0;0.0;2.0;1.0;2.0;A01
84231;201500055152;0;7;0;0.0;2.0;4.0;23.0;D01
84232;201500055152;0;7;0;0.0;2.0;4.0;23.0;B01
84233;201500055152;0;7;0;0.0;2.0;4.0;23.0;C01
84234;201500055153;1;7;0;0.0;2.0;8.0;15.0;A01
84235;201500055153;0;33;0;0.0;2.0;2.0;17.0;B01
84236;201500055154;0;33;0;0.0;1.0;1.0;1.0;A01
84237;201500055155;0;7;0;0.0;2.0;4.0;23.0;A01
84238;201500055155;1;10;0;0.0;2.0;1.0;2.0;Z01
84239;201500055156;0;31;0;0.0;2.0;1.0;13.0;A01
84240;201500055156;0;7;0;0.0;2.0;5.0;1.0;B01
84241;201500055157;0;1;0;0.0;2.0;8.0;1.0;B01
84242;201500055157;0;10;0;0.0;2.0;5.0;16.0;A01
84243;201500055158;0;31;0;1.0;2.0;3.0;1.0;A01
84244;201500055158;0;7;0;0.0;2.0;3.0;16.0;B01
84245;201500055159;0;7;0;0.0;2.0;2.0;20.0;A01
84246;201500055159;0;1;0;0.0;2.0;3.0;18.0;B01
84247;201500055160;0;30;0;0.0;2.0;1.0;2.0;B01
84248;201500055160;0;30;0;0.0;2.0;4.0;2.0;A01
84249;201500055161;0;32;0;0.0;2.0;1.0;17.0;A01
84250;201500055161;0;30;0;0.0;2.0;6.0;15.0;B01
84251;201500055162;0;7;0;0.0;2.0;1.0;15.0;A01
84252;201500055162;0;30;0;0.0;2.0;8.0;1.0;B01
84253;201500055163;0;2;0;1.0;0.0;3.0;21.0;A01
84254;201500055164;0;30;0;0.0;2.0;7.0;1.0;B01
84255;201500055164;0;7;0;0.0;2.0;8.0;9.0;A01
84256;201500055165;0;7;0;0.0;1.0;3.0;1.0;A01
84257;201500055166;0;37;0;0.0;2.0;6.0;18.0;A01
84258;201500055166;0;31;0;0.0;2.0;3.0;1.0;B01
84259;201500055167;0;32;0;0.0;2.0;0.0;1.0;A01
84260;201500055168;0;7;0;0.0;1.0;1.0;1.0;A01
84261;201500055169;0;37;0;0.0;1.0;2.0;7.0;A01
84262;201500055170;0;7;0;0.0;1.0;3.0;1.0;A01
84263;201500055171;0;31;0;0.0;2.0;0.0;15.0;B01
84264;201500055171;0;7;0;0.0;2.0;0.0;17.0;A01
84265;201500055172;0;1;0;0.0;2.0;7.0;23.0;B01
84266;201500055172;0;10;0;0.0;2.0;2.0;2.0;A01
84267;201500055173;0;1;0;0.0;2.0;1.0;1.0;B01
84268;201500055173;0;7;0;0.0;2.0;8.0;15.0;A01
84269;201500055174;1;10;0;0.0;2.0;6.0;9.0;Z01
84270;201500055174;0;32;0;0.0;2.0;2.0;1.0;A01
84271;201500055175;0;30;0;1.0;0.0;2.0;14.0;A01
84272;201500055176;0;7;0;0.0;2.0;1.0;1.0;A01
84273;201500055176;0;33;0;0.0;2.0;0.0;23.0;B01
84274;201500055177;1;7;0;0.0;2.0;0.0;7.0;Z01
84275;201500055177;0;7;0;0.0;2.0;2.0;16.0;A01
84276;201500055178;0;2;0;0.0;2.0;1.0;1.0;A01
84277;201500055178;0;7;0;0.0;2.0;2.0;15.0;B01
84278;201500055180;0;7;0;0.0;2.0;4.0;23.0;A01
84279;201500055180;0;7;0;0.0;2.0;3.0;2.0;B01
84280;201500055181;0;7;0;0.0;2.0;3.0;15.0;A01
84281;201500055181;0;32;0;0.0;2.0;1.0;1.0;B01
84282;201500055182;0;32;0;0.0;1.0;1.0;1.0;A01
84283;201500055183;1;7;0;0.0;1.0;7.0;17.0;Z01
84284;201500055184;1;7;0;0.0;2.0;4.0;23.0;Z01