;Num_Acc;senc;catv;occutc;obs;obsm;choc;manv;num_veh
84285;201500055184;0;32;0;0.0;2.0;1.0;1.0;A01
84286;201500055186;0;1;0;14.0;0.0;0.0;1.0;A01
84287;201500055187;0;33;0;0.0;2.0;3.0;15.0;B01
84288;201500055187;0;7;0;0.0;2.0;2.0;15.0;A01
84289;201500055188;0;10;0;0.0;2.0;1.0;1.0;A01
84290;201500055188;0;1;0;0.0;2.0;4.0;1.0;B01
84291;201500055189;1;7;0;0.0;1.0;2.0;5.0;Z01
84292;201500055190;1;7;0;0.0;2.0;2.0;1.0;Z01
84293;201500055190;0;7;0;0.0;2.0;3.0;1.0;A01
84294;201500055191;0;7;0;0.0;1.0;2.0;1.0;A01
84295;201500055192;0;2;0;0.0;2.0;1.0;15.0;A01
84296;201500055192;0;2;0;0.0;2.0;3.0;23.0;B01
84297;201500055193;0;31;0;1.0;2.0;1.0;2.0;A01
84298;201500055193;0;7;0;0.0;2.0;6.0;2.0;B01
84299;201500055194;0;31;0;0.0;2.0;2.0;1.0;A01
84300;201500055194;0;7;0;0.0;2.0;3.0;1.0;B01
84301;201500055195;0;7;0;0.0;2.0;3.0;9.0;B01
84302;201500055195;0;33;0;0.0;2.0;1.0;17.0;A01
84303;201500055195;0;7;0;0.0;2.0;3.0;1.0;C01
84304;201500055196;0;7;0;0.0;1.0;2.0;1.0;A01
84305;201500055197;0;7;0;0.0;2.0;1.0;1.0;B01
84306;201500055197;0;1;0;0.0;2.0;8.0;19.0;A01
84307;201500055199;0;7;0;0.0;1.0;3.0;1.0;A01
84308;201500055200;0;33;0;0.0;0.0;1.0;1.0;A01
84309;201500055201;1;2;0;0.0;1.0;1.0;1.0;Z01
84310;201500055202;0;7;0;0.0;1.0;1.0;15.0;A01
84311;201500055203;0;30;0;0.0;2.0;2.0;2.0;A01
84312;201500055203;0;14;0;0.0;2.0;4.0;23.0;B01
84313;201500055204;0;10;0;0.0;1.0;2.0;1.0;A01
84314;201500055205;1;31;0;0.0;1.0;0.0;1.0;Z01
84315;201500055206;0;33;0;14.0;0.0;1.0;1.0;A01
84316;201500055207;0;7;0;0.0;1.0;0.0;1.0;A01
84317;201500055208;0;7;0;0.0;2.0;3.0;15.0;A01
84318;201500055208;0;34;0;0.0;2.0;2.0;17.0;B01
84319;201500055209;0;3;0;0.0;2.0;1.0;2.0;A01
84320;201500055209;0;7;0;0.0;2.0;4.0;23.0;B01
84321;201500055210;0;7;0;0.0;1.0;1.0;15.0;A01
84322;201500055211;0;33;0;0.0;2.0;2.0;17.0;A01
84323;201500055211;0;7;0;0.0;2.0;6.0;15.0;B01
84324;201500055212;1;7;0;0.0;2.0;1.0;1.0;Z01
84325;201500055212;0;7;0;0.0;2.0;8.0;1.0;A01
84326;201500055213;0;7;0;0.0;2.0;1.0;2.0;A01
84327;201500055213;0;7;0;0.0;2.0;6.0;2.0;B01
84328;201500055214;0;34;0;0.0;2.0;3.0;13.0;A01
84329;201500055214;0;7;0;0.0;2.0;3.0;1.0;B01
84330;201500055215;0;33;0;0.0;2.0;1.0;2.0;A01
84331;201500055215;0;7;0;0.0;2.0;4.0;2.0;B01
84332;201500055216;0;1;0;0.0;1.0;1.0;1.0;A01
84333;201500055217;0;33;0;0.0;1.0;1.0;1.0;A01
84334;201500055218;0;7;0;0.0;2.0;4.0;23.0;A01
84335;201500055218;0;7;0;0.0;2.0;1.0;2.0;B01
84336;201500055219;1;7;0;0.0;2.0;1.0;2.0;Z01
84337;201500055219;0;30;0;0.0;2.0;4.0;2.0;A01
84338;201500055221;0;10;0;0.0;2.0;6.0;14.0;B01
84339;201500055221;0;30;0;0.0;2.0;8.0;18.0;A01
84340;201500055222;0;7;0;0.0;1.0;3.0;1.0;A01
84341;201500055223;0;34;0;0.0;2.0;1.0;9.0;B01
84342;201500055223;0;7;0;0.0;2.0;7.0;1.0;A01
84343;201500055224;0;33;0;0.0;2.0;1.0;17.0;B01
84344;201500055224;0;7;0;0.0;2.0;8.0;15.0;A01
84345;201500055226;0;33;0;0.0;2.0;1.0;18.0;A01
84346;201500055226;0;10;0;0.0;2.0;5.0;16.0;B01
84347;201500055227;0;30;0;0.0;1.0;7.0;5.0;A01
84348;201500055228;0;7;0;0.0;2.0;3.0;1.0;B01
84349;201500055228;0;31;0;0.0;2.0;2.0;17.0;A01
84350;201500055229;0;1;0;0.0;0.0;0.0;1.0;A01
84351;201500055230;0;7;0;0.0;2.0;4.0;23.0;B01
84352;201500055230;0;7;0;0.0;2.0;1.0;2.0;A01
84353;201500055231;0;7;0;0.0;2.0;3.0;15.0;B01
84354;201500055231;0;34;0;0.0;2.0;1.0;17.0;A01
84355;201500055232;0;7;0;0.0;2.0;1.0;16.0;A01
84356;201500055232;0;1;0;0.0;2.0;3.0;1.0;B01
84357;201500055233;0;7;0;0.0;1.0;3.0;1.0;A01
84358;201500055234;0;33;0;0.0;2.0;1.0;1.0;A01
84359;201500055234;0;7;0;0.0;2.0;6.0;10.0;B01
84360;201500055235;0;32;0;0.0;2.0;2.0;1.0;B01
84361;201500055235;0;30;0;0.0;2.0;1.0;10.0;A01
84362;201500055236;0;7;0;0.0;1.0;1.0;1.0;A01
84363;201500055237;0;10;0;0.0;1.0;3.0;15.0;A01
84364;201500055238;0;7;0;0.0;1.0;2.0;16.0;A01
84365;201500055239;0;31;0;0.0;0.0;8.0;1.0;A01
84366;201500055240;0;10;0;0.0;2.0;6.0;1.0;A01
84367;201500055240;0;33;0;0.0;2.0;1.0;1.0;B01
84368;201500055241;0;30;0;0.0;1.0;1.0;17.0;A01
84369;201500055243;0;7;0;0.0;2.0;3.0;1.0;C01
84370;201500055243;0;7;0;0.0;2.0;0.0;23.0;A01
84371;201500055243;0;7;0;0.0;2.0;4.0;23.0;B01
84372;201500055244;0;7;0;0.0;2.0;5.0;1.0;A01
84373;201500055244;1;7;0;0.0;2.0;0.0;23.0;Z01
84374;201500055245;0;1;0;0.0;2.0;7.0;19.0;B01
84375;201500055245;0;7;0;0.0;2.0;1.0;1.0;A01
84376;201500055246;0;33;0;0.0;2.0;2.0;1.0;B01
84377;201500055246;0;7;0;0.0;2.0;6.0;10.0;A01
84378;201500055247;0;7;0;0.0;2.0;7.0;12.0;A01
84379;201500055247;0;33;0;0.0;2.0;1.0;1.0;B01
84380;201500055248;0;7;0;0.0;1.0;1.0;1.0;A01
84381;201500055249;0;7;0;0.0;1.0;4.0;4.0;A01
84382;201500055250;0;31;0;0.0;1.0;2.0;1.0;A01
84383;201500055252;0;7;0;0.0;2.0;7.0;14.0;A01
84384;201500055252;0;1;0;0.0;2.0;8.0;0.0;B01
84385;201500055253;0;7;0;0.0;1.0;2.0;1.0;A01
84386;201500055254;0;10;0;0.0;2.0;3.0;9.0;A01
84387;201500055254;0;7;0;1.0;2.0;2.0;1.0;B01
84388;201500055255;0;7;0;0.0;2.0;2.0;1.0;B01
84389;201500055255;0;2;0;0.0;2.0;1.0;9.0;A01
84390;201500055256;0;7;0;0.0;2.0;1.0;15.0;A01
84391;201500055256;0;7;0;0.0;2.0;3.0;1.0;B01
84392;201500055257;0;13;0;4.0;2.0;2.0;13.0;A01
84393;201500055257;0;10;0;0.0;2.0;7.0;23.0;B01
84394;201500055258;0;1;0;1.0;0.0;1.0;1.0;B01
84395;201500055258;0;7;0;0.0;0.0;3.0;22.0;A01
84396;201500055259;0;30;0;0.0;2.0;2.0;5.0;A01
84397;201500055259;0;10;0;0.0;2.0;3.0;1.0;B01
84398;201500055260;0;7;0;0.0;2.0;6.0;10.0;B01
84399;201500055260;0;34;0;0.0;2.0;1.0;17.0;A01
84400;201500055261;0;33;0;0.0;2.0;3.0;1.0;A01
84401;201500055261;0;7;0;0.0;2.0;2.0;9.0;B01
84402;201500055262;0;37;1;0.0;2.0;3.0;9.0;B01
84403;201500055262;0;7;0;0.0;2.0;5.0;16.0;A01
84404;201500055263;0;33;0;0.0;2.0;3.0;17.0;A01
84405;201500055263;0;7;0;0.0;2.0;0.0;13.0;B01
84406;201500055264;0;32;0;0.0;2.0;1.0;5.0;A01
84407;201500055264;0;7;0;0.0;2.0;1.0;1.0;B01
84408;201500055265;0;10;0;0.0;2.0;2.0;16.0;A01
84409;201500055265;0;7;0;0.0;2.0;3.0;7.0;B01
84410;201500055266;0;30;0;0.0;0.0;8.0;21.0;A01
84411;201500055267;0;2;0;0.0;0.0;8.0;21.0;A01
84412;201500055268;0;7;0;0.0;2.0;3.0;15.0;A01
84413;201500055268;0;31;0;0.0;2.0;2.0;17.0;B01
84414;201500055269;0;7;0;0.0;2.0;1.0;9.0;A01
84415;201500055269;0;32;0;0.0;2.0;7.0;9.0;B01
84416;201500055270;0;1;0;0.0;2.0;1.0;1.0;B01
84417;201500055270;0;1;0;0.0;2.0;4.0;21.0;A01
84418;201500055271;0;31;0;0.0;1.0;1.0;0.0;A01
84419;201500055272;0;30;0;0.0;2.0;3.0;21.0;A01
84420;201500055272;0;10;0;0.0;2.0;3.0;15.0;B01
84421;201500055273;0;7;0;0.0;2.0;3.0;13.0;B01
84422;201500055273;0;34;0;0.0;2.0;3.0;1.0;A01
84423;201500055274;0;10;0;0.0;1.0;1.0;1.0;A01
84424;201500055275;0;10;0;0.0;2.0;7.0;14.0;A01
84425;201500055275;0;33;0;0.0;2.0;1.0;1.0;B01
84426;201500055277;0;7;0;0.0;2.0;6.0;2.0;A01
84427;201500055277;0;31;0;0.0;2.0;5.0;23.0;B01
84428;201500055278;0;7;0;0.0;2.0;3.0;22.0;A01
84429;201500055278;0;34;0;0.0;2.0;5.0;1.0;B01
84430;201500055279;0;1;0;0.0;0.0;8.0;16.0;A01
84431;201500055280;0;32;0;0.0;1.0;1.0;19.0;A01
84432;201500055281;0;7;0;0.0;1.0;1.0;1.0;A01
84433;201500055282;0;7;0;0.0;2.0;1.0;15.0;A01
84434;201500055282;0;31;0;0.0;2.0;1.0;1.0;B01
84435;201500055283;0;10;0;0.0;0.0;2.0;14.0;B01
84436;201500055283;0;31;0;0.0;2.0;0.0;7.0;A01
84437;201500055284;0;7;0;0.0;2.0;0.0;9.0;A01
84438;201500055284;0;31;0;0.0;2.0;0.0;1.0;B01
84439;201500055285;1;10;0;0.0;2.0;0.0;1.0;Z01
84440;201500055285;0;30;0;0.0;2.0;0.0;23.0;A01
84441;201500055286;0;32;0;0.0;2.0;7.0;18.0;A01
84442;201500055286;0;7;0;0.0;2.0;2.0;16.0;B01
84443;201500055287;0;7;0;0.0;1.0;1.0;1.0;A01
84444;201500055288;0;7;0;0.0;2.0;1.0;7.0;A01
84445;201500055288;0;7;0;0.0;2.0;2.0;1.0;B01
84446;201500055289;0;7;0;0.0;2.0;6.0;23.0;B01
84447;201500055289;0;33;0;0.0;2.0;1.0;2.0;A01
84448;201500055290;0;7;0;0.0;2.0;6.0;1.0;A01
84449;201500055290;0;10;0;0.0;2.0;1.0;9.0;B01
84450;201500055291;0;1;0;0.0;2.0;1.0;1.0;B01
84451;201500055291;0;7;0;0.0;2.0;8.0;22.0;A01
84452;201500055292;0;33;0;0.0;2.0;6.0;1.0;A01
84453;201500055292;0;7;0;0.0;2.0;6.0;13.0;B01
84454;201500055293;0;32;0;0.0;2.0;3.0;1.0;B01
84455;201500055293;0;7;0;0.0;2.0;5.0;1.0;A01
84456;201500055294;0;37;0;0.0;2.0;2.0;14.0;A01
84457;201500055294;0;1;0;0.0;2.0;4.0;1.0;B01
84458;201500055295;0;10;0;0.0;1.0;1.0;15.0;A01
84459;201500055296;0;30;0;0.0;2.0;1.0;1.0;A01
84460;201500055297;0;32;0;0.0;2.0;8.0;1.0;A01
84461;201500055297;0;7;0;0.0;2.0;8.0;15.0;B01
84462;201500055298;0;32;0;0.0;2.0;4.0;1.0;B01
84463;201500055298;1;7;0;0.0;2.0;1.0;1.0;Z01
84464;201500055299;0;30;0;1.0;0.0;3.0;1.0;A01
84465;201500055300;0;7;0;11.0;0.0;1.0;14.0;A01
84466;201500055301;0;34;0;0.0;2.0;1.0;2.0;A01
84467;201500055301;0;7;0;0.0;2.0;4.0;2.0;B01
84468;201500055302;0;7;0;0.0;2.0;8.0;1.0;A01
84469;201500055302;0;7;0;0.0;2.0;2.0;9.0;B01
84470;201500055303;0;7;0;0.0;1.0;1.0;1.0;A01
84471;201500055304;0;2;0;0.0;2.0;1.0;5.0;A01
84472;201500055304;0;7;0;0.0;2.0;2.0;1.0;B01
84473;201500055305;0;34;0;0.0;1.0;1.0;1.0;A01
84474;201500055308;0;10;0;0.0;2.0;3.0;1.0;B01
84475;201500055308;0;7;0;0.0;2.0;5.0;17.0;A01
84476;201500055309;1;7;0;0.0;1.0;2.0;1.0;Z01
84477;201500055311;0;30;0;0.0;2.0;1.0;18.0;A01
84478;201500055311;0;7;0;0.0;2.0;2.0;16.0;B01
84479;201500055312;0;7;0;0.0;2.0;7.0;1.0;A01
84480;201500055312;0;7;0;0.0;2.0;1.0;1.0;B01
84481;201500055313;0;7;0;0.0;2.0;5.0;15.0;A01
84482;201500055313;0;32;0;0.0;2.0;1.0;1.0;B01
84483;201500055314;0;7;0;0.0;2.0;1.0;1.0;A01
84484;201500055314;0;1;0;0.0;2.0;4.0;15.0;B01
84485;201500055316;0;33;0;0.0;2.0;1.0;17.0;A01
84486;201500055316;0;7;0;0.0;2.0;6.0;15.0;B01
84487;201500055317;1;1;0;1.0;1.0;0.0;1.0;Z01
84488;201500055318;0;7;0;0.0;2.0;1.0;2.0;A01
84489;201500055318;0;7;0;0.0;2.0;4.0;23.0;B01
84490;201500055318;0;10;0;0.0;2.0;4.0;23.0;C01
84491;201500055319;0;10;0;0.0;2.0;7.0;16.0;A01
84492;201500055319;0;34;0;0.0;2.0;8.0;1.0;B01
84493;201500055320;0;30;0;0.0;1.0;7.0;1.0;A01
84494;201500055322;0;30;0;1.0;0.0;1.0;1.0;A01
84495;201500055323;0;7;0;4.0;0.0;2.0;13.0;A01
84496;201500055325;2;7;0;0.0;2.0;2.0;1.0;Z01
84497;201500055325;0;7;0;0.0;2.0;3.0;1.0;A01
84498;201500055326;0;7;0;0.0;2.0;2.0;15.0;A01
84499;201500055326;0;7;0;0.0;2.0;2.0;1.0;B01
84500;201500055327;0;7;0;0.0;2.0;3.0;22.0;A01
84501;201500055327;0;1;0;0.0;2.0;3.0;1.0;B01
84502;201500055328;0;7;0;0.0;2.0;1.0;23.0;A01
84503;201500055328;0;30;0;0.0;2.0;4.0;2.0;B01
84504;201500055330;0;1;0;0.0;0.0;1.0;1.0;A01
84505;201500055332;0;31;0;0.0;2.0;9.0;3.0;A01
84506;201500055332;0;7;0;0.0;2.0;2.0;14.0;B01
84507;201500055332;0;38;0;0.0;2.0;3.0;1.0;C01
84508;201500055333;0;7;0;0.0;2.0;2.0;16.0;B01
84509;201500055333;0;2;0;0.0;2.0;3.0;18.0;A01
84510;201500055334;0;34;0;0.0;2.0;1.0;17.0;B01
84511;201500055334;0;7;0;0.0;2.0;8.0;15.0;A01
84512;201500055335;0;30;0;0.0;1.0;1.0;1.0;A01
84513;201500055336;0;34;0;0.0;2.0;1.0;5.0;A01
84514;201500055336;0;7;0;0.0;2.0;7.0;1.0;B01
84515;201500055337;0;7;0;0.0;2.0;7.0;22.0;A01
84516;201500055337;0;1;0;0.0;2.0;1.0;1.0;B01
84517;201500055338;0;1;0;0.0;2.0;1.0;1.0;B01
84518;201500055338;0;7;0;0.0;2.0;2.0;16.0;A01
84519;201500055339;1;10;0;0.0;1.0;3.0;1.0;Z01
84520;201500055340;0;7;0;14.0;0.0;3.0;1.0;A01
84521;201500055341;0;31;0;8.0;0.0;1.0;13.0;A01
84522;201500055342;0;10;0;0.0;1.0;4.0;4.0;A01
84523;201500055343;1;7;0;0.0;1.0;1.0;1.0;Z01
84524;201500055344;0;31;0;0.0;2.0;1.0;1.0;A01
84525;201500055344;0;7;0;0.0;2.0;2.0;1.0;B01
84526;201500055345;0;7;0;0.0;2.0;0.0;22.0;A01
84527;201500055345;0;1;0;0.0;2.0;1.0;1.0;B01
84528;201500055346;0;10;0;0.0;1.0;3.0;15.0;A01
84529;201500055347;0;3;0;0.0;1.0;1.0;1.0;A01
84530;201500055347;0;7;0;0.0;2.0;4.0;23.0;B01
84531;201500055348;1;7;0;0.0;1.0;0.0;1.0;Z01
84532;201500055349;1;2;0;0.0;1.0;1.0;1.0;A01
84533;201500055350;0;1;0;0.0;1.0;0.0;1.0;A01
84534;201500055351;1;7;0;0.0;2.0;8.0;9.0;Z01
84535;201500055351;0;31;0;0.0;2.0;1.0;1.0;A01
84536;201500055352;0;34;0;0.0;0.0;8.0;1.0;A01
84537;201500055353;0;7;0;0.0;2.0;1.0;2.0;A01
84538;201500055353;0;7;0;0.0;2.0;4.0;23.0;B01
84539;201500055353;0;7;0;0.0;2.0;4.0;23.0;C01
84540;201500055354;0;33;0;0.0;2.0;1.0;1.0;B01
84541;201500055354;1;7;0;0.0;2.0;0.0;1.0;A01
84542;201500055356;0;7;0;0.0;1.0;2.0;17.0;A01
84543;201500055357;0;2;0;0.0;0.0;0.0;1.0;A01
84544;201500055359;0;10;0;0.0;2.0;1.0;2.0;A01
84545;201500055359;0;7;0;0.0;2.0;4.0;23.0;B01
84546;201500055360;1;7;0;0.0;1.0;3.0;9.0;Z01
84547;201500055361;0;2;0;0.0;2.0;2.0;17.0;A01
84548;201500055361;0;7;0;0.0;2.0;3.0;15.0;B01
84549;201500055362;0;33;0;0.0;0.0;0.0;21.0;A01
84550;201500055364;0;7;0;8.0;2.0;1.0;13.0;A01
84551;201500055365;0;10;0;0.0;0.0;5.0;10.0;B01
84552;201500055365;0;34;0;0.0;2.0;1.0;1.0;A01
84553;201500055366;0;33;0;0.0;0.0;8.0;1.0;A01
84554;201500055367;0;7;0;0.0;2.0;1.0;13.0;A01
84555;201500055367;0;31;0;0.0;2.0;1.0;1.0;B01
84556;201500055368;0;33;0;0.0;2.0;0.0;2.0;B01
84557;201500055368;0;31;0;0.0;2.0;8.0;2.0;A01
84558;201500055368;0;33;0;0.0;2.0;0.0;2.0;C01
84559;201500055368;0;2;0;0.0;2.0;1.0;2.0;D01
84560;201500055369;0;7;0;0.0;2.0;1.0;1.0;B01
84561;201500055369;0;7;0;0.0;2.0;1.0;1.0;C01
84562;201500055369;0;1;0;0.0;2.0;8.0;1.0;A01
84563;201500055370;0;10;0;0.0;1.0;4.0;4.0;A01
84564;201500055371;0;32;0;0.0;1.0;1.0;1.0;A01
84565;201500055372;0;30;0;0.0;2.0;1.0;1.0;A01
84566;201500055372;0;7;0;0.0;2.0;3.0;1.0;B01
84567;201500055373;0;31;0;0.0;2.0;1.0;15.0;A01
84568;201500055373;0;7;0;0.0;2.0;5.0;1.0;B01
84569;201500055374;0;2;0;0.0;0.0;8.0;1.0;A01
84570;201500055375;0;7;0;0.0;2.0;1.0;2.0;A01
84571;201500055375;0;7;0;0.0;2.0;4.0;23.0;B01
84572;201500055376;0;7;0;0.0;2.0;4.0;23.0;C01
84573;201500055376;0;7;0;0.0;2.0;4.0;23.0;B01
84574;201500055376;0;7;0;0.0;2.0;1.0;2.0;A01
84575;201500055377;1;7;0;0.0;1.0;1.0;1.0;Z01
84576;201500055378;0;31;0;0.0;2.0;6.0;17.0;A01
84577;201500055378;1;7;0;0.0;2.0;3.0;13.0;Z01
84578;201500055379;0;7;0;0.0;2.0;2.0;16.0;B01
84579;201500055379;0;30;0;0.0;2.0;1.0;18.0;A01
84580;201500055380;0;7;0;0.0;1.0;1.0;15.0;A01
84581;201500055382;0;1;0;12.0;0.0;1.0;14.0;A01
84582;201500055383;0;31;0;0.0;2.0;1.0;2.0;A01
84583;201500055383;0;7;0;0.0;2.0;6.0;2.0;B01
84584;201500055385;0;7;0;0.0;2.0;0.0;1.0;B01
84585;201500055385;0;30;0;0.0;2.0;0.0;1.0;A01
84586;201500055386;0;1;0;0.0;1.0;0.0;1.0;A01
84587;201500055387;0;33;0;0.0;2.0;1.0;5.0;B01
84588;201500055387;0;7;0;0.0;2.0;8.0;13.0;A01
84589;201500055389;0;31;0;0.0;2.0;1.0;5.0;B01
84590;201500055389;0;10;0;0.0;2.0;3.0;10.0;A01
84591;201500055391;0;7;0;1.0;1.0;3.0;1.0;A01
84592;201500055392;0;33;0;0.0;1.0;0.0;1.0;A01
84593;201500055393;0;34;0;0.0;1.0;1.0;1.0;A01
84594;201500055394;1;7;0;0.0;1.0;0.0;1.0;Z01
84595;201500055395;0;7;0;0.0;2.0;2.0;1.0;A01
84596;201500055395;0;1;0;0.0;2.0;8.0;19.0;B01
84597;201500055396;0;13;0;0.0;2.0;6.0;11.0;B01
84598;201500055396;0;7;0;0.0;2.0;2.0;1.0;A01
84599;201500055397;0;34;0;15.0;0.0;3.0;13.0;A01
84600;201500055398;0;7;0;0.0;1.0;2.0;1.0;A01
84601;201500055399;0;7;0;0.0;1.0;3.0;1.0;A01
84602;201500055400;0;7;0;0.0;2.0;2.0;1.0;A01
84603;201500055400;0;7;0;0.0;2.0;6.0;1.0;B01
84604;201500055401;0;33;0;0.0;0.0;8.0;21.0;A01
84605;201500055403;0;7;0;0.0;1.0;2.0;1.0;A01
84606;201500055405;2;34;0;14.0;2.0;8.0;1.0;A01
84607;201500055405;0;7;0;14.0;2.0;5.0;22.0;B01
84608;201500055406;0;32;0;0.0;2.0;0.0;18.0;B01
84609;201500055406;0;14;0;0.0;2.0;2.0;16.0;A01
84610;201500055407;0;2;0;0.0;2.0;3.0;13.0;B01
84611;201500055407;0;7;0;0.0;2.0;2.0;12.0;A01
84612;201500055408;0;31;0;0.0;2.0;1.0;1.0;A01
84613;201500055408;0;10;0;0.0;2.0;3.0;15.0;B01
84614;201500055409;0;7;0;0.0;2.0;1.0;10.0;A01
84615;201500055409;0;1;0;0.0;2.0;8.0;1.0;B01
84616;201500055410;0;7;0;0.0;2.0;4.0;23.0;A01
84617;201500055410;2;7;0;0.0;2.0;1.0;2.0;Z01
84618;201500055412;0;7;0;0.0;2.0;2.0;16.0;A01
84619;201500055412;0;33;0;0.0;2.0;6.0;16.0;B01
84620;201500055413;0;7;0;0.0;2.0;6.0;23.0;C01
84621;201500055413;0;7;0;0.0;2.0;2.0;23.0;B01
84622;201500055413;0;33;0;0.0;2.0;2.0;1.0;A01
84623;201500055414;0;33;0;0.0;2.0;1.0;1.0;A01
84624;201500055414;0;7;0;0.0;2.0;7.0;23.0;B01
84625;201500055415;0;7;0;0.0;1.0;0.0;15.0;A01
84626;201500055417;1;2;0;0.0;1.0;0.0;1.0;Z01
84627;201500055418;0;7;0;0.0;2.0;1.0;16.0;A01
84628;201500055418;0;1;0;0.0;2.0;7.0;1.0;B01
84629;201500055419;0;7;0;0.0;2.0;3.0;15.0;B01
84630;201500055419;0;30;0;0.0;2.0;1.0;1.0;A01
84631;201500055420;0;7;0;0.0;1.0;4.0;4.0;A01
84632;201500055421;0;7;0;0.0;2.0;3.0;1.0;C01
84633;201500055421;0;7;0;0.0;2.0;3.0;9.0;A01
84634;201500055421;0;30;0;0.0;2.0;2.0;1.0;B01
84635;201500055422;0;7;0;0.0;1.0;1.0;1.0;A01
84636;201500055423;0;34;0;0.0;1.0;2.0;17.0;A01
84637;201500055424;0;7;0;0.0;1.0;2.0;1.0;A01
84638;201500055425;0;10;0;0.0;2.0;3.0;23.0;B01
84639;201500055425;0;2;0;0.0;2.0;1.0;17.0;A01
84640;201500055426;0;1;0;0.0;2.0;7.0;1.0;A01
84641;201500055426;1;33;0;0.0;2.0;8.0;13.0;Z01
84642;201500055427;0;30;0;0.0;2.0;1.0;1.0;A01
84643;201500055427;0;7;0;0.0;2.0;5.0;15.0;B01
84644;201500055428;0;7;0;0.0;1.0;1.0;1.0;A01
84645;201500055429;1;7;0;0.0;1.0;3.0;1.0;A01
84646;201500055430;0;2;0;0.0;1.0;1.0;1.0;A01
84647;201500055431;0;7;0;0.0;1.0;3.0;1.0;A01
84648;201500055432;0;31;0;12.0;0.0;1.0;13.0;A01
84649;201500055433;0;7;0;0.0;1.0;2.0;1.0;A01
84650;201500055434;0;7;0;0.0;2.0;4.0;1.0;A01
84651;201500055434;0;7;0;0.0;2.0;2.0;1.0;B01
84652;201500055435;0;7;0;0.0;1.0;2.0;15.0;A01
84653;201500055436;0;7;0;0.0;1.0;1.0;1.0;A01
84654;201500055437;0;7;0;0.0;1.0;2.0;16.0;A01
84655;201500055438;0;37;0;0.0;1.0;2.0;1.0;A01
84656;201500055439;0;7;0;0.0;2.0;2.0;1.0;A01
84657;201500055439;0;2;0;0.0;2.0;1.0;1.0;B01
84658;201500055440;1;7;0;0.0;1.0;1.0;1.0;Z01
84659;201500055441;0;33;0;0.0;2.0;3.0;18.0;B01
84660;201500055441;0;7;0;0.0;2.0;3.0;1.0;A01
84661;201500055442;1;7;0;0.0;1.0;0.0;1.0;Z01
84662;201500055443;0;34;0;8.0;0.0;3.0;1.0;A01
84663;201500055444;1;30;0;8.0;0.0;1.0;5.0;A01
84664;201500055445;0;30;0;0.0;0.0;0.0;21.0;A01
84665;201500055446;0;7;0;0.0;2.0;3.0;15.0;A01
84666;201500055446;0;33;0;0.0;2.0;1.0;17.0;B01
84667;201500055447;0;7;0;0.0;1.0;2.0;1.0;A01
84668;201500055448;0;33;0;0.0;2.0;3.0;1.0;B01
84669;201500055448;0;7;0;0.0;2.0;5.0;16.0;A01
84670;201500055449;0;32;0;0.0;1.0;1.0;1.0;A01
84671;201500055450;0;32;0;0.0;1.0;1.0;1.0;A01
84672;201500055451;0;7;0;0.0;1.0;2.0;1.0;A01
84673;201500055452;0;30;0;0.0;2.0;3.0;1.0;A01
84674;201500055452;1;7;0;0.0;2.0;2.0;15.0;Z01
84675;201500055453;0;2;0;0.0;2.0;1.0;1.0;B01
84676;201500055453;0;7;0;0.0;2.0;1.0;9.0;A01
84677;201500055454;0;32;0;1.0;0.0;2.0;14.0;A01
84678;201500055455;0;34;0;0.0;2.0;1.0;2.0;A01
84679;201500055455;0;7;0;0.0;2.0;5.0;2.0;B01
84680;201500055456;0;7;0;0.0;2.0;6.0;1.0;B01
84681;201500055456;0;7;0;9.0;2.0;3.0;1.0;A01
84682;201500055458;0;31;0;0.0;1.0;1.0;1.0;A01
84683;201500055459;1;7;0;0.0;2.0;0.0;0.0;Z01
84684;201500055459;0;10;0;0.0;2.0;4.0;12.0;A01
84685;201500055460;0;40;0;0.0;2.0;1.0;1.0;B01
84686;201500055460;0;30;0;0.0;2.0;1.0;1.0;A01
84687;201500055461;0;2;0;0.0;0.0;8.0;12.0;A01
84688;201500055462;0;2;0;0.0;2.0;1.0;1.0;A01
84689;201500055462;2;7;0;6.0;2.0;6.0;1.0;B01
84690;201500055463;0;7;0;0.0;2.0;2.0;15.0;B01
84691;201500055463;0;33;0;0.0;2.0;1.0;18.0;A01
84692;201500055464;0;32;0;0.0;1.0;0.0;1.0;A01
84693;201500055465;0;1;0;0.0;1.0;0.0;1.0;A01
84694;201500055466;0;7;0;0.0;2.0;3.0;15.0;A01
84695;201500055466;0;34;0;0.0;2.0;5.0;17.0;B01
84696;201500055467;0;7;0;0.0;2.0;3.0;11.0;B01
84697;201500055467;0;33;0;0.0;2.0;7.0;17.0;A01
84698;201500055468;0;7;0;8.0;1.0;1.0;1.0;A01
84699;201500055469;0;1;0;0.0;1.0;1.0;7.0;A01
84700;201500055470;0;1;0;0.0;2.0;4.0;1.0;B01
84701;201500055470;0;7;0;0.0;2.0;2.0;1.0;A01
84702;201500055472;0;30;0;12.0;0.0;1.0;14.0;A01