;Num_Acc;senc;catv;occutc;obs;obsm;choc;manv;num_veh
85539;201500056042;0;7;0;0.0;1.0;2.0;2.0;A01
85540;201500056043;0;33;0;0.0;0.0;0.0;1.0;A01
85541;201500056044;0;7;0;0.0;2.0;2.0;1.0;A01
85542;201500056044;0;33;0;0.0;2.0;8.0;15.0;B01
85543;201500056045;0;7;0;2.0;0.0;1.0;13.0;A01
85544;201500056046;1;7;0;0.0;1.0;2.0;1.0;Z01
85545;201500056048;0;31;0;0.0;2.0;1.0;1.0;B01
85546;201500056048;0;7;0;0.0;2.0;5.0;15.0;A01
85547;201500056049;0;7;0;7.0;0.0;3.0;1.0;A01
85548;201500056050;0;7;0;0.0;2.0;1.0;1.0;A01
85549;201500056050;0;7;0;0.0;2.0;4.0;1.0;B01
85550;201500056050;0;7;0;0.0;2.0;4.0;1.0;C01
85551;201500056051;0;31;0;14.0;0.0;0.0;1.0;A01
85552;201500056052;0;7;0;0.0;2.0;2.0;2.0;A01
85553;201500056052;0;33;0;0.0;2.0;4.0;2.0;B01
85554;201500056053;0;7;0;0.0;2.0;2.0;10.0;A01
85555;201500056053;0;31;0;0.0;2.0;1.0;1.0;B01
85556;201500056054;0;33;0;0.0;2.0;3.0;11.0;B01
85557;201500056054;0;2;0;0.0;2.0;2.0;2.0;A01
85558;201500056055;0;7;0;0.0;2.0;0.0;23.0;B01
85559;201500056055;0;31;0;0.0;2.0;1.0;17.0;A01
85560;201500056056;0;1;0;0.0;2.0;0.0;18.0;B01
85561;201500056056;0;13;0;0.0;2.0;2.0;16.0;A01
85562;201500056057;0;37;0;0.0;2.0;6.0;23.0;B01
85563;201500056057;0;33;0;0.0;1.0;8.0;1.0;A01
85564;201500056058;0;7;0;0.0;2.0;6.0;1.0;B01
85565;201500056058;0;33;0;0.0;2.0;0.0;1.0;A01
85566;201500056059;0;30;0;0.0;1.0;1.0;1.0;A01
85567;201500056060;0;7;0;0.0;2.0;3.0;1.0;A01
85568;201500056060;0;1;0;0.0;2.0;3.0;1.0;B01
85569;201500056061;0;31;0;0.0;2.0;1.0;1.0;A01
85570;201500056061;0;7;0;0.0;2.0;3.0;1.0;B01
85571;201500056062;0;1;0;0.0;2.0;6.0;18.0;B01
85572;201500056062;0;37;0;0.0;2.0;7.0;16.0;A01
85573;201500056063;0;14;0;0.0;1.0;0.0;16.0;A01
85574;201500056064;0;33;0;0.0;2.0;1.0;1.0;B01
85575;201500056064;0;7;0;0.0;2.0;7.0;10.0;A01
85576;201500056065;0;7;0;0.0;2.0;2.0;15.0;A01
85577;201500056065;0;31;0;1.0;2.0;0.0;1.0;B01
85578;201500056066;0;7;0;0.0;2.0;8.0;10.0;A01
85579;201500056066;0;2;0;0.0;2.0;1.0;17.0;B01
85580;201500056067;0;7;0;6.0;2.0;7.0;15.0;A01
85581;201500056067;0;33;0;1.0;2.0;1.0;1.0;B01
85582;201500056068;0;10;0;0.0;2.0;8.0;13.0;A01
85583;201500056068;0;33;0;0.0;2.0;1.0;7.0;B01
85584;201500056069;0;7;0;0.0;2.0;3.0;1.0;A01
85585;201500056069;0;7;0;0.0;2.0;5.0;23.0;B01
85586;201500056070;0;7;0;0.0;1.0;7.0;1.0;A01
85587;201500056071;0;7;0;0.0;1.0;3.0;7.0;A01
85588;201500056072;1;30;0;0.0;1.0;0.0;1.0;Z01
85589;201500056074;0;33;0;4.0;0.0;1.0;13.0;A01
85590;201500056075;0;7;0;0.0;2.0;1.0;15.0;A01
85591;201500056075;0;33;0;0.0;2.0;1.0;1.0;B01
85592;201500056076;0;7;0;0.0;2.0;8.0;22.0;A01
85593;201500056076;0;1;0;0.0;2.0;5.0;1.0;B01
85594;201500056077;0;7;0;0.0;1.0;1.0;11.0;A01
85595;201500056079;0;7;0;0.0;2.0;1.0;16.0;A01
85596;201500056079;0;1;0;0.0;2.0;7.0;19.0;B01
85597;201500056080;0;33;0;0.0;2.0;3.0;3.0;A01
85598;201500056080;0;7;0;0.0;2.0;7.0;12.0;B01
85599;201500056081;0;13;0;0.0;2.0;4.0;1.0;C01
85600;201500056081;0;7;0;0.0;2.0;1.0;13.0;A01
85601;201500056081;0;10;0;0.0;2.0;2.0;1.0;B01
85602;201500056082;2;7;0;0.0;2.0;1.0;5.0;Z01
85603;201500056082;0;7;0;0.0;2.0;7.0;1.0;A01
85604;201500056083;0;37;0;0.0;1.0;2.0;1.0;A01
85605;201500056084;0;14;0;0.0;1.0;2.0;1.0;A01
85606;201500056085;0;7;0;0.0;2.0;1.0;1.0;B01
85607;201500056085;0;7;0;1.0;1.0;2.0;1.0;A01
85608;201500056086;0;7;0;0.0;2.0;0.0;1.0;A01
85609;201500056086;0;7;0;0.0;2.0;5.0;23.0;B01
85610;201500056087;0;7;0;0.0;1.0;2.0;1.0;A01
85611;201500056088;0;32;0;8.0;0.0;1.0;1.0;A01
85612;201500056091;1;7;0;0.0;2.0;1.0;2.0;Z01
85613;201500056091;0;7;0;4.0;2.0;4.0;2.0;A01
85614;201500056092;0;7;0;0.0;2.0;6.0;2.0;B01
85615;201500056092;0;33;0;0.0;2.0;8.0;2.0;A01
85616;201500056094;0;7;0;0.0;2.0;4.0;2.0;B01
85617;201500056094;0;33;0;0.0;2.0;1.0;2.0;A01
85618;201500056095;0;7;0;0.0;2.0;4.0;1.0;C01
85619;201500056095;0;34;0;0.0;2.0;8.0;3.0;A01
85620;201500056095;0;7;0;0.0;2.0;7.0;12.0;B01
85621;201500056096;0;7;0;0.0;2.0;1.0;2.0;A01
85622;201500056096;0;7;0;0.0;2.0;4.0;23.0;B01
85623;201500056097;0;10;0;0.0;2.0;2.0;1.0;B01
85624;201500056097;0;7;0;12.0;2.0;1.0;14.0;A01
85625;201500056098;0;7;0;0.0;2.0;8.0;11.0;A01
85626;201500056098;0;33;0;0.0;2.0;7.0;3.0;B01
85627;201500056099;0;33;0;0.0;0.0;7.0;3.0;A01
85628;201500056100;1;7;0;0.0;2.0;5.0;12.0;Z01
85629;201500056100;0;33;0;0.0;2.0;3.0;3.0;A01
85630;201500056102;0;7;0;0.0;2.0;7.0;12.0;A01
85631;201500056102;0;10;0;0.0;2.0;8.0;1.0;C01
85632;201500056102;0;33;0;0.0;2.0;1.0;3.0;B01
85633;201500056103;0;7;0;0.0;2.0;1.0;1.0;A01
85634;201500056103;0;7;0;0.0;2.0;4.0;1.0;B01
85635;201500056103;0;7;0;0.0;2.0;1.0;1.0;C01
85636;201500056103;0;7;0;0.0;2.0;1.0;1.0;D01
85637;201500056104;0;7;0;0.0;2.0;4.0;1.0;B01
85638;201500056104;0;7;0;0.0;2.0;1.0;1.0;A01
85639;201500056105;0;10;0;0.0;2.0;0.0;13.0;A01
85640;201500056105;0;31;0;0.0;2.0;8.0;1.0;B01
85641;201500056106;0;10;0;0.0;2.0;0.0;1.0;B01
85642;201500056106;0;33;0;0.0;2.0;0.0;23.0;A01
85643;201500056107;0;7;0;0.0;2.0;8.0;11.0;A01
85644;201500056107;0;33;0;0.0;2.0;7.0;3.0;B01
85645;201500056108;0;7;0;0.0;2.0;1.0;2.0;A01
85646;201500056108;0;7;0;0.0;2.0;4.0;23.0;C01
85647;201500056108;0;7;0;0.0;2.0;4.0;23.0;B01
85648;201500056109;0;7;0;0.0;2.0;1.0;1.0;A01
85649;201500056109;0;7;0;0.0;2.0;4.0;1.0;B01
85650;201500056109;0;7;0;0.0;2.0;6.0;1.0;D01
85651;201500056109;0;33;0;0.0;2.0;4.0;1.0;C01
85652;201500056110;0;10;0;0.0;2.0;8.0;11.0;A01
85653;201500056110;0;31;0;0.0;2.0;7.0;3.0;B01
85654;201500056111;0;33;0;0.0;0.0;0.0;3.0;A01
85655;201500056112;0;33;0;0.0;2.0;2.0;1.0;B01
85656;201500056112;0;7;0;0.0;2.0;6.0;11.0;A01
85657;201500056113;0;7;0;0.0;2.0;4.0;1.0;B01
85658;201500056113;0;7;0;0.0;2.0;1.0;1.0;A01
85659;201500056113;0;7;0;0.0;2.0;3.0;1.0;C01
85660;201500056114;0;34;0;14.0;0.0;1.0;1.0;A01
85661;201500056115;0;31;0;0.0;2.0;2.0;1.0;A01
85662;201500056115;0;7;0;0.0;2.0;6.0;23.0;B01
85663;201500056116;0;32;0;0.0;0.0;8.0;3.0;A01
85664;201500056117;0;7;0;0.0;2.0;5.0;1.0;B01
85665;201500056117;0;33;0;0.0;2.0;1.0;3.0;A01
85666;201500056118;0;7;0;0.0;2.0;6.0;11.0;A01
85667;201500056118;0;33;0;4.0;2.0;7.0;1.0;B01
85668;201500056120;0;7;0;0.0;2.0;4.0;1.0;B01
85669;201500056120;0;7;0;0.0;2.0;1.0;1.0;A01
85670;201500056121;0;34;0;0.0;2.0;4.0;3.0;B01
85671;201500056121;0;7;0;0.0;2.0;2.0;23.0;C01
85672;201500056121;0;32;0;0.0;2.0;1.0;3.0;A01
85673;201500056122;0;33;0;0.0;2.0;1.0;3.0;A01
85674;201500056122;0;7;0;0.0;2.0;4.0;12.0;B01
85675;201500056124;0;7;0;0.0;2.0;4.0;1.0;C01
85676;201500056124;0;10;0;0.0;2.0;1.0;1.0;A01
85677;201500056124;0;7;0;0.0;2.0;4.0;1.0;B01
85678;201500056125;0;32;0;0.0;0.0;8.0;1.0;A01
85679;201500056126;1;7;0;0.0;2.0;2.0;3.0;Z01
85680;201500056126;0;7;0;0.0;2.0;6.0;1.0;A01
85681;201500056127;0;7;0;0.0;2.0;8.0;23.0;C01
85682;201500056127;0;10;0;0.0;2.0;3.0;13.0;A01
85683;201500056127;0;33;0;4.0;2.0;2.0;11.0;B01
85684;201500056128;0;7;0;4.0;2.0;2.0;13.0;A01
85685;201500056128;0;7;0;0.0;2.0;0.0;23.0;B01
85686;201500056130;0;7;0;0.0;2.0;1.0;2.0;A01
85687;201500056130;0;10;0;0.0;2.0;4.0;2.0;B01
85688;201500056131;0;10;0;0.0;2.0;6.0;11.0;A01
85689;201500056131;0;34;0;0.0;2.0;1.0;3.0;B01
85690;201500056132;0;7;0;4.0;2.0;4.0;2.0;C01
85691;201500056132;0;7;0;0.0;2.0;4.0;2.0;D01
85692;201500056132;0;10;0;0.0;2.0;1.0;2.0;A01
85693;201500056132;0;7;0;0.0;2.0;4.0;2.0;B01
85694;201500056133;0;10;0;0.0;2.0;4.0;2.0;D01
85695;201500056133;0;7;0;0.0;2.0;1.0;2.0;A01
85696;201500056133;0;10;0;0.0;2.0;4.0;2.0;C01
85697;201500056133;0;7;0;0.0;2.0;4.0;2.0;B01
85698;201500056134;0;7;0;0.0;2.0;1.0;2.0;A01
85699;201500056134;0;7;0;0.0;2.0;4.0;2.0;B01
85700;201500056135;0;33;0;0.0;2.0;1.0;3.0;B01
85701;201500056135;0;7;0;0.0;2.0;5.0;12.0;A01
85702;201500056137;0;33;0;0.0;2.0;1.0;2.0;A01
85703;201500056137;0;7;0;0.0;2.0;5.0;2.0;B01
85704;201500056138;0;7;0;0.0;2.0;7.0;12.0;A01
85705;201500056138;0;34;0;0.0;2.0;8.0;1.0;B01
85706;201500056139;0;33;0;0.0;2.0;4.0;3.0;B01
85707;201500056139;0;32;0;0.0;2.0;1.0;3.0;A01
85708;201500056141;0;7;0;3.0;0.0;1.0;1.0;A01
85709;201500056142;0;10;0;0.0;2.0;1.0;1.0;A01
85710;201500056142;0;7;0;0.0;2.0;4.0;23.0;B01
85711;201500056142;0;7;0;0.0;2.0;4.0;23.0;C01
85712;201500056143;0;7;0;0.0;2.0;3.0;1.0;B01
85713;201500056143;0;31;0;0.0;2.0;7.0;17.0;A01
85714;201500056144;0;34;0;0.0;2.0;8.0;3.0;A01
85715;201500056144;0;10;0;0.0;2.0;5.0;1.0;B01
85716;201500056145;0;31;0;12.0;0.0;1.0;12.0;A01
85717;201500056147;0;7;0;0.0;2.0;7.0;12.0;A01
85718;201500056147;0;7;0;0.0;2.0;4.0;1.0;C01
85719;201500056147;0;33;0;0.0;2.0;1.0;1.0;B01
85720;201500056148;0;7;0;0.0;2.0;4.0;1.0;B01
85721;201500056148;0;7;0;0.0;2.0;1.0;1.0;A01
85722;201500056149;0;7;0;15.0;2.0;5.0;1.0;A01
85723;201500056149;0;7;0;0.0;2.0;8.0;1.0;B01
85724;201500056150;0;7;0;0.0;2.0;4.0;1.0;B01
85725;201500056150;0;7;0;0.0;2.0;2.0;11.0;A01
85726;201500056151;0;7;0;2.0;2.0;4.0;23.0;B01
85727;201500056151;0;10;0;0.0;0.0;4.0;23.0;C01
85728;201500056151;0;7;0;0.0;2.0;1.0;2.0;A01
85729;201500056152;0;7;0;0.0;2.0;5.0;23.0;A01
85730;201500056152;0;7;0;0.0;2.0;3.0;21.0;B01
85731;201500056154;0;7;0;0.0;2.0;1.0;2.0;A01
85732;201500056154;0;7;0;4.0;2.0;4.0;2.0;B01
85733;201500056155;0;7;0;0.0;2.0;7.0;12.0;A01
85734;201500056155;0;31;0;0.0;2.0;8.0;3.0;B01
85735;201500056156;0;31;0;0.0;2.0;2.0;3.0;A01
85736;201500056156;0;7;0;0.0;2.0;6.0;13.0;B01
85737;201500056157;0;33;0;0.0;2.0;1.0;2.0;A01
85738;201500056157;0;7;0;0.0;2.0;4.0;2.0;B01
85739;201500056159;0;7;0;4.0;0.0;3.0;14.0;A01
85740;201500056160;0;31;0;0.0;2.0;8.0;18.0;A01
85741;201500056160;1;10;0;0.0;2.0;0.0;14.0;Z01
85742;201500056161;0;7;0;0.0;2.0;6.0;23.0;B01
85743;201500056161;0;33;0;0.0;2.0;1.0;3.0;A01
85744;201500056161;1;10;0;0.0;2.0;0.0;12.0;Z01
85745;201500056162;0;33;0;0.0;2.0;7.0;2.0;A01
85746;201500056162;0;10;0;0.0;2.0;6.0;2.0;B01
85747;201500056163;0;10;0;0.0;2.0;1.0;2.0;C01
85748;201500056163;0;10;0;0.0;2.0;1.0;2.0;A01
85749;201500056163;0;10;0;0.0;2.0;4.0;2.0;B01
85750;201500056164;0;7;0;0.0;2.0;6.0;23.0;B01
85751;201500056164;0;7;0;0.0;2.0;2.0;2.0;A01
85752;201500056166;0;7;0;0.0;2.0;5.0;1.0;B01
85753;201500056166;0;2;0;0.0;2.0;8.0;13.0;A01
85754;201500056167;0;7;0;0.0;2.0;4.0;23.0;C01
85755;201500056167;0;7;0;0.0;2.0;1.0;2.0;A01
85756;201500056167;0;7;0;0.0;2.0;4.0;23.0;B01
85757;201500056168;0;7;0;0.0;2.0;4.0;2.0;B01
85758;201500056168;0;7;0;0.0;2.0;1.0;2.0;A01
85759;201500056168;0;7;0;0.0;2.0;4.0;23.0;D01
85760;201500056168;0;7;0;0.0;2.0;4.0;2.0;C01
85761;201500056169;0;7;0;0.0;2.0;6.0;1.0;B01
85762;201500056169;1;7;0;0.0;2.0;1.0;2.0;Z01
85763;201500056169;0;34;0;0.0;2.0;3.0;2.0;A01
85764;201500056170;0;15;0;0.0;2.0;2.0;16.0;A01
85765;201500056170;0;7;0;0.0;2.0;8.0;1.0;B01
85766;201500056170;0;7;0;0.0;2.0;3.0;1.0;C01
85767;201500056171;0;7;0;0.0;2.0;4.0;2.0;B01
85768;201500056171;0;10;0;0.0;2.0;4.0;2.0;C01
85769;201500056171;0;10;0;0.0;2.0;4.0;2.0;D01
85770;201500056171;0;7;0;0.0;2.0;1.0;2.0;A01
85771;201500056172;0;7;0;0.0;2.0;4.0;2.0;B01
85772;201500056172;0;31;0;0.0;2.0;1.0;2.0;A01
85773;201500056173;0;31;0;0.0;2.0;8.0;3.0;B01
85774;201500056173;0;7;0;0.0;2.0;2.0;12.0;A01
85775;201500056174;0;33;0;0.0;2.0;1.0;2.0;A01
85776;201500056174;0;10;0;0.0;2.0;6.0;2.0;B01
85777;201500056175;0;33;0;0.0;2.0;7.0;1.0;B01
85778;201500056175;1;7;0;0.0;2.0;8.0;11.0;A01
85779;201500056176;0;10;0;0.0;2.0;4.0;2.0;B01
85780;201500056176;0;33;0;0.0;2.0;1.0;2.0;A01
85781;201500056177;0;33;0;0.0;2.0;8.0;1.0;B01
85782;201500056177;0;10;0;0.0;2.0;2.0;12.0;A01
85783;201500056178;0;31;0;0.0;2.0;1.0;3.0;A01
85784;201500056178;0;10;0;0.0;2.0;4.0;1.0;B01
85785;201500056179;0;33;0;1.0;2.0;1.0;12.0;A01
85786;201500056179;0;7;0;0.0;2.0;5.0;1.0;B01
85787;201500056180;0;7;0;0.0;2.0;7.0;12.0;A01
85788;201500056180;0;33;0;0.0;2.0;3.0;3.0;B01
85789;201500056181;0;33;0;0.0;2.0;2.0;3.0;B01
85790;201500056181;0;7;0;0.0;2.0;6.0;11.0;A01
85791;201500056182;0;7;0;0.0;2.0;2.0;2.0;A01
85792;201500056182;0;7;0;0.0;2.0;6.0;23.0;B01
85793;201500056183;0;34;0;0.0;2.0;4.0;23.0;A01
85794;201500056183;0;7;0;0.0;2.0;5.0;23.0;B01
85795;201500056183;1;7;0;0.0;2.0;1.0;3.0;Z01
85796;201500056184;0;33;0;0.0;2.0;8.0;18.0;A01
85797;201500056184;0;10;0;0.0;2.0;7.0;1.0;B01
85798;201500056185;0;7;0;0.0;2.0;3.0;11.0;A01
85799;201500056185;0;33;0;0.0;2.0;7.0;3.0;B01
85800;201500056186;0;7;0;10.0;0.0;3.0;13.0;A01
85801;201500056187;0;7;0;0.0;2.0;6.0;11.0;A01
85802;201500056187;0;33;0;0.0;2.0;2.0;1.0;B01
85803;201500056188;0;34;0;0.0;0.0;8.0;1.0;A01
85804;201500056190;0;7;0;0.0;2.0;7.0;1.0;B01
85805;201500056190;0;1;0;0.0;2.0;3.0;15.0;A01
85806;201500056191;0;32;0;0.0;0.0;1.0;1.0;A01
85807;201500056192;0;7;0;0.0;2.0;5.0;1.0;B01
85808;201500056192;0;33;0;0.0;2.0;1.0;3.0;A01
85809;201500056193;0;7;0;5.0;0.0;1.0;14.0;A01
85810;201500056194;0;7;0;0.0;2.0;2.0;12.0;A01
85811;201500056194;0;33;0;0.0;2.0;1.0;3.0;B01
85812;201500056194;0;7;0;0.0;2.0;1.0;1.0;C01
85813;201500056195;1;7;0;0.0;2.0;0.0;14.0;Z01
85814;201500056195;0;7;0;4.0;2.0;8.0;1.0;A01
85815;201500056196;0;32;0;0.0;0.0;8.0;1.0;A01
85816;201500056197;0;7;0;0.0;2.0;4.0;1.0;B01
85817;201500056197;0;14;0;0.0;2.0;1.0;1.0;A01
85818;201500056198;0;33;0;0.0;2.0;7.0;3.0;A01
85819;201500056198;0;10;0;0.0;2.0;6.0;12.0;B01
85820;201500056200;0;10;0;0.0;2.0;5.0;2.0;D01
85821;201500056200;0;7;0;0.0;2.0;3.0;2.0;C01
85822;201500056200;0;2;0;0.0;2.0;8.0;12.0;A01
85823;201500056200;0;7;0;0.0;2.0;5.0;2.0;B01
85824;201500056201;0;34;0;0.0;0.0;8.0;1.0;A01
85825;201500056202;0;7;0;0.0;2.0;1.0;2.0;A01
85826;201500056202;0;10;0;0.0;2.0;4.0;23.0;B01
85827;201500056203;0;7;0;0.0;2.0;4.0;1.0;C01
85828;201500056203;0;7;0;0.0;2.0;0.0;11.0;A01
85829;201500056203;0;33;0;0.0;2.0;1.0;1.0;B01
85830;201500056204;0;31;0;0.0;2.0;1.0;2.0;A01
85831;201500056204;0;7;0;0.0;2.0;5.0;23.0;B01
85832;201500056207;0;10;0;0.0;2.0;1.0;2.0;A01
85833;201500056207;0;34;0;0.0;2.0;4.0;2.0;B01
85834;201500056207;0;7;0;0.0;2.0;6.0;1.0;C01
85835;201500056208;0;7;0;0.0;2.0;4.0;2.0;C01
85836;201500056208;0;10;0;0.0;2.0;4.0;2.0;B01
85837;201500056208;0;10;0;0.0;2.0;4.0;2.0;D01
85838;201500056208;0;10;0;0.0;2.0;1.0;2.0;A01
85839;201500056210;0;33;0;12.0;2.0;1.0;14.0;A01
85840;201500056210;0;7;0;0.0;2.0;2.0;1.0;B01
85841;201500056211;0;33;0;12.0;0.0;7.0;14.0;A01
85842;201500056212;0;33;0;0.0;2.0;6.0;3.0;B01
85843;201500056212;0;33;0;0.0;2.0;5.0;14.0;A01
85844;201500056213;0;32;0;0.0;2.0;8.0;3.0;B01
85845;201500056213;0;7;0;0.0;2.0;3.0;11.0;A01
85846;201500056214;0;32;0;0.0;2.0;1.0;1.0;B01
85847;201500056214;0;7;0;0.0;2.0;8.0;22.0;A01
85848;201500056215;0;10;0;0.0;2.0;0.0;1.0;B01
85849;201500056215;0;7;0;0.0;2.0;1.0;1.0;A01
85850;201500056216;0;33;0;0.0;2.0;2.0;3.0;A01
85851;201500056216;0;7;0;0.0;2.0;3.0;13.0;B01
85852;201500056217;0;32;0;0.0;2.0;1.0;1.0;B01
85853;201500056217;0;7;0;0.0;2.0;6.0;4.0;A01
85854;201500056218;0;33;0;0.0;2.0;6.0;2.0;A01
85855;201500056218;1;33;0;0.0;2.0;0.0;2.0;Z01
85856;201500056219;0;7;0;0.0;2.0;4.0;1.0;C01
85857;201500056219;0;7;0;0.0;2.0;3.0;11.0;A01
85858;201500056219;0;32;0;0.0;2.0;0.0;3.0;B01
85859;201500056220;0;7;0;0.0;2.0;7.0;12.0;A01
85860;201500056220;0;32;0;0.0;2.0;3.0;3.0;B01
85861;201500056221;0;7;0;0.0;2.0;3.0;11.0;A01
85862;201500056221;0;33;0;0.0;2.0;7.0;1.0;B01
85863;201500056223;0;34;0;0.0;2.0;8.0;3.0;B01
85864;201500056223;0;7;0;0.0;2.0;7.0;12.0;A01
85865;201500056224;0;34;0;0.0;2.0;1.0;12.0;A01
85866;201500056224;0;10;0;0.0;2.0;5.0;23.0;B01
85867;201500056225;0;7;0;0.0;2.0;4.0;23.0;C01
85868;201500056225;0;7;0;0.0;2.0;4.0;23.0;B01
85869;201500056225;0;7;0;0.0;2.0;1.0;1.0;A01
85870;201500056226;0;32;0;4.0;0.0;8.0;13.0;A01
85871;201500056227;0;7;0;0.0;2.0;1.0;2.0;A01
85872;201500056227;0;10;0;0.0;2.0;1.0;2.0;E01
85873;201500056227;0;7;0;0.0;2.0;4.0;2.0;B01
85874;201500056227;0;7;0;0.0;2.0;4.0;2.0;C01
85875;201500056227;0;33;0;0.0;2.0;1.0;2.0;D01
85876;201500056228;1;31;0;0.0;2.0;6.0;13.0;Z01
85877;201500056228;0;10;0;0.0;2.0;5.0;2.0;B01
85878;201500056228;0;33;0;0.0;2.0;2.0;2.0;A01
85879;201500056229;0;7;0;0.0;2.0;1.0;1.0;A01
85880;201500056229;1;7;0;0.0;2.0;0.0;1.0;Z01
85881;201500056229;0;7;0;0.0;2.0;1.0;1.0;C01
85882;201500056229;0;10;0;0.0;2.0;4.0;1.0;B01
85883;201500056230;0;7;0;0.0;2.0;4.0;2.0;C01
85884;201500056230;0;10;0;0.0;2.0;5.0;2.0;B01
85885;201500056230;0;10;0;0.0;2.0;3.0;2.0;A01
85886;201500056231;0;10;0;0.0;2.0;4.0;2.0;A01
85887;201500056231;0;7;0;0.0;2.0;5.0;23.0;B01
85888;201500056231;0;10;0;0.0;2.0;0.0;2.0;D01
85889;201500056231;0;31;0;0.0;2.0;1.0;3.0;C01
85890;201500056232;0;7;0;0.0;2.0;1.0;2.0;A01
85891;201500056232;0;7;0;0.0;2.0;4.0;2.0;C01
85892;201500056232;0;7;0;0.0;2.0;4.0;2.0;B01
85893;201500056234;0;7;0;0.0;2.0;4.0;23.0;C01
85894;201500056234;0;7;0;0.0;2.0;1.0;2.0;A01
85895;201500056234;0;7;0;0.0;2.0;4.0;2.0;B01
85896;201500056235;0;33;0;0.0;2.0;1.0;1.0;B01
85897;201500056235;0;7;0;0.0;2.0;2.0;12.0;A01
85898;201500056236;0;7;0;0.0;2.0;6.0;2.0;B01
85899;201500056236;0;34;0;4.0;2.0;1.0;2.0;A01
85900;201500056237;0;7;0;0.0;2.0;1.0;2.0;A01
85901;201500056237;0;7;0;0.0;2.0;1.0;2.0;C01
85902;201500056237;0;7;0;0.0;2.0;4.0;2.0;B01
85903;201500056238;0;7;0;0.0;2.0;4.0;2.0;C01
85904;201500056238;0;7;0;0.0;2.0;4.0;2.0;B01
85905;201500056238;0;7;0;0.0;2.0;1.0;2.0;A01
85906;201500056239;0;7;0;0.0;2.0;4.0;1.0;B01
85907;201500056239;0;7;0;0.0;2.0;1.0;1.0;A01
85908;201500056239;0;31;0;0.0;2.0;7.0;1.0;C01
85909;201500056241;0;33;0;0.0;0.0;8.0;1.0;B01
85910;201500056241;0;7;0;0.0;2.0;2.0;9.0;A01
85911;201500056242;0;7;0;0.0;2.0;4.0;23.0;C01
85912;201500056242;0;7;0;0.0;2.0;1.0;2.0;A01
85913;201500056242;0;7;0;0.0;2.0;4.0;2.0;B01
85914;201500056243;0;7;0;0.0;2.0;8.0;11.0;A01
85915;201500056243;0;32;0;0.0;2.0;8.0;3.0;B01
85916;201500056244;0;7;0;0.0;2.0;8.0;11.0;A01
85917;201500056244;0;31;0;0.0;2.0;7.0;1.0;B01
85918;201500056245;0;32;0;0.0;2.0;3.0;3.0;A01
85919;201500056245;0;7;0;0.0;2.0;5.0;1.0;B01
85920;201500056246;0;7;0;4.0;2.0;2.0;1.0;B01
85921;201500056246;0;7;0;4.0;2.0;1.0;1.0;A01
85922;201500056247;0;7;0;0.0;0.0;3.0;13.0;A01
85923;201500056248;0;7;0;0.0;2.0;5.0;2.0;B01
85924;201500056248;0;34;0;0.0;2.0;3.0;2.0;A01
85925;201500056249;1;7;0;0.0;2.0;3.0;2.0;Z01
85926;201500056249;0;7;0;0.0;2.0;5.0;2.0;A01
85927;201500056249;0;7;0;0.0;2.0;0.0;23.0;B01
85928;201500056250;0;7;0;4.0;2.0;3.0;1.0;B01
85929;201500056250;0;7;0;0.0;2.0;2.0;14.0;A01
85930;201500056251;0;10;0;0.0;2.0;6.0;2.0;B01
85931;201500056251;0;33;0;0.0;2.0;1.0;2.0;A01
85932;201500056252;0;7;0;8.0;0.0;8.0;14.0;A01
85933;201500056253;0;33;0;0.0;2.0;8.0;13.0;A01
85934;201500056253;0;7;0;0.0;2.0;5.0;1.0;B01
85935;201500056255;0;7;0;0.0;2.0;1.0;2.0;C01
85936;201500056255;0;7;0;0.0;2.0;4.0;2.0;B01
85937;201500056255;0;10;0;0.0;2.0;4.0;2.0;D01
85938;201500056255;0;7;0;0.0;2.0;1.0;2.0;A01
85939;201500056257;0;7;0;0.0;2.0;4.0;23.0;C01
85940;201500056257;0;7;0;0.0;2.0;4.0;23.0;B01
85941;201500056257;0;7;0;0.0;2.0;1.0;2.0;A01
85942;201500056257;0;10;0;0.0;2.0;4.0;23.0;D01
85943;201500056258;0;7;0;0.0;2.0;7.0;12.0;A01
85944;201500056258;0;33;0;0.0;2.0;8.0;1.0;B01
85945;201500056259;0;10;0;0.0;2.0;8.0;11.0;A01
85946;201500056259;0;7;0;4.0;2.0;7.0;1.0;B01
85947;201500056259;0;7;0;0.0;2.0;8.0;1.0;C01
85948;201500056260;0;10;0;0.0;2.0;7.0;16.0;A01
85949;201500056260;0;32;0;0.0;2.0;8.0;1.0;B01
85950;201500056261;0;33;0;0.0;2.0;2.0;1.0;A01
85951;201500056261;1;15;0;0.0;2.0;0.0;11.0;Z01
85952;201500056262;0;10;0;0.0;2.0;1.0;12.0;A01
85953;201500056262;0;10;0;0.0;2.0;4.0;1.0;B01
85954;201500056263;0;7;0;0.0;2.0;1.0;2.0;A01
85955;201500056263;0;7;0;0.0;2.0;4.0;23.0;C01
85956;201500056263;0;7;0;0.0;2.0;4.0;2.0;B01
85957;201500056264;0;33;0;0.0;2.0;4.0;3.0;B01