;Num_Acc;senc;catv;occutc;obs;obsm;choc;manv;num_veh
86796;201500056714;0;7;0;0.0;2.0;1.0;1.0;A01
86797;201500056714;0;7;0;0.0;2.0;2.0;19.0;B02
86798;201500056715;0;34;0;6.0;0.0;1.0;1.0;A01
86799;201500056716;0;30;0;1.0;0.0;1.0;0.0;B02
86800;201500056716;0;7;0;0.0;0.0;1.0;5.0;A01
86801;201500056718;0;7;0;0.0;2.0;3.0;13.0;A01
86802;201500056718;0;7;0;0.0;2.0;3.0;1.0;B02
86803;201500056719;0;7;0;0.0;2.0;7.0;13.0;A01
86804;201500056719;0;7;0;0.0;2.0;1.0;1.0;B02
86805;201500056720;0;7;0;0.0;2.0;3.0;2.0;A01
86806;201500056720;0;31;0;0.0;2.0;2.0;1.0;B02
86807;201500056721;0;30;0;0.0;2.0;1.0;2.0;A01
86808;201500056721;0;1;0;0.0;0.0;4.0;2.0;B02
86809;201500056722;1;32;0;0.0;1.0;1.0;5.0;A01
86810;201500056723;0;7;0;0.0;2.0;2.0;15.0;A01
86811;201500056723;0;31;0;0.0;2.0;1.0;1.0;B02
86812;201500056724;0;33;0;0.0;2.0;9.0;17.0;A01
86813;201500056724;0;7;0;0.0;2.0;8.0;10.0;B02
86814;201500056726;0;7;0;0.0;2.0;8.0;1.0;B02
86815;201500056726;0;7;0;0.0;2.0;1.0;1.0;A01
86816;201500056727;0;2;0;0.0;0.0;4.0;0.0;B02
86817;201500056727;0;7;0;0.0;2.0;2.0;2.0;A01
86818;201500056727;0;2;0;0.0;0.0;4.0;0.0;C03
86819;201500056728;0;7;0;0.0;2.0;8.0;15.0;B02
86820;201500056728;0;33;0;0.0;2.0;1.0;17.0;A01
86821;201500056729;0;1;0;0.0;2.0;0.0;15.0;A01
86822;201500056730;0;7;0;0.0;1.0;2.0;1.0;A01
86823;201500056731;0;32;0;0.0;2.0;1.0;0.0;A01
86824;201500056731;0;1;0;0.0;2.0;8.0;13.0;B02
86825;201500056732;0;33;0;16.0;0.0;3.0;17.0;A01
86826;201500056732;0;14;0;0.0;0.0;0.0;15.0;B02
86827;201500056733;0;7;0;0.0;0.0;0.0;1.0;A01
86828;201500056734;0;7;0;0.0;1.0;3.0;1.0;A01
86829;201500056735;0;7;0;0.0;0.0;0.0;0.0;A01
86830;201500056736;0;7;0;0.0;2.0;8.0;19.0;A01
86831;201500056736;0;31;0;0.0;2.0;1.0;1.0;B02
86832;201500056738;0;30;0;5.0;0.0;0.0;0.0;A01
86833;201500056739;0;32;0;0.0;2.0;1.0;5.0;A01
86834;201500056739;0;7;0;0.0;2.0;8.0;1.0;B02
86835;201500056740;0;7;0;0.0;0.0;8.0;23.0;A01
86836;201500056740;0;2;0;1.0;0.0;1.0;19.0;B02
86837;201500056741;0;7;0;0.0;2.0;2.0;1.0;A01
86838;201500056741;0;30;0;0.0;2.0;5.0;10.0;B02
86839;201500056742;0;34;0;0.0;2.0;1.0;17.0;A01
86840;201500056742;0;7;0;0.0;0.0;6.0;1.0;B02
86841;201500056744;0;7;0;0.0;2.0;5.0;13.0;A01
86842;201500056744;0;10;0;0.0;2.0;1.0;1.0;B02
86843;201500056745;0;10;0;13.0;0.0;1.0;2.0;A01
86844;201500056746;0;7;0;2.0;0.0;9.0;1.0;A01
86845;201500056749;0;30;0;0.0;2.0;7.0;1.0;A01
86846;201500056749;0;7;0;0.0;2.0;3.0;1.0;B02
86847;201500056750;0;7;0;0.0;1.0;3.0;1.0;A01
86848;201500056751;0;34;0;0.0;2.0;1.0;13.0;A01
86849;201500056751;0;38;0;0.0;2.0;1.0;1.0;B02
86850;201500056752;0;7;0;0.0;2.0;2.0;1.0;A01
86851;201500056752;0;30;0;0.0;2.0;1.0;13.0;B02
86852;201500056754;0;7;0;0.0;2.0;3.0;15.0;A01
86853;201500056754;0;2;0;0.0;2.0;1.0;1.0;B02
86854;201500056755;0;7;0;2.0;0.0;3.0;1.0;A01
86855;201500056756;0;21;0;0.0;2.0;5.0;1.0;B02
86856;201500056756;0;7;0;0.0;1.0;2.0;1.0;A01
86857;201500056757;0;7;0;0.0;1.0;3.0;1.0;A01
86858;201500056758;0;7;0;0.0;1.0;0.0;2.0;A01
86859;201500056759;0;7;0;0.0;0.0;0.0;1.0;A01
86860;201500056760;0;30;0;0.0;2.0;1.0;1.0;A01
86861;201500056760;0;7;0;0.0;2.0;6.0;19.0;B02
86862;201500056761;0;7;0;0.0;2.0;1.0;1.0;A01
86863;201500056761;0;7;0;0.0;2.0;8.0;19.0;B02
86864;201500056763;0;7;0;8.0;0.0;1.0;1.0;A01
86865;201500056764;0;36;0;15.0;0.0;6.0;13.0;A01
86866;201500056765;0;10;0;0.0;2.0;2.0;1.0;A01
86867;201500056765;0;33;0;0.0;2.0;1.0;16.0;B02
86868;201500056766;0;7;0;0.0;2.0;3.0;17.0;A01
86869;201500056766;0;7;0;0.0;2.0;3.0;1.0;B02
86870;201500056767;0;10;0;0.0;2.0;1.0;2.0;A01
86871;201500056767;0;32;0;0.0;0.0;4.0;1.0;B02
86872;201500056768;0;10;0;0.0;1.0;2.0;1.0;A01
86873;201500056769;0;33;0;0.0;0.0;0.0;1.0;A01
86874;201500056770;0;7;0;0.0;0.0;7.0;1.0;A01
86875;201500056770;0;1;0;0.0;2.0;1.0;1.0;B02
86876;201500056771;0;7;0;0.0;1.0;1.0;1.0;A01
86877;201500056772;0;30;0;0.0;2.0;1.0;1.0;A01
86878;201500056772;0;7;0;0.0;2.0;4.0;23.0;B02
86879;201500056773;0;7;0;0.0;2.0;1.0;1.0;B02
86880;201500056773;0;7;0;0.0;2.0;6.0;21.0;A01
86881;201500056773;2;7;0;0.0;2.0;3.0;13.0;C03
86882;201500056775;0;7;0;8.0;0.0;9.0;1.0;A01
86883;201500056776;0;7;0;0.0;1.0;2.0;1.0;A01
86884;201500056777;0;7;0;0.0;2.0;1.0;1.0;B02
86885;201500056777;0;7;0;0.0;2.0;2.0;13.0;A01
86886;201500056778;0;7;0;0.0;2.0;7.0;15.0;A01
86887;201500056778;0;33;0;0.0;2.0;1.0;1.0;B02
86888;201500056779;0;7;0;0.0;2.0;8.0;19.0;A01
86889;201500056779;0;2;0;0.0;2.0;1.0;1.0;B02
86890;201500056780;0;7;0;6.0;0.0;1.0;1.0;A01
86891;201500056781;0;33;0;0.0;2.0;1.0;1.0;B02
86892;201500056781;0;7;0;0.0;2.0;7.0;15.0;A01
86893;201500056782;0;33;0;16.0;0.0;7.0;1.0;A01
86894;201500056783;0;1;0;6.0;0.0;4.0;13.0;A01
86895;201500056784;0;33;0;0.0;1.0;1.0;2.0;A01
86896;201500056785;0;7;0;0.0;2.0;2.0;1.0;A01
86897;201500056785;0;7;0;0.0;2.0;3.0;1.0;B02
86898;201500056787;0;31;0;0.0;0.0;8.0;2.0;B02
86899;201500056787;0;7;0;0.0;2.0;2.0;2.0;A01
86900;201500056788;0;31;0;0.0;1.0;3.0;1.0;A01
86901;201500056789;0;7;0;0.0;2.0;8.0;15.0;A01
86902;201500056789;0;33;0;0.0;2.0;1.0;3.0;B02
86903;201500056790;0;7;0;0.0;0.0;0.0;19.0;A01
86904;201500056791;0;7;0;0.0;2.0;1.0;13.0;A01
86905;201500056791;0;7;0;0.0;2.0;1.0;1.0;B02
86906;201500056792;0;7;0;0.0;2.0;1.0;1.0;A01
86907;201500056792;0;10;0;0.0;2.0;1.0;13.0;B02
86908;201500056793;0;7;0;0.0;1.0;3.0;1.0;A01
86909;201500056794;0;7;0;0.0;1.0;2.0;1.0;A01
86910;201500056795;0;15;0;0.0;1.0;5.0;16.0;A01
86911;201500056796;0;7;0;14.0;1.0;2.0;9.0;A01
86912;201500056797;0;31;0;0.0;2.0;1.0;1.0;B02
86913;201500056797;0;7;0;0.0;2.0;7.0;15.0;A01
86914;201500056799;0;33;0;13.0;0.0;7.0;1.0;A01
86915;201500056800;0;10;0;0.0;2.0;1.0;1.0;A01
86916;201500056800;0;14;0;0.0;2.0;1.0;1.0;B02
86917;201500056801;0;7;0;0.0;2.0;3.0;13.0;A01
86918;201500056801;0;7;0;0.0;2.0;3.0;1.0;B02
86919;201500056802;0;7;0;0.0;2.0;3.0;15.0;A01
86920;201500056802;0;30;0;0.0;2.0;1.0;17.0;B02
86921;201500056803;0;7;0;0.0;2.0;1.0;13.0;A01
86922;201500056803;0;7;0;0.0;2.0;1.0;1.0;B02
86923;201500056804;0;7;0;0.0;1.0;1.0;21.0;A01
86924;201500056805;0;38;0;0.0;2.0;3.0;15.0;A01
86925;201500056805;0;30;0;0.0;2.0;1.0;17.0;B02
86926;201500056806;0;1;0;0.0;2.0;1.0;1.0;B02
86927;201500056806;0;7;0;0.0;2.0;2.0;15.0;A01
86928;201500056807;0;7;0;0.0;2.0;3.0;1.0;A01
86929;201500056807;0;7;0;0.0;2.0;3.0;1.0;B02
86930;201500056808;0;7;0;0.0;2.0;2.0;2.0;A01
86931;201500056808;0;7;0;0.0;0.0;4.0;0.0;C03
86932;201500056808;0;7;0;0.0;0.0;4.0;0.0;F06
86933;201500056808;0;7;0;0.0;0.0;4.0;0.0;E05
86934;201500056808;0;1;0;0.0;0.0;4.0;2.0;B02
86935;201500056808;0;7;0;0.0;0.0;4.0;2.0;D04
86936;201500056809;0;10;0;0.0;1.0;2.0;17.0;A01
86937;201500056810;0;30;0;1.0;0.0;1.0;1.0;B02
86938;201500056810;0;30;0;0.0;0.0;1.0;1.0;A01
86939;201500056811;0;7;0;0.0;2.0;2.0;2.0;A01
86940;201500056811;0;30;0;0.0;0.0;4.0;2.0;B02
86941;201500056812;0;30;0;0.0;2.0;4.0;2.0;A01
86942;201500056812;0;10;0;0.0;2.0;3.0;2.0;B02
86943;201500056813;0;7;0;0.0;2.0;2.0;1.0;B02
86944;201500056813;0;7;0;0.0;2.0;2.0;13.0;A01
86945;201500056814;0;30;0;0.0;0.0;1.0;1.0;A01
86946;201500056815;0;7;0;0.0;1.0;2.0;1.0;A01
86947;201500056816;0;32;0;0.0;0.0;0.0;0.0;A01
86948;201500056816;0;30;0;0.0;0.0;0.0;0.0;B02
86949;201500056817;0;7;0;2.0;0.0;3.0;17.0;A01
86950;201500056818;0;7;0;0.0;2.0;3.0;1.0;A01
86951;201500056818;0;2;0;0.0;2.0;2.0;1.0;B02
86952;201500056819;0;7;0;0.0;2.0;2.0;17.0;A01
86953;201500056819;0;10;0;0.0;2.0;1.0;1.0;B02
86954;201500056820;0;7;0;0.0;0.0;4.0;16.0;A01
86955;201500056820;0;7;0;0.0;2.0;1.0;1.0;B02
86956;201500056821;0;2;0;0.0;2.0;8.0;1.0;B02
86957;201500056821;0;7;0;0.0;0.0;3.0;15.0;A01
86958;201500056822;0;7;0;0.0;0.0;0.0;1.0;A01
86959;201500056823;0;7;0;13.0;0.0;1.0;1.0;A01
86960;201500056824;0;7;0;0.0;2.0;1.0;13.0;A01
86961;201500056824;0;10;0;0.0;2.0;1.0;1.0;B02
86962;201500056825;0;7;0;5.0;0.0;2.0;1.0;A01
86963;201500056827;0;7;0;0.0;0.0;1.0;1.0;A01
86964;201500056828;0;15;0;0.0;2.0;7.0;17.0;B02
86965;201500056828;0;2;0;0.0;2.0;8.0;1.0;A01
86966;201500056829;0;33;0;0.0;2.0;7.0;17.0;A01
86967;201500056829;0;7;0;0.0;2.0;3.0;15.0;B02
86968;201500056830;0;7;0;0.0;2.0;3.0;1.0;A01
86969;201500056830;0;31;0;0.0;2.0;2.0;1.0;B02
86970;201500056831;0;7;0;0.0;2.0;2.0;15.0;B02
86971;201500056831;0;2;0;0.0;2.0;0.0;1.0;A01
86972;201500056832;0;7;0;0.0;1.0;2.0;1.0;A01
86973;201500056833;0;1;0;0.0;2.0;8.0;10.0;B02
86974;201500056833;0;10;0;0.0;9.0;1.0;1.0;A01
86975;201500056834;0;7;0;0.0;0.0;0.0;1.0;A01
86976;201500056835;0;14;0;0.0;0.0;0.0;1.0;A01
86977;201500056836;0;7;0;0.0;0.0;9.0;1.0;A01
86978;201500056837;0;10;0;0.0;0.0;9.0;2.0;A01
86979;201500056838;0;30;0;0.0;2.0;1.0;13.0;A01
86980;201500056838;0;30;0;0.0;2.0;1.0;1.0;B02
86981;201500056839;0;14;0;2.0;0.0;3.0;1.0;A01
86982;201500056840;0;7;0;0.0;1.0;2.0;1.0;A01
86983;201500056842;0;30;0;0.0;2.0;1.0;5.0;A01
86984;201500056843;0;7;0;13.0;0.0;1.0;0.0;A01
86985;201500056844;0;7;0;0.0;2.0;3.0;10.0;A01
86986;201500056844;0;30;0;0.0;2.0;2.0;17.0;B02
86987;201500056845;0;7;0;0.0;2.0;7.0;15.0;A01
86988;201500056845;0;33;0;0.0;2.0;1.0;1.0;B02
86989;201500056846;0;31;0;0.0;0.0;1.0;1.0;A01
86990;201500056848;0;7;0;0.0;0.0;7.0;1.0;A01
86991;201500056849;0;30;0;0.0;2.0;1.0;14.0;A01
86992;201500056849;0;30;0;0.0;2.0;1.0;1.0;B02
86993;201500056850;0;7;0;13.0;0.0;1.0;13.0;A01
86994;201500056852;0;2;0;0.0;2.0;1.0;1.0;A01
86995;201500056852;0;7;0;0.0;2.0;8.0;15.0;B02
86996;201500056853;0;7;0;0.0;2.0;2.0;16.0;A01
86997;201500056853;0;2;0;0.0;2.0;1.0;1.0;B02
86998;201500056854;0;30;0;0.0;2.0;1.0;13.0;A01
86999;201500056854;0;7;0;0.0;2.0;2.0;0.0;B02
87000;201500056855;0;7;0;0.0;2.0;8.0;13.0;A01
87001;201500056855;1;30;0;0.0;2.0;8.0;21.0;B02
87002;201500056856;0;31;0;0.0;2.0;1.0;5.0;B02
87003;201500056856;0;10;0;0.0;2.0;3.0;1.0;A01
87004;201500056857;0;30;0;0.0;0.0;0.0;13.0;A01
87005;201500056858;0;7;0;0.0;2.0;5.0;15.0;A01
87006;201500056858;0;33;0;0.0;2.0;1.0;1.0;B02
87007;201500056860;0;7;0;0.0;1.0;8.0;1.0;A01
87008;201500056861;0;7;0;0.0;2.0;1.0;1.0;A01
87009;201500056861;0;1;0;0.0;2.0;4.0;12.0;B02
87010;201500056862;0;7;0;1.0;1.0;3.0;1.0;A01
87011;201500056863;0;7;0;8.0;0.0;7.0;14.0;A01
87012;201500056864;0;14;0;0.0;2.0;2.0;1.0;A01
87013;201500056864;0;1;0;0.0;2.0;4.0;1.0;B02
87014;201500056865;0;7;0;0.0;1.0;2.0;1.0;A01
87015;201500056866;0;7;0;0.0;0.0;9.0;1.0;A01
87016;201500056867;0;7;0;16.0;0.0;9.0;1.0;A01
87017;201500056868;0;30;0;1.0;0.0;1.0;1.0;A01
87018;201500056869;0;7;0;0.0;1.0;3.0;1.0;A01
87019;201500056870;0;33;0;0.0;2.0;8.0;1.0;B02
87020;201500056870;0;7;0;0.0;2.0;3.0;15.0;A01
87021;201500056871;0;33;0;0.0;2.0;1.0;1.0;A01
87022;201500056871;0;7;0;0.0;2.0;3.0;1.0;B02
87023;201500056872;0;7;0;0.0;2.0;3.0;1.0;B02
87024;201500056872;2;7;0;0.0;2.0;7.0;1.0;A01
87025;201500056873;0;7;0;0.0;1.0;1.0;13.0;A01
87026;201500056874;0;7;0;0.0;0.0;3.0;1.0;A01
87027;201500056874;0;33;0;0.0;0.0;8.0;1.0;B02
87028;201500056875;0;7;0;0.0;9.0;1.0;1.0;B02
87029;201500056875;0;33;0;0.0;9.0;0.0;1.0;A01
87030;201500056876;0;7;0;2.0;0.0;1.0;1.0;A01
87031;201500056876;0;7;0;0.0;2.0;1.0;1.0;B02
87032;201500056877;0;7;0;0.0;1.0;3.0;0.0;A01
87033;201500056878;0;7;0;0.0;1.0;3.0;1.0;A01
87034;201500056880;0;7;0;0.0;2.0;8.0;1.0;A01
87035;201500056880;0;1;0;0.0;0.0;1.0;1.0;B02
87036;201500056882;0;7;0;0.0;2.0;1.0;13.0;A01
87037;201500056882;0;7;0;0.0;2.0;1.0;15.0;B02
87038;201500056883;0;7;0;0.0;2.0;7.0;17.0;A01
87039;201500056883;0;7;0;0.0;2.0;8.0;1.0;B02
87040;201500056884;0;1;0;0.0;2.0;3.0;19.0;A01
87041;201500056884;0;7;0;0.0;2.0;3.0;1.0;B02
87042;201500056885;0;1;0;0.0;2.0;2.0;9.0;B02
87043;201500056885;0;10;0;0.0;2.0;3.0;9.0;A01
87044;201500056886;1;30;0;0.0;2.0;1.0;2.0;A01
87045;201500056886;0;1;0;0.0;0.0;4.0;2.0;B02
87046;201500056887;0;7;0;6.0;0.0;2.0;1.0;A01
87047;201500056888;0;7;0;0.0;0.0;0.0;1.0;A01
87048;201500056889;0;7;0;0.0;1.0;2.0;1.0;A01
87049;201500056890;0;7;0;0.0;2.0;2.0;9.0;A01
87050;201500056890;0;30;0;0.0;2.0;2.0;5.0;B02
87051;201500056891;0;7;0;0.0;1.0;2.0;2.0;A01
87052;201500056892;0;33;0;0.0;2.0;1.0;1.0;A01
87053;201500056892;0;7;0;0.0;9.0;7.0;15.0;B02
87054;201500056893;0;7;0;0.0;1.0;2.0;1.0;A01
87055;201500056894;0;7;0;0.0;2.0;1.0;1.0;A01
87056;201500056894;0;30;0;0.0;2.0;2.0;1.0;B02
87057;201500056895;0;10;0;0.0;2.0;3.0;15.0;A01
87058;201500056895;0;1;0;0.0;2.0;3.0;1.0;B02
87059;201500056896;0;7;0;0.0;1.0;2.0;1.0;A01
87060;201500056897;0;7;0;0.0;2.0;7.0;17.0;A01
87061;201500056897;0;14;0;0.0;2.0;3.0;15.0;B02
87062;201500056898;0;30;0;0.0;2.0;3.0;1.0;B02
87063;201500056898;0;7;0;0.0;2.0;3.0;1.0;A01
87064;201500056899;0;10;0;0.0;2.0;3.0;1.0;C03
87065;201500056899;0;7;0;0.0;2.0;3.0;1.0;D04
87066;201500056899;0;31;0;0.0;2.0;1.0;9.0;A01
87067;201500056899;0;7;0;0.0;2.0;3.0;13.0;B02
87068;201500056900;0;7;0;0.0;2.0;1.0;1.0;B02
87069;201500056900;0;7;0;0.0;2.0;8.0;6.0;A01
87070;201500056901;0;7;0;0.0;1.0;1.0;1.0;A01
87071;201500056902;0;2;0;0.0;2.0;1.0;19.0;B02
87072;201500056902;0;7;0;0.0;2.0;3.0;1.0;A01
87073;201500056903;0;2;0;0.0;2.0;2.0;17.0;A01
87074;201500056903;0;7;0;0.0;2.0;3.0;0.0;B02
87075;201500056904;0;7;0;8.0;0.0;7.0;0.0;A01
87076;201500056905;0;7;0;0.0;2.0;3.0;1.0;A01
87077;201500056905;0;32;0;0.0;2.0;3.0;1.0;B02
87078;201500056907;0;33;0;0.0;2.0;1.0;17.0;B02
87079;201500056907;0;7;0;0.0;2.0;8.0;15.0;A01
87080;201500056908;0;33;0;6.0;0.0;1.0;1.0;A01
87081;201500056909;0;7;0;13.0;0.0;2.0;1.0;A01
87082;201500056910;0;7;0;0.0;1.0;3.0;0.0;A01
87083;201500056912;0;7;0;2.0;0.0;1.0;1.0;A01
87084;201500056913;0;30;0;0.0;2.0;1.0;1.0;B02
87085;201500056913;0;7;0;0.0;2.0;3.0;15.0;A01
87086;201500056914;0;7;0;0.0;1.0;1.0;1.0;A01
87087;201500056915;0;37;0;0.0;1.0;5.0;9.0;A01
87088;201500056916;0;33;0;0.0;1.0;2.0;1.0;A01
87089;201500056917;0;1;0;0.0;2.0;8.0;1.0;B02
87090;201500056917;0;37;0;0.0;2.0;8.0;1.0;A01
87091;201500056918;0;30;0;13.0;0.0;1.0;1.0;A01
87092;201500056919;0;7;0;13.0;0.0;1.0;1.0;A01
87093;201500056920;0;14;0;13.0;0.0;2.0;1.0;A01
87094;201500056921;0;7;0;2.0;0.0;8.0;1.0;A01
87095;201500056922;0;7;0;0.0;2.0;1.0;17.0;A01
87096;201500056922;0;14;0;0.0;2.0;1.0;1.0;B02
87097;201500056923;0;31;0;0.0;2.0;8.0;1.0;B02
87098;201500056923;0;7;0;0.0;2.0;2.0;17.0;A01
87099;201500056924;0;30;0;0.0;1.0;1.0;1.0;A01
87100;201500056925;0;7;0;0.0;2.0;8.0;0.0;B02
87101;201500056925;0;33;0;0.0;2.0;7.0;2.0;A01
87102;201500056926;0;34;0;0.0;2.0;7.0;0.0;A01
87103;201500056926;0;7;0;0.0;2.0;2.0;16.0;B02
87104;201500056927;0;7;0;0.0;1.0;1.0;1.0;A01
87105;201500056928;0;1;0;0.0;0.0;0.0;0.0;B02
87106;201500056928;0;7;0;0.0;9.0;1.0;1.0;A01
87107;201500056929;0;7;0;0.0;1.0;1.0;1.0;A01
87108;201500056930;0;33;0;0.0;2.0;1.0;1.0;B02
87109;201500056930;0;7;0;0.0;2.0;8.0;19.0;A01
87110;201500056932;0;7;0;0.0;2.0;1.0;1.0;C03
87111;201500056932;0;7;0;0.0;2.0;4.0;13.0;A01
87112;201500056932;0;7;0;0.0;2.0;1.0;1.0;B02
87113;201500056933;0;7;0;0.0;0.0;4.0;2.0;C03
87114;201500056933;0;31;0;0.0;2.0;1.0;2.0;A01
87115;201500056933;0;7;0;0.0;0.0;4.0;2.0;B02
87116;201500056935;0;30;0;10.0;0.0;1.0;1.0;A01
87117;201500056936;0;7;0;0.0;2.0;8.0;19.0;A01
87118;201500056936;0;7;0;0.0;2.0;1.0;1.0;B02
87119;201500056937;0;7;0;0.0;2.0;1.0;5.0;A01
87120;201500056937;0;7;0;0.0;2.0;1.0;1.0;B02
87121;201500056939;0;2;0;0.0;2.0;1.0;13.0;A01
87122;201500056939;0;7;0;0.0;2.0;1.0;1.0;B02
87123;201500056940;0;33;0;0.0;2.0;8.0;1.0;B02
87124;201500056940;0;7;0;0.0;2.0;2.0;15.0;A01
87125;201500056942;0;7;0;0.0;2.0;1.0;1.0;B02
87126;201500056942;0;7;0;0.0;2.0;7.0;13.0;A01
87127;201500056943;0;7;0;13.0;0.0;2.0;1.0;A01
87128;201500056944;0;7;0;0.0;2.0;1.0;1.0;B02
87129;201500056944;0;7;0;0.0;2.0;2.0;13.0;A01
87130;201500056945;0;7;0;0.0;2.0;3.0;1.0;B02
87131;201500056945;0;7;0;0.0;2.0;3.0;13.0;A01
87132;201500056946;0;33;0;0.0;2.0;1.0;1.0;A01
87133;201500056946;0;7;0;4.0;2.0;6.0;1.0;B02
87134;201500056948;0;10;0;0.0;1.0;2.0;1.0;A01
87135;201500056949;0;7;0;0.0;1.0;6.0;1.0;A01
87136;201500056950;0;7;0;0.0;2.0;8.0;0.0;B02
87137;201500056950;0;33;0;0.0;2.0;7.0;1.0;A01
87138;201500056951;0;7;0;0.0;1.0;1.0;15.0;A01
87139;201500056952;0;33;0;0.0;1.0;1.0;2.0;A01
87140;201500056952;0;10;0;0.0;2.0;1.0;1.0;B02
87141;201500056953;0;7;0;0.0;1.0;3.0;15.0;A01
87142;201500056954;0;33;0;0.0;1.0;1.0;0.0;A01
87143;201500056955;0;10;0;13.0;0.0;1.0;1.0;A01
87144;201500056956;0;1;0;0.0;2.0;1.0;13.0;B02
87145;201500056956;0;10;0;0.0;2.0;3.0;1.0;A01
87146;201500056957;0;7;0;0.0;2.0;1.0;1.0;B02
87147;201500056957;0;30;0;0.0;2.0;1.0;5.0;A01
87148;201500056958;0;10;0;0.0;1.0;3.0;1.0;A01
87149;201500056959;0;7;0;0.0;9.0;2.0;1.0;A01
87150;201500056959;0;1;0;0.0;2.0;1.0;13.0;B02
87151;201500056960;0;32;0;0.0;0.0;0.0;17.0;A01
87152;201500056961;0;38;0;0.0;2.0;3.0;1.0;B02
87153;201500056961;0;30;0;0.0;0.0;3.0;1.0;A01
87154;201500056962;0;14;0;0.0;2.0;4.0;1.0;A01
87155;201500056962;0;30;0;0.0;2.0;1.0;1.0;B02
87156;201500056963;0;10;0;0.0;1.0;2.0;4.0;A01
87157;201500056964;0;30;0;6.0;0.0;2.0;14.0;A01
87158;201500056965;0;33;0;0.0;1.0;8.0;1.0;A01
87159;201500056966;0;33;0;0.0;2.0;3.0;13.0;A01
87160;201500056966;0;7;0;0.0;2.0;3.0;1.0;B02
87161;201500056967;0;33;0;4.0;0.0;7.0;1.0;A01
87162;201500056968;0;7;0;0.0;2.0;3.0;13.0;A01
87163;201500056968;0;7;0;0.0;2.0;3.0;1.0;B02
87164;201500056970;0;1;0;0.0;2.0;1.0;1.0;B02
87165;201500056970;0;7;0;0.0;2.0;5.0;15.0;A01
87166;201500056971;0;32;0;0.0;0.0;1.0;14.0;A01
87167;201500056972;0;7;0;1.0;0.0;9.0;0.0;A01
87168;201500056972;0;10;0;0.0;2.0;0.0;24.0;B02
87169;201500056974;0;10;0;8.0;0.0;3.0;1.0;A01
87170;201500056977;0;7;0;0.0;2.0;1.0;1.0;B02
87171;201500056977;0;34;0;0.0;2.0;1.0;15.0;A01
87172;201500056978;0;7;0;0.0;2.0;1.0;5.0;B02
87173;201500056978;0;7;0;0.0;2.0;1.0;0.0;A01
87174;201500056980;0;7;0;13.0;0.0;9.0;13.0;A01
87175;201500056981;0;10;0;0.0;2.0;3.0;1.0;B02
87176;201500056981;0;31;0;0.0;2.0;1.0;1.0;A01
87177;201500056982;0;7;0;0.0;2.0;8.0;15.0;B02
87178;201500056982;0;32;0;0.0;2.0;1.0;17.0;A01
87179;201500056983;0;1;0;0.0;2.0;4.0;1.0;B02
87180;201500056983;0;10;0;0.0;2.0;3.0;15.0;A01
87181;201500056984;0;7;0;0.0;1.0;1.0;1.0;A01
87182;201500056985;0;30;0;0.0;2.0;1.0;1.0;A01
87183;201500056985;0;7;0;0.0;2.0;1.0;1.0;B02
87184;201500056986;0;7;0;0.0;2.0;2.0;1.0;B02
87185;201500056986;0;30;0;0.0;2.0;1.0;13.0;A01
87186;201500056987;0;31;0;0.0;2.0;3.0;17.0;A01
87187;201500056987;0;7;0;0.0;2.0;3.0;17.0;B02
87188;201500056988;0;7;0;0.0;1.0;1.0;1.0;A01
87189;201500056989;0;7;0;0.0;1.0;1.0;1.0;A01
87190;201500056990;1;7;0;0.0;1.0;0.0;0.0;B02
87191;201500056991;0;7;0;0.0;1.0;2.0;1.0;A01
87192;201500056992;0;33;0;0.0;1.0;1.0;1.0;A01
87193;201500056993;0;10;0;6.0;1.0;3.0;13.0;A01
87194;201500056994;0;7;0;6.0;0.0;1.0;19.0;A01
87195;201500056995;0;1;0;12.0;0.0;1.0;1.0;A01
87196;201500056996;0;30;0;0.0;0.0;7.0;0.0;A01
87197;201500056997;0;7;0;0.0;2.0;3.0;1.0;A01
87198;201500056997;0;30;0;0.0;2.0;1.0;13.0;B02
87199;201500056998;0;21;0;0.0;1.0;5.0;21.0;A01
87200;201500056999;0;7;0;0.0;2.0;1.0;1.0;B02
87201;201500056999;0;7;0;0.0;2.0;1.0;1.0;A01
87202;201500057000;0;7;0;0.0;2.0;7.0;13.0;A01
87203;201500057000;0;7;0;0.0;2.0;1.0;1.0;B02
87204;201500057001;0;7;0;0.0;1.0;1.0;1.0;A01
87205;201500057002;0;7;0;0.0;2.0;3.0;1.0;B02
87206;201500057002;0;33;0;0.0;2.0;1.0;1.0;A01
87207;201500057003;0;31;0;0.0;2.0;1.0;1.0;B02
87208;201500057003;0;7;0;0.0;2.0;2.0;15.0;A01
87209;201500057004;0;33;0;13.0;0.0;1.0;1.0;A01
87210;201500057005;0;7;0;0.0;2.0;1.0;1.0;A01
87211;201500057005;0;7;0;0.0;2.0;5.0;15.0;B02
87212;201500057006;0;30;0;0.0;0.0;1.0;5.0;B02
87213;201500057006;0;7;0;0.0;2.0;2.0;1.0;A01
87214;201500057007;0;7;0;0.0;2.0;3.0;15.0;B02