;Num_Acc;senc;catv;occutc;obs;obsm;choc;manv;num_veh
87215;201500057007;0;33;0;0.0;2.0;3.0;1.0;A01
87216;201500057008;0;7;0;13.0;0.0;1.0;1.0;A01
87217;201500057009;0;30;0;0.0;2.0;8.0;1.0;A01
87218;201500057009;0;7;0;0.0;2.0;3.0;5.0;B02
87219;201500057010;0;30;0;0.0;1.0;1.0;1.0;A01
87220;201500057012;0;30;0;0.0;2.0;1.0;17.0;A01
87221;201500057012;0;10;0;0.0;2.0;3.0;15.0;B02
87222;201500057013;0;30;0;0.0;2.0;8.0;1.0;A01
87223;201500057013;0;7;0;0.0;2.0;1.0;1.0;B02
87224;201500057014;0;10;0;0.0;2.0;3.0;1.0;A01
87225;201500057014;0;10;0;0.0;2.0;3.0;13.0;B02
87226;201500057015;0;30;0;0.0;2.0;1.0;15.0;A01
87227;201500057015;0;7;0;0.0;2.0;3.0;1.0;B02
87228;201500057016;0;7;0;0.0;2.0;2.0;17.0;A01
87229;201500057016;0;7;0;0.0;2.0;6.0;1.0;B02
87230;201500057017;0;10;0;0.0;2.0;1.0;1.0;A01
87231;201500057017;0;31;0;0.0;2.0;1.0;13.0;B02
87232;201500057018;0;33;0;0.0;2.0;1.0;13.0;A01
87233;201500057018;0;7;0;0.0;2.0;2.0;1.0;B02
87234;201500057019;0;7;0;0.0;2.0;2.0;11.0;A01
87235;201500057019;0;2;0;0.0;2.0;1.0;1.0;B02
87236;201500057020;0;7;0;13.0;0.0;9.0;1.0;A01
87237;201500057021;0;31;0;0.0;2.0;1.0;1.0;B02
87238;201500057021;0;7;0;0.0;0.0;5.0;15.0;A01
87239;201500057022;0;2;0;0.0;1.0;1.0;1.0;A01
87240;201500057023;0;7;0;0.0;2.0;1.0;17.0;A01
87241;201500057023;0;7;0;0.0;2.0;1.0;1.0;B02
87242;201500057024;0;7;0;0.0;1.0;6.0;21.0;A01
87243;201500057025;0;7;0;0.0;2.0;2.0;15.0;A01
87244;201500057025;0;31;0;0.0;2.0;1.0;1.0;B02
87245;201500057026;0;7;0;0.0;1.0;3.0;1.0;A01
87246;201500057027;0;36;0;0.0;0.0;3.0;1.0;A01
87247;201500057028;0;10;0;1.0;0.0;3.0;0.0;A01
87248;201500057029;0;30;0;0.0;1.0;1.0;1.0;A01
87249;201500057030;0;7;0;0.0;1.0;2.0;17.0;A01
87250;201500057031;0;30;0;2.0;0.0;8.0;1.0;A01
87251;201500057031;0;10;0;2.0;0.0;3.0;0.0;B02
87252;201500057032;0;10;0;0.0;1.0;3.0;1.0;A01
87253;201500057033;0;14;0;0.0;0.0;1.0;1.0;A01
87254;201500057034;0;7;0;0.0;0.0;3.0;1.0;A01
87255;201500057035;0;30;0;3.0;2.0;7.0;2.0;B02
87256;201500057035;0;7;0;3.0;2.0;8.0;2.0;A01
87257;201500057036;0;7;0;0.0;0.0;6.0;15.0;A01
87258;201500057036;0;2;0;0.0;2.0;1.0;17.0;B02
87259;201500057037;0;32;0;0.0;2.0;1.0;1.0;A01
87260;201500057037;0;7;0;0.0;2.0;3.0;15.0;B02
87261;201500057038;0;7;0;0.0;2.0;4.0;23.0;B02
87262;201500057038;0;34;0;0.0;2.0;1.0;1.0;A01
87263;201500057039;0;7;0;0.0;2.0;2.0;15.0;A01
87264;201500057039;0;30;0;0.0;2.0;1.0;1.0;B02
87265;201500057040;0;7;0;0.0;2.0;2.0;15.0;B02
87266;201500057040;0;32;0;0.0;2.0;1.0;1.0;A01
87267;201500057041;0;7;0;0.0;2.0;1.0;1.0;B02
87268;201500057041;0;7;0;0.0;2.0;7.0;5.0;A01
87269;201500057042;0;7;0;0.0;2.0;3.0;2.0;A01
87270;201500057042;0;1;0;0.0;0.0;4.0;1.0;B02
87271;201500057043;0;33;0;0.0;2.0;1.0;1.0;B02
87272;201500057043;0;7;0;0.0;2.0;7.0;15.0;A01
87273;201500057044;0;7;0;0.0;1.0;1.0;21.0;A01
87274;201500057045;0;14;0;0.0;0.0;3.0;0.0;A01
87275;201500057045;0;33;0;0.0;2.0;2.0;0.0;B02
87276;201500057046;2;7;0;1.0;0.0;1.0;2.0;B02
87277;201500057046;0;7;0;0.0;0.0;4.0;23.0;A01
87278;201500057047;0;7;0;0.0;1.0;2.0;1.0;A01
87279;201500057048;0;10;0;0.0;1.0;1.0;1.0;A01
87280;201500057049;0;33;0;0.0;2.0;2.0;0.0;A01
87281;201500057049;0;10;0;0.0;2.0;3.0;0.0;B02
87282;201500057050;0;10;0;0.0;1.0;1.0;0.0;A01
87283;201500057051;0;7;0;0.0;2.0;8.0;17.0;A01
87284;201500057051;0;7;0;0.0;2.0;8.0;1.0;B02
87285;201500057051;0;7;0;0.0;2.0;3.0;1.0;C03
87286;201500057051;0;7;0;0.0;2.0;1.0;1.0;D04
87287;201500057052;0;7;0;0.0;1.0;3.0;1.0;A01
87288;201500057053;0;7;0;2.0;0.0;2.0;14.0;A01
87289;201500057055;0;30;0;0.0;0.0;3.0;1.0;B02
87290;201500057055;0;7;0;0.0;0.0;3.0;13.0;A01
87291;201500057056;0;33;0;0.0;2.0;3.0;1.0;B02
87292;201500057056;0;7;0;0.0;2.0;3.0;13.0;A01
87293;201500057057;0;7;0;0.0;2.0;3.0;1.0;A01
87294;201500057057;2;7;0;0.0;2.0;2.0;17.0;B02
87295;201500057058;0;30;0;0.0;2.0;6.0;23.0;A01
87296;201500057058;0;7;0;0.0;2.0;8.0;13.0;B02
87297;201500057059;0;14;0;0.0;1.0;1.0;1.0;A01
87298;201500057060;0;32;0;0.0;0.0;1.0;21.0;A01
87299;201500057061;0;14;0;0.0;1.0;1.0;1.0;A01
87300;201500057062;0;7;0;0.0;1.0;5.0;1.0;A01
87301;201500057063;0;10;0;0.0;2.0;1.0;13.0;A01
87302;201500057063;0;3;0;0.0;0.0;1.0;0.0;B02
87303;201500057065;0;7;0;0.0;1.0;1.0;1.0;A01
87304;201500057066;2;10;0;15.0;1.0;3.0;5.0;A01
87305;201500057067;1;7;0;0.0;1.0;2.0;1.0;A01
87306;201500057068;0;33;0;2.0;0.0;1.0;1.0;A01
87307;201500057069;0;7;0;0.0;2.0;1.0;1.0;A01
87308;201500057069;0;7;0;0.0;2.0;1.0;13.0;B02
87309;201500057070;0;7;0;0.0;0.0;3.0;21.0;A01
87310;201500057070;0;2;0;0.0;0.0;0.0;5.0;B02
87311;201500057071;0;10;0;0.0;0.0;5.0;15.0;A01
87312;201500057071;0;2;0;0.0;2.0;1.0;1.0;B02
87313;201500057073;0;7;0;0.0;2.0;7.0;15.0;A01
87314;201500057073;0;30;0;0.0;2.0;1.0;1.0;B02
87315;201500057074;0;33;0;0.0;0.0;7.0;1.0;A01
87316;201500057074;0;7;0;0.0;0.0;2.0;15.0;B02
87317;201500057075;0;7;0;0.0;1.0;1.0;1.0;A01
87318;201500057076;0;30;0;0.0;0.0;4.0;18.0;A01
87319;201500057076;0;7;0;0.0;0.0;3.0;15.0;B02
87320;201500057077;0;7;0;0.0;2.0;7.0;15.0;A01
87321;201500057077;0;1;0;0.0;2.0;3.0;1.0;B02
87322;201500057078;0;2;0;0.0;2.0;1.0;1.0;B02
87323;201500057078;0;7;0;0.0;2.0;5.0;5.0;A01
87324;201500057079;0;1;0;0.0;0.0;1.0;5.0;B02
87325;201500057079;0;7;0;0.0;9.0;2.0;1.0;A01
87326;201500057080;0;7;0;0.0;0.0;2.0;15.0;A01
87327;201500057080;0;31;0;0.0;2.0;1.0;1.0;B02
87328;201500057081;0;7;0;0.0;2.0;3.0;1.0;B02
87329;201500057081;0;30;0;0.0;2.0;1.0;13.0;A01
87330;201500057082;0;30;0;0.0;1.0;1.0;1.0;A01
87331;201500057083;0;7;0;0.0;0.0;9.0;1.0;A01
87332;201500057084;0;10;0;0.0;1.0;2.0;1.0;A01
87333;201500057085;0;10;0;0.0;1.0;2.0;1.0;A01
87334;201500057086;0;7;0;0.0;2.0;2.0;1.0;B02
87335;201500057086;0;7;0;0.0;0.0;6.0;11.0;A01
87336;201500057089;0;10;0;0.0;1.0;0.0;23.0;A01
87337;201500057089;0;10;0;14.0;2.0;1.0;1.0;B02
87338;201500057090;0;30;0;0.0;2.0;1.0;1.0;B02
87339;201500057090;0;7;0;0.0;2.0;1.0;9.0;A01
87340;201500057091;0;30;0;0.0;2.0;3.0;9.0;A01
87341;201500057091;0;7;0;0.0;2.0;3.0;1.0;B02
87342;201500057092;0;7;0;1.0;0.0;9.0;1.0;A01
87343;201500057093;0;7;0;0.0;2.0;2.0;10.0;A01
87344;201500057093;0;7;0;0.0;2.0;1.0;1.0;B02
87345;201500057094;0;7;0;0.0;2.0;3.0;17.0;A01
87346;201500057094;0;2;0;0.0;2.0;1.0;1.0;B02
87347;201500057095;0;30;0;0.0;2.0;1.0;1.0;A01
87348;201500057095;0;7;0;0.0;2.0;8.0;1.0;B02
87349;201500057096;0;32;0;0.0;2.0;1.0;1.0;B02
87350;201500057096;0;10;0;0.0;2.0;8.0;15.0;A01
87351;201500057098;0;10;0;0.0;2.0;7.0;15.0;A01
87352;201500057098;0;33;0;0.0;2.0;1.0;1.0;B02
87353;201500057099;0;7;0;0.0;2.0;3.0;13.0;A01
87354;201500057099;0;10;0;0.0;2.0;3.0;1.0;B02
87355;201500057100;0;1;0;13.0;0.0;1.0;1.0;B02
87356;201500057100;0;1;0;13.0;0.0;1.0;1.0;A01
87357;201500057101;0;2;0;0.0;2.0;1.0;1.0;B02
87358;201500057101;0;7;0;0.0;2.0;8.0;10.0;A01
87359;201500057102;0;30;0;0.0;2.0;1.0;21.0;B02
87360;201500057102;0;7;0;0.0;2.0;1.0;21.0;A01
87361;201500057104;0;7;0;0.0;2.0;2.0;10.0;A01
87362;201500057104;0;34;0;0.0;2.0;1.0;1.0;B02
87363;201500057105;0;7;0;1.0;2.0;3.0;1.0;B02
87364;201500057105;1;30;0;0.0;2.0;1.0;1.0;A01
87365;201500057108;0;7;0;0.0;1.0;5.0;1.0;A01
87366;201500057109;0;7;0;0.0;2.0;8.0;15.0;A01
87367;201500057109;0;7;0;0.0;2.0;1.0;1.0;B02
87368;201500057110;0;30;0;0.0;2.0;3.0;13.0;A01
87369;201500057110;0;10;0;0.0;2.0;3.0;15.0;B02
87370;201500057113;0;38;0;0.0;2.0;3.0;15.0;B02
87371;201500057113;0;30;0;0.0;2.0;1.0;13.0;A01
87372;201500057114;0;33;0;0.0;2.0;6.0;2.0;B02
87373;201500057114;0;33;0;0.0;2.0;1.0;2.0;A01
87374;201500057115;0;7;0;0.0;1.0;5.0;1.0;A01
87375;201500057118;0;7;0;4.0;0.0;1.0;1.0;A01
87376;201500057119;0;7;0;0.0;2.0;1.0;1.0;B02
87377;201500057119;0;30;0;0.0;2.0;1.0;5.0;A01
87378;201500057120;0;7;0;1.0;0.0;8.0;1.0;A01
87379;201500057121;0;7;0;0.0;1.0;3.0;0.0;A01
87380;201500057122;0;7;0;0.0;2.0;1.0;13.0;A01
87381;201500057122;0;7;0;0.0;2.0;1.0;1.0;B02
87382;201500057123;0;33;0;10.0;0.0;1.0;1.0;A01
87383;201500057124;0;7;0;0.0;0.0;1.0;17.0;A01
87384;201500057124;0;30;0;0.0;0.0;1.0;1.0;B02
87385;201500057125;0;2;0;0.0;2.0;8.0;1.0;A01
87386;201500057125;0;7;0;0.0;2.0;1.0;1.0;C03
87387;201500057125;0;7;0;0.0;2.0;3.0;1.0;B02
87388;201500057126;0;10;0;6.0;0.0;1.0;9.0;A01
87389;201500057127;0;7;0;0.0;1.0;3.0;1.0;A01
87390;201500057128;0;2;0;0.0;2.0;8.0;13.0;B02
87391;201500057128;0;7;0;0.0;2.0;3.0;13.0;A01
87392;201500057129;0;1;0;0.0;0.0;2.0;1.0;A01
87393;201500057130;0;7;0;0.0;1.0;1.0;1.0;A01
87394;201500057131;0;7;0;13.0;2.0;1.0;1.0;A01
87395;201500057131;0;7;0;0.0;2.0;3.0;13.0;B02
87396;201500057133;0;1;0;0.0;2.0;2.0;17.0;A01
87397;201500057133;0;7;0;0.0;9.0;3.0;15.0;B02
87398;201500057134;0;30;0;0.0;2.0;1.0;1.0;A01
87399;201500057134;0;31;0;0.0;2.0;1.0;5.0;B02
87400;201500057135;0;7;0;0.0;2.0;3.0;1.0;A01
87401;201500057135;0;30;0;0.0;2.0;1.0;13.0;B02
87402;201500057136;0;7;0;0.0;0.0;0.0;1.0;C03
87403;201500057136;0;7;0;0.0;2.0;3.0;1.0;B02
87404;201500057136;0;7;0;0.0;2.0;3.0;13.0;A01
87405;201500057137;0;7;0;1.0;0.0;1.0;15.0;A01
87406;201500057138;0;30;0;0.0;1.0;1.0;1.0;A01
87407;201500057139;0;33;0;0.0;2.0;5.0;2.0;B02
87408;201500057139;0;7;0;0.0;2.0;1.0;2.0;A01
87409;201500057140;0;7;0;4.0;0.0;9.0;14.0;A01
87410;201500057141;0;7;0;0.0;1.0;3.0;13.0;A01
87411;201500057142;0;7;0;0.0;0.0;5.0;0.0;B02
87412;201500057142;0;30;0;1.0;0.0;1.0;1.0;A01
87413;201500057144;0;7;0;0.0;2.0;3.0;1.0;B02
87414;201500057144;0;33;0;0.0;2.0;1.0;13.0;A01
87415;201500057146;0;31;0;0.0;2.0;8.0;1.0;B02
87416;201500057146;0;7;0;0.0;2.0;3.0;15.0;A01
87417;201500057147;0;7;0;0.0;1.0;4.0;24.0;A01
87418;201500057147;0;7;0;0.0;2.0;1.0;2.0;C03
87419;201500057147;0;7;0;1.0;0.0;1.0;2.0;B02
87420;201500057148;0;7;0;0.0;2.0;3.0;9.0;A01
87421;201500057148;0;2;0;0.0;2.0;1.0;1.0;B02
87422;201500057149;0;7;0;0.0;0.0;1.0;15.0;A01
87423;201500057149;0;1;0;0.0;0.0;1.0;1.0;B02
87424;201500057150;0;33;0;0.0;2.0;1.0;1.0;B02
87425;201500057150;0;7;0;0.0;0.0;3.0;15.0;A01
87426;201500057151;0;34;0;0.0;2.0;2.0;1.0;A01
87427;201500057151;0;7;0;0.0;9.0;6.0;11.0;B02
87428;201500057152;0;7;0;1.0;1.0;1.0;1.0;A01
87429;201500057152;0;13;0;0.0;0.0;6.0;24.0;B02
87430;201500057155;0;33;0;6.0;0.0;1.0;1.0;A01
87431;201500057156;0;7;0;0.0;2.0;1.0;1.0;B02
87432;201500057156;0;7;0;0.0;2.0;0.0;1.0;C03
87433;201500057156;0;7;0;0.0;2.0;1.0;17.0;A01
87434;201500057157;0;3;0;0.0;0.0;9.0;1.0;A01
87435;201500057159;0;2;0;0.0;0.0;1.0;1.0;A01
87436;201500057160;0;7;0;0.0;0.0;1.0;1.0;A01
87437;201500057161;0;33;0;0.0;1.0;4.0;1.0;A01
87438;201500057162;0;7;0;0.0;2.0;2.0;2.0;A01
87439;201500057162;0;2;0;0.0;0.0;0.0;0.0;B02
87440;201500057163;0;7;0;0.0;2.0;3.0;10.0;A01
87441;201500057163;0;33;0;0.0;2.0;1.0;17.0;B02
87442;201500057164;0;10;0;0.0;2.0;3.0;13.0;A01
87443;201500057164;0;7;0;0.0;2.0;1.0;21.0;C03
87444;201500057164;0;10;0;0.0;2.0;3.0;1.0;B02
87445;201500057165;0;7;0;0.0;2.0;3.0;5.0;A01
87446;201500057165;0;7;0;0.0;2.0;3.0;1.0;B02
87447;201500057166;0;7;0;2.0;0.0;5.0;1.0;A01
87448;201500057167;0;33;0;0.0;2.0;1.0;2.0;B02
87449;201500057167;0;7;0;0.0;2.0;4.0;2.0;A01
87450;201500057168;0;7;0;0.0;2.0;1.0;1.0;A01
87451;201500057168;0;34;0;0.0;2.0;1.0;5.0;B02
87452;201500057169;0;10;0;0.0;2.0;1.0;5.0;A01
87453;201500057169;0;7;0;0.0;2.0;1.0;1.0;B02
87454;201500057169;0;38;1;0.0;2.0;1.0;1.0;C03
87455;201500057170;0;7;0;0.0;2.0;2.0;1.0;A01
87456;201500057170;0;1;0;0.0;2.0;8.0;10.0;B02
87457;201500057172;0;7;0;3.0;0.0;2.0;1.0;A01
87458;201500057174;0;7;0;0.0;2.0;1.0;17.0;A01
87459;201500057174;0;30;0;0.0;2.0;1.0;1.0;B02
87460;201500057175;0;33;0;0.0;2.0;1.0;5.0;A01
87461;201500057175;0;10;0;0.0;2.0;1.0;1.0;B02
87462;201500057176;0;7;0;9.0;0.0;1.0;1.0;A01
87463;201500057177;0;7;0;0.0;2.0;3.0;1.0;A01
87464;201500057177;0;7;0;0.0;2.0;2.0;13.0;B02
87465;201500057178;0;7;0;0.0;0.0;5.0;23.0;B02
87466;201500057178;0;33;0;0.0;2.0;1.0;2.0;A01
87467;201500057179;0;7;0;2.0;0.0;2.0;14.0;A01
87468;201500057180;0;14;0;0.0;2.0;1.0;1.0;A01
87469;201500057180;0;1;0;0.0;2.0;1.0;16.0;B02
87470;201500057181;0;7;0;2.0;0.0;1.0;1.0;A01
87471;201500057182;0;10;0;0.0;2.0;0.0;1.0;A01
87472;201500057182;0;7;0;0.0;2.0;1.0;17.0;B02
87473;201500057183;0;7;0;0.0;0.0;0.0;0.0;B02
87474;201500057183;0;33;0;0.0;0.0;0.0;0.0;A01
87475;201500057183;0;7;0;0.0;0.0;0.0;0.0;C03
87476;201500057184;0;2;0;6.0;0.0;2.0;1.0;A01
87477;201500057187;0;7;0;0.0;2.0;2.0;1.0;B02
87478;201500057187;0;14;0;0.0;2.0;1.0;13.0;A01
87479;201500057188;0;7;0;2.0;0.0;7.0;14.0;A01
87480;201500057191;0;7;0;16.0;0.0;8.0;1.0;A01
87481;201500057192;0;7;0;0.0;2.0;3.0;1.0;B02
87482;201500057192;0;33;0;0.0;2.0;8.0;13.0;A01
87483;201500057193;0;7;0;0.0;0.0;3.0;13.0;A01
87484;201500057193;0;7;0;0.0;0.0;3.0;1.0;B02
87485;201500057194;0;31;0;0.0;1.0;1.0;1.0;A01
87486;201500057195;0;7;0;0.0;1.0;6.0;4.0;A01
87487;201500057196;0;7;0;0.0;2.0;3.0;1.0;A01
87488;201500057196;0;34;0;0.0;2.0;1.0;1.0;B02
87489;201500057197;0;7;0;0.0;2.0;1.0;1.0;A01
87490;201500057197;0;30;0;0.0;2.0;1.0;17.0;B02
87491;201500057198;0;1;0;0.0;2.0;1.0;5.0;A01
87492;201500057198;0;30;0;0.0;2.0;1.0;1.0;B02
87493;201500057199;0;10;0;0.0;1.0;1.0;14.0;A01
87494;201500057200;0;14;0;0.0;1.0;1.0;1.0;A01
87495;201500057201;0;33;0;6.0;0.0;3.0;0.0;A01
87496;201500057202;0;1;0;0.0;2.0;8.0;5.0;A01
87497;201500057202;0;7;0;0.0;2.0;1.0;1.0;B02
87498;201500057203;0;1;0;0.0;0.0;0.0;23.0;B02
87499;201500057203;0;7;0;0.0;2.0;1.0;1.0;A01
87500;201500057205;0;7;0;0.0;1.0;1.0;0.0;A01
87501;201500057206;0;7;0;0.0;1.0;1.0;0.0;A01
87502;201500057208;0;7;0;0.0;1.0;4.0;4.0;A01
87503;201500057209;0;7;0;0.0;2.0;8.0;1.0;A01
87504;201500057209;0;7;0;0.0;0.0;0.0;0.0;B01
87505;201500057210;0;7;0;0.0;2.0;2.0;9.0;A01
87506;201500057210;0;33;0;0.0;2.0;1.0;2.0;B01
87507;201500057211;0;7;0;0.0;1.0;1.0;16.0;A01
87508;201500057212;0;10;0;0.0;1.0;7.0;9.0;A01
87509;201500057214;0;7;0;0.0;1.0;2.0;1.0;A01
87510;201500057215;0;33;0;1.0;0.0;3.0;13.0;A01
87511;201500057216;0;7;0;15.0;0.0;8.0;18.0;A01
87512;201500057217;0;7;0;16.0;0.0;4.0;1.0;A01
87513;201500057218;0;7;0;0.0;2.0;1.0;1.0;A01
87514;201500057218;0;32;0;0.0;2.0;1.0;17.0;B01
87515;201500057219;0;99;0;0.0;0.0;3.0;11.0;B01
87516;201500057219;0;99;0;0.0;2.0;8.0;2.0;A01
87517;201500057220;0;2;0;0.0;2.0;7.0;1.0;B01
87518;201500057221;0;34;0;0.0;2.0;1.0;1.0;B01
87519;201500057221;0;99;0;0.0;2.0;2.0;15.0;A01
87520;201500057223;0;7;0;6.0;0.0;1.0;13.0;A01
87521;201500057224;0;34;0;0.0;9.0;1.0;2.0;A01
87522;201500057226;0;7;0;0.0;9.0;3.0;1.0;A01
87523;201500057226;0;1;0;0.0;2.0;4.0;15.0;B01
87524;201500057227;0;7;0;0.0;2.0;1.0;15.0;A01
87525;201500057227;0;2;0;12.0;0.0;8.0;1.0;B01
87526;201500057228;0;32;0;0.0;2.0;1.0;1.0;A01
87527;201500057228;0;7;0;0.0;2.0;8.0;1.0;B01
87528;201500057229;0;30;0;11.0;0.0;1.0;13.0;A01
87529;201500057230;0;7;0;0.0;2.0;1.0;21.0;A01
87530;201500057230;0;7;0;0.0;2.0;8.0;15.0;B01
87531;201500057231;0;10;0;0.0;1.0;8.0;2.0;A01
87532;201500057232;0;3;0;15.0;2.0;3.0;21.0;A01
87533;201500057232;0;2;0;0.0;2.0;1.0;21.0;B01
87534;201500057233;0;7;0;1.0;0.0;2.0;14.0;A01
87535;201500057234;1;30;0;0.0;1.0;1.0;1.0;A01
87536;201500057235;0;2;0;0.0;2.0;1.0;3.0;B01
87537;201500057235;0;7;0;0.0;2.0;3.0;15.0;A01
87538;201500057236;0;33;0;0.0;2.0;9.0;1.0;B01
87539;201500057236;0;7;0;0.0;2.0;1.0;12.0;A01
87540;201500057237;0;7;0;0.0;1.0;3.0;9.0;A01
87541;201500057238;1;2;0;0.0;0.0;0.0;13.0;Z01
87542;201500057238;0;7;0;0.0;9.0;0.0;1.0;A01
87543;201500057239;0;7;0;0.0;2.0;8.0;15.0;B01
87544;201500057239;0;7;0;0.0;2.0;1.0;17.0;A01
87545;201500057242;1;1;0;0.0;1.0;0.0;0.0;Z01
87546;201500057243;1;30;0;1.0;0.0;0.0;0.0;A01
87547;201500057244;0;7;0;4.0;0.0;1.0;0.0;A01
87548;201500057245;0;7;0;0.0;2.0;1.0;0.0;B01
87549;201500057245;0;7;0;0.0;2.0;7.0;15.0;A01
87550;201500057246;0;7;0;0.0;1.0;0.0;0.0;A01
87551;201500057247;1;2;0;0.0;2.0;0.0;0.0;B01
87552;201500057247;0;7;0;0.0;2.0;1.0;0.0;A01
87553;201500057248;0;7;0;0.0;1.0;2.0;21.0;A01
87554;201500057249;0;7;0;5.0;1.0;2.0;0.0;A01
87555;201500057249;0;7;0;0.0;2.0;6.0;0.0;B01
87556;201500057251;0;7;0;3.0;2.0;6.0;1.0;C01
87557;201500057251;0;7;0;0.0;2.0;4.0;2.0;B01
87558;201500057251;0;7;0;0.0;2.0;6.0;2.0;D01
87559;201500057251;0;7;0;0.0;2.0;1.0;0.0;A01
87560;201500057252;0;7;0;0.0;1.0;1.0;0.0;A01
87561;201500057253;0;7;0;0.0;2.0;6.0;1.0;B01
87562;201500057253;0;30;0;0.0;2.0;1.0;1.0;A01
87563;201500057254;1;32;0;0.0;1.0;0.0;0.0;Z01
87564;201500057255;0;7;0;0.0;2.0;1.0;13.0;A01
87565;201500057255;0;7;0;0.0;2.0;1.0;1.0;B01
87566;201500057256;0;7;0;0.0;2.0;8.0;2.0;A01
87567;201500057256;0;7;0;0.0;2.0;3.0;2.0;B01
87568;201500057257;0;2;0;0.0;1.0;1.0;0.0;A01
87569;201500057258;0;7;0;0.0;1.0;1.0;0.0;A01
87570;201500057259;0;7;0;0.0;1.0;0.0;0.0;A01
87571;201500057260;1;30;0;0.0;2.0;0.0;1.0;A01
87572;201500057260;0;7;0;0.0;2.0;2.0;1.0;B01
87573;201500057261;0;30;0;0.0;2.0;1.0;3.0;A01
87574;201500057261;0;7;0;0.0;2.0;8.0;15.0;B01
87575;201500057262;0;7;0;0.0;1.0;3.0;0.0;A01
87576;201500057265;0;7;0;0.0;2.0;4.0;1.0;B01
87577;201500057265;0;33;0;0.0;2.0;1.0;2.0;A01
87578;201500057266;0;7;0;0.0;1.0;3.0;15.0;A01
87579;201500057267;0;7;0;0.0;1.0;1.0;1.0;A01
87580;201500057268;0;7;0;0.0;1.0;0.0;1.0;A01
87581;201500057269;0;7;0;0.0;2.0;0.0;15.0;A01
87582;201500057269;0;1;0;0.0;2.0;1.0;1.0;B01
87583;201500057270;0;7;0;0.0;2.0;3.0;2.0;E01
87584;201500057270;0;7;0;0.0;2.0;4.0;4.0;B01
87585;201500057270;0;7;0;0.0;2.0;4.0;2.0;C01
87586;201500057270;0;7;0;0.0;2.0;4.0;2.0;D01
87587;201500057270;0;7;0;0.0;2.0;1.0;2.0;A01
87588;201500057271;0;7;0;6.0;0.0;1.0;13.0;A01
87589;201500057272;0;1;0;0.0;2.0;8.0;11.0;A01
87590;201500057272;0;7;0;0.0;2.0;2.0;2.0;B01
87591;201500057273;0;7;0;0.0;2.0;2.0;15.0;B01
87592;201500057273;0;32;0;0.0;2.0;1.0;18.0;A01
87593;201500057274;0;7;0;0.0;2.0;8.0;1.0;B01
87594;201500057274;0;7;0;0.0;2.0;4.0;1.0;C01
87595;201500057274;1;30;0;0.0;2.0;0.0;0.0;A01
87596;201500057276;0;10;0;0.0;1.0;7.0;1.0;A01
87597;201500057277;0;1;0;0.0;0.0;0.0;0.0;B01
87598;201500057277;0;13;0;0.0;0.0;8.0;15.0;A01
87599;201500057278;0;1;0;0.0;2.0;0.0;0.0;A01
87600;201500057278;0;7;0;0.0;2.0;2.0;16.0;B01
87601;201500057279;0;7;0;0.0;1.0;1.0;0.0;A01
87602;201500057280;0;7;0;15.0;1.0;1.0;2.0;A01
87603;201500057281;0;7;0;0.0;0.0;0.0;0.0;B01
87604;201500057281;0;31;0;0.0;0.0;0.0;0.0;A01
87605;201500057282;0;7;0;0.0;1.0;3.0;0.0;A01
87606;201500057283;0;7;0;0.0;0.0;0.0;0.0;A01
87607;201500057283;0;1;0;0.0;0.0;0.0;0.0;B01
87608;201500057284;0;31;0;0.0;2.0;1.0;17.0;A01
87609;201500057284;0;7;0;0.0;2.0;2.0;15.0;B01
87610;201500057285;0;7;0;0.0;2.0;0.0;0.0;A01
87611;201500057285;0;7;0;0.0;2.0;0.0;0.0;B01
87612;201500057286;0;32;0;0.0;0.0;0.0;1.0;A01
87613;201500057288;0;7;0;0.0;1.0;2.0;2.0;A01
87614;201500057289;0;7;0;0.0;2.0;1.0;15.0;A01
87615;201500057289;0;7;0;0.0;2.0;1.0;1.0;B01
87616;201500057290;0;33;0;15.0;0.0;1.0;0.0;A01
87617;201500057291;0;7;0;13.0;0.0;1.0;2.0;A01
87618;201500057292;0;7;0;6.0;0.0;3.0;0.0;A01
87619;201500057293;0;7;0;0.0;2.0;3.0;9.0;A01
87620;201500057293;0;7;0;0.0;2.0;4.0;1.0;B01
87621;201500057294;0;30;0;0.0;2.0;3.0;14.0;A01
87622;201500057294;0;7;0;0.0;2.0;8.0;9.0;B01
87623;201500057295;0;33;0;0.0;1.0;0.0;0.0;A01
87624;201500057296;0;7;0;0.0;2.0;8.0;15.0;B01
87625;201500057296;0;30;0;0.0;2.0;1.0;17.0;A01
87626;201500057297;0;7;0;0.0;0.0;0.0;0.0;A01
87627;201500057298;0;7;0;0.0;0.0;0.0;0.0;B01
87628;201500057298;0;7;0;0.0;0.0;0.0;0.0;A01
87629;201500057299;0;7;0;0.0;0.0;0.0;0.0;A01
87630;201500057299;0;7;0;0.0;2.0;1.0;2.0;B01
87631;201500057300;0;34;0;0.0;0.0;0.0;0.0;C01
87632;201500057300;0;7;0;0.0;0.0;0.0;0.0;B01
87633;201500057300;0;33;0;0.0;0.0;0.0;0.0;A01