;Num_Acc;senc;catv;occutc;obs;obsm;choc;manv;num_veh
87634;201500057301;0;7;0;0.0;0.0;3.0;15.0;B01
87635;201500057301;0;31;0;0.0;0.0;7.0;2.0;A01
87636;201500057302;0;7;0;0.0;0.0;0.0;0.0;A01
87637;201500057303;0;33;0;0.0;2.0;1.0;1.0;B01
87638;201500057303;0;7;0;0.0;2.0;8.0;15.0;A01
87639;201500057304;0;30;0;0.0;2.0;1.0;19.0;A01
87640;201500057304;0;7;0;0.0;2.0;2.0;0.0;B01
87641;201500057305;0;33;0;0.0;2.0;0.0;0.0;A01
87642;201500057305;0;7;0;0.0;2.0;5.0;19.0;B01
87643;201500057306;0;7;0;0.0;2.0;9.0;1.0;A01
87644;201500057307;0;7;0;0.0;0.0;1.0;17.0;A01
87645;201500057307;0;7;0;0.0;0.0;0.0;0.0;B01
87646;201500057307;0;7;0;0.0;0.0;0.0;0.0;C01
87647;201500057308;0;2;0;4.0;0.0;1.0;0.0;A01
87648;201500057309;0;30;0;0.0;0.0;1.0;18.0;B01
87649;201500057309;0;7;0;0.0;0.0;7.0;15.0;A01
87650;201500057310;0;7;0;0.0;0.0;0.0;0.0;A01
87651;201500057310;0;32;0;0.0;0.0;0.0;0.0;B01
87652;201500057311;1;30;0;0.0;0.0;0.0;0.0;A01
87653;201500057311;0;7;0;0.0;0.0;0.0;0.0;B01
87654;201500057312;0;7;0;0.0;0.0;0.0;0.0;A01
87655;201500057313;0;7;0;0.0;2.0;3.0;1.0;A01
87656;201500057313;0;1;0;0.0;2.0;1.0;13.0;B01
87657;201500057314;0;7;0;0.0;0.0;0.0;0.0;B01
87658;201500057314;0;1;0;0.0;0.0;0.0;0.0;A01
87659;201500057315;0;7;0;0.0;1.0;1.0;1.0;A01
87660;201500057316;0;7;0;0.0;2.0;2.0;0.0;A01
87661;201500057316;0;7;0;0.0;2.0;7.0;1.0;B01
87662;201500057317;0;7;0;0.0;2.0;1.0;1.0;B01
87663;201500057317;0;7;0;0.0;2.0;1.0;17.0;A01
87664;201500057319;0;7;0;0.0;0.0;0.0;0.0;A01
87665;201500057319;0;33;0;0.0;2.0;4.0;2.0;B01
87666;201500057320;0;33;0;0.0;2.0;1.0;17.0;A01
87667;201500057320;0;7;0;0.0;2.0;3.0;16.0;B01
87668;201500057321;0;7;0;0.0;0.0;0.0;0.0;A01
87669;201500057321;0;33;0;0.0;2.0;1.0;17.0;B01
87670;201500057322;0;7;0;0.0;2.0;0.0;1.0;B01
87671;201500057322;0;7;0;0.0;0.0;6.0;2.0;C01
87672;201500057322;0;7;0;0.0;2.0;1.0;13.0;A01
87673;201500057323;0;13;0;0.0;2.0;8.0;1.0;B01
87674;201500057323;0;7;0;0.0;2.0;3.0;13.0;A01
87675;201500057324;0;7;0;6.0;1.0;1.0;0.0;A01
87676;201500057325;0;7;0;0.0;2.0;1.0;0.0;B01
87677;201500057325;0;7;0;0.0;2.0;0.0;0.0;A01
87678;201500057326;0;7;0;0.0;1.0;0.0;0.0;A01
87679;201500057327;0;7;0;0.0;2.0;2.0;1.0;A01
87680;201500057327;0;1;0;0.0;2.0;1.0;15.0;B01
87681;201500057328;0;7;0;0.0;2.0;8.0;1.0;A01
87682;201500057328;0;1;0;0.0;2.0;1.0;1.0;B01
87683;201500057329;1;7;0;0.0;1.0;2.0;1.0;A01
87684;201500057330;0;7;0;0.0;0.0;0.0;0.0;B01
87685;201500057330;0;7;0;0.0;0.0;3.0;0.0;A01
87686;201500057333;0;7;0;0.0;1.0;4.0;4.0;A01
87687;201500057334;0;7;0;0.0;2.0;5.0;15.0;A01
87688;201500057334;0;31;0;0.0;2.0;0.0;1.0;B01
87689;201500057335;0;2;0;0.0;0.0;0.0;0.0;B01
87690;201500057335;0;13;0;0.0;2.0;5.0;15.0;A01
87691;201500057336;1;7;0;0.0;1.0;0.0;0.0;Z01
87692;201500057338;0;7;0;0.0;1.0;2.0;1.0;A01
87693;201500057339;0;7;0;0.0;0.0;0.0;0.0;A01
87694;201500057339;0;7;0;0.0;0.0;0.0;0.0;B01
87695;201500057341;0;1;0;0.0;0.0;0.0;0.0;A01
87696;201500057343;0;2;0;0.0;1.0;0.0;0.0;A01
87697;201500057344;0;7;0;0.0;1.0;0.0;0.0;A01
87698;201500057345;0;7;0;0.0;0.0;2.0;15.0;A01
87699;201500057345;0;34;0;0.0;0.0;1.0;18.0;B01
87700;201500057346;0;7;0;0.0;1.0;0.0;0.0;A01
87701;201500057347;0;7;0;0.0;0.0;3.0;15.0;A01
87702;201500057347;0;32;0;0.0;2.0;1.0;5.0;B01
87703;201500057348;0;32;0;0.0;0.0;0.0;0.0;A01
87704;201500057349;0;7;0;0.0;1.0;2.0;0.0;A01
87705;201500057350;0;7;0;0.0;2.0;1.0;1.0;A01
87706;201500057350;0;1;0;0.0;2.0;7.0;10.0;B01
87707;201500057351;0;7;0;8.0;0.0;8.0;13.0;A01
87708;201500057352;0;7;0;13.0;0.0;0.0;0.0;A01
87709;201500057353;0;1;0;0.0;2.0;1.0;18.0;A01
87710;201500057353;0;7;0;0.0;2.0;2.0;15.0;B01
87711;201500057354;0;7;0;3.0;2.0;4.0;24.0;B01
87712;201500057354;1;30;0;0.0;2.0;1.0;14.0;A01
87713;201500057355;0;7;0;0.0;0.0;2.0;0.0;B01
87714;201500057355;0;1;0;0.0;0.0;0.0;0.0;A01
87715;201500057356;0;7;0;0.0;2.0;8.0;11.0;A01
87716;201500057356;0;7;0;0.0;2.0;2.0;17.0;B01
87717;201500057357;0;7;0;0.0;2.0;1.0;1.0;B01
87718;201500057357;0;33;0;0.0;2.0;1.0;17.0;A01
87719;201500057358;0;7;0;0.0;2.0;7.0;15.0;A01
87720;201500057358;0;7;0;0.0;2.0;1.0;1.0;B01
87721;201500057359;0;1;0;3.0;0.0;2.0;14.0;Z01
87722;201500057360;0;32;0;0.0;2.0;8.0;0.0;B01
87723;201500057360;0;7;0;0.0;2.0;2.0;13.0;A01
87724;201500057362;0;7;0;0.0;2.0;1.0;2.0;A01
87725;201500057362;0;7;0;0.0;0.0;0.0;0.0;B01
87726;201500057363;0;32;0;0.0;2.0;1.0;13.0;A01
87727;201500057363;0;7;0;0.0;2.0;1.0;1.0;B01
87728;201500057364;2;2;0;12.0;0.0;3.0;13.0;Z01
87729;201500057365;0;33;0;4.0;0.0;8.0;13.0;A01
87730;201500057366;0;31;0;0.0;2.0;1.0;17.0;A01
87731;201500057366;0;7;0;0.0;2.0;3.0;1.0;B01
87732;201500057367;0;7;0;0.0;2.0;8.0;1.0;B01
87733;201500057367;0;33;0;0.0;2.0;3.0;13.0;Z01
87734;201500057368;0;30;0;0.0;2.0;1.0;13.0;A01
87735;201500057368;0;7;0;0.0;2.0;1.0;1.0;B01
87736;201500057369;0;7;0;0.0;0.0;0.0;0.0;B01
87737;201500057369;0;30;0;0.0;2.0;2.0;14.0;A01
87738;201500057370;0;30;0;0.0;1.0;1.0;17.0;A01
87739;201500057371;0;7;0;0.0;1.0;1.0;1.0;A01
87740;201500057372;0;7;0;0.0;2.0;6.0;1.0;C01
87741;201500057372;0;33;0;0.0;2.0;1.0;17.0;A01
87742;201500057372;0;7;0;0.0;2.0;3.0;1.0;B01
87743;201500057373;0;31;0;0.0;2.0;1.0;1.0;A01
87744;201500057373;0;7;0;0.0;2.0;3.0;1.0;B01
87745;201500057374;0;33;0;0.0;0.0;0.0;0.0;B01
87746;201500057374;0;7;0;0.0;2.0;2.0;15.0;A01
87747;201500057375;0;30;0;0.0;2.0;1.0;13.0;A01
87748;201500057375;0;31;0;0.0;2.0;1.0;1.0;B01
87749;201500057376;0;7;0;4.0;0.0;3.0;13.0;A01
87750;201500057377;0;33;0;0.0;2.0;1.0;0.0;A01
87751;201500057377;0;7;0;0.0;2.0;8.0;16.0;B01
87752;201500057378;0;7;0;0.0;1.0;1.0;1.0;A01
87753;201500057379;0;7;0;0.0;1.0;2.0;1.0;A01
87754;201500057380;0;7;0;0.0;1.0;8.0;1.0;A01
87755;201500057381;0;30;0;0.0;2.0;1.0;1.0;B01
87756;201500057381;1;7;0;0.0;2.0;1.0;13.0;Z01
87757;201500057382;0;31;0;2.0;0.0;1.0;1.0;A01
87758;201500057383;0;37;5;6.0;0.0;5.0;20.0;A01
87759;201500057384;0;7;0;0.0;1.0;3.0;1.0;A01
87760;201500057386;1;30;0;0.0;1.0;1.0;1.0;A01
87761;201500057387;0;7;0;1.0;1.0;2.0;17.0;A01
87762;201500057388;0;33;0;16.0;0.0;7.0;14.0;A01
87763;201500057389;0;33;0;16.0;0.0;7.0;14.0;A01
87764;201500057389;1;33;0;0.0;2.0;1.0;13.0;B01
87765;201500057390;0;33;0;0.0;2.0;1.0;13.0;A01
87766;201500057390;0;33;0;0.0;2.0;1.0;1.0;B01
87767;201500057391;0;7;0;0.0;2.0;1.0;1.0;B01
87768;201500057391;0;31;0;0.0;2.0;9.0;9.0;A01
87769;201500057392;0;7;0;0.0;1.0;7.0;1.0;A01
87770;201500057393;0;7;0;0.0;2.0;3.0;15.0;A01
87771;201500057393;0;31;0;0.0;2.0;1.0;1.0;B01
87772;201500057394;0;7;0;0.0;2.0;8.0;1.0;B01
87773;201500057394;1;7;0;0.0;2.0;7.0;14.0;Z01
87774;201500057395;0;7;0;0.0;2.0;1.0;2.0;A01
87775;201500057395;0;1;0;0.0;2.0;4.0;1.0;B01
87776;201500057396;0;7;0;9.0;1.0;2.0;14.0;A01
87777;201500057397;0;7;0;0.0;1.0;4.0;4.0;A01
87778;201500057398;0;7;0;0.0;1.0;1.0;16.0;A01
87779;201500057400;0;30;0;16.0;0.0;0.0;13.0;A01
87780;201500057401;0;7;0;0.0;2.0;2.0;9.0;A01
87781;201500057401;0;33;0;0.0;2.0;6.0;1.0;B01
87782;201500057402;0;7;0;0.0;1.0;1.0;1.0;A01
87783;201500057403;0;7;0;0.0;1.0;1.0;1.0;A01
87784;201500057404;1;33;0;0.0;1.0;1.0;1.0;Z01
87785;201500057405;0;33;0;0.0;2.0;3.0;7.0;B01
87786;201500057405;0;7;0;0.0;2.0;2.0;16.0;A01
87787;201500057406;0;7;0;0.0;1.0;1.0;1.0;A01
87788;201500057407;0;7;0;0.0;1.0;1.0;16.0;A01
87789;201500057408;0;7;0;6.0;0.0;2.0;14.0;A01
87790;201500057409;0;30;0;0.0;2.0;7.0;17.0;A01
87791;201500057409;0;7;0;0.0;2.0;8.0;15.0;B01
87792;201500057410;0;7;0;0.0;2.0;1.0;15.0;A01
87793;201500057410;0;7;0;0.0;2.0;1.0;1.0;B01
87794;201500057411;0;7;0;0.0;2.0;2.0;1.0;B01
87795;201500057411;0;30;0;0.0;2.0;1.0;16.0;A01
87796;201500057412;1;7;0;0.0;1.0;4.0;4.0;Z01
87797;201500057413;0;7;0;0.0;2.0;2.0;14.0;A01
87798;201500057413;0;33;0;0.0;2.0;8.0;1.0;B01
87799;201500057414;0;30;0;0.0;2.0;1.0;17.0;A01
87800;201500057414;0;31;0;0.0;2.0;1.0;1.0;B01
87801;201500057415;0;7;0;0.0;2.0;3.0;13.0;A01
87802;201500057415;0;7;0;0.0;2.0;3.0;1.0;B01
87803;201500057416;0;31;0;0.0;2.0;4.0;2.0;B01
87804;201500057416;0;7;0;0.0;2.0;5.0;2.0;C01
87805;201500057416;0;7;0;0.0;2.0;1.0;1.0;A01
87806;201500057417;0;7;0;0.0;0.0;0.0;13.0;A01
87807;201500057417;0;33;0;0.0;0.0;9.0;1.0;B01
87808;201500057418;0;7;0;0.0;2.0;1.0;2.0;A01
87809;201500057418;0;7;0;0.0;2.0;4.0;1.0;B01
87810;201500057421;0;7;0;0.0;2.0;1.0;17.0;A01
87811;201500057421;0;31;0;0.0;2.0;1.0;1.0;B01
87812;201500057422;0;7;0;1.0;1.0;8.0;1.0;A01
87813;201500057423;0;33;0;1.0;0.0;1.0;13.0;A01
87814;201500057424;0;7;0;4.0;0.0;2.0;14.0;A01
87815;201500057425;0;7;0;0.0;2.0;8.0;1.0;C01
87816;201500057425;0;7;0;0.0;2.0;3.0;0.0;A01
87817;201500057425;0;7;0;0.0;2.0;7.0;1.0;B01
87818;201500057426;0;1;0;0.0;2.0;7.0;1.0;B01
87819;201500057426;0;7;0;0.0;2.0;1.0;9.0;A01
87820;201500057427;0;7;0;0.0;0.0;1.0;9.0;A01
87821;201500057427;0;2;0;0.0;2.0;1.0;1.0;Z01
87822;201500057428;0;14;0;0.0;2.0;1.0;12.0;A01
87823;201500057428;0;7;0;0.0;2.0;4.0;12.0;B01
87824;201500057429;0;33;0;13.0;0.0;8.0;13.0;A01
87825;201500057431;0;7;0;0.0;1.0;1.0;1.0;A01
87826;201500057432;1;7;0;0.0;2.0;2.0;1.0;A01
87827;201500057432;0;7;0;0.0;2.0;3.0;1.0;B01
87828;201500057433;0;31;0;0.0;2.0;7.0;17.0;A01
87829;201500057433;0;14;0;0.0;2.0;6.0;1.0;B01
87830;201500057435;0;7;0;0.0;2.0;1.0;1.0;B01
87831;201500057435;2;30;0;0.0;2.0;1.0;10.0;A01
87832;201500057436;0;7;0;0.0;2.0;2.0;13.0;A01
87833;201500057436;0;30;0;0.0;2.0;1.0;1.0;B01
87834;201500057437;0;7;0;0.0;2.0;6.0;23.0;B01
87835;201500057437;0;7;0;0.0;2.0;2.0;2.0;A01
87836;201500057438;0;1;0;0.0;2.0;1.0;1.0;B01
87837;201500057438;0;7;0;0.0;2.0;7.0;0.0;A01
87838;201500057439;0;7;0;0.0;2.0;7.0;14.0;A01
87839;201500057439;0;7;0;0.0;2.0;8.0;1.0;B01
87840;201500057440;0;33;0;16.0;0.0;1.0;14.0;A01
87841;201500057441;0;7;0;0.0;2.0;5.0;15.0;A01
87842;201500057441;0;1;0;0.0;2.0;1.0;1.0;B01
87843;201500057442;0;1;0;0.0;2.0;1.0;1.0;B01
87844;201500057442;0;7;0;0.0;2.0;1.0;12.0;A01
87845;201500057443;0;7;0;0.0;2.0;6.0;24.0;B01
87846;201500057443;0;7;0;1.0;0.0;4.0;4.0;A01
87847;201500057444;0;33;0;0.0;2.0;1.0;1.0;B01
87848;201500057444;0;7;0;0.0;2.0;7.0;15.0;A01
87849;201500057445;0;7;0;16.0;0.0;7.0;14.0;A01
87850;201500057446;0;7;0;0.0;1.0;4.0;4.0;A01
87851;201500057447;0;2;0;0.0;1.0;1.0;1.0;A01
87852;201500057448;0;1;0;0.0;2.0;1.0;2.0;A01
87853;201500057448;0;7;0;0.0;2.0;4.0;1.0;B01
87854;201500057449;0;7;0;0.0;1.0;1.0;15.0;A01
87855;201500057450;0;7;0;0.0;1.0;8.0;1.0;A01
87856;201500057451;0;7;0;0.0;2.0;3.0;13.0;A01
87857;201500057451;0;7;0;0.0;2.0;3.0;1.0;B01
87858;201500057452;0;2;0;0.0;2.0;2.0;1.0;B01
87859;201500057452;0;7;0;0.0;2.0;3.0;15.0;A01
87860;201500057454;0;32;0;0.0;2.0;2.0;17.0;A01
87861;201500057454;0;7;0;0.0;2.0;3.0;1.0;B01
87862;201500057455;0;7;0;0.0;1.0;1.0;14.0;A01
87863;201500057456;0;31;0;0.0;2.0;7.0;17.0;B01
87864;201500057456;0;7;0;0.0;2.0;3.0;13.0;A01
87865;201500057457;0;7;0;0.0;2.0;3.0;23.0;B01
87866;201500057457;0;33;0;0.0;2.0;1.0;1.0;A01
87867;201500057458;0;31;0;0.0;2.0;1.0;1.0;B01
87868;201500057458;0;7;0;0.0;2.0;3.0;15.0;A01
87869;201500057459;0;33;0;0.0;2.0;1.0;1.0;B01
87870;201500057459;0;7;0;0.0;2.0;1.0;12.0;A01
87871;201500057460;0;7;0;0.0;1.0;2.0;15.0;A01
87872;201500057461;0;31;0;0.0;2.0;7.0;19.0;A01
87873;201500057461;0;7;0;0.0;2.0;3.0;1.0;B01
87874;201500057462;0;7;0;0.0;0.0;0.0;0.0;B01
87875;201500057462;0;33;0;0.0;2.0;1.0;2.0;A01
87876;201500057463;1;7;0;0.0;1.0;1.0;1.0;Z01
87877;201500057464;0;7;0;0.0;2.0;1.0;17.0;A01
87878;201500057464;0;31;0;0.0;2.0;1.0;1.0;B01
87879;201500057466;0;7;0;0.0;2.0;1.0;15.0;B01
87880;201500057466;0;33;0;0.0;2.0;1.0;17.0;A01
87881;201500057467;0;7;0;0.0;2.0;1.0;15.0;A01
87882;201500057467;0;37;5;0.0;2.0;1.0;1.0;B01
87883;201500057467;0;7;0;0.0;2.0;3.0;23.0;C01
87884;201500057468;0;7;0;0.0;2.0;8.0;24.0;B01
87885;201500057468;0;7;0;1.0;0.0;1.0;19.0;A01
87886;201500057469;0;33;0;0.0;2.0;8.0;7.0;B01
87887;201500057469;0;7;0;0.0;2.0;7.0;14.0;A01
87888;201500057470;0;31;0;0.0;2.0;1.0;13.0;A01
87889;201500057470;0;7;0;0.0;2.0;3.0;1.0;B01
87890;201500057471;0;7;0;0.0;2.0;4.0;2.0;B01
87891;201500057471;0;7;0;0.0;2.0;1.0;17.0;A01
87892;201500057472;0;7;0;0.0;2.0;1.0;17.0;A01
87893;201500057472;0;32;0;0.0;2.0;8.0;1.0;B01
87894;201500057473;0;7;0;0.0;2.0;4.0;2.0;B01
87895;201500057473;0;7;0;0.0;2.0;1.0;0.0;A01
87896;201500057474;0;7;0;0.0;2.0;9.0;17.0;A01
87897;201500057474;0;38;2;0.0;2.0;1.0;1.0;B01
87898;201500057474;0;7;0;0.0;2.0;3.0;1.0;C01
87899;201500057476;0;7;0;5.0;0.0;1.0;1.0;A01
87900;201500057477;0;7;0;0.0;2.0;3.0;13.0;A01
87901;201500057477;0;7;0;0.0;2.0;8.0;2.0;B01
87902;201500057478;0;7;0;4.0;0.0;9.0;0.0;A01
87903;201500057479;0;7;0;0.0;2.0;1.0;2.0;A01
87904;201500057479;0;7;0;0.0;2.0;4.0;2.0;C01
87905;201500057479;0;7;0;0.0;0.0;4.0;2.0;B01
87906;201500057480;0;7;0;0.0;2.0;1.0;5.0;A01
87907;201500057480;0;7;0;0.0;2.0;1.0;1.0;B01
87908;201500057481;0;7;0;0.0;1.0;1.0;1.0;A01
87909;201500057482;0;7;0;0.0;1.0;2.0;1.0;A01
87910;201500057483;0;7;0;0.0;2.0;1.0;1.0;C01
87911;201500057483;0;7;0;0.0;2.0;1.0;13.0;A01
87912;201500057483;0;7;0;0.0;2.0;1.0;1.0;B01
87913;201500057485;1;1;0;0.0;1.0;0.0;0.0;Z01
87914;201500057486;0;7;0;0.0;2.0;1.0;2.0;A01
87915;201500057486;0;7;0;0.0;2.0;4.0;23.0;C01
87916;201500057486;0;7;0;0.0;2.0;4.0;23.0;B01
87917;201500057487;0;7;0;0.0;2.0;4.0;1.0;B01
87918;201500057487;0;7;0;0.0;2.0;5.0;1.0;C01
87919;201500057487;0;33;0;1.0;2.0;1.0;3.0;A01
87920;201500057488;0;1;0;0.0;9.0;4.0;1.0;B01
87921;201500057488;0;13;0;0.0;9.0;5.0;1.0;A01
87922;201500057489;0;7;0;0.0;2.0;1.0;1.0;B01
87923;201500057489;0;7;0;0.0;2.0;1.0;13.0;A01
87924;201500057490;0;7;0;0.0;2.0;7.0;1.0;A01
87925;201500057490;0;7;0;0.0;2.0;3.0;1.0;B01
87926;201500057491;0;7;0;0.0;0.0;1.0;1.0;A01
87927;201500057491;0;7;0;0.0;0.0;4.0;2.0;B01
87928;201500057492;0;7;0;0.0;2.0;1.0;2.0;A01
87929;201500057492;0;7;0;0.0;2.0;4.0;2.0;B01
87930;201500057493;0;33;0;0.0;2.0;1.0;0.0;A01
87931;201500057493;0;7;0;0.0;0.0;0.0;0.0;B01
87932;201500057494;0;7;0;0.0;2.0;1.0;1.0;A01
87933;201500057494;0;2;0;0.0;2.0;1.0;5.0;B01
87934;201500057495;0;30;0;0.0;2.0;0.0;0.0;Z01
87935;201500057495;0;7;0;0.0;2.0;2.0;16.0;A01
87936;201500057496;0;7;0;0.0;2.0;1.0;1.0;A01
87937;201500057496;0;7;0;0.0;2.0;8.0;15.0;B01
87938;201500057497;0;7;0;0.0;9.0;1.0;0.0;A01
87939;201500057498;0;33;0;0.0;2.0;1.0;2.0;A01
87940;201500057498;0;32;0;0.0;2.0;1.0;2.0;B01
87941;201500057498;0;32;0;0.0;2.0;4.0;2.0;C01
87942;201500057499;0;7;0;0.0;2.0;3.0;13.0;A01
87943;201500057499;0;7;0;0.0;2.0;3.0;1.0;B01
87944;201500057500;0;7;0;0.0;2.0;6.0;0.0;B01
87945;201500057500;0;33;0;0.0;2.0;1.0;2.0;A01
87946;201500057501;0;7;0;0.0;2.0;8.0;0.0;A01
87947;201500057501;0;7;0;0.0;2.0;1.0;0.0;B01
87948;201500057502;0;7;0;0.0;2.0;1.0;1.0;A01
87949;201500057502;0;7;0;0.0;2.0;6.0;11.0;B01
87950;201500057503;0;7;0;4.0;0.0;1.0;0.0;A01
87951;201500057504;0;7;0;0.0;2.0;1.0;13.0;A01
87952;201500057504;0;32;0;0.0;2.0;1.0;1.0;B01
87953;201500057505;0;37;1;0.0;2.0;3.0;6.0;B01
87954;201500057505;0;7;0;0.0;2.0;2.0;1.0;A01
87955;201500057506;0;7;0;0.0;2.0;1.0;11.0;A01
87956;201500057506;0;7;0;0.0;2.0;2.0;1.0;B01
87957;201500057507;0;7;0;5.0;0.0;9.0;0.0;A01
87958;201500057508;0;30;0;0.0;2.0;1.0;17.0;B01
87959;201500057508;0;7;0;0.0;2.0;3.0;1.0;A01
87960;201500057509;0;7;0;0.0;2.0;3.0;0.0;A01
87961;201500057509;0;33;0;0.0;2.0;1.0;1.0;B01
87962;201500057510;0;7;0;0.0;2.0;6.0;0.0;A01
87963;201500057510;0;7;0;0.0;2.0;5.0;1.0;B01
87964;201500057511;0;7;0;0.0;2.0;3.0;10.0;A01
87965;201500057511;0;33;0;0.0;2.0;1.0;1.0;B01
87966;201500057512;0;30;0;0.0;2.0;1.0;1.0;A01
87967;201500057512;0;7;0;0.0;2.0;7.0;1.0;B01
87968;201500057513;0;7;0;0.0;1.0;1.0;1.0;A01
87969;201500057514;0;7;0;0.0;2.0;4.0;2.0;A01
87970;201500057514;0;7;0;0.0;2.0;1.0;2.0;B01
87971;201500057515;0;31;0;0.0;2.0;1.0;1.0;A01
87972;201500057515;0;7;0;0.0;2.0;3.0;1.0;B01
87973;201500057516;0;7;0;0.0;1.0;0.0;1.0;A01
87974;201500057517;0;7;0;0.0;2.0;1.0;1.0;A01
87975;201500057517;0;33;0;0.0;2.0;7.0;0.0;B01
87976;201500057518;0;7;0;0.0;2.0;3.0;1.0;B01
87977;201500057518;0;7;0;0.0;2.0;3.0;13.0;A01
87978;201500057519;0;7;0;0.0;1.0;0.0;0.0;A01
87979;201500057520;0;7;0;0.0;2.0;1.0;2.0;A01
87980;201500057520;0;7;0;0.0;2.0;4.0;1.0;B01
87981;201500057521;0;7;0;0.0;1.0;1.0;1.0;A01
87982;201500057523;0;33;0;10.0;0.0;1.0;1.0;A01
87983;201500057524;0;7;0;4.0;0.0;0.0;1.0;A01
87984;201500057525;0;7;0;0.0;1.0;1.0;1.0;A01
87985;201500057526;0;7;0;0.0;1.0;2.0;1.0;A01
87986;201500057527;0;7;0;0.0;2.0;1.0;2.0;A01
87987;201500057527;0;7;0;0.0;2.0;4.0;2.0;B01
87988;201500057528;0;7;0;0.0;2.0;8.0;1.0;B01
87989;201500057528;0;33;0;0.0;2.0;0.0;17.0;A01
87990;201500057529;0;7;0;1.0;2.0;2.0;1.0;B01
87991;201500057529;0;7;0;0.0;2.0;3.0;15.0;A01
87992;201500057531;0;7;0;0.0;2.0;9.0;1.0;C01
87993;201500057531;0;7;0;0.0;2.0;8.0;17.0;A01
87994;201500057531;0;7;0;0.0;2.0;4.0;1.0;B01
87995;201500057532;0;7;0;0.0;2.0;4.0;1.0;B01
87996;201500057532;0;7;0;0.0;2.0;1.0;2.0;A01
87997;201500057533;1;99;0;0.0;2.0;0.0;0.0;Z01
87998;201500057533;0;1;0;0.0;0.0;0.0;19.0;B01
87999;201500057534;0;7;0;0.0;2.0;4.0;1.0;B01
88000;201500057534;0;7;0;1.0;2.0;1.0;2.0;A01
88001;201500057535;0;7;0;0.0;2.0;4.0;1.0;B01
88002;201500057535;0;31;0;0.0;2.0;1.0;2.0;A01
88003;201500057536;0;7;0;0.0;2.0;1.0;1.0;B01
88004;201500057536;0;7;0;0.0;2.0;1.0;13.0;A01
88005;201500057537;1;1;0;0.0;0.0;0.0;0.0;Z01
88006;201500057537;0;33;0;0.0;2.0;4.0;2.0;B01
88007;201500057538;0;7;0;0.0;1.0;1.0;1.0;A01
88008;201500057539;0;7;0;0.0;1.0;1.0;1.0;A01
88009;201500057540;0;7;0;0.0;2.0;7.0;22.0;A01
88010;201500057540;0;30;0;0.0;2.0;8.0;18.0;B01
88011;201500057541;0;7;0;0.0;2.0;3.0;1.0;B01
88012;201500057541;0;7;0;0.0;2.0;3.0;1.0;A01
88013;201500057542;0;7;0;0.0;2.0;4.0;2.0;B01
88014;201500057542;0;7;0;0.0;2.0;1.0;2.0;A01
88015;201500057543;0;33;0;0.0;2.0;7.0;12.0;B01
88016;201500057543;0;7;0;0.0;2.0;8.0;1.0;A01
88017;201500057544;0;33;0;0.0;2.0;7.0;17.0;A01
88018;201500057544;0;7;0;0.0;2.0;3.0;20.0;B01
88019;201500057545;0;7;0;0.0;2.0;4.0;1.0;A01
88020;201500057545;0;7;0;0.0;2.0;4.0;2.0;B01
88021;201500057546;0;7;0;0.0;2.0;8.0;10.0;A01
88022;201500057546;0;30;0;0.0;2.0;7.0;3.0;B01
88023;201500057547;0;7;0;13.0;0.0;9.0;1.0;A01
88024;201500057548;0;7;0;0.0;1.0;1.0;1.0;A01
88025;201500057549;0;7;0;0.0;2.0;2.0;15.0;A01
88026;201500057549;0;30;0;0.0;2.0;1.0;1.0;B01
88027;201500057550;0;32;0;0.0;2.0;1.0;1.0;B01
88028;201500057550;0;7;0;0.0;2.0;3.0;15.0;A01
88029;201500057551;0;7;0;0.0;2.0;6.0;13.0;A01
88030;201500057551;0;7;0;0.0;2.0;3.0;1.0;B01
88031;201500057552;0;1;0;0.0;2.0;0.0;1.0;B01
88032;201500057552;0;7;0;0.0;9.0;1.0;13.0;A01
88033;201500057553;0;7;0;0.0;2.0;1.0;2.0;A01
88034;201500057553;0;7;0;0.0;2.0;4.0;1.0;B01
88035;201500057554;0;7;0;0.0;1.0;2.0;1.0;A01
88036;201500057555;0;7;0;0.0;2.0;3.0;13.0;A01
88037;201500057555;0;7;0;0.0;2.0;3.0;1.0;B01
88038;201500057556;0;2;0;12.0;0.0;1.0;1.0;A01
88039;201500057557;0;2;0;0.0;2.0;1.0;3.0;A01
88040;201500057557;0;7;0;0.0;2.0;3.0;0.0;B01
88041;201500057557;0;7;0;0.0;2.0;3.0;0.0;C01
88042;201500057558;0;7;0;0.0;2.0;8.0;15.0;A01
88043;201500057558;0;34;0;0.0;2.0;1.0;17.0;B01
88044;201500057559;0;34;0;0.0;2.0;5.0;12.0;B01
88045;201500057559;0;7;0;0.0;2.0;3.0;11.0;A01
88046;201500057560;0;7;0;4.0;0.0;1.0;9.0;A01
88047;201500057562;0;31;0;12.0;0.0;8.0;0.0;A01
88048;201500057563;0;7;0;0.0;2.0;8.0;1.0;B01
88049;201500057563;0;34;0;0.0;2.0;1.0;1.0;A01
88050;201500057565;0;7;0;0.0;2.0;4.0;4.0;A01
88051;201500057565;0;33;0;0.0;2.0;3.0;1.0;B01
88052;201500057566;0;7;0;0.0;2.0;1.0;2.0;A01
88053;201500057566;0;33;0;0.0;2.0;4.0;2.0;B01