;Num_Acc;senc;catv;occutc;obs;obsm;choc;manv;num_veh
89318;201500058354;0;7;0;0.0;2.0;7.0;16.0;A01
89319;201500058354;0;30;0;0.0;2.0;8.0;16.0;B01
89320;201500058355;0;7;0;0.0;2.0;6.0;1.0;A01
89321;201500058355;0;7;0;0.0;2.0;1.0;14.0;B01
89322;201500058357;0;7;0;0.0;1.0;1.0;1.0;A01
89323;201500058358;0;7;0;4.0;0.0;9.0;17.0;A01
89324;201500058359;0;30;0;0.0;9.0;1.0;1.0;A01
89325;201500058360;0;7;0;0.0;2.0;1.0;2.0;B01
89326;201500058360;0;7;0;0.0;2.0;4.0;1.0;A01
89327;201500058361;0;2;0;0.0;2.0;2.0;1.0;A01
89328;201500058361;0;7;0;0.0;2.0;3.0;10.0;B01
89329;201500058362;2;7;0;0.0;2.0;4.0;2.0;B01
89330;201500058362;0;2;0;0.0;2.0;1.0;1.0;A01
89331;201500058363;0;7;0;0.0;1.0;2.0;16.0;A01
89332;201500058364;0;30;0;0.0;2.0;1.0;1.0;A01
89333;201500058364;0;7;0;0.0;2.0;3.0;15.0;B01
89334;201500058365;0;33;0;0.0;0.0;7.0;21.0;A01
89335;201500058366;0;7;0;0.0;2.0;4.0;1.0;A01
89336;201500058366;0;7;0;0.0;2.0;1.0;2.0;B01
89337;201500058367;0;7;0;6.0;0.0;1.0;21.0;A01
89338;201500058369;0;33;0;0.0;0.0;7.0;1.0;A01
89339;201500058370;0;7;0;0.0;2.0;1.0;1.0;A01
89340;201500058370;0;7;0;0.0;2.0;1.0;13.0;B01
89341;201500058371;0;7;0;4.0;0.0;1.0;1.0;A01
89342;201500058372;0;7;0;0.0;2.0;4.0;1.0;A01
89343;201500058372;0;33;0;0.0;2.0;1.0;17.0;B01
89344;201500058373;0;7;0;0.0;2.0;4.0;2.0;A01
89345;201500058373;0;7;0;0.0;2.0;1.0;2.0;B01
89346;201500058374;0;7;0;0.0;2.0;1.0;2.0;C01
89347;201500058374;0;7;0;0.0;2.0;4.0;2.0;B01
89348;201500058374;0;7;0;0.0;2.0;4.0;2.0;A01
89349;201500058375;0;2;0;0.0;2.0;1.0;18.0;B01
89350;201500058375;0;7;0;0.0;2.0;2.0;16.0;A01
89351;201500058376;0;7;0;0.0;2.0;3.0;15.0;A01
89352;201500058376;0;33;0;0.0;2.0;8.0;17.0;B01
89353;201500058377;0;7;0;0.0;2.0;4.0;2.0;A01
89354;201500058377;0;33;0;0.0;2.0;1.0;2.0;B01
89355;201500058378;0;7;0;0.0;2.0;1.0;2.0;B01
89356;201500058378;0;7;0;0.0;2.0;4.0;1.0;A01
89357;201500058379;0;7;0;0.0;2.0;1.0;14.0;B01
89358;201500058379;0;30;0;0.0;2.0;1.0;1.0;A01
89359;201500058380;0;7;0;0.0;2.0;2.0;13.0;D01
89360;201500058380;0;7;0;0.0;2.0;7.0;0.0;C01
89361;201500058380;0;7;0;0.0;2.0;2.0;1.0;A01
89362;201500058380;0;7;0;0.0;2.0;7.0;1.0;B01
89363;201500058381;0;7;0;0.0;1.0;1.0;1.0;A01
89364;201500058382;0;7;0;0.0;2.0;4.0;2.0;C01
89365;201500058382;0;7;0;0.0;2.0;4.0;2.0;B01
89366;201500058382;0;7;0;0.0;2.0;4.0;2.0;A01
89367;201500058382;0;7;0;0.0;2.0;1.0;2.0;D01
89368;201500058383;0;7;0;0.0;1.0;1.0;1.0;A01
89369;201500058384;0;30;0;0.0;1.0;1.0;21.0;A01
89370;201500058385;0;7;0;0.0;1.0;1.0;20.0;A01
89371;201500058387;0;7;0;0.0;2.0;5.0;15.0;A01
89372;201500058387;0;33;0;0.0;2.0;1.0;17.0;B01
89373;201500058388;0;7;0;0.0;1.0;1.0;1.0;A01
89374;201500058389;0;7;0;0.0;2.0;4.0;17.0;B01
89375;201500058389;0;7;0;0.0;2.0;1.0;17.0;A01
89376;201500058389;0;7;0;0.0;2.0;4.0;13.0;C01
89377;201500058390;0;7;0;0.0;1.0;1.0;1.0;A01
89378;201500058391;0;7;0;0.0;1.0;3.0;1.0;A01
89379;201500058391;0;7;0;0.0;2.0;1.0;2.0;B01
89380;201500058392;0;7;0;0.0;9.0;9.0;12.0;A01
89381;201500058393;0;7;0;0.0;2.0;1.0;15.0;B01
89382;201500058393;0;30;0;0.0;2.0;1.0;1.0;A01
89383;201500058394;0;2;0;0.0;1.0;1.0;1.0;A01
89384;201500058395;0;7;0;0.0;2.0;4.0;1.0;A01
89385;201500058395;0;7;0;0.0;2.0;1.0;2.0;B01
89386;201500058396;0;7;0;0.0;2.0;8.0;15.0;A01
89387;201500058396;0;33;0;0.0;2.0;7.0;17.0;B01
89388;201500058398;0;33;0;12.0;0.0;1.0;1.0;A01
89389;201500058399;0;30;0;0.0;1.0;1.0;17.0;A01
89390;201500058400;0;7;0;0.0;1.0;1.0;1.0;A01
89391;201500058401;0;7;0;0.0;1.0;1.0;1.0;A01
89392;201500058402;0;32;0;12.0;0.0;1.0;1.0;A01
89393;201500058403;0;30;0;0.0;1.0;1.0;13.0;A01
89394;201500058404;0;7;0;0.0;2.0;7.0;1.0;A01
89395;201500058404;0;33;0;0.0;2.0;1.0;9.0;B01
89396;201500058405;0;7;0;0.0;2.0;5.0;1.0;A01
89397;201500058405;0;33;0;0.0;2.0;3.0;21.0;B01
89398;201500058406;0;30;0;0.0;2.0;7.0;1.0;A01
89399;201500058406;0;7;0;0.0;2.0;8.0;15.0;B01
89400;201500058407;0;7;0;0.0;2.0;1.0;21.0;B01
89401;201500058407;0;7;0;0.0;2.0;1.0;21.0;C01
89402;201500058407;0;7;0;0.0;2.0;4.0;1.0;A01
89403;201500058408;0;30;0;0.0;2.0;1.0;17.0;B01
89404;201500058408;0;7;0;0.0;2.0;8.0;24.0;A01
89405;201500058408;0;7;0;0.0;2.0;8.0;10.0;C01
89406;201500058410;0;7;0;0.0;2.0;1.0;13.0;B01
89407;201500058410;0;2;0;0.0;2.0;1.0;1.0;A01
89408;201500058412;0;7;0;0.0;2.0;3.0;5.0;A01
89409;201500058412;0;7;0;0.0;2.0;3.0;1.0;B01
89410;201500058413;0;7;0;0.0;0.0;0.0;0.0;C01
89411;201500058413;0;7;0;0.0;2.0;1.0;13.0;A01
89412;201500058413;0;7;0;0.0;2.0;3.0;24.0;B01
89413;201500058414;0;7;0;0.0;2.0;1.0;9.0;B01
89414;201500058414;0;1;0;0.0;2.0;4.0;1.0;A01
89415;201500058415;0;7;0;0.0;2.0;4.0;1.0;A01
89416;201500058415;0;7;0;0.0;2.0;1.0;21.0;B01
89417;201500058416;1;2;0;0.0;2.0;1.0;2.0;B01
89418;201500058416;0;1;0;0.0;2.0;4.0;1.0;A01
89419;201500058418;0;7;0;0.0;2.0;4.0;1.0;A01
89420;201500058418;0;7;0;0.0;2.0;1.0;21.0;B01
89421;201500058419;0;2;0;0.0;2.0;1.0;1.0;A01
89422;201500058419;0;10;0;0.0;2.0;4.0;9.0;B01
89423;201500058420;0;7;0;0.0;2.0;4.0;1.0;A01
89424;201500058420;0;33;0;0.0;2.0;1.0;21.0;B01
89425;201500058421;0;7;0;0.0;1.0;1.0;1.0;A01
89426;201500058422;0;7;0;0.0;2.0;1.0;1.0;A01
89427;201500058422;0;7;0;0.0;2.0;1.0;13.0;B01
89428;201500058423;0;30;0;0.0;2.0;1.0;1.0;B01
89429;201500058423;0;7;0;0.0;2.0;5.0;15.0;A01
89430;201500058424;0;7;0;0.0;1.0;1.0;11.0;A01
89431;201500058425;0;7;0;0.0;2.0;4.0;20.0;B01
89432;201500058425;0;7;0;0.0;2.0;1.0;1.0;A01
89433;201500058426;0;7;0;0.0;1.0;1.0;1.0;A01
89434;201500058427;0;7;0;0.0;1.0;1.0;1.0;A01
89435;201500058428;0;7;0;0.0;2.0;1.0;2.0;B01
89436;201500058428;0;7;0;0.0;2.0;4.0;1.0;A01
89437;201500058429;0;30;0;0.0;0.0;1.0;0.0;A01
89438;201500058430;0;30;0;0.0;9.0;1.0;21.0;A01
89439;201500058431;0;7;0;0.0;2.0;8.0;15.0;A01
89440;201500058431;0;33;0;0.0;2.0;1.0;17.0;B01
89441;201500058432;0;30;0;13.0;0.0;1.0;21.0;A01
89442;201500058433;0;7;0;16.0;0.0;0.0;21.0;A01
89443;201500058434;0;7;0;0.0;2.0;4.0;1.0;A01
89444;201500058434;0;7;0;0.0;2.0;1.0;2.0;B01
89445;201500058435;0;7;0;0.0;2.0;1.0;13.0;C01
89446;201500058435;0;7;0;0.0;2.0;1.0;1.0;B01
89447;201500058435;0;7;0;0.0;2.0;1.0;1.0;A01
89448;201500058436;0;1;0;13.0;0.0;1.0;21.0;A01
89449;201500058437;0;7;0;0.0;2.0;4.0;1.0;A01
89450;201500058437;0;7;0;0.0;2.0;4.0;1.0;C01
89451;201500058437;0;7;0;0.0;2.0;1.0;1.0;B01
89452;201500058438;0;30;0;14.0;0.0;1.0;0.0;A01
89453;201500058439;0;33;0;13.0;0.0;1.0;1.0;A01
89454;201500058440;0;32;0;0.0;9.0;2.0;2.0;A01
89455;201500058440;0;36;0;0.0;9.0;6.0;0.0;B01
89456;201500058441;0;7;0;0.0;2.0;1.0;15.0;B01
89457;201500058441;0;2;0;0.0;2.0;8.0;15.0;A01
89458;201500058442;0;7;0;0.0;0.0;1.0;13.0;A01
89459;201500058444;0;7;0;0.0;1.0;8.0;1.0;A01
89460;201500058445;0;33;0;0.0;2.0;1.0;1.0;A01
89461;201500058445;0;7;0;0.0;2.0;6.0;15.0;B01
89462;201500058446;0;7;0;0.0;2.0;1.0;2.0;C01
89463;201500058446;0;7;0;0.0;2.0;7.0;0.0;B01
89464;201500058446;0;1;0;16.0;0.0;6.0;1.0;A01
89465;201500058447;0;7;0;0.0;2.0;4.0;2.0;A01
89466;201500058447;0;7;0;0.0;2.0;1.0;2.0;D01
89467;201500058447;0;7;0;0.0;2.0;4.0;2.0;C01
89468;201500058447;0;7;0;0.0;2.0;4.0;2.0;B01
89469;201500058448;0;33;0;0.0;2.0;1.0;2.0;B01
89470;201500058448;0;7;0;0.0;2.0;4.0;2.0;A01
89471;201500058449;0;2;0;13.0;0.0;1.0;17.0;A01
89472;201500058450;0;31;0;0.0;0.0;0.0;14.0;A01
89473;201500058451;1;30;0;16.0;0.0;8.0;1.0;A01
89474;201500058452;0;30;0;0.0;2.0;0.0;3.0;B01
89475;201500058452;0;30;0;0.0;2.0;4.0;2.0;A01
89476;201500058454;0;34;0;0.0;2.0;1.0;0.0;B01
89477;201500058454;0;7;0;14.0;2.0;3.0;9.0;A01
89478;201500058455;0;7;0;0.0;2.0;4.0;2.0;A01
89479;201500058455;0;1;0;0.0;2.0;4.0;2.0;B01
89480;201500058456;0;30;0;11.0;0.0;1.0;0.0;A01
89481;201500058457;2;2;0;0.0;2.0;1.0;12.0;A01
89482;201500058457;0;7;0;0.0;2.0;8.0;1.0;B01
89483;201500058459;0;7;0;0.0;1.0;1.0;1.0;A01
89484;201500058460;0;30;0;0.0;9.0;7.0;16.0;A01
89485;201500058461;0;7;0;0.0;1.0;2.0;2.0;A01
89486;201500058462;0;30;0;11.0;0.0;1.0;0.0;A01
89487;201500058463;0;33;0;16.0;0.0;0.0;0.0;A01
89488;201500058466;1;1;0;0.0;2.0;7.0;21.0;A01
89489;201500058467;0;30;0;0.0;5.0;0.0;0.0;A01
89490;201500058468;1;30;0;0.0;2.0;8.0;18.0;A01
89491;201500058469;0;34;0;16.0;0.0;0.0;0.0;A01
89492;201500058470;0;30;0;0.0;1.0;9.0;21.0;A01
89493;201500058471;0;30;0;0.0;1.0;1.0;0.0;A01
89494;201500058472;0;32;0;0.0;1.0;7.0;1.0;A01
89495;201500058473;0;30;0;0.0;2.0;1.0;2.0;A01
89496;201500058473;0;7;0;0.0;2.0;4.0;2.0;B01
89497;201500058474;0;30;0;0.0;2.0;1.0;17.0;B01
89498;201500058474;0;7;0;0.0;2.0;3.0;1.0;C01
89499;201500058474;0;30;0;0.0;2.0;1.0;17.0;A01
89500;201500058475;0;7;0;0.0;1.0;1.0;0.0;A01
89501;201500058476;0;30;0;11.0;0.0;0.0;0.0;A01
89502;201500058477;0;7;0;0.0;1.0;1.0;0.0;A01
89503;201500058479;0;7;0;0.0;1.0;1.0;0.0;A01
89504;201500058480;0;34;0;0.0;2.0;2.0;0.0;A01
89505;201500058480;0;7;0;0.0;2.0;3.0;15.0;B01
89506;201500058481;0;30;0;0.0;1.0;1.0;1.0;A01
89507;201500058482;0;34;0;11.0;0.0;0.0;13.0;A01
89508;201500058483;0;30;0;0.0;2.0;7.0;1.0;B01
89509;201500058483;0;7;0;0.0;2.0;3.0;17.0;A01
89510;201500058484;1;30;0;0.0;1.0;0.0;0.0;A01
89511;201500058485;0;30;0;1.0;2.0;1.0;14.0;A01
89512;201500058485;0;7;0;0.0;2.0;4.0;0.0;B01
89513;201500058486;0;32;0;0.0;2.0;0.0;17.0;A01
89514;201500058487;0;32;0;0.0;2.0;1.0;13.0;A01
89515;201500058487;0;7;0;0.0;2.0;1.0;0.0;B01
89516;201500058488;0;30;0;0.0;2.0;4.0;1.0;B01
89517;201500058488;0;30;0;0.0;2.0;1.0;1.0;A01
89518;201500058489;0;30;0;11.0;0.0;0.0;0.0;A01
89519;201500058490;0;7;0;0.0;2.0;3.0;0.0;A01
89520;201500058490;0;30;0;0.0;2.0;3.0;17.0;B01
89521;201500058491;0;7;0;0.0;1.0;1.0;0.0;A01
89522;201500058492;0;30;0;0.0;1.0;1.0;0.0;A01
89523;201500058493;0;7;0;0.0;2.0;3.0;9.0;A01
89524;201500058493;0;30;0;0.0;2.0;1.0;0.0;B01
89525;201500058494;0;7;0;0.0;1.0;1.0;0.0;A01
89526;201500058495;1;30;0;0.0;2.0;1.0;13.0;A01
89527;201500058495;0;30;0;0.0;2.0;1.0;0.0;B01
89528;201500058496;0;7;0;0.0;1.0;2.0;0.0;A01
89529;201500058497;0;32;0;0.0;2.0;1.0;2.0;A01
89530;201500058497;0;7;0;0.0;2.0;3.0;10.0;B01
89531;201500058498;0;7;0;0.0;2.0;7.0;15.0;A01
89532;201500058498;0;30;0;0.0;2.0;1.0;0.0;B01
89533;201500058499;0;7;0;0.0;2.0;4.0;2.0;A01
89534;201500058499;0;30;0;0.0;2.0;0.0;2.0;B01
89535;201500058500;0;33;0;0.0;1.0;1.0;0.0;A01
89536;201500058501;0;7;0;0.0;2.0;3.0;15.0;A01
89537;201500058501;0;30;0;0.0;2.0;1.0;1.0;B01
89538;201500058502;0;7;0;0.0;2.0;1.0;2.0;A01
89539;201500058502;0;30;0;0.0;0.0;4.0;2.0;B01
89540;201500058503;0;7;0;1.0;2.0;4.0;0.0;A01
89541;201500058503;0;30;0;1.0;0.0;4.0;0.0;B01
89542;201500058504;0;7;0;16.0;0.0;1.0;15.0;A01
89543;201500058505;0;30;0;0.0;2.0;1.0;1.0;B01
89544;201500058505;1;7;0;0.0;2.0;3.0;15.0;A01
89545;201500058506;0;7;0;0.0;2.0;1.0;13.0;A01
89546;201500058506;0;7;0;0.0;2.0;1.0;13.0;B01
89547;201500058507;0;7;0;11.0;0.0;0.0;0.0;A01
89548;201500058508;0;30;0;0.0;2.0;1.0;13.0;A01
89549;201500058508;0;7;0;0.0;2.0;3.0;0.0;B01
89550;201500058510;0;7;0;0.0;1.0;1.0;14.0;A01
89551;201500058511;0;30;0;0.0;1.0;1.0;13.0;A01
89552;201500058511;0;7;0;0.0;2.0;3.0;1.0;B01
89553;201500058512;0;30;0;0.0;2.0;1.0;13.0;A01
89554;201500058512;0;7;0;0.0;2.0;1.0;0.0;B01
89555;201500058513;0;30;0;0.0;0.0;0.0;14.0;A01
89556;201500058514;0;7;0;0.0;2.0;3.0;17.0;A01
89557;201500058514;0;30;0;0.0;2.0;1.0;0.0;B01
89558;201500058515;1;30;0;0.0;0.0;1.0;0.0;A01
89559;201500058516;0;7;0;0.0;1.0;6.0;4.0;A01
89560;201500058517;0;7;0;0.0;1.0;3.0;0.0;A01
89561;201500058518;0;30;0;0.0;2.0;4.0;2.0;A01
89562;201500058518;0;7;0;0.0;2.0;1.0;2.0;B01
89563;201500058519;0;7;0;0.0;1.0;1.0;0.0;A01
89564;201500058520;1;2;0;0.0;2.0;1.0;2.0;A01
89565;201500058520;0;30;0;0.0;2.0;8.0;10.0;B01
89566;201500058521;1;7;0;0.0;2.0;4.0;2.0;A01
89567;201500058521;0;30;0;0.0;2.0;1.0;2.0;B01
89568;201500058522;0;7;0;0.0;2.0;5.0;17.0;A01
89569;201500058522;0;2;0;0.0;2.0;1.0;2.0;B01
89570;201500058523;0;7;0;0.0;1.0;3.0;1.0;A01
89571;201500058525;0;32;0;0.0;0.0;1.0;1.0;A01
89572;201500058526;0;7;0;0.0;2.0;3.0;1.0;A01
89573;201500058526;0;7;0;0.0;2.0;1.0;13.0;B01
89574;201500058527;0;7;0;0.0;2.0;3.0;17.0;A01
89575;201500058527;0;7;0;0.0;2.0;4.0;1.0;B01
89576;201500058527;0;30;0;0.0;2.0;1.0;1.0;C01
89577;201500058528;0;15;0;0.0;2.0;0.0;1.0;A01
89578;201500058528;0;30;0;11.0;0.0;1.0;1.0;B01
89579;201500058531;1;7;0;0.0;2.0;3.0;17.0;A01
89580;201500058531;0;34;0;0.0;2.0;1.0;15.0;B01
89581;201500058532;0;30;0;0.0;1.0;1.0;1.0;A01
89582;201500058533;0;7;0;0.0;1.0;1.0;1.0;A01
89583;201500058534;0;7;0;0.0;1.0;1.0;1.0;A01
89584;201500058535;0;2;0;0.0;2.0;1.0;17.0;A01
89585;201500058535;0;7;0;0.0;2.0;3.0;2.0;B01
89586;201500058536;0;7;0;0.0;1.0;1.0;15.0;A01
89587;201500058537;0;7;0;0.0;0.0;0.0;15.0;A01
89588;201500058538;0;31;0;0.0;2.0;1.0;1.0;A01
89589;201500058538;0;30;0;0.0;2.0;8.0;19.0;B01
89590;201500058541;0;7;0;0.0;0.0;1.0;14.0;A01
89591;201500058542;0;32;0;0.0;2.0;3.0;1.0;A01
89592;201500058542;0;7;0;0.0;2.0;2.0;15.0;B01
89593;201500058543;0;30;0;0.0;2.0;1.0;13.0;B01
89594;201500058543;0;7;0;0.0;2.0;3.0;1.0;A01
89595;201500058544;0;7;0;0.0;0.0;9.0;14.0;A01
89596;201500058546;0;7;0;0.0;1.0;1.0;1.0;A01
89597;201500058547;0;31;0;0.0;2.0;1.0;1.0;A01
89598;201500058547;0;7;0;0.0;2.0;4.0;1.0;B01
89599;201500058549;0;7;0;0.0;2.0;1.0;13.0;A01
89600;201500058549;0;7;0;0.0;2.0;1.0;1.0;B01
89601;201500058551;0;7;0;0.0;2.0;1.0;1.0;A01
89602;201500058552;1;7;0;0.0;2.0;2.0;10.0;B01
89603;201500058552;0;30;0;0.0;2.0;1.0;1.0;A01
89604;201500058554;0;7;0;0.0;1.0;8.0;0.0;A01
89605;201500058555;0;30;0;0.0;1.0;1.0;1.0;A01
89606;201500058557;0;2;0;0.0;2.0;1.0;13.0;A01
89607;201500058557;0;7;0;0.0;2.0;1.0;1.0;B01
89608;201500058558;0;32;0;0.0;2.0;8.0;15.0;B01
89609;201500058558;0;7;0;0.0;2.0;8.0;15.0;A01
89610;201500058559;0;7;0;0.0;2.0;3.0;15.0;A01
89611;201500058559;0;30;0;0.0;2.0;1.0;1.0;B01
89612;201500058561;0;7;0;0.0;2.0;3.0;15.0;A01
89613;201500058561;0;32;0;0.0;2.0;1.0;17.0;B01
89614;201500058562;0;7;0;0.0;1.0;1.0;1.0;A01
89615;201500058563;0;7;0;0.0;1.0;1.0;1.0;A01
89616;201500058564;0;30;0;0.0;1.0;1.0;13.0;A01
89617;201500058565;0;7;0;0.0;1.0;2.0;1.0;A01
89618;201500058566;0;30;0;0.0;2.0;1.0;17.0;A01
89619;201500058566;0;7;0;0.0;2.0;3.0;15.0;B01
89620;201500058567;0;31;0;7.0;1.0;2.0;14.0;A01
89621;201500058568;0;7;0;0.0;0.0;1.0;13.0;A01
89622;201500058569;0;7;0;0.0;1.0;1.0;16.0;A01
89623;201500058570;1;7;0;0.0;2.0;2.0;10.0;A01
89624;201500058570;0;30;0;0.0;2.0;1.0;1.0;B01
89625;201500058572;0;30;0;0.0;2.0;1.0;17.0;A01
89626;201500058572;0;30;0;0.0;2.0;8.0;0.0;B01
89627;201500058574;0;7;0;0.0;1.0;2.0;14.0;A01
89628;201500058576;0;10;0;0.0;1.0;2.0;1.0;A01
89629;201500058578;0;30;0;0.0;1.0;1.0;1.0;A01
89630;201500058579;0;30;0;0.0;5.0;1.0;1.0;A01
89631;201500058580;0;30;0;0.0;2.0;1.0;9.0;A01
89632;201500058580;0;32;0;0.0;2.0;3.0;1.0;B01
89633;201500058581;0;30;0;0.0;2.0;1.0;1.0;A01
89634;201500058581;0;7;0;0.0;2.0;3.0;15.0;B01
89635;201500058582;1;30;0;14.0;0.0;0.0;0.0;A01
89636;201500058583;0;7;0;0.0;1.0;1.0;1.0;A01
89637;201500058584;0;1;0;0.0;9.0;1.0;2.0;A01
89638;201500058584;0;1;0;0.0;9.0;4.0;1.0;B01
89639;201500058585;0;31;0;0.0;2.0;1.0;2.0;A01
89640;201500058585;0;7;0;0.0;2.0;6.0;2.0;B01
89641;201500058586;0;30;0;0.0;1.0;1.0;1.0;A01
89642;201500058587;0;7;0;0.0;2.0;2.0;14.0;A01
89643;201500058587;0;2;0;0.0;2.0;3.0;1.0;B01
89644;201500058588;0;7;0;0.0;1.0;2.0;1.0;A01
89645;201500058589;0;30;0;14.0;0.0;0.0;13.0;A01
89646;201500058590;0;7;0;0.0;2.0;3.0;15.0;A01
89647;201500058590;0;30;0;0.0;2.0;1.0;17.0;B01
89648;201500058591;0;30;0;0.0;2.0;3.0;17.0;A01
89649;201500058591;0;7;0;0.0;2.0;3.0;1.0;B01
89650;201500058593;0;32;0;16.0;0.0;7.0;1.0;A01
89651;201500058594;0;7;0;0.0;2.0;6.0;15.0;A01
89652;201500058594;0;30;0;0.0;2.0;1.0;1.0;B01
89653;201500058595;0;7;0;0.0;2.0;3.0;15.0;A01
89654;201500058595;0;30;0;0.0;2.0;1.0;1.0;B01
89655;201500058596;0;32;0;16.0;0.0;8.0;14.0;A01
89656;201500058597;0;7;0;0.0;1.0;2.0;1.0;A01
89657;201500058598;1;7;0;0.0;2.0;0.0;0.0;A01
89658;201500058598;0;32;0;0.0;2.0;8.0;0.0;B01
89659;201500058599;0;7;0;0.0;2.0;1.0;17.0;A01
89660;201500058599;0;31;0;0.0;2.0;1.0;1.0;B01
89661;201500058600;1;7;0;0.0;2.0;3.0;13.0;A01
89662;201500058600;0;30;0;0.0;2.0;1.0;1.0;B01
89663;201500058601;0;7;0;0.0;1.0;2.0;1.0;A01
89664;201500058602;0;30;0;0.0;1.0;1.0;1.0;A01
89665;201500058604;0;30;0;11.0;0.0;1.0;13.0;A01
89666;201500058605;0;30;0;16.0;0.0;0.0;0.0;A01
89667;201500058606;1;30;0;0.0;2.0;4.0;1.0;A01
89668;201500058606;0;7;0;0.0;2.0;1.0;1.0;B01
89669;201500058607;1;7;0;0.0;1.0;1.0;1.0;A01
89670;201500058608;0;7;0;0.0;1.0;3.0;1.0;A01
89671;201500058609;0;30;0;0.0;2.0;8.0;10.0;A01
89672;201500058609;0;2;0;0.0;2.0;1.0;17.0;B01
89673;201500058610;0;30;0;0.0;2.0;8.0;1.0;B01
89674;201500058610;0;7;0;0.0;2.0;1.0;9.0;A01
89675;201500058612;0;33;0;16.0;2.0;1.0;1.0;A01
89676;201500058612;0;7;0;16.0;2.0;4.0;1.0;B01
89677;201500058613;0;7;0;16.0;2.0;2.0;15.0;A01
89678;201500058613;0;30;0;16.0;2.0;1.0;1.0;B01
89679;201500058615;0;30;0;14.0;0.0;8.0;1.0;A01
89680;201500058616;0;15;0;0.0;9.0;2.0;14.0;A01
89681;201500058616;0;1;0;0.0;2.0;1.0;1.0;B01
89682;201500058617;0;33;0;0.0;2.0;1.0;17.0;A01
89683;201500058617;0;32;0;0.0;2.0;1.0;1.0;B01
89684;201500058619;0;30;0;0.0;9.0;1.0;17.0;A01
89685;201500058619;0;7;0;0.0;2.0;3.0;1.0;B01
89686;201500058620;0;30;0;0.0;2.0;1.0;1.0;A01
89687;201500058620;0;7;0;0.0;2.0;4.0;1.0;B01
89688;201500058621;0;7;0;0.0;1.0;3.0;13.0;A01
89689;201500058622;0;7;0;0.0;2.0;3.0;10.0;A01
89690;201500058622;0;30;0;0.0;2.0;1.0;1.0;B01
89691;201500058624;0;32;0;0.0;2.0;1.0;13.0;A01
89692;201500058624;0;7;0;0.0;2.0;1.0;1.0;B01
89693;201500058625;0;30;0;0.0;1.0;1.0;1.0;A01
89694;201500058626;0;1;0;0.0;1.0;1.0;0.0;A01
89695;201500058627;0;30;0;0.0;2.0;1.0;1.0;A01
89696;201500058627;0;7;0;0.0;2.0;4.0;4.0;B01
89697;201500058628;0;7;0;0.0;2.0;5.0;1.0;A01
89698;201500058628;0;30;0;0.0;2.0;1.0;1.0;B01
89699;201500058629;0;1;0;1.0;0.0;1.0;15.0;A01
89700;201500058629;0;7;0;0.0;2.0;6.0;0.0;B01
89701;201500058630;0;30;0;0.0;2.0;1.0;17.0;A01
89702;201500058630;0;7;0;0.0;2.0;3.0;15.0;B01
89703;201500058631;0;7;0;0.0;1.0;3.0;1.0;A01
89704;201500058632;0;7;0;0.0;1.0;3.0;1.0;A01
89705;201500058633;0;32;0;0.0;2.0;1.0;2.0;A01
89706;201500058633;0;7;0;0.0;2.0;4.0;2.0;B01
89707;201500058634;0;32;0;0.0;2.0;1.0;17.0;A01
89708;201500058634;0;30;0;0.0;2.0;1.0;1.0;B01
89709;201500058635;0;30;0;16.0;0.0;7.0;0.0;A01
89710;201500058636;0;32;0;0.0;2.0;8.0;13.0;A01
89711;201500058637;0;30;0;0.0;2.0;7.0;0.0;A01
89712;201500058637;0;7;0;0.0;2.0;2.0;15.0;B01
89713;201500058638;0;7;0;0.0;1.0;3.0;1.0;A01
89714;201500058640;0;7;0;0.0;1.0;3.0;1.0;A01
89715;201500058641;0;7;0;0.0;1.0;3.0;1.0;A01
89716;201500058642;0;7;0;0.0;2.0;6.0;10.0;A01
89717;201500058642;0;31;0;0.0;2.0;1.0;1.0;B01
89718;201500058643;0;2;0;0.0;2.0;1.0;1.0;A01
89719;201500058643;0;30;0;0.0;2.0;4.0;0.0;B01
89720;201500058643;0;30;0;0.0;2.0;1.0;1.0;C01
89721;201500058644;0;7;0;0.0;2.0;3.0;13.0;A01
89722;201500058644;0;30;0;0.0;2.0;1.0;1.0;B01
89723;201500058645;0;32;0;0.0;1.0;1.0;1.0;A01
89724;201500058646;0;2;0;0.0;1.0;1.0;1.0;A01
89725;201500058647;0;7;0;0.0;2.0;1.0;13.0;A01
89726;201500058647;0;7;0;0.0;2.0;1.0;1.0;B01
89727;201500058648;0;15;0;0.0;2.0;7.0;15.0;A01
89728;201500058648;0;1;0;0.0;2.0;8.0;15.0;B01
89729;201500058650;0;30;0;11.0;0.0;7.0;14.0;A01
89730;201500058651;0;7;0;0.0;1.0;1.0;1.0;A01
89731;201500058652;1;7;0;0.0;2.0;1.0;17.0;A01
89732;201500058652;1;30;0;0.0;2.0;1.0;1.0;B01
89733;201500058653;0;7;0;0.0;1.0;2.0;1.0;A01
89734;201500058654;0;30;0;0.0;2.0;1.0;1.0;A01
89735;201500058654;0;10;0;0.0;9.0;4.0;1.0;B01